text,url,lexicon_0,lexicon_1,lexicon_2,lexicon_3,lexicon_4,meaning_0,meaning_1,meaning_2,meaning_3,text_transformed,Lema,merged_lexicon,merged_meanings
כלהן,getlex.php?coord=4440320110301&word=2,n.(pr.),,,,,"all, every",,,,,kl,n.(pr.),"all, every"
לה,getlex.php?coord=4440320110301&word=1,,,,,,,,,,,,,
ואמרו,getlex.php?coord=4440320110301&word=0,conj. vb. a/a G Gt,,,,,"and, also",to say,,,,w_,conj. vb. a/a G Gt,"and, also | to say"
,getlex.php?coord=4440320110217&word=3,,,,,,,,,,,,,
٠٠٠٠,getlex.php?coord=4440320110217&word=2,,,,,,,,,,,,,
]ו֗לכל[,getlex.php?coord=4440320110217&word=1,conj. n.(pr.),,,,,"and, also","all, every",,,,w_,conj. n.(pr.),"and, also | all, every"
[٠٠٠,getlex.php?coord=4440320110217&word=0,,,,,,,,,,,,,
,getlex.php?coord=4440320110216&word=6,,,,,,,,,,,,,
٠٠٠٠,getlex.php?coord=4440320110216&word=5,,,,,,,,,,,,,
ל֗[כל,getlex.php?coord=4440320110216&word=4,n.(pr.),,,,,"all, every",,,,,kl,n.(pr.),"all, every"
,getlex.php?coord=4440320110617&word=3,,,,,,,,,,,,,
٠٠٠٠,getlex.php?coord=4440320110617&word=2,,,,,,,,,,,,,
[٠٠٠٠,getlex.php?coord=4440320440007&word=0,,,,,,,,,,,,,
,getlex.php?coord=4440320520330&word=3,,,,,,,,,,,,,
,getlex.php?coord=4440320640321&word=4,,,,,,,,,,,,,
,getlex.php?coord=4440320700105&word=4,,,,,,,,,,,,,
,getlex.php?coord=4440321210526&word=2,,,,,,,,,,,,,
٠٠٠٠,getlex.php?coord=4440321210526&word=1,,,,,,,,,,,,,
א[נושא,getlex.php?coord=4440321210526&word=0,n.m.,,,,,human being,,,,,ˀnwš,n.m.,human being
,getlex.php?coord=4440321210525&word=3,,,,,,,,,,,,,
٠٠٠٠,getlex.php?coord=4440321210525&word=2,,,,,,,,,,,,,
ק֗שט֗[א,getlex.php?coord=4440321210525&word=1,n.m.,,,,,"honesty, truth",,,,,qšwṭ,n.m.,"honesty, truth"
ארחת,getlex.php?coord=4440321210525&word=0,n.f.,,,,,"way, road",,,,,ˀwrḥ,n.f.,"way, road"
,getlex.php?coord=4440321210524&word=6,,,,,,,,,,,,,
[٠٠٠٠,getlex.php?coord=4440321210524&word=5,,,,,,,,,,,,,
ב֗נ֗י֗,getlex.php?coord=4440321210524&word=4,n.m.,,,,,son,,,,,br,n.m.,son
אמר,getlex.php?coord=4440321210524&word=3,vb. a/a G Gt,,,,,to say,,,,,ˀmr,vb. a/a G Gt,to say
אנה,getlex.php?coord=4440321210524&word=2,pron.,,,,,I,,,,,ˀnh,pron.,I
לכון,getlex.php?coord=4440321210524&word=1,,,,,,,,,,,,,
וכען,getlex.php?coord=4440321210524&word=0,conj. adv.,,,,,"and, also",now,,,,w_,conj. adv.,"and, also | now"
,getlex.php?coord=4440321210523&word=6,,,,,,,,,,,,,
٠٠٠٠,getlex.php?coord=4440321210523&word=5,,,,,,,,,,,,,
סמכי֗[ן,getlex.php?coord=4440321210523&word=4,vb. a/u G D C Gt Dt,,,,,"to prop up, to support",,,,,smk,vb. a/u G D C Gt Dt,"to prop up, to support"
אנון,getlex.php?coord=4440321210523&word=3,pron.,,,,,"they, them",,,,,ˀnwn,pron.,"they, them"
והיכה,getlex.php?coord=4440321210523&word=2,conj. adv.,,,,,"and, also",how,,,,w_,conj. adv.,"and, also | how"
רומהון,getlex.php?coord=4440321210523&word=1,n.m.,,,,,height,,,,,rwm,n.m.,height
הוא,getlex.php?coord=4440321210523&word=0,pron.,,,,,he,,,,,hwˀ,pron.,he
,getlex.php?coord=4440321210522&word=8,,,,,,,,,,,,,
٠٠٠٠,getlex.php?coord=4440321210522&word=7,,,,,,,,,,,,,
יכ֗[ל,getlex.php?coord=4440321210522&word=6,vb. e/u G C,,,,,to be able,,,,,ykl,vb. e/u G C,to be able
די,getlex.php?coord=4440321210522&word=5,,,,,,,,,,,,,
אנוש,getlex.php?coord=4440321210522&word=4,n.m.,,,,,human being,,,,,ˀnwš,n.m.,human being
כול,getlex.php?coord=4440321210522&word=3,n.(pr.),,,,,"all, every",,,,,kl,n.(pr.),"all, every"
הוא,getlex.php?coord=4440321210522&word=2,pron.,,,,,he,,,,,hwˀ,pron.,he
ומנו,getlex.php?coord=4440321210522&word=1,conj. pron.,,,,,"and, also",who?,,,,w_,conj. pron.,"and, also | who?"
וצרתה,getlex.php?coord=4440321210522&word=0,conj. n.f.,,,,,"and, also",image; circle,,,,w_,conj. n.f.,"and, also | image; circle"
,getlex.php?coord=4440321210521&word=7,,,,,,,,,,,,,
[٠٠٠٠,getlex.php?coord=4440321210521&word=6,,,,,,,,,,,,,
או֗,getlex.php?coord=4440321210521&word=5,conj.,,,,,or,,,,,ˀw,conj.,or
כולה,getlex.php?coord=4440321210521&word=4,n.(pr.),,,,,"all, every",,,,,kl,n.(pr.),"all, every"
ארעא,getlex.php?coord=4440321210521&word=3,n.f.,,,,,ground; land; Earth,,,,,ˀrˁ,n.f.,ground; land; Earth
די,getlex.php?coord=4440321210521&word=2,,,,,,,,,,,,,
ופתי֗ה֗,getlex.php?coord=4440321210521&word=1,conj. v.n.,,,,,"and, also",width,,,,w_,conj. v.n.,"and, also | width"
אורכה,getlex.php?coord=4440321210521&word=0,n.m.,,,,,length,,,,,ˀwrk,n.m.,length
,getlex.php?coord=4440321210520&word=8,,,,,,,,,,,,,
[٠٠٠,getlex.php?coord=4440321210520&word=7,,,,,,,,,,,,,
יכל,getlex.php?coord=4440321210520&word=6,vb. e/u G C,,,,,to be able,,,,,ykl,vb. e/u G C,to be able
די,getlex.php?coord=4440321210520&word=5,,,,,,,,,,,,,
א]נוש,getlex.php?coord=4440321210520&word=4,n.m.,,,,,human being,,,,,ˀnwš,n.m.,human being
[٠٠٠٠,getlex.php?coord=4440321210520&word=3,,,,,,,,,,,,,
הוא,getlex.php?coord=4440321210520&word=2,pron.,,,,,he,,,,,hwˀ,pron.,he
מנו,getlex.php?coord=4440321210520&word=1,pron.,,,,,who?,,,,,mn,pron.,who?
או,getlex.php?coord=4440321210520&word=0,conj.,,,,,or,,,,,ˀw,conj.,or
,getlex.php?coord=4440321210519&word=3,,,,,,,,,,,,,
٠٠٠٠,getlex.php?coord=4440321210519&word=2,,,,,,,,,,,,,
למת֗[ניה,getlex.php?coord=4440321210519&word=1,vb. a/e G D C Gt Dt,,,,,to repeat,,,,,tny,vb. a/e G D C Gt Dt,to repeat
למתב,getlex.php?coord=4440321210519&word=0,vb. a/u G C Ct palpel ethpalpal,,,,,to return,,,,,twb,vb. a/u G C Ct palpel ethpalpal,to return
,getlex.php?coord=4440321210518&word=6,,,,,,,,,,,,,
٠٠٠٠,getlex.php?coord=4440321210518&word=5,,,,,,,,,,,,,
י֗תנח֗[ון,getlex.php?coord=4440321210518&word=4,vb. a/u G D C Ct,,,,,to rest,,,,,nwḥ,vb. a/u G D C Ct,to rest
]ע֗[ליהו]ן֗,getlex.php?coord=4440321210518&word=3,prep.,,,,,upon; against; to,,,,,ˁl,prep.,upon; against; to
אנ[ון,getlex.php?coord=4440321210518&word=2,pron.,,,,,"they, them",,,,,ˀnwn,pron.,"they, them"
די,getlex.php?coord=4440321210518&word=1,,,,,,,,,,,,,
זויא,getlex.php?coord=4440321210518&word=0,n.m.,,,,,appearance; splendor,,,,,zyw,n.m.,appearance; splendor
,getlex.php?coord=4440321210517&word=7,,,,,,,,,,,,,
[٠٠٠٠,getlex.php?coord=4440321210517&word=6,,,,,,,,,,,,,
ד֗י֗,getlex.php?coord=4440321210517&word=5,,,,,,,,,,,,,
אנוש,getlex.php?coord=4440321210517&word=4,n.m.,,,,,human being,,,,,ˀnwš,n.m.,human being
כול,getlex.php?coord=4440321210517&word=3,n.(pr.),,,,,"all, every",,,,,kl,n.(pr.),"all, every"
הוא,getlex.php?coord=4440321210517&word=2,pron.,,,,,he,,,,,hwˀ,pron.,he
מ֗נו,getlex.php?coord=4440321210517&word=1,pron.,,,,,who?,,,,,mn,pron.,who?
או,getlex.php?coord=4440321210517&word=0,conj.,,,,,or,,,,,ˀw,conj.,or
,getlex.php?coord=4440321210516&word=6,,,,,,,,,,,,,
٠٠٠٠,getlex.php?coord=4440321210516&word=5,,,,,,,,,,,,,
קדשא֗[,getlex.php?coord=4440321210516&word=4,n.m.,,,,,holiness,,,,,qdwš,n.m.,holiness
מ֗ל֗י,getlex.php?coord=4440321210516&word=3,n.f.,,,,,"word, speech; thing",,,,,mlh,n.f.,"word, speech; thing"
ישמע,getlex.php?coord=4440321210516&word=2,vb. a/a(u) G D C Gt,,,,,to hear,,,,,šmˁ,vb. a/a(u) G D C Gt,to hear
יכל֗,getlex.php?coord=4440321210516&word=1,vb. e/u G C,,,,,to be able,,,,,ykl,vb. e/u G C,to be able
[ד]י,getlex.php?coord=4440321210516&word=0,,,,,,,,,,,,,
,getlex.php?coord=4440321210515&word=6,,,,,,,,,,,,,
[٠٠٠٠,getlex.php?coord=4440321210515&word=5,,,,,,,,,,,,,
ב֗ט֗ע֗ם֗,getlex.php?coord=4440321210515&word=4,prep. n.m.,,,,,"in, with",taste; order,,,,b_,prep. n.m.,"in, with | taste; order"
מה֗,getlex.php?coord=4440321210515&word=3,pron.,,,,,what?,,,,,mh,pron.,what?
ינדע,getlex.php?coord=4440321210515&word=2,vb. a/a G C Gt Ct quad quad T,,,,,to know,,,,,ydˁ,vb. a/a G C Gt Ct quad quad T,to know
יכ]ל֗,getlex.php?coord=4440321210515&word=1,vb. e/u G C,,,,,to be able,,,,,ykl,vb. e/u G C,to be able
[٠٠٠,getlex.php?coord=4440321210515&word=0,,,,,,,,,,,,,
,getlex.php?coord=4440321210426&word=8,,,,,,,,,,,,,
יעבדון,getlex.php?coord=4440321210426&word=7,vb. a/e G D C Gt Ct quad,,,,,"to make, act, do",,,,,ˁbd,vb. a/e G D C Gt Ct quad,"to make, act, do"
וקש]טא,getlex.php?coord=4440321210426&word=6,conj. n.m.,,,,,"and, also","honesty, truth",,,,w_,conj. n.m.,"and, also | honesty, truth"
٠٠٠٠,getlex.php?coord=4440321210426&word=5,,,,,,,,,,,,,
מ֗[נינהון,getlex.php?coord=4440321210426&word=4,n.m.,,,,,"number, amount",,,,,mnyn,n.m.,"number, amount"
לכול,getlex.php?coord=4440321210426&word=3,n.(pr.),,,,,"all, every",,,,,kl,n.(pr.),"all, every"
סוף,getlex.php?coord=4440321210426&word=2,n.m.,,,,,end,,,,,swp,n.m.,end
]איתי,getlex.php?coord=4440321210426&word=1,vb./adv.,,,,,"there is, exists",,,,,ˀyt,vb./adv.,"there is, exists"
[٠٠٠٠,getlex.php?coord=4440321210426&word=0,,,,,,,,,,,,,
,getlex.php?coord=4440321210424&word=13,,,,,,,,,,,,,
שגי,getlex.php?coord=4440321210424&word=12,,,,,,,,,,,,,
ש]ב֗עין,getlex.php?coord=4440321210424&word=11,n.m.,,,,,week,,,,,šbwˁ,n.m.,week
٠٠٠٠,getlex.php?coord=4440321210424&word=10,,,,,,,,,,,,,
עלמי[ן,getlex.php?coord=4440321210424&word=9,n.m.,,,,,eternity; world,,,,,ˁlm,n.m.,eternity; world
לכול,getlex.php?coord=4440321210424&word=8,n.(pr.),,,,,"all, every",,,,,kl,n.(pr.),"all, every"
ודנחין,getlex.php?coord=4440321210424&word=7,vb. a/a(u) G C Dt,,,,,to shine,,,,,dnḥ,vb. a/a(u) G C Dt,to shine
צ֗[הר]ין,getlex.php?coord=4440321210424&word=6,vb. G C,,,,,to understand,,,,,ṣhr,vb. G C,to understand
שמיא,getlex.php?coord=4440321210424&word=5,n.m.pl.t.,,,,,heaven; ceiling,,,,,šmyn,n.m.pl.t.,heaven; ceiling
٠٠٠٠],getlex.php?coord=4440321210424&word=4,,,,,,,,,,,,,
ושמ֗[ין,getlex.php?coord=4440321210424&word=3,conj. n.m.pl.t.,,,,,"and, also",heaven; ceiling,,,,w_,conj. n.m.pl.t.,"and, also | heaven; ceiling"
יעברון,getlex.php?coord=4440321210424&word=2,vb. a/a G D C Gt Dt Ct,,,,,to cross over,,,,,ˁbr,vb. a/a G D C Gt Dt Ct,to cross over
בה,getlex.php?coord=4440321210424&word=1,prep.,,,,,"in, with",,,,,b_,prep.,"in, with"
קדמין,getlex.php?coord=4440321210424&word=0,adj.,,,,,first,,,,,qdmy,adj.,first
,getlex.php?coord=4440321210423&word=7,,,,,,,,,,,,,
ושמין,getlex.php?coord=4440321210423&word=6,conj. n.m.pl.t.,,,,,"and, also",heaven; ceiling,,,,w_,conj. n.m.pl.t.,"and, also | heaven; ceiling"
٠٠٠٠],getlex.php?coord=4440321210423&word=5,,,,,,,,,,,,,
רבא֗[,getlex.php?coord=4440321210423&word=4,adj.,,,,,"great, big",,,,,rb,adj.,"great, big"
דינא,getlex.php?coord=4440321210423&word=3,n.m.,,,,,judgment,,,,,dyn,n.m.,judgment
וקץ,getlex.php?coord=4440321210423&word=2,conj. n.m.,,,,,"and, also",end,,,,w_,conj. n.m.,"and, also | end"
עלמא,getlex.php?coord=4440321210423&word=1,n.m.,,,,,eternity; world,,,,,ˁlm,n.m.,eternity; world
דין,getlex.php?coord=4440321210423&word=0,n.m.,,,,,judgment,,,,,dyn,n.m.,judgment
,getlex.php?coord=4440321210422&word=5,,,,,,,,,,,,,
[٠٠٠٠]ע֗ה,getlex.php?coord=4440321210422&word=4,,,,,,,,,,,,,
ומן,getlex.php?coord=4440321210422&word=3,conj. prep.,,,,,"and, also",from,,,,w_,conj. prep.,"and, also | from"
עלמא,getlex.php?coord=4440321210422&word=2,n.m.,,,,,eternity; world,,,,,ˁlm,n.m.,eternity; world
קשט,getlex.php?coord=4440321210422&word=1,n.m.,,,,,"honesty, truth",,,,,qšwṭ,n.m.,"honesty, truth"
לארח,getlex.php?coord=4440321210422&word=0,n.f.,,,,,"way, road",,,,,ˀwrḥ,n.f.,"way, road"
,getlex.php?coord=4440321210421&word=6,,,,,,,,,,,,,
]כ֗להון,getlex.php?coord=4440321210421&word=5,n.(pr.),,,,,"all, every",,,,,kl,n.(pr.),"all, every"
[٠٠٠٠,getlex.php?coord=4440321210421&word=4,,,,,,,,,,,,,
לבור,getlex.php?coord=4440321210421&word=3,adj.,,,,,"wild, uncultivated",,,,,bwr,adj.,"wild, uncultivated"
וירמון,getlex.php?coord=4440321210421&word=2,conj. vb. G D C Gt Ct,,,,,"and, also",to throw; put down,,,,w_,conj. vb. G D C Gt Ct,"and, also | to throw; put down"
כולה,getlex.php?coord=4440321210421&word=1,n.(pr.),,,,,"all, every",,,,,kl,n.(pr.),"all, every"
ארעא,getlex.php?coord=4440321210421&word=0,n.f.,,,,,ground; land; Earth,,,,,ˀrˁ,n.f.,ground; land; Earth
,getlex.php?coord=4440321210420&word=9,,,,,,,,,,,,,
כול,getlex.php?coord=4440321210420&word=8,n.(pr.),,,,,"all, every",,,,,kl,n.(pr.),"all, every"
מן,getlex.php?coord=4440321210420&word=7,prep.,,,,,from,,,,,mn,prep.,from
٠٠٠٠]ן֗,getlex.php?coord=4440321210420&word=6,,,,,,,,,,,,,
עב֗[די,getlex.php?coord=4440321210420&word=5,vb. a/e G D C Gt Ct quad,,,,,"to make, act, do",,,,,ˁbd,vb. a/e G D C Gt Ct quad,"to make, act, do"
וכול,getlex.php?coord=4440321210420&word=4,conj. n.(pr.),,,,,"and, also","all, every",,,,w_,conj. n.(pr.),"and, also | all, every"
כלה,getlex.php?coord=4440321210420&word=3,n.(pr.),,,,,"all, every",,,,,kl,n.(pr.),"all, every"
ארעא,getlex.php?coord=4440321210420&word=2,n.f.,,,,,ground; land; Earth,,,,,ˀrˁ,n.f.,ground; land; Earth
בני,getlex.php?coord=4440321210420&word=1,n.m.,,,,,son,,,,,br,n.m.,son
לכול,getlex.php?coord=4440321210420&word=0,n.(pr.),,,,,"all, every",,,,,kl,n.(pr.),"all, every"
,getlex.php?coord=4440321210419&word=7,vb. a/e G D C Gt Dt Ct,,,,,to uncover; D to exile,,,,,gly,vb. a/e G D C Gt Dt Ct,to uncover; D to exile
]י֗תגלא,getlex.php?coord=4440321210419&word=6,,,,,,,,,,,,,
٠٠٠٠,getlex.php?coord=4440321210419&word=5,conj. n.m.,,,,,"and, also",judgment,,,,w_,conj. n.m.,"and, also | judgment"
ו]ד֗[ין,getlex.php?coord=4440321210419&word=4,conj. n.m.,,,,,"and, also","honesty, truth",,,,w_,conj. n.m.,"and, also | honesty, truth"
וק[שוט,getlex.php?coord=4440321210419&word=3,adj.,,,,,ninth,,,,,tšyˁy,adj.,ninth
תשעי,getlex.php?coord=4440321210419&word=2,n.m.,,,,,seventh,,,,,šbyˁ,n.m.,seventh
שבוע֗,getlex.php?coord=4440321210419&word=1,n.m.,,,,,week,,,,,šbwˁ,n.m.,week
ומן בתרה,getlex.php?coord=4440321210419&word=0,conj. prep./conj,,,,,"and, also",after,,,,w_,conj. prep./conj,"and, also | after"
,getlex.php?coord=4440321210418&word=9,,,,,,,,,,,,,
עלמין,getlex.php?coord=4440321210418&word=8,n.m.,,,,,eternity; world,,,,,ˁlm,n.m.,eternity; world
ד֗רי,getlex.php?coord=4440321210418&word=7,n.m.,,,,,"age, generation; row",,,,,dr,n.m.,"age, generation; row"
לכ֗ו֗ל,getlex.php?coord=4440321210418&word=6,n.(pr.),,,,,"all, every",,,,,kl,n.(pr.),"all, every"
ז֗ו֗ה,getlex.php?coord=4440321210418&word=5,n.m.,,,,,appearance; splendor,,,,,zyw,n.m.,appearance; splendor
ברבות,getlex.php?coord=4440321210418&word=4,prep. n.f.,,,,,"in, with",greatness,,,,b_,prep. n.f.,"in, with | greatness"
רבא,getlex.php?coord=4440321210418&word=3,adj.,,,,,"great, big",,,,,rb,adj.,"great, big"
[מ]ל֗[כ]ו֗ת,getlex.php?coord=4440321210418&word=2,n.f.,,,,,kingdom,,,,,mlkw,n.f.,kingdom
היכל,getlex.php?coord=4440321210418&word=1,n.m.,,,,,palace;  temple,,,,,hykl,n.m.,palace;  temple
ויתבנא,getlex.php?coord=4440321210418&word=0,conj. vb. G D Gt Dt,,,,,"and, also",to build,,,,w_,conj. vb. G D Gt Dt,"and, also | to build"
,getlex.php?coord=4440321210417&word=7,,,,,,,,,,,,,
בקשוט,getlex.php?coord=4440321210417&word=6,prep. n.m.,,,,,"in, with","honesty, truth",,,,b_,prep. n.m.,"in, with | honesty, truth"
נכסין,getlex.php?coord=4440321210417&word=5,n.m.pl.,,,,,"property, wealth",,,,,nksyn,n.m.pl.,"property, wealth"
יקנון,getlex.php?coord=4440321210417&word=4,vb. G D C Gt,,,,,to acquire,,,,,qny,vb. G D C Gt,to acquire
סופה,getlex.php?coord=4440321210417&word=3,n.m.,,,,,end,,,,,swp,n.m.,end
ועם,getlex.php?coord=4440321210417&word=2,conj. prep.,,,,,"and, also",with,,,,w_,conj. prep.,"and, also | with"
בידהון,getlex.php?coord=4440321210417&word=1,prep. n.f.,,,,,"in, with","hand, arm; side; power",,,,b_,prep. n.f.,"in, with | hand, arm; side; power"
ויתיהבון,getlex.php?coord=4440321210417&word=0,conj. vb. a/a G C Gt,,,,,"and, also",to give,,,,w_,conj. vb. a/a G C Gt,"and, also | to give"
,getlex.php?coord=4440321210416&word=8,,,,,,,,,,,,,
רשיעין,getlex.php?coord=4440321210416&word=7,adj.,,,,,wicked,,,,,ršyˁ,adj.,wicked
כול,getlex.php?coord=4440321210416&word=6,n.(pr.),,,,,"all, every",,,,,kl,n.(pr.),"all, every"
מן,getlex.php?coord=4440321210416&word=5,prep.,,,,,from,,,,,mn,prep.,from
קשוט,getlex.php?coord=4440321210416&word=4,n.m.,,,,,"honesty, truth",,,,,qšwṭ,n.m.,"honesty, truth"
דין,getlex.php?coord=4440321210416&word=3,n.m.,,,,,judgment,,,,,dyn,n.m.,judgment
למעבד,getlex.php?coord=4440321210416&word=2,vb. a/e G D C Gt Ct quad,,,,,"to make, act, do",,,,,ˁbd,vb. a/e G D C Gt Ct quad,"to make, act, do"
קשיטין,getlex.php?coord=4440321210416&word=1,adj.,,,,,honest,,,,,qšyṭ,adj.,honest
לכול,getlex.php?coord=4440321210416&word=0,n.(pr.),,,,,"all, every",,,,,kl,n.(pr.),"all, every"
,getlex.php?coord=4440321210415&word=8,,,,,,,,,,,,,
٠٠٠٠,getlex.php?coord=4440321210415&word=7,,,,,,,,,,,,,
תתיה֗[ב,getlex.php?coord=4440321210415&word=6,vb. a/a G C Gt,,,,,to give,,,,,yhb,vb. a/a G C Gt,to give
דבה,getlex.php?coord=4440321210415&word=5,prep.,,,,,"in, with",,,,,b_,prep.,"in, with"
קשוט,getlex.php?coord=4440321210415&word=4,n.m.,,,,,"honesty, truth",,,,,qšwṭ,n.m.,"honesty, truth"
תמיני,getlex.php?coord=4440321210415&word=3,adj.,,,,,eighth,,,,,tmyny,adj.,eighth
שבוע,getlex.php?coord=4440321210415&word=2,n.m.,,,,,week,,,,,šbwˁ,n.m.,week
יקום,getlex.php?coord=4440321210415&word=1,"vb. a/u G D C Dt Ct polel, pay/w c el ethpolal, ethpay/w c el",,,,,to rise; to stand; to last,,,,,qwm,"vb. a/u G D C Dt Ct polel, pay/w c el ethpolal, ethpay/w c el",to rise; to stand; to last
ומן בתרה,getlex.php?coord=4440321210415&word=0,conj. prep./conj,,,,,"and, also",after,,,,w_,conj. prep./conj,"and, also | after"
,getlex.php?coord=4440321210414&word=9,,,,,,,,,,,,,
٠٠٠٠,getlex.php?coord=4440321210414&word=8,,,,,,,,,,,,,
למעבד[,getlex.php?coord=4440321210414&word=7,vb. a/e G D C Gt Ct quad,,,,,"to make, act, do",,,,,ˁbd,vb. a/e G D C Gt Ct quad,"to make, act, do"
בה,getlex.php?coord=4440321210414&word=6,prep.,,,,,"in, with",,,,,b_,prep.,"in, with"
שקרא,getlex.php?coord=4440321210414&word=5,n.m.,,,,,lie,,,,,šqr,n.m.,lie
ועבד,getlex.php?coord=4440321210414&word=4,conj. n.m.,,,,,"and, also","act, deed",,,,w_,conj. n.m.,"and, also | act, deed"
חמסא,getlex.php?coord=4440321210414&word=3,n.m.,,,,,"criminality, violence",,,,,ḥms,n.m.,"criminality, violence"
אשי,getlex.php?coord=4440321210414&word=2,n.m.,,,,,foundation,,,,,ˀwš,n.m.,foundation
עקרין,getlex.php?coord=4440321210414&word=1,vb. a/u(a) G D C Gt Dt Ct,,,,,to pull out by the roots,,,,,ˁqr,vb. a/u(a) G D C Gt Dt Ct,to pull out by the roots
ולהון,getlex.php?coord=4440321210414&word=0,conj.,,,,,"and, also",,,,,w_,conj.,"and, also"
,getlex.php?coord=4440321210413&word=9,,,,,,,,,,,,,
٠٠٠٠,getlex.php?coord=4440321210413&word=8,,,,,,,,,,,,,
תתיה֗[ב,getlex.php?coord=4440321210413&word=7,vb. a/a G C Gt,,,,,to give,,,,,yhb,vb. a/a G C Gt,to give
ומדע,getlex.php?coord=4440321210413&word=6,conj. n.m.,,,,,"and, also",intelligence,,,,w_,conj. n.m.,"and, also | intelligence"
חכמה֗,getlex.php?coord=4440321210413&word=5,n.f.,,,,,wisdom,,,,,ḥkmh,n.f.,wisdom
٠[٠٠٠]٠,getlex.php?coord=4440321210413&word=4,,,,,,,,,,,,,
שבעה,getlex.php?coord=4440321210413&word=3,num.,,,,,seven,,,,,šbˁ,num.,seven
די,getlex.php?coord=4440321210413&word=2,,,,,,,,,,,,,
על֗[מ]א֗,getlex.php?coord=4440321210413&word=1,n.m.,,,,,eternity; world,,,,,ˁlm,n.m.,eternity; world
קש֗ט,getlex.php?coord=4440321210413&word=0,n.m.,,,,,"honesty, truth",,,,,qšwṭ,n.m.,"honesty, truth"
,getlex.php?coord=4440321210412&word=7,,,,,,,,,,,,,
נ֗[צבת,getlex.php?coord=4440321210412&word=6,n.f.,,,,,plant; stele,,,,,nṣbh,n.f.,plant; stele
מן,getlex.php?coord=4440321210412&word=5,prep.,,,,,from,,,,,mn,prep.,from
קשט,getlex.php?coord=4440321210412&word=4,n.m.,,,,,"honesty, truth",,,,,qšwṭ,n.m.,"honesty, truth"
ל֗שהדי֗,getlex.php?coord=4440321210412&word=3,n.m.,,,,,witness,,,,,shd,n.m.,witness
ב֗[חירי]ן֗,getlex.php?coord=4440321210412&word=2,adj.,,,,,chosen,,,,,bḥyr,adj.,chosen
י]תבחרון,getlex.php?coord=4440321210412&word=1,vb. a/a(u) G D C Gt Dt,,,,,to choose,,,,,bḥr,vb. a/a(u) G D C Gt Dt,to choose
[٠٠٠٠,getlex.php?coord=4440321210412&word=0,,,,,,,,,,,,,
,getlex.php?coord=4440321210411&word=3,,,,,,,,,,,,,
בט֗[עותא,getlex.php?coord=4440321210411&word=2,prep. n.f.,,,,,"in, with","error, idol",,,,b_,prep. n.f.,"in, with | error, idol"
עבד]ו֗ה֗י֗,getlex.php?coord=4440321210411&word=1,v.n.,,,,,labor,,,,,ˁbd,v.n.,labor
[٠٠٠٠,getlex.php?coord=4440321210411&word=0,,,,,,,,,,,,,
,getlex.php?coord=4440321210325&word=7,,,,,,,,,,,,,
٠٠٠٠,getlex.php?coord=4440321210325&word=6,,,,,,,,,,,,,
יצמח֗[,getlex.php?coord=4440321210325&word=5,vb. a/a G D C Gt Dt Ct,,,,,to shine; sprout,,,,,ṣmḥ,vb. a/a G D C Gt Dt Ct,to shine; sprout
וחמסא,getlex.php?coord=4440321210325&word=4,conj. n.m.,,,,,"and, also","criminality, violence",,,,w_,conj. n.m.,"and, also | criminality, violence"
שקרא,getlex.php?coord=4440321210325&word=3,n.m.,,,,,lie,,,,,šqr,n.m.,lie
בה,getlex.php?coord=4440321210325&word=2,prep.,,,,,"in, with",,,,,b_,prep.,"in, with"
די,getlex.php?coord=4440321210325&word=1,,,,,,,,,,,,,
תנין,getlex.php?coord=4440321210325&word=0,adj.,,,,,second; repetition,,,,,tnyn,adj.,second; repetition
,getlex.php?coord=4440321210324&word=6,,,,,,,,,,,,,
٠٠٠٠,getlex.php?coord=4440321210324&word=5,,,,,,,,,,,,,
כב֗[ר,getlex.php?coord=4440321210324&word=4,adv.,,,,,already; perhaps,,,,,kbr,adv.,already; perhaps
קשטא,getlex.php?coord=4440321210324&word=3,n.m.,,,,,"honesty, truth",,,,,qšwṭ,n.m.,"honesty, truth"
עלי,getlex.php?coord=4440321210324&word=2,prep.,,,,,upon; against; to,,,,,ˁl,prep.,upon; against; to
ועד,getlex.php?coord=4440321210324&word=1,conj. prep.,,,,,"and, also",until,,,,w_,conj. prep.,"and, also | until"
קדמי,getlex.php?coord=4440321210324&word=0,prep.,,,,,before,,,,,qdm,prep.,before
,getlex.php?coord=4440321210323&word=9,,,,,,,,,,,,,
٠٠٠٠,getlex.php?coord=4440321210323&word=8,,,,,,,,,,,,,
א֗[תילדת,getlex.php?coord=4440321210323&word=7,vb. e/a G D C Gt Dt Ct,,,,,to give birth; C to produce,,,,,yld,vb. e/a G D C Gt Dt Ct,to give birth; C to produce
]ש֗ב֗יע,getlex.php?coord=4440321210323&word=6,adj.,,,,,seventh,,,,,šbyˁy,adj.,seventh
٠٠٠٠,getlex.php?coord=4440321210323&word=5,,,,,,,,,,,,,
א֗נ֗[ה,getlex.php?coord=4440321210323&word=4,pron.,,,,,I,,,,,ˀnh,pron.,I
ואמר,getlex.php?coord=4440321210323&word=3,conj. vb. a/a G Gt,,,,,"and, also",to say,,,,w_,conj. vb. a/a G Gt,"and, also | to say"
מתלה,getlex.php?coord=4440321210323&word=2,n.m.,,,,,parable,,,,,mtl,n.m.,parable
חנוך,getlex.php?coord=4440321210323&word=1,,,,,,,,,,,,,
נסב,getlex.php?coord=4440321210323&word=0,vb. e/a G D C Gt Ct,,,,,to take,,,,,nsb,vb. e/a G D C Gt Ct,to take
,getlex.php?coord=4440321210322&word=8,,,,,,,,,,,,,
ו֗ת֗[ב,getlex.php?coord=4440321210322&word=7,conj. adv.,,,,,"and, also",again,,,,w_,conj. adv.,"and, also | again"
ואתבוננ]ת,getlex.php?coord=4440321210322&word=6,"conj. vb. a/u G D C Dt polel, pay/w c el ethpolal, ethpay/w c el",,,,,"and, also",*to understand; D to explain,,,,w_,"conj. vb. a/u G D C Dt polel, pay/w c el ethpolal, ethpay/w c el","and, also | *to understand; D to explain"
קר[ית,getlex.php?coord=4440321210322&word=5,vb. G D C Gt,,,,,to call,,,,,qry,vb. G D C Gt,to call
כל]א,getlex.php?coord=4440321210322&word=4,n.(pr.),,,,,"all, every",,,,,kl,n.(pr.),"all, every"
[٠٠٠٠,getlex.php?coord=4440321210322&word=3,,,,,,,,,,,,,
ידעת,getlex.php?coord=4440321210322&word=2,vb. a/a G C Gt Ct quad quad T,,,,,to know,,,,,ydˁ,vb. a/a G C Gt Ct quad quad T,to know
כלא,getlex.php?coord=4440321210322&word=1,n.(pr.),,,,,"all, every",,,,,kl,n.(pr.),"all, every"
אנה,getlex.php?coord=4440321210322&word=0,pron.,,,,,I,,,,,ˀnh,pron.,I
,getlex.php?coord=4440321210321&word=6,,,,,,,,,,,,,
ו֗קדשין,getlex.php?coord=4440321210321&word=5,conj. adj.,,,,,"and, also",holy,,,,w_,conj. adj.,"and, also | holy"
ע֗י֗ר֗י֗ן֗,getlex.php?coord=4440321210321&word=4,adj.,,,,,"watching, awake; angel",,,,,ˁyr,adj.,"watching, awake; angel"
]ממר,getlex.php?coord=4440321210321&word=3,n.m.,,,,,speech,,,,,mˀmr,n.m.,speech
٠٠٠٠,getlex.php?coord=4440321210321&word=2,,,,,,,,,,,,,
אחז֗י֗[ת,getlex.php?coord=4440321210321&word=1,"vb. G D C Gt Ct ethpolal, ethpay/w c el",,,,,to see,,,,,ḥzy,"vb. G D C Gt Ct ethpolal, ethpay/w c el",to see
חנוך,getlex.php?coord=4440321210321&word=0,,,,,,,,,,,,,
,getlex.php?coord=4440321210320&word=5,,,,,,,,,,,,,
הוא,getlex.php?coord=4440321210320&word=4,pron.,,,,,he,,,,,hwˀ,pron.,he
אנה,getlex.php?coord=4440321210320&word=3,pron.,,,,,I,,,,,ˀnh,pron.,I
ב]נ֗י,getlex.php?coord=4440321210320&word=2,n.m.,,,,,son,,,,,br,n.m.,son
٠٠٠٠,getlex.php?coord=4440321210320&word=1,,,,,,,,,,,,,
יצבתא[,getlex.php?coord=4440321210320&word=0,adj.,,,,,certain,,,,,yṣyb,adj.,certain
,getlex.php?coord=4440321210319&word=4,,,,,,,,,,,,,
נצבת,getlex.php?coord=4440321210319&word=3,n.f.,,,,,plant; stele,,,,,nṣbh,n.f.,plant; stele
מן,getlex.php?coord=4440321210319&word=2,prep.,,,,,from,,,,,mn,prep.,from
٠٠٠٠]ו,getlex.php?coord=4440321210319&word=1,,,,,,,,,,,,,
אמר֗[,getlex.php?coord=4440321210319&word=0,vb. a/a G Gt,,,,,to say,,,,,ˀmr,vb. a/a G Gt,to say
,getlex.php?coord=4440321210318&word=4,,,,,,,,,,,,,
מתלה,getlex.php?coord=4440321210318&word=3,n.m.,,,,,parable,,,,,mtl,n.m.,parable
ח]נ֗וך,getlex.php?coord=4440321210318&word=2,,,,,,,,,,,,,
٠٠٠٠,getlex.php?coord=4440321210318&word=1,,,,,,,,,,,,,
ד֗[ן,getlex.php?coord=4440321210318&word=0,pron.,,,,,this one,,,,,dyn,pron.,this one
,getlex.php?coord=4440321210317&word=3,,,,,,,,,,,,,
יומא,getlex.php?coord=4440321210317&word=2,n.m.,,,,,day,,,,,ywm,n.m.,day
מ]ן֗,getlex.php?coord=4440321210317&word=1,prep.,,,,,from,,,,,mn,prep.,from
[٠٠٠٠,getlex.php?coord=4440321210317&word=0,,,,,,,,,,,,,
,getlex.php?coord=4440321210316&word=2,,,,,,,,,,,,,
בח]ש֗וכא,getlex.php?coord=4440321210316&word=1,prep. adj.,,,,,"in, with",dark; the dark,,,,b_,prep. adj.,"in, with | dark; the dark"
[٠٠٠٠,getlex.php?coord=4440321210316&word=0,,,,,,,,,,,,,
,getlex.php?coord=4440321210226&word=3,,,,,,,,,,,,,
٠٠٠٠,getlex.php?coord=4440321210226&word=2,,,,,,,,,,,,,
]י֗הב֗[,getlex.php?coord=4440321210226&word=1,vb. a/a G C Gt,,,,,to give,,,,,yhb,vb. a/a G C Gt,to give
[٠٠٠٠,getlex.php?coord=4440321210226&word=0,,,,,,,,,,,,,
,getlex.php?coord=4440321210225&word=6,,,,,,,,,,,,,
٠٠٠٠,getlex.php?coord=4440321210225&word=5,,,,,,,,,,,,,
את֗[ון,getlex.php?coord=4440321210225&word=4,pron.,,,,,you (m. pl.),,,,,ˀntwn,pron.,you (m. pl.)
בבהשתא,getlex.php?coord=4440321210225&word=3,prep. n.f.,,,,,"in, with",evil,,,,b_,prep. n.f.,"in, with | evil"
תה]ו֗ן֗,getlex.php?coord=4440321210225&word=2,vb. G C Gt Ct,,,,,"to be, to become",,,,,hwy,vb. G C Gt Ct,"to be, to become"
אל,getlex.php?coord=4440321210225&word=1,adv.,,,,,not (prohibitive),,,,,ˀl,adv.,not (prohibitive)
[٠٠٠٠,getlex.php?coord=4440321210225&word=0,,,,,,,,,,,,,
,getlex.php?coord=4440321210224&word=6,,,,,,,,,,,,,
٠٠٠٠,getlex.php?coord=4440321210224&word=5,,,,,,,,,,,,,
י[תבי,getlex.php?coord=4440321210224&word=4,n.m.,,,,,inhabitant,,,,,ytb,n.m.,inhabitant
לכול,getlex.php?coord=4440321210224&word=3,n.(pr.),,,,,"all, every",,,,,kl,n.(pr.),"all, every"
אחריא,getlex.php?coord=4440321210224&word=2,adj.,,,,,future,,,,,ˀḥr,adj.,future
ו]לדריא,getlex.php?coord=4440321210224&word=1,conj. n.m.,,,,,"and, also","age, generation; row",,,,w_,conj. n.m.,"and, also | age, generation; row"
ב֗נ֗ו֗[הי,getlex.php?coord=4440321210224&word=0,n.m.,,,,,son,,,,,br,n.m.,son
,getlex.php?coord=4440321210223&word=5,,,,,,,,,,,,,
[٠٠٠٠,getlex.php?coord=4440321210223&word=4,,,,,,,,,,,,,
]ב֗נ֗י֗,getlex.php?coord=4440321210223&word=3,n.m.,,,,,son,,,,,br,n.m.,son
ובחי֗[ר,getlex.php?coord=4440321210223&word=2,conj. adj.,,,,,"and, also",chosen,,,,w_,conj. adj.,"and, also | chosen"
אנושא,getlex.php?coord=4440321210223&word=1,n.m.,,,,,human being,,,,,ˀnwš,n.m.,human being
[וח]כ֗ים,getlex.php?coord=4440321210223&word=0,conj. adj.,,,,,"and, also",wise,,,,w_,conj. adj.,"and, also | wise"
,getlex.php?coord=4440321210222&word=5,,,,,,,,,,,,,
٠٠٠٠,getlex.php?coord=4440321210222&word=4,,,,,,,,,,,,,
למת֗[ושלח,getlex.php?coord=4440321210222&word=3,,,,,,,,,,,,,
ויהב,getlex.php?coord=4440321210222&word=2,conj. vb. a/a G C Gt,,,,,"and, also",to give,,,,w_,conj. vb. a/a G C Gt,"and, also | to give"
כת]ב,getlex.php?coord=4440321210222&word=1,vb. a/u G D C Gt,,,,,to write,,,,,ktb,vb. a/u G D C Gt,to write
[די,getlex.php?coord=4440321210222&word=0,,,,,,,,,,,,,
,getlex.php?coord=4440321210221&word=6,,,,,,,,,,,,,
٠٠٠٠,getlex.php?coord=4440321210221&word=5,,,,,,,,,,,,,
אבדנא֗[,getlex.php?coord=4440321210221&word=4,n.m.,,,,,"destruction, ruin",,,,,ˀbdn,n.m.,"destruction, ruin"
לסוף,getlex.php?coord=4440321210221&word=3,n.m.,,,,,end,,,,,swp,n.m.,end
אבד,getlex.php?coord=4440321210221&word=2,vb. a/a G D C Gt Dt quad T,,,,,to be lost,,,,,ˀbd,vb. a/a G D C Gt Dt quad T,to be lost
ד֗י֗,getlex.php?coord=4440321210221&word=1,,,,,,,,,,,,,
[ע]ל,getlex.php?coord=4440321210221&word=0,prep.,,,,,upon; against; to,,,,,ˁl,prep.,upon; against; to
,getlex.php?coord=4440321210220&word=4,,,,,,,,,,,,,
ו֗[٠٠٠٠,getlex.php?coord=4440321210220&word=3,,,,,,,,,,,,,
בהון,getlex.php?coord=4440321210220&word=2,prep.,,,,,"in, with",,,,,b_,prep.,"in, with"
למהך,getlex.php?coord=4440321210220&word=1,vb. a/(a) G D C Gt Dt quad quad T,,,,,to go; D to walk,,,,,hlk,vb. a/(a) G D C Gt Dt quad quad T,to go; D to walk
קושטא,getlex.php?coord=4440321210220&word=0,n.m.,,,,,"honesty, truth",,,,,qšwṭ,n.m.,"honesty, truth"
,getlex.php?coord=4440321210219&word=5,,,,,,,,,,,,,
٠٠٠٠,getlex.php?coord=4440321210219&word=4,,,,,,,,,,,,,
יתע]ב֗[ד,getlex.php?coord=4440321210219&word=3,vb. a/e G D C Gt Ct quad,,,,,"to make, act, do",,,,,ˁbd,vb. a/e G D C Gt Ct quad,"to make, act, do"
מה֗[,getlex.php?coord=4440321210219&word=2,pron.,,,,,what?,,,,,mh,pron.,what?
תדעון,getlex.php?coord=4440321210219&word=1,vb. a/a G C Gt Ct quad quad T,,,,,to know,,,,,ydˁ,vb. a/a G C Gt Ct quad quad T,to know
די,getlex.php?coord=4440321210219&word=0,,,,,,,,,,,,,
,getlex.php?coord=4440321210218&word=3,,,,,,,,,,,,,
٠٠٠٠,getlex.php?coord=4440321210218&word=2,,,,,,,,,,,,,
ק֗שט֗[א,getlex.php?coord=4440321210218&word=1,n.m.,,,,,"honesty, truth",,,,,qšwṭ,n.m.,"honesty, truth"
ארחת,getlex.php?coord=4440321210218&word=0,n.f.,,,,,"way, road",,,,,ˀwrḥ,n.f.,"way, road"
,getlex.php?coord=4440321210217&word=4,,,,,,,,,,,,,
٠٠٠٠,getlex.php?coord=4440321210217&word=3,,,,,,,,,,,,,
עלמי[ן,getlex.php?coord=4440321210217&word=2,n.m.,,,,,eternity; world,,,,,ˁlm,n.m.,eternity; world
דרי,getlex.php?coord=4440321210217&word=1,n.m.,,,,,"age, generation; row",,,,,dr,n.m.,"age, generation; row"
כל,getlex.php?coord=4440321210217&word=0,n.(pr.),,,,,"all, every",,,,,kl,n.(pr.),"all, every"
,getlex.php?coord=4440321210216&word=3,,,,,,,,,,,,,
٠٠٠٠,getlex.php?coord=4440321210216&word=2,,,,,,,,,,,,,
אר[עא,getlex.php?coord=4440321210216&word=1,n.f.,,,,,ground; land; Earth,,,,,ˀrˁ,n.f.,ground; land; Earth
ותנוח,getlex.php?coord=4440321210216&word=0,conj. vb. a/u G D C Ct,,,,,"and, also",to rest,,,,w_,conj. vb. a/u G D C Ct,"and, also | to rest"
,getlex.php?coord=4440321210215&word=3,,,,,,,,,,,,,
٠٠٠٠,getlex.php?coord=4440321210215&word=2,,,,,,,,,,,,,
תשב[חה,getlex.php?coord=4440321210215&word=1,n.f.,,,,,praise,,,,,twšbḥh,n.f.,praise
ו֗ל֗ה,getlex.php?coord=4440321210215&word=0,conj.,,,,,"and, also",,,,,w_,conj.,"and, also"
,getlex.php?coord=4440321210214&word=3,,,,,,,,,,,,,
٠٠٠٠,getlex.php?coord=4440321210214&word=2,,,,,,,,,,,,,
והלכ֗[ה,getlex.php?coord=4440321210214&word=1,conj. vb. a/(a) G D C Gt Dt quad quad T,,,,,"and, also",to go; D to walk,,,,w_,conj. vb. a/(a) G D C Gt Dt quad quad T,"and, also | to go; D to walk"
[קאמ]ה֗,getlex.php?coord=4440321210214&word=0,"vb. a/u G D C Dt Ct polel, pay/w c el ethpolal, ethpay/w c el",,,,,to rise; to stand; to last,,,,,qwm,"vb. a/u G D C Dt Ct polel, pay/w c el ethpolal, ethpay/w c el",to rise; to stand; to last
,getlex.php?coord=4440321210213&word=2,,,,,,,,,,,,,
[٠٠٠٠,getlex.php?coord=4440321210213&word=1,,,,,,,,,,,,,
[וקשיטי]א֗,getlex.php?coord=4440321210213&word=0,conj. adj.,,,,,"and, also",honest,,,,w_,conj. adj.,"and, also | honest"
٠٠٠٠,getlex.php?coord=4440320700105&word=3,,,,,,,,,,,,,
ב֗מ֗צ֗[יע,getlex.php?coord=4440320700105&word=2,prep.,,,,,"within, in the middle of",,,,,bmṣˁ,prep.,"within, in the middle of"
תו]ר֗יא,getlex.php?coord=4440320700105&word=1,n.m.,,,,,"ox, cow",,,,,twr,n.m.,"ox, cow"
[٠٠٠٠,getlex.php?coord=4440320700105&word=0,,,,,,,,,,,,,
,getlex.php?coord=4440320700104&word=5,,,,,,,,,,,,,
٠٠٠٠,getlex.php?coord=4440320700104&word=4,,,,,,,,,,,,,
שג֗י֗א֗[ין,getlex.php?coord=4440320700104&word=3,adj./adv.,,,,,"many, much",,,,,sgy,adj./adv.,"many, much"
כוכבין,getlex.php?coord=4440320700104&word=2,n.m.,,,,,star,,,,,kwkb,n.m.,star
]והא,getlex.php?coord=4440320700104&word=1,conj. interj.,,,,,"and, also",here! look!,,,,w_,conj. interj.,"and, also | here! look!"
[٠٠٠٠,getlex.php?coord=4440320700104&word=0,,,,,,,,,,,,,
,getlex.php?coord=4440320700103&word=4,,,,,,,,,,,,,
٠٠٠٠,getlex.php?coord=4440320700103&word=3,,,,,,,,,,,,,
[וע]ג֗ל[י]ה֗[ון,getlex.php?coord=4440320700103&word=2,conj. n.m.,,,,,"and, also",calf,,,,w_,conj. n.m.,"and, also | calf"
ודיריהון,getlex.php?coord=4440320700103&word=1,conj. n.m./f.,,,,,"and, also",dwelling; monastery,,,,w_,conj. n.m./f.,"and, also | dwelling; monastery"
[٠٠٠٠]ן,getlex.php?coord=4440320700103&word=0,,,,,,,,,,,,,
,getlex.php?coord=4440320700102&word=6,,,,,,,,,,,,,
٠٠٠٠,getlex.php?coord=4440320700102&word=5,,,,,,,,,,,,,
חז֗י֗[ת,getlex.php?coord=4440320700102&word=4,"vb. G D C Gt Ct ethpolal, ethpay/w c el",,,,,to see,,,,,ḥzy,"vb. G D C Gt Ct ethpolal, ethpay/w c el",to see
באדין,getlex.php?coord=4440320700102&word=3,conj.,,,,,then,,,,,bˀdyn,conj.,then
הא,getlex.php?coord=4440320700102&word=2,interj.,,,,,here! look!,,,,,hˀ,interj.,here! look!
ביניהון,getlex.php?coord=4440320700102&word=1,prep.,,,,,"between, among",,,,,byn,prep.,"between, among"
[٠٠٠٠],getlex.php?coord=4440320700102&word=0,,,,,,,,,,,,,
,getlex.php?coord=4440320700101&word=7,,,,,,,,,,,,,
٠٠٠٠,getlex.php?coord=4440320700101&word=6,,,,,,,,,,,,,
ח֗[ד,getlex.php?coord=4440320700101&word=5,num.,,,,,one,,,,,ḥd,num.,one
כו֗כ֗ב֗,getlex.php?coord=4440320700101&word=4,n.m.,,,,,star,,,,,kwkb,n.m.,star
[٠٠٠٠],getlex.php?coord=4440320700101&word=3,,,,,,,,,,,,,
ע֗ל֗ה֗,getlex.php?coord=4440320700101&word=2,,,,,,,,,,,,,
]מ֗ן֗,getlex.php?coord=4440320700101&word=1,adv.,,,,,above,,,,,mn ˁl,adv.,above
[٠٠٠٠,getlex.php?coord=4440320700101&word=0,,,,,,,,,,,,,
٠٠٠٠,getlex.php?coord=4440320640321&word=3,,,,,,,,,,,,,
וח֗[זוה,getlex.php?coord=4440320640321&word=2,conj. n.m.,,,,,"and, also",appearance; vision,,,,w_,conj. n.m.,"and, also | appearance; vision"
ענ]ה֗,getlex.php?coord=4440320640321&word=1,n.f.pl.t.,,,,,small cattle: sheep and goats,,,,,ˁn,n.f.pl.t.,small cattle: sheep and goats
[٠٠٠٠,getlex.php?coord=4440320640321&word=0,,,,,,,,,,,,,
,getlex.php?coord=4440320640320&word=5,,,,,,,,,,,,,
[٠٠٠٠,getlex.php?coord=4440320640320&word=4,,,,,,,,,,,,,
מן,getlex.php?coord=4440320640320&word=3,prep.,,,,,from,,,,,mn,prep.,from
ק]מ֗ו,getlex.php?coord=4440320640320&word=2,"vb. a/u G D C Dt Ct polel, pay/w c el ethpolal, ethpay/w c el",,,,,to rise; to stand; to last,,,,,qwm,"vb. a/u G D C Dt Ct polel, pay/w c el ethpolal, ethpay/w c el",to rise; to stand; to last
וכ]ל[הון,getlex.php?coord=4440320640320&word=1,conj. n.(pr.),,,,,"and, also","all, every",,,,w_,conj. n.(pr.),"and, also | all, every"
[٠٠٠٠,getlex.php?coord=4440320640320&word=0,,,,,,,,,,,,,
,getlex.php?coord=4440320640319&word=7,,,,,,,,,,,,,
ומ֗[רא,getlex.php?coord=4440320640319&word=6,conj. n.m.,,,,,"and, also","master, lord",,,,w_,conj. n.m.,"and, also | master, lord"
חד,getlex.php?coord=4440320640319&word=4,num.,,,,,one,,,,,ḥd,num.,one
כ]ף֗,getlex.php?coord=4440320640319&word=3,n.f./m.,,,,,"rock, stone",,,,,kyp,n.f./m.,"rock, stone"
רם,getlex.php?coord=4440320640319&word=5,adj.,,,,,high,,,,,rm,adj.,high
לר֗[אש,getlex.php?coord=4440320640319&word=2,n.m.,,,,,head; top; chief,,,,,ryš,n.m.,head; top; chief
ס]לק,getlex.php?coord=4440320640319&word=1,vb. e/a(u) G D C Dt Ct,,,,,to go up,,,,,slq,vb. e/a(u) G D C Dt Ct,to go up
[٠٠٠٠,getlex.php?coord=4440320640319&word=0,,,,,,,,,,,,,
,getlex.php?coord=4440320640318&word=7,,,,,,,,,,,,,
[למש]ת֗[א,getlex.php?coord=4440320640318&word=6,vb. G C Gt,,,,,to drink,,,,,šty,vb. G C Gt,to drink
מ֗י֗א,getlex.php?coord=4440320640318&word=5,n.m.pl.,,,,,water,,,,,myyn,n.m.pl.,water
],getlex.php?coord=4440320640318&word=4,,,,,,,,,,,,,
לה֗[ון,getlex.php?coord=4440320640318&word=3,,,,,,,,,,,,,
ויהב,getlex.php?coord=4440320640318&word=2,conj. vb. a/a G C Gt,,,,,"and, also",to give,,,,w_,conj. vb. a/a G C Gt,"and, also | to give"
להון,getlex.php?coord=4440320640318&word=1,,,,,,,,,,,,,
[٠٠٠٠],getlex.php?coord=4440320640318&word=0,,,,,,,,,,,,,
,getlex.php?coord=4440320640317&word=4,,,,,,,,,,,,,
٠٠٠٠,getlex.php?coord=4440320640317&word=3,,,,,,,,,,,,,
התפתח֗[ו,getlex.php?coord=4440320640317&word=2,vb. a/a G D C Gt Dt,,,,,to open,,,,,ptḥ,vb. a/a G D C Gt Dt,to open
ועיניהון,getlex.php?coord=4440320640317&word=1,conj. n.f.,,,,,"and, also",eye; spring,,,,w_,conj. n.f.,"and, also | eye; spring"
[٠٠٠٠]ן֗,getlex.php?coord=4440320640317&word=0,,,,,,,,,,,,,
,getlex.php?coord=4440320640316&word=5,,,,,,,,,,,,,
[٠٠٠٠,getlex.php?coord=4440320640316&word=4,,,,,,,,,,,,,
זי֗,getlex.php?coord=4440320640316&word=3,,,,,,,,,,,,,
אתר,getlex.php?coord=4440320640316&word=2,n.m.,,,,,place,,,,,ˀtr,n.m.,place
צדיותא,getlex.php?coord=4440320640316&word=1,n.f.,,,,,desolation,,,,,ṣdyw,n.f.,desolation
[٠٠٠٠]ו֗,getlex.php?coord=4440320640316&word=0,,,,,,,,,,,,,
,getlex.php?coord=4440320640315&word=6,,,,,,,,,,,,,
٠٠٠٠,getlex.php?coord=4440320640315&word=5,,,,,,,,,,,,,
וע[נא,getlex.php?coord=4440320640315&word=4,conj. n.f.pl.t.,,,,,"and, also",small cattle: sheep and goats,,,,w_,conj. n.f.pl.t.,"and, also | small cattle: sheep and goats"
עליהון,getlex.php?coord=4440320640315&word=3,prep.,,,,,upon; against; to,,,,,ˁl,prep.,upon; against; to
חפו,getlex.php?coord=4440320640315&word=2,vb. G D Gt Dt,,,,,to cover,,,,,ḥpy,vb. G D Gt Dt,to cover
ו]מ֗י֗א,getlex.php?coord=4440320640315&word=1,conj. n.m.pl.,,,,,"and, also",water,,,,w_,conj. n.m.pl.,"and, also | water"
[٠٠٠٠,getlex.php?coord=4440320640315&word=0,,,,,,,,,,,,,
,getlex.php?coord=4440320640314&word=5,,,,,,,,,,,,,
٠٠٠٠,getlex.php?coord=4440320640314&word=4,,,,,,,,,,,,,
לענ[א,getlex.php?coord=4440320640314&word=3,n.f.pl.t.,,,,,small cattle: sheep and goats,,,,,ˁn,n.f.pl.t.,small cattle: sheep and goats
רדפין,getlex.php?coord=4440320640314&word=2,vb. a/u(a) G D C Gt,,,,,"to follow, pursue",,,,,rdp,vb. a/u(a) G D C Gt,"to follow, pursue"
ד]ב֗יא,getlex.php?coord=4440320640314&word=1,n.m.,,,,,wolf,,,,,dˀb,n.m.,wolf
[٠٠٠٠,getlex.php?coord=4440320640314&word=0,,,,,,,,,,,,,
,getlex.php?coord=4440320640313&word=3,,,,,,,,,,,,,
٠٠٠٠,getlex.php?coord=4440320640313&word=2,,,,,,,,,,,,,
]מ֗י֗א֗[,getlex.php?coord=4440320640313&word=1,n.m.pl.,,,,,water,,,,,myyn,n.m.pl.,water
[٠٠٠٠,getlex.php?coord=4440320640313&word=0,,,,,,,,,,,,,
,getlex.php?coord=4440320640221&word=5,,,,,,,,,,,,,
٠٠٠٠,getlex.php?coord=4440320640221&word=4,,,,,,,,,,,,,
מ֗[רא,getlex.php?coord=4440320640221&word=3,n.m.,,,,,"master, lord",,,,,mry,n.m.,"master, lord"
נחת,getlex.php?coord=4440320640221&word=2,vb. e(a)/u G D C Gt Dt Ct,,,,,to descend,,,,,nḥt,vb. e(a)/u G D C Gt Dt Ct,to descend
עד,getlex.php?coord=4440320640221&word=1,conj.,,,,,until,,,,,ˁd,conj.,until
[٠٠٠٠]י֗ת,getlex.php?coord=4440320640221&word=0,,,,,,,,,,,,,
,getlex.php?coord=4440320640220&word=4,,,,,,,,,,,,,
٠٠٠٠,getlex.php?coord=4440320640220&word=3,,,,,,,,,,,,,
נת֗[ר,getlex.php?coord=4440320640220&word=2,vb. a/a G D C Gt,,,,,to drop,,,,,ntr,vb. a/a G D C Gt,to drop
אמר,getlex.php?coord=4440320640220&word=1,n.m.,,,,,lamb,,,,,ˀmr,n.m.,lamb
[٠٠٠٠],getlex.php?coord=4440320640220&word=0,,,,,,,,,,,,,
,getlex.php?coord=4440320640219&word=5,,,,,,,,,,,,,
٠٠٠٠,getlex.php?coord=4440320640219&word=4,,,,,,,,,,,,,
ב֗[אדין,getlex.php?coord=4440320640219&word=3,conj.,,,,,then,,,,,bˀdyn,conj.,then
מין,getlex.php?coord=4440320640219&word=2,n.m.pl.,,,,,water,,,,,myyn,n.m.pl.,water
י]שקע,getlex.php?coord=4440320640219&word=1,vb. a/a G D Gt Dt,,,,,to sink,,,,,šqˁ,vb. a/a G D Gt Dt,to sink
[די,getlex.php?coord=4440320640219&word=0,,,,,,,,,,,,,
,getlex.php?coord=4440320640218&word=4,,,,,,,,,,,,,
٠٠٠٠,getlex.php?coord=4440320640218&word=3,,,,,,,,,,,,,
לענ֗[א,getlex.php?coord=4440320640218&word=2,n.f.pl.t.,,,,,small cattle: sheep and goats,,,,,ˁn,n.f.pl.t.,small cattle: sheep and goats
למלחץ,getlex.php?coord=4440320640218&word=1,vb. G D C Dt,,,,,to oppress,,,,,lḥṣ,vb. G D C Dt,to oppress
ש֗ר֗יו,getlex.php?coord=4440320640218&word=0,vb. G D C Gt Dt,,,,,to loosen; D to begin,,,,,šry,vb. G D C Gt Dt,to loosen; D to begin
,getlex.php?coord=4440320640217&word=4,,,,,,,,,,,,,
٠٠٠٠,getlex.php?coord=4440320640217&word=3,,,,,,,,,,,,,
והת֗[٠٠٠٠,getlex.php?coord=4440320640217&word=2,conj.,,,,,"and, also",,,,,w_,conj.,"and, also"
ד֗ביא֗,getlex.php?coord=4440320640217&word=1,n.m.,,,,,wolf,,,,,dˀb,n.m.,wolf
לות,getlex.php?coord=4440320640217&word=0,prep.,,,,,towards,,,,,lwt,prep.,towards
,getlex.php?coord=4440320640216&word=4,,,,,,,,,,,,,
٠٠٠٠,getlex.php?coord=4440320640216&word=3,,,,,,,,,,,,,
ל[חד עשר,getlex.php?coord=4440320640216&word=2,num.,,,,,eleven,,,,,ḥd ˁsr,num.,eleven
דכרא,getlex.php?coord=4440320640216&word=1,n.m.,,,,,male,,,,,dkr,n.m.,male
ודבר,getlex.php?coord=4440320640216&word=0,conj. vb. a/a G D C Gt Dt,,,,,"and, also","to lead, to drive",,,,w_,conj. vb. a/a G D C Gt Dt,"and, also | to lead, to drive"
,getlex.php?coord=4440320640215&word=3,,,,,,,,,,,,,
٠٠٠٠,getlex.php?coord=4440320640215&word=2,,,,,,,,,,,,,
יהב֗[ו,getlex.php?coord=4440320640215&word=1,vb. a/a G C Gt,,,,,to give,,,,,yhb,vb. a/a G C Gt,to give
וער֗דיא,getlex.php?coord=4440320640215&word=0,conj. n.m.,,,,,"and, also",wild ass,,,,w_,conj. n.m.,"and, also | wild ass"
,getlex.php?coord=4440320640214&word=3,,,,,,,,,,,,,
٠٠٠٠,getlex.php?coord=4440320640214&word=2,,,,,,,,,,,,,
ת֗[רי עשר,getlex.php?coord=4440320640214&word=1,num.,,,,,twelve,,,,,try ˁsr,num.,twelve
אמר֗[י]ן֗,getlex.php?coord=4440320640214&word=0,n.m.,,,,,lamb,,,,,ˀmr,n.m.,lamb
,getlex.php?coord=4440320640213&word=3,,,,,,,,,,,,,
٠٠٠٠,getlex.php?coord=4440320640213&word=2,,,,,,,,,,,,,
ע֗[ן,getlex.php?coord=4440320640213&word=1,n.f.pl.t.,,,,,small cattle: sheep and goats,,,,,ˁn,n.f.pl.t.,small cattle: sheep and goats
זי,getlex.php?coord=4440320640213&word=0,,,,,,,,,,,,,
,getlex.php?coord=4440320640212&word=2,,,,,,,,,,,,,
[٠٠٠٠,getlex.php?coord=4440320640212&word=1,,,,,,,,,,,,,
ועגלא,getlex.php?coord=4440320640212&word=0,conj. n.m.,,,,,"and, also",calf,,,,w_,conj. n.m.,"and, also | calf"
,getlex.php?coord=4440320640211&word=2,,,,,,,,,,,,,
[٠٠٠٠,getlex.php?coord=4440320640211&word=1,,,,,,,,,,,,,
לאלן,getlex.php?coord=4440320640211&word=0,pron.,,,,,these (m. and f.),,,,,ˀlyn,pron.,these (m. and f.)
,getlex.php?coord=4440320640210&word=2,,,,,,,,,,,,,
٠٠٠٠,getlex.php?coord=4440320640210&word=1,,,,,,,,,,,,,
למנ[כת/למצ[יעהון#2#/,getlex.php?coord=4440320640210&word=0,vb. a/u (e/a) n.m. G D C Gt,,,,,to bite,middle,,,,nkt,vb. a/u (e/a) n.m. G D C Gt,to bite | middle
,getlex.php?coord=4440320640205&word=2,,,,,,,,,,,,,
٠٠٠٠,getlex.php?coord=4440320640205&word=1,,,,,,,,,,,,,
[ות]ל[תת,getlex.php?coord=4440320640205&word=0,conj. num.,,,,,"and, also",three,,,,w_,conj. num.,"and, also | three"
,getlex.php?coord=4440320640204&word=4,,,,,,,,,,,,,
[٠٠٠٠,getlex.php?coord=4440320640204&word=3,,,,,,,,,,,,,
א֗רעא,getlex.php?coord=4440320640204&word=2,n.f.,,,,,ground; land; Earth,,,,,ˀrˁ,n.f.,ground; land; Earth
[ע]ל֗,getlex.php?coord=4440320640204&word=1,prep.,,,,,upon; against; to,,,,,ˁl,prep.,upon; against; to
תקנת,getlex.php?coord=4440320640204&word=0,vb. e/a G D C Dt Ct,,,,,to be proper,,,,,tqn,vb. e/a G D C Dt Ct,to be proper
,getlex.php?coord=4440320640203&word=5,,,,,,,,,,,,,
٠٠٠٠,getlex.php?coord=4440320640203&word=4,,,,,,,,,,,,,
ספו֗[,getlex.php?coord=4440320640203&word=3,vb. a/u G D C Dt Ct,,,,,to come to an end,,,,,swp,vb. a/u G D C Dt Ct,to come to an end
עד,getlex.php?coord=4440320640203&word=2,conj.,,,,,until,,,,,ˁd,conj.,until
בגוהון,getlex.php?coord=4440320640203&word=1,prep.,,,,,within,,,,,bgw,prep.,within
ו֗נ֗ח֗תין,getlex.php?coord=4440320640203&word=0,conj. vb. e(a)/u G D C Gt Dt Ct,,,,,"and, also",to descend,,,,w_,conj. vb. e(a)/u G D C Gt Dt Ct,"and, also | to descend"
,getlex.php?coord=4440320640202&word=4,,,,,,,,,,,,,
ו֗[٠٠٠٠,getlex.php?coord=4440320640202&word=3,,,,,,,,,,,,,
שכירו,getlex.php?coord=4440320640202&word=2,vb. quad,,,,,to let blood,,,,,swbr,vb. quad,to let blood
]חדריא,getlex.php?coord=4440320640202&word=1,n.m.,,,,,"area around, surroundings",,,,,ḥdr,n.m.,"area around, surroundings"
[٠٠٠٠,getlex.php?coord=4440320640202&word=0,,,,,,,,,,,,,
,getlex.php?coord=4440320640201&word=5,,,,,,,,,,,,,
٠٠٠٠,getlex.php?coord=4440320640201&word=4,,,,,,,,,,,,,
מ֗[רזביא,getlex.php?coord=4440320640201&word=3,n.m.,,,,,spout,,,,,mrzb,n.m.,spout
עד,getlex.php?coord=4440320640201&word=2,prep.,,,,,until,,,,,ˁd,prep.,until
בחל]מי,getlex.php?coord=4440320640201&word=1,prep. n.m.,,,,,"in, with",dream,,,,b_,prep. n.m.,"in, with | dream"
[٠٠٠٠,getlex.php?coord=4440320640201&word=0,,,,,,,,,,,,,
,getlex.php?coord=4440320640121&word=3,,,,,,,,,,,,,
ורימי[א,getlex.php?coord=4440320640121&word=2,conj. n.m.,,,,,"and, also",buffalo,,,,w_,conj. n.m.,"and, also | buffalo"
ופיליא,getlex.php?coord=4440320640121&word=1,conj. n.m.,,,,,"and, also",elephant,,,,w_,conj. n.m.,"and, also | elephant"
[٠٠٠٠],getlex.php?coord=4440320640121&word=0,,,,,,,,,,,,,
,getlex.php?coord=4440320640120&word=8,,,,,,,,,,,,,
תוריא,getlex.php?coord=4440320640120&word=7,n.m.,,,,,"ox, cow",,,,,twr,n.m.,"ox, cow"
וכל,getlex.php?coord=4440320640120&word=6,conj. n.(pr.),,,,,"and, also","all, every",,,,w_,conj. n.(pr.),"and, also | all, every"
מיא,getlex.php?coord=4440320640120&word=5,n.m.pl.,,,,,water,,,,,myyn,n.m.pl.,water
מן,getlex.php?coord=4440320640120&word=4,prep.,,,,,from,,,,,mn,prep.,from
עלא,getlex.php?coord=4440320640120&word=3,adv.,,,,,"upwards, above",,,,,ˁlˀ,adv.,"upwards, above"
פרחה,getlex.php?coord=4440320640120&word=2,vb. a/a G D C Dt,,,,,to fly,,,,,prḥ,vb. a/a G D C Dt,to fly
וערבה,getlex.php?coord=4440320640120&word=1,conj. n.f.,,,,,"and, also","vessel, bowl",,,,w_,conj. n.f.,"and, also | vessel, bowl"
[٠٠٠٠],getlex.php?coord=4440320640120&word=0,,,,,,,,,,,,,
,getlex.php?coord=4440320640119&word=6,,,,,,,,,,,,,
וטבעין,getlex.php?coord=4440320640119&word=5,conj. vb. a/a G D C Gt,,,,,"and, also",to sink in,,,,w_,conj. vb. a/a G D C Gt,"and, also | to sink in"
שקעין,getlex.php?coord=4440320640119&word=4,vb. a/a G D Gt Dt,,,,,to sink,,,,,šqˁ,vb. a/a G D Gt Dt,to sink
ותוריא,getlex.php?coord=4440320640119&word=3,conj. n.m.,,,,,"and, also","ox, cow",,,,w_,conj. n.m.,"and, also | ox, cow"
עליה,getlex.php?coord=4440320640119&word=2,prep.,,,,,upon; against; to,,,,,ˁl,prep.,upon; against; to
]ק֗אמין,getlex.php?coord=4440320640119&word=1,"vb. a/u G D C Dt Ct polel, pay/w c el ethpolal, ethpay/w c el",,,,,to rise; to stand; to last,,,,,qwm,"vb. a/u G D C Dt Ct polel, pay/w c el ethpolal, ethpay/w c el",to rise; to stand; to last
[٠٠٠٠,getlex.php?coord=4440320640119&word=0,,,,,,,,,,,,,
,getlex.php?coord=4440320640118&word=8,,,,,,,,,,,,,
מין,getlex.php?coord=4440320640118&word=7,n.m.pl.,,,,,water,,,,,myyn,n.m.pl.,water
חפית,getlex.php?coord=4440320640118&word=6,vb. G D Gt Dt,,,,,to cover,,,,,ḥpy,vb. G D Gt Dt,to cover
ארעא,getlex.php?coord=4440320640118&word=5,n.f.,,,,,ground; land; Earth,,,,,ˀrˁ,n.f.,ground; land; Earth
עד,getlex.php?coord=4440320640118&word=4,conj.,,,,,until,,,,,ˁd,conj.,until
חזה,getlex.php?coord=4440320640118&word=3,"vb. G D C Gt Ct ethpolal, ethpay/w c el",,,,,to see,,,,,ḥzy,"vb. G D C Gt Ct ethpolal, ethpay/w c el",to see
הוית,getlex.php?coord=4440320640118&word=2,vb. G C Gt Ct,,,,,"to be, to become",,,,,hwy,vb. G C Gt Ct,"to be, to become"
ו]א֗נה,getlex.php?coord=4440320640118&word=1,conj. pron.,,,,,"and, also",I,,,,w_,conj. pron.,"and, also | I"
[٠٠٠٠,getlex.php?coord=4440320640118&word=0,,,,,,,,,,,,,
,getlex.php?coord=4440320640117&word=7,,,,,,,,,,,,,
ושריו,getlex.php?coord=4440320640117&word=6,conj. vb. G D C Gt Dt,,,,,"and, also",to loosen; D to begin,,,,w_,conj. vb. G D C Gt Dt,"and, also | to loosen; D to begin"
ארעא,getlex.php?coord=4440320640117&word=5,n.f.,,,,,ground; land; Earth,,,,,ˀrˁ,n.f.,ground; land; Earth
בגוא,getlex.php?coord=4440320640117&word=4,prep.,,,,,within,,,,,bgw,prep.,within
פתיחו,getlex.php?coord=4440320640117&word=3,vb. a/a G D C Gt Dt,,,,,to open,,,,,ptḥ,vb. a/a G D C Gt Dt,to open
חדרין,getlex.php?coord=4440320640117&word=2,n.m.,,,,,"area around, surroundings",,,,,ḥdr,n.m.,"area around, surroundings"
והא,getlex.php?coord=4440320640117&word=1,conj. interj.,,,,,"and, also",here! look!,,,,w_,conj. interj.,"and, also | here! look!"
[٠٠٠٠],getlex.php?coord=4440320640117&word=0,,,,,,,,,,,,,
,getlex.php?coord=4440320640116&word=6,,,,,,,,,,,,,
שפכין,getlex.php?coord=4440320640116&word=5,vb. a/u G D Gt Dt,,,,,"to pour out, spill",,,,,špk,vb. a/u G D Gt Dt,"to pour out, spill"
שבעה,getlex.php?coord=4440320640116&word=4,num.,,,,,seven,,,,,šbˁ,num.,seven
מרזבין,getlex.php?coord=4440320640116&word=3,n.m.,,,,,spout,,,,,mrzb,n.m.,spout
והא,getlex.php?coord=4440320640116&word=2,conj. interj.,,,,,"and, also",here! look!,,,,w_,conj. interj.,"and, also | here! look!"
]ח֗זה,getlex.php?coord=4440320640116&word=1,"vb. G D C Gt Ct ethpolal, ethpay/w c el",,,,,to see,,,,,ḥzy,"vb. G D C Gt Ct ethpolal, ethpay/w c el",to see
[٠٠٠٠,getlex.php?coord=4440320640116&word=0,,,,,,,,,,,,,
,getlex.php?coord=4440320640115&word=6,,,,,,,,,,,,,
וכסית,getlex.php?coord=4440320640115&word=5,conj. vb. G D Gt Dt,,,,,"and, also",to conceal,,,,w_,conj. vb. G D Gt Dt,"and, also | to conceal"
חפית,getlex.php?coord=4440320640115&word=4,vb. G D Gt Dt,,,,,to cover,,,,,ḥpy,vb. G D Gt Dt,to cover
וערבא,getlex.php?coord=4440320640115&word=3,conj. n.f.,,,,,"and, also","vessel, bowl",,,,w_,conj. n.f.,"and, also | vessel, bowl"
לערבא,getlex.php?coord=4440320640115&word=2,n.f.,,,,,"vessel, bowl",,,,,ˁrb,n.f.,"vessel, bowl"
עמה,getlex.php?coord=4440320640115&word=1,prep.,,,,,with,,,,,ˁm,prep.,with
[٠٠٠٠]ו,getlex.php?coord=4440320640115&word=0,,,,,,,,,,,,,
,getlex.php?coord=4440320640114&word=7,,,,,,,,,,,,,
בגוה,getlex.php?coord=4440320640114&word=6,prep.,,,,,within,,,,,bgw,prep.,within
ויתב,getlex.php?coord=4440320640114&word=5,conj. vb. i/i G D C Dt Ct,,,,,"and, also","to sit ; to dwell; to stay, remain",,,,w_,conj. vb. i/i G D C Dt Ct,"and, also | to sit ; to dwell; to stay, remain"
חדה,getlex.php?coord=4440320640114&word=4,num.,,,,,one,,,,,ḥd,num.,one
ערב,getlex.php?coord=4440320640114&word=3,n.f.,,,,,"vessel, bowl",,,,,ˁrb,n.f.,"vessel, bowl"
לה,getlex.php?coord=4440320640114&word=2,,,,,,,,,,,,,
וע]ב֗ד֗,getlex.php?coord=4440320640114&word=1,conj. vb. a/e G D C Gt Ct quad,,,,,"and, also","to make, act, do",,,,w_,conj. vb. a/e G D C Gt Ct quad,"and, also | to make, act, do"
[٠٠٠٠,getlex.php?coord=4440320640114&word=0,,,,,,,,,,,,,
,getlex.php?coord=4440320640113&word=7,,,,,,,,,,,,,
תוריא,getlex.php?coord=4440320640113&word=6,n.m.,,,,,"ox, cow",,,,,twr,n.m.,"ox, cow"
מן,getlex.php?coord=4440320640113&word=5,prep.,,,,,from,,,,,mn,prep.,from
חד,getlex.php?coord=4440320640113&word=4,num.,,,,,one,,,,,ḥd,num.,one
על,getlex.php?coord=4440320640113&word=3,prep.,,,,,upon; against; to,,,,,ˁl,prep.,upon; against; to
ע֗ל,getlex.php?coord=4440320640113&word=2,vb. a/u G D C Dt Ct,,,,,to enter,,,,,ˁll,vb. a/u G D C Dt Ct,to enter
אר]ב֗עתא,getlex.php?coord=4440320640113&word=1,num.,,,,,four,,,,,ˀrbˁ,num.,four
[٠٠٠٠,getlex.php?coord=4440320640113&word=0,,,,,,,,,,,,,
,getlex.php?coord=4440320640112&word=5,,,,,,,,,,,,,
ורמא,getlex.php?coord=4440320640112&word=4,conj. vb. G D C Gt Ct,,,,,"and, also",to throw; put down,,,,w_,conj. vb. G D C Gt Ct,"and, also | to throw; put down"
ורגלין,getlex.php?coord=4440320640112&word=3,conj. n.f.,,,,,"and, also",foot; pilgrimage,,,,w_,conj. n.f.,"and, also | foot; pilgrimage"
ידין,getlex.php?coord=4440320640112&word=2,n.f.,,,,,"hand, arm; side; power",,,,,yd,n.f.,"hand, arm; side; power"
ל]כ֗ל֗הון,getlex.php?coord=4440320640112&word=1,n.(pr.),,,,,"all, every",,,,,kl,n.(pr.),"all, every"
[٠٠٠٠,getlex.php?coord=4440320640112&word=0,,,,,,,,,,,,,
,getlex.php?coord=4440320640111&word=3,,,,,,,,,,,,,
שגיאיא,getlex.php?coord=4440320640111&word=2,adj./adv.,,,,,"many, much",,,,,sgy,adj./adv.,"many, much"
כ]ו֗כביא֗,getlex.php?coord=4440320640111&word=1,n.m.,,,,,star,,,,,kwkb,n.m.,star
[٠٠٠٠,getlex.php?coord=4440320640111&word=0,,,,,,,,,,,,,
,getlex.php?coord=4440320622722&word=1,,,,,,,,,,,,,
##,getlex.php?coord=4440320622722&word=0,,,,,,,,,,,,,
,getlex.php?coord=4440320622721&word=9,,,,,,,,,,,,,
כ]ל,getlex.php?coord=4440320622721&word=8,n.(pr.),,,,,"all, every",,,,,kl,n.(pr.),"all, every"
בה֗[,getlex.php?coord=4440320622721&word=7,prep.,,,,,"in, with",,,,,b_,prep.,"in, with"
מ֗[תע]ב֗ד֗ין,getlex.php?coord=4440320622721&word=6,vb. a/e G D C Gt Ct quad,,,,,"to make, act, do",,,,,ˁbd,vb. a/e G D C Gt Ct quad,"to make, act, do"
]ה֗וו,getlex.php?coord=4440320622721&word=5,vb. G C Gt Ct,,,,,"to be, to become",,,,,hwy,vb. G C Gt Ct,"to be, to become"
٠٠٠,getlex.php?coord=4440320622721&word=4,,,,,,,,,,,,,
٠٠٠,getlex.php?coord=4440320622721&word=3,,,,,,,,,,,,,
٠٠٠,getlex.php?coord=4440320622721&word=2,,,,,,,,,,,,,
٠٠٠,getlex.php?coord=4440320622721&word=1,,,,,,,,,,,,,
[٠٠٠,getlex.php?coord=4440320622721&word=0,,,,,,,,,,,,,
,getlex.php?coord=4440320622720&word=10,,,,,,,,,,,,,
שפיך֗,getlex.php?coord=4440320622720&word=9,vb. a/u G D Gt Dt,,,,,"to pour out, spill",,,,,špk,vb. a/u G D Gt Dt,"to pour out, spill"
הוה,getlex.php?coord=4440320622720&word=8,vb. G C Gt Ct,,,,,"to be, to become",,,,,hwy,vb. G C Gt Ct,"to be, to become"
ד֗ם,getlex.php?coord=4440320622720&word=7,n.m.,,,,,blood,,,,,dm,n.m.,blood
ב֗ה,getlex.php?coord=4440320622720&word=6,prep.,,,,,"in, with",,,,,b_,prep.,"in, with"
בד]י֗,getlex.php?coord=4440320622720&word=5,conj.,,,,,inasmuch as,,,,,bdy,conj.,inasmuch as
٠٠٠,getlex.php?coord=4440320622720&word=4,,,,,,,,,,,,,
٠٠٠,getlex.php?coord=4440320622720&word=3,,,,,,,,,,,,,
٠٠٠,getlex.php?coord=4440320622720&word=2,,,,,,,,,,,,,
٠٠٠,getlex.php?coord=4440320622720&word=1,,,,,,,,,,,,,
[٠٠٠,getlex.php?coord=4440320622720&word=0,,,,,,,,,,,,,
,getlex.php?coord=4440320622719&word=11,,,,,,,,,,,,,
ב֗אשת,getlex.php?coord=4440320622719&word=10,n.f.,,,,,evil,,,,,byšh,n.f.,evil
מן֗,getlex.php?coord=4440320622719&word=9,prep.,,,,,from,,,,,mn,prep.,from
אד]ם֗,getlex.php?coord=4440320622719&word=8,n.m.,,,,,Adam,,,,,ˀdm,n.m.,Adam
ב֗[ני,getlex.php?coord=4440320622719&word=7,n.m.,,,,,son,,,,,br,n.m.,son
כ֗[ל],getlex.php?coord=4440320622719&word=6,n.(pr.),,,,,"all, every",,,,,kl,n.(pr.),"all, every"
אר]ע֗א,getlex.php?coord=4440320622719&word=5,n.f.,,,,,ground; land; Earth,,,,,ˀrˁ,n.f.,ground; land; Earth
٠٠٠,getlex.php?coord=4440320622719&word=4,,,,,,,,,,,,,
٠٠٠,getlex.php?coord=4440320622719&word=3,,,,,,,,,,,,,
٠٠٠,getlex.php?coord=4440320622719&word=2,,,,,,,,,,,,,
٠٠٠,getlex.php?coord=4440320622719&word=1,,,,,,,,,,,,,
[٠٠٠,getlex.php?coord=4440320622719&word=0,,,,,,,,,,,,,
,getlex.php?coord=4440320622718&word=3,,,,,,,,,,,,,
٠٠٠,getlex.php?coord=4440320622718&word=2,,,,,,,,,,,,,
٠٠٠,getlex.php?coord=4440320622718&word=1,,,,,,,,,,,,,
[٠٠٠,getlex.php?coord=4440320622718&word=0,,,,,,,,,,,,,
,getlex.php?coord=4440320622717&word=5,,,,,,,,,,,,,
٠٠٠٠٠٠٠,getlex.php?coord=4440320622717&word=4,,,,,,,,,,,,,
ר֗בא֗[,getlex.php?coord=4440320622717&word=3,adj.,,,,,"great, big",,,,,rb,adj.,"great, big"
ה֗א,getlex.php?coord=4440320622717&word=2,interj.,,,,,here! look!,,,,,hˀ,interj.,here! look!
א]ד֗ם֗,getlex.php?coord=4440320622717&word=1,n.m.,,,,,Adam,,,,,ˀdm,n.m.,Adam
[٠٠٠٠٠٠٠٠٠٠٠٠٠٠٠٠٠٠,getlex.php?coord=4440320622717&word=0,,,,,,,,,,,,,
,getlex.php?coord=4440320622716&word=5,,,,,,,,,,,,,
٠٠٠٠,getlex.php?coord=4440320622716&word=4,,,,,,,,,,,,,
ס֗[פר,getlex.php?coord=4440320622716&word=3,n.m.,,,,,scribe,,,,,spr,n.m.,scribe
לחנוך,getlex.php?coord=4440320622716&word=2,,,,,,,,,,,,,
אח]ז֗ית,getlex.php?coord=4440320622716&word=1,"vb. G D C Gt Ct ethpolal, ethpay/w c el",,,,,to see,,,,,ḥzy,"vb. G D C Gt Ct ethpolal, ethpay/w c el",to see
[٠٠٠٠٠٠٠٠٠٠٠٠٠٠٠٠٠٠٠,getlex.php?coord=4440320622716&word=0,,,,,,,,,,,,,
,getlex.php?coord=4440320622715&word=3,,,,,,,,,,,,,
٠٠٠٠٠٠٠٠٠٠,getlex.php?coord=4440320622715&word=2,,,,,,,,,,,,,
ו֗כ֗ל֗[,getlex.php?coord=4440320622715&word=1,conj. n.(pr.),,,,,"and, also","all, every",,,,w_,conj. n.(pr.),"and, also | all, every"
[٠٠٠٠٠٠٠٠٠٠٠٠٠٠٠٠٠٠٠٠٠]ין,getlex.php?coord=4440320622715&word=0,,,,,,,,,,,,,
,getlex.php?coord=4440320612721&word=4,,,,,,,,,,,,,
^ר^בר֗[בין,getlex.php?coord=4440320612721&word=3,adj.,,,,,"great, big",,,,,rb,adj.,"great, big"
עבדין,getlex.php?coord=4440320612721&word=2,n.m.,,,,,"act, deed",,,,,ˁwbd,n.m.,"act, deed"
]ואחזית,getlex.php?coord=4440320612721&word=1,"conj. vb. G D C Gt Ct ethpolal, ethpay/w c el",,,,,"and, also",to see,,,,w_,"conj. vb. G D C Gt Ct ethpolal, ethpay/w c el","and, also | to see"
[٠٠٠٠,getlex.php?coord=4440320612721&word=0,,,,,,,,,,,,,
,getlex.php?coord=4440320612720&word=3,,,,,,,,,,,,,
למז֗מ֗^נ֗^י[הון,getlex.php?coord=4440320612720&word=2,vb. G D C Gt Dt Ct,,,,,to invite,,,,,zmn,vb. G D C Gt Dt Ct,to invite
]בה֗ד֗מ֗יה,getlex.php?coord=4440320612720&word=1,prep. n.m.(f.),,,,,"in, with","limb, member",,,,b_,prep. n.m.(f.),"in, with | limb, member"
[٠٠٠٠,getlex.php?coord=4440320612720&word=0,,,,,,,,,,,,,
,getlex.php?coord=4440320612719&word=3,,,,,,,,,,,,,
וא֗[חזיני,getlex.php?coord=4440320612719&word=2,"conj. vb. G D C Gt Ct ethpolal, ethpay/w c el",,,,,"and, also",to see,,,,w_,"conj. vb. G D C Gt Ct ethpolal, ethpay/w c el","and, also | to see"
]עירין,getlex.php?coord=4440320612719&word=1,adj.,,,,,"watching, awake; angel",,,,,ˁyr,adj.,"watching, awake; angel"
[٠٠٠٠,getlex.php?coord=4440320612719&word=0,,,,,,,,,,,,,
,getlex.php?coord=4440320612711&word=3,,,,,,,,,,,,,
[٠٠٠٠,getlex.php?coord=4440320612711&word=2,,,,,,,,,,,,,
ע֗רטליין,getlex.php?coord=4440320612711&word=1,adj.,,,,,naked; unadorned,,,,,ˁrṭly,adj.,naked; unadorned
ד֗י֗,getlex.php?coord=4440320612711&word=0,,,,,,,,,,,,,
,getlex.php?coord=4440320612710&word=4,,,,,,,,,,,,,
٠٠٠٠,getlex.php?coord=4440320612710&word=3,,,,,,,,,,,,,
ויד֗[עו,getlex.php?coord=4440320612710&word=2,conj. vb. a/a G C Gt Ct quad quad T,,,,,"and, also",to know,,,,w_,conj. vb. a/a G C Gt Ct quad quad T,"and, also | to know"
רבתא,getlex.php?coord=4440320612710&word=1,adj.,,,,,"great, big",,,,,rb,adj.,"great, big"
[ו]אמך,getlex.php?coord=4440320612710&word=0,conj. n.f.,,,,,"and, also",mother,,,,w_,conj. n.f.,"and, also | mother"
,getlex.php?coord=4440320612702&word=2,,,,,,,,,,,,,
[٠٠٠٠,getlex.php?coord=4440320612702&word=1,,,,,,,,,,,,,
שנין֗,getlex.php?coord=4440320612702&word=0,n.f.,,,,,year,,,,,šnh,n.f.,year
,getlex.php?coord=4440320612701&word=3,,,,,,,,,,,,,
٠٠٠٠,getlex.php?coord=4440320612701&word=2,,,,,,,,,,,,,
מ֗[ן,getlex.php?coord=4440320612701&word=1,prep.,,,,,from,,,,,mn,prep.,from
ואחזית,getlex.php?coord=4440320612701&word=0,"conj. vb. G D C Gt Ct ethpolal, ethpay/w c el",,,,,"and, also",to see,,,,w_,"conj. vb. G D C Gt Ct ethpolal, ethpay/w c el","and, also | to see"
,getlex.php?coord=4440320612621&word=8,,,,,,,,,,,,,
קשט[א,getlex.php?coord=4440320612621&word=7,n.m.,,,,,"honesty, truth",,,,,qšwṭ,n.m.,"honesty, truth"
פרדס,getlex.php?coord=4440320612621&word=6,n.m.,,,,,"garden, park",,,,,prds,n.m.,"garden, park"
ליד,getlex.php?coord=4440320612621&word=5,n.f.,,,,,"hand, arm; side; power",,,,,yd,n.f.,"hand, arm; side; power"
ואחלפת,getlex.php?coord=4440320612621&word=4,conj. vb. a/u (tran.) a/a (intran.) G D C Dt quad,,,,,"and, also","to pass by, pass away; D to change s.t.",,,,w_,conj. vb. a/u (tran.) a/a (intran.) G D C Dt quad,"and, also | to pass by, pass away; D to change s.t."
מנה,getlex.php?coord=4440320612621&word=3,prep.,,,,,from,,,,,mn,prep.,from
רח[י]ק,getlex.php?coord=4440320612621&word=2,adj.,,,,,distant,,,,,rḥyq,adj.,distant
חשוכא,getlex.php?coord=4440320612621&word=1,adj.,,,,,dark; the dark,,,,,ḥšwk,adj.,dark; the dark
מ֗ן֗,getlex.php?coord=4440320612621&word=0,prep.,,,,,from,,,,,mn,prep.,from
,getlex.php?coord=4440320612620&word=9,,,,,,,,,,,,,
ע֗ל[א,getlex.php?coord=4440320612620&word=8,adv.,,,,,"upwards, above",,,,,ˁlˀ,adv.,"upwards, above"
ואעברת,getlex.php?coord=4440320612620&word=7,conj. vb. a/a G D C Gt Dt Ct,,,,,"and, also",to cross over,,,,w_,conj. vb. a/a G D C Gt Dt Ct,"and, also | to cross over"
מנה,getlex.php?coord=4440320612620&word=6,prep.,,,,,from,,,,,mn,prep.,from
שגיא,getlex.php?coord=4440320612620&word=5,adj./adv.,,,,,"many, much",,,,,sgy,adj./adv.,"many, much"
וארחקת,getlex.php?coord=4440320612620&word=4,conj. vb. /a(u) G D C Dt,,,,,"and, also",to be(come) distant,,,,w_,conj. vb. /a(u) G D C Dt,"and, also | to be(come) distant"
שמוקא,getlex.php?coord=4440320612620&word=3,adj.,,,,,red,,,,,smwq,adj.,red
י[מא],getlex.php?coord=4440320612620&word=2,n.m.,,,,,sea,,,,,ym,n.m.,sea
מן,getlex.php?coord=4440320612620&word=1,prep.,,,,,from,,,,,mn,prep.,from
[על]א,getlex.php?coord=4440320612620&word=0,adv.,,,,,"upwards, above",,,,,ˁlˀ,adv.,"upwards, above"
,getlex.php?coord=4440320612619&word=9,,,,,,,,,,,,,
ואחלפ[ת,getlex.php?coord=4440320612619&word=8,conj. vb. a/u (tran.) a/a (intran.) G D C Dt quad,,,,,"and, also","to pass by, pass away; D to change s.t.",,,,w_,conj. vb. a/u (tran.) a/a (intran.) G D C Dt quad,"and, also | to pass by, pass away; D to change s.t."
ארעא,getlex.php?coord=4440320612619&word=7,n.f.,,,,,ground; land; Earth,,,,,ˀrˁ,n.f.,ground; land; Earth
למדנח,getlex.php?coord=4440320612619&word=6,n.m./f.,,,,,east,,,,,mdnḥ,n.m./f.,east
מנהון,getlex.php?coord=4440320612619&word=5,prep.,,,,,from,,,,,mn,prep.,from
רחיק,getlex.php?coord=4440320612619&word=4,adj.,,,,,distant,,,,,rḥyq,adj.,distant
אלן,getlex.php?coord=4440320612619&word=3,pron.,,,,,these (m. and f.),,,,,ˀlyn,pron.,these (m. and f.)
טוריא,getlex.php?coord=4440320612619&word=2,n.m.,,,,,mountain,,,,,ṭwr,n.m.,mountain
כל,getlex.php?coord=4440320612619&word=1,n.(pr.),,,,,"all, every",,,,,kl,n.(pr.),"all, every"
[למד]נח,getlex.php?coord=4440320612619&word=0,n.m./f.,,,,,east,,,,,mdnḥ,n.m./f.,east
,getlex.php?coord=4440320612618&word=9,,,,,,,,,,,,,
הובלת,getlex.php?coord=4440320612618&word=8,vb. G D C Gt Dt Ct,,,,,to bring,,,,,ybl,vb. G D C Gt Dt Ct,to bring
תמן,getlex.php?coord=4440320612618&word=7,adv.,,,,,there,,,,,tmh,adv.,there
ומן,getlex.php?coord=4440320612618&word=6,conj. prep.,,,,,"and, also",from,,,,w_,conj. prep.,"and, also | from"
[ופ]לפלין,getlex.php?coord=4440320612618&word=5,conj. n.m.,,,,,"and, also",pepper,,,,w_,conj. n.m.,"and, also | pepper"
וקרדמן֗,getlex.php?coord=4440320612618&word=4,conj.,,,,,"and, also",,,,,w_,conj.,"and, also"
וצפר,getlex.php?coord=4440320612618&word=3,conj. n.m.,,,,,"and, also",an aromatic spice,,,,w_,conj. n.m.,"and, also | an aromatic spice"
טב,getlex.php?coord=4440320612618&word=2,adj.,,,,,good,,,,,ṭb,adj.,good
נ]רד,getlex.php?coord=4440320612618&word=1,n.m.,,,,,nard,,,,,nrd; nrdyn; nrdws,n.m.,nard
[٠٠٠٠,getlex.php?coord=4440320612618&word=0,,,,,,,,,,,,,
,getlex.php?coord=4440320612617&word=7,,,,,,,,,,,,,
אחרנין,getlex.php?coord=4440320612617&word=6,pron.,,,,,other,,,,,ˀwḥrn,pron.,other
טורין,getlex.php?coord=4440320612617&word=5,n.m.,,,,,mountain,,,,,ṭwr,n.m.,mountain
[אחז]ית,getlex.php?coord=4440320612617&word=4,"vb. G D C Gt Ct ethpolal, ethpay/w c el",,,,,to see,,,,,ḥzy,"vb. G D C Gt Ct ethpolal, ethpay/w c el",to see
מדנחהון,getlex.php?coord=4440320612617&word=3,n.m./f.,,,,,east,,,,,mdnḥ,n.m./f.,east
כלצפון,getlex.php?coord=4440320612617&word=2,adv.,,,,,northerly,,,,,klṣpwn,adv.,northerly
אלן,getlex.php?coord=4440320612617&word=1,pron.,,,,,these (m. and f.),,,,,ˀlyn,pron.,these (m. and f.)
[٠٠٠٠],getlex.php?coord=4440320612617&word=0,,,,,,,,,,,,,
,getlex.php?coord=4440320612616&word=6,,,,,,,,,,,,,
מן,getlex.php?coord=4440320612616&word=5,prep.,,,,,from,,,,,mn,prep.,from
٠٠٠٠],getlex.php?coord=4440320612616&word=4,,,,,,,,,,,,,
א֗[נון,getlex.php?coord=4440320612616&word=3,pron.,,,,,"they, them",,,,,ˀnwn,pron.,"they, them"
קלפוהי,getlex.php?coord=4440320612616&word=2,v.n.D,,,,,peeling off,,,,,qlwp,v.n.D,peeling off
]מדקק,getlex.php?coord=4440320612616&word=1,vb. a/u G D C Gt Dt quad,,,,,to pound,,,,,dqq,vb. a/u G D C Gt Dt quad,to pound
[٠٠٠٠,getlex.php?coord=4440320612616&word=0,,,,,,,,,,,,,
,getlex.php?coord=4440320612615&word=3,,,,,,,,,,,,,
٠٠٠٠,getlex.php?coord=4440320612615&word=2,,,,,,,,,,,,,
באיל[ניא,getlex.php?coord=4440320612615&word=1,prep. n.m.,,,,,"in, with",tree,,,,b_,prep. n.m.,"in, with | tree"
[٠٠٠٠]ו,getlex.php?coord=4440320612615&word=0,,,,,,,,,,,,,
,getlex.php?coord=4440320612614&word=4,,,,,,,,,,,,,
٠٠٠٠,getlex.php?coord=4440320612614&word=3,,,,,,,,,,,,,
מ֗[לאין,getlex.php?coord=4440320612614&word=2,adj./n.m,,,,,full,,,,,mly,adj./n.m,full
דב]ה֗,getlex.php?coord=4440320612614&word=1,prep.,,,,,"in, with",,,,,b_,prep.,"in, with"
[٠٠٠٠,getlex.php?coord=4440320612614&word=0,,,,,,,,,,,,,
,getlex.php?coord=4440320612606&word=3,,,,,,,,,,,,,
٠٠٠٠,getlex.php?coord=4440320612606&word=2,,,,,,,,,,,,,
מד]מ֗עי֗[ן,getlex.php?coord=4440320612606&word=1,vb. a/a G D C,,,,,to weep,,,,,dmˁ,vb. a/a G D C,to weep
[٠٠٠٠,getlex.php?coord=4440320612606&word=0,,,,,,,,,,,,,
,getlex.php?coord=4440320612605&word=4,,,,,,,,,,,,,
٠٠٠٠,getlex.php?coord=4440320612605&word=3,,,,,,,,,,,,,
פא֗[תא,getlex.php?coord=4440320612605&word=2,n.f.,,,,,"side, angle",,,,,pˀh,n.f.,"side, angle"
]ל[מדנ]ח,getlex.php?coord=4440320612605&word=1,n.m./f.,,,,,east,,,,,mdnḥ,n.m./f.,east
[٠٠٠٠,getlex.php?coord=4440320612605&word=0,,,,,,,,,,,,,
,getlex.php?coord=4440320612604&word=4,,,,,,,,,,,,,
٠٠٠٠,getlex.php?coord=4440320612604&word=3,,,,,,,,,,,,,
באת֗[ר,getlex.php?coord=4440320612604&word=2,prep. n.m.,,,,,"in, with",place,,,,b_,prep. n.m.,"in, with | place"
]אזלת,getlex.php?coord=4440320612604&word=1,"vb. a/i, a/a G Gt",,,,,to go,,,,,ˀzl,"vb. a/i, a/a G Gt",to go
[٠٠٠٠,getlex.php?coord=4440320612604&word=0,,,,,,,,,,,,,
,getlex.php?coord=4440320612603&word=3,,,,,,,,,,,,,
[٠٠٠٠,getlex.php?coord=4440320612603&word=2,,,,,,,,,,,,,
]חד,getlex.php?coord=4440320612603&word=1,num.,,,,,one,,,,,ḥd,num.,one
[٠٠٠٠,getlex.php?coord=4440320612603&word=0,,,,,,,,,,,,,
,getlex.php?coord=4440320612207&word=4,,,,,,,,,,,,,
٠٠٠٠,getlex.php?coord=4440320612207&word=3,,,,,,,,,,,,,
]לי,getlex.php?coord=4440320612207&word=1,,,,,,,,,,,,,
[٠٠٠٠,getlex.php?coord=4440320612207&word=0,,,,,,,,,,,,,
א[מר,getlex.php?coord=4440320612207&word=2,vb. a/a G Gt,,,,,to say,,,,,ˀmr,vb. a/a G Gt,to say
,getlex.php?coord=4440320612206&word=5,,,,,,,,,,,,,
٠٠٠٠,getlex.php?coord=4440320612206&word=4,,,,,,,,,,,,,
דכ֗ד֗[ן,getlex.php?coord=4440320612206&word=3,adv.,,,,,so,,,,,kdyn,adv.,so
היא,getlex.php?coord=4440320612206&word=2,pron.,,,,,she,,,,,hyˀ,pron.,she
דמן,getlex.php?coord=4440320612206&word=1,pron.,,,,,who?,,,,,mn,pron.,who?
[٠٠٠٠]א,getlex.php?coord=4440320612206&word=0,,,,,,,,,,,,,
,getlex.php?coord=4440320612205&word=6,,,,,,,,,,,,,
٠٠٠٠,getlex.php?coord=4440320612205&word=5,,,,,,,,,,,,,
ד֗[י,getlex.php?coord=4440320612205&word=4,,,,,,,,,,,,,
וקדישא,getlex.php?coord=4440320612205&word=3,conj. adj.,,,,,"and, also",holy,,,,w_,conj. adj.,"and, also | holy"
לעיר֗א,getlex.php?coord=4440320612205&word=2,adj.,,,,,"watching, awake; angel",,,,,ˁyr,adj.,"watching, awake; angel"
לרפא]ל,getlex.php?coord=4440320612205&word=1,,,,,,,,,,,,,
[٠٠٠٠,getlex.php?coord=4440320612205&word=0,,,,,,,,,,,,,
,getlex.php?coord=4440320612204&word=9,,,,,,,,,,,,,
וקב֗[ל,getlex.php?coord=4440320612204&word=8,conj. vb. a/o G D C Gt Dt,,,,,"and, also",to be opposed; D to receive,,,,w_,conj. vb. a/o G D C Gt Dt,"and, also | to be opposed; D to receive"
ומזע֗ק֗,getlex.php?coord=4440320612204&word=7,"conj. vb. e/a, a/u G C Gt Ct",,,,,"and, also","to cry out, to shout",,,,w_,"conj. vb. e/a, a/u G C Gt Ct","and, also | to cry out, to shout"
שמיא,getlex.php?coord=4440320612204&word=5,n.m.pl.t.,,,,,heaven; ceiling,,,,,šmyn,n.m.pl.t.,heaven; ceiling
סלק,getlex.php?coord=4440320612204&word=6,vb. e/a(u) G D C Dt Ct,,,,,to go up,,,,,slq,vb. e/a(u) G D C Dt Ct,to go up
ע[ד],getlex.php?coord=4440320612204&word=4,prep.,,,,,until,,,,,ˁd,prep.,until
[ו]אנינה,getlex.php?coord=4440320612204&word=3,conj. n.m.,,,,,"and, also","groan, complaint",,,,w_,conj. n.m.,"and, also | groan, complaint"
קבלה,getlex.php?coord=4440320612204&word=2,vb. a/o G D C Gt Dt,,,,,to be opposed; D to receive,,,,,qbl,vb. a/o G D C Gt Dt,to be opposed; D to receive
מת,getlex.php?coord=4440320612204&word=1,adj.,,,,,dead,,,,,myt,adj.,dead
אנש,getlex.php?coord=4440320612204&word=0,n.m.,,,,,"person, someone",,,,,ˀnš,n.m.,"person, someone"
,getlex.php?coord=4440320612203&word=9,,,,,,,,,,,,,
רוח,getlex.php?coord=4440320612203&word=8,n.f./m.,,,,,wind; spirit,,,,,rwḥ,n.f./m.,wind; spirit
חזית,getlex.php?coord=4440320612203&word=7,"vb. G D C Gt Ct ethpolal, ethpay/w c el",,,,,to see,,,,,ḥzy,"vb. G D C Gt Ct ethpolal, ethpay/w c el",to see
תמן,getlex.php?coord=4440320612203&word=6,adv.,,,,,there,,,,,tmh,adv.,there
##,getlex.php?coord=4440320612203&word=5,,,,,,,,,,,,,
יתעבד,getlex.php?coord=4440320612203&word=4,vb. a/e G D C Gt Ct quad,,,,,"to make, act, do",,,,,ˁbd,vb. a/e G D C Gt Ct quad,"to make, act, do"
מנהון,getlex.php?coord=4440320612203&word=3,prep.,,,,,from,,,,,mn,prep.,from
די,getlex.php?coord=4440320612203&word=2,,,,,,,,,,,,,
רבא,getlex.php?coord=4440320612203&word=1,adj.,,,,,"great, big",,,,,rb,adj.,"great, big"
דינא,getlex.php?coord=4440320612203&word=0,n.m.,,,,,judgment,,,,,dyn,n.m.,judgment
,getlex.php?coord=4440320612202&word=11,,,,,,,,,,,,,
ד[י,getlex.php?coord=4440320612202&word=10,,,,,,,,,,,,,
קצא,getlex.php?coord=4440320612202&word=9,n.m.,,,,,end,,,,,qṣ,n.m.,end
יום,getlex.php?coord=4440320612202&word=8,n.m.,,,,,day,,,,,ywm,n.m.,day
זמן,getlex.php?coord=4440320612202&word=7,n.f./m.,,,,,set time; instance,,,,,zmn,n.f./m.,set time; instance
ועד,getlex.php?coord=4440320612202&word=6,conj. prep.,,,,,"and, also",until,,,,w_,conj. prep.,"and, also | until"
יתד֗י֗נן,getlex.php?coord=4440320612202&word=5,vb. a/i(u) G D C Gt Dt,,,,,to judge,,,,,dwn,vb. a/i(u) G D C Gt Dt,to judge
די,getlex.php?coord=4440320612202&word=4,,,,,,,,,,,,,
יום,getlex.php?coord=4440320612202&word=3,n.m.,,,,,day,,,,,ywm,n.m.,day
עד,getlex.php?coord=4440320612202&word=2,prep.,,,,,until,,,,,ˁd,prep.,until
עב[י]דו,getlex.php?coord=4440320612202&word=1,vb. a/e G D C Gt Ct quad,,,,,"to make, act, do",,,,,ˁbd,vb. a/e G D C Gt Ct quad,"to make, act, do"
לכדן,getlex.php?coord=4440320612202&word=0,adv.,,,,,so,,,,,kdyn,adv.,so
,getlex.php?coord=4440320612201&word=9,,,,,,,,,,,,,
עגנון֗,getlex.php?coord=4440320612201&word=8,v.n.,,,,,prostration; incarceration,,,,,ˁgn,v.n.,prostration; incarceration
לבית,getlex.php?coord=4440320612201&word=7,n.m./f.,,,,,house; structure; place,,,,,by,n.m./f.,house; structure; place
פחתיא,getlex.php?coord=4440320612201&word=6,n.m.,,,,,pit,,,,,pḥt,n.m.,pit
אנון,getlex.php?coord=4440320612201&word=5,pron.,,,,,"they, them",,,,,ˀnwn,pron.,"they, them"
א֗לן,getlex.php?coord=4440320612201&word=4,pron.,,,,,these (m. and f.),,,,,ˀlyn,pron.,these (m. and f.)
והא֗,getlex.php?coord=4440320612201&word=3,conj. interj.,,,,,"and, also",here! look!,,,,w_,conj. interj.,"and, also | here! look!"
בני אנשא,getlex.php?coord=4440320612201&word=2,n.m.,,,,,"human, person",,,,,br ˀnš/brnš,n.m.,"human, person"
כל,getlex.php?coord=4440320612201&word=1,n.(pr.),,,,,"all, every",,,,,kl,n.(pr.),"all, every"
[נפש]ת,getlex.php?coord=4440320612201&word=0,n.f.,,,,,soul; life; self,,,,,npš,n.f.,soul; life; self
,getlex.php?coord=4440320612103&word=3,,,,,,,,,,,,,
נור,getlex.php?coord=4440320612103&word=2,n.f.(m.),,,,,fire,,,,,nwr,n.f.(m.),fire
בל]ש֗נ֗י,getlex.php?coord=4440320612103&word=1,prep. n.m.,,,,,"in, with",tongue,,,,b_,prep. n.m.,"in, with | tongue"
[٠٠٠٠,getlex.php?coord=4440320612103&word=0,,,,,,,,,,,,,
,getlex.php?coord=4440320612102&word=2,,,,,,,,,,,,,
הוא,getlex.php?coord=4440320612102&word=1,pron.,,,,,he,,,,,hwˀ,pron.,he
[٠٠٠٠]בא,getlex.php?coord=4440320612102&word=0,,,,,,,,,,,,,
,getlex.php?coord=4440320612101&word=2,,,,,,,,,,,,,
]אש֗ו֗ה֗,getlex.php?coord=4440320612101&word=1,n.m.,,,,,foundation,,,,,ˀwš,n.m.,foundation
[٠٠٠٠,getlex.php?coord=4440320612101&word=0,,,,,,,,,,,,,
,getlex.php?coord=4440320612000&word=4,,,,,,,,,,,,,
٠٠٠٠,getlex.php?coord=4440320612000&word=3,,,,,,,,,,,,,
לה[,getlex.php?coord=4440320612000&word=2,,,,,,,,,,,,,
סחרין,getlex.php?coord=4440320612000&word=1,vb. a/a G D C Gt,,,,,to go around; to beg,,,,,sḥr,vb. a/a G D C Gt,to go around; to beg
[٠٠٠٠],getlex.php?coord=4440320612000&word=0,,,,,,,,,,,,,
[٠٠٠٠,getlex.php?coord=4440320520330&word=2,,,,,,,,,,,,,
##,getlex.php?coord=4440320520330&word=1,,,,,,,,,,,,,
בארח,getlex.php?coord=4440320520330&word=0,prep. n.f.,,,,,"in, with","way, road",,,,b_,prep. n.f.,"in, with | way, road"
,getlex.php?coord=4440320520329&word=4,,,,,,,,,,,,,
٠٠٠٠,getlex.php?coord=4440320520329&word=3,,,,,,,,,,,,,
ענ[א,getlex.php?coord=4440320520329&word=2,n.f.pl.t.,,,,,small cattle: sheep and goats,,,,,ˁn,n.f.pl.t.,small cattle: sheep and goats
די,getlex.php?coord=4440320520329&word=1,,,,,,,,,,,,,
לדכרא,getlex.php?coord=4440320520329&word=0,n.m.,,,,,male,,,,,dkr,n.m.,male
,getlex.php?coord=4440320520328&word=3,,,,,,,,,,,,,
٠٠٠٠,getlex.php?coord=4440320520328&word=2,,,,,,,,,,,,,
שגיאי[ן,getlex.php?coord=4440320520328&word=1,adj./adv.,,,,,"many, much",,,,,sgy,adj./adv.,"many, much"
חזירין,getlex.php?coord=4440320520328&word=0,n.m.,,,,,pig,,,,,ḥzyr,n.m.,pig
,getlex.php?coord=4440320520327&word=2,,,,,,,,,,,,,
[٠٠٠٠,getlex.php?coord=4440320520327&word=1,,,,,,,,,,,,,
ב֗ק֗ר֗נ֗וה֗י֗,getlex.php?coord=4440320520327&word=0,prep. n.f.,,,,,"in, with",horn; angle,,,,b_,prep. n.f.,"in, with | horn; angle"
,getlex.php?coord=4440320520205&word=4,,,,,,,,,,,,,
٠٠٠٠,getlex.php?coord=4440320520205&word=3,,,,,,,,,,,,,
ו֗ד֗ח֗ל֗[ין,getlex.php?coord=4440320520205&word=2,conj. vb. a(e)/a(u) G D C Gt Dt,,,,,"and, also",to fear,,,,w_,conj. vb. a(e)/a(u) G D C Gt Dt,"and, also | to fear"
רע]ד֗י֗ן֗,getlex.php?coord=4440320520205&word=1,vb. G C Gt Dt,,,,,to tremble,,,,,rˁd,vb. G C Gt Dt,to tremble
[٠٠٠٠,getlex.php?coord=4440320520205&word=0,,,,,,,,,,,,,
,getlex.php?coord=4440320520204&word=8,,,,,,,,,,,,,
٠٠٠٠,getlex.php?coord=4440320520204&word=7,,,,,,,,,,,,,
וד֗[חיל,getlex.php?coord=4440320520204&word=6,conj. adj.,,,,,"and, also","terrible, frightening",,,,w_,conj. adj.,"and, also | terrible, frightening"
ורב,getlex.php?coord=4440320520204&word=5,conj. adj.,,,,,"and, also","great, big",,,,w_,conj. adj.,"and, also | great, big"
תקיף,getlex.php?coord=4440320520204&word=4,adj.,,,,,strong,,,,,tqyp,adj.,strong
וחזוה,getlex.php?coord=4440320520204&word=3,conj. n.m.,,,,,"and, also",appearance; vision,,,,w_,conj. n.m.,"and, also | appearance; vision"
ענא,getlex.php?coord=4440320520204&word=2,n.f.pl.t.,,,,,small cattle: sheep and goats,,,,,ˁn,n.f.pl.t.,small cattle: sheep and goats
לקוב]ל,getlex.php?coord=4440320520204&word=1,prep.,,,,,opposite,,,,,lwqbl,prep.,opposite
[٠٠٠٠,getlex.php?coord=4440320520204&word=0,,,,,,,,,,,,,
,getlex.php?coord=4440320520203&word=2,,,,,,,,,,,,,
##,getlex.php?coord=4440320520203&word=1,,,,,,,,,,,,,
[٠٠٠٠],getlex.php?coord=4440320520203&word=0,,,,,,,,,,,,,
,getlex.php?coord=4440320520202&word=4,,,,,,,,,,,,,
ו֗[٠٠٠٠,getlex.php?coord=4440320520202&word=3,,,,,,,,,,,,,
ראם,getlex.php?coord=4440320520202&word=2,"vb. a(i)/u G D C Ct polel, pay/w c el palpel quad ethpolal, ethpay/w c el ethpalpal quad T",,,,,to be high,,,,,rwm,"vb. a(i)/u G D C Ct polel, pay/w c el palpel quad ethpolal, ethpay/w c el ethpalpal quad T",to be high
]ח֗ד֗,getlex.php?coord=4440320520202&word=1,num.,,,,,one,,,,,ḥd,num.,one
[٠٠٠٠,getlex.php?coord=4440320520202&word=0,,,,,,,,,,,,,
,getlex.php?coord=4440320520129&word=4,,,,,,,,,,,,,
כ֗ו֗להון,getlex.php?coord=4440320520129&word=3,n.(pr.),,,,,"all, every",,,,,kl,n.(pr.),"all, every"
אמריא,getlex.php?coord=4440320520129&word=2,n.m.,,,,,lamb,,,,,ˀmr,n.m.,lamb
]ל֗[ח]ד֗ ע֗ש֗ר֗,getlex.php?coord=4440320520129&word=1,num.,,,,,eleven,,,,,ḥd ˁsr,num.,eleven
[٠٠٠٠,getlex.php?coord=4440320520129&word=0,,,,,,,,,,,,,
,getlex.php?coord=4440320520128&word=4,,,,,,,,,,,,,
וערדיא,getlex.php?coord=4440320520128&word=3,conj. n.m.,,,,,"and, also",wild ass,,,,w_,conj. n.m.,"and, also | wild ass"
לערד֗יא,getlex.php?coord=4440320520128&word=2,n.m.,,,,,wild ass,,,,,ˁrd,n.m.,wild ass
מ]נ֗הון,getlex.php?coord=4440320520128&word=1,prep.,,,,,from,,,,,mn,prep.,from
[٠٠٠٠,getlex.php?coord=4440320520128&word=0,,,,,,,,,,,,,
,getlex.php?coord=4440320520127&word=3,,,,,,,,,,,,,
#,getlex.php?coord=4440320520127&word=2,,,,,,,,,,,,,
]עשר֗,getlex.php?coord=4440320520127&word=1,num.,,,,,ten,,,,,ˁsr,num.,ten
[٠٠٠٠,getlex.php?coord=4440320520127&word=0,,,,,,,,,,,,,
,getlex.php?coord=4440320520126&word=5,,,,,,,,,,,,,
ען,getlex.php?coord=4440320520126&word=4,n.f.pl.t.,,,,,small cattle: sheep and goats,,,,,ˁn,n.f.pl.t.,small cattle: sheep and goats
די,getlex.php?coord=4440320520126&word=3,,,,,,,,,,,,,
ו֗ד֗כר,getlex.php?coord=4440320520126&word=2,conj. n.m.,,,,,"and, also",male,,,,w_,conj. n.m.,"and, also | male"
א֗כו֗ם,getlex.php?coord=4440320520126&word=1,adj.,,,,,black,,,,,ˀkwm,adj.,black
[٠٠٠٠חזי]ר֗,getlex.php?coord=4440320520126&word=0,,,,,,,,,,,,,
,getlex.php?coord=4440320520125&word=3,,,,,,,,,,,,,
ל֗ערדין,getlex.php?coord=4440320520125&word=2,n.m.,,,,,wild ass,,,,,ˁrd,n.m.,wild ass
כח]ד֗ה,getlex.php?coord=4440320520125&word=1,adv.,,,,,together,,,,,kḥdh,adv.,together
[٠٠٠٠,getlex.php?coord=4440320520125&word=0,,,,,,,,,,,,,
,getlex.php?coord=4440320520124&word=3,,,,,,,,,,,,,
אלן,getlex.php?coord=4440320520124&word=2,pron.,,,,,these (m. and f.),,,,,ˀlyn,pron.,these (m. and f.)
ו]ל֗מ֗דבר,getlex.php?coord=4440320520124&word=1,conj. n.m.,,,,,"and, also",desert,,,,w_,conj. n.m.,"and, also | desert"
[٠٠٠٠,getlex.php?coord=4440320520124&word=0,,,,,,,,,,,,,
,getlex.php?coord=4440320511209&word=4,,,,,,,,,,,,,
٠٠٠٠,getlex.php?coord=4440320511209&word=3,,,,,,,,,,,,,
[וכ]ו֗ל[ה,getlex.php?coord=4440320511209&word=2,conj. n.(pr.),,,,,"and, also","all, every",,,,w_,conj. n.(pr.),"and, also | all, every"
מת]ב֗ר֗כ֗ה֗,getlex.php?coord=4440320511209&word=1,vb. a/a(u) G D C Dt,,,,,to bow; D to bless,,,,,brk,vb. a/a(u) G D C Dt,to bow; D to bless
[٠٠٠٠,getlex.php?coord=4440320511209&word=0,,,,,,,,,,,,,
,getlex.php?coord=4440320511208&word=5,,,,,,,,,,,,,
٠٠٠٠,getlex.php?coord=4440320511208&word=4,,,,,,,,,,,,,
ט֗ו֗ר֗[יא,getlex.php?coord=4440320511208&word=3,n.m.,,,,,mountain,,,,,ṭwr,n.m.,mountain
על,getlex.php?coord=4440320511208&word=2,prep.,,,,,upon; against; to,,,,,ˁl,prep.,upon; against; to
ות]מהת,getlex.php?coord=4440320511208&word=1,conj. vb. a/a G D C Gt Dt,,,,,"and, also","to wonder at, be amazed",,,,w_,conj. vb. a/a G D C Gt Dt,"and, also | to wonder at, be amazed"
[٠٠٠٠,getlex.php?coord=4440320511208&word=0,,,,,,,,,,,,,
,getlex.php?coord=4440320511207&word=4,,,,,,,,,,,,,
٠٠٠٠,getlex.php?coord=4440320511207&word=3,,,,,,,,,,,,,
ו֗ח֗[לה,getlex.php?coord=4440320511207&word=2,conj. n.f.,,,,,"and, also",valley,,,,w_,conj. n.f.,"and, also | valley"
ו]ב֗י֗נ֗ת֗הון,getlex.php?coord=4440320511207&word=1,conj. prep.,,,,,"and, also","between, among",,,,w_,conj. prep.,"and, also | between, among"
[٠٠٠٠,getlex.php?coord=4440320511207&word=0,,,,,,,,,,,,,
,getlex.php?coord=4440320511206&word=5,,,,,,,,,,,,,
٠٠٠٠,getlex.php?coord=4440320511206&word=4,,,,,,,,,,,,,
א֗ו֗[חרן,getlex.php?coord=4440320511206&word=3,pron.,,,,,other,,,,,ˀwḥrn,pron.,other
[ט]ו֗ר֗,getlex.php?coord=4440320511206&word=2,n.m.,,,,,mountain,,,,,ṭwr,n.m.,mountain
]ל֗ה֗,getlex.php?coord=4440320511206&word=1,,,,,,,,,,,,,
[٠٠٠٠,getlex.php?coord=4440320511206&word=0,,,,,,,,,,,,,
,getlex.php?coord=4440320511205&word=6,,,,,,,,,,,,,
٠٠٠٠,getlex.php?coord=4440320511205&word=5,,,,,,,,,,,,,
ע֗[מיקה,getlex.php?coord=4440320511205&word=4,adj.,,,,,"deep, high",,,,,ˁmyq,adj.,"deep, high"
חלה,getlex.php?coord=4440320511205&word=3,n.f.,,,,,valley,,,,,ḥlh,n.f.,valley
וביני֗הון,getlex.php?coord=4440320511205&word=2,conj. prep.,,,,,"and, also","between, among",,,,w_,conj. prep.,"and, also | between, among"
]מ֗נה,getlex.php?coord=4440320511205&word=1,prep.,,,,,from,,,,,mn,prep.,from
[٠٠٠٠,getlex.php?coord=4440320511205&word=0,,,,,,,,,,,,,
,getlex.php?coord=4440320511204&word=1,,,,,,,,,,,,,
[٠٠٠٠,getlex.php?coord=4440320511204&word=0,,,,,,,,,,,,,
,getlex.php?coord=4440320511203&word=5,,,,,,,,,,,,,
[٠٠٠٠,getlex.php?coord=4440320511203&word=4,,,,,,,,,,,,,
תחתוהי֗/תחותוהי#2#/,getlex.php?coord=4440320511203&word=3,,,,,,,,,,,,,
מן,getlex.php?coord=4440320511203&word=2,prep.,,,,,from below,,,,,mn tḥwt,prep.,from below
ונפקי]ן,getlex.php?coord=4440320511203&word=1,conj. vb. a/u G D C Dt Ct,,,,,"and, also",to go out,,,,w_,conj. vb. a/u G D C Dt Ct,"and, also | to go out"
[٠٠٠٠,getlex.php?coord=4440320511203&word=0,,,,,,,,,,,,,
,getlex.php?coord=4440320511202&word=8,,,,,,,,,,,,,
٠٠٠٠,getlex.php?coord=4440320511202&word=7,,,,,,,,,,,,,
א֗י֗ל֗[נין,getlex.php?coord=4440320511202&word=6,n.m.,,,,,tree,,,,,ˀyln,n.m.,tree
[בה],getlex.php?coord=4440320511202&word=5,prep.,,,,,"in, with",,,,,b_,prep.,"in, with"
]די,getlex.php?coord=4440320511202&word=4,,,,,,,,,,,,,
٠٠٠٠,getlex.php?coord=4440320511202&word=3,,,,,,,,,,,,,
א֗[רעא,getlex.php?coord=4440320511202&word=2,n.f.,,,,,ground; land; Earth,,,,,ˀrˁ,n.f.,ground; land; Earth
למ]צ֗י֗ע֗,getlex.php?coord=4440320511202&word=1,n.m.,,,,,middle,,,,,mṣˁ,n.m.,middle
,getlex.php?coord=4440320511201&word=7,,,,,,,,,,,,,
[٠٠٠٠,getlex.php?coord=4440320511202&word=0,,,,,,,,,,,,,
]לק֗ו֗ב֗לה֗,getlex.php?coord=4440320511201&word=1,prep.,,,,,opposite,,,,,lwqbl,prep.,opposite
די,getlex.php?coord=4440320511201&word=2,,,,,,,,,,,,,
٠٠٠٠,getlex.php?coord=4440320511201&word=6,,,,,,,,,,,,,
٠٠[٠,getlex.php?coord=4440320511201&word=3,,,,,,,,,,,,,
٠٠٠٠,getlex.php?coord=4440320511201&word=4,,,,,,,,,,,,,
ו]א֗ל֗[ן,getlex.php?coord=4440320511201&word=5,conj. pron.,,,,,"and, also",these (m. and f.),,,,w_,conj. pron.,"and, also | these (m. and f.)"
[٠٠٠٠,getlex.php?coord=4440320511201&word=0,,,,,,,,,,,,,
,getlex.php?coord=4440320511106&word=6,,,,,,,,,,,,,
בינ֗ת֗[הון,getlex.php?coord=4440320511106&word=5,prep.,,,,,"between, among",,,,,byn,prep.,"between, among"
א֗ש֗ן֗,getlex.php?coord=4440320511106&word=4,n.f.,,,,,fire; fever,,,,,ˀšh,n.f.,fire; fever
ד]לק֗,getlex.php?coord=4440320511106&word=3,vb. e(a)/a G D C Gt,,,,,"to burn, to light",,,,,dlq,vb. e(a)/a G D C Gt,"to burn, to light"
٠٠٠٠,getlex.php?coord=4440320511106&word=2,,,,,,,,,,,,,
]ש[מיא,getlex.php?coord=4440320511106&word=1,n.m.pl.t.,,,,,heaven; ceiling,,,,,šmyn,n.m.pl.t.,heaven; ceiling
[٠٠٠٠,getlex.php?coord=4440320511106&word=0,,,,,,,,,,,,,
,getlex.php?coord=4440320511105&word=9,,,,,,,,,,,,,
הוא֗,getlex.php?coord=4440320511105&word=8,pron.,,,,,he,,,,,hwˀ,pron.,he
ונורא,getlex.php?coord=4440320511105&word=7,conj. n.f.(m.),,,,,"and, also",fire,,,,w_,conj. n.f.(m.),"and, also | fire"
ד]ג֗לה,getlex.php?coord=4440320511105&word=6,vb. a/e G D C Gt Dt Ct,,,,,to uncover; D to exile,,,,,gly,vb. a/e G D C Gt Dt Ct,to uncover; D to exile
٠٠٠٠,getlex.php?coord=4440320511105&word=5,,,,,,,,,,,,,
שליאו֗[,getlex.php?coord=4440320511105&word=4,n.f.,,,,,tranquility,,,,,šlyw,n.f.,tranquility
כ֗ל,getlex.php?coord=4440320511105&word=3,n.(pr.),,,,,"all, every",,,,,kl,n.(pr.),"all, every"
ל֗ה֗,getlex.php?coord=4440320511105&word=2,,,,,,,,,,,,,
אי]ת֗י֗,getlex.php?coord=4440320511105&word=1,vb./adv.,,,,,"there is, exists",,,,,ˀyt,vb./adv.,"there is, exists"
[٠٠٠٠,getlex.php?coord=4440320511105&word=0,,,,,,,,,,,,,
,getlex.php?coord=4440320511104&word=7,,,,,,,,,,,,,
לבך֗,getlex.php?coord=4440320511104&word=6,n.m.,,,,,heart; mind,,,,,lb,n.m.,heart; mind
כח]ד֗ה,getlex.php?coord=4440320511104&word=5,adv.,,,,,together,,,,,kḥdh,adv.,together
٠٠٠٠,getlex.php?coord=4440320511104&word=4,,,,,,,,,,,,,
ב֗ד֗ב֗[רונה,getlex.php?coord=4440320511104&word=3,prep. n.f.,,,,,"in, with",masculinity,,,,b_,prep. n.f.,"in, with | masculinity"
י֗ש֗ר֗י֗,getlex.php?coord=4440320511104&word=2,vb. G D C Gt Dt,,,,,to loosen; D to begin,,,,,šry,vb. G D C Gt Dt,to loosen; D to begin
ו֗ל֗א֗,getlex.php?coord=4440320511104&word=1,conj. adv.,,,,,"and, also","no, not",,,,w_,conj. adv.,"and, also | no, not"
[٠٠٠٠],getlex.php?coord=4440320511104&word=0,,,,,,,,,,,,,
,getlex.php?coord=4440320511103&word=8,,,,,,,,,,,,,
וא]ת֗ח֗[זית,getlex.php?coord=4440320511103&word=7,"conj. vb. G D C Gt Ct ethpolal, ethpay/w c el",,,,,"and, also",to see,,,,w_,"conj. vb. G D C Gt Ct ethpolal, ethpay/w c el","and, also | to see"
א֗[חרן,getlex.php?coord=4440320511103&word=5,pron.,,,,,other,,,,,ˀwḥrn,pron.,other
٠٠٠٠,getlex.php?coord=4440320511103&word=6,,,,,,,,,,,,,
לאתר֗,getlex.php?coord=4440320511103&word=4,n.m.,,,,,place,,,,,ˀtr,n.m.,place
אובלת,getlex.php?coord=4440320511103&word=3,vb. G D C Gt Dt Ct,,,,,to bring,,,,,ybl,vb. G D C Gt Dt Ct,to bring
תמן,getlex.php?coord=4440320511103&word=2,adv.,,,,,there,,,,,tmh,adv.,there
ו֗מ֗ן֗,getlex.php?coord=4440320511103&word=1,conj. prep.,,,,,"and, also",from,,,,w_,conj. prep.,"and, also | from"
[٠٠٠٠],getlex.php?coord=4440320511103&word=0,,,,,,,,,,,,,
,getlex.php?coord=4440320511102&word=9,,,,,,,,,,,,,
רבותא֗,getlex.php?coord=4440320511102&word=8,n.f.,,,,,greatness,,,,,rbw,n.f.,greatness
٠٠٠٠],getlex.php?coord=4440320511102&word=7,,,,,,,,,,,,,
קוש֗ט֗[א,getlex.php?coord=4440320511102&word=6,n.m.,,,,,"honesty, truth",,,,,qšwṭ,n.m.,"honesty, truth"
דין,getlex.php?coord=4440320511102&word=5,n.m.,,,,,judge,,,,,dyn,n.m.,judge
בריך,getlex.php?coord=4440320511102&word=4,adj.,,,,,blessed,,,,,bryk,adj.,blessed
להוה,getlex.php?coord=4440320511102&word=3,vb. G C Gt Ct,,,,,"to be, to become",,,,,hwy,vb. G C Gt Ct,"to be, to become"
ואמרת,getlex.php?coord=4440320511102&word=2,conj. vb. a/a G Gt,,,,,"and, also",to say,,,,w_,conj. vb. a/a G Gt,"and, also | to say"
٠٠٠٠]א֗,getlex.php?coord=4440320511102&word=1,,,,,,,,,,,,,
[٠٠٠٠,getlex.php?coord=4440320511102&word=0,,,,,,,,,,,,,
,getlex.php?coord=4440320511101&word=10,,,,,,,,,,,,,
תנ֗ה֗,getlex.php?coord=4440320511101&word=9,adv.,,,,,here,,,,,tnh,adv.,here
מן֗,getlex.php?coord=4440320511101&word=8,prep.,,,,,from,,,,,mn,prep.,from
٠٠٠٠٠٠]ן֗,getlex.php?coord=4440320511101&word=7,,,,,,,,,,,,,
[٠٠٠٠,getlex.php?coord=4440320511101&word=6,,,,,,,,,,,,,
מ֗ן֗,getlex.php?coord=4440320511101&word=5,prep.,,,,,from,,,,,mn,prep.,from
דינ֗א֗,getlex.php?coord=4440320511101&word=4,n.m.,,,,,judgment,,,,,dyn,n.m.,judgment
ביום,getlex.php?coord=4440320511101&word=3,prep. n.m.,,,,,"in, with",day,,,,b_,prep. n.m.,"in, with | day"
י֗ת֗נזקון,getlex.php?coord=4440320511101&word=2,vb. G D C Gt Ct,,,,,to damage,,,,,nzq,vb. G D C Gt Ct,to damage
ל֗א֗,getlex.php?coord=4440320511101&word=1,adv.,,,,,"no, not",,,,,lˀ,adv.,"no, not"
[٠٠٠٠]ן֗,getlex.php?coord=4440320511101&word=0,,,,,,,,,,,,,
,getlex.php?coord=4440320450230&word=9,,,,,,,,,,,,,
[٠٠٠٠,getlex.php?coord=4440320450230&word=8,,,,,,,,,,,,,
ב^כ^דבין,getlex.php?coord=4440320450230&word=7,prep. n.m.,,,,,"in, with",lie,,,,b_,prep. n.m.,"in, with | lie"
ולא,getlex.php?coord=4440320450230&word=6,conj. adv.,,,,,"and, also","no, not",,,,w_,conj. adv.,"and, also | no, not"
בקשוט,getlex.php?coord=4440320450230&word=5,prep. n.m.,,,,,"in, with","honesty, truth",,,,b_,prep. n.m.,"in, with | honesty, truth"
הואה,getlex.php?coord=4440320450230&word=4,pron.,,,,,he,,,,,hwˀ,pron.,he
ברה,getlex.php?coord=4440320450230&word=3,n.m.,,,,,son,,,,,br,n.m.,son
דן,getlex.php?coord=4440320450230&word=2,pron.,,,,,this one,,,,,dyn,pron.,this one
עלימא,getlex.php?coord=4440320450230&word=1,n.m.,,,,,youth,,,,,ˁlym,n.m.,youth
די,getlex.php?coord=4440320450230&word=0,,,,,,,,,,,,,
,getlex.php?coord=4440320450229&word=9,,,,,,,,,,,,,
[٠٠٠٠,getlex.php?coord=4440320450229&word=8,,,,,,,,,,,,,
[בר]ך֗,getlex.php?coord=4440320450229&word=7,n.m.,,,,,son,,,,,br,n.m.,son
למ֗ך֗,getlex.php?coord=4440320450229&word=6,,,,,,,,,,,,,
נא,getlex.php?coord=4440320450229&word=4,adv.,,,,,imperative and cohortative particle,,,,,nˀ,adv.,imperative and cohortative particle
אזל,getlex.php?coord=4440320450229&word=3,"vb. a/i, a/a G Gt",,,,,to go,,,,,ˀzl,"vb. a/i, a/a G Gt",to go
עד֗,getlex.php?coord=4440320450229&word=5,prep.,,,,,until,,,,,ˁd,prep.,until
וכען,getlex.php?coord=4440320450229&word=2,conj. adv.,,,,,"and, also",now,,,,w_,conj. adv.,"and, also | now"
##,getlex.php?coord=4440320450229&word=1,,,,,,,,,,,,,
עליהון,getlex.php?coord=4440320450229&word=0,prep.,,,,,upon; against; to,,,,,ˁl,prep.,upon; against; to
,getlex.php?coord=4440320450228&word=12,,,,,,,,,,,,,
٠٠٠٠,getlex.php?coord=4440320450228&word=11,,,,,,,,,,,,,
די,getlex.php?coord=4440320450228&word=10,,,,,,,,,,,,,
וע֗[ד,getlex.php?coord=4440320450228&word=9,conj. conj.,,,,,"and, also",until,,,,w_,conj. conj.,"and, also | until"
ארעא,getlex.php?coord=4440320450228&word=8,n.f.,,,,,ground; land; Earth,,,,,ˀrˁ,n.f.,ground; land; Earth
מן,getlex.php?coord=4440320450228&word=7,prep.,,,,,from,,,,,mn,prep.,from
יכלא,getlex.php?coord=4440320450228&word=6,vb. a/e G D C Gt Ct,,,,,to hold back,,,,,klˀ,vb. a/e G D C Gt Ct,to hold back
וחמסא,getlex.php?coord=4440320450228&word=5,vb. G D C,,,,,to be finished,,,,,kly,vb. G D C,to be finished
יסוף,getlex.php?coord=4440320450228&word=4,vb. a/u G D C Dt Ct,,,,,to come to an end,,,,,swp,vb. a/u G D C Dt Ct,to come to an end
ורשעה,getlex.php?coord=4440320450228&word=3,conj. v.n.,,,,,"and, also",evil,,,,w_,conj. v.n.,"and, also | evil"
ובאישתה,getlex.php?coord=4440320450228&word=2,conj. n.f.,,,,,"and, also",evil,,,,w_,conj. n.f.,"and, also | evil"
קוש֗ט֗א,getlex.php?coord=4440320450228&word=1,n.m.,,,,,"honesty, truth",,,,,qšwṭ,n.m.,"honesty, truth"
דרי,getlex.php?coord=4440320450228&word=0,n.m.,,,,,"age, generation; row",,,,,dr,n.m.,"age, generation; row"
,getlex.php?coord=4440320450227&word=14,,,,,,,,,,,,,
٠٠٠٠,getlex.php?coord=4440320450227&word=13,,,,,,,,,,,,,
להוא֗[,getlex.php?coord=4440320450227&word=12,vb. G C Gt Ct,,,,,"to be, to become",,,,,hwy,vb. G C Gt Ct,"to be, to become"
ובאש,getlex.php?coord=4440320450227&word=11,conj. vb. e/a G C Gt,,,,,"and, also","to be bad, to be displeasing",,,,w_,conj. vb. e/a G C Gt,"and, also | to be bad, to be displeasing"
בכד֗ן,getlex.php?coord=4440320450227&word=10,adv.,,,,,"then, in this manner",,,,,bkdn,adv.,"then, in this manner"
יבאש,getlex.php?coord=4440320450227&word=9,vb. e/a G C Gt,,,,,"to be bad, to be displeasing",,,,,bˀš,vb. e/a G C Gt,"to be bad, to be displeasing"
דר,getlex.php?coord=4440320450227&word=8,n.m.,,,,,"age, generation; row",,,,,dr,n.m.,"age, generation; row"
מן,getlex.php?coord=4440320450227&word=7,prep.,,,,,from,,,,,mn,prep.,from
[ד]ר֗,getlex.php?coord=4440320450227&word=6,n.m.,,,,,"age, generation; row",,,,,dr,n.m.,"age, generation; row"
די,getlex.php?coord=4440320450227&word=5,,,,,,,,,,,,,
בהון,getlex.php?coord=4440320450227&word=4,prep.,,,,,"in, with",,,,,b_,prep.,"in, with"
כתיב,getlex.php?coord=4440320450227&word=3,vb. a/u G D C Gt,,,,,to write,,,,,ktb,vb. a/u G D C Gt,to write
וחזית,getlex.php?coord=4440320450227&word=2,"conj. vb. G D C Gt Ct ethpolal, ethpay/w c el",,,,,"and, also",to see,,,,w_,"conj. vb. G D C Gt Ct ethpolal, ethpay/w c el","and, also | to see"
קר֗ית,getlex.php?coord=4440320450227&word=1,vb. G D C Gt,,,,,to call,,,,,qry,vb. G D C Gt,to call
שמי֗א,getlex.php?coord=4440320450227&word=0,n.m.pl.t.,,,,,heaven; ceiling,,,,,šmyn,n.m.pl.t.,heaven; ceiling
,getlex.php?coord=4440320450226&word=10,,,,,,,,,,,,,
[٠٠٠٠,getlex.php?coord=4440320450226&word=9,,,,,,,,,,,,,
ואחזיוני,getlex.php?coord=4440320450226&word=8,"conj. vb. G D C Gt Ct ethpolal, ethpay/w c el",,,,,"and, also",to see,,,,w_,"conj. vb. G D C Gt Ct ethpolal, ethpay/w c el","and, also | to see"
אחויוני,getlex.php?coord=4440320450226&word=7,vb. G D C Dt,,,,,to see (??); D to show,,,,,ḥwy,vb. G D C Dt,to see (??); D to show
]קדישין,getlex.php?coord=4440320450226&word=6,adj.,,,,,holy,,,,,qdyš,adj.,holy
[٠٠٠٠,getlex.php?coord=4440320450226&word=5,,,,,,,,,,,,,
ברז֗י֗,getlex.php?coord=4440320450226&word=4,prep. n.m.,,,,,"in, with",mystery,,,,b_,prep. n.m.,"in, with | mystery"
אנה,getlex.php?coord=4440320450226&word=3,pron.,,,,,I,,,,,ˀnh,pron.,I
ידע,getlex.php?coord=4440320450226&word=2,vb. a/a G C Gt Ct quad quad T,,,,,to know,,,,,ydˁ,vb. a/a G C Gt Ct quad quad T,to know
בד]י֗,getlex.php?coord=4440320450226&word=1,prep.,,,,,"in, with",,,,,b_,prep.,"in, with"
בי[ו]מי֗[הון,getlex.php?coord=4440320450226&word=0,prep. n.m.,,,,,"in, with",day,,,,b_,prep. n.m.,"in, with | day"
,getlex.php?coord=4440320450225&word=8,,,,,,,,,,,,,
٠٠٠٠,getlex.php?coord=4440320450225&word=7,,,,,,,,,,,,,
ת֗קיף[,getlex.php?coord=4440320450225&word=6,adj.,,,,,strong,,,,,tqyp,adj.,strong
ר֗ש֗[ע],getlex.php?coord=4440320450225&word=5,v.n.,,,,,evil,,,,,ršˁ,v.n.,evil
יא]ת֗ה,getlex.php?coord=4440320450225&word=4,vb. G D C Ct,,,,,"to come, arrive",,,,,ˀty,vb. G D C Ct,"to come, arrive"
וב]א֗ת֗[רהון,getlex.php?coord=4440320450225&word=3,conj. prep.,,,,,"and, also",after,,,,w_,conj. prep.,"and, also | after"
ביומ[והי,getlex.php?coord=4440320450225&word=2,prep. n.m.,,,,,"in, with",day,,,,b_,prep. n.m.,"in, with | day"
]להוא,getlex.php?coord=4440320450225&word=1,vb. G C Gt Ct,,,,,"to be, to become",,,,,hwy,vb. G C Gt Ct,"to be, to become"
[٠٠٠٠,getlex.php?coord=4440320450225&word=0,,,,,,,,,,,,,
,getlex.php?coord=4440320450224&word=4,,,,,,,,,,,,,
٠٠٠٠,getlex.php?coord=4440320450224&word=3,,,,,,,,,,,,,
הוא֗[,getlex.php?coord=4440320450224&word=2,pron.,,,,,he,,,,,hwˀ,pron.,he
]י֗פלט,getlex.php?coord=4440320450224&word=1,"vb. a/a, a/u G D C Gt Dt",,,,,to escape,,,,,plṭ,"vb. a/a, a/u G D C Gt Dt",to escape
[٠٠٠٠,getlex.php?coord=4440320450224&word=0,,,,,,,,,,,,,
,getlex.php?coord=4440320450223&word=7,,,,,,,,,,,,,
[٠٠٠٠,getlex.php?coord=4440320450223&word=6,,,,,,,,,,,,,
שמה,getlex.php?coord=4440320450223&word=5,n.m.,,,,,name,,,,,šm,n.m.,name
קר]י֗,getlex.php?coord=4440320450223&word=4,vb. G D C Gt,,,,,to call,,,,,qry,vb. G D C Gt,to call
٠٠٠٠,getlex.php?coord=4440320450223&word=3,,,,,,,,,,,,,
י]לי֗[ד,getlex.php?coord=4440320450223&word=2,vb. e/a G D C Gt Dt Ct,,,,,to give birth; C to produce,,,,,yld,vb. e/a G D C Gt Dt Ct,to give birth; C to produce
[די,getlex.php?coord=4440320450223&word=1,,,,,,,,,,,,,
[עלי]מא,getlex.php?coord=4440320450223&word=0,n.m.,,,,,youth,,,,,ˁlym,n.m.,youth
,getlex.php?coord=4440320450222&word=8,,,,,,,,,,,,,
٠٠٠٠,getlex.php?coord=4440320450222&word=7,,,,,,,,,,,,,
]בקשוט[,getlex.php?coord=4440320450222&word=6,prep. n.m.,,,,,"in, with","honesty, truth",,,,b_,prep. n.m.,"in, with | honesty, truth"
[٠٠٠٠,getlex.php?coord=4440320450222&word=5,,,,,,,,,,,,,
[ר]בא,getlex.php?coord=4440320450222&word=4,adj.,,,,,"great, big",,,,,rb,adj.,"great, big"
חבלא,getlex.php?coord=4440320450222&word=3,v.n.,,,,,damage,,,,,ḥbl,v.n.,damage
٠٠٠٠],getlex.php?coord=4440320450222&word=2,,,,,,,,,,,,,
ארעא[,getlex.php?coord=4440320450222&word=1,n.f.,,,,,ground; land; Earth,,,,,ˀrˁ,n.f.,ground; land; Earth
[ותתד]כ֗א,getlex.php?coord=4440320450222&word=0,conj. vb. G D C Dt,,,,,"and, also",to be clean,,,,w_,conj. vb. G D C Dt,"and, also | to be clean"
,getlex.php?coord=4440320450221&word=9,,,,,,,,,,,,,
[٠٠٠٠,getlex.php?coord=4440320450221&word=8,,,,,,,,,,,,,
]ארע,getlex.php?coord=4440320450221&word=7,n.f.,,,,,ground; land; Earth,,,,,ˀrˁ,n.f.,ground; land; Earth
٠٠٠٠,getlex.php?coord=4440320450221&word=6,,,,,,,,,,,,,
יפ[לטון,getlex.php?coord=4440320450221&word=5,"vb. a/a, a/u G D C Gt Dt",,,,,to escape,,,,,plṭ,"vb. a/a, a/u G D C Gt Dt",to escape
בנוה]י֗,getlex.php?coord=4440320450221&word=4,n.m.,,,,,son,,,,,br,n.m.,son
[٠٠٠٠,getlex.php?coord=4440320450221&word=3,,,,,,,,,,,,,
[לכו]ן֗,getlex.php?coord=4440320450221&word=2,,,,,,,,,,,,,
יליד,getlex.php?coord=4440320450221&word=1,vb. e/a G D C Gt Dt Ct,,,,,to give birth; C to produce,,,,,yld,vb. e/a G D C Gt Dt Ct,to give birth; C to produce
ד֗י֗,getlex.php?coord=4440320450221&word=0,,,,,,,,,,,,,
,getlex.php?coord=4440320450220&word=7,,,,,,,,,,,,,
[٠٠٠٠,getlex.php?coord=4440320450220&word=6,,,,,,,,,,,,,
רב]א֗,getlex.php?coord=4440320450220&word=5,adj.,,,,,"great, big",,,,,rb,adj.,"great, big"
[٠٠٠٠,getlex.php?coord=4440320450220&word=4,,,,,,,,,,,,,
אר]ע֗א,getlex.php?coord=4440320450220&word=3,n.f.,,,,,ground; land; Earth,,,,,ˀrˁ,n.f.,ground; land; Earth
[٠٠٠٠,getlex.php?coord=4440320450220&word=2,,,,,,,,,,,,,
ולהו]א֗,getlex.php?coord=4440320450220&word=1,conj. vb. G C Gt Ct,,,,,"and, also","to be, to become",,,,w_,conj. vb. G C Gt Ct,"and, also | to be, to become"
[,getlex.php?coord=4440320450220&word=0,,,,,,,,,,,,,
,getlex.php?coord=4440320450219&word=1,,,,,,,,,,,,,
[٠٠٠٠,getlex.php?coord=4440320450219&word=0,,,,,,,,,,,,,
,getlex.php?coord=4440320450218&word=7,,,,,,,,,,,,,
למע֗[ל,getlex.php?coord=4440320450218&word=6,vb. a/u G D C Dt Ct,,,,,to enter,,,,,ˁll,vb. a/u G D C Dt Ct,to enter
שניו,getlex.php?coord=4440320450218&word=5,vb. G D C Gt Dt,,,,,to be different,,,,,šny,vb. G D C Gt Dt,to be different
٠٠٠٠]ון,getlex.php?coord=4440320450218&word=4,,,,,,,,,,,,,
ועב[רין,getlex.php?coord=4440320450218&word=3,conj. vb. a/a G D C Gt Dt Ct,,,,,"and, also",to cross over,,,,w_,conj. vb. a/a G D C Gt Dt Ct,"and, also | to cross over"
חטי]י֗ן,getlex.php?coord=4440320450218&word=2,vb. G D C Gt Dt,,,,,to sin,,,,,ḥṭy,vb. G D C Gt Dt,to sin
[٠٠٠٠,getlex.php?coord=4440320450218&word=1,,,,,,,,,,,,,
עבר֗ו,getlex.php?coord=4440320450218&word=0,vb. a/a G D C Gt Dt Ct,,,,,to cross over,,,,,ˁbr,vb. a/a G D C Gt Dt Ct,to cross over
,getlex.php?coord=4440320450217&word=6,,,,,,,,,,,,,
א֗[בי,getlex.php?coord=4440320450217&word=5,n.m.,,,,,father,,,,,ˀb,n.m.,father
ירד,getlex.php?coord=4440320450217&word=4,,,,,,,,,,,,,
]ביומי,getlex.php?coord=4440320450217&word=3,prep. n.m.,,,,,"in, with",day,,,,b_,prep. n.m.,"in, with | day"
٠٠٠٠,getlex.php?coord=4440320450217&word=2,,,,,,,,,,,,,
י֗ח֗[דת,getlex.php?coord=4440320450217&word=1,vb. e/a D C Dt Ct,,,,,to be new,,,,,ḥdt,vb. e/a D C Dt Ct,to be new
מ֗ל,getlex.php?coord=4440320450217&word=0,n.m.,,,,,first milk after birth,,,,,ml,n.m.,first milk after birth
,getlex.php?coord=4440320450129&word=2,,,,,,,,,,,,,
כו]ל֗,getlex.php?coord=4440320450129&word=1,n.(pr.),,,,,"all, every",,,,,kl,n.(pr.),"all, every"
[٠٠٠٠,getlex.php?coord=4440320450129&word=0,,,,,,,,,,,,,
,getlex.php?coord=4440320450128&word=2,,,,,,,,,,,,,
ו]שמ֗וק,getlex.php?coord=4440320450128&word=1,conj. adj.,,,,,"and, also",red,,,,w_,conj. adj.,"and, also | red"
[٠٠٠٠,getlex.php?coord=4440320450128&word=0,,,,,,,,,,,,,
,getlex.php?coord=4440320450127&word=3,,,,,,,,,,,,,
והיא,getlex.php?coord=4440320450127&word=2,conj. pron.,,,,,"and, also",she,,,,w_,conj. pron.,"and, also | she"
אנ]תה,getlex.php?coord=4440320450127&word=1,n.f.,,,,,"woman, wife",,,,,ˀnth,n.f.,"woman, wife"
[٠٠٠٠,getlex.php?coord=4440320450127&word=0,,,,,,,,,,,,,
,getlex.php?coord=4440320450126&word=3,,,,,,,,,,,,,
למ[ך,getlex.php?coord=4440320450126&word=2,,,,,,,,,,,,,
]שמה,getlex.php?coord=4440320450126&word=1,n.m.,,,,,name,,,,,šm,n.m.,name
[٠٠٠٠,getlex.php?coord=4440320450126&word=0,,,,,,,,,,,,,
,getlex.php?coord=4440320450125&word=1,,,,,,,,,,,,,
[٠٠٠٠,getlex.php?coord=4440320450125&word=0,,,,,,,,,,,,,
,getlex.php?coord=4440320450124&word=1,,,,,,,,,,,,,
[٠٠٠٠,getlex.php?coord=4440320450124&word=0,,,,,,,,,,,,,
,getlex.php?coord=4440320450123&word=4,,,,,,,,,,,,,
כול,getlex.php?coord=4440320450123&word=3,n.(pr.),,,,,"all, every",,,,,kl,n.(pr.),"all, every"
,getlex.php?coord=4440320450123&word=2,,,,,,,,,,,,,
ל]כון,getlex.php?coord=4440320450123&word=1,,,,,,,,,,,,,
[٠٠٠٠,getlex.php?coord=4440320450123&word=0,,,,,,,,,,,,,
,getlex.php?coord=4440320450122&word=3,,,,,,,,,,,,,
תהוון,getlex.php?coord=4440320450122&word=2,vb. G C Gt Ct,,,,,"to be, to become",,,,,hwy,vb. G C Gt Ct,"to be, to become"
אנ]ת֗ון,getlex.php?coord=4440320450122&word=1,pron.,,,,,you (m. pl.),,,,,ˀntwn,pron.,you (m. pl.)
[٠٠٠٠,getlex.php?coord=4440320450122&word=0,,,,,,,,,,,,,
,getlex.php?coord=4440320450121&word=3,,,,,,,,,,,,,
ארע[א,getlex.php?coord=4440320450121&word=2,n.f.,,,,,ground; land; Earth,,,,,ˀrˁ,n.f.,ground; land; Earth
]בבני,getlex.php?coord=4440320450121&word=1,prep. n.m.,,,,,"in, with",son,,,,b_,prep. n.m.,"in, with | son"
[٠٠٠٠,getlex.php?coord=4440320450121&word=0,,,,,,,,,,,,,
,getlex.php?coord=4440320450120&word=3,,,,,,,,,,,,,
כ֗[ול,getlex.php?coord=4440320450120&word=2,n.(pr.),,,,,"all, every",,,,,kl,n.(pr.),"all, every"
ו]ישמחון,getlex.php?coord=4440320450120&word=1,vb. G D,,,,,D to make glad,,,,,śmḥ,vb. G D,D to make glad
[٠٠٠٠,getlex.php?coord=4440320450120&word=0,,,,,,,,,,,,,
,getlex.php?coord=4440320440011&word=5,,,,,,,,,,,,,
א֗ל[וה,getlex.php?coord=4440320440011&word=4,n.m.,,,,,god,,,,,ˀlh,n.m.,god
ד֗י֗,getlex.php?coord=4440320440011&word=3,,,,,,,,,,,,,
]ד֗ן֗,getlex.php?coord=4440320440011&word=2,pron.,,,,,this one,,,,,dyn,pron.,this one
]א֗מ֗[רא,getlex.php?coord=4440320440011&word=1,n.m.,,,,,lamb,,,,,ˀmr,n.m.,lamb
[٠٠٠٠,getlex.php?coord=4440320440011&word=0,,,,,,,,,,,,,
,getlex.php?coord=4440320440010&word=8,,,,,,,,,,,,,
מ֗[שכן,getlex.php?coord=4440320440010&word=7,n.m.,,,,,tent,,,,,mškn,n.m.,tent
ועבד,getlex.php?coord=4440320440010&word=6,conj. vb. a/e G D C Gt Ct quad,,,,,"and, also","to make, act, do",,,,w_,conj. vb. a/e G D C Gt Ct quad,"and, also | to make, act, do"
אנוש,getlex.php?coord=4440320440010&word=5,n.m.,,,,,human being,,,,,ˀnwš,n.m.,human being
והוא,getlex.php?coord=4440320440010&word=4,conj. vb. G C Gt Ct,,,,,"and, also","to be, to become",,,,w_,conj. vb. G C Gt Ct,"and, also | to be, to become"
אתהפך,getlex.php?coord=4440320440010&word=3,vb. a/u G D C Gt Dt Ct,,,,,to turn around/over,,,,,hpk,vb. a/u G D C Gt Dt Ct,to turn around/over
]ד֗ן,getlex.php?coord=4440320440010&word=2,pron.,,,,,this one,,,,,dyn,pron.,this one
א]מ֗ר֗[א,getlex.php?coord=4440320440010&word=1,n.m.,,,,,lamb,,,,,ˀmr,n.m.,lamb
[٠٠٠٠,getlex.php?coord=4440320440010&word=0,,,,,,,,,,,,,
,getlex.php?coord=4440320440009&word=8,,,,,,,,,,,,,
ע֗[ל,getlex.php?coord=4440320440009&word=7,prep.,,,,,upon; against; to,,,,,ˁl,prep.,upon; against; to
י֗מא,getlex.php?coord=4440320440009&word=6,vb. a(i)/e G C Ct,,,,,to swear,,,,,ymy,vb. a(i)/e G C Ct,to swear
ול֗א֗עקה,getlex.php?coord=4440320440009&word=5,conj. vb. a(i)/u G D C Dt Ct,,,,,"and, also",to be in narrow straits,,,,w_,conj. vb. a(i)/u G D C Dt Ct,"and, also | to be in narrow straits"
ולפגעה/ולבגעה#2#/,getlex.php?coord=4440320440009&word=4,conj. vb. a/a vb. G D C G,,,,,"and, also","to chance upon, happen to",(??),,,w_,conj. vb. a/a vb. G D C G,"and, also | to chance upon, happen to | (??)"
ל]מ֗גלא֗/ל]ב֗גלא֗#2#/,getlex.php?coord=4440320440009&word=3,vb. a/e vb. a/u G D C Gt Dt Ct G C Gt,,,,,to uncover; D to exile,to chatter,,,,gly,vb. a/e vb. a/u G D C Gt Dt Ct G C Gt,to uncover; D to exile | to chatter
לא[٠,getlex.php?coord=4440320440009&word=2,adv.,,,,,"no, not",,,,,lˀ,adv.,"no, not"
]דן,getlex.php?coord=4440320440009&word=1,pron.,,,,,this one,,,,,dyn,pron.,this one
[٠٠٠٠,getlex.php?coord=4440320440009&word=0,,,,,,,,,,,,,
,getlex.php?coord=4440320440008&word=8,,,,,,,,,,,,,
לדיריה[ון,getlex.php?coord=4440320440008&word=7,n.m./f.,,,,,dwelling; monastery,,,,,dyr,n.m./f.,dwelling; monastery
טעיתא,getlex.php?coord=4440320440008&word=6,adj.,,,,,wandering,,,,,ṭˁy,adj.,wandering
ענא,getlex.php?coord=4440320440008&word=5,n.f.pl.t.,,,,,small cattle: sheep and goats,,,,,ˁn,n.f.pl.t.,small cattle: sheep and goats
לכול,getlex.php?coord=4440320440008&word=4,n.(pr.),,,,,"all, every",,,,,kl,n.(pr.),"all, every"
דן,getlex.php?coord=4440320440008&word=3,pron.,,,,,this one,,,,,dyn,pron.,this one
א֗מרא,getlex.php?coord=4440320440008&word=2,n.m.,,,,,lamb,,,,,ˀmr,n.m.,lamb
]אתיב֗,getlex.php?coord=4440320440008&word=1,vb. a/u G C Ct palpel ethpalpal,,,,,to return,,,,,twb,vb. a/u G C Ct palpel ethpalpal,to return
[٠٠٠٠,getlex.php?coord=4440320440008&word=0,,,,,,,,,,,,,
,getlex.php?coord=4440320440007&word=8,,,,,,,,,,,,,
למר[עד,getlex.php?coord=4440320440007&word=7,vb. G C Gt Dt,,,,,to tremble,,,,,rˁd,vb. G C Gt Dt,to tremble
ושריו,getlex.php?coord=4440320440007&word=6,conj. vb. G D C Gt Dt,,,,,"and, also",to loosen; D to begin,,,,w_,conj. vb. G D C Gt Dt,"and, also | to loosen; D to begin"
טע֗י֗תא,getlex.php?coord=4440320440007&word=5,adj.,,,,,wandering,,,,,ṭˁy,adj.,wandering
כ֗ו֗ל,getlex.php?coord=4440320440007&word=4,n.(pr.),,,,,"all, every",,,,,kl,n.(pr.),"all, every"
ו֗ש֗[٠]ט֗ו֗,getlex.php?coord=4440320440007&word=3,conj.,,,,,"and, also",,,,,w_,conj.,"and, also"
ע֗נ֗א֗,getlex.php?coord=4440320440007&word=2,n.f.pl.t.,,,,,small cattle: sheep and goats,,,,,ˁn,n.f.pl.t.,small cattle: sheep and goats
ע]ל֗,getlex.php?coord=4440320440007&word=1,prep.,,,,,upon; against; to,,,,,ˁl,prep.,upon; against; to
,getlex.php?coord=4440320440006&word=6,,,,,,,,,,,,,
לדירהין,getlex.php?coord=4440320440006&word=5,n.m./f.,,,,,dwelling; monastery,,,,,dyr,n.m./f.,dwelling; monastery
למ֗[ת]ב֗,getlex.php?coord=4440320440006&word=4,vb. a/u G C Ct palpel ethpalpal,,,,,to return,,,,,twb,vb. a/u G C Ct palpel ethpalpal,to return
]צ֗בין,getlex.php?coord=4440320440006&word=3,vb. G C Gt,,,,,to desire,,,,,ṣby,vb. G C Gt,to desire
ו֗למ֗ה֗[וא,getlex.php?coord=4440320440006&word=2,conj. vb. G C Gt Ct,,,,,"and, also","to be, to become",,,,w_,conj. vb. G C Gt Ct,"and, also | to be, to become"
ק]ו֗דמוהי,getlex.php?coord=4440320440006&word=1,prep.,,,,,before,,,,,qdm,prep.,before
[٠٠٠٠,getlex.php?coord=4440320440006&word=0,,,,,,,,,,,,,
,getlex.php?coord=4440320440005&word=9,,,,,,,,,,,,,
מת֗[٠٠٠٠,getlex.php?coord=4440320440005&word=8,,,,,,,,,,,,,
שג[א]הין,getlex.php?coord=4440320440005&word=7,,,,,,,,,,,,,
כול,getlex.php?coord=4440320440005&word=6,n.(pr.),,,,,"all, every",,,,,kl,n.(pr.),"all, every"
ואשכח,getlex.php?coord=4440320440005&word=5,conj. vb. a/a G C Gt Ct,,,,,"and, also",to find; to be capable,,,,w_,conj. vb. a/a G C Gt Ct,"and, also | to find; to be capable"
ע֗נ֗א֗,getlex.php?coord=4440320440005&word=4,n.f.pl.t.,,,,,small cattle: sheep and goats,,,,,ˁn,n.f.pl.t.,small cattle: sheep and goats
על,getlex.php?coord=4440320440005&word=3,prep.,,,,,upon; against; to,,,,,ˁl,prep.,upon; against; to
ואתה,getlex.php?coord=4440320440005&word=2,conj. vb. G D C Ct,,,,,"and, also","to come, arrive",,,,w_,conj. vb. G D C Ct,"and, also | to come, arrive"
]ד֗ן֗,getlex.php?coord=4440320440005&word=1,pron.,,,,,this one,,,,,dyn,pron.,this one
[٠٠٠٠,getlex.php?coord=4440320440005&word=0,,,,,,,,,,,,,
,getlex.php?coord=4440320440004&word=11,,,,,,,,,,,,,
[٠٠٠٠,getlex.php?coord=4440320440004&word=10,,,,,,,,,,,,,
על,getlex.php?coord=4440320440004&word=9,prep.,,,,,upon; against; to,,,,,ˁl,prep.,upon; against; to
ר֗ג֗ז,getlex.php?coord=4440320440004&word=8,vb. e/a(u) G D C Gt Dt quad,,,,,to be angry,,,,,rgz,vb. e/a(u) G D C Gt Dt quad,to be angry
ענא,getlex.php?coord=4440320440004&word=7,n.f.pl.t.,,,,,small cattle: sheep and goats,,,,,ˁn,n.f.pl.t.,small cattle: sheep and goats
ומרא,getlex.php?coord=4440320440004&word=6,conj. n.m.,,,,,"and, also","master, lord",,,,w_,conj. n.m.,"and, also | master, lord"
בהון,getlex.php?coord=4440320440004&word=5,prep.,,,,,"in, with",,,,,b_,prep.,"in, with"
ידע,getlex.php?coord=4440320440004&word=4,vb. a/a G C Gt Ct quad quad T,,,,,to know,,,,,ydˁ,vb. a/a G C Gt Ct quad quad T,to know
לא,getlex.php?coord=4440320440004&word=3,adv.,,,,,"no, not",,,,,lˀ,adv.,"no, not"
ואמרא,getlex.php?coord=4440320440004&word=2,conj. n.m.,,,,,"and, also",lamb,,,,w_,conj. n.m.,"and, also | lamb"
ל]ה֗ון,getlex.php?coord=4440320440004&word=1,,,,,,,,,,,,,
[٠٠٠٠,getlex.php?coord=4440320440004&word=0,,,,,,,,,,,,,
,getlex.php?coord=4440320440003&word=9,,,,,,,,,,,,,
לא֗ת֗ס֗[٠٠٠٠,getlex.php?coord=4440320440003&word=8,,,,,,,,,,,,,
שרייא֗,getlex.php?coord=4440320440003&word=7,vb. G D C Gt Dt,,,,,to loosen; D to begin,,,,,šry,vb. G D C Gt Dt,to loosen; D to begin
וענא,getlex.php?coord=4440320440003&word=6,conj. n.f.pl.t.,,,,,"and, also",small cattle: sheep and goats,,,,w_,conj. n.f.pl.t.,"and, also | small cattle: sheep and goats"
דן,getlex.php?coord=4440320440003&word=5,pron.,,,,,this one,,,,,dyn,pron.,this one
כפא,getlex.php?coord=4440320440003&word=4,n.f./m.,,,,,"rock, stone",,,,,kyp,n.f./m.,"rock, stone"
לראש,getlex.php?coord=4440320440003&word=3,n.m.,,,,,head; top; chief,,,,,ryš,n.m.,head; top; chief
וסלק,getlex.php?coord=4440320440003&word=2,conj. vb. e/a(u) G D C Dt Ct,,,,,"and, also",to go up,,,,w_,conj. vb. e/a(u) G D C Dt Ct,"and, also | to go up"
ב]ת֗נ֗ינא,getlex.php?coord=4440320440003&word=1,prep. adj.,,,,,"in, with",second; repetition,,,,b_,prep. adj.,"in, with | second; repetition"
[٠٠٠٠,getlex.php?coord=4440320440003&word=0,,,,,,,,,,,,,
,getlex.php?coord=4440320440002&word=10,,,,,,,,,,,,,
[٠٠٠٠,getlex.php?coord=4440320440002&word=9,,,,,,,,,,,,,
לקו֗ב֗ל֗,getlex.php?coord=4440320440002&word=8,prep.,,,,,opposite,,,,,lwqbl,prep.,opposite
ל֗מ֗ק֗[ם],getlex.php?coord=4440320440002&word=7,"vb. a/u G D C Dt Ct polel, pay/w c el ethpolal, ethpay/w c el",,,,,to rise; to stand; to last,,,,,qwm,"vb. a/u G D C Dt Ct polel, pay/w c el ethpolal, ethpay/w c el",to rise; to stand; to last
אנ֗ח֗נא,getlex.php?coord=4440320440002&word=6,pron.,,,,,we,,,,,ˀnḥnh,pron.,we
יכלי֗ן֗,getlex.php?coord=4440320440002&word=5,vb. e/u G C,,,,,to be able,,,,,ykl,vb. e/u G C,to be able
לא,getlex.php?coord=4440320440002&word=4,adv.,,,,,"no, not",,,,,lˀ,adv.,"no, not"
ביניהון,getlex.php?coord=4440320440002&word=3,prep.,,,,,"between, among",,,,,byn,prep.,"between, among"
ה֗וה,getlex.php?coord=4440320440002&word=2,vb. G C Gt Ct,,,,,"to be, to become",,,,,hwy,vb. G C Gt Ct,"to be, to become"
]ד֗י֗,getlex.php?coord=4440320440002&word=1,,,,,,,,,,,,,
[٠٠٠٠,getlex.php?coord=4440320440002&word=0,,,,,,,,,,,,,
,getlex.php?coord=4440320440001&word=6,,,,,,,,,,,,,
קוד]מ֗[והי,getlex.php?coord=4440320440001&word=5,prep.,,,,,before,,,,,qdm,prep.,before
[٠٠٠٠,getlex.php?coord=4440320440001&word=4,,,,,,,,,,,,,
ד֗[ח]ל֗[י]ן֗,getlex.php?coord=4440320440001&word=3,vb. a(e)/a(u) G D C Gt Dt,,,,,to fear,,,,,dḥl,vb. a(e)/a(u) G D C Gt Dt,to fear
הווא,getlex.php?coord=4440320440001&word=2,vb. G C Gt Ct,,,,,"to be, to become",,,,,hwy,vb. G C Gt Ct,"to be, to become"
וכ֗ו֗להון,getlex.php?coord=4440320440001&word=1,conj. n.(pr.),,,,,"and, also","all, every",,,,w_,conj. n.(pr.),"and, also | all, every"
[٠٠٠٠],getlex.php?coord=4440320440001&word=0,,,,,,,,,,,,,
,getlex.php?coord=4440320411330&word=3,,,,,,,,,,,,,
٠٠٠٠,getlex.php?coord=4440320411330&word=2,,,,,,,,,,,,,
א֗ב֗ר֗[ך,getlex.php?coord=4440320411330&word=1,vb. a/a(u) G D C Dt,,,,,to bow; D to bless,,,,,brk,vb. a/a(u) G D C Dt,to bow; D to bless
באד֗ין֗,getlex.php?coord=4440320411330&word=0,conj.,,,,,then,,,,,bˀdyn,conj.,then
,getlex.php?coord=4440320411329&word=1,,,,,,,,,,,,,
[##,getlex.php?coord=4440320411329&word=0,,,,,,,,,,,,,
,getlex.php?coord=4440320411328&word=3,,,,,,,,,,,,,
٠٠٠٠,getlex.php?coord=4440320411328&word=2,,,,,,,,,,,,,
[נ]פ֗ק֗[ין,getlex.php?coord=4440320411328&word=1,vb. a/u G D C Dt Ct,,,,,to go out,,,,,npq,vb. a/u G D C Dt Ct,to go out
ש֗מ֗[י]א֗,getlex.php?coord=4440320411328&word=0,n.m.pl.t.,,,,,heaven; ceiling,,,,,šmyn,n.m.pl.t.,heaven; ceiling
,getlex.php?coord=4440320411327&word=4,,,,,,,,,,,,,
٠٠٠٠,getlex.php?coord=4440320411327&word=3,,,,,,,,,,,,,
ת֗ל[תתהון,getlex.php?coord=4440320411327&word=2,num.,,,,,three,,,,,tlt,num.,three
תרעין,getlex.php?coord=4440320411327&word=1,n.m.,,,,,gate,,,,,trˁ,n.m.,gate
אח֗ז֗י֗ת,getlex.php?coord=4440320411327&word=0,"vb. G D C Gt Ct ethpolal, ethpay/w c el",,,,,to see,,,,,ḥzy,"vb. G D C Gt Ct ethpolal, ethpay/w c el",to see
,getlex.php?coord=4440320411326&word=5,,,,,,,,,,,,,
٠٠٠٠,getlex.php?coord=4440320411326&word=4,,,,,,,,,,,,,
ומט[ר,getlex.php?coord=4440320411326&word=3,conj. n.m.,,,,,"and, also",rain,,,,w_,conj. n.m.,"and, also | rain"
לטל,getlex.php?coord=4440320411326&word=2,n.m.,,,,,dew,,,,,ṭl,n.m.,dew
דרומא,getlex.php?coord=4440320411326&word=1,n.m.,,,,,south,,,,,drwm,n.m.,south
לרוח,getlex.php?coord=4440320411326&word=0,n.f./m.,,,,,wind; spirit,,,,,rwḥ,n.f./m.,wind; spirit
,getlex.php?coord=4440320411325&word=6,,,,,,,,,,,,,
٠٠٠٠,getlex.php?coord=4440320411325&word=5,,,,,,,,,,,,,
ס֗[יאפי,getlex.php?coord=4440320411325&word=4,n.m.,,,,,end,,,,,syp,n.m.,end
לדרום,getlex.php?coord=4440320411325&word=3,n.m.,,,,,south,,,,,drwm,n.m.,south
אובלת,getlex.php?coord=4440320411325&word=2,vb. G D C Gt Dt Ct,,,,,to bring,,,,,ybl,vb. G D C Gt Dt Ct,to bring
תמן,getlex.php?coord=4440320411325&word=1,adv.,,,,,there,,,,,tmh,adv.,there
מן,getlex.php?coord=4440320411325&word=0,prep.,,,,,from,,,,,mn,prep.,from
,getlex.php?coord=4440320411324&word=4,,,,,,,,,,,,,
٠٠٠٠,getlex.php?coord=4440320411324&word=3,,,,,,,,,,,,,
באד֗[ין,getlex.php?coord=4440320411324&word=2,conj.,,,,,then,,,,,bˀdyn,conj.,then
,getlex.php?coord=4440320411324&word=1,,,,,,,,,,,,,
חשבוניהון,getlex.php?coord=4440320411324&word=0,n.m.,,,,,calculation,,,,,ḥwšbn,n.m.,calculation
,getlex.php?coord=4440320411323&word=3,,,,,,,,,,,,,
٠٠٠٠,getlex.php?coord=4440320411323&word=2,,,,,,,,,,,,,
פת֗י֗[חין,getlex.php?coord=4440320411323&word=1,vb. a/a G D C Gt Dt,,,,,to open,,,,,ptḥ,vb. a/a G D C Gt Dt,to open
תרעין,getlex.php?coord=4440320411323&word=0,n.m.,,,,,gate,,,,,trˁ,n.m.,gate
,getlex.php?coord=4440320411208&word=6,,,,,,,,,,,,,
טו[ר]י֗ן,getlex.php?coord=4440320411208&word=5,n.m.,,,,,mountain,,,,,ṭwr,n.m.,mountain
אחזיאת,getlex.php?coord=4440320411208&word=4,"vb. G D C Gt Ct ethpolal, ethpay/w c el",,,,,to see,,,,,ḥzy,"vb. G D C Gt Ct ethpolal, ethpay/w c el",to see
מדנחה[ו]ן,getlex.php?coord=4440320411208&word=3,n.m./f.,,,,,east,,,,,mdnḥ,n.m./f.,east
כ֗לצפון,getlex.php?coord=4440320411208&word=2,adv.,,,,,northerly,,,,,klṣpwn,adv.,northerly
],getlex.php?coord=4440320411208&word=1,,,,,,,,,,,,,
[٠٠٠٠,getlex.php?coord=4440320411208&word=0,,,,,,,,,,,,,
,getlex.php?coord=4440320411207&word=7,pron.,,,,,these (m. and f.),,,,,ˀlyn,pron.,these (m. and f.)
אלן,getlex.php?coord=4440320411207&word=6,,,,,,,,,,,,,
,getlex.php?coord=4440320411207&word=5,n.f.,,,,,bark; scale,,,,,qlph,n.f.,bark; scale
קליפיא,getlex.php?coord=4440320411207&word=4,vb. a/u G D C Gt Dt quad,,,,,to pound,,,,,dqq,vb. a/u G D C Gt Dt quad,to pound
מדקין,getlex.php?coord=4440320411207&word=3,conj.,,,,,when,,,,,kd,conj.,when
כדי,getlex.php?coord=4440320411207&word=2,n.m.,,,,,smell,,,,,ryḥ,n.m.,smell
רו֗ח֗,getlex.php?coord=4440320411207&word=1,n.m.,,,,,"smell, spice",,,,,bsm,n.m.,"smell, spice"
[٠٠٠٠]ם,getlex.php?coord=4440320411207&word=0,,,,,,,,,,,,,
,getlex.php?coord=4440320411206&word=10,,,,,,,,,,,,,
[٠٠٠٠,getlex.php?coord=4440320411206&word=9,,,,,,,,,,,,,
לקלפי,getlex.php?coord=4440320411206&word=8,v.n.D,,,,,peeling off,,,,,qlwp,v.n.D,peeling off
דמא,getlex.php?coord=4440320411206&word=7,vb. G D C Dt Ct,,,,,to be like,,,,,dmy,vb. G D C Dt Ct,to be like
ו֗הוא,getlex.php?coord=4440320411206&word=6,conj. pron.,,,,,"and, also",he,,,,w_,conj. pron.,"and, also | he"
[٠٠٠],getlex.php?coord=4440320411206&word=5,,,,,,,,,,,,,
מ]ל[י]ן,getlex.php?coord=4440320411206&word=4,adj./n.m,,,,,full,,,,,mly,adj./n.m,full
א֗[לן/ד֗[בה#2#/,getlex.php?coord=4440320411206&word=3,pron. prep.,,,,,these (m. and f.),"in, with",,,,ˀlyn,pron. prep.,"these (m. and f.) | in, with"
אי֗לנ֗יא,getlex.php?coord=4440320411206&word=2,n.m.,,,,,tree,,,,,ˀyln,n.m.,tree
ו]כ֗ו֗ל֗,getlex.php?coord=4440320411206&word=1,conj. n.(pr.),,,,,"and, also","all, every",,,,w_,conj. n.(pr.),"and, also | all, every"
[٠٠٠٠,getlex.php?coord=4440320411206&word=0,,,,,,,,,,,,,
,getlex.php?coord=4440320411205&word=8,,,,,,,,,,,,,
טור,getlex.php?coord=4440320411205&word=7,n.m.,,,,,mountain,,,,,ṭwr,n.m.,mountain
אחזיאת,getlex.php?coord=4440320411205&word=6,"vb. G D C Gt Ct ethpolal, ethpay/w c el",,,,,to see,,,,,ḥzy,"vb. G D C Gt Ct ethpolal, ethpay/w c el",to see
אלן,getlex.php?coord=4440320411205&word=5,pron.,,,,,these (m. and f.),,,,,ˀlyn,pron.,these (m. and f.)
טוריא,getlex.php?coord=4440320411205&word=4,n.m.,,,,,mountain,,,,,ṭwr,n.m.,mountain
מן,getlex.php?coord=4440320411205&word=3,prep.,,,,,from,,,,,mn,prep.,from
[ול]ה֗לא,getlex.php?coord=4440320411205&word=2,conj. adv.,,,,,"and, also","far off, further on",,,,w_,conj. adv.,"and, also | far off, further on"
וחלבנ]ה֗,getlex.php?coord=4440320411205&word=1,conj. n.f.,,,,,"and, also",galbanum,,,,w_,conj. n.f.,"and, also | galbanum"
[٠٠٠٠,getlex.php?coord=4440320411205&word=0,,,,,,,,,,,,,
,getlex.php?coord=4440320411204&word=9,,,,,,,,,,,,,
נ֗פ֗ק֗,getlex.php?coord=4440320411204&word=8,vb. a/u G D C Dt Ct,,,,,to go out,,,,,npq,vb. a/u G D C Dt Ct,to go out
די,getlex.php?coord=4440320411204&word=7,,,,,,,,,,,,,
אילנין,getlex.php?coord=4440320411204&word=6,n.m.,,,,,tree,,,,,ˀyln,n.m.,tree
חזית,getlex.php?coord=4440320411204&word=5,"vb. G D C Gt Ct ethpolal, ethpay/w c el",,,,,to see,,,,,ḥzy,"vb. G D C Gt Ct ethpolal, ethpay/w c el",to see
בהון,getlex.php?coord=4440320411204&word=4,prep.,,,,,"in, with",,,,,b_,prep.,"in, with"
ואף,getlex.php?coord=4440320411204&word=3,conj. conj.,,,,,"and, also","also, even",,,,w_,conj. conj.,"and, also | also, even"
אח֗רנין,getlex.php?coord=4440320411204&word=2,pron.,,,,,other,,,,,ˀwḥrn,pron.,other
טורי]ן֗,getlex.php?coord=4440320411204&word=1,n.m.,,,,,mountain,,,,,ṭwr,n.m.,mountain
[٠٠٠٠,getlex.php?coord=4440320411204&word=0,,,,,,,,,,,,,
,getlex.php?coord=4440320411203&word=7,,,,,,,,,,,,,
נחל֗[י]א,getlex.php?coord=4440320411203&word=6,n.m.,,,,,wadi,,,,,nḥl,n.m.,wadi
מן,getlex.php?coord=4440320411203&word=5,prep.,,,,,from,,,,,mn,prep.,from
ולהלא,getlex.php?coord=4440320411203&word=4,conj. adv.,,,,,"and, also","far off, further on",,,,w_,conj. adv.,"and, also | far off, further on"
בשמא,getlex.php?coord=4440320411203&word=3,n.m.,,,,,"smell, spice",,,,,bsm,n.m.,"smell, spice"
קו֗נם,getlex.php?coord=4440320411203&word=2,n.m.,,,,,cinnamon,,,,,qnmwn,n.m.,cinnamon
חזי]ת֗,getlex.php?coord=4440320411203&word=1,"vb. G D C Gt Ct ethpolal, ethpay/w c el",,,,,to see,,,,,ḥzy,"vb. G D C Gt Ct ethpolal, ethpay/w c el",to see
[٠٠٠٠,getlex.php?coord=4440320411203&word=0,,,,,,,,,,,,,
,getlex.php?coord=4440320411202&word=6,,,,,,,,,,,,,
די,getlex.php?coord=4440320411202&word=5,,,,,,,,,,,,,
בשמא,getlex.php?coord=4440320411202&word=4,n.m.,,,,,"smell, spice",,,,,bsm,n.m.,"smell, spice"
די,getlex.php?coord=4440320411202&word=3,,,,,,,,,,,,,
טביא,getlex.php?coord=4440320411202&word=2,adj.,,,,,good,,,,,ṭb,adj.,good
קניא,getlex.php?coord=4440320411202&word=1,n.m./f.,,,,,reed,,,,,qnh,n.m./f.,reed
[٠٠٠٠],getlex.php?coord=4440320411202&word=0,,,,,,,,,,,,,
,getlex.php?coord=4440320411201&word=4,,,,,,,,,,,,,
אר֗חקת,getlex.php?coord=4440320411201&word=3,vb. /a(u) G D C Dt,,,,,to be(come) distant,,,,,rḥq,vb. /a(u) G D C Dt,to be(come) distant
מ֗נהון,getlex.php?coord=4440320411201&word=2,prep.,,,,,from,,,,,mn,prep.,from
ולהל]א֗,getlex.php?coord=4440320411201&word=1,conj. adv.,,,,,"and, also","far off, further on",,,,w_,conj. adv.,"and, also | far off, further on"
[٠٠٠٠,getlex.php?coord=4440320411201&word=0,,,,,,,,,,,,,
,getlex.php?coord=4440320410830&word=3,,,,,,,,,,,,,
נ[٠٠٠٠,getlex.php?coord=4440320410830&word=2,,,,,,,,,,,,,
דן,getlex.php?coord=4440320410830&word=1,pron.,,,,,this one,,,,,dyn,pron.,this one
מן,getlex.php?coord=4440320410830&word=0,prep.,,,,,from,,,,,mn,prep.,from
,getlex.php?coord=4440320410829&word=3,,,,,,,,,,,,,
٠٠٠٠,getlex.php?coord=4440320410829&word=2,,,,,,,,,,,,,
עמוד֗[י,getlex.php?coord=4440320410829&word=1,n.m.,,,,,column,,,,,ˁmwd,n.m.,column
בה,getlex.php?coord=4440320410829&word=0,prep.,,,,,"in, with",,,,,b_,prep.,"in, with"
,getlex.php?coord=4440320410828&word=3,,,,,,,,,,,,,
٠٠٠٠,getlex.php?coord=4440320410828&word=2,,,,,,,,,,,,,
אשת֗[יציו,getlex.php?coord=4440320410828&word=1,vb. quad quad T,,,,,"to destroy, finish",,,,,šyṣy,vb. quad quad T,"to destroy, finish"
ותמן,getlex.php?coord=4440320410828&word=0,conj. adv.,,,,,"and, also",there,,,,w_,conj. adv.,"and, also | there"
,getlex.php?coord=4440320410827&word=3,,,,,,,,,,,,,
٠٠٠٠,getlex.php?coord=4440320410827&word=2,,,,,,,,,,,,,
א[יתי,getlex.php?coord=4440320410827&word=1,vb./adv.,,,,,"there is, exists",,,,,ˀyt,vb./adv.,"there is, exists"
כ֗רס֗א,getlex.php?coord=4440320410827&word=0,n.m.,,,,,"chair, throne",,,,,kwrsy,n.m.,"chair, throne"
,getlex.php?coord=4440320410702&word=4,,,,,,,,,,,,,
٠٠٠٠,getlex.php?coord=4440320410702&word=3,,,,,,,,,,,,,
רב֗[א,getlex.php?coord=4440320410702&word=2,adj.,,,,,"great, big",,,,,rb,adj.,"great, big"
ת]לגא,getlex.php?coord=4440320410702&word=1,n.m.,,,,,snow,,,,,tlg,n.m.,snow
[٠٠٠٠,getlex.php?coord=4440320410702&word=0,,,,,,,,,,,,,
,getlex.php?coord=4440320410701&word=6,,,,,,,,,,,,,
٠٠٠٠,getlex.php?coord=4440320410701&word=5,,,,,,,,,,,,,
ד֗[י,getlex.php?coord=4440320410701&word=4,,,,,,,,,,,,,
]ש֗בלין,getlex.php?coord=4440320410701&word=3,n.f./(m.),,,,,ear of grain,,,,,šblh,n.f./(m.),ear of grain
٠٠٠٠,getlex.php?coord=4440320410701&word=2,,,,,,,,,,,,,
כ]ר֗ובי֗[ן,getlex.php?coord=4440320410701&word=1,n.m.,,,,,cherub,,,,,krwb,n.m.,cherub
[٠٠٠٠,getlex.php?coord=4440320410701&word=0,,,,,,,,,,,,,
,getlex.php?coord=4440320410629&word=5,,,,,,,,,,,,,
٠٠٠٠,getlex.php?coord=4440320410629&word=4,,,,,,,,,,,,,
לכו֗[ן,getlex.php?coord=4440320410629&word=3,,,,,,,,,,,,,
לאד֗מ֗ה,getlex.php?coord=4440320410629&word=2,vb. G D C Dt Ct,,,,,to be like,,,,,dmy,vb. G D C Dt Ct,to be like
א]כ֗ל,getlex.php?coord=4440320410629&word=1,vb. e/u G C,,,,,to be able,,,,,ykl,vb. e/u G C,to be able
[٠٠٠٠,getlex.php?coord=4440320410629&word=0,,,,,,,,,,,,,
,getlex.php?coord=4440320410628&word=7,,,,,,,,,,,,,
٠٠٠٠,getlex.php?coord=4440320410628&word=6,,,,,,,,,,,,,
וכולה֗[,getlex.php?coord=4440320410628&word=5,conj. n.(pr.),,,,,"and, also","all, every",,,,w_,conj. n.(pr.),"and, also | all, every"
רב,getlex.php?coord=4440320410628&word=4,adj.,,,,,"great, big",,,,,rb,adj.,"great, big"
דן,getlex.php?coord=4440320410628&word=3,pron.,,,,,this one,,,,,dyn,pron.,this one
מן,getlex.php?coord=4440320410628&word=2,prep.,,,,,from,,,,,mn,prep.,from
ד]ן֗,getlex.php?coord=4440320410628&word=1,pron.,,,,,this one,,,,,dyn,pron.,this one
[٠٠٠٠,getlex.php?coord=4440320410628&word=0,,,,,,,,,,,,,
,getlex.php?coord=4440320410627&word=4,,,,,,,,,,,,,
[٠٠٠٠,getlex.php?coord=4440320410627&word=3,,,,,,,,,,,,,
ונפלת,getlex.php?coord=4440320410627&word=2,conj. vb. a/e(u) G D C Gt Dt,,,,,"and, also",to fall; befall,,,,w_,conj. vb. a/e(u) G D C Gt Dt,"and, also | to fall; befall"
ורע]ד֗,getlex.php?coord=4440320410627&word=1,conj. vb. G C Gt Dt,,,,,"and, also",to tremble,,,,w_,conj. vb. G C Gt Dt,"and, also | to tremble"
[٠٠٠٠,getlex.php?coord=4440320410627&word=0,,,,,,,,,,,,,
,getlex.php?coord=4440320410626&word=4,,,,,,,,,,,,,
٠٠٠٠,getlex.php?coord=4440320410626&word=3,,,,,,,,,,,,,
וכול[,getlex.php?coord=4440320410626&word=2,conj. n.(pr.),,,,,"and, also","all, every",,,,w_,conj. n.(pr.),"and, also | all, every"
כ]ת֗לגא,getlex.php?coord=4440320410626&word=1,prep. n.m.,,,,,like,snow,,,,k_,prep. n.m.,like | snow
[٠٠٠٠,getlex.php?coord=4440320410626&word=0,,,,,,,,,,,,,
,getlex.php?coord=4440320410625&word=4,,,,,,,,,,,,,
٠٠٠٠,getlex.php?coord=4440320410625&word=3,,,,,,,,,,,,,
כתליהו[ן,getlex.php?coord=4440320410625&word=2,n.m.,,,,,wall,,,,,kwtl,n.m.,wall
ל]כ֗ול,getlex.php?coord=4440320410625&word=1,n.(pr.),,,,,"all, every",,,,,kl,n.(pr.),"all, every"
[٠٠٠٠,getlex.php?coord=4440320410625&word=0,,,,,,,,,,,,,
,getlex.php?coord=4440320410624&word=5,,,,,,,,,,,,,
٠٠٠٠,getlex.php?coord=4440320410624&word=4,,,,,,,,,,,,,
אש֗[ן,getlex.php?coord=4440320410624&word=3,n.m.,,,,,foundation,,,,,ˀwš,n.m.,foundation
תלג,getlex.php?coord=4440320410624&word=2,n.m.,,,,,snow,,,,,tlg,n.m.,snow
ד]י֗,getlex.php?coord=4440320410624&word=1,,,,,,,,,,,,,
[٠٠٠٠,getlex.php?coord=4440320410624&word=0,,,,,,,,,,,,,
,getlex.php?coord=4440320410623&word=6,,,,,,,,,,,,,
٠٠٠٠,getlex.php?coord=4440320410623&word=5,,,,,,,,,,,,,
ר[ב,getlex.php?coord=4440320410623&word=4,adj.,,,,,"great, big",,,,,rb,adj.,"great, big"
לביא,getlex.php?coord=4440320410623&word=3,n.m./f.,,,,,house; structure; place,,,,,by,n.m./f.,house; structure; place
אדבקת,getlex.php?coord=4440320410623&word=2,vb. e(a)/a(u) G D C Gt Dt,,,,,"to stick to, to adhere",,,,,dbq,vb. e(a)/a(u) G D C Gt Dt,"to stick to, to adhere"
ד]י֗,getlex.php?coord=4440320410623&word=1,,,,,,,,,,,,,
[עד,getlex.php?coord=4440320410623&word=0,conj.,,,,,until,,,,,ˁd,conj.,until
,getlex.php?coord=4440320410622&word=5,,,,,,,,,,,,,
٠٠٠٠,getlex.php?coord=4440320410622&word=4,,,,,,,,,,,,,
סחור סח֗[ור,getlex.php?coord=4440320410622&word=3,adv.,,,,,all around,,,,,sḥwr sḥwr,adv.,all around
סחרין,getlex.php?coord=4440320410622&word=2,vb. a/a G D C Gt,,,,,to go around; to beg,,,,,sḥr,vb. a/a G D C Gt,to go around; to beg
נור,getlex.php?coord=4440320410622&word=1,n.f.(m.),,,,,fire,,,,,nwr,n.f.(m.),fire
[ולשנ]י֗,getlex.php?coord=4440320410622&word=0,conj. n.m.,,,,,"and, also",tongue,,,,w_,conj. n.m.,"and, also | tongue"
,getlex.php?coord=4440320410621&word=5,,,,,,,,,,,,,
٠٠٠٠,getlex.php?coord=4440320410621&word=4,,,,,,,,,,,,,
ב֗[שמיא,getlex.php?coord=4440320410621&word=3,prep. n.m.pl.t.,,,,,"in, with",heaven; ceiling,,,,b_,prep. n.m.pl.t.,"in, with | heaven; ceiling"
ואע֗[לו]ני,getlex.php?coord=4440320410621&word=2,conj. vb. a/u G D C Dt Ct,,,,,"and, also",to enter,,,,w_,conj. vb. a/u G D C Dt Ct,"and, also | to enter"
ואובלוני,getlex.php?coord=4440320410621&word=1,conj. vb. G D C Gt Dt Ct,,,,,"and, also",to bring,,,,w_,conj. vb. G D C Gt Dt Ct,"and, also | to bring"
לעלא,getlex.php?coord=4440320410621&word=0,,,,,,,,,,,,,
,getlex.php?coord=4440320410620&word=5,,,,,,,,,,,,,
٠٠٠٠,getlex.php?coord=4440320410620&word=4,,,,,,,,,,,,,
וב[רקין,getlex.php?coord=4440320410620&word=3,conj. n.m.,,,,,"and, also",lightning,,,,w_,conj. n.m.,"and, also | lightning"
וזיקין,getlex.php?coord=4440320410620&word=2,conj. n.m./f.,,,,,"and, also",fire flash; storm wind; flatus,,,,w_,conj. n.m./f.,"and, also | fire flash; storm wind; flatus"
זעקין,getlex.php?coord=4440320410620&word=1,v.n.,,,,,crying out,,,,,zˁq,v.n.,crying out
לי,getlex.php?coord=4440320410620&word=0,,,,,,,,,,,,,
,getlex.php?coord=4440320410619&word=6,,,,,,,,,,,,,
٠٠٠٠,getlex.php?coord=4440320410619&word=5,,,,,,,,,,,,,
כתבת[,getlex.php?coord=4440320410619&word=4,vb. a/u G D C Gt,,,,,to write,,,,,ktb,vb. a/u G D C Gt,to write
אנה,getlex.php?coord=4440320410619&word=3,pron.,,,,,I,,,,,ˀnh,pron.,I
די,getlex.php?coord=4440320410619&word=2,,,,,,,,,,,,,
כתבא,getlex.php?coord=4440320410619&word=1,v.n.,,,,,writing,,,,,ktb,v.n.,writing
מן,getlex.php?coord=4440320410619&word=0,prep.,,,,,from,,,,,mn,prep.,from
,getlex.php?coord=4440320410618&word=4,,,,,,,,,,,,,
٠٠٠٠,getlex.php?coord=4440320410618&word=3,,,,,,,,,,,,,
ומתחנ֗[נין,getlex.php?coord=4440320410618&word=2,conj. vb. a/u G D Gt Dt,,,,,"and, also",to show mercy,,,,w_,conj. vb. a/u G D Gt Dt,"and, also | to show mercy"
בעין,getlex.php?coord=4440320410618&word=1,vb. G D Gt Dt,,,,,"to ask, to beg, to inquire",,,,,bˁy,vb. G D Gt Dt,"to ask, to beg, to inquire"
אנתון,getlex.php?coord=4440320410618&word=0,pron.,,,,,you (m. pl.),,,,,ˀntwn,pron.,you (m. pl.)
,getlex.php?coord=4440320410617&word=6,,,,,,,,,,,,,
٠٠٠٠,getlex.php?coord=4440320410617&word=5,,,,,,,,,,,,,
על[יהון,getlex.php?coord=4440320410617&word=4,prep.,,,,,upon; against; to,,,,,ˁl,prep.,upon; against; to
ב[עית]ו֗ן֗/ב[עותכ]ו֗ן֗#2#/,getlex.php?coord=4440320410617&word=3,vb. n.f. G D Gt Dt,,,,,"to ask, to beg, to inquire",petition,,,,bˁy,vb. n.f. G D Gt Dt,"to ask, to beg, to inquire | petition"
די,getlex.php?coord=4440320410617&word=2,,,,,,,,,,,,,
כלקובל,getlex.php?coord=4440320410617&word=1,conj.,,,,,because,,,,,klqwbl,conj.,because
אבדן,getlex.php?coord=4440320410617&word=0,n.m.,,,,,"destruction, ruin",,,,,ˀbdn,n.m.,"destruction, ruin"
,getlex.php?coord=4440320410616&word=5,,,,,,,,,,,,,
٠٠٠٠,getlex.php?coord=4440320410616&word=4,,,,,,,,,,,,,
חביבי֗כ֗[ון,getlex.php?coord=4440320410616&word=3,adj./n.,,,,,dear one; uncle,,,,,ḥbyb,adj./n.,dear one; uncle
]די,getlex.php?coord=4440320410616&word=2,,,,,,,,,,,,,
ובק[٠٠٠٠٠٠,getlex.php?coord=4440320410616&word=1,,,,,,,,,,,,,
בניהון,getlex.php?coord=4440320410616&word=0,n.m.,,,,,son,,,,,br,n.m.,son
,getlex.php?coord=4440320410615&word=7,,,,,,,,,,,,,
٠٠٠٠,getlex.php?coord=4440320410615&word=6,,,,,,,,,,,,,
ע[למא,getlex.php?coord=4440320410615&word=5,n.m.,,,,,eternity; world,,,,,ˁlm,n.m.,eternity; world
יומי,getlex.php?coord=4440320410615&word=4,n.m.,,,,,day,,,,,ywm,n.m.,day
כול,getlex.php?coord=4440320410615&word=3,n.(pr.),,,,,"all, every",,,,,kl,n.(pr.),"all, every"
עד,getlex.php?coord=4440320410615&word=2,prep.,,,,,until,,,,,ˁd,prep.,until
למאסר]כון,getlex.php?coord=4440320410615&word=1,vb. a/a G D C Gt,,,,,to bind; to prohibit,,,,,ˀsr,vb. a/a G D C Gt,to bind; to prohibit
[٠٠٠٠,getlex.php?coord=4440320410615&word=0,,,,,,,,,,,,,
,getlex.php?coord=4440320410614&word=7,,,,,,,,,,,,,
٠٠٠٠,getlex.php?coord=4440320410614&word=6,,,,,,,,,,,,,
כ֗[ען,getlex.php?coord=4440320410614&word=5,adv.,,,,,now,,,,,kˁn,adv.,now
מן,getlex.php?coord=4440320410614&word=4,prep.,,,,,from,,,,,mn,prep.,from
עוד,getlex.php?coord=4440320410614&word=3,adv.,,,,,still; again,,,,,ˁwd,adv.,still; again
די,getlex.php?coord=4440320410614&word=2,,,,,,,,,,,,,
עלי]כון,getlex.php?coord=4440320410614&word=1,prep.,,,,,upon; against; to,,,,,ˁl,prep.,upon; against; to
ו֗בגזירו֗א֗[,getlex.php?coord=4440320410614&word=0,conj. prep. n.f.,,,,,"and, also","in, with",decision,,,w_,conj. prep. n.f.,"and, also | in, with | decision"
,getlex.php?coord=4440320410613&word=7,,,,,,,,,,,,,
٠٠٠٠,getlex.php?coord=4440320410613&word=6,,,,,,,,,,,,,
בע֗י[תון/בע֗ו[תכון#2#/,getlex.php?coord=4440320410613&word=5,vb. n.f. G D Gt Dt,,,,,"to ask, to beg, to inquire",petition,,,,bˁy,vb. n.f. G D Gt Dt,"to ask, to beg, to inquire | petition"
די,getlex.php?coord=4440320410613&word=4,,,,,,,,,,,,,
כלקובל,getlex.php?coord=4440320410613&word=3,conj.,,,,,because,,,,,klqwbl,conj.,because
את]ח֗ז֗ית,getlex.php?coord=4440320410613&word=2,"vb. G D C Gt Ct ethpolal, ethpay/w c el",,,,,to see,,,,,ḥzy,"vb. G D C Gt Ct ethpolal, ethpay/w c el",to see
לי֗[,getlex.php?coord=4440320410613&word=1,,,,,,,,,,,,,
ו֗ב֗חזוה,getlex.php?coord=4440320410613&word=0,conj. prep. n.m.,,,,,"and, also","in, with",appearance; vision,,,w_,conj. prep. n.m.,"and, also | in, with | appearance; vision"
,getlex.php?coord=4440320410612&word=8,,,,,,,,,,,,,
٠٠٠٠,getlex.php?coord=4440320410612&word=7,,,,,,,,,,,,,
לא֗[וכחה,getlex.php?coord=4440320410612&word=6,vb. C Dt Ct,,,,,C to admonish,,,,,ykḥ,vb. C Dt Ct,C to admonish
וברא,getlex.php?coord=4440320410612&word=5,conj. vb. G C Gt,,,,,"and, also",to create,,,,w_,conj. vb. G C Gt,"and, also | to create"
וע֗בד,getlex.php?coord=4440320410612&word=4,conj. vb. a/e G D C Gt Ct quad,,,,,"and, also","to make, act, do",,,,w_,conj. vb. a/e G D C Gt Ct quad,"and, also | to make, act, do"
חלק,getlex.php?coord=4440320410612&word=3,vb. a/u G D Gt,,,,,"to assign to, divide up",,,,,ḥlq,vb. a/u G D Gt,"to assign to, divide up"
ל֗י֗א֗,getlex.php?coord=4440320410612&word=2,,,,,,,,,,,,,
מנדע,getlex.php?coord=4440320410612&word=1,n.m.,,,,,intelligence,,,,,mdˁ,n.m.,intelligence
[מל]י֗,getlex.php?coord=4440320410612&word=0,n.f.,,,,,"word, speech; thing",,,,,mlh,n.f.,"word, speech; thing"
,getlex.php?coord=4440320410611&word=7,,,,,,,,,,,,,
٠٠٠٠,getlex.php?coord=4440320410611&word=6,,,,,,,,,,,,,
]ל֗מ֗ל֗[לה,getlex.php?coord=4440320410611&word=5,vb. D C Dt,,,,,D to speak,,,,,mll,vb. D C Dt,D to speak
[٠٠٠٠,getlex.php?coord=4440320410611&word=4,,,,,,,,,,,,,
לבני,getlex.php?coord=4440320410611&word=3,n.m.,,,,,son,,,,,br,n.m.,son
]ר֗בא,getlex.php?coord=4440320410611&word=2,adj.,,,,,"great, big",,,,,rb,adj.,"great, big"
יה[ב,getlex.php?coord=4440320410611&word=1,vb. a/a G C Gt,,,,,to give,,,,,yhb,vb. a/a G C Gt,to give
[ד]י֗,getlex.php?coord=4440320410611&word=0,,,,,,,,,,,,,
,getlex.php?coord=4440320410610&word=6,,,,,,,,,,,,,
[٠٠٠٠,getlex.php?coord=4440320410610&word=5,,,,,,,,,,,,,
אנה,getlex.php?coord=4440320410610&word=4,pron.,,,,,I,,,,,ˀnh,pron.,I
די,getlex.php?coord=4440320410610&word=3,,,,,,,,,,,,,
בחלמא,getlex.php?coord=4440320410610&word=2,prep. n.m.,,,,,"in, with",dream,,,,b_,prep. n.m.,"in, with | dream"
רב]א,getlex.php?coord=4440320410610&word=1,adj.,,,,,"great, big",,,,,rb,adj.,"great, big"
[٠٠٠٠,getlex.php?coord=4440320410610&word=0,,,,,,,,,,,,,
,getlex.php?coord=4440320410609&word=4,,,,,,,,,,,,,
٠٠٠٠,getlex.php?coord=4440320410609&word=3,,,,,,,,,,,,,
קושט֗[א,getlex.php?coord=4440320410609&word=2,n.m.,,,,,"honesty, truth",,,,,qšwṭ,n.m.,"honesty, truth"
מלי,getlex.php?coord=4440320410609&word=1,n.f.,,,,,"word, speech; thing",,,,,mlh,n.f.,"word, speech; thing"
ספר,getlex.php?coord=4440320410609&word=0,n.m.,,,,,document,,,,,spr,n.m.,document
,getlex.php?coord=4440320410608&word=7,,,,,,,,,,,,,
٠٠٠٠,getlex.php?coord=4440320410608&word=6,,,,,,,,,,,,,
שמ֗[יא,getlex.php?coord=4440320410608&word=5,n.m.pl.t.,,,,,heaven; ceiling,,,,,šmyn,n.m.pl.t.,heaven; ceiling
לעירי,getlex.php?coord=4440320410608&word=4,adj.,,,,,"watching, awake; angel",,,,,ˁyr,adj.,"watching, awake; angel"
ומוכח,getlex.php?coord=4440320410608&word=3,conj. vb. C Dt Ct,,,,,"and, also",C to admonish,,,,w_,conj. vb. C Dt Ct,"and, also | C to admonish"
וחזוה,getlex.php?coord=4440320410608&word=2,conj. n.m.,,,,,"and, also",appearance; vision,,,,w_,conj. n.m.,"and, also | appearance; vision"
קושטא,getlex.php?coord=4440320410608&word=1,n.m.,,,,,"honesty, truth",,,,,qšwṭ,n.m.,"honesty, truth"
ב֗מ֗לי,getlex.php?coord=4440320410608&word=0,prep. n.f.,,,,,"in, with","word, speech; thing",,,,b_,prep. n.f.,"in, with | word, speech; thing"
,getlex.php?coord=4440320410607&word=4,,,,,,,,,,,,,
[٠٠٠٠,getlex.php?coord=4440320410607&word=3,,,,,,,,,,,,,
כול,getlex.php?coord=4440320410607&word=2,n.(pr.),,,,,"all, every",,,,,kl,n.(pr.),"all, every"
קודמיהון,getlex.php?coord=4440320410607&word=1,prep.,,,,,before,,,,,qdm,prep.,before
ומללת,getlex.php?coord=4440320410607&word=0,conj. vb. D C Dt,,,,,"and, also",D to speak,,,,w_,conj. vb. D C Dt,"and, also | D to speak"
,getlex.php?coord=4440320410606&word=7,,,,,,,,,,,,,
٠٠٠٠,getlex.php?coord=4440320410606&word=6,,,,,,,,,,,,,
וא[בלין,getlex.php?coord=4440320410606&word=5,conj. vb. e(a)/a G Gt Dt,,,,,"and, also",to mourn,,,,w_,conj. vb. e(a)/a G Gt Dt,"and, also | to mourn"
ויתבין,getlex.php?coord=4440320410606&word=4,conj. vb. i/i G D C Dt Ct,,,,,"and, also","to sit ; to dwell; to stay, remain",,,,w_,conj. vb. i/i G D C Dt Ct,"and, also | to sit ; to dwell; to stay, remain"
כחד֗ה,getlex.php?coord=4440320410606&word=3,adv.,,,,,together,,,,,kḥdh,adv.,together
כנישין,getlex.php?coord=4440320410606&word=2,vb. a/u G D C Gt Dt,,,,,to gather; sweep up,,,,,knš,vb. a/u G D C Gt Dt,to gather; sweep up
וכולהון,getlex.php?coord=4440320410606&word=1,conj. n.(pr.),,,,,"and, also","all, every",,,,w_,conj. n.(pr.),"and, also | all, every"
עליהון,getlex.php?coord=4440320410606&word=0,prep.,,,,,upon; against; to,,,,,ˁl,prep.,upon; against; to
,getlex.php?coord=4440320410605&word=5,,,,,,,,,,,,,
٠٠٠٠,getlex.php?coord=4440320410605&word=4,,,,,,,,,,,,,
או[כחה,getlex.php?coord=4440320410605&word=3,vb. C Dt Ct,,,,,C to admonish,,,,,ykḥ,vb. C Dt Ct,C to admonish
ד֗רגוז,getlex.php?coord=4440320410605&word=2,n.m.,,,,,wrath,,,,,rgwz,n.m.,wrath
חזוון,getlex.php?coord=4440320410605&word=1,n.m.,,,,,appearance; vision,,,,,ḥzw,n.m.,appearance; vision
וחזית,getlex.php?coord=4440320410605&word=0,"conj. vb. G D C Gt Ct ethpolal, ethpay/w c el",,,,,"and, also",to see,,,,w_,"conj. vb. G D C Gt Ct ethpolal, ethpay/w c el","and, also | to see"
,getlex.php?coord=4440320410604&word=5,,,,,,,,,,,,,
٠٠٠٠,getlex.php?coord=4440320410604&word=4,,,,,,,,,,,,,
ה֗[יכל,getlex.php?coord=4440320410604&word=3,n.m.,,,,,palace;  temple,,,,,hykl,n.m.,palace;  temple
לתרעי,getlex.php?coord=4440320410604&word=2,n.m.,,,,,gate,,,,,trˁ,n.m.,gate
עיני,getlex.php?coord=4440320410604&word=1,n.f.,,,,,eye; spring,,,,,ˁyn,n.f.,eye; spring
לשכני,getlex.php?coord=4440320410604&word=0,n.m.,,,,,eyelid,,,,,škn,n.m.,eyelid
,getlex.php?coord=4440320410603&word=7,,,,,,,,,,,,,
٠٠٠٠,getlex.php?coord=4440320410603&word=6,,,,,,,,,,,,,
ד֗[י,getlex.php?coord=4440320410603&word=5,,,,,,,,,,,,,
עד,getlex.php?coord=4440320410603&word=4,conj.,,,,,until,,,,,ˁd,conj.,until
נפל]ו֗,getlex.php?coord=4440320410603&word=3,vb. a/e(u) G D C Gt Dt,,,,,to fall; befall,,,,,npl,vb. a/e(u) G D C Gt Dt,to fall; befall
٠٠٠٠,getlex.php?coord=4440320410603&word=2,,,,,,,,,,,,,
]ת֗ח֗נני֗ה֗[ון,getlex.php?coord=4440320410603&word=1,n.m.pl.t.,,,,,supplication,,,,,tḥnwnyn,n.m.pl.t.,supplication
[٠٠٠٠,getlex.php?coord=4440320410603&word=0,,,,,,,,,,,,,
,getlex.php?coord=4440320410602&word=7,,,,,,,,,,,,,
למ[ערבהון,getlex.php?coord=4440320410602&word=6,n.m./f.,,,,,west; sunset,,,,,mˁrb,n.m./f.,west; sunset
די,getlex.php?coord=4440320410602&word=5,,,,,,,,,,,,,
חרמונ]ין,getlex.php?coord=4440320410602&word=4,,,,,,,,,,,,,
٠٠٠٠,getlex.php?coord=4440320410602&word=3,,,,,,,,,,,,,
אז]ל[,getlex.php?coord=4440320410602&word=2,"vb. a/i, a/a G Gt",,,,,to go,,,,,ˀzl,"vb. a/i, a/a G Gt",to go
וה[וית,getlex.php?coord=4440320410602&word=1,conj. vb. G C Gt Ct,,,,,"and, also","to be, to become",,,,w_,conj. vb. G C Gt Ct,"and, also | to be, to become"
[٠٠٠٠]ו֗,getlex.php?coord=4440320410602&word=0,,,,,,,,,,,,,
,getlex.php?coord=4440320410601&word=10,,,,,,,,,,,,,
٠٠٠٠,getlex.php?coord=4440320410601&word=9,,,,,,,,,,,,,
וחד[,getlex.php?coord=4440320410601&word=8,conj. num.,,,,,"and, also",one,,,,w_,conj. num.,"and, also | one"
חד,getlex.php?coord=4440320410601&word=7,num.,,,,,one,,,,,ḥd,num.,one
לכול,getlex.php?coord=4440320410601&word=6,n.(pr.),,,,,"all, every",,,,,kl,n.(pr.),"all, every"
נ֗[פשת]ה֗ון,getlex.php?coord=4440320410601&word=5,n.f.,,,,,soul; life; self,,,,,npš,n.f.,soul; life; self
כול,getlex.php?coord=4440320410601&word=4,n.(pr.),,,,,"all, every",,,,,kl,n.(pr.),"all, every"
על,getlex.php?coord=4440320410601&word=3,prep.,,,,,upon; against; to,,,,,ˁl,prep.,upon; against; to
תחנ]ניהון,getlex.php?coord=4440320410601&word=2,n.m.pl.t.,,,,,supplication,,,,,tḥnwnyn,n.m.pl.t.,supplication
٠٠٠٠,getlex.php?coord=4440320410601&word=1,,,,,,,,,,,,,
עם֗[,getlex.php?coord=4440320410601&word=0,prep.,,,,,with,,,,,ˁm,prep.,with
,getlex.php?coord=4440320410519&word=3,,,,,,,,,,,,,
ע֗[י]ר֗א,getlex.php?coord=4440320410519&word=2,adj.,,,,,"watching, awake; angel",,,,,ˁyr,adj.,"watching, awake; angel"
ו]ארו,getlex.php?coord=4440320410519&word=1,conj. conj./inte,,,,,"and, also",behold,,,,w_,conj. conj./inte,"and, also | behold"
[٠٠٠٠,getlex.php?coord=4440320410519&word=0,,,,,,,,,,,,,
,getlex.php?coord=4440320410509&word=2,,,,,,,,,,,,,
א]לף֗,getlex.php?coord=4440320410509&word=1,num.,,,,,thousand,,,,,ˀlp,num.,thousand
[٠٠٠٠,getlex.php?coord=4440320410509&word=0,,,,,,,,,,,,,
,getlex.php?coord=4440320410508&word=3,,,,,,,,,,,,,
בה,getlex.php?coord=4440320410508&word=2,prep.,,,,,"in, with",,,,,b_,prep.,"in, with"
]ת֗ת֗נ֗צ֗ב,getlex.php?coord=4440320410508&word=1,vb. a/o G D C Gt,,,,,to plant,,,,,nṣb,vb. a/o G D C Gt,to plant
[٠٠٠٠,getlex.php?coord=4440320410508&word=0,,,,,,,,,,,,,
,getlex.php?coord=4440320410507&word=8,,,,,,,,,,,,,
אילנין,getlex.php?coord=4440320410507&word=7,n.m.,,,,,tree,,,,,ˀyln,n.m.,tree
וכול,getlex.php?coord=4440320410507&word=6,conj. n.(pr.),,,,,"and, also","all, every",,,,w_,conj. n.(pr.),"and, also | all, every"
,getlex.php?coord=4440320210610&word=5,,,,,,,,,,,,,
٠٠٠٠,getlex.php?coord=4440320210610&word=4,,,,,,,,,,,,,
על֗[,getlex.php?coord=4440320210610&word=3,prep.,,,,,upon; against; to,,,,,ˁl,prep.,upon; against; to
^[יפ]לון^,getlex.php?coord=4440320210610&word=2,vb. a/e(u) G D C Gt Dt,,,,,to fall; befall,,,,,npl,vb. a/e(u) G D C Gt Dt,to fall; befall
ו]ק֗[דמיכו]ן֗,getlex.php?coord=4440320210610&word=1,conj. prep.,,,,,"and, also",before,,,,w_,conj. prep.,"and, also | before"
[٠٠٠٠,getlex.php?coord=4440320210610&word=0,,,,,,,,,,,,,
,getlex.php?coord=4440320210609&word=3,,,,,,,,,,,,,
٠٠٠٠,getlex.php?coord=4440320210609&word=2,,,,,,,,,,,,,
[וב]ק֗נ֗י֗נ֗[יא,getlex.php?coord=4440320210609&word=1,conj. prep. n.m.,,,,,"and, also","in, with","possessions, property",,,w_,conj. prep. n.m.,"and, also | in, with | possessions, property"
[ב]נ֗י֗הון,getlex.php?coord=4440320210609&word=0,n.m.,,,,,son,,,,,br,n.m.,son
,getlex.php?coord=4440320210608&word=4,,,,,,,,,,,,,
٠٠٠٠,getlex.php?coord=4440320210608&word=3,,,,,,,,,,,,,
לאבד֗[נא,getlex.php?coord=4440320210608&word=2,n.m.,,,,,"destruction, ruin",,,,,ˀbdn,n.m.,"destruction, ruin"
די,getlex.php?coord=4440320210608&word=1,,,,,,,,,,,,,
[٠٠٠٠],getlex.php?coord=4440320210608&word=0,,,,,,,,,,,,,
,getlex.php?coord=4440320210607&word=5,,,,,,,,,,,,,
[٠٠٠٠,getlex.php?coord=4440320210607&word=4,,,,,,,,,,,,,
למאסרכו]ן֗,getlex.php?coord=4440320210607&word=3,vb. a/a G D C Gt,,,,,to bind; to prohibit,,,,,ˀsr,vb. a/a G D C Gt,to bind; to prohibit
גז֗[יר,getlex.php?coord=4440320210607&word=2,"vb. a/a,u G D C Gt Ct",,,,,to cut; to decree,,,,,gzr,"vb. a/a,u G D C Gt Ct",to cut; to decree
די]ן,getlex.php?coord=4440320210607&word=1,n.m.,,,,,judgment,,,,,dyn,n.m.,judgment
[٠٠٠٠,getlex.php?coord=4440320210607&word=0,,,,,,,,,,,,,
,getlex.php?coord=4440320210606&word=5,,,,,,,,,,,,,
٠٠٠٠,getlex.php?coord=4440320210606&word=4,,,,,,,,,,,,,
ו֗[לא,getlex.php?coord=4440320210606&word=3,conj. adv.,,,,,"and, also","no, not",,,,w_,conj. adv.,"and, also | no, not"
תת]ו֗בון,getlex.php?coord=4440320210606&word=2,vb. a/u G C Ct palpel ethpalpal,,,,,to return,,,,,twb,vb. a/u G C Ct palpel ethpalpal,to return
לא,getlex.php?coord=4440320210606&word=1,adv.,,,,,"no, not",,,,,lˀ,adv.,"no, not"
[٠٠٠٠,getlex.php?coord=4440320210606&word=0,,,,,,,,,,,,,
,getlex.php?coord=4440320210605&word=4,,,,,,,,,,,,,
٠٠٠٠,getlex.php?coord=4440320210605&word=3,,,,,,,,,,,,,
ל֗ה֗[וא,getlex.php?coord=4440320210605&word=2,vb. G C Gt Ct,,,,,"to be, to become",,,,,hwy,vb. G C Gt Ct,"to be, to become"
וד]ן,getlex.php?coord=4440320210605&word=1,conj. pron.,,,,,"and, also",this one,,,,w_,conj. pron.,"and, also | this one"
[٠٠٠٠,getlex.php?coord=4440320210605&word=0,,,,,,,,,,,,,
,getlex.php?coord=4440320210411&word=5,,,,,,,,,,,,,
٠٠٠٠,getlex.php?coord=4440320210411&word=4,,,,,,,,,,,,,
רבא֗[,getlex.php?coord=4440320210411&word=3,adj.,,,,,"great, big",,,,,rb,adj.,"great, big"
יומא,getlex.php?coord=4440320210411&word=2,n.m.,,,,,day,,,,,ywm,n.m.,day
עד,getlex.php?coord=4440320210411&word=1,prep.,,,,,until,,,,,ˁd,prep.,until
ארעא,getlex.php?coord=4440320210411&word=0,n.f.,,,,,ground; land; Earth,,,,,ˀrˁ,n.f.,ground; land; Earth
,getlex.php?coord=4440320210410&word=8,,,,,,,,,,,,,
٠٠٠٠,getlex.php?coord=4440320210410&word=7,,,,,,,,,,,,,
ד֗[רין,getlex.php?coord=4440320210410&word=6,n.m.,,,,,"age, generation; row",,,,,dr,n.m.,"age, generation; row"
]שבעין,getlex.php?coord=4440320210410&word=5,num.,,,,,seventy,,,,,šbˁyn,num.,seventy
[٠٠٠٠,getlex.php?coord=4440320210410&word=4,,,,,,,,,,,,,
לאבד]ן֗,getlex.php?coord=4440320210410&word=3,n.m.,,,,,"destruction, ruin",,,,,ˀbdn,n.m.,"destruction, ruin"
ויח֗[זון,getlex.php?coord=4440320210410&word=2,"conj. vb. G D C Gt Ct ethpolal, ethpay/w c el",,,,,"and, also",to see,,,,w_,"conj. vb. G D C Gt Ct ethpolal, ethpay/w c el","and, also | to see"
בניהון,getlex.php?coord=4440320210410&word=1,n.m.,,,,,son,,,,,br,n.m.,son
יבדון,getlex.php?coord=4440320210410&word=0,vb. a/a G D C Gt Dt quad T,,,,,to be lost,,,,,ˀbd,vb. a/a G D C Gt Dt quad T,to be lost
,getlex.php?coord=4440320210409&word=7,,,,,,,,,,,,,
٠٠٠٠,getlex.php?coord=4440320210409&word=6,,,,,,,,,,,,,
ל֗[נשיא,getlex.php?coord=4440320210409&word=5,n.f.,,,,,"woman, wife",,,,,ˀnth,n.f.,"woman, wife"
אתחב֗רו,getlex.php?coord=4440320210409&word=4,vb. a/a G D C Dt,,,,,to be associated with,,,,,ḥbr,vb. a/a G D C Dt,to be associated with
די,getlex.php?coord=4440320210409&word=3,,,,,,,,,,,,,
חברו]ה֗י,getlex.php?coord=4440320210409&word=2,n.m.,,,,,comrade,,,,,ḥbr,n.m.,comrade
ולכ[ול,getlex.php?coord=4440320210409&word=1,conj. n.(pr.),,,,,"and, also","all, every",,,,w_,conj. n.(pr.),"and, also | all, every"
ל֗ש֗מ֗[יחז]א,getlex.php?coord=4440320210409&word=0,,,,,,,,,,,,,
,getlex.php?coord=4440320210408&word=2,,,,,,,,,,,,,
ו]א֗וד[ע,getlex.php?coord=4440320210408&word=1,conj. vb. a/a G C Gt Ct quad quad T,,,,,"and, also",to know,,,,w_,conj. vb. a/a G C Gt Ct quad quad T,"and, also | to know"
[٠٠٠٠,getlex.php?coord=4440320210408&word=0,,,,,,,,,,,,,
,getlex.php?coord=4440320210407&word=7,,,,,,,,,,,,,
٠٠٠٠,getlex.php?coord=4440320210407&word=6,,,,,,,,,,,,,
חי֗י֗[,getlex.php?coord=4440320210407&word=5,n.m.pl.,,,,,life,,,,,ḥyyn,n.m.pl.,life
למח]י֗א,getlex.php?coord=4440320210407&word=4,vb. G D C Ct,,,,,to live,,,,,ḥyy,vb. G D C Ct,to live
٠٠٠٠,getlex.php?coord=4440320210407&word=3,,,,,,,,,,,,,
]ל֗[א,getlex.php?coord=4440320210407&word=2,adv.,,,,,"no, not",,,,,lˀ,adv.,"no, not"
]ב֗[עו,getlex.php?coord=4440320210407&word=1,vb. G D Gt Dt,,,,,"to ask, to beg, to inquire",,,,,bˁy,vb. G D Gt Dt,"to ask, to beg, to inquire"
[٠٠٠,getlex.php?coord=4440320210407&word=0,,,,,,,,,,,,,
,getlex.php?coord=4440320210406&word=8,,,,,,,,,,,,,
٠٠٠٠,getlex.php?coord=4440320210406&word=7,,,,,,,,,,,,,
ו]אר֗[כת,getlex.php?coord=4440320210406&word=6,conj. n.f.(m.!),,,,,"and, also","length, extension",,,,w_,conj. n.f.(m.!),"and, also | length, extension"
[٠٠٠٠,getlex.php?coord=4440320210406&word=5,,,,,,,,,,,,,
אבדן,getlex.php?coord=4440320210406&word=4,n.m.,,,,,"destruction, ruin",,,,,ˀbdn,n.m.,"destruction, ruin"
וב]ק֗רב,getlex.php?coord=4440320210406&word=3,conj. prep. n.m.,,,,,"and, also","in, with","war, battle",,,w_,conj. prep. n.m.,"and, also | in, with | war, battle"
٠٠٠٠,getlex.php?coord=4440320210406&word=2,,,,,,,,,,,,,
עיריא[,getlex.php?coord=4440320210406&word=1,adj.,,,,,"watching, awake; angel",,,,,ˁyr,adj.,"watching, awake; angel"
[בנ]י,getlex.php?coord=4440320210406&word=0,n.m.,,,,,son,,,,,br,n.m.,son
,getlex.php?coord=4440320210405&word=6,,,,,,,,,,,,,
٠٠٠٠,getlex.php?coord=4440320210405&word=5,,,,,,,,,,,,,
אז֗[ל,getlex.php?coord=4440320210405&word=4,"vb. a/i, a/a G Gt",,,,,to go,,,,,ˀzl,"vb. a/i, a/a G Gt",to go
מ]ר֗יא,getlex.php?coord=4440320210405&word=3,n.m.,,,,,"master, lord",,,,,mry,n.m.,"master, lord"
٠٠٠٠,getlex.php?coord=4440320210405&word=2,,,,,,,,,,,,,
עו]י֗ת[א,getlex.php?coord=4440320210405&word=1,n.f.,,,,,offense,,,,,ˁwyh,n.f.,offense
[٠٠٠٠,getlex.php?coord=4440320210405&word=0,,,,,,,,,,,,,
,getlex.php?coord=4440320210316&word=6,,,,,,,,,,,,,
٠٠٠٠,getlex.php?coord=4440320210316&word=5,,,,,,,,,,,,,
כ֗ו֗[ל,getlex.php?coord=4440320210316&word=4,n.(pr.),,,,,"all, every",,,,,kl,n.(pr.),"all, every"
ע֗ד֗,getlex.php?coord=4440320210316&word=3,prep.,,,,,until,,,,,ˁd,prep.,until
ו֗[٠٠٠٠]ת֗א֗,getlex.php?coord=4440320210316&word=2,,,,,,,,,,,,,
מק]ד֗ש֗ת֗א֗,getlex.php?coord=4440320210316&word=1,n.f.,,,,,prostitute,,,,,mqdšh,n.f.,prostitute
[٠٠٠٠,getlex.php?coord=4440320210316&word=0,,,,,,,,,,,,,
,getlex.php?coord=4440320210315&word=9,,,,,,,,,,,,,
٠٠٠٠,getlex.php?coord=4440320210315&word=8,,,,,,,,,,,,,
עלמ[א,getlex.php?coord=4440320210315&word=7,n.m.,,,,,eternity; world,,,,,ˁlm,n.m.,eternity; world
מן,getlex.php?coord=4440320210315&word=6,prep.,,,,,from,,,,,mn,prep.,from
די,getlex.php?coord=4440320210315&word=5,,,,,,,,,,,,,
דריא,getlex.php?coord=4440320210315&word=4,n.m.,,,,,"age, generation; row",,,,,dr,n.m.,"age, generation; row"
{ל}דר,getlex.php?coord=4440320210315&word=3,n.m.,,,,,"age, generation; row",,,,,dr,n.m.,"age, generation; row"
^לכל^,getlex.php?coord=4440320210315&word=2,n.(pr.),,,,,"all, every",,,,,kl,n.(pr.),"all, every"
יקרך,getlex.php?coord=4440320210315&word=1,n.m.,,,,,honor,,,,,yqr,n.m.,honor
[וכורס]א֗,getlex.php?coord=4440320210315&word=0,conj. n.m.,,,,,"and, also","chair, throne",,,,w_,conj. n.m.,"and, also | chair, throne"
,getlex.php?coord=4440320210314&word=7,,,,,,,,,,,,,
[٠٠٠٠,getlex.php?coord=4440320210314&word=6,,,,,,,,,,,,,
עלמא,getlex.php?coord=4440320210314&word=5,n.m.,,,,,eternity; world,,,,,ˁlm,n.m.,eternity; world
מרא,getlex.php?coord=4440320210314&word=4,n.m.,,,,,"master, lord",,,,,mry,n.m.,"master, lord"
[הו]א,getlex.php?coord=4440320210314&word=3,pron.,,,,,he,,,,,hwˀ,pron.,he
רבא֗,getlex.php?coord=4440320210314&word=2,adj.,,,,,"great, big",,,,,rb,adj.,"great, big"
]מרנא,getlex.php?coord=4440320210314&word=1,n.m.,,,,,"master, lord",,,,,mry,n.m.,"master, lord"
[٠٠٠,getlex.php?coord=4440320210314&word=0,,,,,,,,,,,,,
,getlex.php?coord=4440320210313&word=4,,,,,,,,,,,,,
٠٠٠٠,getlex.php?coord=4440320210313&word=3,,,,,,,,,,,,,
ב֗רכה,getlex.php?coord=4440320410507&word=5,n.f.,,,,,blessing,,,,,brkh,n.f.,blessing
٠٠٠٠],getlex.php?coord=4440320410507&word=4,,,,,,,,,,,,,
תתנ֗צ֗[ב,getlex.php?coord=4440320410507&word=3,vb. a/o G D C Gt,,,,,to plant,,,,,nṣb,vb. a/o G D C Gt,to plant
ו֗כ֗ו֗לה,getlex.php?coord=4440320410507&word=2,conj. n.(pr.),,,,,"and, also","all, every",,,,w_,conj. n.(pr.),"and, also | all, every"
]ב֗קושט,getlex.php?coord=4440320410507&word=1,prep. n.m.,,,,,"in, with","honesty, truth",,,,b_,prep. n.m.,"in, with | honesty, truth"
[٠٠٠٠,getlex.php?coord=4440320410507&word=0,,,,,,,,,,,,,
,getlex.php?coord=4440320410506&word=5,,,,,,,,,,,,,
٠٠٠٠,getlex.php?coord=4440320410506&word=4,,,,,,,,,,,,,
ית֗[מלון,getlex.php?coord=4440320410506&word=3,vb. G D C Gt Dt quad,,,,,to be full,,,,,mly,vb. G D C Gt Dt quad,to be full
בשלם,getlex.php?coord=4440320410506&word=2,prep. n.m.,,,,,"in, with",wellbeing; peace,,,,b_,prep. n.m.,"in, with | wellbeing; peace"
ו]שיבתכון,getlex.php?coord=4440320410506&word=1,conj. n.f.,,,,,"and, also",old age,,,,w_,conj. n.f.,"and, also | old age"
[٠٠٠٠,getlex.php?coord=4440320410506&word=0,,,,,,,,,,,,,
,getlex.php?coord=4440320410505&word=8,,,,,,,,,,,,,
יומי֗,getlex.php?coord=4440320410505&word=7,n.m.,,,,,day,,,,,ywm,n.m.,day
וכול,getlex.php?coord=4440320410505&word=6,conj. n.(pr.),,,,,"and, also","all, every",,,,w_,conj. n.(pr.),"and, also | all, every"
אל]פ֗י֗ן,getlex.php?coord=4440320410505&word=5,num.,,,,,thousand,,,,,ˀlp,num.,thousand
[٠٠٠٠,getlex.php?coord=4440320410505&word=4,,,,,,,,,,,,,
ולהון,getlex.php?coord=4440320410505&word=3,conj. vb. G C Gt Ct,,,,,"and, also","to be, to become",,,,w_,conj. vb. G C Gt Ct,"and, also | to be, to become"
יפלטון,getlex.php?coord=4440320410505&word=2,"vb. a/a, a/u G D C Gt Dt",,,,,to escape,,,,,plṭ,"vb. a/a, a/u G D C Gt Dt",to escape
קש]יטין,getlex.php?coord=4440320410505&word=1,adj.,,,,,honest,,,,,qšyṭ,adj.,honest
[٠٠٠٠,getlex.php?coord=4440320410505&word=0,,,,,,,,,,,,,
,getlex.php?coord=4440320410504&word=6,,,,,,,,,,,,,
יתנצבו]ן֗,getlex.php?coord=4440320410504&word=5,vb. a/o G D C Gt,,,,,to plant,,,,,nṣb,vb. a/o G D C Gt,to plant
٠٠٠٠,getlex.php?coord=4440320410504&word=4,,,,,,,,,,,,,
ותהו֗[א,getlex.php?coord=4440320410504&word=3,conj. vb. G C Gt Ct,,,,,"and, also","to be, to become",,,,w_,conj. vb. G C Gt Ct,"and, also | to be, to become"
קושטא,getlex.php?coord=4440320410504&word=2,n.m.,,,,,"honesty, truth",,,,,qšwṭ,n.m.,"honesty, truth"
נ]צבת,getlex.php?coord=4440320410504&word=1,n.f.,,,,,plant; stele,,,,,nṣbh,n.f.,plant; stele
[٠٠٠٠,getlex.php?coord=4440320410504&word=0,,,,,,,,,,,,,
,getlex.php?coord=4440320410503&word=5,,,,,,,,,,,,,
٠٠٠٠,getlex.php?coord=4440320410503&word=4,,,,,,,,,,,,,
מן֗[,getlex.php?coord=4440320410503&word=3,prep.,,,,,from,,,,,mn,prep.,from
עולה,getlex.php?coord=4440320410503&word=2,n.f.,,,,,wickedness,,,,,ˁwlh,n.f.,wickedness
וא֗כרת,getlex.php?coord=4440320410503&word=1,conj. vb. G C,,,,,"and, also",to divorce,,,,w_,conj. vb. G C,"and, also | to divorce"
[٠٠٠٠],getlex.php?coord=4440320410503&word=0,,,,,,,,,,,,,
,getlex.php?coord=4440320410502&word=7,,,,,,,,,,,,,
٠٠٠٠,getlex.php?coord=4440320410502&word=6,,,,,,,,,,,,,
לכו[ל,getlex.php?coord=4440320410502&word=5,n.(pr.),,,,,"all, every",,,,,kl,n.(pr.),"all, every"
יאבדון,getlex.php?coord=4440320410502&word=4,vb. a/a G D C Gt Dt quad T,,,,,to be lost,,,,,ˀbd,vb. a/a G D C Gt Dt quad T,to be lost
]א֗דין,getlex.php?coord=4440320410502&word=3,conj./adv.,,,,,"then, at that time",,,,,ˀdyn,conj./adv.,"then, at that time"
[٠٠٠٠,getlex.php?coord=4440320410502&word=2,,,,,,,,,,,,,
ובקץ֗,getlex.php?coord=4440320410502&word=1,conj. prep. n.m.,,,,,"and, also","in, with",end,,,w_,conj. prep. n.m.,"and, also | in, with | end"
[דרה]ו֗ן֗,getlex.php?coord=4440320410502&word=0,n.m.,,,,,"age, generation; row",,,,,dr,n.m.,"age, generation; row"
,getlex.php?coord=4440320410501&word=7,,,,,,,,,,,,,
٠٠٠٠,getlex.php?coord=4440320410501&word=6,,,,,,,,,,,,,
חר֗[ר,getlex.php?coord=4440320410501&word=5,"vb. D Dt ethpolal, ethpay/w c el",,,,,D to free,,,,,ḥrr,"vb. D Dt ethpolal, ethpay/w c el",D to free
די,getlex.php?coord=4440320410501&word=4,,,,,,,,,,,,,
וכול,getlex.php?coord=4440320410501&word=3,conj. n.(pr.),,,,,"and, also","all, every",,,,w_,conj. n.(pr.),"and, also | all, every"
ע]למא,getlex.php?coord=4440320410501&word=2,n.m.,,,,,eternity; world,,,,,ˁlm,n.m.,eternity; world
ול[٠٠٠٠,getlex.php?coord=4440320410501&word=1,,,,,,,,,,,,,
[ולע]י֗קא,getlex.php?coord=4440320410501&word=0,conj. n.m.,,,,,"and, also",distressed person,,,,w_,conj. n.m.,"and, also | distressed person"
,getlex.php?coord=4440320410228&word=12,,,,,,,,,,,,,
٠٠٠٠,getlex.php?coord=4440320410228&word=11,,,,,,,,,,,,,
ימא]ל[,getlex.php?coord=4440320410228&word=10,,,,,,,,,,,,,
٠٠٠٠,getlex.php?coord=4440320410228&word=9,,,,,,,,,,,,,
ת֗[מיאל,getlex.php?coord=4440320410228&word=8,,,,,,,,,,,,,
[٠٠٠٠],getlex.php?coord=4440320410228&word=7,,,,,,,,,,,,,
]ל[ה],getlex.php?coord=4440320410228&word=6,,,,,,,,,,,,,
שתת עש֗[ר,getlex.php?coord=4440320410228&word=5,num.,,,,,sixteen,,,,,št ˁsr,num.,sixteen
שהריאל,getlex.php?coord=4440320410228&word=4,,,,,,,,,,,,,
٠٠٠٠],getlex.php?coord=4440320410228&word=3,,,,,,,,,,,,,
שמשי[אל,getlex.php?coord=4440320410228&word=2,,,,,,,,,,,,,
٠٠٠٠],getlex.php?coord=4440320410228&word=1,,,,,,,,,,,,,
ארבעת֗[,getlex.php?coord=4440320410228&word=0,num.,,,,,fourteen,,,,,ˀrbˁ ˁsr,num.,fourteen
,getlex.php?coord=4440320410227&word=9,,,,,,,,,,,,,
סתו֗א֗[ל,getlex.php?coord=4440320410227&word=8,,,,,,,,,,,,,
לה,getlex.php?coord=4440320410227&word=7,,,,,,,,,,,,,
תלתת עשר,getlex.php?coord=4440320410227&word=6,num.,,,,,thirteen,,,,,tlt ˁsr,num.,thirteen
]עננאל,getlex.php?coord=4440320410227&word=5,,,,,,,,,,,,,
٠٠٠٠,getlex.php?coord=4440320410227&word=4,,,,,,,,,,,,,
מטר֗[אל,getlex.php?coord=4440320410227&word=3,,,,,,,,,,,,,
לה,getlex.php?coord=4440320410227&word=2,,,,,,,,,,,,,
[חד] עשר֗,getlex.php?coord=4440320410227&word=1,num.,,,,,eleven,,,,,ḥd ˁsr,num.,eleven
וחרמני,getlex.php?coord=4440320410227&word=0,conj.,,,,,"and, also",,,,,w_,conj.,"and, also"
,getlex.php?coord=4440320410226&word=10,,,,,,,,,,,,,
٠٠٠٠,getlex.php?coord=4440320410226&word=9,,,,,,,,,,,,,
עשא[ל,getlex.php?coord=4440320410226&word=8,,,,,,,,,,,,,
לה,getlex.php?coord=4440320410226&word=7,,,,,,,,,,,,,
תשי]עי,getlex.php?coord=4440320410226&word=6,adj.,,,,,ninth,,,,,tšyˁy,adj.,ninth
[٠٠٠٠,getlex.php?coord=4440320410226&word=5,,,,,,,,,,,,,
תמ֗י֗נ֗י֗,getlex.php?coord=4440320410226&word=4,adj.,,,,,eighth,,,,,tmyny,adj.,eighth
זיקיאל,getlex.php?coord=4440320410226&word=3,,,,,,,,,,,,,
לה],getlex.php?coord=4440320410226&word=2,,,,,,,,,,,,,
ש֗[ביעי,getlex.php?coord=4440320410226&word=1,adj.,,,,,seventh,,,,,šbyˁy,adj.,seventh
[ד]נ֗י֗[אל],getlex.php?coord=4440320410226&word=0,,,,,,,,,,,,,
,getlex.php?coord=4440320410225&word=6,,,,,,,,,,,,,
[٠٠٠٠,getlex.php?coord=4440320410225&word=5,,,,,,,,,,,,,
לה,getlex.php?coord=4440320410225&word=4,,,,,,,,,,,,,
רביעי,getlex.php?coord=4440320410225&word=3,adj.,,,,,fourth; fourfold,,,,,rbyˁy,adj.,fourth; fourfold
כוכבאל,getlex.php?coord=4440320410225&word=2,,,,,,,,,,,,,
לה,getlex.php?coord=4440320410225&word=1,,,,,,,,,,,,,
תליתי,getlex.php?coord=4440320410225&word=0,adj.,,,,,third,,,,,tlyty,adj.,third
,getlex.php?coord=4440320410224&word=5,,,,,,,,,,,,,
٠٠٠٠,getlex.php?coord=4440320410224&word=4,,,,,,,,,,,,,
ש֗[מיחזה,getlex.php?coord=4440320410224&word=3,,,,,,,,,,,,,
[רבניהו]ן֗,getlex.php?coord=4440320410224&word=2,n.m.,,,,,chief; teacher,,,,,rb,n.m.,chief; teacher
שמה֗ת֗,getlex.php?coord=4440320410224&word=1,n.m.,,,,,name,,,,,šm,n.m.,name
[ו]א֗לן,getlex.php?coord=4440320410224&word=0,conj. pron.,,,,,"and, also",these (m. and f.),,,,w_,conj. pron.,"and, also | these (m. and f.)"
,getlex.php?coord=4440320410130&word=6,,,,,,,,,,,,,
[٠٠٠٠,getlex.php?coord=4440320410130&word=5,,,,,,,,,,,,,
עלם,getlex.php?coord=4440320410130&word=4,n.m.,,,,,eternity; world,,,,,ˁlm,n.m.,eternity; world
לכול,getlex.php?coord=4440320410130&word=3,n.(pr.),,,,,"all, every",,,,,kl,n.(pr.),"all, every"
די,getlex.php?coord=4440320410130&word=2,,,,,,,,,,,,,
חי]א֗,getlex.php?coord=4440320410130&word=1,adj.,,,,,alive,,,,,ḥy,adj.,alive
[٠٠٠٠,getlex.php?coord=4440320410130&word=0,,,,,,,,,,,,,
,getlex.php?coord=4440320410129&word=4,,,,,,,,,,,,,
עובדי]א֗,getlex.php?coord=4440320410129&word=3,n.m.,,,,,"act, deed",,,,,ˁwbd,n.m.,"act, deed"
הל[٠٠٠٠,getlex.php?coord=4440320410129&word=2,,,,,,,,,,,,,
תשבחה,getlex.php?coord=4440320410129&word=1,n.f.,,,,,praise,,,,,twšbḥh,n.f.,praise
[٠٠٠٠]ל֗[ה]ד֗ר,getlex.php?coord=4440320410129&word=0,,,,,,,,,,,,,
,getlex.php?coord=4440320410128&word=7,,,,,,,,,,,,,
וב]ה֗ון,getlex.php?coord=4440320410128&word=6,conj. prep.,,,,,"and, also","in, with",,,,w_,conj. prep.,"and, also | in, with"
٠٠٠٠,getlex.php?coord=4440320410128&word=5,,,,,,,,,,,,,
י֗ת֗נ֗[יצון,getlex.php?coord=4440320410128&word=4,vb. G D C quad quad T,,,,,to blossom,,,,,nṣṣ,vb. G D C quad quad T,to blossom
כולהון,getlex.php?coord=4440320410128&word=3,n.(pr.),,,,,"all, every",,,,,kl,n.(pr.),"all, every"
אילניא,getlex.php?coord=4440320410128&word=2,n.m.,,,,,tree,,,,,ˀyln,n.m.,tree
]בכול,getlex.php?coord=4440320410128&word=1,prep. n.(pr.),,,,,"in, with","all, every",,,,b_,prep. n.(pr.),"in, with | all, every"
[٠٠٠٠,getlex.php?coord=4440320410128&word=0,,,,,,,,,,,,,
,getlex.php?coord=4440320410127&word=7,,,,,,,,,,,,,
חמת]א,getlex.php?coord=4440320410127&word=6,n.f.,,,,,hot spring,,,,,ḥmh,n.f.,hot spring
٠٠٠٠,getlex.php?coord=4440320410127&word=5,,,,,,,,,,,,,
ע֗[ל,getlex.php?coord=4440320410127&word=4,prep.,,,,,upon; against; to,,,,,ˁl,prep.,upon; against; to
ולמדרך,getlex.php?coord=4440320410127&word=3,conj. vb. e(a)/a(u) G D C Gt Ct,,,,,"and, also",to tread; C to achieve control of,,,,w_,conj. vb. e(a)/a(u) G D C Gt Ct,"and, also | to tread; C to achieve control of"
כ֗ו֗י֗ת֗א,getlex.php?coord=4440320410127&word=2,vb. G D Dt,,,,,to burn,,,,,kwy,vb. G D Dt,to burn
אר]ע֗א֗,getlex.php?coord=4440320410127&word=1,n.f.,,,,,ground; land; Earth,,,,,ˀrˁ,n.f.,ground; land; Earth
[٠٠٠٠,getlex.php?coord=4440320410127&word=0,,,,,,,,,,,,,
,getlex.php?coord=4440320410126&word=7,,,,,,,,,,,,,
בע]י֗ן֗,getlex.php?coord=4440320410126&word=6,vb. G D Gt Dt,,,,,"to ask, to beg, to inquire",,,,,bˁy,vb. G D Gt Dt,"to ask, to beg, to inquire"
[٠٠٠٠,getlex.php?coord=4440320410126&word=5,,,,,,,,,,,,,
ושלקה֗,getlex.php?coord=4440320410126&word=4,conj. vb. a/u G D Gt,,,,,"and, also","to cook, boil",,,,w_,conj. vb. a/u G D Gt,"and, also | to cook, boil"
כוייה,getlex.php?coord=4440320410126&word=3,vb. G D Dt,,,,,to burn,,,,,kwy,vb. G D Dt,to burn
ב֗הון,getlex.php?coord=4440320410126&word=2,prep.,,,,,"in, with",,,,,b_,prep.,"in, with"
שמש]א֗,getlex.php?coord=4440320410126&word=1,n.m./f.,,,,,sun,,,,,šmš,n.m./f.,sun
[٠٠٠٠,getlex.php?coord=4440320410126&word=0,,,,,,,,,,,,,
,getlex.php?coord=4440320410125&word=6,,,,,,,,,,,,,
[٠٠٠٠,getlex.php?coord=4440320410125&word=5,,,,,,,,,,,,,
שנין,getlex.php?coord=4440320410125&word=4,n.f.,,,,,year,,,,,šnh,n.f.,year
ודתלת,getlex.php?coord=4440320410125&word=3,conj. num.,,,,,"and, also",three,,,,w_,conj. num.,"and, also | three"
דתר^ת^ין,getlex.php?coord=4440320410125&word=2,num.,,,,,two,,,,,tryn,num.,two
ע]ד֗,getlex.php?coord=4440320410125&word=1,conj.,,,,,until,,,,,ˁd,conj.,until
[٠٠٠٠,getlex.php?coord=4440320410125&word=0,,,,,,,,,,,,,
,getlex.php?coord=4440320410124&word=6,,,,,,,,,,,,,
די,getlex.php?coord=4440320410124&word=5,,,,,,,,,,,,,
[٠٠٠٠],getlex.php?coord=4440320410124&word=4,,,,,,,,,,,,,
ארבע{א}^ת^,getlex.php?coord=4440320410124&word=3,num.,,,,,fourteen,,,,,ˀrbˁ ˁsr,num.,fourteen
ב֗ר֗א מן,getlex.php?coord=4440320410124&word=2,prep.,,,,,except for,,,,,brˀ mn,prep.,except for
עלי]ה֗ון,getlex.php?coord=4440320410124&word=1,prep.,,,,,upon; against; to,,,,,ˁl,prep.,upon; against; to
[٠٠٠٠,getlex.php?coord=4440320410124&word=0,,,,,,,,,,,,,
,getlex.php?coord=4440320410123&word=1,,,,,,,,,,,,,
[٠٠٠٠,getlex.php?coord=4440320410123&word=0,,,,,,,,,,,,,
,getlex.php?coord=4440320410122&word=5,,,,,,,,,,,,,
٠٠٠٠,getlex.php?coord=4440320410122&word=4,,,,,,,,,,,,,
כו֗[ל,getlex.php?coord=4440320410122&word=3,n.(pr.),,,,,"all, every",,,,,kl,n.(pr.),"all, every"
די,getlex.php?coord=4440320410122&word=2,,,,,,,,,,,,,
שתו]א֗,getlex.php?coord=4440320410122&word=1,n.m.,,,,,winter,,,,,stw,n.m.,winter
[٠٠٠٠,getlex.php?coord=4440320410122&word=0,,,,,,,,,,,,,
,getlex.php?coord=4440320410121&word=6,,,,,,,,,,,,,
[٠٠٠٠,getlex.php?coord=4440320410121&word=5,,,,,,,,,,,,,
ל[כ]ו֗ן֗,getlex.php?coord=4440320410121&word=4,,,,,,,,,,,,,
מתחזא,getlex.php?coord=4440320410121&word=3,"vb. G D C Gt Ct ethpolal, ethpay/w c el",,,,,to see,,,,,ḥzy,"vb. G D C Gt Ct ethpolal, ethpay/w c el",to see
ו]כ֗ול,getlex.php?coord=4440320410121&word=2,conj. n.(pr.),,,,,"and, also","all, every",,,,w_,conj. n.(pr.),"and, also | all, every"
]ל[אשניה,getlex.php?coord=4440320410121&word=1,vb. G D C Gt Dt,,,,,to be different,,,,,šny,vb. G D C Gt Dt,to be different
[לא,getlex.php?coord=4440320410121&word=0,adv.,,,,,"no, not",,,,,lˀ,adv.,"no, not"
,getlex.php?coord=4440320410120&word=6,,,,,,,,,,,,,
٠٠٠٠,getlex.php?coord=4440320410120&word=5,,,,,,,,,,,,,
בעובד[ה,getlex.php?coord=4440320410120&word=4,prep. n.m.,,,,,"in, with","act, deed",,,,b_,prep. n.m.,"in, with | act, deed"
ואתבוננא,getlex.php?coord=4440320410120&word=3,"conj. vb. a/u G D C Dt polel, pay/w c el ethpolal, ethpay/w c el",,,,,"and, also",*to understand; D to explain,,,,w_,"conj. vb. a/u G D C Dt polel, pay/w c el ethpolal, ethpay/w c el","and, also | *to understand; D to explain"
ל[א]ר֗עא,getlex.php?coord=4440320410120&word=2,n.f.,,,,,ground; land; Earth,,,,,ˀrˁ,n.f.,ground; land; Earth
לכון,getlex.php?coord=4440320410120&word=1,,,,,,,,,,,,,
חזוא,getlex.php?coord=4440320410120&word=0,"vb. G D C Gt Ct ethpolal, ethpay/w c el",,,,,to see,,,,,ḥzy,"vb. G D C Gt Ct ethpolal, ethpay/w c el",to see
,getlex.php?coord=4440320410119&word=6,,,,,,,,,,,,,
٠٠٠٠,getlex.php?coord=4440320410119&word=5,,,,,,,,,,,,,
ד]נ֗[חין,getlex.php?coord=4440320410119&word=4,vb. a/a(u) G C Dt,,,,,to shine,,,,,dnḥ,vb. a/a(u) G C Dt,to shine
כולה[ון,getlex.php?coord=4440320410119&word=3,n.(pr.),,,,,"all, every",,,,,kl,n.(pr.),"all, every"
די,getlex.php?coord=4440320410119&word=2,,,,,,,,,,,,,
[נה]ו֗ריהון,getlex.php?coord=4440320410119&word=1,n.m.,,,,,light,,,,,nhwr,n.m.,light
במסורת,getlex.php?coord=4440320410119&word=0,prep. n.f.,,,,,"in, with",tradition; assignment,,,,b_,prep. n.f.,"in, with | tradition; assignment"
,getlex.php?coord=4440320410118&word=7,,,,,,,,,,,,,
٠٠٠٠,getlex.php?coord=4440320410118&word=6,,,,,,,,,,,,,
ש[מיא,getlex.php?coord=4440320410118&word=5,n.m.pl.t.,,,,,heaven; ceiling,,,,,šmyn,n.m.pl.t.,heaven; ceiling
לעובד,getlex.php?coord=4440320410118&word=4,n.m.,,,,,"act, deed",,,,,ˁwbd,n.m.,"act, deed"
לכון,getlex.php?coord=4440320410118&word=3,,,,,,,,,,,,,
וחז]ו֗א,getlex.php?coord=4440320410118&word=2,conj. n.m.,,,,,"and, also",appearance; vision,,,,w_,conj. n.m.,"and, also | appearance; vision"
ע֗ו֗[בד,getlex.php?coord=4440320410118&word=1,n.m.,,,,,"act, deed",,,,,ˁwbd,n.m.,"act, deed"
בכול,getlex.php?coord=4440320410118&word=0,prep. n.(pr.),,,,,"in, with","all, every",,,,b_,prep. n.(pr.),"in, with | all, every"
,getlex.php?coord=4440320410117&word=4,,,,,,,,,,,,,
[٠٠٠٠,getlex.php?coord=4440320410117&word=3,,,,,,,,,,,,,
וקשי֗ן,getlex.php?coord=4440320410117&word=2,conj. adj.,,,,,"and, also",hard,,,,w_,conj. adj.,"and, also | hard"
]ר֗ב֗רבן,getlex.php?coord=4440320410117&word=1,adj.,,,,,"great, big",,,,,rb,adj.,"great, big"
[٠٠٠٠,getlex.php?coord=4440320410117&word=0,,,,,,,,,,,,,
,getlex.php?coord=4440320410116&word=5,,,,,,,,,,,,,
٠٠٠٠,getlex.php?coord=4440320410116&word=4,,,,,,,,,,,,,
עו֗בד֗[י,getlex.php?coord=4440320410116&word=3,n.m.,,,,,"act, deed",,,,,ˁwbd,n.m.,"act, deed"
על,getlex.php?coord=4440320410116&word=2,prep.,,,,,upon; against; to,,,,,ˁl,prep.,upon; against; to
ב]שרא,getlex.php?coord=4440320410116&word=1,n.m.,,,,,flesh,,,,,bsr,n.m.,flesh
[٠٠٠٠,getlex.php?coord=4440320410116&word=0,,,,,,,,,,,,,
,getlex.php?coord=4440320410115&word=4,,,,,,,,,,,,,
٠٠٠٠,getlex.php?coord=4440320410115&word=3,,,,,,,,,,,,,
קדישו[הי,getlex.php?coord=4440320410115&word=2,adj.,,,,,holy,,,,,qdyš,adj.,holy
רבו]את,getlex.php?coord=4440320410115&word=1,num.,,,,,ten thousand,,,,,rbw,num.,ten thousand
[٠٠٠٠,getlex.php?coord=4440320410115&word=0,,,,,,,,,,,,,
ומי֗כ֗[אל,getlex.php?coord=4440320210313&word=2,conj.,,,,,"and, also",,,,,w_,conj.,"and, also"
ר]פ֗אל,getlex.php?coord=4440320210313&word=1,,,,,,,,,,,,,
[٠٠٠٠,getlex.php?coord=4440320210313&word=0,,,,,,,,,,,,,
,getlex.php?coord=4440320210312&word=1,,,,,,,,,,,,,
[٠٠٠٠,getlex.php?coord=4440320210312&word=0,,,,,,,,,,,,,
,getlex.php?coord=4440320210311&word=6,,,,,,,,,,,,,
٠٠٠٠,getlex.php?coord=4440320210311&word=5,,,,,,,,,,,,,
נ֗פ֗ש֗[ת,getlex.php?coord=4440320210311&word=4,n.f.,,,,,soul; life; self,,,,,npš,n.f.,soul; life; self
קב]לן֗,getlex.php?coord=4440320210311&word=3,vb. a/o G D C Gt Dt,,,,,to be opposed; D to receive,,,,,qbl,vb. a/o G D C Gt Dt,to be opposed; D to receive
[٠٠٠٠,getlex.php?coord=4440320210311&word=2,,,,,,,,,,,,,
שמ]י֗א֗,getlex.php?coord=4440320210311&word=1,n.m.pl.t.,,,,,heaven; ceiling,,,,,šmyn,n.m.pl.t.,heaven; ceiling
[٠٠٠٠,getlex.php?coord=4440320210311&word=0,,,,,,,,,,,,,
,getlex.php?coord=4440320210310&word=7,,,,,,,,,,,,,
٠٠٠٠,getlex.php?coord=4440320210310&word=6,,,,,,,,,,,,,
תרע[י,getlex.php?coord=4440320210310&word=5,n.m.,,,,,gate,,,,,trˁ,n.m.,gate
עד,getlex.php?coord=4440320210310&word=4,prep.,,,,,until,,,,,ˁd,prep.,until
סלק]ין,getlex.php?coord=4440320210310&word=3,vb. e/a(u) G D C Dt Ct,,,,,to go up,,,,,slq,vb. e/a(u) G D C Dt Ct,to go up
אר[עא,getlex.php?coord=4440320210310&word=2,n.f.,,,,,ground; land; Earth,,,,,ˀrˁ,n.f.,ground; land; Earth
^ב[ני]^,getlex.php?coord=4440320210310&word=1,n.m.,,,,,son,,,,,br,n.m.,son
[בחרב]ו֗ת,getlex.php?coord=4440320210310&word=0,prep. n.f.,,,,,"in, with",desolation,,,,b_,prep. n.f.,"in, with | desolation"
,getlex.php?coord=4440320210309&word=1,,,,,,,,,,,,,
[٠٠٠٠,getlex.php?coord=4440320210309&word=0,,,,,,,,,,,,,
,getlex.php?coord=4440320210308&word=5,,,,,,,,,,,,,
٠٠٠٠,getlex.php?coord=4440320210308&word=4,,,,,,,,,,,,,
א֗ר֗ע֗א֗[,getlex.php?coord=4440320210308&word=3,n.f.,,,,,ground; land; Earth,,,,,ˀrˁ,n.f.,ground; land; Earth
[ע]ל,getlex.php?coord=4440320210308&word=2,prep.,,,,,upon; against; to,,,,,ˁl,prep.,upon; against; to
שפי]ך֗,getlex.php?coord=4440320210308&word=1,vb. a/u G D Gt Dt,,,,,"to pour out, spill",,,,,špk,vb. a/u G D Gt Dt,"to pour out, spill"
[٠٠٠٠,getlex.php?coord=4440320210308&word=0,,,,,,,,,,,,,
,getlex.php?coord=4440320210307&word=6,,,,,,,,,,,,,
٠٠,getlex.php?coord=4440320210307&word=5,,,,,,,,,,,,,
וג]ב֗רי֗[אל,getlex.php?coord=4440320210307&word=4,conj.,,,,,"and, also",,,,,w_,conj.,"and, also"
٠٠٠٠,getlex.php?coord=4440320210307&word=3,,,,,,,,,,,,,
ושריא[ל,getlex.php?coord=4440320210307&word=2,conj.,,,,,"and, also",,,,,w_,conj.,"and, also"
]מ֗י֗כאל,getlex.php?coord=4440320210307&word=1,,,,,,,,,,,,,
[٠٠٠٠,getlex.php?coord=4440320210307&word=0,,,,,,,,,,,,,
,getlex.php?coord=4440320210306&word=6,,,,,,,,,,,,,
٠٠٠٠,getlex.php?coord=4440320210306&word=5,,,,,,,,,,,,,
ש]מי֗א֗[,getlex.php?coord=4440320210306&word=4,n.m.pl.t.,,,,,heaven; ceiling,,,,,šmyn,n.m.pl.t.,heaven; ceiling
[٠٠٠٠,getlex.php?coord=4440320210306&word=3,,,,,,,,,,,,,
וקלא,getlex.php?coord=4440320210306&word=2,conj. n.m.,,,,,"and, also",voice,,,,w_,conj. n.m.,"and, also | voice"
אר]ע֗א,getlex.php?coord=4440320210306&word=1,n.f.,,,,,ground; land; Earth,,,,,ˀrˁ,n.f.,ground; land; Earth
[٠٠٠٠,getlex.php?coord=4440320210306&word=0,,,,,,,,,,,,,
,getlex.php?coord=4440320210305&word=5,,,,,,,,,,,,,
[٠٠٠٠,getlex.php?coord=4440320210305&word=4,,,,,,,,,,,,,
לגליה,getlex.php?coord=4440320210305&word=3,vb. a/e G D C Gt Dt Ct,,,,,to uncover; D to exile,,,,,gly,vb. a/e G D C Gt Dt Ct,to uncover; D to exile
שריו֗,getlex.php?coord=4440320210305&word=2,vb. G D C Gt Dt,,,,,to loosen; D to begin,,,,,šry,vb. G D C Gt Dt,to loosen; D to begin
וכולהון,getlex.php?coord=4440320210305&word=1,conj. n.(pr.),,,,,"and, also","all, every",,,,w_,conj. n.(pr.),"and, also | all, every"
[٠٠٠٠],getlex.php?coord=4440320210305&word=0,,,,,,,,,,,,,
,getlex.php?coord=4440320210304&word=6,,,,,,,,,,,,,
٠٠٠,getlex.php?coord=4440320210304&word=5,,,,,,,,,,,,,
]ארע֗[,getlex.php?coord=4440320210304&word=4,n.f.,,,,,ground; land; Earth,,,,,ˀrˁ,n.f.,ground; land; Earth
נחש[י,getlex.php?coord=4440320210304&word=3,n.m.,,,,,"augury, omen",,,,,nḥš,n.m.,"augury, omen"
אלף,getlex.php?coord=4440320210304&word=2,vb. e(a)/a G D C Gt Dt,,,,,to learn; D(C):  to teach,,,,,ˀlp,vb. e(a)/a G D C Gt Dt,to learn; D(C):  to teach
ארע]ת֗קף,getlex.php?coord=4440320210304&word=1,,,,,,,,,,,,,
[٠٠٠٠,getlex.php?coord=4440320210304&word=0,,,,,,,,,,,,,
,getlex.php?coord=4440320210303&word=5,,,,,,,,,,,,,
٠٠٠٠,getlex.php?coord=4440320210303&word=4,,,,,,,,,,,,,
כוכב֗[ין,getlex.php?coord=4440320210303&word=3,n.m.,,,,,star,,,,,kwkb,n.m.,star
נחשי,getlex.php?coord=4440320210303&word=2,n.m.,,,,,"augury, omen",,,,,nḥš,n.m.,"augury, omen"
א]לף,getlex.php?coord=4440320210303&word=1,vb. e(a)/a G D C Gt Dt,,,,,to learn; D(C):  to teach,,,,,ˀlp,vb. e(a)/a G D C Gt Dt,to learn; D(C):  to teach
[٠٠٠٠,getlex.php?coord=4440320210303&word=0,,,,,,,,,,,,,
,getlex.php?coord=4440320210302&word=6,,,,,,,,,,,,,
٠٠٠٠,getlex.php?coord=4440320210302&word=5,,,,,,,,,,,,,
]אלף֗[,getlex.php?coord=4440320210302&word=4,vb. e(a)/a G D C Gt Dt,,,,,to learn; D(C):  to teach,,,,,ˀlp,vb. e(a)/a G D C Gt Dt,to learn; D(C):  to teach
למ[٠٠٠٠,getlex.php?coord=4440320210302&word=3,,,,,,,,,,,,,
חרש,getlex.php?coord=4440320210302&word=2,n.m.,,,,,a small metal object,,,,,ḥrš,n.m.,a small metal object
א]ל֗ף֗,getlex.php?coord=4440320210302&word=1,vb. e(a)/a G D C Gt Dt,,,,,to learn; D(C):  to teach,,,,,ˀlp,vb. e(a)/a G D C Gt Dt,to learn; D(C):  to teach
[٠٠٠٠,getlex.php?coord=4440320210302&word=0,,,,,,,,,,,,,
,getlex.php?coord=4440320210301&word=7,,,,,,,,,,,,,
٠٠٠٠,getlex.php?coord=4440320210301&word=6,,,,,,,,,,,,,
אל[ף,getlex.php?coord=4440320210301&word=5,vb. e(a)/a G D C Gt Dt,,,,,to learn; D(C):  to teach,,,,,ˀlp,vb. e(a)/a G D C Gt Dt,to learn; D(C):  to teach
שמיחז]ה֗,getlex.php?coord=4440320210301&word=4,,,,,,,,,,,,,
٠٠٠٠,getlex.php?coord=4440320210301&word=3,,,,,,,,,,,,,
פח֗[זין,getlex.php?coord=4440320210301&word=2,vb. G D C Dt,,,,,to be lewd,,,,,pḥz,vb. G D C Dt,to be lewd
והוו]א,getlex.php?coord=4440320210301&word=1,conj. vb. G C Gt Ct,,,,,"and, also","to be, to become",,,,w_,conj. vb. G C Gt Ct,"and, also | to be, to become"
[٠٠٠٠,getlex.php?coord=4440320210301&word=0,,,,,,,,,,,,,
,getlex.php?coord=4440320210228&word=7,,,,,,,,,,,,,
٠٠٠٠,getlex.php?coord=4440320210228&word=6,,,,,,,,,,,,,
צדיד֗[א,getlex.php?coord=4440320210228&word=5,n.m.,,,,,antimony,,,,,ṣdydˀ,n.m.,antimony
ועל,getlex.php?coord=4440320210228&word=4,conj. prep.,,,,,"and, also",upon; against; to,,,,w_,conj. prep.,"and, also | upon; against; to"
כוחלא,getlex.php?coord=4440320210228&word=3,n.m.,,,,,stibnite; kohl,,,,,kwḥl,n.m.,stibnite; kohl
על,getlex.php?coord=4440320210228&word=2,prep.,,,,,upon; against; to,,,,,ˁl,prep.,upon; against; to
הו]א,getlex.php?coord=4440320210228&word=1,pron.,,,,,he,,,,,hwˀ,pron.,he
[٠٠٠٠,getlex.php?coord=4440320210228&word=0,,,,,,,,,,,,,
,getlex.php?coord=4440320210227&word=13,,,,,,,,,,,,,
לצמידין[٠٠,getlex.php?coord=4440320210227&word=12,n.m.,,,,,bracelet,,,,,ṣmyd,n.m.,bracelet
^למעבדה^,getlex.php?coord=4440320210227&word=11,,,,,,,,,,,,,
{ו}כספא,getlex.php?coord=4440320210227&word=10,n.m.,,,,,"silver, money",,,,,ksp,n.m.,"silver, money"
^ועל^,getlex.php?coord=4440320210227&word=9,,,,,,,,,,,,,
ת֗כונא,getlex.php?coord=4440320210227&word=8,n.f.,,,,,jewelry,,,,,tkwnh,n.f.,jewelry
למ]עבדה,getlex.php?coord=4440320210227&word=7,,,,,,,,,,,,,
ד[הבא,getlex.php?coord=4440320210227&word=6,n.m.,,,,,gold,,,,,dhb,n.m.,gold
י]עבדון,getlex.php?coord=4440320210227&word=5,vb. a/e G D C Gt Ct quad,,,,,"to make, act, do",,,,,ˁbd,vb. a/e G D C Gt Ct quad,"to make, act, do"
די,getlex.php?coord=4440320210227&word=4,,,,,,,,,,,,,
והיך,getlex.php?coord=4440320210227&word=3,adv.,,,,,how,,,,,hyk,adv.,how
ית[חפר,getlex.php?coord=4440320210227&word=2,vb. a/a G D Gt,,,,,to dig,,,,,ḥpr,vb. a/a G D Gt,to dig
מא,getlex.php?coord=4440320210227&word=1,pron.,,,,,what?,,,,,mh,pron.,what?
להון,getlex.php?coord=4440320210227&word=0,,,,,,,,,,,,,
,getlex.php?coord=4440320210226&word=11,,,,,,,,,,,,,
٠٠٠٠,getlex.php?coord=4440320210226&word=10,,,,,,,,,,,,,
נח֗[ש,getlex.php?coord=4440320210226&word=9,n.m.,,,,,"bronze, copper",,,,,nḥš,n.m.,"bronze, copper"
ד]י֗,getlex.php?coord=4440320210226&word=8,,,,,,,,,,,,,
ושר֗[ינין,getlex.php?coord=4440320210226&word=7,conj. n.m.,,,,,"and, also","mail, armor",,,,w_,conj. n.m.,"and, also | mail, armor"
פרזל,getlex.php?coord=4440320210226&word=6,n.m.,,,,,iron,,,,,przl,n.m.,iron
די,getlex.php?coord=4440320210226&word=5,,,,,,,,,,,,,
חרבן,getlex.php?coord=4440320210226&word=4,n.f./m.,,,,,sword,,,,,ḥrb,n.f./m.,sword
ל]מ֗עבד,getlex.php?coord=4440320210226&word=3,vb. a/e G D C Gt Ct quad,,,,,"to make, act, do",,,,,ˁbd,vb. a/e G D C Gt Ct quad,"to make, act, do"
[לאנ]ש֗[א,getlex.php?coord=4440320210226&word=2,n.m.,,,,,"person, someone",,,,,ˀnš,n.m.,"person, someone"
א[ל]ף֗,getlex.php?coord=4440320210226&word=1,vb. e(a)/a G D C Gt Dt,,,,,to learn; D(C):  to teach,,,,,ˀlp,vb. e(a)/a G D C Gt Dt,to learn; D(C):  to teach
ע֗ש֗א֗[ל],getlex.php?coord=4440320210226&word=0,,,,,,,,,,,,,
,getlex.php?coord=4440320210225&word=5,,,,,,,,,,,,,
מתעבד,getlex.php?coord=4440320210225&word=4,vb. a/e G D C Gt Ct quad,,,,,"to make, act, do",,,,,ˁbd,vb. a/e G D C Gt Ct quad,"to make, act, do"
[]ב֗ה,getlex.php?coord=4440320210225&word=3,prep.,,,,,"in, with",,,,,b_,prep.,"in, with"
דמ[א]^,getlex.php?coord=4440320210225&word=2,n.m.,,,,,blood,,,,,dm,n.m.,blood
]^שתין,getlex.php?coord=4440320210225&word=1,vb. G C Gt,,,,,to drink,,,,,šty,vb. G C Gt,to drink
[٠٠٠٠,getlex.php?coord=4440320210225&word=0,,,,,,,,,,,,,
,getlex.php?coord=4440320210224&word=3,,,,,,,,,,,,,
٠٠٠٠,getlex.php?coord=4440320210224&word=2,,,,,,,,,,,,,
ור]חשי֗[א,getlex.php?coord=4440320210224&word=1,conj. n.m.,,,,,"and, also",creeping animal,,,,w_,conj. n.m.,"and, also | creeping animal"
[٠٠٠٠,getlex.php?coord=4440320210224&word=0,,,,,,,,,,,,,
,getlex.php?coord=4440320210223&word=1,,,,,,,,,,,,,
[٠٠٠٠,getlex.php?coord=4440320210223&word=0,,,,,,,,,,,,,
,getlex.php?coord=4440320210222&word=3,,,,,,,,,,,,,
[٠٠٠٠,getlex.php?coord=4440320210222&word=2,,,,,,,,,,,,,
לאשפ]ק֗ה֗,getlex.php?coord=4440320210222&word=1,,,,,,,,,,,,,
[٠٠٠٠,getlex.php?coord=4440320210222&word=0,,,,,,,,,,,,,
,getlex.php?coord=4440320210221&word=5,,,,,,,,,,,,,
[ו]אכלין,getlex.php?coord=4440320210221&word=4,conj. vb. a/u G C Gt Ct,,,,,"and, also","to eat, consume",,,,w_,conj. vb. a/u G C Gt Ct,"and, also | to eat, consume"
^[ה]ווא^,getlex.php?coord=4440320210221&word=3,vb. G C Gt Ct,,,,,"to be, to become",,,,,hwy,vb. G C Gt Ct,"to be, to become"
٠٠٠٠],getlex.php?coord=4440320210221&word=2,,,,,,,,,,,,,
כי]לדות֗[הון,getlex.php?coord=4440320210221&word=1,prep. n.f.,,,,,like,birthplace; childhood,,,,k_,prep. n.f.,like | birthplace; childhood
[٠٠٠٠,getlex.php?coord=4440320210221&word=0,,,,,,,,,,,,,
,getlex.php?coord=4440320210220&word=1,,,,,,,,,,,,,
[٠٠٠٠,getlex.php?coord=4440320210220&word=0,,,,,,,,,,,,,
,getlex.php?coord=4440320210219&word=4,,,,,,,,,,,,,
٠٠٠٠,getlex.php?coord=4440320210219&word=3,,,,,,,,,,,,,
ולכ֗ש֗[פתא,getlex.php?coord=4440320210219&word=2,conj. n.f.pl.,,,,,"and, also",supplications,,,,w_,conj. n.f.pl.,"and, also | supplications"
לחר]ש֗ת֗א,getlex.php?coord=4440320210219&word=1,,,,,,,,,,,,,
[٠٠٠٠,getlex.php?coord=4440320210219&word=0,,,,,,,,,,,,,
,getlex.php?coord=4440320210218&word=6,,,,,,,,,,,,,
ושריו,getlex.php?coord=4440320210218&word=5,conj. vb. G D C Gt Dt,,,,,"and, also",to loosen; D to begin,,,,w_,conj. vb. G D C Gt Dt,"and, also | to loosen; D to begin"
٠٠٠٠],getlex.php?coord=4440320210218&word=4,,,,,,,,,,,,,
כו[ל,getlex.php?coord=4440320210218&word=3,n.(pr.),,,,,"all, every",,,,,kl,n.(pr.),"all, every"
מן,getlex.php?coord=4440320210218&word=2,prep.,,,,,from,,,,,mn,prep.,from
נשין,getlex.php?coord=4440320210218&word=1,n.f.,,,,,"woman, wife",,,,,ˀnth,n.f.,"woman, wife"
[٠٠٠٠],getlex.php?coord=4440320210218&word=0,,,,,,,,,,,,,
,getlex.php?coord=4440320210217&word=10,,,,,,,,,,,,,
אלין,getlex.php?coord=4440320210217&word=9,pron.,,,,,these (m. and f.),,,,,ˀlyn,pron.,these (m. and f.)
עש֗[רתא]^,getlex.php?coord=4440320210217&word=8,num.,,,,,ten,,,,,ˁsr,num.,ten
ר֗בני,getlex.php?coord=4440320210217&word=7,n.m.,,,,,chief; teacher,,,,,rb,n.m.,chief; teacher
^[אנו]ן֗,getlex.php?coord=4440320210217&word=6,pron.,,,,,"they, them",,,,,ˀnwn,pron.,"they, them"
[٠٠٠٠],getlex.php?coord=4440320210217&word=5,,,,,,,,,,,,,
ע]ש֗ר֗ין֗,getlex.php?coord=4440320210217&word=4,num.,,,,,twenty,,,,,ˁsryn,num.,twenty
יהדי֗[אל,getlex.php?coord=4440320210217&word=3,,,,,,,,,,,,,
לה,getlex.php?coord=4440320210217&word=2,,,,,,,,,,,,,
עסיר]י,getlex.php?coord=4440320210217&word=1,adj.,,,,,tenth,,,,,ˁsyry,adj.,tenth
[٠٠٠٠,getlex.php?coord=4440320210217&word=0,,,,,,,,,,,,,
,getlex.php?coord=4440320210216&word=6,,,,,,,,,,,,,
^[ט]ו֗ריא[ל]^,getlex.php?coord=4440320210216&word=5,,,,,,,,,,,,,
{י]מאל},getlex.php?coord=4440320210216&word=4,,,,,,,,,,,,,
٠٠٠٠,getlex.php?coord=4440320210216&word=3,,,,,,,,,,,,,
שב֗[ע]ת עשר[י,getlex.php?coord=4440320210216&word=2,num.,,,,,seventeen,,,,,šbˁ ˁsr,num.,seventeen
ת]מ֗י֗אל,getlex.php?coord=4440320210216&word=1,,,,,,,,,,,,,
[٠٠٠٠,getlex.php?coord=4440320210216&word=0,,,,,,,,,,,,,
,getlex.php?coord=4440320210215&word=5,,,,,,,,,,,,,
חמ]ש֗ת֗,getlex.php?coord=4440320210215&word=4,num.,,,,,fifteen,,,,,ḥmš ˁsr,num.,fifteen
[٠٠٠٠,getlex.php?coord=4440320210215&word=3,,,,,,,,,,,,,
לה,getlex.php?coord=4440320210215&word=2,,,,,,,,,,,,,
עסיר]י֗,getlex.php?coord=4440320210215&word=1,adj.,,,,,tenth,,,,,ˁsyry,adj.,tenth
[٠٠٠٠,getlex.php?coord=4440320210215&word=0,,,,,,,,,,,,,
,getlex.php?coord=4440320210208&word=2,,,,,,,,,,,,,
٠٠٠٠,getlex.php?coord=4440320210208&word=1,,,,,,,,,,,,,
נעב֗ד֗[,getlex.php?coord=4440320210208&word=0,vb. a/e G D C Gt Ct quad,,,,,"to make, act, do",,,,,ˁbd,vb. a/e G D C Gt Ct quad,"to make, act, do"
,getlex.php?coord=4440320210207&word=5,,,,,,,,,,,,,
٠٠٠٠,getlex.php?coord=4440320210207&word=4,,,,,,,,,,,,,
ד֗[ן,getlex.php?coord=4440320210207&word=3,pron.,,,,,this one,,,,,dyn,pron.,this one
מ]לכא,getlex.php?coord=4440320210207&word=2,n.m.,,,,,counsel,,,,,mlk,n.m.,counsel
٠٠٠,getlex.php?coord=4440320210207&word=1,,,,,,,,,,,,,
נמא֗[,getlex.php?coord=4440320210207&word=0,vb. a(i)/e G C Ct,,,,,to swear,,,,,ymy,vb. a(i)/e G C Ct,to swear
,getlex.php?coord=4440320210206&word=3,,,,,,,,,,,,,
٠٠٠٠,getlex.php?coord=4440320210206&word=2,,,,,,,,,,,,,
ואמר[ו,getlex.php?coord=4440320210206&word=1,conj. vb. a/a G Gt,,,,,"and, also",to say,,,,w_,conj. vb. a/a G Gt,"and, also | to say"
[٠٠٠٠],getlex.php?coord=4440320210206&word=0,,,,,,,,,,,,,
,getlex.php?coord=4440320210205&word=1,,,,,,,,,,,,,
[٠٠٠٠,getlex.php?coord=4440320210205&word=0,,,,,,,,,,,,,
,getlex.php?coord=4440320210204&word=2,,,,,,,,,,,,,
٠٠٠٠,getlex.php?coord=4440320210204&word=1,,,,,,,,,,,,,
ואתמ֗[ללו,getlex.php?coord=4440320210204&word=0,conj. vb. D C Dt,,,,,"and, also",D to speak,,,,w_,conj. vb. D C Dt,"and, also | D to speak"
,getlex.php?coord=4440320210203&word=3,,,,,,,,,,,,,
٠٠٠٠,getlex.php?coord=4440320210203&word=2,,,,,,,,,,,,,
ו֗[טבן,getlex.php?coord=4440320210203&word=1,conj. adj.,,,,,"and, also",good,,,,w_,conj. adj.,"and, also | good"
שפירן,getlex.php?coord=4440320210203&word=0,adj.,,,,,beautiful,,,,,špyr,adj.,beautiful
,getlex.php?coord=4440320210202&word=3,,,,,,,,,,,,,
٠٠٠٠,getlex.php?coord=4440320210202&word=2,,,,,,,,,,,,,
כ֗ד֗[י,getlex.php?coord=4440320210202&word=1,conj.,,,,,when,,,,,kd,conj.,when
והווא,getlex.php?coord=4440320210202&word=0,conj. vb. G C Gt Ct,,,,,"and, also","to be, to become",,,,w_,conj. vb. G C Gt Ct,"and, also | to be, to become"
,getlex.php?coord=4440320210201&word=3,,,,,,,,,,,,,
[٠٠٠٠,getlex.php?coord=4440320210201&word=2,,,,,,,,,,,,,
[י]ו֗מי֗,getlex.php?coord=4440320210201&word=1,n.m.,,,,,day,,,,,ywm,n.m.,day
[כו]ל֗,getlex.php?coord=4440320210201&word=0,n.(pr.),,,,,"all, every",,,,,kl,n.(pr.),"all, every"
א]ב֗ד֗[נה,getlex.php?coord=4440320110617&word=1,n.m.,,,,,"destruction, ruin",,,,,ˀbdn,n.m.,"destruction, ruin"
[٠٠٠٠,getlex.php?coord=4440320110617&word=0,,,,,,,,,,,,,
,getlex.php?coord=4440320110616&word=4,,,,,,,,,,,,,
٠٠٠٠,getlex.php?coord=4440320110616&word=3,,,,,,,,,,,,,
ח֗די֗[ן,getlex.php?coord=4440320110616&word=2,vb. a(i)/e G D C Gt Dt,,,,,to rejoice,,,,,ḥdy,vb. a(i)/e G D C Gt Dt,to rejoice
עלי]הן,getlex.php?coord=4440320110616&word=1,prep.,,,,,upon; against; to,,,,,ˁl,prep.,upon; against; to
[٠٠٠٠,getlex.php?coord=4440320110616&word=0,,,,,,,,,,,,,
,getlex.php?coord=4440320110615&word=4,,,,,,,,,,,,,
٠٠٠٠,getlex.php?coord=4440320110615&word=3,,,,,,,,,,,,,
ל֗א֗[רעא,getlex.php?coord=4440320110615&word=2,n.f.,,,,,ground; land; Earth,,,,,ˀrˁ,n.f.,ground; land; Earth
א]ח֗רבת֗[ן],getlex.php?coord=4440320110615&word=1,"vb. e(u)/a(u), a/u G D C Dt",,,,,to become waste,,,,,ḥrb,"vb. e(u)/a(u), a/u G D C Dt",to become waste
[٠٠٠٠,getlex.php?coord=4440320110615&word=0,,,,,,,,,,,,,
,getlex.php?coord=4440320110606&word=4,,,,,,,,,,,,,
٠٠٠٠,getlex.php?coord=4440320110606&word=3,,,,,,,,,,,,,
א[פתח,getlex.php?coord=4440320110606&word=2,vb. a/a G D C Gt Dt,,,,,to open,,,,,ptḥ,vb. a/a G D C Gt Dt,to open
ובאדי]ן,getlex.php?coord=4440320110606&word=1,conj. conj.,,,,,"and, also",then,,,,w_,conj. conj.,"and, also | then"
[٠٠٠٠,getlex.php?coord=4440320110606&word=0,,,,,,,,,,,,,
,getlex.php?coord=4440320110605&word=4,,,,,,,,,,,,,
٠٠٠٠,getlex.php?coord=4440320110605&word=3,,,,,,,,,,,,,
אנה[,getlex.php?coord=4440320110605&word=2,pron.,,,,,I,,,,,ˀnh,pron.,I
אש]ג֗ר,getlex.php?coord=4440320110605&word=1,vb. a/u G D C Gt Dt,,,,,to flow copiously; D to release,,,,,šgr,vb. a/u G D C Gt Dt,to flow copiously; D to release
[٠٠٠٠,getlex.php?coord=4440320110605&word=0,,,,,,,,,,,,,
,getlex.php?coord=4440320110604&word=1,,,,,,,,,,,,,
٠٠٠,getlex.php?coord=4440320110604&word=0,,,,,,,,,,,,,
,getlex.php?coord=4440320110603&word=5,,,,,,,,,,,,,
]ות[ת]ר֗מי[,getlex.php?coord=4440320110603&word=4,conj. vb. G D C Gt Ct,,,,,"and, also",to throw; put down,,,,w_,conj. vb. G D C Gt Ct,"and, also | to throw; put down"
[٠٠٠,getlex.php?coord=4440320110603&word=3,,,,,,,,,,,,,
ו֗[٠٠٠٠],getlex.php?coord=4440320110603&word=2,,,,,,,,,,,,,
י]ת֗ק֗ש֗טון,getlex.php?coord=4440320110603&word=1,vb. a(e?)/ G C Gt,,,,,to shoot an arrow,,,,,qšṭ,vb. a(e?)/ G C Gt,to shoot an arrow
[٠٠٠٠,getlex.php?coord=4440320110603&word=0,,,,,,,,,,,,,
,getlex.php?coord=4440320110505&word=5,,,,,,,,,,,,,
ל[٠٠٠٠,getlex.php?coord=4440320110505&word=4,,,,,,,,,,,,,
٠٠٠٠]יתה,getlex.php?coord=4440320110505&word=3,,,,,,,,,,,,,
א֗[זל,getlex.php?coord=4440320110505&word=2,"vb. a/i, a/a G Gt",,,,,to go,,,,,ˀzl,"vb. a/i, a/a G Gt",to go
אמ]ר֗,getlex.php?coord=4440320110505&word=1,vb. a/a G Gt,,,,,to say,,,,,ˀmr,vb. a/a G Gt,to say
[٠٠٠٠,getlex.php?coord=4440320110505&word=0,,,,,,,,,,,,,
,getlex.php?coord=4440320110504&word=6,,,,,,,,,,,,,
על]מ֗[י]ה,getlex.php?coord=4440320110504&word=5,n.m.,,,,,eternity; world,,,,,ˁlm,n.m.,eternity; world
٠٠٠٠,getlex.php?coord=4440320110504&word=4,,,,,,,,,,,,,
ו]מ֗נה[,getlex.php?coord=4440320110504&word=3,conj. prep.,,,,,"and, also",from,,,,w_,conj. prep.,"and, also | from"
[٠٠٠٠,getlex.php?coord=4440320110504&word=2,,,,,,,,,,,,,
עד,getlex.php?coord=4440320110504&word=1,prep.,,,,,until,,,,,ˁd,prep.,until
[٠٠٠٠],getlex.php?coord=4440320110504&word=0,,,,,,,,,,,,,
,getlex.php?coord=4440320110503&word=5,,,,,,,,,,,,,
٠,getlex.php?coord=4440320110503&word=4,,,,,,,,,,,,,
לנצ[לה,getlex.php?coord=4440320110503&word=3,vb. C Gt Ct,,,,,"C to save, rescue",,,,,nṣl,vb. C Gt Ct,"C to save, rescue"
[٠٠٠٠,getlex.php?coord=4440320110503&word=0,,,,,,,,,,,,,
,getlex.php?coord=4440320110421&word=5,,,,,,,,,,,,,
٠٠٠٠],getlex.php?coord=4440320110503&word=2,,,,,,,,,,,,,
٠٠٠٠,getlex.php?coord=4440320110421&word=4,,,,,,,,,,,,,
ק]שט֗[ה,getlex.php?coord=4440320110503&word=1,n.m.,,,,,"honesty, truth",,,,,qšwṭ,n.m.,"honesty, truth"
ח[ברוהי,getlex.php?coord=4440320110421&word=3,n.m.,,,,,comrade,,,,,ḥbr,n.m.,comrade
לכל,getlex.php?coord=4440320110421&word=2,n.(pr.),,,,,"all, every",,,,,kl,n.(pr.),"all, every"
למ]ל֗ך,getlex.php?coord=4440320110421&word=1,n.m.,,,,,king,,,,,mlk,n.m.,king
[٠٠٠٠,getlex.php?coord=4440320110421&word=0,,,,,,,,,,,,,
,getlex.php?coord=4440320110420&word=3,,,,,,,,,,,,,
٠٠٠٠,getlex.php?coord=4440320110420&word=2,,,,,,,,,,,,,
יה[٠٠٠],getlex.php?coord=4440320110420&word=1,,,,,,,,,,,,,
[٠٠٠٠ל]ה֗ן,getlex.php?coord=4440320110420&word=0,,,,,,,,,,,,,
,getlex.php?coord=4440320110419&word=4,,,,,,,,,,,,,
٠٠٠٠,getlex.php?coord=4440320110419&word=3,,,,,,,,,,,,,
ו֗[כל,getlex.php?coord=4440320110419&word=2,conj. n.(pr.),,,,,"and, also","all, every",,,,w_,conj. n.(pr.),"and, also | all, every"
ארע]א֗,getlex.php?coord=4440320110419&word=1,n.f.,,,,,ground; land; Earth,,,,,ˀrˁ,n.f.,ground; land; Earth
[٠٠٠٠,getlex.php?coord=4440320110419&word=0,,,,,,,,,,,,,
,getlex.php?coord=4440320110411&word=5,,,,,,,,,,,,,
٠٠٠٠,getlex.php?coord=4440320110411&word=4,,,,,,,,,,,,,
ו֗א֗[מרן,getlex.php?coord=4440320110411&word=3,conj. vb. a/a G Gt,,,,,"and, also",to say,,,,w_,conj. vb. a/a G Gt,"and, also | to say"
[٠٠٠٠],getlex.php?coord=4440320110411&word=2,,,,,,,,,,,,,
קבלן,getlex.php?coord=4440320110411&word=1,vb. a/o G D C Gt Dt,,,,,to be opposed; D to receive,,,,,qbl,vb. a/o G D C Gt Dt,to be opposed; D to receive
די,getlex.php?coord=4440320110411&word=0,,,,,,,,,,,,,
,getlex.php?coord=4440320110410&word=6,,,,,,,,,,,,,
٠٠٠٠,getlex.php?coord=4440320110410&word=5,,,,,,,,,,,,,
ש[מיה,getlex.php?coord=4440320110410&word=4,n.m.pl.t.,,,,,heaven; ceiling,,,,,šmyn,n.m.pl.t.,heaven; ceiling
לקדי]שי,getlex.php?coord=4440320110410&word=3,adj.,,,,,holy,,,,,qdyš,adj.,holy
٠٠٠٠,getlex.php?coord=4440320110410&word=2,,,,,,,,,,,,,
שמי[ה,getlex.php?coord=4440320110410&word=1,n.m.pl.t.,,,,,heaven; ceiling,,,,,šmyn,n.m.pl.t.,heaven; ceiling
תרעי,getlex.php?coord=4440320110410&word=0,n.m.,,,,,gate,,,,,trˁ,n.m.,gate
,getlex.php?coord=4440320110409&word=5,,,,,,,,,,,,,
בח֗[٠٠٠٠,getlex.php?coord=4440320110409&word=4,,,,,,,,,,,,,
וז֗[עק]ת֗ה,getlex.php?coord=4440320110409&word=3,conj. n.f.,,,,,"and, also",outcry,,,,w_,conj. n.f.,"and, also | outcry"
ד]ק֗לה,getlex.php?coord=4440320110409&word=2,n.m.,,,,,voice,,,,,ql,n.m.,voice
קדמ֗[יהן,getlex.php?coord=4440320110409&word=1,prep.,,,,,before,,,,,qdm,prep.,before
ואמרו,getlex.php?coord=4440320110409&word=0,conj. vb. a/a G Gt,,,,,"and, also",to say,,,,w_,conj. vb. a/a G Gt,"and, also | to say"
,getlex.php?coord=4440320110408&word=7,,,,,,,,,,,,,
[٠٠٠٠,getlex.php?coord=4440320110408&word=6,,,,,,,,,,,,,
ע֗ליה֗,getlex.php?coord=4440320110408&word=5,prep.,,,,,upon; against; to,,,,,ˁl,prep.,upon; against; to
[את]ח֗טי,getlex.php?coord=4440320110408&word=4,vb. G D C Gt Dt,,,,,to sin,,,,,ḥṭy,vb. G D C Gt Dt,to sin
די,getlex.php?coord=4440320110408&word=3,,,,,,,,,,,,,
ו]חמסה,getlex.php?coord=4440320110408&word=2,conj. n.m.,,,,,"and, also","criminality, violence",,,,w_,conj. n.m.,"and, also | criminality, violence"
ר֗[שעה,getlex.php?coord=4440320110408&word=1,v.n.,,,,,evil,,,,,ršˁ,v.n.,evil
אתמלית,getlex.php?coord=4440320110408&word=0,vb. G D C Gt Dt quad,,,,,to be full,,,,,mly,vb. G D C Gt Dt quad,to be full
,getlex.php?coord=4440320110407&word=11,,,,,,,,,,,,,
٠٠٠٠,getlex.php?coord=4440320110407&word=10,,,,,,,,,,,,,
וכ֗ל[,getlex.php?coord=4440320110407&word=9,conj. n.(pr.),,,,,"and, also","all, every",,,,w_,conj. n.(pr.),"and, also | all, every"
ארע]א֗,getlex.php?coord=4440320110407&word=8,n.f.,,,,,ground; land; Earth,,,,,ˀrˁ,n.f.,ground; land; Earth
על,getlex.php?coord=4440320110407&word=7,prep.,,,,,upon; against; to,,,,,ˁl,prep.,upon; against; to
שפ[יך,getlex.php?coord=4440320110407&word=6,vb. a/u G D Gt Dt,,,,,"to pour out, spill",,,,,špk,vb. a/u G D Gt Dt,"to pour out, spill"
סגי,getlex.php?coord=4440320110407&word=5,adj./adv.,,,,,"many, much",,,,,sgy,adj./adv.,"many, much"
דם,getlex.php?coord=4440320110407&word=4,n.m.,,,,,blood,,,,,dm,n.m.,blood
וחז]ו֗,getlex.php?coord=4440320110407&word=3,"conj. vb. G D C Gt Ct ethpolal, ethpay/w c el",,,,,"and, also",to see,,,,w_,"conj. vb. G D C Gt Ct ethpolal, ethpay/w c el","and, also | to see"
٠٠٠٠,getlex.php?coord=4440320110407&word=2,,,,,,,,,,,,,
קדש֗[י,getlex.php?coord=4440320110407&word=1,n.m.,,,,,holiness,,,,,qdwš,n.m.,holiness
מן,getlex.php?coord=4440320110407&word=0,prep.,,,,,from,,,,,mn,prep.,from
,getlex.php?coord=4440320110406&word=8,,,,,,,,,,,,,
וג֗ב֗ר֗י֗[אל,getlex.php?coord=4440320110406&word=7,conj.,,,,,"and, also",,,,,w_,conj.,"and, also"
ו]רפאל,getlex.php?coord=4440320110406&word=6,conj.,,,,,"and, also",,,,,w_,conj.,"and, also"
[٠٠٠٠,getlex.php?coord=4440320110406&word=5,,,,,,,,,,,,,
מיכאל,getlex.php?coord=4440320110406&word=4,,,,,,,,,,,,,
א֗דיק,getlex.php?coord=4440320110406&word=3,vb. a/u G D C Gt Dt,,,,,to observe carefully,,,,,dwq,vb. a/u G D C Gt Dt,to observe carefully
٠٠٠٠],getlex.php?coord=4440320110406&word=2,,,,,,,,,,,,,
ק֗[דם,getlex.php?coord=4440320110406&word=1,prep.,,,,,before,,,,,qdm,prep.,before
סל֗ק֗,getlex.php?coord=4440320110406&word=0,vb. e/a(u) G D C Dt Ct,,,,,to go up,,,,,slq,vb. e/a(u) G D C Dt Ct,to go up
,getlex.php?coord=4440320110405&word=9,,,,,,,,,,,,,
ו֗ק֗[לה,getlex.php?coord=4440320110405&word=8,conj. n.m.,,,,,"and, also",voice,,,,w_,conj. n.m.,"and, also | voice"
ארעא,getlex.php?coord=4440320110405&word=7,n.f.,,,,,ground; land; Earth,,,,,ˀrˁ,n.f.,ground; land; Earth
מן,getlex.php?coord=4440320110405&word=6,prep.,,,,,from,,,,,mn,prep.,from
ק֗[٠٠٠٠],getlex.php?coord=4440320110405&word=5,,,,,,,,,,,,,
מעבד,getlex.php?coord=4440320110405&word=4,n.m.,,,,,deed,,,,,mˁbd,n.m.,deed
ולק֗ב֗ל,getlex.php?coord=4440320110405&word=3,conj. prep.,,,,,"and, also",opposite,,,,w_,conj. prep.,"and, also | opposite"
לנשיהן,getlex.php?coord=4440320110405&word=2,n.f.,,,,,"woman, wife",,,,,ˀnth,n.f.,"woman, wife"
רזין,getlex.php?coord=4440320110405&word=1,n.m.,,,,,mystery,,,,,rz,n.m.,mystery
[לגלי]ה,getlex.php?coord=4440320110405&word=0,vb. a/e G D C Gt Dt Ct,,,,,to uncover; D to exile,,,,,gly,vb. a/e G D C Gt Dt Ct,to uncover; D to exile
,getlex.php?coord=4440320110404&word=7,,,,,,,,,,,,,
٠٠٠٠,getlex.php?coord=4440320110404&word=6,,,,,,,,,,,,,
שה֗[ר,getlex.php?coord=4440320110404&word=5,n.m./f.,,,,,the Moon,,,,,shr,n.m./f.,the Moon
٠٠٠٠],getlex.php?coord=4440320110404&word=4,,,,,,,,,,,,,
שמ֗[ש,getlex.php?coord=4440320110404&word=3,n.m./f.,,,,,sun,,,,,šmš,n.m./f.,sun
נחשי,getlex.php?coord=4440320110404&word=2,n.m.,,,,,"augury, omen",,,,,nḥš,n.m.,"augury, omen"
אלף,getlex.php?coord=4440320110404&word=1,vb. e(a)/a G D C Gt Dt,,,,,to learn; D(C):  to teach,,,,,ˀlp,vb. e(a)/a G D C Gt Dt,to learn; D(C):  to teach
[שמ]שיאל,getlex.php?coord=4440320110404&word=0,,,,,,,,,,,,,
,getlex.php?coord=4440320110403&word=4,,,,,,,,,,,,,
٠٠٠٠,getlex.php?coord=4440320110403&word=3,,,,,,,,,,,,,
זיקא[ל/זי{כ}^ק^א[ל#2#/,getlex.php?coord=4440320110403&word=2,,,,,,,,,,,,,
כוכבין,getlex.php?coord=4440320110403&word=1,n.m.,,,,,star,,,,,kwkb,n.m.,star
[נ]ח֗שי,getlex.php?coord=4440320110403&word=0,n.m.,,,,,"augury, omen",,,,,nḥš,n.m.,"augury, omen"
,getlex.php?coord=4440320110402&word=4,,,,,,,,,,,,,
٠٠٠٠,getlex.php?coord=4440320110402&word=3,,,,,,,,,,,,,
ותוש[ין,getlex.php?coord=4440320110402&word=2,conj. n.m.,,,,,"and, also",straying,,,,w_,conj. n.m.,"and, also | straying"
וחרטמו,getlex.php?coord=4440320110402&word=1,conj. n.f.,,,,,"and, also",magic,,,,w_,conj. n.f.,"and, also | magic"
[כ]שפו,getlex.php?coord=4440320110402&word=0,n.f.,,,,,sorcery,,,,,kšpw,n.f.,sorcery
,getlex.php?coord=4440320110401&word=4,,,,,,,,,,,,,
٠٠٠٠,getlex.php?coord=4440320110401&word=3,,,,,,,,,,,,,
חבר֗[ין,getlex.php?coord=4440320110401&word=2,n.m.,,,,,charm,,,,,ḥbr,n.m.,charm
אלף,getlex.php?coord=4440320110401&word=1,vb. e(a)/a G D C Gt Dt,,,,,to learn; D(C):  to teach,,,,,ˀlp,vb. e(a)/a G D C Gt Dt,to learn; D(C):  to teach
שמי חזה,getlex.php?coord=4440320110401&word=0,,,,,,,,,,,,,
,getlex.php?coord=4440320110322&word=3,,,,,,,,,,,,,
٠٠٠٠,getlex.php?coord=4440320110322&word=2,,,,,,,,,,,,,
ר]ש֗י[עין,getlex.php?coord=4440320110322&word=1,adj.,,,,,wicked,,,,,ršyˁ,adj.,wicked
[٠٠٠٠,getlex.php?coord=4440320110322&word=0,,,,,,,,,,,,,
,getlex.php?coord=4440320110321&word=4,,,,,,,,,,,,,
٠٠٠٠,getlex.php?coord=4440320110321&word=3,,,,,,,,,,,,,
בשר[הן,getlex.php?coord=4440320110321&word=2,n.m.,,,,,flesh,,,,,bsr,n.m.,flesh
ו֗למ֗כל,getlex.php?coord=4440320110321&word=1,conj. vb. a/u G C Gt Ct,,,,,"and, also","to eat, consume",,,,w_,conj. vb. a/u G C Gt Ct,"and, also | to eat, consume"
[וב]ש֗מ֗יה֗,getlex.php?coord=4440320110321&word=0,conj. prep. n.m.pl.t.,,,,,"and, also","in, with",heaven; ceiling,,,w_,conj. prep. n.m.pl.t.,"and, also | in, with | heaven; ceiling"
,getlex.php?coord=4440320110320&word=6,,,,,,,,,,,,,
٠٠٠٠,getlex.php?coord=4440320110320&word=5,,,,,,,,,,,,,
ארע[ה,getlex.php?coord=4440320110320&word=4,n.f.,,,,,ground; land; Earth,,,,,ˀrˁ,n.f.,ground; land; Earth
ו֗[חיו]ת,getlex.php?coord=4440320110320&word=3,conj. n.f.,,,,,"and, also",animal,,,,w_,conj. n.f.,"and, also | animal"
בהן,getlex.php?coord=4440320110320&word=2,prep.,,,,,"in, with",,,,,b_,prep.,"in, with"
כל,getlex.php?coord=4440320110320&word=1,n.(pr.),,,,,"all, every",,,,,kl,n.(pr.),"all, every"
ק֗ו֗בל,getlex.php?coord=4440320110320&word=0,prep.,,,,,opposite; corresponding to,,,,,qwbl,prep.,opposite; corresponding to
,getlex.php?coord=4440320110319&word=4,,,,,,,,,,,,,
ו֗[٠٠٠٠,getlex.php?coord=4440320110319&word=3,,,,,,,,,,,,,
לאנשא,getlex.php?coord=4440320110319&word=2,n.m.,,,,,"person, someone",,,,,ˀnš,n.m.,"person, someone"
לקטלה,getlex.php?coord=4440320110319&word=1,vb. a/u G D C Gt Dt,,,,,to kill,,,,,qṭl,vb. a/u G D C Gt Dt,to kill
ו֗שריו,getlex.php?coord=4440320110319&word=0,conj. vb. G D C Gt Dt,,,,,"and, also",to loosen; D to begin,,,,w_,conj. vb. G D C Gt Dt,"and, also | to loosen; D to begin"
,getlex.php?coord=4440320110318&word=5,,,,,,,,,,,,,
י[٠٠٠٠,getlex.php?coord=4440320110318&word=4,,,,,,,,,,,,,
ולא,getlex.php?coord=4440320110318&word=3,conj. adv.,,,,,"and, also","no, not",,,,w_,conj. adv.,"and, also | no, not"
בני אנשא֗,getlex.php?coord=4440320110318&word=2,n.m.,,,,,"human, person",,,,,br ˀnš/brnš,n.m.,"human, person"
כל,getlex.php?coord=4440320110318&word=1,n.(pr.),,,,,"all, every",,,,,kl,n.(pr.),"all, every"
ע֗מל,getlex.php?coord=4440320110318&word=0,n.m.,,,,,labor,,,,,ˁml,n.m.,labor
,getlex.php?coord=4440320110317&word=5,,,,,,,,,,,,,
[٠٠٠٠,getlex.php?coord=4440320110317&word=4,,,,,,,,,,,,,
ארעה֗,getlex.php?coord=4440320110317&word=3,n.f.,,,,,ground; land; Earth,,,,,ˀrˁ,n.f.,ground; land; Earth
על,getlex.php?coord=4440320110317&word=2,prep.,,,,,upon; against; to,,,,,ˁl,prep.,upon; against; to
מתילדין,getlex.php?coord=4440320110317&word=1,vb. e/a G D C Gt Dt Ct,,,,,to give birth; C to produce,,,,,yld,vb. e/a G D C Gt Dt Ct,to give birth; C to produce
הוו,getlex.php?coord=4440320110317&word=0,vb. G C Gt Ct,,,,,"to be, to become",,,,,hwy,vb. G C Gt Ct,"to be, to become"
,getlex.php?coord=4440320110316&word=5,,,,,,,,,,,,,
٠٠٠٠,getlex.php?coord=4440320110316&word=4,,,,,,,,,,,,,
ויל[דה,getlex.php?coord=4440320110316&word=3,conj. vb. e/a G D C Gt Dt Ct,,,,,"and, also",to give birth; C to produce,,,,w_,conj. vb. e/a G D C Gt Dt Ct,"and, also | to give birth; C to produce"
מנהן,getlex.php?coord=4440320110316&word=2,prep.,,,,,from,,,,,mn,prep.,from
בטנן,getlex.php?coord=4440320110316&word=1,vb. e/a G D C Gt,,,,,to be pregnant,,,,,bṭn,vb. e/a G D C Gt,to be pregnant
והויה,getlex.php?coord=4440320110316&word=0,conj. vb. G C Gt Ct,,,,,"and, also","to be, to become",,,,w_,conj. vb. G C Gt Ct,"and, also | to be, to become"
,getlex.php?coord=4440320110315&word=4,,,,,,,,,,,,,
ו[٠٠٠٠,getlex.php?coord=4440320110315&word=3,,,,,,,,,,,,,
ח֗רשה,getlex.php?coord=4440320110315&word=2,n.f.,,,,,sorceress,,,,,ḥršh,n.f.,sorceress
אנין,getlex.php?coord=4440320110315&word=1,pron.,,,,,they (f.),,,,,ˀnyn,pron.,they (f.)
ולאלפה,getlex.php?coord=4440320110315&word=0,conj. vb. e(a)/a G D C Gt Dt,,,,,"and, also",to learn; D(C):  to teach,,,,w_,conj. vb. e(a)/a G D C Gt Dt,"and, also | to learn; D(C):  to teach"
,getlex.php?coord=4440320110314&word=6,,,,,,,,,,,,,
ו[٠٠٠٠,getlex.php?coord=4440320110314&word=5,,,,,,,,,,,,,
בחרו,getlex.php?coord=4440320110314&word=4,vb. a/a(u) G D C Gt Dt,,,,,to choose,,,,,bḥr,vb. a/a(u) G D C Gt Dt,to choose
די,getlex.php?coord=4440320110314&word=3,,,,,,,,,,,,,
כל,getlex.php?coord=4440320110314&word=2,n.(pr.),,,,,"all, every",,,,,kl,n.(pr.),"all, every"
מן,getlex.php?coord=4440320110314&word=1,prep.,,,,,from,,,,,mn,prep.,from
נשין,getlex.php?coord=4440320110314&word=0,n.f.,,,,,"woman, wife",,,,,ˀnth,n.f.,"woman, wife"
,getlex.php?coord=4440320110313&word=8,,,,,,,,,,,,,
٠٠٠٠,getlex.php?coord=4440320110313&word=7,,,,,,,,,,,,,
ור]ב֗נ֗יה[ן,getlex.php?coord=4440320110313&word=6,conj. n.m.,,,,,"and, also",chief; teacher,,,,w_,conj. n.m.,"and, also | chief; teacher"
א֗נ֗[ון,getlex.php?coord=4440320110313&word=5,pron.,,,,,"they, them",,,,,ˀnwn,pron.,"they, them"
עס[ר]ת֗א֗,getlex.php?coord=4440320110313&word=4,num.,,,,,ten,,,,,ˁsr,num.,ten
{{^רב[נ]י^}},getlex.php?coord=4440320110313&word=3,n.m.,,,,,"lord, master",,,,,rbn,n.m.,"lord, master"
רבני,getlex.php?coord=4440320110313&word=2,n.m.,,,,,"lord, master",,,,,rbn,n.m.,"lord, master"
אנון,getlex.php?coord=4440320110313&word=1,pron.,,,,,"they, them",,,,,ˀnwn,pron.,"they, them"
אלין,getlex.php?coord=4440320110313&word=0,pron.,,,,,these (m. and f.),,,,,ˀlyn,pron.,these (m. and f.)
,getlex.php?coord=4440320110312&word=7,,,,,,,,,,,,,
[٠٠٠٠,getlex.php?coord=4440320110312&word=6,,,,,,,,,,,,,
לה,getlex.php?coord=4440320110312&word=5,,,,,,,,,,,,,
תשעת< עסר>,getlex.php?coord=4440320110312&word=4,num.,,,,,nineteen,,,,,tšˁ ˁsr,num.,nineteen
ימי֗[א]ל֗,getlex.php?coord=4440320110312&word=3,,,,,,,,,,,,,
לה,getlex.php?coord=4440320110312&word=2,,,,,,,,,,,,,
תמני֗ת עס[ר],getlex.php?coord=4440320110312&word=1,num.,,,,,eighteen,,,,,tmny ˁsr,num.,eighteen
טוריאל,getlex.php?coord=4440320110312&word=0,,,,,,,,,,,,,
,getlex.php?coord=4440320110311&word=8,,,,,,,,,,,,,
٠٠٠٠,getlex.php?coord=4440320110311&word=7,,,,,,,,,,,,,
שבעת֗[,getlex.php?coord=4440320110311&word=6,num.,,,,,seventeen,,,,,šbˁ ˁsr,num.,seventeen
ת֗מ֗יאל,getlex.php?coord=4440320110311&word=5,,,,,,,,,,,,,
לה,getlex.php?coord=4440320110311&word=4,,,,,,,,,,,,,
[ש]ת֗ת עסר,getlex.php?coord=4440320110311&word=3,num.,,,,,sixteen,,,,,št ˁsr,num.,sixteen
שהריאל,getlex.php?coord=4440320110311&word=2,,,,,,,,,,,,,
לה,getlex.php?coord=4440320110311&word=1,,,,,,,,,,,,,
[חמשת] עסר,getlex.php?coord=4440320110311&word=0,num.,,,,,fifteen,,,,,ḥmš ˁsr,num.,fifteen
,getlex.php?coord=4440320110310&word=7,,,,,,,,,,,,,
שמשי[אל,getlex.php?coord=4440320110310&word=6,,,,,,,,,,,,,
לה,getlex.php?coord=4440320110310&word=5,,,,,,,,,,,,,
[אר]בעת עסר/[אר]בעת {א}^ע^סר#2#/,getlex.php?coord=4440320110310&word=4,num.,,,,,fourteen,,,,,ˀrbˁ ˁsr,num.,fourteen
ש]ת֗ו֗א֗ל֗,getlex.php?coord=4440320110310&word=3,,,,,,,,,,,,,
[לה,getlex.php?coord=4440320110310&word=2,,,,,,,,,,,,,
תלתת עסר,getlex.php?coord=4440320110310&word=1,num.,,,,,thirteen,,,,,tlt ˁsr,num.,thirteen
עננאל,getlex.php?coord=4440320110310&word=0,,,,,,,,,,,,,
,getlex.php?coord=4440320110309&word=7,,,,,,,,,,,,,
٠٠٠٠,getlex.php?coord=4440320110309&word=6,,,,,,,,,,,,,
תריעס[ר,getlex.php?coord=4440320110309&word=5,num.,,,,,twelve,,,,,try ˁsr,num.,twelve
מטראל,getlex.php?coord=4440320110309&word=4,,,,,,,,,,,,,
לה,getlex.php?coord=4440320110309&word=3,,,,,,,,,,,,,
٠٠٠٠]א,getlex.php?coord=4440320110309&word=2,,,,,,,,,,,,,
עסירי[,getlex.php?coord=4440320110309&word=1,adj.,,,,,tenth,,,,,ˁsyry,adj.,tenth
עסאל,getlex.php?coord=4440320110309&word=0,,,,,,,,,,,,,
,getlex.php?coord=4440320110308&word=8,,,,,,,,,,,,,
٠٠٠٠,getlex.php?coord=4440320110308&word=7,,,,,,,,,,,,,
תשיע֗[י,getlex.php?coord=4440320110308&word=6,adj.,,,,,ninth,,,,,tšyˁy,adj.,ninth
ברקאל,getlex.php?coord=4440320110308&word=5,,,,,,,,,,,,,
ל֗ה,getlex.php?coord=4440320110308&word=4,,,,,,,,,,,,,
תמי]נ֗י֗,getlex.php?coord=4440320110308&word=3,adj.,,,,,eighth,,,,,tmyny,adj.,eighth
٠٠٠٠,getlex.php?coord=4440320110308&word=2,,,,,,,,,,,,,
שבי֗[עי,getlex.php?coord=4440320110308&word=1,adj.,,,,,seventh,,,,,šbyˁy,adj.,seventh
דניאל,getlex.php?coord=4440320110308&word=0,,,,,,,,,,,,,
,getlex.php?coord=4440320110307&word=7,,,,,,,,,,,,,
٠٠٠٠,getlex.php?coord=4440320110307&word=6,,,,,,,,,,,,,
רעמא[ל,getlex.php?coord=4440320110307&word=5,,,,,,,,,,,,,
לה,getlex.php?coord=4440320110307&word=4,,,,,,,,,,,,,
חמ]ישי,getlex.php?coord=4440320110307&word=3,adj.,,,,,fifth,,,,,ḥmyšy,adj.,fifth
٠٠٠٠,getlex.php?coord=4440320110307&word=2,,,,,,,,,,,,,
כוכבא[ל,getlex.php?coord=4440320110307&word=1,,,,,,,,,,,,,
לה,getlex.php?coord=4440320110307&word=0,,,,,,,,,,,,,
,getlex.php?coord=4440320110306&word=7,,,,,,,,,,,,,
٠٠٠٠,getlex.php?coord=4440320110306&word=6,,,,,,,,,,,,,
רמט֗[אל,getlex.php?coord=4440320110306&word=5,,,,,,,,,,,,,
לה,getlex.php?coord=4440320110306&word=4,,,,,,,,,,,,,
תנין,getlex.php?coord=4440320110306&word=3,adj.,,,,,second; repetition,,,,,tnyn,adj.,second; repetition
٠٠٠٠]ף,getlex.php?coord=4440320110306&word=2,,,,,,,,,,,,,
ד֗[י,getlex.php?coord=4440320110306&word=1,,,,,,,,,,,,,
שמיחזה,getlex.php?coord=4440320110306&word=0,,,,,,,,,,,,,
,getlex.php?coord=4440320110305&word=7,,,,,,,,,,,,,
[٠٠٠٠,getlex.php?coord=4440320110305&word=6,,,,,,,,,,,,,
ואלין,getlex.php?coord=4440320110305&word=5,conj. pron.,,,,,"and, also",these (m. and f.),,,,w_,conj. pron.,"and, also | these (m. and f.)"
ב]ה֗,getlex.php?coord=4440320110305&word=4,prep.,,,,,"in, with",,,,,b_,prep.,"in, with"
٠٠٠٠,getlex.php?coord=4440320110305&word=3,,,,,,,,,,,,,
ואחרמ֗[ו,getlex.php?coord=4440320110305&word=2,conj. vb. a/a G D C Gt Dt Ct,,,,,"and, also","to forbid, ban",,,,w_,conj. vb. a/a G D C Gt Dt Ct,"and, also | to forbid, ban"
ימו,getlex.php?coord=4440320110305&word=1,vb. a(i)/e G C Ct,,,,,to swear,,,,,ymy,vb. a(i)/e G C Ct,to swear
די,getlex.php?coord=4440320110305&word=0,,,,,,,,,,,,,
,getlex.php?coord=4440320110304&word=5,,,,,,,,,,,,,
[٠٠٠٠,getlex.php?coord=4440320110304&word=4,,,,,,,,,,,,,
[٠٠٠٠]ן֗,getlex.php?coord=4440320110304&word=3,,,,,,,,,,,,,
ע֗ל,getlex.php?coord=4440320110304&word=2,prep.,,,,,upon; against; to,,,,,ˁl,prep.,upon; against; to
ירד,getlex.php?coord=4440320110304&word=1,,,,,,,,,,,,,
ביומי,getlex.php?coord=4440320110304&word=0,prep. n.m.,,,,,"in, with",day,,,,b_,prep. n.m.,"in, with | day"
,getlex.php?coord=4440320110303&word=4,,,,,,,,,,,,,
٠٠٠٠,getlex.php?coord=4440320110303&word=3,,,,,,,,,,,,,
ואחרמ[ו,getlex.php?coord=4440320110303&word=2,conj. vb. a/a G D C Gt Dt Ct,,,,,"and, also","to forbid, ban",,,,w_,conj. vb. a/a G D C Gt Dt Ct,"and, also | to forbid, ban"
כחדה,getlex.php?coord=4440320110303&word=1,adv.,,,,,together,,,,,kḥdh,adv.,together
כלהן,getlex.php?coord=4440320110303&word=0,n.(pr.),,,,,"all, every",,,,,kl,n.(pr.),"all, every"
,getlex.php?coord=4440320110302&word=6,,,,,,,,,,,,,
٠٠٠٠,getlex.php?coord=4440320110302&word=5,,,,,,,,,,,,,
ד֗[ן,getlex.php?coord=4440320110302&word=4,pron.,,,,,this one,,,,,dyn,pron.,this one
מלכה֗,getlex.php?coord=4440320110302&word=3,n.m.,,,,,counsel,,,,,mlk,n.m.,counsel
מן,getlex.php?coord=4440320110302&word=2,prep.,,,,,from,,,,,mn,prep.,from
כלנה,getlex.php?coord=4440320110302&word=1,n.(pr.),,,,,"all, every",,,,,kl,n.(pr.),"all, every"
נתוב,getlex.php?coord=4440320110302&word=0,vb. a/u G C Ct palpel ethpalpal,,,,,to return,,,,,twb,vb. a/u G C Ct palpel ethpalpal,to return
,getlex.php?coord=4440320110301&word=5,,,,,,,,,,,,,
٠٠٠٠,getlex.php?coord=4440320110301&word=4,,,,,,,,,,,,,
נמ[א,getlex.php?coord=4440320110301&word=3,vb. a(i)/e G C Ct,,,,,to swear,,,,,ymy,vb. a(i)/e G C Ct,to swear
עלם,getlex.php?coord=4440320110216&word=3,n.m.,,,,,eternity; world,,,,,ˁlm,n.m.,eternity; world
ללוט,getlex.php?coord=4440320110216&word=2,n.m.,,,,,curse,,,,,lwṭ,n.m.,curse
שמהתכ]ן֗,getlex.php?coord=4440320110216&word=1,n.m.,,,,,name,,,,,šm,n.m.,name
[٠٠٠٠,getlex.php?coord=4440320110216&word=0,,,,,,,,,,,,,
,getlex.php?coord=4440320110215&word=7,,,,,,,,,,,,,
ורח]מ֗ין,getlex.php?coord=4440320110215&word=6,conj. n.m.pl.t,,,,,"and, also",mercy; prayer,,,,w_,conj. n.m.pl.t,"and, also | mercy; prayer"
ע]ל[מין,getlex.php?coord=4440320110215&word=5,n.m.,,,,,eternity; world,,,,,ˁlm,n.m.,eternity; world
בל[וט,getlex.php?coord=4440320110215&word=4,prep. n.m.,,,,,"in, with",curse,,,,b_,prep. n.m.,"in, with | curse"
יסגין,getlex.php?coord=4440320110215&word=3,vb. i(a)/e G D C Gt Ct,,,,,to be many,,,,,sgy,vb. i(a)/e G D C Gt Ct,to be many
אבדנכן,getlex.php?coord=4440320110215&word=2,n.m.,,,,,"destruction, ruin",,,,,ˀbdn,n.m.,"destruction, ruin"
ושנ]י֗,getlex.php?coord=4440320110215&word=1,conj. n.f.,,,,,"and, also",year,,,,w_,conj. n.f.,"and, also | year"
[٠٠٠٠,getlex.php?coord=4440320110215&word=0,,,,,,,,,,,,,
,getlex.php?coord=4440320110214&word=9,,,,,,,,,,,,,
ו]שני,getlex.php?coord=4440320110214&word=8,conj. n.f.,,,,,"and, also",year,,,,w_,conj. n.f.,"and, also | year"
תלוט[ון,getlex.php?coord=4440320110214&word=7,"vb. a/u G D C Gt Dt polel, pay/w c el",,,,,to curse,,,,,lwṭ,"vb. a/u G D C Gt Dt polel, pay/w c el",to curse
יומיכן,getlex.php?coord=4440320110214&word=6,n.m.,,,,,day,,,,,ywm,n.m.,day
אדין,getlex.php?coord=4440320110214&word=5,conj./adv.,,,,,"then, at that time",,,,,ˀdyn,conj./adv.,"then, at that time"
לכן,getlex.php?coord=4440320110214&word=4,,,,,,,,,,,,,
שלם,getlex.php?coord=4440320110214&word=3,n.m.,,,,,wellbeing; peace,,,,,šlm,n.m.,wellbeing; peace
לת,getlex.php?coord=4440320110214&word=2,vb./adv.,,,,,there is/are not,,,,,lyt,vb./adv.,there is/are not
לב]ב֗ן,getlex.php?coord=4440320110214&word=1,n.m.,,,,,heart,,,,,lbb,n.m.,heart
[٠٠٠٠,getlex.php?coord=4440320110214&word=0,,,,,,,,,,,,,
,getlex.php?coord=4440320110213&word=7,,,,,,,,,,,,,
טמתכן,getlex.php?coord=4440320110213&word=6,n.f.,,,,,"ritual uncleanliness, defilement",,,,,ṭmˀh,n.f.,"ritual uncleanliness, defilement"
ביום,getlex.php?coord=4440320110213&word=5,prep. n.m.,,,,,"in, with",day,,,,b_,prep. n.m.,"in, with | day"
וקשין,getlex.php?coord=4440320110213&word=4,conj. adj.,,,,,"and, also",hard,,,,w_,conj. adj.,"and, also | hard"
רברבן,getlex.php?coord=4440320110213&word=3,adj.,,,,,"great, big",,,,,rb,adj.,"great, big"
עלוהי,getlex.php?coord=4440320110213&word=2,prep.,,,,,upon; against; to,,,,,ˁl,prep.,upon; against; to
ות]מרון/ותע]ברון#2#/,getlex.php?coord=4440320110213&word=1,conj. vb. a/a vb. a/a G Gt G D C Gt Dt Ct,,,,,"and, also",to say,to cross over,,,w_,conj. vb. a/a vb. a/a G Gt G D C Gt Dt Ct,"and, also | to say | to cross over"
[٠٠٠٠,getlex.php?coord=4440320110213&word=0,,,,,,,,,,,,,
,getlex.php?coord=4440320110212&word=7,,,,,,,,,,,,,
עבדכ֗ן֗,getlex.php?coord=4440320110212&word=6,v.n.,,,,,labor,,,,,ˁbd,v.n.,labor
שניתן,getlex.php?coord=4440320110212&word=5,vb. G D C Gt Dt,,,,,to be different,,,,,šny,vb. G D C Gt Dt,to be different
ואנתן,getlex.php?coord=4440320110212&word=4,conj. pron.,,,,,"and, also",you (m. pl.),,,,w_,conj. pron.,"and, also | you (m. pl.)"
ממרה,getlex.php?coord=4440320110212&word=3,n.m.,,,,,speech,,,,,mˀmr,n.m.,speech
עבדין,getlex.php?coord=4440320110212&word=2,vb. a/e G D C Gt Ct quad,,,,,"to make, act, do",,,,,ˁbd,vb. a/e G D C Gt Ct quad,"to make, act, do"
ו]כ֗להן,getlex.php?coord=4440320110212&word=1,conj. n.(pr.),,,,,"and, also","all, every",,,,w_,conj. n.(pr.),"and, also | all, every"
[٠٠٠٠,getlex.php?coord=4440320110212&word=0,,,,,,,,,,,,,
,getlex.php?coord=4440320110211&word=8,,,,,,,,,,,,,
שנה,getlex.php?coord=4440320110211&word=7,n.f.,,,,,year,,,,,šnh,n.f.,year
אלין,getlex.php?coord=4440320110211&word=6,pron.,,,,,these (m. and f.),,,,,ˀlyn,pron.,these (m. and f.)
עבדיה,getlex.php?coord=4440320110211&word=5,v.n.,,,,,labor,,,,,ˁbd,v.n.,labor
כל֗,getlex.php?coord=4440320110211&word=4,n.(pr.),,,,,"all, every",,,,,kl,n.(pr.),"all, every"
עבד,getlex.php?coord=4440320110211&word=3,vb. a/e G D C Gt Ct quad,,,,,"to make, act, do",,,,,ˁbd,vb. a/e G D C Gt Ct quad,"to make, act, do"
דעלמין,getlex.php?coord=4440320110211&word=2,n.m.,,,,,eternity; world,,,,,ˁlm,n.m.,eternity; world
לעלם,getlex.php?coord=4440320110211&word=1,n.m.,,,,,eternity; world,,,,,ˁlm,n.m.,eternity; world
[٠٠٠٠]ה֗וא,getlex.php?coord=4440320110211&word=0,,,,,,,,,,,,,
,getlex.php?coord=4440320110210&word=8,,,,,,,,,,,,,
א֗לין֗,getlex.php?coord=4440320110210&word=7,pron.,,,,,these (m. and f.),,,,,ˀlyn,pron.,these (m. and f.)
עבדיה,getlex.php?coord=4440320110210&word=6,v.n.,,,,,labor,,,,,ˁbd,v.n.,labor
בכל,getlex.php?coord=4440320110210&word=5,prep. n.(pr.),,,,,"in, with","all, every",,,,b_,prep. n.(pr.),"in, with | all, every"
ו]א֗ת֗ב֗ו֗ננו,getlex.php?coord=4440320110210&word=4,"conj. vb. a/u G D C Dt polel, pay/w c el ethpolal, ethpay/w c el",,,,,"and, also",*to understand; D to explain,,,,w_,"conj. vb. a/u G D C Dt polel, pay/w c el ethpolal, ethpay/w c el","and, also | *to understand; D to explain"
[٠]ל֗[ו,getlex.php?coord=4440320110210&word=3,,,,,,,,,,,,,
תשבח֗ה֗,getlex.php?coord=4440320110210&word=2,n.f.,,,,,praise,,,,,twšbḥh,n.f.,praise
לה]ד֗ר,getlex.php?coord=4440320110210&word=1,n.m.,,,,,glory,,,,,hdr,n.m.,glory
[٠٠٠٠,getlex.php?coord=4440320110210&word=0,,,,,,,,,,,,,
,getlex.php?coord=4440320110209&word=8,,,,,,,,,,,,,
וח֗פין,getlex.php?coord=4440320110209&word=7,conj. vb. G D Gt Dt,,,,,"and, also",to cover,,,,w_,conj. vb. G D Gt Dt,"and, also | to cover"
ירוקין,getlex.php?coord=4440320110209&word=6,adj./n.,,,,,"yellow-green, vegetable",,,,,yrwq,adj./n.,"yellow-green, vegetable"
בהן,getlex.php?coord=4440320110209&word=5,prep.,,,,,"in, with",,,,,b_,prep.,"in, with"
ע֗ל֗יהן,getlex.php?coord=4440320110209&word=4,prep.,,,,,upon; against; to,,,,,ˁl,prep.,upon; against; to
י֗ת֗נ֗י֗צ֗[ון],getlex.php?coord=4440320110209&word=3,vb. G D C quad quad T,,,,,to blossom,,,,,nṣṣ,vb. G D C quad quad T,to blossom
כלהן,getlex.php?coord=4440320110209&word=2,n.(pr.),,,,,"all, every",,,,,kl,n.(pr.),"all, every"
א]י֗לניה,getlex.php?coord=4440320110209&word=1,n.m.,,,,,tree,,,,,ˀyln,n.m.,tree
[٠٠٠٠,getlex.php?coord=4440320110209&word=0,,,,,,,,,,,,,
,getlex.php?coord=4440320110208&word=9,,,,,,,,,,,,,
מן,getlex.php?coord=4440320110208&word=8,prep.,,,,,from,,,,,mn,prep.,from
תשכחון,getlex.php?coord=4440320110208&word=7,vb. a/a G C Gt Ct,,,,,to find; to be capable,,,,,škḥ,vb. a/a G C Gt Ct,to find; to be capable
לה,getlex.php?coord=4440320110208&word=6,adv.,,,,,"no, not",,,,,lˀ,adv.,"no, not"
[כפ]י֗ה֗,getlex.php?coord=4440320110208&word=5,n.f./m.,,,,,"rock, stone",,,,,kyp,n.f./m.,"rock, stone"
ו֗[ע]ל֗,getlex.php?coord=4440320110208&word=4,conj. prep.,,,,,"and, also",upon; against; to,,,,w_,conj. prep.,"and, also | upon; against; to"
עפרה,getlex.php?coord=4440320110208&word=3,n.m.,,,,,dust,,,,,ˁpr,n.m.,dust
על,getlex.php?coord=4440320110208&word=2,prep.,,,,,upon; against; to,,,,,ˁl,prep.,upon; against; to
ולמ]דרך,getlex.php?coord=4440320110208&word=1,conj. vb. e(a)/a(u) G D C Gt Ct,,,,,"and, also",to tread; C to achieve control of,,,,w_,conj. vb. e(a)/a(u) G D C Gt Ct,"and, also | to tread; C to achieve control of"
[٠٠٠٠,getlex.php?coord=4440320110208&word=0,,,,,,,,,,,,,
,getlex.php?coord=4440320110207&word=7,,,,,,,,,,,,,
מן קדמיה,getlex.php?coord=4440320110207&word=6,prep./conj,,,,,"from before, in front of",,,,,mn qwdm,prep./conj,"from before, in front of"
בעין,getlex.php?coord=4440320110207&word=5,vb. G D Gt Dt,,,,,"to ask, to beg, to inquire",,,,,bˁy,vb. G D Gt Dt,"to ask, to beg, to inquire"
ו֗מ֗ס֗ת֗רי֗ן,getlex.php?coord=4440320110207&word=4,conj. nom.m.pl.t,,,,,"and, also","shelter, hidden place",,,,w_,conj. nom.m.pl.t,"and, also | shelter, hidden place"
ט֗ל֗ל֗,getlex.php?coord=4440320110207&word=3,n.m.,,,,,shade; shadow; protection,,,,,ṭll,n.m.,shade; shadow; protection
ואנתן,getlex.php?coord=4440320110207&word=2,conj. pron.,,,,,"and, also",you (m. pl.),,,,w_,conj. pron.,"and, also | you (m. pl.)"
ושלקה,getlex.php?coord=4440320110207&word=1,conj. v.n.,,,,,"and, also",boiling,,,,w_,conj. v.n.,"and, also | boiling"
[٠٠٠٠]ה֗,getlex.php?coord=4440320110207&word=0,,,,,,,,,,,,,
,getlex.php?coord=4440320110206&word=8,,,,,,,,,,,,,
לדגלי,getlex.php?coord=4440320110206&word=7,n.m.,,,,,military detachment; carrying pole,,,,,dgl,n.m.,military detachment; carrying pole
לכן,getlex.php?coord=4440320110206&word=6,,,,,,,,,,,,,
ח֗ז֗ו,getlex.php?coord=4440320110206&word=5,"vb. G D C Gt Ct ethpolal, ethpay/w c el",,,,,to see,,,,,ḥzy,"vb. G D C Gt Ct ethpolal, ethpay/w c el",to see
[٠٠٠٠],getlex.php?coord=4440320110206&word=4,,,,,,,,,,,,,
ש֗נין֗,getlex.php?coord=4440320110206&word=3,n.f.,,,,,year,,,,,šnh,n.f.,year
ותלת,getlex.php?coord=4440320110206&word=2,conj. num.,,,,,"and, also",three,,,,w_,conj. num.,"and, also | three"
]ד֗תרתין,getlex.php?coord=4440320110206&word=1,num.,,,,,two,,,,,tryn,num.,two
[٠٠٠٠,getlex.php?coord=4440320110206&word=0,,,,,,,,,,,,,
,getlex.php?coord=4440320110205&word=6,,,,,,,,,,,,,
מתקימי^ן^,getlex.php?coord=4440320110205&word=5,"vb. a/u G D C Dt Ct polel, pay/w c el ethpolal, ethpay/w c el",,,,,to rise; to stand; to last,,,,,qwm,"vb. a/u G D C Dt Ct polel, pay/w c el ethpolal, ethpay/w c el",to rise; to stand; to last
ד֗ע֗ליהן,getlex.php?coord=4440320110205&word=4,prep.,,,,,upon; against; to,,,,,ˁl,prep.,upon; against; to
אי֗לנ֗י֗[ן],getlex.php?coord=4440320110205&word=3,n.m.,,,,,tree,,,,,ˀyln,n.m.,tree
ארבעת עסר,getlex.php?coord=4440320110205&word=2,num.,,,,,fourteen,,,,,ˀrbˁ ˁsr,num.,fourteen
לברא ]מן,getlex.php?coord=4440320110205&word=1,,,,,,,,,,,,,
[٠٠٠٠,getlex.php?coord=4440320110205&word=0,,,,,,,,,,,,,
,getlex.php?coord=4440320110204&word=9,,,,,,,,,,,,,
מיבישין,getlex.php?coord=4440320110204&word=8,vb. e/a G D C Dt,,,,,to dry up,,,,,ybš,vb. e/a G D C Dt,to dry up
כ֗להן,getlex.php?coord=4440320110204&word=7,n.(pr.),,,,,"all, every",,,,,kl,n.(pr.),"all, every"
איל[ניה],getlex.php?coord=4440320110204&word=6,n.m.,,,,,tree,,,,,ˀyln,n.m.,tree
דכל,getlex.php?coord=4440320110204&word=5,n.(pr.),,,,,"all, every",,,,,kl,n.(pr.),"all, every"
ח֗זו,getlex.php?coord=4440320110204&word=4,"vb. G D C Gt Ct ethpolal, ethpay/w c el",,,,,to see,,,,,ḥzy,"vb. G D C Gt Ct ethpolal, ethpay/w c el",to see
שפכין,getlex.php?coord=4440320110204&word=3,vb. a/u G D Gt Dt,,,,,"to pour out, spill",,,,,špk,vb. a/u G D Gt Dt,"to pour out, spill"
מ֗ט֗ר֗ה֗,getlex.php?coord=4440320110204&word=2,n.m.,,,,,rain,,,,,mṭr,n.m.,rain
ו]ע֗ננה,getlex.php?coord=4440320110204&word=1,n.m./.f.,,,,,cloud,,,,,ˁnn,n.m./.f.,cloud
[٠٠٠٠,getlex.php?coord=4440320110204&word=0,,,,,,,,,,,,,
,getlex.php?coord=4440320110203&word=8,,,,,,,,,,,,,
ארעא,getlex.php?coord=4440320110203&word=7,n.f.,,,,,ground; land; Earth,,,,,ˀrˁ,n.f.,ground; land; Earth
],getlex.php?coord=4440320110203&word=6,,,,,,,,,,,,,
ד֗[כל,getlex.php?coord=4440320110203&word=5,n.(pr.),,,,,"all, every",,,,,kl,n.(pr.),"all, every"
ש֗תו֗א֗,getlex.php?coord=4440320110203&word=4,n.m.,,,,,winter,,,,,stw,n.m.,winter
ו֗בדג֗לי֗,getlex.php?coord=4440320110203&word=3,conj. prep. n.m.,,,,,"and, also","in, with",military detachment; carrying pole,,,w_,conj. prep. n.m.,"and, also | in, with | military detachment; carrying pole"
ע֗ליה,getlex.php?coord=4440320110203&word=2,prep.,,,,,upon; against; to,,,,,ˁl,prep.,upon; against; to
י֗[٠٠٠٠],getlex.php?coord=4440320110203&word=1,,,,,,,,,,,,,
[٠٠٠٠],getlex.php?coord=4440320110203&word=0,,,,,,,,,,,,,
,getlex.php?coord=4440320110202&word=10,,,,,,,,,,,,,
לדגלי,getlex.php?coord=4440320110202&word=9,n.m.,,,,,military detachment; carrying pole,,,,,dgl,n.m.,military detachment; carrying pole
חזו,getlex.php?coord=4440320110202&word=8,"vb. G D C Gt Ct ethpolal, ethpay/w c el",,,,,to see,,,,,ḥzy,"vb. G D C Gt Ct ethpolal, ethpay/w c el",to see
[٠٠٠٠],getlex.php?coord=4440320110202&word=7,,,,,,,,,,,,,
מ֗ת֗ח֗[ז]א֗,getlex.php?coord=4440320110202&word=6,"vb. G D C Gt Ct ethpolal, ethpay/w c el",,,,,to see,,,,,ḥzy,"vb. G D C Gt Ct ethpolal, ethpay/w c el",to see
ו֗כ֗ל֗,getlex.php?coord=4440320110202&word=5,conj. n.(pr.),,,,,"and, also","all, every",,,,w_,conj. n.(pr.),"and, also | all, every"
ל]א֗שני֗ה֗,getlex.php?coord=4440320110202&word=4,vb. G D C Gt Dt,,,,,to be different,,,,,šny,vb. G D C Gt Dt,to be different
לא,getlex.php?coord=4440320110202&word=3,adv.,,,,,"no, not",,,,,lˀ,adv.,"no, not"
ד֗מ֗[נ]ד֗[עם,getlex.php?coord=4440320110202&word=2,pron.,,,,,something,,,,,mdˁm,pron.,something
לא]ח֗רנה,getlex.php?coord=4440320110202&word=1,pron.,,,,,other,,,,,ˀwḥrn,pron.,other
[٠٠٠٠,getlex.php?coord=4440320110202&word=0,,,,,,,,,,,,,
,getlex.php?coord=4440320110201&word=8,,,,,,,,,,,,,
בעבד^ה^,getlex.php?coord=4440320110201&word=7,prep. v.n.,,,,,"in, with",labor,,,,b_,prep. v.n.,"in, with | labor"
ו֗א֗[תבו]ננו,getlex.php?coord=4440320110201&word=6,"conj. vb. a/u G D C Dt polel, pay/w c el ethpolal, ethpay/w c el",,,,,"and, also",*to understand; D to explain,,,,w_,"conj. vb. a/u G D C Dt polel, pay/w c el ethpolal, ethpay/w c el","and, also | *to understand; D to explain"
ל֗א֗ר֗ע֗ה֗,getlex.php?coord=4440320110201&word=5,n.f.,,,,,ground; land; Earth,,,,,ˀrˁ,n.f.,ground; land; Earth
ח֗[זו],getlex.php?coord=4440320110201&word=4,"vb. G D C Gt Ct ethpolal, ethpay/w c el",,,,,to see,,,,,ḥzy,"vb. G D C Gt Ct ethpolal, ethpay/w c el",to see
]ב֗ס֗רכן,getlex.php?coord=4440320110201&word=3,prep. n.m.,,,,,"in, with","customary practice, habit",,,,b_,prep. n.m.,"in, with | customary practice, habit"
מע֗ב֗[רין,getlex.php?coord=4440320110201&word=2,vb. a/a G D C Gt Dt Ct,,,,,to cross over,,,,,ˁbr,vb. a/a G D C Gt Dt Ct,to cross over
ולא֗,getlex.php?coord=4440320110201&word=1,conj. adv.,,,,,"and, also","no, not",,,,w_,conj. adv.,"and, also | no, not"
[٠٠٠٠]ן֗,getlex.php?coord=4440320110201&word=0,,,,,,,,,,,,,
,getlex.php?coord=4440320110108&word=3,,,,,,,,,,,,,
וי[٠٠٠٠,getlex.php?coord=4440320110108&word=2,,,,,,,,,,,,,
רמ֗ן,getlex.php?coord=4440320110108&word=1,adj.,,,,,high,,,,,rm,adj.,high
[٠٠٠٠],getlex.php?coord=4440320110108&word=0,,,,,,,,,,,,,
,getlex.php?coord=4440320110107&word=7,,,,,,,,,,,,,
٠٠٠٠,getlex.php?coord=4440320110107&word=6,,,,,,,,,,,,,
קצו[י,getlex.php?coord=4440320110107&word=5,n.m.,,,,,end,,,,,qṣ,n.m.,end
כ]ל,getlex.php?coord=4440320110107&word=4,n.(pr.),,,,,"all, every",,,,,kl,n.(pr.),"all, every"
וי֗זו[ען,getlex.php?coord=4440320110107&word=3,conj. vb. a/u G D C Ct palpel ethpalpal,,,,,"and, also",to move; to tremor,,,,w_,conj. vb. a/u G D C Ct palpel ethpalpal,"and, also | to move; to tremor"
ארעה,getlex.php?coord=4440320110107&word=2,n.f.,,,,,ground; land; Earth,,,,,ˀrˁ,n.f.,ground; land; Earth
קצו]י֗,getlex.php?coord=4440320110107&word=1,n.m.,,,,,end,,,,,qṣ,n.m.,end
[٠٠٠٠,getlex.php?coord=4440320110107&word=0,,,,,,,,,,,,,
,getlex.php?coord=4440320110106&word=6,,,,,,,,,,,,,
٠٠٠٠,getlex.php?coord=4440320110106&word=5,,,,,,,,,,,,,
גבור[תה,getlex.php?coord=4440320110106&word=4,n.f.,,,,,might,,,,,gbwrh,n.f.,might
ב֗[٠٠٠٠],getlex.php?coord=4440320110106&word=3,,,,,,,,,,,,,
ויופ֗ע֗,getlex.php?coord=4440320110106&word=2,conj. vb. C,,,,,"and, also",C to shine; to appear in theophany,,,,w_,conj. vb. C,"and, also | C to shine; to appear in theophany"
ר]ב֗ה,getlex.php?coord=4440320110106&word=1,adj.,,,,,"great, big",,,,,rb,adj.,"great, big"
[٠٠٠٠,getlex.php?coord=4440320110106&word=0,,,,,,,,,,,,,
,getlex.php?coord=4440320110105&word=6,,,,,,,,,,,,,
מ֗[٠٠٠٠,getlex.php?coord=4440320110105&word=5,,,,,,,,,,,,,
מן,getlex.php?coord=4440320110105&word=4,prep.,,,,,from,,,,,mn,prep.,from
ר]ב֗ה,getlex.php?coord=4440320110105&word=3,adj.,,,,,"great, big",,,,,rb,adj.,"great, big"
קדיש[ה,getlex.php?coord=4440320110105&word=2,adj.,,,,,holy,,,,,qdyš,adj.,holy
ינפק,getlex.php?coord=4440320110105&word=1,vb. a/u G D C Dt Ct,,,,,to go out,,,,,npq,vb. a/u G D C Dt Ct,to go out
[٠٠٠٠],getlex.php?coord=4440320110105&word=0,,,,,,,,,,,,,
,getlex.php?coord=4440320110104&word=8,,,,,,,,,,,,,
٠٠٠٠,getlex.php?coord=4440320110104&word=7,,,,,,,,,,,,,
א֗מ֗[לל,getlex.php?coord=4440320110104&word=6,vb. D C Dt,,,,,D to speak,,,,,mll,vb. D C Dt,D to speak
אנה,getlex.php?coord=4440320110104&word=5,pron.,,,,,I,,,,,ˀnh,pron.,I
ר]חיק,getlex.php?coord=4440320110104&word=4,adj.,,,,,distant,,,,,rḥyq,adj.,distant
לד֗[ר,getlex.php?coord=4440320110104&word=3,n.m.,,,,,"age, generation; row",,,,,dr,n.m.,"age, generation; row"
להן,getlex.php?coord=4440320110104&word=2,conj.,,,,,"but, except that",,,,,lhn,conj.,"but, except that"
דרה,getlex.php?coord=4440320110104&word=1,n.m.,,,,,"age, generation; row",,,,,dr,n.m.,"age, generation; row"
[٠٠٠٠]ן,getlex.php?coord=4440320110104&word=0,,,,,,,,,,,,,
,getlex.php?coord=4440320110103&word=7,,,,,,,,,,,,,
٠٠٠٠,getlex.php?coord=4440320110103&word=6,,,,,,,,,,,,,
כלה[,getlex.php?coord=4440320110103&word=5,n.(pr.),,,,,"all, every",,,,,kl,n.(pr.),"all, every"
וקדישין,getlex.php?coord=4440320110103&word=4,conj. adj.,,,,,"and, also",holy,,,,w_,conj. adj.,"and, also | holy"
[٠٠٠٠],getlex.php?coord=4440320110103&word=3,,,,,,,,,,,,,
מ֗ל֗י֗,getlex.php?coord=4440320110103&word=2,n.f.,,,,,"word, speech; thing",,,,,mlh,n.f.,"word, speech; thing"
]ומן,getlex.php?coord=4440320110103&word=1,conj. prep.,,,,,"and, also",from,,,,w_,conj. prep.,"and, also | from"
[٠٠٠٠,getlex.php?coord=4440320110103&word=0,,,,,,,,,,,,,
,getlex.php?coord=4440320110102&word=3,,,,,,,,,,,,,
וא]מ֗ר֗[٠٠٠٠,getlex.php?coord=4440320110102&word=2,conj. vb. a/a G Gt,,,,,"and, also",to say,,,,w_,conj. vb. a/a G Gt,"and, also | to say"
מתלוה[י,getlex.php?coord=4440320110102&word=1,n.m.,,,,,parable,,,,,mtl,n.m.,parable
[٠٠٠٠],getlex.php?coord=4440320110102&word=0,,,,,,,,,,,,,
,getlex.php?coord=4440320110101&word=4,,,,,,,,,,,,,
٠٠٠٠,getlex.php?coord=4440320110101&word=3,,,,,,,,,,,,,
לבח֗[ירין,getlex.php?coord=4440320110101&word=2,adj.,,,,,chosen,,,,,bḥyr,adj.,chosen
חנך,getlex.php?coord=4440320110101&word=1,,,,,,,,,,,,,
[٠٠٠٠]ן֗,getlex.php?coord=4440320110101&word=0,,,,,,,,,,,,,
