book_name,chapter,verse,emphatic_ratio,absolute_ratio,function_words_ratio,lexical_diversity,verb_ratio,passive_voice_ratio,plural_ratio,line_length,avg_word_len,v_then_noun_ratio,v_then_prep_ratio
TgO_Genesis,01,01,0.0,0.0,0.0,1.0,0.0,0.0,0.0,7.0,2.375,0.0,0.0
TgO_Genesis,01,02,0.0,0.0,0.0,0.6667,0.0,0.0,0.0,15.0,3.3125,0.0,0.0
TgO_Genesis,01,03,0.0,0.0,0.0,0.6667,0.0,0.0,0.0,6.0,2.5714,0.0,0.0
TgO_Genesis,01,04,0.0,0.0,0.0,0.6667,0.0,0.0,0.0,12.0,2.6154,0.0,0.0
TgO_Genesis,01,05,0.0,0.0,0.0,0.7692,0.0,0.0,0.0,13.0,2.6429,0.0,0.0
TgO_Genesis,01,06,0.0,0.0,0.0,0.7273,0.0,0.0,0.0,11.0,2.8333,0.0,0.0
TgO_Genesis,01,07,0.0,0.0,0.0,0.625,0.0,0.0,0.0,16.0,3.1176,0.0,0.0
TgO_Genesis,01,08,0.0,0.0,0.0,0.8,0.0,0.0,0.0,10.0,2.7273,0.0,0.0
TgO_Genesis,01,09,0.0,0.0,0.0,0.8333,0.0,0.0,0.0,12.0,2.9231,0.0,0.0
TgO_Genesis,01,10,0.0,0.0,0.0,0.7692,0.0,0.0,0.0,13.0,2.7143,0.0,0.0
TgO_Genesis,01,11,0.0,0.0,0.0,0.7143,0.0,0.0,0.0,21.0,3.2727,0.0,0.0
TgO_Genesis,01,12,0.0,0.0,0.0,0.6842,0.0,0.0,0.0,19.0,3.2,0.0,0.0
TgO_Genesis,01,13,0.0,0.0,0.0,0.8333,0.0,0.0,0.0,6.0,2.5714,0.0,0.0
TgO_Genesis,01,14,0.0,0.0,0.0,0.6667,0.0,0.0,0.0,18.0,2.5789,0.0,0.0
TgO_Genesis,01,15,0.0,0.0,0.0,0.8889,0.0,0.0,0.0,9.0,2.4,0.0,0.0
TgO_Genesis,01,16,0.0,0.0,0.0,0.5556,0.0,0.0,0.0,18.0,2.6842,0.0,0.0
TgO_Genesis,01,17,0.0,0.0,0.0,1.0,0.0,0.0,0.0,8.0,2.3333,0.0,0.0
TgO_Genesis,01,18,0.0,0.0,0.0,0.6667,0.0,0.0,0.0,12.0,2.3846,0.0,0.0
TgO_Genesis,01,19,0.0,0.0,0.0,0.8333,0.0,0.0,0.0,6.0,2.5714,0.0,0.0
TgO_Genesis,01,20,0.0,0.0,0.0,0.8125,0.0,0.0,0.0,16.0,3.0588,0.0,0.0
TgO_Genesis,01,21,0.0,0.0,0.0,0.6522,0.0,0.0,0.0,23.0,2.4583,0.0,0.0
TgO_Genesis,01,22,0.0,0.0,0.0,0.6154,0.0,0.0,0.0,13.0,2.2857,0.0,0.0
TgO_Genesis,01,23,0.0,0.0,0.0,0.8333,0.0,0.0,0.0,6.0,2.5714,0.0,0.0
TgO_Genesis,01,24,0.0,0.0,0.0,0.6429,0.0,0.0,0.0,14.0,2.3333,0.0,0.0
TgO_Genesis,01,25,0.0,0.0,0.0,0.6111,0.0,0.0,0.0,18.0,2.3684,0.0,0.0
TgO_Genesis,01,26,0.0,0.0,0.0,0.55,0.0,0.0,0.0,20.0,2.5714,0.0,0.0
TgO_Genesis,01,27,0.0,0.0,0.0,0.6,0.0,0.0,0.0,15.0,2.5625,0.0,0.0
TgO_Genesis,01,28,0.0,0.0,0.0,0.4783,0.0,0.0,0.0,23.0,2.4583,0.0,0.0
TgO_Genesis,01,29,0.0,0.0,0.0,0.6429,0.0,0.0,0.0,28.0,3.4483,0.0,0.0
TgO_Genesis,01,30,0.0,0.0,0.0,0.8,0.0,0.0,0.0,20.0,2.5238,0.0,0.0
TgO_Genesis,01,31,0.0,0.0,0.0,0.7857,0.0,0.0,0.0,14.0,2.6,0.0,0.0
TgO_Genesis,02,01,0.0,0.0,0.0,0.6,0.0,0.0,0.0,5.0,2.1667,0.0,0.0
TgO_Genesis,02,02,0.0,0.0,0.0,0.5833,0.0,0.0,0.0,12.0,3.0,0.0,0.0
TgO_Genesis,02,03,0.0,0.0,0.0,0.8,0.0,0.0,0.0,15.0,2.6875,0.0,0.0
TgO_Genesis,02,04,0.0,0.0,0.0,0.9167,0.0,0.0,0.0,12.0,2.9231,0.0,0.0
TgO_Genesis,02,05,0.0,0.0,0.0,0.6774,0.0,0.0,0.0,31.0,3.0,0.0,0.0
TgO_Genesis,02,06,0.0,0.0,0.0,0.9,0.0,0.0,0.0,10.0,2.4545,0.0,0.0
TgO_Genesis,02,07,0.0,0.0,0.0,0.8125,0.0,0.0,0.0,16.0,2.6471,0.0,0.0
TgO_Genesis,02,08,0.0,0.0,0.0,0.9091,0.0,0.0,0.0,11.0,3.0833,0.0,0.0
TgO_Genesis,02,09,0.0,0.0,0.0,0.8636,0.0,0.0,0.0,22.0,2.7826,0.0,0.0
TgO_Genesis,02,10,0.0,0.0,0.0,0.8462,0.0,0.0,0.0,13.0,2.5,0.0,0.0
TgO_Genesis,02,11,0.0,0.0,0.0,0.9091,0.0,0.0,0.0,11.0,3.0,0.0,0.0
TgO_Genesis,02,12,0.0,0.0,0.0,0.875,0.0,0.0,0.0,8.0,2.6667,0.0,0.0
TgO_Genesis,02,13,0.0,0.0,0.0,0.9,0.0,0.0,0.0,10.0,2.8182,0.0,0.0
TgO_Genesis,02,14,0.0,0.0,0.0,0.75,0.0,0.0,0.0,12.0,3.3846,0.0,0.0
TgO_Genesis,02,15,0.0,0.0,0.0,0.8,0.0,0.0,0.0,10.0,2.4545,0.0,0.0
TgO_Genesis,02,16,0.0,0.0,0.0,0.9091,0.0,0.0,0.0,11.0,2.75,0.0,0.0
TgO_Genesis,02,17,0.0,0.0,0.0,0.75,0.0,0.0,0.0,16.0,2.4706,0.0,0.0
TgO_Genesis,02,18,0.0,0.0,0.0,0.9167,0.0,0.0,0.0,12.0,3.2308,0.0,0.0
TgO_Genesis,02,19,0.0,0.0,0.0,0.7,0.0,0.0,0.0,30.0,2.7742,0.0,0.0
TgO_Genesis,02,20,0.0,0.0,0.0,0.7647,0.0,0.0,0.0,17.0,2.6111,0.0,0.0
TgO_Genesis,02,21,0.0,0.0,0.0,0.7692,0.0,0.0,0.0,13.0,2.5,0.0,0.0
TgO_Genesis,02,22,0.0,0.0,0.0,0.8333,0.0,0.0,0.0,12.0,2.6923,0.0,0.0
TgO_Genesis,02,23,0.0,0.0,0.0,0.7333,0.0,0.0,0.0,15.0,2.4375,0.0,0.0
TgO_Genesis,02,24,0.0,0.0,0.0,0.7692,0.0,0.0,0.0,13.0,2.7857,0.0,0.0
TgO_Genesis,02,25,0.0,0.0,0.0,0.75,0.0,0.0,0.0,8.0,2.6667,0.0,0.0
TgO_Genesis,03,01,0.0,0.0,0.0,0.8095,0.0,0.0,0.0,21.0,2.8636,0.0,0.0
TgO_Genesis,03,02,0.0,0.0,0.0,1.0,0.0,0.0,0.0,7.0,2.75,0.0,0.0
TgO_Genesis,03,03,0.0,0.0,0.0,0.8571,0.0,0.0,0.0,14.0,2.5333,0.0,0.0
TgO_Genesis,03,04,0.0,0.0,0.0,0.8333,0.0,0.0,0.0,6.0,2.5714,0.0,0.0
TgO_Genesis,03,05,0.0,0.0,0.0,0.9412,0.0,0.0,0.0,17.0,2.5556,0.0,0.0
TgO_Genesis,03,06,0.0,0.0,0.0,0.6818,0.0,0.0,0.0,22.0,2.5217,0.0,0.0
TgO_Genesis,03,07,0.0,0.0,0.0,0.6429,0.0,0.0,0.0,14.0,3.2667,0.0,0.0
TgO_Genesis,03,08,0.0,0.0,0.0,0.75,0.0,0.0,0.0,20.0,3.0476,0.0,0.0
TgO_Genesis,03,09,0.0,0.0,0.0,0.625,0.0,0.0,0.0,8.0,3.1111,0.0,0.0
TgO_Genesis,03,10,0.0,0.0,0.0,0.8182,0.0,0.0,0.0,11.0,2.5,0.0,0.0
TgO_Genesis,03,11,0.0,0.0,0.0,0.8,0.0,0.0,0.0,15.0,2.75,0.0,0.0
TgO_Genesis,03,12,0.0,0.0,0.0,0.7273,0.0,0.0,0.0,11.0,2.5833,0.0,0.0
TgO_Genesis,03,13,0.0,0.0,0.0,0.75,0.0,0.0,0.0,12.0,2.7692,0.0,0.0
TgO_Genesis,03,14,0.0,0.0,0.0,0.8636,0.0,0.0,0.0,22.0,3.0435,0.0,0.0
TgO_Genesis,03,15,0.0,0.0,0.0,0.6364,0.0,0.0,0.0,22.0,3.1739,0.0,0.0
TgO_Genesis,03,16,0.0,0.0,0.0,0.8125,0.0,0.0,0.0,16.0,2.8235,0.0,0.0
TgO_Genesis,03,17,0.0,0.0,0.0,0.7727,0.0,0.0,0.0,22.0,3.0435,0.0,0.0
TgO_Genesis,03,18,0.0,0.0,0.0,0.625,0.0,0.0,0.0,8.0,2.2222,0.0,0.0
TgO_Genesis,03,19,0.0,0.0,0.0,0.8667,0.0,0.0,0.0,15.0,2.5625,0.0,0.0
TgO_Genesis,03,20,0.0,0.0,0.0,0.9091,0.0,0.0,0.0,11.0,3.3333,0.0,0.0
TgO_Genesis,03,21,0.0,0.0,0.0,0.7273,0.0,0.0,0.0,11.0,3.0,0.0,0.0
TgO_Genesis,03,22,0.0,0.0,0.0,0.7391,0.0,0.0,0.0,23.0,2.625,0.0,0.0
TgO_Genesis,03,23,0.0,0.0,0.0,0.9091,0.0,0.0,0.0,11.0,2.6667,0.0,0.0
TgO_Genesis,03,24,0.0,0.0,0.0,0.7778,0.0,0.0,0.0,18.0,3.0526,0.0,0.0
TgO_Genesis,04,01,0.0,0.0,0.0,0.5714,0.0,0.0,0.0,14.0,3.0,0.0,0.0
TgO_Genesis,04,02,0.0,0.0,0.0,0.6667,0.0,0.0,0.0,15.0,2.5625,0.0,0.0
TgO_Genesis,04,03,0.0,0.0,0.0,0.7,0.0,0.0,0.0,10.0,2.6364,0.0,0.0
TgO_Genesis,04,04,0.0,0.0,0.0,0.625,0.0,0.0,0.0,16.0,2.5294,0.0,0.0
TgO_Genesis,04,05,0.0,0.0,0.0,0.6923,0.0,0.0,0.0,13.0,3.0,0.0,0.0
TgO_Genesis,04,06,0.0,0.0,0.0,0.7,0.0,0.0,0.0,10.0,3.0,0.0,0.0
TgO_Genesis,04,07,0.0,0.0,0.0,0.64,0.0,0.0,0.0,25.0,2.7692,0.0,0.0
TgO_Genesis,04,08,0.0,0.0,0.0,0.2308,0.0,0.0,0.0,13.0,3.0,0.0,0.0
TgO_Genesis,04,09,0.0,0.0,0.0,0.6667,0.0,0.0,0.0,12.0,2.6923,0.0,0.0
TgO_Genesis,04,10,0.0,0.0,0.0,0.9286,0.0,0.0,0.0,14.0,2.4667,0.0,0.0
TgO_Genesis,04,11,0.0,0.0,0.0,0.8571,0.0,0.0,0.0,14.0,2.2667,0.0,0.0
TgO_Genesis,04,12,0.0,0.0,0.0,0.8462,0.0,0.0,0.0,13.0,2.7143,0.0,0.0
TgO_Genesis,04,13,0.0,0.0,0.0,0.8571,0.0,0.0,0.0,7.0,2.625,0.0,0.0
TgO_Genesis,04,14,0.0,0.0,0.0,0.7619,0.0,0.0,0.0,21.0,2.9091,0.0,0.0
TgO_Genesis,04,15,0.0,0.0,0.0,0.7143,0.0,0.0,0.0,21.0,2.8636,0.0,0.0
TgO_Genesis,04,16,0.0,0.0,0.0,0.6667,0.0,0.0,0.0,15.0,3.6875,0.0,0.0
TgO_Genesis,04,17,0.0,0.0,0.0,0.4706,0.0,0.0,0.0,17.0,2.9444,0.0,0.0
TgO_Genesis,04,18,0.0,0.0,0.0,0.1875,0.0,0.0,0.0,16.0,3.7059,0.0,0.0
TgO_Genesis,04,19,0.0,0.0,0.0,0.5455,0.0,0.0,0.0,11.0,3.3333,0.0,0.0
TgO_Genesis,04,20,0.0,0.0,0.0,0.7273,0.0,0.0,0.0,11.0,2.9167,0.0,0.0
TgO_Genesis,04,21,0.0,0.0,0.0,0.8,0.0,0.0,0.0,15.0,2.875,0.0,0.0
TgO_Genesis,04,22,0.0,0.0,0.0,0.6316,0.0,0.0,0.0,19.0,3.35,0.0,0.0
TgO_Genesis,04,23,0.0,0.0,0.0,0.7037,0.0,0.0,0.0,27.0,3.1786,0.0,0.0
TgO_Genesis,04,24,0.0,0.0,0.0,0.8,0.0,0.0,0.0,10.0,3.3636,0.0,0.0
TgO_Genesis,04,25,0.0,0.0,0.0,0.6087,0.0,0.0,0.0,23.0,2.9167,0.0,0.0
TgO_Genesis,04,26,0.0,0.0,0.0,0.8125,0.0,0.0,0.0,16.0,2.9412,0.0,0.0
TgO_Genesis,05,01,0.0,0.0,0.0,0.7692,0.0,0.0,0.0,13.0,2.7857,0.0,0.0
TgO_Genesis,05,02,0.0,0.0,0.0,0.7273,0.0,0.0,0.0,11.0,2.3333,0.0,0.0
TgO_Genesis,05,03,0.0,0.0,0.0,0.6429,0.0,0.0,0.0,14.0,2.4,0.0,0.0
TgO_Genesis,05,04,0.0,0.0,0.0,0.6923,0.0,0.0,0.0,13.0,2.9286,0.0,0.0
TgO_Genesis,05,05,0.0,0.0,0.0,0.7,0.0,0.0,0.0,10.0,2.9091,0.0,0.0
TgO_Genesis,05,06,0.0,0.0,0.0,0.5,0.0,0.0,0.0,8.0,2.6667,0.0,0.0
TgO_Genesis,05,07,0.0,0.0,0.0,0.5385,0.0,0.0,0.0,13.0,3.0714,0.0,0.0
TgO_Genesis,05,08,0.0,0.0,0.0,0.5556,0.0,0.0,0.0,9.0,2.9,0.0,0.0
TgO_Genesis,05,09,0.0,0.0,0.0,0.5714,0.0,0.0,0.0,7.0,3.375,0.0,0.0
TgO_Genesis,05,10,0.0,0.0,0.0,0.5385,0.0,0.0,0.0,13.0,3.2857,0.0,0.0
TgO_Genesis,05,11,0.0,0.0,0.0,0.5556,0.0,0.0,0.0,9.0,3.2,0.0,0.0
TgO_Genesis,05,12,0.0,0.0,0.0,0.5714,0.0,0.0,0.0,7.0,3.875,0.0,0.0
TgO_Genesis,05,13,0.0,0.0,0.0,0.6154,0.0,0.0,0.0,13.0,3.1429,0.0,0.0
TgO_Genesis,05,14,0.0,0.0,0.0,0.5556,0.0,0.0,0.0,9.0,3.2,0.0,0.0
TgO_Genesis,05,15,0.0,0.0,0.0,0.5,0.0,0.0,0.0,8.0,3.4444,0.0,0.0
TgO_Genesis,05,16,0.0,0.0,0.0,0.6154,0.0,0.0,0.0,13.0,3.0714,0.0,0.0
TgO_Genesis,05,17,0.0,0.0,0.0,0.5,0.0,0.0,0.0,10.0,3.5455,0.0,0.0
TgO_Genesis,05,18,0.0,0.0,0.0,0.4444,0.0,0.0,0.0,9.0,2.8,0.0,0.0
TgO_Genesis,05,19,0.0,0.0,0.0,0.6667,0.0,0.0,0.0,12.0,2.8462,0.0,0.0
TgO_Genesis,05,20,0.0,0.0,0.0,0.5,0.0,0.0,0.0,10.0,3.0,0.0,0.0
TgO_Genesis,05,21,0.0,0.0,0.0,0.5,0.0,0.0,0.0,8.0,3.4444,0.0,0.0
TgO_Genesis,05,22,0.0,0.0,0.0,0.7333,0.0,0.0,0.0,15.0,3.0625,0.0,0.0
TgO_Genesis,05,23,0.0,0.0,0.0,0.5556,0.0,0.0,0.0,9.0,3.2,0.0,0.0
TgO_Genesis,05,24,0.0,0.0,0.0,0.7273,0.0,0.0,0.0,11.0,2.6667,0.0,0.0
TgO_Genesis,05,25,0.0,0.0,0.0,0.4444,0.0,0.0,0.0,9.0,3.1,0.0,0.0
TgO_Genesis,05,26,0.0,0.0,0.0,0.5714,0.0,0.0,0.0,14.0,2.8667,0.0,0.0
TgO_Genesis,05,27,0.0,0.0,0.0,0.5,0.0,0.0,0.0,10.0,3.3636,0.0,0.0
TgO_Genesis,05,28,0.0,0.0,0.0,0.5,0.0,0.0,0.0,8.0,2.3333,0.0,0.0
TgO_Genesis,05,29,0.0,0.0,0.0,0.7857,0.0,0.0,0.0,14.0,2.4,0.0,0.0
TgO_Genesis,05,30,0.0,0.0,0.0,0.5714,0.0,0.0,0.0,14.0,2.5333,0.0,0.0
TgO_Genesis,05,31,0.0,0.0,0.0,0.5,0.0,0.0,0.0,10.0,3.0,0.0,0.0
TgO_Genesis,05,32,0.0,0.0,0.0,0.4615,0.0,0.0,0.0,13.0,2.6429,0.0,0.0
TgO_Genesis,06,01,0.0,0.0,0.0,0.8,0.0,0.0,0.0,10.0,3.8182,0.0,0.0
TgO_Genesis,06,02,0.0,0.0,0.0,0.8571,0.0,0.0,0.0,14.0,2.8,0.0,0.0
TgO_Genesis,06,03,0.0,0.0,0.0,0.8182,0.0,0.0,0.0,22.0,2.913,0.0,0.0
TgO_Genesis,06,04,0.0,0.0,0.0,0.7391,0.0,0.0,0.0,23.0,2.625,0.0,0.0
TgO_Genesis,06,05,0.0,0.0,0.0,0.875,0.0,0.0,0.0,16.0,3.1765,0.0,0.0
TgO_Genesis,06,06,0.0,0.0,0.0,0.7692,0.0,0.0,0.0,13.0,2.3571,0.0,0.0
TgO_Genesis,06,07,0.0,0.0,0.0,0.8182,0.0,0.0,0.0,22.0,2.8261,0.0,0.0
TgO_Genesis,06,08,0.0,0.0,0.0,1.0,0.0,0.0,0.0,5.0,2.6667,0.0,0.0
TgO_Genesis,06,09,0.0,0.0,0.0,0.6923,0.0,0.0,0.0,13.0,3.0714,0.0,0.0
TgO_Genesis,06,10,0.0,0.0,0.0,0.4,0.0,0.0,0.0,10.0,2.6364,0.0,0.0
TgO_Genesis,06,11,0.0,0.0,0.0,0.7143,0.0,0.0,0.0,7.0,2.5,0.0,0.0
TgO_Genesis,06,12,0.0,0.0,0.0,0.7333,0.0,0.0,0.0,15.0,2.5,0.0,0.0
TgO_Genesis,06,13,0.0,0.0,0.0,0.85,0.0,0.0,0.0,20.0,3.0952,0.0,0.0
TgO_Genesis,06,14,0.0,0.0,0.0,0.6429,0.0,0.0,0.0,14.0,2.8,0.0,0.0
TgO_Genesis,06,15,0.0,0.0,0.0,0.8,0.0,0.0,0.0,15.0,2.875,0.0,0.0
TgO_Genesis,06,16,0.0,0.0,0.0,0.7333,0.0,0.0,0.0,15.0,3.25,0.0,0.0
TgO_Genesis,06,17,0.0,0.0,0.0,0.9,0.0,0.0,0.0,20.0,2.8571,0.0,0.0
TgO_Genesis,06,18,0.0,0.0,0.0,0.5833,0.0,0.0,0.0,12.0,2.1538,0.0,0.0
TgO_Genesis,06,19,0.0,0.0,0.0,1.0,0.0,0.0,0.0,13.0,2.6429,0.0,0.0
TgO_Genesis,06,20,0.0,0.0,0.0,0.7857,0.0,0.0,0.0,14.0,2.4667,0.0,0.0
TgO_Genesis,06,21,0.0,0.0,0.0,0.5,0.0,0.0,0.0,12.0,2.5385,0.0,0.0
TgO_Genesis,06,22,0.0,0.0,0.0,0.875,0.0,0.0,0.0,8.0,2.3333,0.0,0.0
TgO_Genesis,07,01,0.0,0.0,0.0,0.8125,0.0,0.0,0.0,16.0,3.3529,0.0,0.0
TgO_Genesis,07,02,0.0,0.0,0.0,0.6667,0.0,0.0,0.0,18.0,2.9474,0.0,0.0
TgO_Genesis,07,03,0.0,0.0,0.0,0.9167,0.0,0.0,0.0,12.0,2.9231,0.0,0.0
TgO_Genesis,07,04,0.0,0.0,0.0,0.9048,0.0,0.0,0.0,21.0,3.0909,0.0,0.0
TgO_Genesis,07,05,0.0,0.0,0.0,0.8,0.0,0.0,0.0,5.0,2.3333,0.0,0.0
TgO_Genesis,07,06,0.0,0.0,0.0,0.8,0.0,0.0,0.0,10.0,2.8182,0.0,0.0
TgO_Genesis,07,07,0.0,0.0,0.0,0.6364,0.0,0.0,0.0,11.0,2.9167,0.0,0.0
TgO_Genesis,07,08,0.0,0.0,0.0,0.6923,0.0,0.0,0.0,13.0,2.5714,0.0,0.0
TgO_Genesis,07,09,0.0,0.0,0.0,0.7692,0.0,0.0,0.0,13.0,3.3571,0.0,0.0
TgO_Genesis,07,10,0.0,0.0,0.0,0.8889,0.0,0.0,0.0,9.0,2.5,0.0,0.0
TgO_Genesis,07,11,0.0,0.0,0.0,0.7273,0.0,0.0,0.0,22.0,3.1304,0.0,0.0
TgO_Genesis,07,12,0.0,0.0,0.0,0.8889,0.0,0.0,0.0,9.0,2.9,0.0,0.0
TgO_Genesis,07,13,0.0,0.0,0.0,0.5294,0.0,0.0,0.0,17.0,2.7222,0.0,0.0
TgO_Genesis,07,14,0.0,0.0,0.0,0.6,0.0,0.0,0.0,20.0,2.4286,0.0,0.0
TgO_Genesis,07,15,0.0,0.0,0.0,0.8182,0.0,0.0,0.0,11.0,2.8333,0.0,0.0
TgO_Genesis,07,16,0.0,0.0,0.0,0.8571,0.0,0.0,0.0,14.0,2.6667,0.0,0.0
TgO_Genesis,07,17,0.0,0.0,0.0,0.7143,0.0,0.0,0.0,14.0,2.8,0.0,0.0
TgO_Genesis,07,18,0.0,0.0,0.0,0.7,0.0,0.0,0.0,10.0,3.0,0.0,0.0
TgO_Genesis,07,19,0.0,0.0,0.0,0.7692,0.0,0.0,0.0,13.0,2.6429,0.0,0.0
TgO_Genesis,07,20,0.0,0.0,0.0,1.0,0.0,0.0,0.0,7.0,3.625,0.0,0.0
TgO_Genesis,07,21,0.0,0.0,0.0,0.5,0.0,0.0,0.0,16.0,2.2941,0.0,0.0
TgO_Genesis,07,22,0.0,0.0,0.0,0.875,0.0,0.0,0.0,8.0,2.4444,0.0,0.0
TgO_Genesis,07,23,0.0,0.0,0.0,0.6364,0.0,0.0,0.0,22.0,2.6522,0.0,0.0
TgO_Genesis,07,24,0.0,0.0,0.0,0.8571,0.0,0.0,0.0,7.0,2.375,0.0,0.0
TgO_Genesis,08,01,0.0,0.0,0.0,0.6842,0.0,0.0,0.0,19.0,2.5,0.0,0.0
TgO_Genesis,08,02,0.0,0.0,0.0,0.6667,0.0,0.0,0.0,9.0,2.7,0.0,0.0
TgO_Genesis,08,03,0.0,0.0,0.0,0.6667,0.0,0.0,0.0,12.0,2.5385,0.0,0.0
TgO_Genesis,08,04,0.0,0.0,0.0,0.7273,0.0,0.0,0.0,11.0,3.1667,0.0,0.0
TgO_Genesis,08,05,0.0,0.0,0.0,0.7692,0.0,0.0,0.0,13.0,2.5714,0.0,0.0
TgO_Genesis,08,06,0.0,0.0,0.0,0.8,0.0,0.0,0.0,10.0,2.8182,0.0,0.0
TgO_Genesis,08,07,0.0,0.0,0.0,0.8182,0.0,0.0,0.0,11.0,2.5,0.0,0.0
TgO_Genesis,08,08,0.0,0.0,0.0,1.0,0.0,0.0,0.0,11.0,3.0833,0.0,0.0
TgO_Genesis,08,09,0.0,0.0,0.0,0.7143,0.0,0.0,0.0,21.0,2.8182,0.0,0.0
TgO_Genesis,08,10,0.0,0.0,0.0,0.9091,0.0,0.0,0.0,11.0,2.6667,0.0,0.0
TgO_Genesis,08,11,0.0,0.0,0.0,0.8333,0.0,0.0,0.0,18.0,2.7895,0.0,0.0
TgO_Genesis,08,12,0.0,0.0,0.0,0.7692,0.0,0.0,0.0,13.0,2.6429,0.0,0.0
TgO_Genesis,08,13,0.0,0.0,0.0,0.5909,0.0,0.0,0.0,22.0,2.7391,0.0,0.0
TgO_Genesis,08,14,0.0,0.0,0.0,0.875,0.0,0.0,0.0,8.0,2.4444,0.0,0.0
TgO_Genesis,08,15,0.0,0.0,0.0,0.8,0.0,0.0,0.0,5.0,2.3333,0.0,0.0
TgO_Genesis,08,16,0.0,0.0,0.0,0.7778,0.0,0.0,0.0,9.0,2.2,0.0,0.0
TgO_Genesis,08,17,0.0,0.0,0.0,0.55,0.0,0.0,0.0,20.0,2.2381,0.0,0.0
TgO_Genesis,08,18,0.0,0.0,0.0,0.4286,0.0,0.0,0.0,7.0,2.0,0.0,0.0
TgO_Genesis,08,19,0.0,0.0,0.0,0.7857,0.0,0.0,0.0,14.0,2.5333,0.0,0.0
TgO_Genesis,08,20,0.0,0.0,0.0,0.6471,0.0,0.0,0.0,17.0,2.6667,0.0,0.0
TgO_Genesis,08,21,0.0,0.0,0.0,0.7188,0.0,0.0,0.0,32.0,2.697,0.0,0.0
TgO_Genesis,08,22,0.0,0.0,0.0,0.5,0.0,0.0,0.0,14.0,2.6667,0.0,0.0
TgO_Genesis,09,01,0.0,0.0,0.0,0.4615,0.0,0.0,0.0,13.0,2.5,0.0,0.0
TgO_Genesis,09,02,0.0,0.0,0.0,0.65,0.0,0.0,0.0,20.0,2.4286,0.0,0.0
TgO_Genesis,09,03,0.0,0.0,0.0,0.7692,0.0,0.0,0.0,13.0,2.9286,0.0,0.0
TgO_Genesis,09,04,0.0,0.0,0.0,1.0,0.0,0.0,0.0,6.0,2.1429,0.0,0.0
TgO_Genesis,09,05,0.0,0.0,0.0,0.5714,0.0,0.0,0.0,21.0,2.3636,0.0,0.0
TgO_Genesis,09,06,0.0,0.0,0.0,0.7059,0.0,0.0,0.0,17.0,2.6111,0.0,0.0
TgO_Genesis,09,07,0.0,0.0,0.0,0.5714,0.0,0.0,0.0,7.0,2.0,0.0,0.0
TgO_Genesis,09,08,0.0,0.0,0.0,0.6667,0.0,0.0,0.0,6.0,2.5714,0.0,0.0
TgO_Genesis,09,09,0.0,0.0,0.0,0.9,0.0,0.0,0.0,10.0,2.1818,0.0,0.0
TgO_Genesis,09,10,0.0,0.0,0.0,0.7059,0.0,0.0,0.0,17.0,2.4444,0.0,0.0
TgO_Genesis,09,11,0.0,0.0,0.0,0.7222,0.0,0.0,0.0,18.0,2.5789,0.0,0.0
TgO_Genesis,09,12,0.0,0.0,0.0,0.8824,0.0,0.0,0.0,17.0,2.3889,0.0,0.0
TgO_Genesis,09,13,0.0,0.0,0.0,0.9091,0.0,0.0,0.0,11.0,2.4167,0.0,0.0
TgO_Genesis,09,14,0.0,0.0,0.0,0.75,0.0,0.0,0.0,8.0,2.1111,0.0,0.0
TgO_Genesis,09,15,0.0,0.0,0.0,0.75,0.0,0.0,0.0,20.0,2.5714,0.0,0.0
TgO_Genesis,09,16,0.0,0.0,0.0,0.8889,0.0,0.0,0.0,18.0,2.6316,0.0,0.0
TgO_Genesis,09,17,0.0,0.0,0.0,0.8571,0.0,0.0,0.0,14.0,2.7333,0.0,0.0
TgO_Genesis,09,18,0.0,0.0,0.0,0.5385,0.0,0.0,0.0,13.0,2.8571,0.0,0.0
TgO_Genesis,09,19,0.0,0.0,0.0,0.875,0.0,0.0,0.0,8.0,2.5556,0.0,0.0
TgO_Genesis,09,20,0.0,0.0,0.0,0.7143,0.0,0.0,0.0,7.0,2.375,0.0,0.0
TgO_Genesis,09,21,0.0,0.0,0.0,0.7143,0.0,0.0,0.0,7.0,2.25,0.0,0.0
TgO_Genesis,09,22,0.0,0.0,0.0,0.6364,0.0,0.0,0.0,11.0,2.75,0.0,0.0
TgO_Genesis,09,23,0.0,0.0,0.0,0.5238,0.0,0.0,0.0,21.0,2.3636,0.0,0.0
TgO_Genesis,09,24,0.0,0.0,0.0,0.6667,0.0,0.0,0.0,9.0,2.5,0.0,0.0
TgO_Genesis,09,25,0.0,0.0,0.0,0.8571,0.0,0.0,0.0,7.0,2.875,0.0,0.0
TgO_Genesis,09,26,0.0,0.0,0.0,0.5556,0.0,0.0,0.0,9.0,3.6,0.0,0.0
TgO_Genesis,09,27,0.0,0.0,0.0,0.5455,0.0,0.0,0.0,11.0,3.6667,0.0,0.0
TgO_Genesis,09,28,0.0,0.0,0.0,0.75,0.0,0.0,0.0,8.0,2.6667,0.0,0.0
TgO_Genesis,09,29,0.0,0.0,0.0,0.5556,0.0,0.0,0.0,9.0,3.0,0.0,0.0
TgO_Genesis,10,01,0.0,0.0,0.0,0.4167,0.0,0.0,0.0,12.0,2.9231,0.0,0.0
TgO_Genesis,10,02,0.0,0.0,0.0,0.2222,0.0,0.0,0.0,9.0,2.4,0.0,0.0
TgO_Genesis,10,03,0.0,0.0,0.0,0.2,0.0,0.0,0.0,5.0,3.3333,0.0,0.0
TgO_Genesis,10,04,0.0,0.0,0.0,0.1667,0.0,0.0,0.0,6.0,3.5714,0.0,0.0
TgO_Genesis,10,05,0.0,0.0,0.0,0.8889,0.0,0.0,0.0,9.0,2.4,0.0,0.0
TgO_Genesis,10,06,0.0,0.0,0.0,0.1667,0.0,0.0,0.0,6.0,2.0,0.0,0.0
TgO_Genesis,10,07,0.0,0.0,0.0,0.0909,0.0,0.0,0.0,11.0,2.75,0.0,0.0
TgO_Genesis,10,08,0.0,0.0,0.0,0.9,0.0,0.0,0.0,10.0,2.9091,0.0,0.0
TgO_Genesis,10,09,0.0,0.0,0.0,0.6923,0.0,0.0,0.0,13.0,3.1429,0.0,0.0
TgO_Genesis,10,10,0.0,0.0,0.0,0.4444,0.0,0.0,0.0,9.0,3.0,0.0,0.0
TgO_Genesis,10,11,0.0,0.0,0.0,0.6154,0.0,0.0,0.0,13.0,3.5714,0.0,0.0
TgO_Genesis,10,12,0.0,0.0,0.0,0.5556,0.0,0.0,0.0,9.0,3.4,0.0,0.0
TgO_Genesis,10,13,0.0,0.0,0.0,0.7,0.0,0.0,0.0,10.0,2.8182,0.0,0.0
TgO_Genesis,10,14,0.0,0.0,0.0,0.7778,0.0,0.0,0.0,9.0,3.5,0.0,0.0
TgO_Genesis,10,15,0.0,0.0,0.0,0.5714,0.0,0.0,0.0,7.0,3.0,0.0,0.0
TgO_Genesis,10,16,0.0,0.0,0.0,0.6667,0.0,0.0,0.0,6.0,3.0,0.0,0.0
TgO_Genesis,10,17,0.0,0.0,0.0,0.6667,0.0,0.0,0.0,6.0,2.8571,0.0,0.0
TgO_Genesis,10,18,0.0,0.0,0.0,0.7273,0.0,0.0,0.0,11.0,2.9167,0.0,0.0
TgO_Genesis,10,19,0.0,0.0,0.0,0.4,0.0,0.0,0.0,15.0,3.3125,0.0,0.0
TgO_Genesis,10,20,0.0,0.0,0.0,0.7143,0.0,0.0,0.0,7.0,2.5,0.0,0.0
TgO_Genesis,10,21,0.0,0.0,0.0,0.8182,0.0,0.0,0.0,11.0,2.6667,0.0,0.0
TgO_Genesis,10,22,0.0,0.0,0.0,0.2857,0.0,0.0,0.0,7.0,2.375,0.0,0.0
TgO_Genesis,10,23,0.0,0.0,0.0,0.1667,0.0,0.0,0.0,6.0,2.2857,0.0,0.0
TgO_Genesis,10,24,0.0,0.0,0.0,0.375,0.0,0.0,0.0,8.0,2.7778,0.0,0.0
TgO_Genesis,10,25,0.0,0.0,0.0,0.7857,0.0,0.0,0.0,14.0,2.8,0.0,0.0
TgO_Genesis,10,26,0.0,0.0,0.0,0.3,0.0,0.0,0.0,10.0,3.9091,0.0,0.0
TgO_Genesis,10,27,0.0,0.0,0.0,0.1667,0.0,0.0,0.0,6.0,3.7143,0.0,0.0
TgO_Genesis,10,28,0.0,0.0,0.0,0.1667,0.0,0.0,0.0,6.0,4.0,0.0,0.0
TgO_Genesis,10,29,0.0,0.0,0.0,0.4,0.0,0.0,0.0,10.0,3.8182,0.0,0.0
TgO_Genesis,10,30,0.0,0.0,0.0,1.0,0.0,0.0,0.0,7.0,2.625,0.0,0.0
TgO_Genesis,10,31,0.0,0.0,0.0,0.8571,0.0,0.0,0.0,7.0,2.5,0.0,0.0
TgO_Genesis,10,32,0.0,0.0,0.0,0.8462,0.0,0.0,0.0,13.0,2.8571,0.0,0.0
TgO_Genesis,11,01,0.0,0.0,0.0,0.7143,0.0,0.0,0.0,7.0,2.0,0.0,0.0
TgO_Genesis,11,02,0.0,0.0,0.0,0.5556,0.0,0.0,0.0,9.0,3.1,0.0,0.0
TgO_Genesis,11,03,0.0,0.0,0.0,0.6875,0.0,0.0,0.0,16.0,3.0588,0.0,0.0
TgO_Genesis,11,04,0.0,0.0,0.0,0.7222,0.0,0.0,0.0,18.0,3.2105,0.0,0.0
TgO_Genesis,11,05,0.0,0.0,0.0,0.8182,0.0,0.0,0.0,11.0,3.5,0.0,0.0
TgO_Genesis,11,06,0.0,0.0,0.0,0.6667,0.0,0.0,0.0,18.0,2.2105,0.0,0.0
TgO_Genesis,11,07,0.0,0.0,0.0,0.9,0.0,0.0,0.0,10.0,2.6364,0.0,0.0
TgO_Genesis,11,08,0.0,0.0,0.0,0.8,0.0,0.0,0.0,10.0,2.5455,0.0,0.0
TgO_Genesis,11,09,0.0,0.0,0.0,0.7647,0.0,0.0,0.0,17.0,3.0,0.0,0.0
TgO_Genesis,11,10,0.0,0.0,0.0,0.7143,0.0,0.0,0.0,14.0,3.3333,0.0,0.0
TgO_Genesis,11,11,0.0,0.0,0.0,0.6667,0.0,0.0,0.0,12.0,2.8462,0.0,0.0
TgO_Genesis,11,12,0.0,0.0,0.0,0.625,0.0,0.0,0.0,8.0,2.7778,0.0,0.0
TgO_Genesis,11,13,0.0,0.0,0.0,0.6154,0.0,0.0,0.0,13.0,3.0,0.0,0.0
TgO_Genesis,11,14,0.0,0.0,0.0,0.7143,0.0,0.0,0.0,7.0,2.875,0.0,0.0
TgO_Genesis,11,15,0.0,0.0,0.0,0.6154,0.0,0.0,0.0,13.0,2.7143,0.0,0.0
TgO_Genesis,11,16,0.0,0.0,0.0,0.5,0.0,0.0,0.0,8.0,3.0,0.0,0.0
TgO_Genesis,11,17,0.0,0.0,0.0,0.6154,0.0,0.0,0.0,13.0,2.7143,0.0,0.0
TgO_Genesis,11,18,0.0,0.0,0.0,0.5714,0.0,0.0,0.0,7.0,3.0,0.0,0.0
TgO_Genesis,11,19,0.0,0.0,0.0,0.5833,0.0,0.0,0.0,12.0,2.6923,0.0,0.0
TgO_Genesis,11,20,0.0,0.0,0.0,0.5,0.0,0.0,0.0,8.0,2.8889,0.0,0.0
TgO_Genesis,11,21,0.0,0.0,0.0,0.5833,0.0,0.0,0.0,12.0,2.6923,0.0,0.0
TgO_Genesis,11,22,0.0,0.0,0.0,0.5714,0.0,0.0,0.0,7.0,3.25,0.0,0.0
TgO_Genesis,11,23,0.0,0.0,0.0,0.6364,0.0,0.0,0.0,11.0,2.9167,0.0,0.0
TgO_Genesis,11,24,0.0,0.0,0.0,0.5,0.0,0.0,0.0,8.0,3.1111,0.0,0.0
TgO_Genesis,11,25,0.0,0.0,0.0,0.6667,0.0,0.0,0.0,12.0,3.0769,0.0,0.0
TgO_Genesis,11,26,0.0,0.0,0.0,0.3636,0.0,0.0,0.0,11.0,3.4167,0.0,0.0
TgO_Genesis,11,27,0.0,0.0,0.0,0.2667,0.0,0.0,0.0,15.0,3.4375,0.0,0.0
TgO_Genesis,11,28,0.0,0.0,0.0,0.6667,0.0,0.0,0.0,9.0,3.2,0.0,0.0
TgO_Genesis,11,29,0.0,0.0,0.0,0.2632,0.0,0.0,0.0,19.0,4.25,0.0,0.0
TgO_Genesis,11,30,0.0,0.0,0.0,0.6667,0.0,0.0,0.0,6.0,3.0,0.0,0.0
TgO_Genesis,11,31,0.0,0.0,0.0,0.4643,0.0,0.0,0.0,28.0,3.3103,0.0,0.0
TgO_Genesis,11,32,0.0,0.0,0.0,0.5556,0.0,0.0,0.0,9.0,2.9,0.0,0.0
TgO_Genesis,12,01,0.0,0.0,0.0,0.6,0.0,0.0,0.0,10.0,2.8182,0.0,0.0
TgO_Genesis,12,02,0.0,0.0,0.0,0.625,0.0,0.0,0.0,8.0,2.0,0.0,0.0
TgO_Genesis,12,03,0.0,0.0,0.0,0.7778,0.0,0.0,0.0,9.0,2.5,0.0,0.0
TgO_Genesis,12,04,0.0,0.0,0.0,0.625,0.0,0.0,0.0,16.0,2.8235,0.0,0.0
TgO_Genesis,12,05,0.0,0.0,0.0,0.5417,0.0,0.0,0.0,24.0,3.52,0.0,0.0
TgO_Genesis,12,06,0.0,0.0,0.0,0.5385,0.0,0.0,0.0,13.0,3.0,0.0,0.0
TgO_Genesis,12,07,0.0,0.0,0.0,0.6875,0.0,0.0,0.0,16.0,3.0,0.0,0.0
TgO_Genesis,12,08,0.0,0.0,0.0,0.5263,0.0,0.0,0.0,19.0,3.15,0.0,0.0
TgO_Genesis,12,09,0.0,0.0,0.0,0.6,0.0,0.0,0.0,5.0,2.8333,0.0,0.0
TgO_Genesis,12,10,0.0,0.0,0.0,0.5833,0.0,0.0,0.0,12.0,3.2308,0.0,0.0
TgO_Genesis,12,11,0.0,0.0,0.0,0.75,0.0,0.0,0.0,16.0,3.5294,0.0,0.0
TgO_Genesis,12,12,0.0,0.0,0.0,0.6667,0.0,0.0,0.0,12.0,2.3846,0.0,0.0
TgO_Genesis,12,13,0.0,0.0,0.0,0.8182,0.0,0.0,0.0,11.0,2.8333,0.0,0.0
TgO_Genesis,12,14,0.0,0.0,0.0,0.7692,0.0,0.0,0.0,13.0,3.3571,0.0,0.0
TgO_Genesis,12,15,0.0,0.0,0.0,0.5,0.0,0.0,0.0,12.0,2.6154,0.0,0.0
TgO_Genesis,12,16,0.0,0.0,0.0,0.3333,0.0,0.0,0.0,12.0,2.2308,0.0,0.0
TgO_Genesis,12,17,0.0,0.0,0.0,0.7692,0.0,0.0,0.0,13.0,3.4286,0.0,0.0
TgO_Genesis,12,18,0.0,0.0,0.0,0.7333,0.0,0.0,0.0,15.0,2.9375,0.0,0.0
TgO_Genesis,12,19,0.0,0.0,0.0,0.7692,0.0,0.0,0.0,13.0,2.5714,0.0,0.0
TgO_Genesis,12,20,0.0,0.0,0.0,0.7273,0.0,0.0,0.0,11.0,2.75,0.0,0.0
TgO_Genesis,13,01,0.0,0.0,0.0,0.5,0.0,0.0,0.0,10.0,2.8182,0.0,0.0
TgO_Genesis,13,02,0.0,0.0,0.0,0.8333,0.0,0.0,0.0,6.0,2.4286,0.0,0.0
TgO_Genesis,13,03,0.0,0.0,0.0,0.6667,0.0,0.0,0.0,15.0,3.5625,0.0,0.0
TgO_Genesis,13,04,0.0,0.0,0.0,0.8,0.0,0.0,0.0,10.0,3.2727,0.0,0.0
TgO_Genesis,13,05,0.0,0.0,0.0,0.5556,0.0,0.0,0.0,9.0,2.8,0.0,0.0
TgO_Genesis,13,06,0.0,0.0,0.0,0.7857,0.0,0.0,0.0,14.0,2.8667,0.0,0.0
TgO_Genesis,13,07,0.0,0.0,0.0,0.5333,0.0,0.0,0.0,15.0,3.125,0.0,0.0
TgO_Genesis,13,08,0.0,0.0,0.0,0.6471,0.0,0.0,0.0,17.0,2.9444,0.0,0.0
TgO_Genesis,13,09,0.0,0.0,0.0,0.7222,0.0,0.0,0.0,18.0,3.0,0.0,0.0
TgO_Genesis,13,10,0.0,0.0,0.0,0.52,0.0,0.0,0.0,25.0,3.4615,0.0,0.0
TgO_Genesis,13,11,0.0,0.0,0.0,0.6429,0.0,0.0,0.0,14.0,3.2,0.0,0.0
TgO_Genesis,13,12,0.0,0.0,0.0,0.4545,0.0,0.0,0.0,11.0,4.1667,0.0,0.0
TgO_Genesis,13,13,0.0,0.0,0.0,0.6667,0.0,0.0,0.0,9.0,2.6,0.0,0.0
TgO_Genesis,13,14,0.0,0.0,0.0,0.6316,0.0,0.0,0.0,19.0,2.85,0.0,0.0
TgO_Genesis,13,15,0.0,0.0,0.0,0.9091,0.0,0.0,0.0,11.0,2.4167,0.0,0.0
TgO_Genesis,13,16,0.0,0.0,0.0,0.7368,0.0,0.0,0.0,19.0,2.6,0.0,0.0
TgO_Genesis,13,17,0.0,0.0,0.0,0.875,0.0,0.0,0.0,8.0,2.5556,0.0,0.0
TgO_Genesis,13,18,0.0,0.0,0.0,0.5,0.0,0.0,0.0,12.0,2.8462,0.0,0.0
TgO_Genesis,14,01,0.0,0.0,0.0,0.2857,0.0,0.0,0.0,14.0,4.8,0.0,0.0
TgO_Genesis,14,02,0.0,0.0,0.0,0.3,0.0,0.0,0.0,20.0,4.4762,0.0,0.0
TgO_Genesis,14,03,0.0,0.0,0.0,1.0,0.0,0.0,0.0,9.0,2.7,0.0,0.0
TgO_Genesis,14,04,0.0,0.0,0.0,0.75,0.0,0.0,0.0,8.0,4.0,0.0,0.0
TgO_Genesis,14,05,0.0,0.0,0.0,0.5,0.0,0.0,0.0,18.0,3.7368,0.0,0.0
TgO_Genesis,14,06,0.0,0.0,0.0,0.8,0.0,0.0,0.0,10.0,3.4545,0.0,0.0
TgO_Genesis,14,07,0.0,0.0,0.0,0.7059,0.0,0.0,0.0,17.0,2.7778,0.0,0.0
TgO_Genesis,14,08,0.0,0.0,0.0,0.3889,0.0,0.0,0.0,18.0,3.8421,0.0,0.0
TgO_Genesis,14,09,0.0,0.0,0.0,0.3529,0.0,0.0,0.0,17.0,4.1111,0.0,0.0
TgO_Genesis,14,10,0.0,0.0,0.0,0.6,0.0,0.0,0.0,15.0,2.8125,0.0,0.0
TgO_Genesis,14,11,0.0,0.0,0.0,0.5,0.0,0.0,0.0,10.0,2.5455,0.0,0.0
TgO_Genesis,14,12,0.0,0.0,0.0,0.5833,0.0,0.0,0.0,12.0,2.9231,0.0,0.0
TgO_Genesis,14,13,0.0,0.0,0.0,0.5,0.0,0.0,0.0,18.0,3.8947,0.0,0.0
TgO_Genesis,14,14,0.0,0.0,0.0,0.6875,0.0,0.0,0.0,16.0,2.6471,0.0,0.0
TgO_Genesis,14,15,0.0,0.0,0.0,0.5455,0.0,0.0,0.0,11.0,2.9167,0.0,0.0
TgO_Genesis,14,16,0.0,0.0,0.0,0.5333,0.0,0.0,0.0,15.0,2.3125,0.0,0.0
TgO_Genesis,14,17,0.0,0.0,0.0,0.7222,0.0,0.0,0.0,18.0,3.6842,0.0,0.0
TgO_Genesis,14,18,0.0,0.0,0.0,0.7273,0.0,0.0,0.0,11.0,2.9167,0.0,0.0
TgO_Genesis,14,19,0.0,0.0,0.0,0.6,0.0,0.0,0.0,10.0,2.8182,0.0,0.0
TgO_Genesis,14,20,0.0,0.0,0.0,0.8333,0.0,0.0,0.0,12.0,2.3077,0.0,0.0
TgO_Genesis,14,21,0.0,0.0,0.0,0.5,0.0,0.0,0.0,10.0,3.4545,0.0,0.0
TgO_Genesis,14,22,0.0,0.0,0.0,0.7857,0.0,0.0,0.0,14.0,3.0667,0.0,0.0
TgO_Genesis,14,23,0.0,0.0,0.0,0.6667,0.0,0.0,0.0,15.0,2.8125,0.0,0.0
TgO_Genesis,14,24,0.0,0.0,0.0,0.7692,0.0,0.0,0.0,13.0,3.2857,0.0,0.0
TgO_Genesis,15,01,0.0,0.0,0.0,0.6957,0.0,0.0,0.0,23.0,3.75,0.0,0.0
TgO_Genesis,15,02,0.0,0.0,0.0,0.7222,0.0,0.0,0.0,18.0,3.4211,0.0,0.0
TgO_Genesis,15,03,0.0,0.0,0.0,0.7273,0.0,0.0,0.0,11.0,2.75,0.0,0.0
TgO_Genesis,15,04,0.0,0.0,0.0,0.875,0.0,0.0,0.0,16.0,3.0,0.0,0.0
TgO_Genesis,15,05,0.0,0.0,0.0,0.7222,0.0,0.0,0.0,18.0,2.6842,0.0,0.0
TgO_Genesis,15,06,0.0,0.0,0.0,0.6667,0.0,0.0,0.0,6.0,2.2857,0.0,0.0
TgO_Genesis,15,07,0.0,0.0,0.0,0.8462,0.0,0.0,0.0,13.0,2.7143,0.0,0.0
TgO_Genesis,15,08,0.0,0.0,0.0,1.0,0.0,0.0,0.0,7.0,2.625,0.0,0.0
TgO_Genesis,15,09,0.0,0.0,0.0,0.4167,0.0,0.0,0.0,12.0,2.4615,0.0,0.0
TgO_Genesis,15,10,0.0,0.0,0.0,0.6471,0.0,0.0,0.0,17.0,2.5,0.0,0.0
TgO_Genesis,15,11,0.0,0.0,0.0,0.7143,0.0,0.0,0.0,7.0,2.625,0.0,0.0
TgO_Genesis,15,12,0.0,0.0,0.0,0.6154,0.0,0.0,0.0,13.0,2.7143,0.0,0.0
TgO_Genesis,15,13,0.0,0.0,0.0,0.7222,0.0,0.0,0.0,18.0,2.7895,0.0,0.0
TgO_Genesis,15,14,0.0,0.0,0.0,0.8333,0.0,0.0,0.0,12.0,2.2308,0.0,0.0
TgO_Genesis,15,15,0.0,0.0,0.0,0.875,0.0,0.0,0.0,8.0,2.1111,0.0,0.0
TgO_Genesis,15,16,0.0,0.0,0.0,1.0,0.0,0.0,0.0,11.0,2.9167,0.0,0.0
TgO_Genesis,15,17,0.0,0.0,0.0,0.8,0.0,0.0,0.0,15.0,2.6875,0.0,0.0
TgO_Genesis,15,18,0.0,0.0,0.0,0.85,0.0,0.0,0.0,20.0,3.0476,0.0,0.0
TgO_Genesis,15,19,0.0,0.0,0.0,0.8333,0.0,0.0,0.0,6.0,3.0,0.0,0.0
TgO_Genesis,15,20,0.0,0.0,0.0,0.6667,0.0,0.0,0.0,6.0,2.7143,0.0,0.0
TgO_Genesis,15,21,0.0,0.0,0.0,0.625,0.0,0.0,0.0,8.0,3.1111,0.0,0.0
TgO_Genesis,16,01,0.0,0.0,0.0,0.5455,0.0,0.0,0.0,11.0,3.1667,0.0,0.0
TgO_Genesis,16,02,0.0,0.0,0.0,0.6316,0.0,0.0,0.0,19.0,3.45,0.0,0.0
TgO_Genesis,16,03,0.0,0.0,0.0,0.5714,0.0,0.0,0.0,21.0,3.7273,0.0,0.0
TgO_Genesis,16,04,0.0,0.0,0.0,0.6,0.0,0.0,0.0,10.0,2.6364,0.0,0.0
TgO_Genesis,16,05,0.0,0.0,0.0,0.6316,0.0,0.0,0.0,19.0,2.9,0.0,0.0
TgO_Genesis,16,06,0.0,0.0,0.0,0.5,0.0,0.0,0.0,14.0,3.4,0.0,0.0
TgO_Genesis,16,07,0.0,0.0,0.0,0.6364,0.0,0.0,0.0,11.0,3.0,0.0,0.0
TgO_Genesis,16,08,0.0,0.0,0.0,0.625,0.0,0.0,0.0,16.0,3.5882,0.0,0.0
TgO_Genesis,16,09,0.0,0.0,0.0,0.9,0.0,0.0,0.0,10.0,3.0,0.0,0.0
TgO_Genesis,16,10,0.0,0.0,0.0,0.6364,0.0,0.0,0.0,11.0,2.5,0.0,0.0
TgO_Genesis,16,11,0.0,0.0,0.0,0.6842,0.0,0.0,0.0,19.0,2.9,0.0,0.0
TgO_Genesis,16,12,0.0,0.0,0.0,0.5789,0.0,0.0,0.0,19.0,2.5,0.0,0.0
TgO_Genesis,16,13,0.0,0.0,0.0,0.8182,0.0,0.0,0.0,22.0,2.8696,0.0,0.0
TgO_Genesis,16,14,0.0,0.0,0.0,0.7857,0.0,0.0,0.0,14.0,3.2,0.0,0.0
TgO_Genesis,16,15,0.0,0.0,0.0,0.3636,0.0,0.0,0.0,11.0,3.9167,0.0,0.0
TgO_Genesis,16,16,0.0,0.0,0.0,0.6364,0.0,0.0,0.0,11.0,3.6667,0.0,0.0
TgO_Genesis,17,01,0.0,0.0,0.0,0.6111,0.0,0.0,0.0,18.0,3.0526,0.0,0.0
TgO_Genesis,17,02,0.0,0.0,0.0,0.6,0.0,0.0,0.0,10.0,2.6364,0.0,0.0
TgO_Genesis,17,03,0.0,0.0,0.0,0.75,0.0,0.0,0.0,8.0,2.6667,0.0,0.0
TgO_Genesis,17,04,0.0,0.0,0.0,0.8889,0.0,0.0,0.0,9.0,2.3,0.0,0.0
TgO_Genesis,17,05,0.0,0.0,0.0,0.7143,0.0,0.0,0.0,14.0,2.9333,0.0,0.0
TgO_Genesis,17,06,0.0,0.0,0.0,0.7273,0.0,0.0,0.0,11.0,2.5833,0.0,0.0
TgO_Genesis,17,07,0.0,0.0,0.0,0.6471,0.0,0.0,0.0,17.0,2.5,0.0,0.0
TgO_Genesis,17,08,0.0,0.0,0.0,0.5625,0.0,0.0,0.0,16.0,3.1765,0.0,0.0
TgO_Genesis,17,09,0.0,0.0,0.0,0.7273,0.0,0.0,0.0,11.0,2.9167,0.0,0.0
TgO_Genesis,17,10,0.0,0.0,0.0,0.8462,0.0,0.0,0.0,13.0,2.8571,0.0,0.0
TgO_Genesis,17,11,0.0,0.0,0.0,0.8,0.0,0.0,0.0,10.0,2.4545,0.0,0.0
TgO_Genesis,17,12,0.0,0.0,0.0,0.7778,0.0,0.0,0.0,18.0,3.2105,0.0,0.0
TgO_Genesis,17,13,0.0,0.0,0.0,0.6154,0.0,0.0,0.0,13.0,2.5,0.0,0.0
TgO_Genesis,17,14,0.0,0.0,0.0,0.8571,0.0,0.0,0.0,14.0,2.6,0.0,0.0
TgO_Genesis,17,15,0.0,0.0,0.0,0.6154,0.0,0.0,0.0,13.0,3.6429,0.0,0.0
TgO_Genesis,17,16,0.0,0.0,0.0,0.6667,0.0,0.0,0.0,15.0,2.3125,0.0,0.0
TgO_Genesis,17,17,0.0,0.0,0.0,0.55,0.0,0.0,0.0,20.0,3.1905,0.0,0.0
TgO_Genesis,17,18,0.0,0.0,0.0,0.625,0.0,0.0,0.0,8.0,3.7778,0.0,0.0
TgO_Genesis,17,19,0.0,0.0,0.0,0.6,0.0,0.0,0.0,20.0,2.8571,0.0,0.0
TgO_Genesis,17,20,0.0,0.0,0.0,0.6,0.0,0.0,0.0,20.0,2.9048,0.0,0.0
TgO_Genesis,17,21,0.0,0.0,0.0,0.75,0.0,0.0,0.0,12.0,3.1538,0.0,0.0
TgO_Genesis,17,22,0.0,0.0,0.0,0.75,0.0,0.0,0.0,8.0,3.5556,0.0,0.0
TgO_Genesis,17,23,0.0,0.0,0.0,0.6452,0.0,0.0,0.0,31.0,3.1562,0.0,0.0
TgO_Genesis,17,24,0.0,0.0,0.0,0.9,0.0,0.0,0.0,10.0,2.5455,0.0,0.0
TgO_Genesis,17,25,0.0,0.0,0.0,0.9,0.0,0.0,0.0,10.0,2.7273,0.0,0.0
TgO_Genesis,17,26,0.0,0.0,0.0,0.8571,0.0,0.0,0.0,7.0,3.125,0.0,0.0
TgO_Genesis,17,27,0.0,0.0,0.0,0.75,0.0,0.0,0.0,12.0,3.1538,0.0,0.0
TgO_Genesis,18,01,0.0,0.0,0.0,0.6364,0.0,0.0,0.0,11.0,2.75,0.0,0.0
TgO_Genesis,18,02,0.0,0.0,0.0,0.6875,0.0,0.0,0.0,16.0,2.7647,0.0,0.0
TgO_Genesis,18,03,0.0,0.0,0.0,0.9167,0.0,0.0,0.0,12.0,2.6154,0.0,0.0
TgO_Genesis,18,04,0.0,0.0,0.0,0.8889,0.0,0.0,0.0,9.0,2.9,0.0,0.0
TgO_Genesis,18,05,0.0,0.0,0.0,0.6316,0.0,0.0,0.0,19.0,2.5,0.0,0.0
TgO_Genesis,18,06,0.0,0.0,0.0,0.7143,0.0,0.0,0.0,14.0,3.4,0.0,0.0
TgO_Genesis,18,07,0.0,0.0,0.0,0.6154,0.0,0.0,0.0,13.0,3.5714,0.0,0.0
TgO_Genesis,18,08,0.0,0.0,0.0,0.6154,0.0,0.0,0.0,13.0,2.7143,0.0,0.0
TgO_Genesis,18,09,0.0,0.0,0.0,0.625,0.0,0.0,0.0,8.0,2.6667,0.0,0.0
TgO_Genesis,18,10,0.0,0.0,0.0,0.7059,0.0,0.0,0.0,17.0,3.0556,0.0,0.0
TgO_Genesis,18,11,0.0,0.0,0.0,0.8,0.0,0.0,0.0,10.0,2.8182,0.0,0.0
TgO_Genesis,18,12,0.0,0.0,0.0,0.7273,0.0,0.0,0.0,11.0,3.0,0.0,0.0
TgO_Genesis,18,13,0.0,0.0,0.0,0.7692,0.0,0.0,0.0,13.0,3.1429,0.0,0.0
TgO_Genesis,18,14,0.0,0.0,0.0,1.0,0.0,0.0,0.0,12.0,3.0,0.0,0.0
TgO_Genesis,18,15,0.0,0.0,0.0,0.6364,0.0,0.0,0.0,11.0,2.6667,0.0,0.0
TgO_Genesis,18,16,0.0,0.0,0.0,0.7,0.0,0.0,0.0,10.0,2.7273,0.0,0.0
TgO_Genesis,18,17,0.0,0.0,0.0,0.875,0.0,0.0,0.0,8.0,2.3333,0.0,0.0
TgO_Genesis,18,18,0.0,0.0,0.0,0.6364,0.0,0.0,0.0,11.0,2.3333,0.0,0.0
TgO_Genesis,18,19,0.0,0.0,0.0,0.7333,0.0,0.0,0.0,30.0,2.9355,0.0,0.0
TgO_Genesis,18,20,0.0,0.0,0.0,0.6364,0.0,0.0,0.0,11.0,2.9167,0.0,0.0
TgO_Genesis,18,21,0.0,0.0,0.0,0.7647,0.0,0.0,0.0,17.0,2.6111,0.0,0.0
TgO_Genesis,18,22,0.0,0.0,0.0,0.7692,0.0,0.0,0.0,13.0,2.6429,0.0,0.0
TgO_Genesis,18,23,0.0,0.0,0.0,0.75,0.0,0.0,0.0,8.0,2.8889,0.0,0.0
TgO_Genesis,18,24,0.0,0.0,0.0,0.8,0.0,0.0,0.0,15.0,3.25,0.0,0.0
TgO_Genesis,18,25,0.0,0.0,0.0,0.6957,0.0,0.0,0.0,23.0,2.7917,0.0,0.0
TgO_Genesis,18,26,0.0,0.0,0.0,0.9231,0.0,0.0,0.0,13.0,2.7143,0.0,0.0
TgO_Genesis,18,27,0.0,0.0,0.0,0.6667,0.0,0.0,0.0,12.0,2.7692,0.0,0.0
TgO_Genesis,18,28,0.0,0.0,0.0,0.8947,0.0,0.0,0.0,19.0,2.85,0.0,0.0
TgO_Genesis,18,29,0.0,0.0,0.0,0.8,0.0,0.0,0.0,15.0,3.25,0.0,0.0
TgO_Genesis,18,30,0.0,0.0,0.0,0.6667,0.0,0.0,0.0,21.0,3.0,0.0,0.0
TgO_Genesis,18,31,0.0,0.0,0.0,0.875,0.0,0.0,0.0,16.0,3.0,0.0,0.0
TgO_Genesis,18,32,0.0,0.0,0.0,0.7619,0.0,0.0,0.0,21.0,2.8182,0.0,0.0
TgO_Genesis,18,33,0.0,0.0,0.0,0.8182,0.0,0.0,0.0,11.0,2.9167,0.0,0.0
TgO_Genesis,19,01,0.0,0.0,0.0,0.5,0.0,0.0,0.0,18.0,3.1053,0.0,0.0
TgO_Genesis,19,02,0.0,0.0,0.0,0.6842,0.0,0.0,0.0,19.0,2.6,0.0,0.0
TgO_Genesis,19,03,0.0,0.0,0.0,0.5,0.0,0.0,0.0,14.0,2.8,0.0,0.0
TgO_Genesis,19,04,0.0,0.0,0.0,0.8,0.0,0.0,0.0,15.0,2.625,0.0,0.0
TgO_Genesis,19,05,0.0,0.0,0.0,0.6154,0.0,0.0,0.0,13.0,2.6429,0.0,0.0
TgO_Genesis,19,06,0.0,0.0,0.0,0.7143,0.0,0.0,0.0,7.0,2.5,0.0,0.0
TgO_Genesis,19,07,0.0,0.0,0.0,1.0,0.0,0.0,0.0,6.0,2.2857,0.0,0.0
TgO_Genesis,19,08,0.0,0.0,0.0,0.7778,0.0,0.0,0.0,27.0,2.9643,0.0,0.0
TgO_Genesis,19,09,0.0,0.0,0.0,0.7143,0.0,0.0,0.0,21.0,2.5455,0.0,0.0
TgO_Genesis,19,10,0.0,0.0,0.0,0.6667,0.0,0.0,0.0,12.0,2.2308,0.0,0.0
TgO_Genesis,19,11,0.0,0.0,0.0,0.75,0.0,0.0,0.0,12.0,2.2308,0.0,0.0
TgO_Genesis,19,12,0.0,0.0,0.0,0.6471,0.0,0.0,0.0,17.0,2.7222,0.0,0.0
TgO_Genesis,19,13,0.0,0.0,0.0,0.7857,0.0,0.0,0.0,14.0,2.9333,0.0,0.0
TgO_Genesis,19,14,0.0,0.0,0.0,0.7727,0.0,0.0,0.0,22.0,2.5652,0.0,0.0
TgO_Genesis,19,15,0.0,0.0,0.0,0.8571,0.0,0.0,0.0,21.0,2.8636,0.0,0.0
TgO_Genesis,19,16,0.0,0.0,0.0,0.75,0.0,0.0,0.0,16.0,2.9412,0.0,0.0
TgO_Genesis,19,17,0.0,0.0,0.0,0.9,0.0,0.0,0.0,20.0,2.8095,0.0,0.0
TgO_Genesis,19,18,0.0,0.0,0.0,0.6667,0.0,0.0,0.0,6.0,3.1429,0.0,0.0
TgO_Genesis,19,19,0.0,0.0,0.0,0.8696,0.0,0.0,0.0,23.0,2.875,0.0,0.0
TgO_Genesis,19,20,0.0,0.0,0.0,0.7647,0.0,0.0,0.0,17.0,2.9444,0.0,0.0
TgO_Genesis,19,21,0.0,0.0,0.0,0.9333,0.0,0.0,0.0,15.0,2.75,0.0,0.0
TgO_Genesis,19,22,0.0,0.0,0.0,0.875,0.0,0.0,0.0,16.0,3.1765,0.0,0.0
TgO_Genesis,19,23,0.0,0.0,0.0,0.8571,0.0,0.0,0.0,7.0,3.125,0.0,0.0
TgO_Genesis,19,24,0.0,0.0,0.0,0.6154,0.0,0.0,0.0,13.0,3.4286,0.0,0.0
TgO_Genesis,19,25,0.0,0.0,0.0,0.6154,0.0,0.0,0.0,13.0,2.5714,0.0,0.0
TgO_Genesis,19,26,0.0,0.0,0.0,0.8333,0.0,0.0,0.0,6.0,2.8571,0.0,0.0
TgO_Genesis,19,27,0.0,0.0,0.0,0.7778,0.0,0.0,0.0,9.0,2.9,0.0,0.0
TgO_Genesis,19,28,0.0,0.0,0.0,0.5556,0.0,0.0,0.0,18.0,2.9474,0.0,0.0
TgO_Genesis,19,29,0.0,0.0,0.0,0.5417,0.0,0.0,0.0,24.0,3.08,0.0,0.0
TgO_Genesis,19,30,0.0,0.0,0.0,0.5294,0.0,0.0,0.0,17.0,2.3333,0.0,0.0
TgO_Genesis,19,31,0.0,0.0,0.0,0.9231,0.0,0.0,0.0,13.0,2.2857,0.0,0.0
TgO_Genesis,19,32,0.0,0.0,0.0,0.9,0.0,0.0,0.0,10.0,2.0909,0.0,0.0
TgO_Genesis,19,33,0.0,0.0,0.0,0.6667,0.0,0.0,0.0,15.0,2.125,0.0,0.0
TgO_Genesis,19,34,0.0,0.0,0.0,0.6818,0.0,0.0,0.0,22.0,2.2609,0.0,0.0
TgO_Genesis,19,35,0.0,0.0,0.0,0.7333,0.0,0.0,0.0,15.0,2.3125,0.0,0.0
TgO_Genesis,19,36,0.0,0.0,0.0,0.8,0.0,0.0,0.0,5.0,2.5,0.0,0.0
TgO_Genesis,19,37,0.0,0.0,0.0,0.8333,0.0,0.0,0.0,12.0,2.7692,0.0,0.0
TgO_Genesis,19,38,0.0,0.0,0.0,0.75,0.0,0.0,0.0,16.0,2.5294,0.0,0.0
TgO_Genesis,20,01,0.0,0.0,0.0,0.5,0.0,0.0,0.0,12.0,3.1538,0.0,0.0
TgO_Genesis,20,02,0.0,0.0,0.0,0.4667,0.0,0.0,0.0,15.0,4.5625,0.0,0.0
TgO_Genesis,20,03,0.0,0.0,0.0,0.7143,0.0,0.0,0.0,21.0,3.5455,0.0,0.0
TgO_Genesis,20,04,0.0,0.0,0.0,0.9,0.0,0.0,0.0,10.0,2.2727,0.0,0.0
TgO_Genesis,20,05,0.0,0.0,0.0,0.7222,0.0,0.0,0.0,18.0,2.4211,0.0,0.0
TgO_Genesis,20,06,0.0,0.0,0.0,0.7826,0.0,0.0,0.0,23.0,2.5417,0.0,0.0
TgO_Genesis,20,07,0.0,0.0,0.0,0.6,0.0,0.0,0.0,20.0,2.7619,0.0,0.0
TgO_Genesis,20,08,0.0,0.0,0.0,0.6667,0.0,0.0,0.0,15.0,2.9375,0.0,0.0
TgO_Genesis,20,09,0.0,0.0,0.0,0.5833,0.0,0.0,0.0,24.0,3.32,0.0,0.0
TgO_Genesis,20,10,0.0,0.0,0.0,0.8,0.0,0.0,0.0,10.0,3.4545,0.0,0.0
TgO_Genesis,20,11,0.0,0.0,0.0,0.8462,0.0,0.0,0.0,13.0,3.4286,0.0,0.0
TgO_Genesis,20,12,0.0,0.0,0.0,0.6923,0.0,0.0,0.0,13.0,3.3571,0.0,0.0
TgO_Genesis,20,13,0.0,0.0,0.0,0.8462,0.0,0.0,0.0,26.0,2.5556,0.0,0.0
TgO_Genesis,20,14,0.0,0.0,0.0,0.3077,0.0,0.0,0.0,13.0,3.5714,0.0,0.0
TgO_Genesis,20,15,0.0,0.0,0.0,0.75,0.0,0.0,0.0,8.0,3.0,0.0,0.0
TgO_Genesis,20,16,0.0,0.0,0.0,0.7407,0.0,0.0,0.0,27.0,2.5357,0.0,0.0
TgO_Genesis,20,17,0.0,0.0,0.0,0.4167,0.0,0.0,0.0,12.0,3.0769,0.0,0.0
TgO_Genesis,20,18,0.0,0.0,0.0,0.7143,0.0,0.0,0.0,14.0,4.1333,0.0,0.0
TgO_Genesis,21,01,0.0,0.0,0.0,0.6364,0.0,0.0,0.0,11.0,3.6667,0.0,0.0
TgO_Genesis,21,02,0.0,0.0,0.0,0.7,0.0,0.0,0.0,10.0,3.1818,0.0,0.0
TgO_Genesis,21,03,0.0,0.0,0.0,0.4545,0.0,0.0,0.0,11.0,3.3333,0.0,0.0
TgO_Genesis,21,04,0.0,0.0,0.0,0.5714,0.0,0.0,0.0,14.0,3.0,0.0,0.0
TgO_Genesis,21,05,0.0,0.0,0.0,0.7,0.0,0.0,0.0,10.0,2.6364,0.0,0.0
TgO_Genesis,21,06,0.0,0.0,0.0,0.7,0.0,0.0,0.0,10.0,3.0,0.0,0.0
TgO_Genesis,21,07,0.0,0.0,0.0,0.6923,0.0,0.0,0.0,13.0,3.5,0.0,0.0
TgO_Genesis,21,08,0.0,0.0,0.0,0.6364,0.0,0.0,0.0,11.0,2.8333,0.0,0.0
TgO_Genesis,21,09,0.0,0.0,0.0,0.6667,0.0,0.0,0.0,9.0,3.3,0.0,0.0
TgO_Genesis,21,10,0.0,0.0,0.0,0.5556,0.0,0.0,0.0,18.0,2.7368,0.0,0.0
TgO_Genesis,21,11,0.0,0.0,0.0,0.8571,0.0,0.0,0.0,7.0,3.25,0.0,0.0
TgO_Genesis,21,12,0.0,0.0,0.0,0.7143,0.0,0.0,0.0,21.0,2.7727,0.0,0.0
TgO_Genesis,21,13,0.0,0.0,0.0,0.8889,0.0,0.0,0.0,9.0,2.2,0.0,0.0
TgO_Genesis,21,14,0.0,0.0,0.0,0.4737,0.0,0.0,0.0,19.0,3.15,0.0,0.0
TgO_Genesis,21,15,0.0,0.0,0.0,0.8182,0.0,0.0,0.0,11.0,2.5,0.0,0.0
TgO_Genesis,21,16,0.0,0.0,0.0,0.6316,0.0,0.0,0.0,19.0,2.4,0.0,0.0
TgO_Genesis,21,17,0.0,0.0,0.0,0.5862,0.0,0.0,0.0,29.0,2.8333,0.0,0.0
TgO_Genesis,21,18,0.0,0.0,0.0,0.9231,0.0,0.0,0.0,13.0,2.2857,0.0,0.0
TgO_Genesis,21,19,0.0,0.0,0.0,0.5333,0.0,0.0,0.0,15.0,2.4375,0.0,0.0
TgO_Genesis,21,20,0.0,0.0,0.0,0.6364,0.0,0.0,0.0,11.0,2.5,0.0,0.0
TgO_Genesis,21,21,0.0,0.0,0.0,0.5556,0.0,0.0,0.0,9.0,3.4,0.0,0.0
TgO_Genesis,21,22,0.0,0.0,0.0,0.6,0.0,0.0,0.0,15.0,3.5,0.0,0.0
TgO_Genesis,21,23,0.0,0.0,0.0,0.65,0.0,0.0,0.0,20.0,2.4762,0.0,0.0
TgO_Genesis,21,24,0.0,0.0,0.0,0.75,0.0,0.0,0.0,4.0,3.2,0.0,0.0
TgO_Genesis,21,25,0.0,0.0,0.0,0.7,0.0,0.0,0.0,10.0,4.8182,0.0,0.0
TgO_Genesis,21,26,0.0,0.0,0.0,0.6667,0.0,0.0,0.0,21.0,3.0909,0.0,0.0
TgO_Genesis,21,27,0.0,0.0,0.0,0.4444,0.0,0.0,0.0,9.0,3.7,0.0,0.0
TgO_Genesis,21,28,0.0,0.0,0.0,0.8571,0.0,0.0,0.0,7.0,3.125,0.0,0.0
TgO_Genesis,21,29,0.0,0.0,0.0,0.8,0.0,0.0,0.0,10.0,4.0,0.0,0.0
TgO_Genesis,21,30,0.0,0.0,0.0,0.8235,0.0,0.0,0.0,17.0,2.7778,0.0,0.0
TgO_Genesis,21,31,0.0,0.0,0.0,0.8889,0.0,0.0,0.0,9.0,3.9,0.0,0.0
TgO_Genesis,21,32,0.0,0.0,0.0,0.5,0.0,0.0,0.0,10.0,4.2727,0.0,0.0
TgO_Genesis,21,33,0.0,0.0,0.0,0.7778,0.0,0.0,0.0,9.0,3.4,0.0,0.0
TgO_Genesis,21,34,0.0,0.0,0.0,0.8333,0.0,0.0,0.0,6.0,3.0,0.0,0.0
TgO_Genesis,22,01,0.0,0.0,0.0,0.5385,0.0,0.0,0.0,13.0,3.0714,0.0,0.0
TgO_Genesis,22,02,0.0,0.0,0.0,0.75,0.0,0.0,0.0,24.0,2.8,0.0,0.0
TgO_Genesis,22,03,0.0,0.0,0.0,0.5652,0.0,0.0,0.0,23.0,2.6667,0.0,0.0
TgO_Genesis,22,04,0.0,0.0,0.0,0.7,0.0,0.0,0.0,10.0,3.0,0.0,0.0
TgO_Genesis,22,05,0.0,0.0,0.0,0.6471,0.0,0.0,0.0,17.0,2.8889,0.0,0.0
TgO_Genesis,22,06,0.0,0.0,0.0,0.6111,0.0,0.0,0.0,18.0,2.6842,0.0,0.0
TgO_Genesis,22,07,0.0,0.0,0.0,0.4375,0.0,0.0,0.0,16.0,2.5294,0.0,0.0
TgO_Genesis,22,08,0.0,0.0,0.0,0.6923,0.0,0.0,0.0,13.0,3.7857,0.0,0.0
TgO_Genesis,22,09,0.0,0.0,0.0,0.5,0.0,0.0,0.0,26.0,2.7407,0.0,0.0
TgO_Genesis,22,10,0.0,0.0,0.0,0.6,0.0,0.0,0.0,10.0,2.3636,0.0,0.0
TgO_Genesis,22,11,0.0,0.0,0.0,0.5455,0.0,0.0,0.0,11.0,2.9167,0.0,0.0
TgO_Genesis,22,12,0.0,0.0,0.0,0.7391,0.0,0.0,0.0,23.0,2.5417,0.0,0.0
TgO_Genesis,22,13,0.0,0.0,0.0,0.5,0.0,0.0,0.0,22.0,2.6522,0.0,0.0
TgO_Genesis,22,14,0.0,0.0,0.0,0.56,0.0,0.0,0.0,25.0,2.8846,0.0,0.0
TgO_Genesis,22,15,0.0,0.0,0.0,0.8571,0.0,0.0,0.0,7.0,3.375,0.0,0.0
TgO_Genesis,22,16,0.0,0.0,0.0,0.8235,0.0,0.0,0.0,17.0,2.6111,0.0,0.0
TgO_Genesis,22,17,0.0,0.0,0.0,0.7059,0.0,0.0,0.0,17.0,2.6667,0.0,0.0
TgO_Genesis,22,18,0.0,0.0,0.0,1.0,0.0,0.0,0.0,9.0,2.6,0.0,0.0
TgO_Genesis,22,19,0.0,0.0,0.0,0.3333,0.0,0.0,0.0,12.0,4.6923,0.0,0.0
TgO_Genesis,22,20,0.0,0.0,0.0,0.7333,0.0,0.0,0.0,15.0,3.25,0.0,0.0
TgO_Genesis,22,21,0.0,0.0,0.0,0.5,0.0,0.0,0.0,10.0,3.1818,0.0,0.0
TgO_Genesis,22,22,0.0,0.0,0.0,0.1,0.0,0.0,0.0,10.0,3.6364,0.0,0.0
TgO_Genesis,22,23,0.0,0.0,0.0,0.5455,0.0,0.0,0.0,11.0,3.8333,0.0,0.0
TgO_Genesis,22,24,0.0,0.0,0.0,0.2857,0.0,0.0,0.0,14.0,3.2667,0.0,0.0
TgO_Genesis,23,01,0.0,0.0,0.0,0.4,0.0,0.0,0.0,10.0,3.2727,0.0,0.0
TgO_Genesis,23,02,0.0,0.0,0.0,0.3333,0.0,0.0,0.0,12.0,4.6154,0.0,0.0
TgO_Genesis,23,03,0.0,0.0,0.0,0.7778,0.0,0.0,0.0,9.0,3.0,0.0,0.0
TgO_Genesis,23,04,0.0,0.0,0.0,0.75,0.0,0.0,0.0,12.0,3.0769,0.0,0.0
TgO_Genesis,23,05,0.0,0.0,0.0,0.7143,0.0,0.0,0.0,7.0,2.875,0.0,0.0
TgO_Genesis,23,06,0.0,0.0,0.0,0.6818,0.0,0.0,0.0,22.0,2.5217,0.0,0.0
TgO_Genesis,23,07,0.0,0.0,0.0,0.7143,0.0,0.0,0.0,7.0,2.5,0.0,0.0
TgO_Genesis,23,08,0.0,0.0,0.0,0.75,0.0,0.0,0.0,20.0,2.7619,0.0,0.0
TgO_Genesis,23,09,0.0,0.0,0.0,0.8,0.0,0.0,0.0,15.0,3.25,0.0,0.0
TgO_Genesis,23,10,0.0,0.0,0.0,0.6667,0.0,0.0,0.0,18.0,3.0526,0.0,0.0
TgO_Genesis,23,11,0.0,0.0,0.0,0.7222,0.0,0.0,0.0,18.0,2.6316,0.0,0.0
TgO_Genesis,23,12,0.0,0.0,0.0,0.8,0.0,0.0,0.0,5.0,2.5,0.0,0.0
TgO_Genesis,23,13,0.0,0.0,0.0,0.7692,0.0,0.0,0.0,26.0,2.8519,0.0,0.0
TgO_Genesis,23,14,0.0,0.0,0.0,0.5,0.0,0.0,0.0,6.0,3.4286,0.0,0.0
TgO_Genesis,23,15,0.0,0.0,0.0,0.9375,0.0,0.0,0.0,16.0,2.7059,0.0,0.0
TgO_Genesis,23,16,0.0,0.0,0.0,0.7143,0.0,0.0,0.0,21.0,3.5,0.0,0.0
TgO_Genesis,23,17,0.0,0.0,0.0,0.5333,0.0,0.0,0.0,15.0,3.375,0.0,0.0
TgO_Genesis,23,18,0.0,0.0,0.0,0.8889,0.0,0.0,0.0,9.0,3.2,0.0,0.0
TgO_Genesis,23,19,0.0,0.0,0.0,0.625,0.0,0.0,0.0,16.0,3.8824,0.0,0.0
TgO_Genesis,23,20,0.0,0.0,0.0,0.8,0.0,0.0,0.0,10.0,3.3636,0.0,0.0
TgO_Genesis,24,01,0.0,0.0,0.0,0.6667,0.0,0.0,0.0,9.0,2.7,0.0,0.0
TgO_Genesis,24,02,0.0,0.0,0.0,0.8462,0.0,0.0,0.0,13.0,3.1429,0.0,0.0
TgO_Genesis,24,03,0.0,0.0,0.0,0.9412,0.0,0.0,0.0,17.0,2.7222,0.0,0.0
TgO_Genesis,24,04,0.0,0.0,0.0,0.75,0.0,0.0,0.0,8.0,3.2222,0.0,0.0
TgO_Genesis,24,05,0.0,0.0,0.0,0.8889,0.0,0.0,0.0,18.0,2.7368,0.0,0.0
TgO_Genesis,24,06,0.0,0.0,0.0,0.7,0.0,0.0,0.0,10.0,3.0909,0.0,0.0
TgO_Genesis,24,07,0.0,0.0,0.0,0.72,0.0,0.0,0.0,25.0,2.6923,0.0,0.0
TgO_Genesis,24,08,0.0,0.0,0.0,0.875,0.0,0.0,0.0,16.0,2.4706,0.0,0.0
TgO_Genesis,24,09,0.0,0.0,0.0,0.7692,0.0,0.0,0.0,13.0,3.2143,0.0,0.0
TgO_Genesis,24,10,0.0,0.0,0.0,0.6111,0.0,0.0,0.0,18.0,3.1053,0.0,0.0
TgO_Genesis,24,11,0.0,0.0,0.0,0.8462,0.0,0.0,0.0,13.0,3.2143,0.0,0.0
TgO_Genesis,24,12,0.0,0.0,0.0,0.6667,0.0,0.0,0.0,15.0,3.3125,0.0,0.0
TgO_Genesis,24,13,0.0,0.0,0.0,0.9167,0.0,0.0,0.0,12.0,2.7692,0.0,0.0
TgO_Genesis,24,14,0.0,0.0,0.0,0.7083,0.0,0.0,0.0,24.0,3.0,0.0,0.0
TgO_Genesis,24,15,0.0,0.0,0.0,0.6,0.0,0.0,0.0,20.0,3.5714,0.0,0.0
TgO_Genesis,24,16,0.0,0.0,0.0,0.6667,0.0,0.0,0.0,15.0,2.8125,0.0,0.0
TgO_Genesis,24,17,0.0,0.0,0.0,0.8889,0.0,0.0,0.0,9.0,2.9,0.0,0.0
TgO_Genesis,24,18,0.0,0.0,0.0,0.6667,0.0,0.0,0.0,9.0,2.3,0.0,0.0
TgO_Genesis,24,19,0.0,0.0,0.0,0.8889,0.0,0.0,0.0,9.0,2.3,0.0,0.0
TgO_Genesis,24,20,0.0,0.0,0.0,0.7273,0.0,0.0,0.0,11.0,2.75,0.0,0.0
TgO_Genesis,24,21,0.0,0.0,0.0,1.0,0.0,0.0,0.0,11.0,2.4167,0.0,0.0
TgO_Genesis,24,22,0.0,0.0,0.0,0.7619,0.0,0.0,0.0,21.0,2.7727,0.0,0.0
TgO_Genesis,24,23,0.0,0.0,0.0,0.8462,0.0,0.0,0.0,13.0,3.0,0.0,0.0
TgO_Genesis,24,24,0.0,0.0,0.0,0.5556,0.0,0.0,0.0,9.0,3.9,0.0,0.0
TgO_Genesis,24,25,0.0,0.0,0.0,0.75,0.0,0.0,0.0,12.0,2.4615,0.0,0.0
TgO_Genesis,24,26,0.0,0.0,0.0,0.8,0.0,0.0,0.0,5.0,2.1667,0.0,0.0
TgO_Genesis,24,27,0.0,0.0,0.0,0.75,0.0,0.0,0.0,20.0,2.8571,0.0,0.0
TgO_Genesis,24,28,0.0,0.0,0.0,0.8571,0.0,0.0,0.0,7.0,2.375,0.0,0.0
TgO_Genesis,24,29,0.0,0.0,0.0,0.5455,0.0,0.0,0.0,11.0,2.8333,0.0,0.0
TgO_Genesis,24,30,0.0,0.0,0.0,0.7,0.0,0.0,0.0,30.0,2.7742,0.0,0.0
TgO_Genesis,24,31,0.0,0.0,0.0,0.8571,0.0,0.0,0.0,14.0,2.5333,0.0,0.0
TgO_Genesis,24,32,0.0,0.0,0.0,0.5625,0.0,0.0,0.0,16.0,2.2941,0.0,0.0
TgO_Genesis,24,33,0.0,0.0,0.0,0.6364,0.0,0.0,0.0,11.0,2.4167,0.0,0.0
TgO_Genesis,24,34,0.0,0.0,0.0,0.75,0.0,0.0,0.0,4.0,2.8,0.0,0.0
TgO_Genesis,24,35,0.0,0.0,0.0,0.375,0.0,0.0,0.0,16.0,2.2941,0.0,0.0
TgO_Genesis,24,36,0.0,0.0,0.0,0.6154,0.0,0.0,0.0,13.0,3.2143,0.0,0.0
TgO_Genesis,24,37,0.0,0.0,0.0,1.0,0.0,0.0,0.0,13.0,2.7143,0.0,0.0
TgO_Genesis,24,38,0.0,0.0,0.0,0.8571,0.0,0.0,0.0,7.0,2.875,0.0,0.0
TgO_Genesis,24,39,0.0,0.0,0.0,1.0,0.0,0.0,0.0,7.0,2.875,0.0,0.0
TgO_Genesis,24,40,0.0,0.0,0.0,0.7333,0.0,0.0,0.0,15.0,2.8125,0.0,0.0
TgO_Genesis,24,41,0.0,0.0,0.0,0.7143,0.0,0.0,0.0,14.0,2.5333,0.0,0.0
TgO_Genesis,24,42,0.0,0.0,0.0,0.8421,0.0,0.0,0.0,19.0,3.2,0.0,0.0
TgO_Genesis,24,43,0.0,0.0,0.0,0.8235,0.0,0.0,0.0,17.0,2.8333,0.0,0.0
TgO_Genesis,24,44,0.0,0.0,0.0,0.8571,0.0,0.0,0.0,14.0,2.6667,0.0,0.0
TgO_Genesis,24,45,0.0,0.0,0.0,0.6842,0.0,0.0,0.0,19.0,2.75,0.0,0.0
TgO_Genesis,24,46,0.0,0.0,0.0,0.5,0.0,0.0,0.0,14.0,2.3333,0.0,0.0
TgO_Genesis,24,47,0.0,0.0,0.0,0.5238,0.0,0.0,0.0,21.0,2.9091,0.0,0.0
TgO_Genesis,24,48,0.0,0.0,0.0,0.6316,0.0,0.0,0.0,19.0,3.25,0.0,0.0
TgO_Genesis,24,49,0.0,0.0,0.0,0.65,0.0,0.0,0.0,20.0,2.5714,0.0,0.0
TgO_Genesis,24,50,0.0,0.0,0.0,0.8125,0.0,0.0,0.0,16.0,3.0,0.0,0.0
TgO_Genesis,24,51,0.0,0.0,0.0,0.8333,0.0,0.0,0.0,12.0,3.0769,0.0,0.0
TgO_Genesis,24,52,0.0,0.0,0.0,0.8333,0.0,0.0,0.0,12.0,3.0,0.0,0.0
TgO_Genesis,24,53,0.0,0.0,0.0,0.5385,0.0,0.0,0.0,13.0,2.6429,0.0,0.0
TgO_Genesis,24,54,0.0,0.0,0.0,0.5833,0.0,0.0,0.0,12.0,2.2308,0.0,0.0
TgO_Genesis,24,55,0.0,0.0,0.0,0.9286,0.0,0.0,0.0,14.0,2.6,0.0,0.0
TgO_Genesis,24,56,0.0,0.0,0.0,0.7143,0.0,0.0,0.0,14.0,2.8667,0.0,0.0
TgO_Genesis,24,57,0.0,0.0,0.0,0.8571,0.0,0.0,0.0,7.0,2.5,0.0,0.0
TgO_Genesis,24,58,0.0,0.0,0.0,0.6,0.0,0.0,0.0,10.0,2.7273,0.0,0.0
TgO_Genesis,24,59,0.0,0.0,0.0,0.5455,0.0,0.0,0.0,11.0,3.3333,0.0,0.0
TgO_Genesis,24,60,0.0,0.0,0.0,0.6,0.0,0.0,0.0,15.0,2.6875,0.0,0.0
TgO_Genesis,24,61,0.0,0.0,0.0,0.5,0.0,0.0,0.0,14.0,2.5333,0.0,0.0
TgO_Genesis,24,62,0.0,0.0,0.0,0.8333,0.0,0.0,0.0,12.0,2.4615,0.0,0.0
TgO_Genesis,24,63,0.0,0.0,0.0,0.6923,0.0,0.0,0.0,13.0,2.7857,0.0,0.0
TgO_Genesis,24,64,0.0,0.0,0.0,0.5,0.0,0.0,0.0,10.0,2.4545,0.0,0.0
TgO_Genesis,24,65,0.0,0.0,0.0,0.8,0.0,0.0,0.0,15.0,2.8125,0.0,0.0
TgO_Genesis,24,66,0.0,0.0,0.0,0.7143,0.0,0.0,0.0,7.0,3.0,0.0,0.0
TgO_Genesis,24,67,0.0,0.0,0.0,0.4545,0.0,0.0,0.0,22.0,2.913,0.0,0.0
TgO_Genesis,25,01,0.0,0.0,0.0,0.3333,0.0,0.0,0.0,6.0,3.2857,0.0,0.0
TgO_Genesis,25,02,0.0,0.0,0.0,0.1429,0.0,0.0,0.0,14.0,3.4667,0.0,0.0
TgO_Genesis,25,03,0.0,0.0,0.0,0.5833,0.0,0.0,0.0,12.0,3.0769,0.0,0.0
TgO_Genesis,25,04,0.0,0.0,0.0,0.3636,0.0,0.0,0.0,11.0,3.1667,0.0,0.0
TgO_Genesis,25,05,0.0,0.0,0.0,0.5,0.0,0.0,0.0,6.0,3.7143,0.0,0.0
TgO_Genesis,25,06,0.0,0.0,0.0,0.75,0.0,0.0,0.0,16.0,3.5882,0.0,0.0
TgO_Genesis,25,07,0.0,0.0,0.0,0.6,0.0,0.0,0.0,10.0,2.7273,0.0,0.0
TgO_Genesis,25,08,0.0,0.0,0.0,0.6,0.0,0.0,0.0,10.0,2.5455,0.0,0.0
TgO_Genesis,25,09,0.0,0.0,0.0,0.5,0.0,0.0,0.0,14.0,3.5333,0.0,0.0
TgO_Genesis,25,10,0.0,0.0,0.0,0.8182,0.0,0.0,0.0,11.0,3.0,0.0,0.0
TgO_Genesis,25,11,0.0,0.0,0.0,0.7059,0.0,0.0,0.0,17.0,2.7222,0.0,0.0
TgO_Genesis,25,12,0.0,0.0,0.0,0.5455,0.0,0.0,0.0,11.0,5.0,0.0,0.0
TgO_Genesis,25,13,0.0,0.0,0.0,0.5,0.0,0.0,0.0,12.0,3.3846,0.0,0.0
TgO_Genesis,25,14,0.0,0.0,0.0,0.5,0.0,0.0,0.0,3.0,1.5,0.0,0.0
TgO_Genesis,25,15,0.0,0.0,0.0,0.2,0.0,0.0,0.0,5.0,3.3333,0.0,0.0
TgO_Genesis,25,16,0.0,0.0,0.0,0.8182,0.0,0.0,0.0,11.0,3.0833,0.0,0.0
TgO_Genesis,25,17,0.0,0.0,0.0,0.4167,0.0,0.0,0.0,12.0,2.5385,0.0,0.0
TgO_Genesis,25,18,0.0,0.0,0.0,0.5714,0.0,0.0,0.0,14.0,3.8,0.0,0.0
TgO_Genesis,25,19,0.0,0.0,0.0,0.5556,0.0,0.0,0.0,9.0,3.7,0.0,0.0
TgO_Genesis,25,20,0.0,0.0,0.0,0.6316,0.0,0.0,0.0,19.0,3.85,0.0,0.0
TgO_Genesis,25,21,0.0,0.0,0.0,0.5294,0.0,0.0,0.0,17.0,3.2778,0.0,0.0
TgO_Genesis,25,22,0.0,0.0,0.0,0.8571,0.0,0.0,0.0,14.0,2.7333,0.0,0.0
TgO_Genesis,25,23,0.0,0.0,0.0,0.6875,0.0,0.0,0.0,16.0,2.5882,0.0,0.0
TgO_Genesis,25,24,0.0,0.0,0.0,0.8333,0.0,0.0,0.0,6.0,2.2857,0.0,0.0
TgO_Genesis,25,25,0.0,0.0,0.0,0.7778,0.0,0.0,0.0,9.0,2.8,0.0,0.0
TgO_Genesis,25,26,0.0,0.0,0.0,0.7222,0.0,0.0,0.0,18.0,2.7895,0.0,0.0
TgO_Genesis,25,27,0.0,0.0,0.0,0.6429,0.0,0.0,0.0,14.0,3.5333,0.0,0.0
TgO_Genesis,25,28,0.0,0.0,0.0,0.5833,0.0,0.0,0.0,12.0,3.0769,0.0,0.0
TgO_Genesis,25,29,0.0,0.0,0.0,0.5556,0.0,0.0,0.0,9.0,3.4,0.0,0.0
TgO_Genesis,25,30,0.0,0.0,0.0,0.8125,0.0,0.0,0.0,16.0,3.7059,0.0,0.0
TgO_Genesis,25,31,0.0,0.0,0.0,0.7778,0.0,0.0,0.0,9.0,3.2,0.0,0.0
TgO_Genesis,25,32,0.0,0.0,0.0,0.7,0.0,0.0,0.0,10.0,2.9091,0.0,0.0
TgO_Genesis,25,33,0.0,0.0,0.0,0.5,0.0,0.0,0.0,12.0,3.3077,0.0,0.0
TgO_Genesis,25,34,0.0,0.0,0.0,0.4286,0.0,0.0,0.0,14.0,3.0667,0.0,0.0
TgO_Genesis,26,01,0.0,0.0,0.0,0.5625,0.0,0.0,0.0,16.0,4.0,0.0,0.0
TgO_Genesis,26,02,0.0,0.0,0.0,0.6364,0.0,0.0,0.0,11.0,3.1667,0.0,0.0
TgO_Genesis,26,03,0.0,0.0,0.0,0.6667,0.0,0.0,0.0,21.0,2.6364,0.0,0.0
TgO_Genesis,26,04,0.0,0.0,0.0,0.5882,0.0,0.0,0.0,17.0,2.3333,0.0,0.0
TgO_Genesis,26,05,0.0,0.0,0.0,0.7,0.0,0.0,0.0,10.0,3.1818,0.0,0.0
TgO_Genesis,26,06,0.0,0.0,0.0,0.5,0.0,0.0,0.0,3.0,2.5,0.0,0.0
TgO_Genesis,26,07,0.0,0.0,0.0,0.6522,0.0,0.0,0.0,23.0,3.25,0.0,0.0
TgO_Genesis,26,08,0.0,0.0,0.0,0.6316,0.0,0.0,0.0,19.0,3.4,0.0,0.0
TgO_Genesis,26,09,0.0,0.0,0.0,0.55,0.0,0.0,0.0,20.0,3.2857,0.0,0.0
TgO_Genesis,26,10,0.0,0.0,0.0,0.8333,0.0,0.0,0.0,18.0,3.0526,0.0,0.0
TgO_Genesis,26,11,0.0,0.0,0.0,0.75,0.0,0.0,0.0,12.0,2.9231,0.0,0.0
TgO_Genesis,26,12,0.0,0.0,0.0,0.5385,0.0,0.0,0.0,13.0,2.9286,0.0,0.0
TgO_Genesis,26,13,0.0,0.0,0.0,0.875,0.0,0.0,0.0,8.0,2.4444,0.0,0.0
TgO_Genesis,26,14,0.0,0.0,0.0,0.6364,0.0,0.0,0.0,11.0,2.5833,0.0,0.0
TgO_Genesis,26,15,0.0,0.0,0.0,0.75,0.0,0.0,0.0,12.0,2.7692,0.0,0.0
TgO_Genesis,26,16,0.0,0.0,0.0,0.6667,0.0,0.0,0.0,9.0,3.7,0.0,0.0
TgO_Genesis,26,17,0.0,0.0,0.0,0.5,0.0,0.0,0.0,8.0,2.7778,0.0,0.0
TgO_Genesis,26,18,0.0,0.0,0.0,0.56,0.0,0.0,0.0,25.0,3.2692,0.0,0.0
TgO_Genesis,26,19,0.0,0.0,0.0,0.7778,0.0,0.0,0.0,9.0,2.8,0.0,0.0
TgO_Genesis,26,20,0.0,0.0,0.0,0.625,0.0,0.0,0.0,16.0,3.1176,0.0,0.0
TgO_Genesis,26,21,0.0,0.0,0.0,0.6667,0.0,0.0,0.0,9.0,2.8,0.0,0.0
TgO_Genesis,26,22,0.0,0.0,0.0,0.6316,0.0,0.0,0.0,19.0,2.8,0.0,0.0
TgO_Genesis,26,23,0.0,0.0,0.0,0.5,0.0,0.0,0.0,3.0,4.25,0.0,0.0
TgO_Genesis,26,24,0.0,0.0,0.0,0.6818,0.0,0.0,0.0,22.0,2.8696,0.0,0.0
TgO_Genesis,26,25,0.0,0.0,0.0,0.5714,0.0,0.0,0.0,14.0,2.8,0.0,0.0
TgO_Genesis,26,26,0.0,0.0,0.0,0.75,0.0,0.0,0.0,8.0,2.4444,0.0,0.0
TgO_Genesis,26,27,0.0,0.0,0.0,0.7273,0.0,0.0,0.0,11.0,3.3333,0.0,0.0
TgO_Genesis,26,28,0.0,0.0,0.0,0.7,0.0,0.0,0.0,20.0,2.6667,0.0,0.0
TgO_Genesis,26,29,0.0,0.0,0.0,0.8889,0.0,0.0,0.0,18.0,2.7895,0.0,0.0
TgO_Genesis,26,30,0.0,0.0,0.0,0.4,0.0,0.0,0.0,5.0,2.6667,0.0,0.0
TgO_Genesis,26,31,0.0,0.0,0.0,0.5,0.0,0.0,0.0,10.0,2.4545,0.0,0.0
TgO_Genesis,26,32,0.0,0.0,0.0,0.6,0.0,0.0,0.0,15.0,3.1875,0.0,0.0
TgO_Genesis,26,33,0.0,0.0,0.0,0.9,0.0,0.0,0.0,10.0,3.3636,0.0,0.0
TgO_Genesis,26,34,0.0,0.0,0.0,0.4706,0.0,0.0,0.0,17.0,4.0556,0.0,0.0
TgO_Genesis,26,35,0.0,0.0,0.0,0.5714,0.0,0.0,0.0,7.0,2.625,0.0,0.0
TgO_Genesis,27,01,0.0,0.0,0.0,0.5556,0.0,0.0,0.0,18.0,2.9474,0.0,0.0
TgO_Genesis,27,02,0.0,0.0,0.0,0.7692,0.0,0.0,0.0,13.0,2.5714,0.0,0.0
TgO_Genesis,27,03,0.0,0.0,0.0,0.6364,0.0,0.0,0.0,11.0,2.4167,0.0,0.0
TgO_Genesis,27,04,0.0,0.0,0.0,0.6923,0.0,0.0,0.0,13.0,3.1429,0.0,0.0
TgO_Genesis,27,05,0.0,0.0,0.0,0.6667,0.0,0.0,0.0,15.0,3.5,0.0,0.0
TgO_Genesis,27,06,0.0,0.0,0.0,0.7143,0.0,0.0,0.0,14.0,2.9333,0.0,0.0
TgO_Genesis,27,07,0.0,0.0,0.0,0.5833,0.0,0.0,0.0,12.0,2.6923,0.0,0.0
TgO_Genesis,27,08,0.0,0.0,0.0,0.8,0.0,0.0,0.0,10.0,2.4545,0.0,0.0
TgO_Genesis,27,09,0.0,0.0,0.0,0.8333,0.0,0.0,0.0,18.0,2.6316,0.0,0.0
TgO_Genesis,27,10,0.0,0.0,0.0,0.8571,0.0,0.0,0.0,7.0,2.375,0.0,0.0
TgO_Genesis,27,11,0.0,0.0,0.0,0.5833,0.0,0.0,0.0,12.0,3.4615,0.0,0.0
TgO_Genesis,27,12,0.0,0.0,0.0,0.8333,0.0,0.0,0.0,12.0,2.4615,0.0,0.0
TgO_Genesis,27,13,0.0,0.0,0.0,0.7895,0.0,0.0,0.0,19.0,2.6,0.0,0.0
TgO_Genesis,27,14,0.0,0.0,0.0,0.6,0.0,0.0,0.0,10.0,2.5455,0.0,0.0
TgO_Genesis,27,15,0.0,0.0,0.0,0.6,0.0,0.0,0.0,15.0,2.875,0.0,0.0
TgO_Genesis,27,16,0.0,0.0,0.0,0.9091,0.0,0.0,0.0,11.0,2.4167,0.0,0.0
TgO_Genesis,27,17,0.0,0.0,0.0,0.7778,0.0,0.0,0.0,9.0,3.0,0.0,0.0
TgO_Genesis,27,18,0.0,0.0,0.0,0.7273,0.0,0.0,0.0,11.0,2.0833,0.0,0.0
TgO_Genesis,27,19,0.0,0.0,0.0,0.8333,0.0,0.0,0.0,18.0,3.2105,0.0,0.0
TgO_Genesis,27,20,0.0,0.0,0.0,0.7857,0.0,0.0,0.0,14.0,2.6667,0.0,0.0
TgO_Genesis,27,21,0.0,0.0,0.0,0.6154,0.0,0.0,0.0,13.0,3.1429,0.0,0.0
TgO_Genesis,27,22,0.0,0.0,0.0,0.3333,0.0,0.0,0.0,15.0,3.25,0.0,0.0
TgO_Genesis,27,23,0.0,0.0,0.0,0.7,0.0,0.0,0.0,10.0,3.0,0.0,0.0
TgO_Genesis,27,24,0.0,0.0,0.0,0.7143,0.0,0.0,0.0,7.0,2.625,0.0,0.0
TgO_Genesis,27,25,0.0,0.0,0.0,0.5625,0.0,0.0,0.0,16.0,2.5294,0.0,0.0
TgO_Genesis,27,26,0.0,0.0,0.0,0.5556,0.0,0.0,0.0,9.0,2.7,0.0,0.0
TgO_Genesis,27,27,0.0,0.0,0.0,0.625,0.0,0.0,0.0,16.0,2.4706,0.0,0.0
TgO_Genesis,27,28,0.0,0.0,0.0,0.6,0.0,0.0,0.0,10.0,2.4545,0.0,0.0
TgO_Genesis,27,29,0.0,0.0,0.0,0.6111,0.0,0.0,0.0,18.0,2.5263,0.0,0.0
TgO_Genesis,27,30,0.0,0.0,0.0,0.65,0.0,0.0,0.0,20.0,3.4286,0.0,0.0
TgO_Genesis,27,31,0.0,0.0,0.0,0.6875,0.0,0.0,0.0,16.0,2.4118,0.0,0.0
TgO_Genesis,27,32,0.0,0.0,0.0,0.6364,0.0,0.0,0.0,11.0,3.0833,0.0,0.0
TgO_Genesis,27,33,0.0,0.0,0.0,0.6818,0.0,0.0,0.0,22.0,2.8261,0.0,0.0
TgO_Genesis,27,34,0.0,0.0,0.0,0.7222,0.0,0.0,0.0,18.0,2.5789,0.0,0.0
TgO_Genesis,27,35,0.0,0.0,0.0,0.8333,0.0,0.0,0.0,6.0,2.1429,0.0,0.0
TgO_Genesis,27,36,0.0,0.0,0.0,0.7143,0.0,0.0,0.0,21.0,3.0455,0.0,0.0
TgO_Genesis,27,37,0.0,0.0,0.0,0.5652,0.0,0.0,0.0,23.0,3.0,0.0,0.0
TgO_Genesis,27,38,0.0,0.0,0.0,0.5625,0.0,0.0,0.0,16.0,2.5882,0.0,0.0
TgO_Genesis,27,39,0.0,0.0,0.0,0.6923,0.0,0.0,0.0,13.0,3.0714,0.0,0.0
TgO_Genesis,27,40,0.0,0.0,0.0,0.8235,0.0,0.0,0.0,17.0,2.5556,0.0,0.0
TgO_Genesis,27,41,0.0,0.0,0.0,0.6,0.0,0.0,0.0,20.0,3.0476,0.0,0.0
TgO_Genesis,27,42,0.0,0.0,0.0,0.5,0.0,0.0,0.0,20.0,3.1429,0.0,0.0
TgO_Genesis,27,43,0.0,0.0,0.0,0.6364,0.0,0.0,0.0,11.0,2.9167,0.0,0.0
TgO_Genesis,27,44,0.0,0.0,0.0,1.0,0.0,0.0,0.0,8.0,2.3333,0.0,0.0
TgO_Genesis,27,45,0.0,0.0,0.0,0.7368,0.0,0.0,0.0,19.0,2.45,0.0,0.0
TgO_Genesis,27,46,0.0,0.0,0.0,0.6818,0.0,0.0,0.0,22.0,3.4783,0.0,0.0
TgO_Genesis,28,01,0.0,0.0,0.0,0.4615,0.0,0.0,0.0,13.0,3.2857,0.0,0.0
TgO_Genesis,28,02,0.0,0.0,0.0,0.625,0.0,0.0,0.0,16.0,3.2941,0.0,0.0
TgO_Genesis,28,03,0.0,0.0,0.0,0.7778,0.0,0.0,0.0,9.0,2.5,0.0,0.0
TgO_Genesis,28,04,0.0,0.0,0.0,0.5625,0.0,0.0,0.0,16.0,3.5882,0.0,0.0
TgO_Genesis,28,05,0.0,0.0,0.0,0.4118,0.0,0.0,0.0,17.0,4.2778,0.0,0.0
TgO_Genesis,28,06,0.0,0.0,0.0,0.5,0.0,0.0,0.0,26.0,3.4074,0.0,0.0
TgO_Genesis,28,07,0.0,0.0,0.0,0.4,0.0,0.0,0.0,10.0,3.0,0.0,0.0
TgO_Genesis,28,08,0.0,0.0,0.0,0.6667,0.0,0.0,0.0,9.0,3.4,0.0,0.0
TgO_Genesis,28,09,0.0,0.0,0.0,0.5294,0.0,0.0,0.0,17.0,4.2222,0.0,0.0
TgO_Genesis,28,10,0.0,0.0,0.0,0.4,0.0,0.0,0.0,5.0,3.0,0.0,0.0
TgO_Genesis,28,11,0.0,0.0,0.0,0.6667,0.0,0.0,0.0,15.0,2.375,0.0,0.0
TgO_Genesis,28,12,0.0,0.0,0.0,0.625,0.0,0.0,0.0,16.0,2.8235,0.0,0.0
TgO_Genesis,28,13,0.0,0.0,0.0,0.65,0.0,0.0,0.0,20.0,3.1429,0.0,0.0
TgO_Genesis,28,14,0.0,0.0,0.0,0.5294,0.0,0.0,0.0,17.0,2.3889,0.0,0.0
TgO_Genesis,28,15,0.0,0.0,0.0,0.8333,0.0,0.0,0.0,18.0,2.4211,0.0,0.0
TgO_Genesis,28,16,0.0,0.0,0.0,0.8125,0.0,0.0,0.0,16.0,2.6471,0.0,0.0
TgO_Genesis,28,17,0.0,0.0,0.0,0.8,0.0,0.0,0.0,20.0,3.1429,0.0,0.0
TgO_Genesis,28,18,0.0,0.0,0.0,0.6667,0.0,0.0,0.0,15.0,2.5625,0.0,0.0
TgO_Genesis,28,19,0.0,0.0,0.0,0.6364,0.0,0.0,0.0,11.0,3.4167,0.0,0.0
TgO_Genesis,28,20,0.0,0.0,0.0,0.7,0.0,0.0,0.0,20.0,2.619,0.0,0.0
TgO_Genesis,28,21,0.0,0.0,0.0,0.6667,0.0,0.0,0.0,9.0,2.8,0.0,0.0
TgO_Genesis,28,22,0.0,0.0,0.0,0.75,0.0,0.0,0.0,20.0,2.619,0.0,0.0
TgO_Genesis,29,01,0.0,0.0,0.0,0.7143,0.0,0.0,0.0,7.0,2.5,0.0,0.0
TgO_Genesis,29,02,0.0,0.0,0.0,0.6818,0.0,0.0,0.0,22.0,2.4783,0.0,0.0
TgO_Genesis,29,03,0.0,0.0,0.0,0.6,0.0,0.0,0.0,20.0,2.381,0.0,0.0
TgO_Genesis,29,04,0.0,0.0,0.0,0.6667,0.0,0.0,0.0,9.0,3.4,0.0,0.0
TgO_Genesis,29,05,0.0,0.0,0.0,0.5556,0.0,0.0,0.0,9.0,3.0,0.0,0.0
TgO_Genesis,29,06,0.0,0.0,0.0,0.5,0.0,0.0,0.0,12.0,2.8462,0.0,0.0
TgO_Genesis,29,07,0.0,0.0,0.0,0.9286,0.0,0.0,0.0,14.0,2.5333,0.0,0.0
TgO_Genesis,29,08,0.0,0.0,0.0,0.8125,0.0,0.0,0.0,16.0,2.2941,0.0,0.0
TgO_Genesis,29,09,0.0,0.0,0.0,0.9167,0.0,0.0,0.0,12.0,2.3846,0.0,0.0
TgO_Genesis,29,10,0.0,0.0,0.0,0.4138,0.0,0.0,0.0,29.0,3.0,0.0,0.0
TgO_Genesis,29,11,0.0,0.0,0.0,0.4286,0.0,0.0,0.0,7.0,2.625,0.0,0.0
TgO_Genesis,29,12,0.0,0.0,0.0,0.4,0.0,0.0,0.0,15.0,2.8125,0.0,0.0
TgO_Genesis,29,13,0.0,0.0,0.0,0.4545,0.0,0.0,0.0,22.0,3.2609,0.0,0.0
TgO_Genesis,29,14,0.0,0.0,0.0,0.6364,0.0,0.0,0.0,11.0,2.75,0.0,0.0
TgO_Genesis,29,15,0.0,0.0,0.0,0.7273,0.0,0.0,0.0,11.0,3.1667,0.0,0.0
TgO_Genesis,29,16,0.0,0.0,0.0,0.6667,0.0,0.0,0.0,9.0,3.0,0.0,0.0
TgO_Genesis,29,17,0.0,0.0,0.0,0.5556,0.0,0.0,0.0,9.0,2.6,0.0,0.0
TgO_Genesis,29,18,0.0,0.0,0.0,0.7273,0.0,0.0,0.0,11.0,3.0,0.0,0.0
TgO_Genesis,29,19,0.0,0.0,0.0,0.75,0.0,0.0,0.0,12.0,2.6154,0.0,0.0
TgO_Genesis,29,20,0.0,0.0,0.0,0.6667,0.0,0.0,0.0,12.0,2.8462,0.0,0.0
TgO_Genesis,29,21,0.0,0.0,0.0,0.75,0.0,0.0,0.0,12.0,3.3846,0.0,0.0
TgO_Genesis,29,22,0.0,0.0,0.0,0.75,0.0,0.0,0.0,8.0,2.5556,0.0,0.0
TgO_Genesis,29,23,0.0,0.0,0.0,0.4545,0.0,0.0,0.0,11.0,2.3333,0.0,0.0
TgO_Genesis,29,24,0.0,0.0,0.0,0.5556,0.0,0.0,0.0,9.0,3.5,0.0,0.0
TgO_Genesis,29,25,0.0,0.0,0.0,0.5556,0.0,0.0,0.0,18.0,2.6316,0.0,0.0
TgO_Genesis,29,26,0.0,0.0,0.0,0.9,0.0,0.0,0.0,10.0,2.5455,0.0,0.0
TgO_Genesis,29,27,0.0,0.0,0.0,0.8667,0.0,0.0,0.0,15.0,2.625,0.0,0.0
TgO_Genesis,29,28,0.0,0.0,0.0,0.5385,0.0,0.0,0.0,13.0,3.1429,0.0,0.0
TgO_Genesis,29,29,0.0,0.0,0.0,0.5,0.0,0.0,0.0,8.0,3.5556,0.0,0.0
TgO_Genesis,29,30,0.0,0.0,0.0,0.6667,0.0,0.0,0.0,15.0,2.6875,0.0,0.0
TgO_Genesis,29,31,0.0,0.0,0.0,0.6364,0.0,0.0,0.0,11.0,3.0,0.0,0.0
TgO_Genesis,29,32,0.0,0.0,0.0,0.6667,0.0,0.0,0.0,18.0,3.0,0.0,0.0
TgO_Genesis,29,33,0.0,0.0,0.0,0.619,0.0,0.0,0.0,21.0,2.6818,0.0,0.0
TgO_Genesis,29,34,0.0,0.0,0.0,0.5909,0.0,0.0,0.0,22.0,2.8696,0.0,0.0
TgO_Genesis,29,35,0.0,0.0,0.0,0.75,0.0,0.0,0.0,16.0,2.7647,0.0,0.0
TgO_Genesis,30,01,0.0,0.0,0.0,0.5556,0.0,0.0,0.0,18.0,3.3158,0.0,0.0
TgO_Genesis,30,02,0.0,0.0,0.0,0.8125,0.0,0.0,0.0,16.0,3.2353,0.0,0.0
TgO_Genesis,30,03,0.0,0.0,0.0,0.7692,0.0,0.0,0.0,13.0,2.5714,0.0,0.0
TgO_Genesis,30,04,0.0,0.0,0.0,0.5556,0.0,0.0,0.0,9.0,3.4,0.0,0.0
TgO_Genesis,30,05,0.0,0.0,0.0,0.4,0.0,0.0,0.0,5.0,3.5,0.0,0.0
TgO_Genesis,30,06,0.0,0.0,0.0,0.6,0.0,0.0,0.0,15.0,3.0,0.0,0.0
TgO_Genesis,30,07,0.0,0.0,0.0,0.5556,0.0,0.0,0.0,9.0,3.9,0.0,0.0
TgO_Genesis,30,08,0.0,0.0,0.0,0.5714,0.0,0.0,0.0,21.0,2.9091,0.0,0.0
TgO_Genesis,30,09,0.0,0.0,0.0,0.5385,0.0,0.0,0.0,13.0,3.2143,0.0,0.0
TgO_Genesis,30,10,0.0,0.0,0.0,0.5,0.0,0.0,0.0,6.0,4.1429,0.0,0.0
TgO_Genesis,30,11,0.0,0.0,0.0,0.5,0.0,0.0,0.0,8.0,2.5556,0.0,0.0
TgO_Genesis,30,12,0.0,0.0,0.0,0.5714,0.0,0.0,0.0,7.0,4.25,0.0,0.0
TgO_Genesis,30,13,0.0,0.0,0.0,0.6923,0.0,0.0,0.0,13.0,3.1429,0.0,0.0
TgO_Genesis,30,14,0.0,0.0,0.0,0.55,0.0,0.0,0.0,20.0,3.1429,0.0,0.0
TgO_Genesis,30,15,0.0,0.0,0.0,0.65,0.0,0.0,0.0,20.0,2.6667,0.0,0.0
TgO_Genesis,30,16,0.0,0.0,0.0,0.6,0.0,0.0,0.0,20.0,2.8095,0.0,0.0
TgO_Genesis,30,17,0.0,0.0,0.0,0.6,0.0,0.0,0.0,10.0,3.4545,0.0,0.0
TgO_Genesis,30,18,0.0,0.0,0.0,0.5833,0.0,0.0,0.0,12.0,3.3077,0.0,0.0
TgO_Genesis,30,19,0.0,0.0,0.0,0.5714,0.0,0.0,0.0,7.0,3.625,0.0,0.0
TgO_Genesis,30,20,0.0,0.0,0.0,0.7083,0.0,0.0,0.0,24.0,2.92,0.0,0.0
TgO_Genesis,30,21,0.0,0.0,0.0,0.75,0.0,0.0,0.0,8.0,2.5556,0.0,0.0
TgO_Genesis,30,22,0.0,0.0,0.0,0.5455,0.0,0.0,0.0,11.0,3.1667,0.0,0.0
TgO_Genesis,30,23,0.0,0.0,0.0,0.75,0.0,0.0,0.0,8.0,2.1111,0.0,0.0
TgO_Genesis,30,24,0.0,0.0,0.0,0.8,0.0,0.0,0.0,10.0,2.8182,0.0,0.0
TgO_Genesis,30,25,0.0,0.0,0.0,0.4615,0.0,0.0,0.0,13.0,3.2857,0.0,0.0
TgO_Genesis,30,26,0.0,0.0,0.0,0.7333,0.0,0.0,0.0,15.0,2.5625,0.0,0.0
TgO_Genesis,30,27,0.0,0.0,0.0,0.8333,0.0,0.0,0.0,12.0,3.0,0.0,0.0
TgO_Genesis,30,28,0.0,0.0,0.0,0.8,0.0,0.0,0.0,5.0,2.0,0.0,0.0
TgO_Genesis,30,29,0.0,0.0,0.0,0.8,0.0,0.0,0.0,10.0,2.5455,0.0,0.0
TgO_Genesis,30,30,0.0,0.0,0.0,0.8235,0.0,0.0,0.0,17.0,2.7222,0.0,0.0
TgO_Genesis,30,31,0.0,0.0,0.0,0.7,0.0,0.0,0.0,20.0,2.8095,0.0,0.0
TgO_Genesis,30,32,0.0,0.0,0.0,0.6,0.0,0.0,0.0,20.0,2.5714,0.0,0.0
TgO_Genesis,30,33,0.0,0.0,0.0,0.75,0.0,0.0,0.0,20.0,2.4762,0.0,0.0
TgO_Genesis,30,34,0.0,0.0,0.0,0.8333,0.0,0.0,0.0,6.0,2.5714,0.0,0.0
TgO_Genesis,30,35,0.0,0.0,0.0,0.5909,0.0,0.0,0.0,22.0,2.4348,0.0,0.0
TgO_Genesis,30,36,0.0,0.0,0.0,0.6923,0.0,0.0,0.0,13.0,3.0714,0.0,0.0
TgO_Genesis,30,37,0.0,0.0,0.0,0.6875,0.0,0.0,0.0,16.0,3.1765,0.0,0.0
TgO_Genesis,30,38,0.0,0.0,0.0,0.7059,0.0,0.0,0.0,17.0,2.8889,0.0,0.0
TgO_Genesis,30,39,0.0,0.0,0.0,0.625,0.0,0.0,0.0,8.0,2.2222,0.0,0.0
TgO_Genesis,30,40,0.0,0.0,0.0,0.5238,0.0,0.0,0.0,21.0,3.0909,0.0,0.0
TgO_Genesis,30,41,0.0,0.0,0.0,0.5882,0.0,0.0,0.0,17.0,2.7778,0.0,0.0
TgO_Genesis,30,42,0.0,0.0,0.0,0.5556,0.0,0.0,0.0,9.0,3.4,0.0,0.0
TgO_Genesis,30,43,0.0,0.0,0.0,0.4167,0.0,0.0,0.0,12.0,2.4615,0.0,0.0
TgO_Genesis,31,01,0.0,0.0,0.0,0.6667,0.0,0.0,0.0,18.0,2.8947,0.0,0.0
TgO_Genesis,31,02,0.0,0.0,0.0,0.6,0.0,0.0,0.0,10.0,2.9091,0.0,0.0
TgO_Genesis,31,03,0.0,0.0,0.0,0.7,0.0,0.0,0.0,10.0,2.9091,0.0,0.0
TgO_Genesis,31,04,0.0,0.0,0.0,0.5,0.0,0.0,0.0,8.0,3.1111,0.0,0.0
TgO_Genesis,31,05,0.0,0.0,0.0,0.7647,0.0,0.0,0.0,17.0,2.8333,0.0,0.0
TgO_Genesis,31,06,0.0,0.0,0.0,1.0,0.0,0.0,0.0,8.0,2.2222,0.0,0.0
TgO_Genesis,31,07,0.0,0.0,0.0,0.8462,0.0,0.0,0.0,13.0,2.3571,0.0,0.0
TgO_Genesis,31,08,0.0,0.0,0.0,0.4545,0.0,0.0,0.0,22.0,2.7826,0.0,0.0
TgO_Genesis,31,09,0.0,0.0,0.0,0.7143,0.0,0.0,0.0,7.0,2.375,0.0,0.0
TgO_Genesis,31,10,0.0,0.0,0.0,0.6875,0.0,0.0,0.0,16.0,2.4706,0.0,0.0
TgO_Genesis,31,11,0.0,0.0,0.0,0.625,0.0,0.0,0.0,8.0,2.7778,0.0,0.0
TgO_Genesis,31,12,0.0,0.0,0.0,0.7619,0.0,0.0,0.0,21.0,2.8182,0.0,0.0
TgO_Genesis,31,13,0.0,0.0,0.0,0.8261,0.0,0.0,0.0,23.0,2.9583,0.0,0.0
TgO_Genesis,31,14,0.0,0.0,0.0,0.4545,0.0,0.0,0.0,11.0,2.8333,0.0,0.0
TgO_Genesis,31,15,0.0,0.0,0.0,0.9091,0.0,0.0,0.0,11.0,2.75,0.0,0.0
TgO_Genesis,31,16,0.0,0.0,0.0,0.8,0.0,0.0,0.0,15.0,2.5625,0.0,0.0
TgO_Genesis,31,17,0.0,0.0,0.0,0.6667,0.0,0.0,0.0,9.0,2.6,0.0,0.0
TgO_Genesis,31,18,0.0,0.0,0.0,0.5789,0.0,0.0,0.0,19.0,3.05,0.0,0.0
TgO_Genesis,31,19,0.0,0.0,0.0,0.7,0.0,0.0,0.0,10.0,2.5455,0.0,0.0
TgO_Genesis,31,20,0.0,0.0,0.0,0.75,0.0,0.0,0.0,12.0,3.4615,0.0,0.0
TgO_Genesis,31,21,0.0,0.0,0.0,0.4615,0.0,0.0,0.0,13.0,2.9286,0.0,0.0
TgO_Genesis,31,22,0.0,0.0,0.0,0.7143,0.0,0.0,0.0,7.0,3.75,0.0,0.0
TgO_Genesis,31,23,0.0,0.0,0.0,0.6923,0.0,0.0,0.0,13.0,2.7143,0.0,0.0
TgO_Genesis,31,24,0.0,0.0,0.0,0.7143,0.0,0.0,0.0,21.0,3.5455,0.0,0.0
TgO_Genesis,31,25,0.0,0.0,0.0,0.4667,0.0,0.0,0.0,15.0,3.0625,0.0,0.0
TgO_Genesis,31,26,0.0,0.0,0.0,0.6667,0.0,0.0,0.0,12.0,2.8462,0.0,0.0
TgO_Genesis,31,27,0.0,0.0,0.0,0.5714,0.0,0.0,0.0,14.0,2.2667,0.0,0.0
TgO_Genesis,31,28,0.0,0.0,0.0,1.0,0.0,0.0,0.0,8.0,2.4444,0.0,0.0
TgO_Genesis,31,29,0.0,0.0,0.0,0.6818,0.0,0.0,0.0,22.0,2.7826,0.0,0.0
TgO_Genesis,31,30,0.0,0.0,0.0,0.8182,0.0,0.0,0.0,11.0,2.9167,0.0,0.0
TgO_Genesis,31,31,0.0,0.0,0.0,0.6923,0.0,0.0,0.0,13.0,3.1429,0.0,0.0
TgO_Genesis,31,32,0.0,0.0,0.0,0.7143,0.0,0.0,0.0,21.0,3.0,0.0,0.0
TgO_Genesis,31,33,0.0,0.0,0.0,0.3529,0.0,0.0,0.0,17.0,3.6111,0.0,0.0
TgO_Genesis,31,34,0.0,0.0,0.0,0.625,0.0,0.0,0.0,16.0,2.5294,0.0,0.0
TgO_Genesis,31,35,0.0,0.0,0.0,0.8,0.0,0.0,0.0,20.0,2.9524,0.0,0.0
TgO_Genesis,31,36,0.0,0.0,0.0,0.5556,0.0,0.0,0.0,18.0,3.2105,0.0,0.0
TgO_Genesis,31,37,0.0,0.0,0.0,0.8889,0.0,0.0,0.0,18.0,2.4737,0.0,0.0
TgO_Genesis,31,38,0.0,0.0,0.0,0.8462,0.0,0.0,0.0,13.0,2.5,0.0,0.0
TgO_Genesis,31,39,0.0,0.0,0.0,0.7778,0.0,0.0,0.0,18.0,2.5789,0.0,0.0
TgO_Genesis,31,40,0.0,0.0,0.0,0.75,0.0,0.0,0.0,12.0,2.3077,0.0,0.0
TgO_Genesis,31,41,0.0,0.0,0.0,0.6667,0.0,0.0,0.0,18.0,2.8947,0.0,0.0
TgO_Genesis,31,42,0.0,0.0,0.0,0.6923,0.0,0.0,0.0,26.0,3.3704,0.0,0.0
TgO_Genesis,31,43,0.0,0.0,0.0,0.5833,0.0,0.0,0.0,24.0,3.0,0.0,0.0
TgO_Genesis,31,44,0.0,0.0,0.0,0.7,0.0,0.0,0.0,10.0,2.3636,0.0,0.0
TgO_Genesis,31,45,0.0,0.0,0.0,0.6,0.0,0.0,0.0,5.0,2.3333,0.0,0.0
TgO_Genesis,31,46,0.0,0.0,0.0,0.5385,0.0,0.0,0.0,13.0,2.7857,0.0,0.0
TgO_Genesis,31,47,0.0,0.0,0.0,0.5,0.0,0.0,0.0,8.0,3.4,0.0,0.0
TgO_Genesis,31,48,0.0,0.0,0.0,0.6154,0.0,0.0,0.0,13.0,3.6,0.0,0.0
TgO_Genesis,31,49,0.0,0.0,0.0,0.8462,0.0,0.0,0.0,13.0,2.6429,0.0,0.0
TgO_Genesis,31,50,0.0,0.0,0.0,0.8889,0.0,0.0,0.0,18.0,2.6316,0.0,0.0
TgO_Genesis,31,51,0.0,0.0,0.0,0.6364,0.0,0.0,0.0,11.0,2.9167,0.0,0.0
TgO_Genesis,31,52,0.0,0.0,0.0,0.56,0.0,0.0,0.0,25.0,2.7308,0.0,0.0
TgO_Genesis,31,53,0.0,0.0,0.0,0.4286,0.0,0.0,0.0,14.0,3.8,0.0,0.0
TgO_Genesis,31,54,0.0,0.0,0.0,0.5,0.0,0.0,0.0,12.0,2.6154,0.0,0.0
TgO_Genesis,32,01,0.0,0.0,0.0,0.4167,0.0,0.0,0.0,12.0,2.3846,0.0,0.0
TgO_Genesis,32,02,0.0,0.0,0.0,0.8571,0.0,0.0,0.0,7.0,2.5,0.0,0.0
TgO_Genesis,32,03,0.0,0.0,0.0,0.7143,0.0,0.0,0.0,14.0,3.3333,0.0,0.0
TgO_Genesis,32,04,0.0,0.0,0.0,0.6364,0.0,0.0,0.0,11.0,4.0833,0.0,0.0
TgO_Genesis,32,05,0.0,0.0,0.0,0.7059,0.0,0.0,0.0,17.0,3.2222,0.0,0.0
TgO_Genesis,32,06,0.0,0.0,0.0,0.6154,0.0,0.0,0.0,13.0,2.5,0.0,0.0
TgO_Genesis,32,07,0.0,0.0,0.0,0.5882,0.0,0.0,0.0,17.0,3.0556,0.0,0.0
TgO_Genesis,32,08,0.0,0.0,0.0,0.5,0.0,0.0,0.0,16.0,2.7059,0.0,0.0
TgO_Genesis,32,09,0.0,0.0,0.0,0.7273,0.0,0.0,0.0,11.0,3.0,0.0,0.0
TgO_Genesis,32,10,0.0,0.0,0.0,0.5,0.0,0.0,0.0,16.0,2.8235,0.0,0.0
TgO_Genesis,32,11,0.0,0.0,0.0,0.8947,0.0,0.0,0.0,19.0,2.9,0.0,0.0
TgO_Genesis,32,12,0.0,0.0,0.0,0.8125,0.0,0.0,0.0,16.0,2.8235,0.0,0.0
TgO_Genesis,32,13,0.0,0.0,0.0,0.8571,0.0,0.0,0.0,14.0,2.2,0.0,0.0
TgO_Genesis,32,14,0.0,0.0,0.0,0.6667,0.0,0.0,0.0,12.0,2.9231,0.0,0.0
TgO_Genesis,32,15,0.0,0.0,0.0,0.625,0.0,0.0,0.0,8.0,3.2222,0.0,0.0
TgO_Genesis,32,16,0.0,0.0,0.0,0.75,0.0,0.0,0.0,12.0,3.1538,0.0,0.0
TgO_Genesis,32,17,0.0,0.0,0.0,0.5625,0.0,0.0,0.0,16.0,2.7059,0.0,0.0
TgO_Genesis,32,18,0.0,0.0,0.0,0.6667,0.0,0.0,0.0,18.0,2.6316,0.0,0.0
TgO_Genesis,32,19,0.0,0.0,0.0,0.7692,0.0,0.0,0.0,13.0,4.0714,0.0,0.0
TgO_Genesis,32,20,0.0,0.0,0.0,0.7273,0.0,0.0,0.0,22.0,2.6087,0.0,0.0
TgO_Genesis,32,21,0.0,0.0,0.0,0.8571,0.0,0.0,0.0,21.0,3.0,0.0,0.0
TgO_Genesis,32,22,0.0,0.0,0.0,0.7778,0.0,0.0,0.0,9.0,2.7,0.0,0.0
TgO_Genesis,32,23,0.0,0.0,0.0,0.6471,0.0,0.0,0.0,17.0,2.7778,0.0,0.0
TgO_Genesis,32,24,0.0,0.0,0.0,0.4286,0.0,0.0,0.0,7.0,2.5,0.0,0.0
TgO_Genesis,32,25,0.0,0.0,0.0,0.8889,0.0,0.0,0.0,9.0,2.8,0.0,0.0
TgO_Genesis,32,26,0.0,0.0,0.0,0.5714,0.0,0.0,0.0,14.0,2.6,0.0,0.0
TgO_Genesis,32,27,0.0,0.0,0.0,0.7273,0.0,0.0,0.0,11.0,2.9167,0.0,0.0
TgO_Genesis,32,28,0.0,0.0,0.0,0.5,0.0,0.0,0.0,6.0,2.8571,0.0,0.0
TgO_Genesis,32,29,0.0,0.0,0.0,0.7895,0.0,0.0,0.0,19.0,2.95,0.0,0.0
TgO_Genesis,32,30,0.0,0.0,0.0,0.6667,0.0,0.0,0.0,15.0,2.4375,0.0,0.0
TgO_Genesis,32,31,0.0,0.0,0.0,0.7692,0.0,0.0,0.0,13.0,3.2857,0.0,0.0
TgO_Genesis,32,32,0.0,0.0,0.0,0.7692,0.0,0.0,0.0,13.0,3.1429,0.0,0.0
TgO_Genesis,32,33,0.0,0.0,0.0,0.7143,0.0,0.0,0.0,21.0,3.0455,0.0,0.0
TgO_Genesis,33,01,0.0,0.0,0.0,0.5238,0.0,0.0,0.0,21.0,3.0455,0.0,0.0
TgO_Genesis,33,02,0.0,0.0,0.0,0.4,0.0,0.0,0.0,15.0,3.125,0.0,0.0
TgO_Genesis,33,03,0.0,0.0,0.0,0.9167,0.0,0.0,0.0,12.0,2.3846,0.0,0.0
TgO_Genesis,33,04,0.0,0.0,0.0,0.4,0.0,0.0,0.0,10.0,3.0909,0.0,0.0
TgO_Genesis,33,05,0.0,0.0,0.0,0.5263,0.0,0.0,0.0,19.0,2.4,0.0,0.0
TgO_Genesis,33,06,0.0,0.0,0.0,0.6,0.0,0.0,0.0,5.0,2.3333,0.0,0.0
TgO_Genesis,33,07,0.0,0.0,0.0,0.3636,0.0,0.0,0.0,11.0,2.5,0.0,0.0
TgO_Genesis,33,08,0.0,0.0,0.0,0.8462,0.0,0.0,0.0,13.0,2.7143,0.0,0.0
TgO_Genesis,33,09,0.0,0.0,0.0,0.75,0.0,0.0,0.0,8.0,2.8889,0.0,0.0
TgO_Genesis,33,10,0.0,0.0,0.0,0.6957,0.0,0.0,0.0,23.0,3.0417,0.0,0.0
TgO_Genesis,33,11,0.0,0.0,0.0,0.7778,0.0,0.0,0.0,18.0,2.6316,0.0,0.0
TgO_Genesis,33,12,0.0,0.0,0.0,0.6,0.0,0.0,0.0,5.0,2.3333,0.0,0.0
TgO_Genesis,33,13,0.0,0.0,0.0,0.7222,0.0,0.0,0.0,18.0,2.5263,0.0,0.0
TgO_Genesis,33,14,0.0,0.0,0.0,0.7778,0.0,0.0,0.0,18.0,3.2632,0.0,0.0
TgO_Genesis,33,15,0.0,0.0,0.0,0.7333,0.0,0.0,0.0,15.0,2.75,0.0,0.0
TgO_Genesis,33,16,0.0,0.0,0.0,0.6667,0.0,0.0,0.0,6.0,3.8571,0.0,0.0
TgO_Genesis,33,17,0.0,0.0,0.0,0.6,0.0,0.0,0.0,15.0,3.375,0.0,0.0
TgO_Genesis,33,18,0.0,0.0,0.0,0.5714,0.0,0.0,0.0,14.0,3.6667,0.0,0.0
TgO_Genesis,33,19,0.0,0.0,0.0,0.8571,0.0,0.0,0.0,14.0,3.1333,0.0,0.0
TgO_Genesis,33,20,0.0,0.0,0.0,0.7778,0.0,0.0,0.0,9.0,2.9,0.0,0.0
TgO_Genesis,34,01,0.0,0.0,0.0,0.5556,0.0,0.0,0.0,9.0,3.7,0.0,0.0
TgO_Genesis,34,02,0.0,0.0,0.0,0.4615,0.0,0.0,0.0,13.0,2.5714,0.0,0.0
TgO_Genesis,34,03,0.0,0.0,0.0,0.7692,0.0,0.0,0.0,13.0,3.0,0.0,0.0
TgO_Genesis,34,04,0.0,0.0,0.0,0.7273,0.0,0.0,0.0,11.0,3.25,0.0,0.0
TgO_Genesis,34,05,0.0,0.0,0.0,0.75,0.0,0.0,0.0,16.0,2.6471,0.0,0.0
TgO_Genesis,34,06,0.0,0.0,0.0,0.625,0.0,0.0,0.0,8.0,3.1111,0.0,0.0
TgO_Genesis,34,07,0.0,0.0,0.0,0.75,0.0,0.0,0.0,24.0,2.8,0.0,0.0
TgO_Genesis,34,08,0.0,0.0,0.0,0.7857,0.0,0.0,0.0,14.0,2.9333,0.0,0.0
TgO_Genesis,34,09,0.0,0.0,0.0,0.5556,0.0,0.0,0.0,9.0,3.0,0.0,0.0
TgO_Genesis,34,10,0.0,0.0,0.0,0.5455,0.0,0.0,0.0,11.0,2.4167,0.0,0.0
TgO_Genesis,34,11,0.0,0.0,0.0,0.6,0.0,0.0,0.0,10.0,2.6364,0.0,0.0
TgO_Genesis,34,12,0.0,0.0,0.0,0.7143,0.0,0.0,0.0,14.0,2.9333,0.0,0.0
TgO_Genesis,34,13,0.0,0.0,0.0,0.5,0.0,0.0,0.0,14.0,3.0667,0.0,0.0
TgO_Genesis,34,14,0.0,0.0,0.0,0.8235,0.0,0.0,0.0,17.0,3.2778,0.0,0.0
TgO_Genesis,34,15,0.0,0.0,0.0,0.8182,0.0,0.0,0.0,11.0,3.0833,0.0,0.0
TgO_Genesis,34,16,0.0,0.0,0.0,0.4615,0.0,0.0,0.0,13.0,2.5714,0.0,0.0
TgO_Genesis,34,17,0.0,0.0,0.0,0.7778,0.0,0.0,0.0,9.0,2.1,0.0,0.0
TgO_Genesis,34,18,0.0,0.0,0.0,0.5,0.0,0.0,0.0,8.0,3.3333,0.0,0.0
TgO_Genesis,34,19,0.0,0.0,0.0,0.8667,0.0,0.0,0.0,15.0,2.9375,0.0,0.0
TgO_Genesis,34,20,0.0,0.0,0.0,0.6364,0.0,0.0,0.0,11.0,2.75,0.0,0.0
TgO_Genesis,34,21,0.0,0.0,0.0,0.6538,0.0,0.0,0.0,26.0,2.963,0.0,0.0
TgO_Genesis,34,22,0.0,0.0,0.0,0.7647,0.0,0.0,0.0,17.0,3.0,0.0,0.0
TgO_Genesis,34,23,0.0,0.0,0.0,0.75,0.0,0.0,0.0,12.0,2.9231,0.0,0.0
TgO_Genesis,34,24,0.0,0.0,0.0,0.4706,0.0,0.0,0.0,17.0,2.8333,0.0,0.0
TgO_Genesis,34,25,0.0,0.0,0.0,0.68,0.0,0.0,0.0,25.0,3.1538,0.0,0.0
TgO_Genesis,34,26,0.0,0.0,0.0,0.5,0.0,0.0,0.0,14.0,3.3333,0.0,0.0
TgO_Genesis,34,27,0.0,0.0,0.0,0.9,0.0,0.0,0.0,10.0,2.7273,0.0,0.0
TgO_Genesis,34,28,0.0,0.0,0.0,0.7273,0.0,0.0,0.0,11.0,2.3333,0.0,0.0
TgO_Genesis,34,29,0.0,0.0,0.0,0.5385,0.0,0.0,0.0,13.0,2.3571,0.0,0.0
TgO_Genesis,34,30,0.0,0.0,0.0,0.5833,0.0,0.0,0.0,24.0,2.68,0.0,0.0
TgO_Genesis,34,31,0.0,0.0,0.0,1.0,0.0,0.0,0.0,4.0,2.0,0.0,0.0
TgO_Genesis,35,01,0.0,0.0,0.0,0.6842,0.0,0.0,0.0,19.0,3.55,0.0,0.0
TgO_Genesis,35,02,0.0,0.0,0.0,0.6429,0.0,0.0,0.0,14.0,2.5333,0.0,0.0
TgO_Genesis,35,03,0.0,0.0,0.0,0.6316,0.0,0.0,0.0,19.0,2.95,0.0,0.0
TgO_Genesis,35,04,0.0,0.0,0.0,0.6111,0.0,0.0,0.0,18.0,3.1053,0.0,0.0
TgO_Genesis,35,05,0.0,0.0,0.0,0.7059,0.0,0.0,0.0,17.0,3.2222,0.0,0.0
TgO_Genesis,35,06,0.0,0.0,0.0,0.4545,0.0,0.0,0.0,11.0,3.5,0.0,0.0
TgO_Genesis,35,07,0.0,0.0,0.0,0.6875,0.0,0.0,0.0,16.0,3.1765,0.0,0.0
TgO_Genesis,35,08,0.0,0.0,0.0,0.5385,0.0,0.0,0.0,13.0,4.1429,0.0,0.0
TgO_Genesis,35,09,0.0,0.0,0.0,0.6667,0.0,0.0,0.0,9.0,3.2,0.0,0.0
TgO_Genesis,35,10,0.0,0.0,0.0,0.45,0.0,0.0,0.0,20.0,3.2857,0.0,0.0
TgO_Genesis,35,11,0.0,0.0,0.0,0.7222,0.0,0.0,0.0,18.0,2.4211,0.0,0.0
TgO_Genesis,35,12,0.0,0.0,0.0,0.5,0.0,0.0,0.0,12.0,3.0,0.0,0.0
TgO_Genesis,35,13,0.0,0.0,0.0,1.0,0.0,0.0,0.0,7.0,2.625,0.0,0.0
TgO_Genesis,35,14,0.0,0.0,0.0,0.7143,0.0,0.0,0.0,14.0,2.4,0.0,0.0
TgO_Genesis,35,15,0.0,0.0,0.0,0.8,0.0,0.0,0.0,10.0,3.2727,0.0,0.0
TgO_Genesis,35,16,0.0,0.0,0.0,0.6667,0.0,0.0,0.0,12.0,3.0,0.0,0.0
TgO_Genesis,35,17,0.0,0.0,0.0,0.6923,0.0,0.0,0.0,13.0,2.3571,0.0,0.0
TgO_Genesis,35,18,0.0,0.0,0.0,0.6923,0.0,0.0,0.0,13.0,2.9286,0.0,0.0
TgO_Genesis,35,19,0.0,0.0,0.0,0.4286,0.0,0.0,0.0,7.0,3.875,0.0,0.0
TgO_Genesis,35,20,0.0,0.0,0.0,0.6667,0.0,0.0,0.0,12.0,3.3077,0.0,0.0
TgO_Genesis,35,21,0.0,0.0,0.0,0.5714,0.0,0.0,0.0,7.0,4.125,0.0,0.0
TgO_Genesis,35,22,0.0,0.0,0.0,0.5263,0.0,0.0,0.0,19.0,3.25,0.0,0.0
TgO_Genesis,35,23,0.0,0.0,0.0,0.3,0.0,0.0,0.0,10.0,3.0,0.0,0.0
TgO_Genesis,35,24,0.0,0.0,0.0,0.5,0.0,0.0,0.0,4.0,3.0,0.0,0.0
TgO_Genesis,35,25,0.0,0.0,0.0,0.3333,0.0,0.0,0.0,6.0,3.2857,0.0,0.0
TgO_Genesis,35,26,0.0,0.0,0.0,0.4286,0.0,0.0,0.0,14.0,3.7333,0.0,0.0
TgO_Genesis,35,27,0.0,0.0,0.0,0.4615,0.0,0.0,0.0,13.0,4.2857,0.0,0.0
TgO_Genesis,35,28,0.0,0.0,0.0,0.6667,0.0,0.0,0.0,6.0,2.7143,0.0,0.0
TgO_Genesis,35,29,0.0,0.0,0.0,0.4615,0.0,0.0,0.0,13.0,2.5714,0.0,0.0
TgO_Genesis,36,01,0.0,0.0,0.0,0.6,0.0,0.0,0.0,5.0,3.8333,0.0,0.0
TgO_Genesis,36,02,0.0,0.0,0.0,0.4444,0.0,0.0,0.0,18.0,4.2632,0.0,0.0
TgO_Genesis,36,03,0.0,0.0,0.0,0.5,0.0,0.0,0.0,6.0,4.8571,0.0,0.0
TgO_Genesis,36,04,0.0,0.0,0.0,0.3333,0.0,0.0,0.0,9.0,4.0,0.0,0.0
TgO_Genesis,36,05,0.0,0.0,0.0,0.4,0.0,0.0,0.0,15.0,3.375,0.0,0.0
TgO_Genesis,36,06,0.0,0.0,0.0,0.5862,0.0,0.0,0.0,29.0,2.9667,0.0,0.0
TgO_Genesis,36,07,0.0,0.0,0.0,1.0,0.0,0.0,0.0,14.0,3.2,0.0,0.0
TgO_Genesis,36,08,0.0,0.0,0.0,0.4286,0.0,0.0,0.0,7.0,4.25,0.0,0.0
TgO_Genesis,36,09,0.0,0.0,0.0,0.7143,0.0,0.0,0.0,7.0,3.875,0.0,0.0
TgO_Genesis,36,10,0.0,0.0,0.0,0.2857,0.0,0.0,0.0,14.0,4.4,0.0,0.0
TgO_Genesis,36,11,0.0,0.0,0.0,0.25,0.0,0.0,0.0,8.0,3.6667,0.0,0.0
TgO_Genesis,36,12,0.0,0.0,0.0,0.5294,0.0,0.0,0.0,17.0,4.1667,0.0,0.0
TgO_Genesis,36,13,0.0,0.0,0.0,0.3846,0.0,0.0,0.0,13.0,3.7143,0.0,0.0
TgO_Genesis,36,14,0.0,0.0,0.0,0.3333,0.0,0.0,0.0,18.0,4.2105,0.0,0.0
TgO_Genesis,36,15,0.0,0.0,0.0,0.25,0.0,0.0,0.0,16.0,3.9412,0.0,0.0
TgO_Genesis,36,16,0.0,0.0,0.0,0.2857,0.0,0.0,0.0,14.0,4.0,0.0,0.0
TgO_Genesis,36,17,0.0,0.0,0.0,0.2609,0.0,0.0,0.0,23.0,3.9167,0.0,0.0
TgO_Genesis,36,18,0.0,0.0,0.0,0.3333,0.0,0.0,0.0,18.0,4.4737,0.0,0.0
TgO_Genesis,36,19,0.0,0.0,0.0,0.7143,0.0,0.0,0.0,7.0,3.25,0.0,0.0
TgO_Genesis,36,20,0.0,0.0,0.0,0.6,0.0,0.0,0.0,10.0,3.2727,0.0,0.0
TgO_Genesis,36,21,0.0,0.0,0.0,0.6,0.0,0.0,0.0,10.0,3.2727,0.0,0.0
TgO_Genesis,36,22,0.0,0.0,0.0,0.25,0.0,0.0,0.0,8.0,3.7778,0.0,0.0
TgO_Genesis,36,23,0.0,0.0,0.0,0.25,0.0,0.0,0.0,8.0,3.0,0.0,0.0
TgO_Genesis,36,24,0.0,0.0,0.0,0.6667,0.0,0.0,0.0,18.0,3.0526,0.0,0.0
TgO_Genesis,36,25,0.0,0.0,0.0,0.4286,0.0,0.0,0.0,7.0,3.375,0.0,0.0
TgO_Genesis,36,26,0.0,0.0,0.0,0.2857,0.0,0.0,0.0,7.0,2.75,0.0,0.0
TgO_Genesis,36,27,0.0,0.0,0.0,0.5,0.0,0.0,0.0,6.0,3.0,0.0,0.0
TgO_Genesis,36,28,0.0,0.0,0.0,0.6,0.0,0.0,0.0,5.0,2.8333,0.0,0.0
TgO_Genesis,36,29,0.0,0.0,0.0,0.2727,0.0,0.0,0.0,11.0,3.5833,0.0,0.0
TgO_Genesis,36,30,0.0,0.0,0.0,0.3333,0.0,0.0,0.0,12.0,3.6154,0.0,0.0
TgO_Genesis,36,31,0.0,0.0,0.0,0.5,0.0,0.0,0.0,10.0,3.4545,0.0,0.0
TgO_Genesis,36,32,0.0,0.0,0.0,0.5,0.0,0.0,0.0,8.0,3.3333,0.0,0.0
TgO_Genesis,36,33,0.0,0.0,0.0,0.5,0.0,0.0,0.0,8.0,3.5556,0.0,0.0
TgO_Genesis,36,34,0.0,0.0,0.0,0.5714,0.0,0.0,0.0,7.0,3.125,0.0,0.0
TgO_Genesis,36,35,0.0,0.0,0.0,0.5333,0.0,0.0,0.0,15.0,3.5,0.0,0.0
TgO_Genesis,36,36,0.0,0.0,0.0,0.5,0.0,0.0,0.0,6.0,3.0,0.0,0.0
TgO_Genesis,36,37,0.0,0.0,0.0,0.625,0.0,0.0,0.0,8.0,2.8889,0.0,0.0
TgO_Genesis,36,38,0.0,0.0,0.0,0.4286,0.0,0.0,0.0,7.0,4.25,0.0,0.0
TgO_Genesis,36,39,0.0,0.0,0.0,0.4444,0.0,0.0,0.0,18.0,4.1579,0.0,0.0
TgO_Genesis,36,40,0.0,0.0,0.0,0.4615,0.0,0.0,0.0,13.0,3.2857,0.0,0.0
TgO_Genesis,36,41,0.0,0.0,0.0,0.1667,0.0,0.0,0.0,6.0,4.4286,0.0,0.0
TgO_Genesis,36,42,0.0,0.0,0.0,0.1667,0.0,0.0,0.0,6.0,3.4286,0.0,0.0
TgO_Genesis,36,43,0.0,0.0,0.0,0.5714,0.0,0.0,0.0,14.0,3.8667,0.0,0.0
TgO_Genesis,37,01,0.0,0.0,0.0,0.5714,0.0,0.0,0.0,7.0,3.625,0.0,0.0
TgO_Genesis,37,02,0.0,0.0,0.0,0.6,0.0,0.0,0.0,30.0,3.0645,0.0,0.0
TgO_Genesis,37,03,0.0,0.0,0.0,0.6667,0.0,0.0,0.0,15.0,2.8125,0.0,0.0
TgO_Genesis,37,04,0.0,0.0,0.0,0.7333,0.0,0.0,0.0,15.0,2.1875,0.0,0.0
TgO_Genesis,37,05,0.0,0.0,0.0,0.6667,0.0,0.0,0.0,9.0,2.5,0.0,0.0
TgO_Genesis,37,06,0.0,0.0,0.0,0.625,0.0,0.0,0.0,8.0,2.8889,0.0,0.0
TgO_Genesis,37,07,0.0,0.0,0.0,0.5625,0.0,0.0,0.0,16.0,2.8824,0.0,0.0
TgO_Genesis,37,08,0.0,0.0,0.0,0.7727,0.0,0.0,0.0,22.0,2.6522,0.0,0.0
TgO_Genesis,37,09,0.0,0.0,0.0,0.4762,0.0,0.0,0.0,21.0,2.6364,0.0,0.0
TgO_Genesis,37,10,0.0,0.0,0.0,0.5455,0.0,0.0,0.0,22.0,2.3913,0.0,0.0
TgO_Genesis,37,11,0.0,0.0,0.0,0.8571,0.0,0.0,0.0,7.0,2.125,0.0,0.0
TgO_Genesis,37,12,0.0,0.0,0.0,1.0,0.0,0.0,0.0,7.0,1.875,0.0,0.0
TgO_Genesis,37,13,0.0,0.0,0.0,0.6154,0.0,0.0,0.0,13.0,3.0,0.0,0.0
TgO_Genesis,37,14,0.0,0.0,0.0,0.5263,0.0,0.0,0.0,19.0,3.15,0.0,0.0
TgO_Genesis,37,15,0.0,0.0,0.0,0.7273,0.0,0.0,0.0,11.0,2.3333,0.0,0.0
TgO_Genesis,37,16,0.0,0.0,0.0,0.9091,0.0,0.0,0.0,11.0,2.6667,0.0,0.0
TgO_Genesis,37,17,0.0,0.0,0.0,0.7333,0.0,0.0,0.0,15.0,2.9375,0.0,0.0
TgO_Genesis,37,18,0.0,0.0,0.0,0.7778,0.0,0.0,0.0,9.0,2.6,0.0,0.0
TgO_Genesis,37,19,0.0,0.0,0.0,1.0,0.0,0.0,0.0,8.0,2.4444,0.0,0.0
TgO_Genesis,37,20,0.0,0.0,0.0,0.8125,0.0,0.0,0.0,16.0,2.4118,0.0,0.0
TgO_Genesis,37,21,0.0,0.0,0.0,0.625,0.0,0.0,0.0,8.0,2.5556,0.0,0.0
TgO_Genesis,37,22,0.0,0.0,0.0,0.6957,0.0,0.0,0.0,23.0,2.75,0.0,0.0
TgO_Genesis,37,23,0.0,0.0,0.0,0.5625,0.0,0.0,0.0,16.0,2.7647,0.0,0.0
TgO_Genesis,37,24,0.0,0.0,0.0,0.8889,0.0,0.0,0.0,9.0,2.5,0.0,0.0
TgO_Genesis,37,25,0.0,0.0,0.0,0.6316,0.0,0.0,0.0,19.0,3.0,0.0,0.0
TgO_Genesis,37,26,0.0,0.0,0.0,0.7143,0.0,0.0,0.0,14.0,2.7333,0.0,0.0
TgO_Genesis,37,27,0.0,0.0,0.0,0.8571,0.0,0.0,0.0,14.0,2.4,0.0,0.0
TgO_Genesis,37,28,0.0,0.0,0.0,0.5238,0.0,0.0,0.0,21.0,3.3182,0.0,0.0
TgO_Genesis,37,29,0.0,0.0,0.0,0.6,0.0,0.0,0.0,10.0,3.0,0.0,0.0
TgO_Genesis,37,30,0.0,0.0,0.0,0.8,0.0,0.0,0.0,10.0,2.4545,0.0,0.0
TgO_Genesis,37,31,0.0,0.0,0.0,0.5833,0.0,0.0,0.0,12.0,2.7692,0.0,0.0
TgO_Genesis,37,32,0.0,0.0,0.0,0.8333,0.0,0.0,0.0,18.0,2.4737,0.0,0.0
TgO_Genesis,37,33,0.0,0.0,0.0,0.7,0.0,0.0,0.0,10.0,2.9091,0.0,0.0
TgO_Genesis,37,34,0.0,0.0,0.0,0.7273,0.0,0.0,0.0,11.0,2.5833,0.0,0.0
TgO_Genesis,37,35,0.0,0.0,0.0,0.75,0.0,0.0,0.0,20.0,2.619,0.0,0.0
TgO_Genesis,37,36,0.0,0.0,0.0,0.875,0.0,0.0,0.0,8.0,4.1111,0.0,0.0
TgO_Genesis,38,01,0.0,0.0,0.0,0.6154,0.0,0.0,0.0,13.0,3.4286,0.0,0.0
TgO_Genesis,38,02,0.0,0.0,0.0,0.5455,0.0,0.0,0.0,11.0,3.0,0.0,0.0
TgO_Genesis,38,03,0.0,0.0,0.0,0.5714,0.0,0.0,0.0,7.0,2.0,0.0,0.0
TgO_Genesis,38,04,0.0,0.0,0.0,0.625,0.0,0.0,0.0,8.0,2.4444,0.0,0.0
TgO_Genesis,38,05,0.0,0.0,0.0,0.6154,0.0,0.0,0.0,13.0,2.2143,0.0,0.0
TgO_Genesis,38,06,0.0,0.0,0.0,0.4286,0.0,0.0,0.0,7.0,3.75,0.0,0.0
TgO_Genesis,38,07,0.0,0.0,0.0,0.6667,0.0,0.0,0.0,9.0,3.2,0.0,0.0
TgO_Genesis,38,08,0.0,0.0,0.0,0.6667,0.0,0.0,0.0,12.0,3.1538,0.0,0.0
TgO_Genesis,38,09,0.0,0.0,0.0,0.6957,0.0,0.0,0.0,23.0,2.6667,0.0,0.0
TgO_Genesis,38,10,0.0,0.0,0.0,0.8571,0.0,0.0,0.0,7.0,2.125,0.0,0.0
TgO_Genesis,38,11,0.0,0.0,0.0,0.6818,0.0,0.0,0.0,22.0,3.4783,0.0,0.0
TgO_Genesis,38,12,0.0,0.0,0.0,0.5294,0.0,0.0,0.0,17.0,3.7222,0.0,0.0
TgO_Genesis,38,13,0.0,0.0,0.0,0.7778,0.0,0.0,0.0,9.0,3.2,0.0,0.0
TgO_Genesis,38,14,0.0,0.0,0.0,0.6667,0.0,0.0,0.0,24.0,3.16,0.0,0.0
TgO_Genesis,38,15,0.0,0.0,0.0,0.7143,0.0,0.0,0.0,7.0,2.875,0.0,0.0
TgO_Genesis,38,16,0.0,0.0,0.0,0.619,0.0,0.0,0.0,21.0,2.6818,0.0,0.0
TgO_Genesis,38,17,0.0,0.0,0.0,0.9286,0.0,0.0,0.0,14.0,2.4,0.0,0.0
TgO_Genesis,38,18,0.0,0.0,0.0,0.5,0.0,0.0,0.0,16.0,2.7647,0.0,0.0
TgO_Genesis,38,19,0.0,0.0,0.0,0.75,0.0,0.0,0.0,8.0,2.5556,0.0,0.0
TgO_Genesis,38,20,0.0,0.0,0.0,0.7647,0.0,0.0,0.0,17.0,2.9444,0.0,0.0
TgO_Genesis,38,21,0.0,0.0,0.0,0.8824,0.0,0.0,0.0,17.0,2.7778,0.0,0.0
TgO_Genesis,38,22,0.0,0.0,0.0,0.7692,0.0,0.0,0.0,13.0,2.9286,0.0,0.0
TgO_Genesis,38,23,0.0,0.0,0.0,0.7857,0.0,0.0,0.0,14.0,2.8667,0.0,0.0
TgO_Genesis,38,24,0.0,0.0,0.0,0.5882,0.0,0.0,0.0,17.0,3.0,0.0,0.0
TgO_Genesis,38,25,0.0,0.0,0.0,0.7619,0.0,0.0,0.0,21.0,2.8636,0.0,0.0
TgO_Genesis,38,26,0.0,0.0,0.0,0.7647,0.0,0.0,0.0,17.0,3.0556,0.0,0.0
TgO_Genesis,38,27,0.0,0.0,0.0,0.8333,0.0,0.0,0.0,6.0,2.4286,0.0,0.0
TgO_Genesis,38,28,0.0,0.0,0.0,0.7143,0.0,0.0,0.0,14.0,2.6,0.0,0.0
TgO_Genesis,38,29,0.0,0.0,0.0,0.75,0.0,0.0,0.0,16.0,2.4706,0.0,0.0
TgO_Genesis,38,30,0.0,0.0,0.0,0.8182,0.0,0.0,0.0,11.0,2.5,0.0,0.0
TgO_Genesis,39,01,0.0,0.0,0.0,0.7143,0.0,0.0,0.0,14.0,4.0,0.0,0.0
TgO_Genesis,39,02,0.0,0.0,0.0,0.6667,0.0,0.0,0.0,12.0,3.0,0.0,0.0
TgO_Genesis,39,03,0.0,0.0,0.0,0.7692,0.0,0.0,0.0,13.0,2.6429,0.0,0.0
TgO_Genesis,39,04,0.0,0.0,0.0,0.6,0.0,0.0,0.0,15.0,2.625,0.0,0.0
TgO_Genesis,39,05,0.0,0.0,0.0,0.5,0.0,0.0,0.0,24.0,2.96,0.0,0.0
TgO_Genesis,39,06,0.0,0.0,0.0,0.6,0.0,0.0,0.0,20.0,3.0476,0.0,0.0
TgO_Genesis,39,07,0.0,0.0,0.0,0.7857,0.0,0.0,0.0,14.0,3.0,0.0,0.0
TgO_Genesis,39,08,0.0,0.0,0.0,0.6471,0.0,0.0,0.0,17.0,2.7778,0.0,0.0
TgO_Genesis,39,09,0.0,0.0,0.0,0.8182,0.0,0.0,0.0,22.0,2.7391,0.0,0.0
TgO_Genesis,39,10,0.0,0.0,0.0,0.7222,0.0,0.0,0.0,18.0,3.0,0.0,0.0
TgO_Genesis,39,11,0.0,0.0,0.0,0.7143,0.0,0.0,0.0,14.0,2.3333,0.0,0.0
TgO_Genesis,39,12,0.0,0.0,0.0,0.6364,0.0,0.0,0.0,11.0,2.1667,0.0,0.0
TgO_Genesis,39,13,0.0,0.0,0.0,0.8889,0.0,0.0,0.0,9.0,2.3,0.0,0.0
TgO_Genesis,39,14,0.0,0.0,0.0,0.75,0.0,0.0,0.0,20.0,2.7619,0.0,0.0
TgO_Genesis,39,15,0.0,0.0,0.0,0.6923,0.0,0.0,0.0,13.0,2.2857,0.0,0.0
TgO_Genesis,39,16,0.0,0.0,0.0,1.0,0.0,0.0,0.0,7.0,2.5,0.0,0.0
TgO_Genesis,39,17,0.0,0.0,0.0,0.9231,0.0,0.0,0.0,13.0,2.7857,0.0,0.0
TgO_Genesis,39,18,0.0,0.0,0.0,0.7,0.0,0.0,0.0,10.0,2.1818,0.0,0.0
TgO_Genesis,39,19,0.0,0.0,0.0,0.8235,0.0,0.0,0.0,17.0,2.7778,0.0,0.0
TgO_Genesis,39,20,0.0,0.0,0.0,0.5714,0.0,0.0,0.0,14.0,2.9333,0.0,0.0
TgO_Genesis,39,21,0.0,0.0,0.0,0.5385,0.0,0.0,0.0,13.0,4.5,0.0,0.0
TgO_Genesis,39,22,0.0,0.0,0.0,0.5882,0.0,0.0,0.0,17.0,3.9444,0.0,0.0
TgO_Genesis,39,23,0.0,0.0,0.0,0.75,0.0,0.0,0.0,16.0,3.7059,0.0,0.0
TgO_Genesis,40,01,0.0,0.0,0.0,0.6923,0.0,0.0,0.0,13.0,3.5,0.0,0.0
TgO_Genesis,40,02,0.0,0.0,0.0,0.7778,0.0,0.0,0.0,9.0,3.3,0.0,0.0
TgO_Genesis,40,03,0.0,0.0,0.0,0.8,0.0,0.0,0.0,10.0,3.3636,0.0,0.0
TgO_Genesis,40,04,0.0,0.0,0.0,0.6,0.0,0.0,0.0,10.0,2.9091,0.0,0.0
TgO_Genesis,40,05,0.0,0.0,0.0,0.6471,0.0,0.0,0.0,17.0,2.8889,0.0,0.0
TgO_Genesis,40,06,0.0,0.0,0.0,0.6667,0.0,0.0,0.0,9.0,2.7,0.0,0.0
TgO_Genesis,40,07,0.0,0.0,0.0,0.9286,0.0,0.0,0.0,14.0,2.9333,0.0,0.0
TgO_Genesis,40,08,0.0,0.0,0.0,0.5,0.0,0.0,0.0,18.0,3.4737,0.0,0.0
TgO_Genesis,40,09,0.0,0.0,0.0,0.6364,0.0,0.0,0.0,11.0,3.0833,0.0,0.0
TgO_Genesis,40,10,0.0,0.0,0.0,0.9286,0.0,0.0,0.0,14.0,2.8,0.0,0.0
TgO_Genesis,40,11,0.0,0.0,0.0,0.4706,0.0,0.0,0.0,17.0,2.3333,0.0,0.0
TgO_Genesis,40,12,0.0,0.0,0.0,0.7,0.0,0.0,0.0,10.0,3.3636,0.0,0.0
TgO_Genesis,40,13,0.0,0.0,0.0,0.7647,0.0,0.0,0.0,17.0,2.7778,0.0,0.0
TgO_Genesis,40,14,0.0,0.0,0.0,0.7368,0.0,0.0,0.0,19.0,2.9,0.0,0.0
TgO_Genesis,40,15,0.0,0.0,0.0,0.8571,0.0,0.0,0.0,14.0,2.6,0.0,0.0
TgO_Genesis,40,16,0.0,0.0,0.0,0.8125,0.0,0.0,0.0,16.0,3.1765,0.0,0.0
TgO_Genesis,40,17,0.0,0.0,0.0,0.8571,0.0,0.0,0.0,14.0,2.9333,0.0,0.0
TgO_Genesis,40,18,0.0,0.0,0.0,0.7,0.0,0.0,0.0,10.0,3.0,0.0,0.0
TgO_Genesis,40,19,0.0,0.0,0.0,0.7647,0.0,0.0,0.0,17.0,2.4444,0.0,0.0
TgO_Genesis,40,20,0.0,0.0,0.0,0.7,0.0,0.0,0.0,20.0,3.4762,0.0,0.0
TgO_Genesis,40,21,0.0,0.0,0.0,0.8,0.0,0.0,0.0,10.0,2.5455,0.0,0.0
TgO_Genesis,40,22,0.0,0.0,0.0,0.7143,0.0,0.0,0.0,7.0,4.5,0.0,0.0
TgO_Genesis,40,23,0.0,0.0,0.0,0.6667,0.0,0.0,0.0,6.0,3.0,0.0,0.0
TgO_Genesis,41,01,0.0,0.0,0.0,0.8182,0.0,0.0,0.0,11.0,2.4167,0.0,0.0
TgO_Genesis,41,02,0.0,0.0,0.0,0.8333,0.0,0.0,0.0,12.0,2.5385,0.0,0.0
TgO_Genesis,41,03,0.0,0.0,0.0,0.7647,0.0,0.0,0.0,17.0,3.1111,0.0,0.0
TgO_Genesis,41,04,0.0,0.0,0.0,0.7143,0.0,0.0,0.0,14.0,2.8667,0.0,0.0
TgO_Genesis,41,05,0.0,0.0,0.0,0.7273,0.0,0.0,0.0,11.0,2.6667,0.0,0.0
TgO_Genesis,41,06,0.0,0.0,0.0,0.875,0.0,0.0,0.0,8.0,2.6667,0.0,0.0
TgO_Genesis,41,07,0.0,0.0,0.0,0.75,0.0,0.0,0.0,12.0,2.7692,0.0,0.0
TgO_Genesis,41,08,0.0,0.0,0.0,0.5,0.0,0.0,0.0,24.0,2.6,0.0,0.0
TgO_Genesis,41,09,0.0,0.0,0.0,0.9091,0.0,0.0,0.0,11.0,3.3333,0.0,0.0
TgO_Genesis,41,10,0.0,0.0,0.0,0.8333,0.0,0.0,0.0,12.0,3.2308,0.0,0.0
TgO_Genesis,41,11,0.0,0.0,0.0,0.7,0.0,0.0,0.0,10.0,2.2727,0.0,0.0
TgO_Genesis,41,12,0.0,0.0,0.0,0.75,0.0,0.0,0.0,16.0,3.1765,0.0,0.0
TgO_Genesis,41,13,0.0,0.0,0.0,0.8333,0.0,0.0,0.0,12.0,2.8462,0.0,0.0
TgO_Genesis,41,14,0.0,0.0,0.0,0.5333,0.0,0.0,0.0,15.0,3.5625,0.0,0.0
TgO_Genesis,41,15,0.0,0.0,0.0,0.5294,0.0,0.0,0.0,17.0,2.9444,0.0,0.0
TgO_Genesis,41,16,0.0,0.0,0.0,0.8,0.0,0.0,0.0,15.0,3.1875,0.0,0.0
TgO_Genesis,41,17,0.0,0.0,0.0,0.8889,0.0,0.0,0.0,9.0,3.1,0.0,0.0
TgO_Genesis,41,18,0.0,0.0,0.0,0.8333,0.0,0.0,0.0,12.0,2.5385,0.0,0.0
TgO_Genesis,41,19,0.0,0.0,0.0,0.7895,0.0,0.0,0.0,19.0,3.1,0.0,0.0
TgO_Genesis,41,20,0.0,0.0,0.0,0.7778,0.0,0.0,0.0,9.0,2.9,0.0,0.0
TgO_Genesis,41,21,0.0,0.0,0.0,0.6667,0.0,0.0,0.0,12.0,2.9231,0.0,0.0
TgO_Genesis,41,22,0.0,0.0,0.0,0.7,0.0,0.0,0.0,10.0,2.2727,0.0,0.0
TgO_Genesis,41,23,0.0,0.0,0.0,1.0,0.0,0.0,0.0,9.0,2.8,0.0,0.0
TgO_Genesis,41,24,0.0,0.0,0.0,0.75,0.0,0.0,0.0,12.0,2.6923,0.0,0.0
TgO_Genesis,41,25,0.0,0.0,0.0,0.7692,0.0,0.0,0.0,13.0,3.0714,0.0,0.0
TgO_Genesis,41,26,0.0,0.0,0.0,0.7333,0.0,0.0,0.0,15.0,2.8125,0.0,0.0
TgO_Genesis,41,27,0.0,0.0,0.0,0.7778,0.0,0.0,0.0,18.0,2.9474,0.0,0.0
TgO_Genesis,41,28,0.0,0.0,0.0,0.7692,0.0,0.0,0.0,13.0,2.9286,0.0,0.0
TgO_Genesis,41,29,0.0,0.0,0.0,0.8889,0.0,0.0,0.0,9.0,2.8,0.0,0.0
TgO_Genesis,41,30,0.0,0.0,0.0,0.5789,0.0,0.0,0.0,19.0,2.5,0.0,0.0
TgO_Genesis,41,31,0.0,0.0,0.0,1.0,0.0,0.0,0.0,14.0,3.0667,0.0,0.0
TgO_Genesis,41,32,0.0,0.0,0.0,0.8667,0.0,0.0,0.0,15.0,3.125,0.0,0.0
TgO_Genesis,41,33,0.0,0.0,0.0,0.8,0.0,0.0,0.0,10.0,3.1818,0.0,0.0
TgO_Genesis,41,34,0.0,0.0,0.0,0.7692,0.0,0.0,0.0,13.0,3.1429,0.0,0.0
TgO_Genesis,41,35,0.0,0.0,0.0,0.7647,0.0,0.0,0.0,17.0,2.8333,0.0,0.0
TgO_Genesis,41,36,0.0,0.0,0.0,0.6471,0.0,0.0,0.0,17.0,2.7778,0.0,0.0
TgO_Genesis,41,37,0.0,0.0,0.0,0.8571,0.0,0.0,0.0,7.0,2.375,0.0,0.0
TgO_Genesis,41,38,0.0,0.0,0.0,1.0,0.0,0.0,0.0,11.0,3.0,0.0,0.0
TgO_Genesis,41,39,0.0,0.0,0.0,0.7333,0.0,0.0,0.0,15.0,3.0,0.0,0.0
TgO_Genesis,41,40,0.0,0.0,0.0,0.9412,0.0,0.0,0.0,17.0,2.8333,0.0,0.0
TgO_Genesis,41,41,0.0,0.0,0.0,0.8,0.0,0.0,0.0,10.0,3.2727,0.0,0.0
TgO_Genesis,41,42,0.0,0.0,0.0,0.6,0.0,0.0,0.0,20.0,2.7619,0.0,0.0
TgO_Genesis,41,43,0.0,0.0,0.0,0.75,0.0,0.0,0.0,16.0,2.6471,0.0,0.0
TgO_Genesis,41,44,0.0,0.0,0.0,0.7391,0.0,0.0,0.0,23.0,3.125,0.0,0.0
TgO_Genesis,41,45,0.0,0.0,0.0,0.56,0.0,0.0,0.0,25.0,4.4615,0.0,0.0
TgO_Genesis,41,46,0.0,0.0,0.0,0.6842,0.0,0.0,0.0,19.0,3.5,0.0,0.0
TgO_Genesis,41,47,0.0,0.0,0.0,1.0,0.0,0.0,0.0,8.0,2.6667,0.0,0.0
TgO_Genesis,41,48,0.0,0.0,0.0,0.7222,0.0,0.0,0.0,18.0,3.0526,0.0,0.0
TgO_Genesis,41,49,0.0,0.0,0.0,0.9231,0.0,0.0,0.0,13.0,2.8571,0.0,0.0
TgO_Genesis,41,50,0.0,0.0,0.0,0.6667,0.0,0.0,0.0,15.0,3.9375,0.0,0.0
TgO_Genesis,41,51,0.0,0.0,0.0,0.6667,0.0,0.0,0.0,15.0,3.0625,0.0,0.0
TgO_Genesis,41,52,0.0,0.0,0.0,0.9,0.0,0.0,0.0,10.0,3.1818,0.0,0.0
TgO_Genesis,41,53,0.0,0.0,0.0,0.8571,0.0,0.0,0.0,7.0,3.375,0.0,0.0
TgO_Genesis,41,54,0.0,0.0,0.0,0.6471,0.0,0.0,0.0,17.0,3.3333,0.0,0.0
TgO_Genesis,41,55,0.0,0.0,0.0,0.5909,0.0,0.0,0.0,22.0,3.2609,0.0,0.0
TgO_Genesis,41,56,0.0,0.0,0.0,0.6364,0.0,0.0,0.0,22.0,3.2174,0.0,0.0
TgO_Genesis,41,57,0.0,0.0,0.0,0.7857,0.0,0.0,0.0,14.0,3.0667,0.0,0.0
TgO_Genesis,42,01,0.0,0.0,0.0,0.75,0.0,0.0,0.0,12.0,3.1538,0.0,0.0
TgO_Genesis,42,02,0.0,0.0,0.0,0.75,0.0,0.0,0.0,16.0,2.5882,0.0,0.0
TgO_Genesis,42,03,0.0,0.0,0.0,0.8571,0.0,0.0,0.0,7.0,2.75,0.0,0.0
TgO_Genesis,42,04,0.0,0.0,0.0,0.7143,0.0,0.0,0.0,14.0,3.4667,0.0,0.0
TgO_Genesis,42,05,0.0,0.0,0.0,0.8333,0.0,0.0,0.0,12.0,4.3077,0.0,0.0
TgO_Genesis,42,06,0.0,0.0,0.0,0.55,0.0,0.0,0.0,20.0,2.7619,0.0,0.0
TgO_Genesis,42,07,0.0,0.0,0.0,0.5714,0.0,0.0,0.0,21.0,2.8636,0.0,0.0
TgO_Genesis,42,08,0.0,0.0,0.0,0.7143,0.0,0.0,0.0,7.0,2.875,0.0,0.0
TgO_Genesis,42,09,0.0,0.0,0.0,0.5882,0.0,0.0,0.0,17.0,3.2778,0.0,0.0
TgO_Genesis,42,10,0.0,0.0,0.0,0.75,0.0,0.0,0.0,8.0,2.6667,0.0,0.0
TgO_Genesis,42,11,0.0,0.0,0.0,0.9091,0.0,0.0,0.0,11.0,2.9167,0.0,0.0
TgO_Genesis,42,12,0.0,0.0,0.0,0.875,0.0,0.0,0.0,8.0,2.8889,0.0,0.0
TgO_Genesis,42,13,0.0,0.0,0.0,0.7778,0.0,0.0,0.0,18.0,3.1579,0.0,0.0
TgO_Genesis,42,14,0.0,0.0,0.0,0.7778,0.0,0.0,0.0,9.0,3.4,0.0,0.0
TgO_Genesis,42,15,0.0,0.0,0.0,0.9167,0.0,0.0,0.0,12.0,2.6923,0.0,0.0
TgO_Genesis,42,16,0.0,0.0,0.0,0.8,0.0,0.0,0.0,20.0,2.7619,0.0,0.0
TgO_Genesis,42,17,0.0,0.0,0.0,1.0,0.0,0.0,0.0,5.0,3.0,0.0,0.0
TgO_Genesis,42,18,0.0,0.0,0.0,0.75,0.0,0.0,0.0,12.0,3.3846,0.0,0.0
TgO_Genesis,42,19,0.0,0.0,0.0,0.9231,0.0,0.0,0.0,13.0,2.7143,0.0,0.0
TgO_Genesis,42,20,0.0,0.0,0.0,0.7273,0.0,0.0,0.0,11.0,2.4167,0.0,0.0
TgO_Genesis,42,21,0.0,0.0,0.0,0.8333,0.0,0.0,0.0,24.0,2.84,0.0,0.0
TgO_Genesis,42,22,0.0,0.0,0.0,0.6471,0.0,0.0,0.0,17.0,2.7778,0.0,0.0
TgO_Genesis,42,23,0.0,0.0,0.0,0.8,0.0,0.0,0.0,10.0,3.1818,0.0,0.0
TgO_Genesis,42,24,0.0,0.0,0.0,0.4286,0.0,0.0,0.0,14.0,2.8667,0.0,0.0
TgO_Genesis,42,25,0.0,0.0,0.0,0.5882,0.0,0.0,0.0,17.0,3.0,0.0,0.0
TgO_Genesis,42,26,0.0,0.0,0.0,0.8571,0.0,0.0,0.0,7.0,2.125,0.0,0.0
TgO_Genesis,42,27,0.0,0.0,0.0,0.7333,0.0,0.0,0.0,15.0,2.25,0.0,0.0
TgO_Genesis,42,28,0.0,0.0,0.0,0.7143,0.0,0.0,0.0,21.0,2.4545,0.0,0.0
TgO_Genesis,42,29,0.0,0.0,0.0,0.6154,0.0,0.0,0.0,13.0,3.0714,0.0,0.0
TgO_Genesis,42,30,0.0,0.0,0.0,0.8182,0.0,0.0,0.0,11.0,2.4167,0.0,0.0
TgO_Genesis,42,31,0.0,0.0,0.0,0.8571,0.0,0.0,0.0,7.0,3.0,0.0,0.0
TgO_Genesis,42,32,0.0,0.0,0.0,0.7857,0.0,0.0,0.0,14.0,3.2667,0.0,0.0
TgO_Genesis,42,33,0.0,0.0,0.0,0.8,0.0,0.0,0.0,20.0,2.9048,0.0,0.0
TgO_Genesis,42,34,0.0,0.0,0.0,0.6818,0.0,0.0,0.0,22.0,3.0,0.0,0.0
TgO_Genesis,42,35,0.0,0.0,0.0,0.5625,0.0,0.0,0.0,16.0,2.4706,0.0,0.0
TgO_Genesis,42,36,0.0,0.0,0.0,0.5789,0.0,0.0,0.0,19.0,3.2,0.0,0.0
TgO_Genesis,42,37,0.0,0.0,0.0,0.7368,0.0,0.0,0.0,19.0,2.65,0.0,0.0
TgO_Genesis,42,38,0.0,0.0,0.0,0.7619,0.0,0.0,0.0,21.0,2.5909,0.0,0.0
TgO_Genesis,43,01,0.0,0.0,0.0,0.5,0.0,0.0,0.0,3.0,1.75,0.0,0.0
TgO_Genesis,43,02,0.0,0.0,0.0,0.75,0.0,0.0,0.0,16.0,2.9412,0.0,0.0
TgO_Genesis,43,03,0.0,0.0,0.0,0.75,0.0,0.0,0.0,16.0,2.9412,0.0,0.0
TgO_Genesis,43,04,0.0,0.0,0.0,0.9,0.0,0.0,0.0,10.0,2.4545,0.0,0.0
TgO_Genesis,43,05,0.0,0.0,0.0,0.875,0.0,0.0,0.0,16.0,2.7647,0.0,0.0
TgO_Genesis,43,06,0.0,0.0,0.0,0.7273,0.0,0.0,0.0,11.0,3.0,0.0,0.0
TgO_Genesis,43,07,0.0,0.0,0.0,0.75,0.0,0.0,0.0,28.0,2.8276,0.0,0.0
TgO_Genesis,43,08,0.0,0.0,0.0,0.5556,0.0,0.0,0.0,18.0,2.8421,0.0,0.0
TgO_Genesis,43,09,0.0,0.0,0.0,0.7778,0.0,0.0,0.0,18.0,2.8421,0.0,0.0
TgO_Genesis,43,10,0.0,0.0,0.0,0.9,0.0,0.0,0.0,10.0,2.7273,0.0,0.0
TgO_Genesis,43,11,0.0,0.0,0.0,0.75,0.0,0.0,0.0,24.0,3.0,0.0,0.0
TgO_Genesis,43,12,0.0,0.0,0.0,0.75,0.0,0.0,0.0,16.0,2.5294,0.0,0.0
TgO_Genesis,43,13,0.0,0.0,0.0,0.8571,0.0,0.0,0.0,7.0,2.25,0.0,0.0
TgO_Genesis,43,14,0.0,0.0,0.0,0.6111,0.0,0.0,0.0,18.0,3.5263,0.0,0.0
TgO_Genesis,43,15,0.0,0.0,0.0,0.55,0.0,0.0,0.0,20.0,3.3333,0.0,0.0
TgO_Genesis,43,16,0.0,0.0,0.0,0.5714,0.0,0.0,0.0,21.0,2.7273,0.0,0.0
TgO_Genesis,43,17,0.0,0.0,0.0,0.5455,0.0,0.0,0.0,11.0,3.25,0.0,0.0
TgO_Genesis,43,18,0.0,0.0,0.0,0.6667,0.0,0.0,0.0,24.0,3.0,0.0,0.0
TgO_Genesis,43,19,0.0,0.0,0.0,0.7273,0.0,0.0,0.0,11.0,2.4167,0.0,0.0
TgO_Genesis,43,20,0.0,0.0,0.0,0.875,0.0,0.0,0.0,8.0,3.3333,0.0,0.0
TgO_Genesis,43,21,0.0,0.0,0.0,0.5294,0.0,0.0,0.0,17.0,2.2222,0.0,0.0
TgO_Genesis,43,22,0.0,0.0,0.0,0.9167,0.0,0.0,0.0,12.0,2.6154,0.0,0.0
TgO_Genesis,43,23,0.0,0.0,0.0,0.6842,0.0,0.0,0.0,19.0,3.1,0.0,0.0
TgO_Genesis,43,24,0.0,0.0,0.0,0.6154,0.0,0.0,0.0,13.0,2.6429,0.0,0.0
TgO_Genesis,43,25,0.0,0.0,0.0,0.8462,0.0,0.0,0.0,13.0,2.9286,0.0,0.0
TgO_Genesis,43,26,0.0,0.0,0.0,0.5385,0.0,0.0,0.0,13.0,2.7857,0.0,0.0
TgO_Genesis,43,27,0.0,0.0,0.0,0.75,0.0,0.0,0.0,12.0,2.6154,0.0,0.0
TgO_Genesis,43,28,0.0,0.0,0.0,0.7778,0.0,0.0,0.0,9.0,2.2,0.0,0.0
TgO_Genesis,43,29,0.0,0.0,0.0,0.65,0.0,0.0,0.0,20.0,2.7619,0.0,0.0
TgO_Genesis,43,30,0.0,0.0,0.0,0.7143,0.0,0.0,0.0,14.0,3.2,0.0,0.0
TgO_Genesis,43,31,0.0,0.0,0.0,0.5714,0.0,0.0,0.0,7.0,2.25,0.0,0.0
TgO_Genesis,43,32,0.0,0.0,0.0,0.5,0.0,0.0,0.0,24.0,3.28,0.0,0.0
TgO_Genesis,43,33,0.0,0.0,0.0,0.6,0.0,0.0,0.0,10.0,2.0909,0.0,0.0
TgO_Genesis,43,34,0.0,0.0,0.0,0.5714,0.0,0.0,0.0,14.0,3.3333,0.0,0.0
TgO_Genesis,44,01,0.0,0.0,0.0,0.6667,0.0,0.0,0.0,21.0,2.7727,0.0,0.0
TgO_Genesis,44,02,0.0,0.0,0.0,0.6667,0.0,0.0,0.0,15.0,3.0625,0.0,0.0
TgO_Genesis,44,03,0.0,0.0,0.0,0.8333,0.0,0.0,0.0,6.0,2.4286,0.0,0.0
TgO_Genesis,44,04,0.0,0.0,0.0,0.8696,0.0,0.0,0.0,23.0,2.875,0.0,0.0
TgO_Genesis,44,05,0.0,0.0,0.0,0.8182,0.0,0.0,0.0,11.0,2.5833,0.0,0.0
TgO_Genesis,44,06,0.0,0.0,0.0,0.8333,0.0,0.0,0.0,6.0,2.2857,0.0,0.0
TgO_Genesis,44,07,0.0,0.0,0.0,0.8333,0.0,0.0,0.0,12.0,2.6154,0.0,0.0
TgO_Genesis,44,08,0.0,0.0,0.0,0.7778,0.0,0.0,0.0,18.0,2.8421,0.0,0.0
TgO_Genesis,44,09,0.0,0.0,0.0,1.0,0.0,0.0,0.0,9.0,2.7,0.0,0.0
TgO_Genesis,44,10,0.0,0.0,0.0,0.7857,0.0,0.0,0.0,14.0,2.5333,0.0,0.0
TgO_Genesis,44,11,0.0,0.0,0.0,0.5455,0.0,0.0,0.0,11.0,2.3333,0.0,0.0
TgO_Genesis,44,12,0.0,0.0,0.0,0.6667,0.0,0.0,0.0,9.0,3.3,0.0,0.0
TgO_Genesis,44,13,0.0,0.0,0.0,0.75,0.0,0.0,0.0,8.0,2.4444,0.0,0.0
TgO_Genesis,44,14,0.0,0.0,0.0,0.6154,0.0,0.0,0.0,13.0,2.7857,0.0,0.0
TgO_Genesis,44,15,0.0,0.0,0.0,0.7857,0.0,0.0,0.0,14.0,3.2667,0.0,0.0
TgO_Genesis,44,16,0.0,0.0,0.0,0.6667,0.0,0.0,0.0,24.0,3.12,0.0,0.0
TgO_Genesis,44,17,0.0,0.0,0.0,0.7895,0.0,0.0,0.0,19.0,2.55,0.0,0.0
TgO_Genesis,44,18,0.0,0.0,0.0,0.8,0.0,0.0,0.0,20.0,3.0,0.0,0.0
TgO_Genesis,44,19,0.0,0.0,0.0,0.9,0.0,0.0,0.0,10.0,2.7273,0.0,0.0
TgO_Genesis,44,20,0.0,0.0,0.0,0.6667,0.0,0.0,0.0,18.0,3.0526,0.0,0.0
TgO_Genesis,44,21,0.0,0.0,0.0,0.8571,0.0,0.0,0.0,7.0,2.25,0.0,0.0
TgO_Genesis,44,22,0.0,0.0,0.0,0.7692,0.0,0.0,0.0,13.0,2.4286,0.0,0.0
TgO_Genesis,44,23,0.0,0.0,0.0,0.9167,0.0,0.0,0.0,12.0,2.4615,0.0,0.0
TgO_Genesis,44,24,0.0,0.0,0.0,0.9091,0.0,0.0,0.0,11.0,2.6667,0.0,0.0
TgO_Genesis,44,25,0.0,0.0,0.0,0.8571,0.0,0.0,0.0,7.0,2.875,0.0,0.0
TgO_Genesis,44,26,0.0,0.0,0.0,0.7,0.0,0.0,0.0,20.0,2.5714,0.0,0.0
TgO_Genesis,44,27,0.0,0.0,0.0,0.8182,0.0,0.0,0.0,11.0,3.0833,0.0,0.0
TgO_Genesis,44,28,0.0,0.0,0.0,0.7273,0.0,0.0,0.0,11.0,2.5833,0.0,0.0
TgO_Genesis,44,29,0.0,0.0,0.0,0.8333,0.0,0.0,0.0,12.0,2.7692,0.0,0.0
TgO_Genesis,44,30,0.0,0.0,0.0,0.6667,0.0,0.0,0.0,12.0,2.3846,0.0,0.0
TgO_Genesis,44,31,0.0,0.0,0.0,0.8,0.0,0.0,0.0,15.0,2.5625,0.0,0.0
TgO_Genesis,44,32,0.0,0.0,0.0,0.8235,0.0,0.0,0.0,17.0,2.9444,0.0,0.0
TgO_Genesis,44,33,0.0,0.0,0.0,0.8333,0.0,0.0,0.0,12.0,2.6923,0.0,0.0
TgO_Genesis,44,34,0.0,0.0,0.0,0.9286,0.0,0.0,0.0,14.0,2.8,0.0,0.0
TgO_Genesis,45,01,0.0,0.0,0.0,0.5909,0.0,0.0,0.0,22.0,2.913,0.0,0.0
TgO_Genesis,45,02,0.0,0.0,0.0,0.8,0.0,0.0,0.0,10.0,2.2727,0.0,0.0
TgO_Genesis,45,03,0.0,0.0,0.0,0.7778,0.0,0.0,0.0,18.0,3.0526,0.0,0.0
TgO_Genesis,45,04,0.0,0.0,0.0,0.5714,0.0,0.0,0.0,14.0,4.1333,0.0,0.0
TgO_Genesis,45,05,0.0,0.0,0.0,0.8125,0.0,0.0,0.0,16.0,2.5882,0.0,0.0
TgO_Genesis,45,06,0.0,0.0,0.0,0.8462,0.0,0.0,0.0,13.0,2.7857,0.0,0.0
TgO_Genesis,45,07,0.0,0.0,0.0,0.7273,0.0,0.0,0.0,11.0,3.0833,0.0,0.0
TgO_Genesis,45,08,0.0,0.0,0.0,0.8,0.0,0.0,0.0,20.0,3.1905,0.0,0.0
TgO_Genesis,45,09,0.0,0.0,0.0,0.7895,0.0,0.0,0.0,19.0,2.9,0.0,0.0
TgO_Genesis,45,10,0.0,0.0,0.0,0.4615,0.0,0.0,0.0,13.0,3.0,0.0,0.0
TgO_Genesis,45,11,0.0,0.0,0.0,0.8,0.0,0.0,0.0,15.0,2.8125,0.0,0.0
TgO_Genesis,45,12,0.0,0.0,0.0,0.8182,0.0,0.0,0.0,11.0,2.75,0.0,0.0
TgO_Genesis,45,13,0.0,0.0,0.0,0.5714,0.0,0.0,0.0,14.0,2.1333,0.0,0.0
TgO_Genesis,45,14,0.0,0.0,0.0,0.5,0.0,0.0,0.0,10.0,2.8182,0.0,0.0
TgO_Genesis,45,15,0.0,0.0,0.0,0.7,0.0,0.0,0.0,10.0,1.9091,0.0,0.0
TgO_Genesis,45,16,0.0,0.0,0.0,0.6923,0.0,0.0,0.0,13.0,2.7143,0.0,0.0
TgO_Genesis,45,17,0.0,0.0,0.0,0.7333,0.0,0.0,0.0,15.0,3.25,0.0,0.0
TgO_Genesis,45,18,0.0,0.0,0.0,0.4444,0.0,0.0,0.0,18.0,2.6316,0.0,0.0
TgO_Genesis,45,19,0.0,0.0,0.0,0.6667,0.0,0.0,0.0,15.0,2.8125,0.0,0.0
TgO_Genesis,45,20,0.0,0.0,0.0,0.9167,0.0,0.0,0.0,12.0,2.7692,0.0,0.0
TgO_Genesis,45,21,0.0,0.0,0.0,0.6,0.0,0.0,0.0,15.0,3.5625,0.0,0.0
TgO_Genesis,45,22,0.0,0.0,0.0,0.7143,0.0,0.0,0.0,14.0,3.0,0.0,0.0
TgO_Genesis,45,23,0.0,0.0,0.0,0.6875,0.0,0.0,0.0,16.0,3.0588,0.0,0.0
TgO_Genesis,45,24,0.0,0.0,0.0,0.6667,0.0,0.0,0.0,9.0,2.3,0.0,0.0
TgO_Genesis,45,25,0.0,0.0,0.0,0.625,0.0,0.0,0.0,8.0,2.8889,0.0,0.0
TgO_Genesis,45,26,0.0,0.0,0.0,0.7273,0.0,0.0,0.0,22.0,3.1739,0.0,0.0
TgO_Genesis,45,27,0.0,0.0,0.0,0.619,0.0,0.0,0.0,21.0,2.9545,0.0,0.0
TgO_Genesis,45,28,0.0,0.0,0.0,0.7857,0.0,0.0,0.0,14.0,3.1333,0.0,0.0
TgO_Genesis,46,01,0.0,0.0,0.0,0.3636,0.0,0.0,0.0,11.0,3.8333,0.0,0.0
TgO_Genesis,46,02,0.0,0.0,0.0,0.4167,0.0,0.0,0.0,12.0,3.3846,0.0,0.0
TgO_Genesis,46,03,0.0,0.0,0.0,0.9286,0.0,0.0,0.0,14.0,2.8667,0.0,0.0
TgO_Genesis,46,04,0.0,0.0,0.0,0.7692,0.0,0.0,0.0,13.0,2.8571,0.0,0.0
TgO_Genesis,46,05,0.0,0.0,0.0,0.6111,0.0,0.0,0.0,18.0,2.9474,0.0,0.0
TgO_Genesis,46,06,0.0,0.0,0.0,0.6,0.0,0.0,0.0,15.0,3.0625,0.0,0.0
TgO_Genesis,46,07,0.0,0.0,0.0,0.7,0.0,0.0,0.0,10.0,3.4545,0.0,0.0
TgO_Genesis,46,08,0.0,0.0,0.0,0.4545,0.0,0.0,0.0,11.0,4.1667,0.0,0.0
TgO_Genesis,46,09,0.0,0.0,0.0,0.1667,0.0,0.0,0.0,6.0,3.0,0.0,0.0
TgO_Genesis,46,10,0.0,0.0,0.0,0.3,0.0,0.0,0.0,10.0,3.0,0.0,0.0
TgO_Genesis,46,11,0.0,0.0,0.0,0.2,0.0,0.0,0.0,5.0,3.6667,0.0,0.0
TgO_Genesis,46,12,0.0,0.0,0.0,0.1765,0.0,0.0,0.0,17.0,3.0,0.0,0.0
TgO_Genesis,46,13,0.0,0.0,0.0,0.1667,0.0,0.0,0.0,6.0,3.4286,0.0,0.0
TgO_Genesis,46,14,0.0,0.0,0.0,0.2,0.0,0.0,0.0,5.0,3.0,0.0,0.0
TgO_Genesis,46,15,0.0,0.0,0.0,0.5625,0.0,0.0,0.0,16.0,3.4706,0.0,0.0
TgO_Genesis,46,16,0.0,0.0,0.0,0.1111,0.0,0.0,0.0,9.0,3.0,0.0,0.0
TgO_Genesis,46,17,0.0,0.0,0.0,0.1667,0.0,0.0,0.0,12.0,3.1538,0.0,0.0
TgO_Genesis,46,18,0.0,0.0,0.0,0.6154,0.0,0.0,0.0,13.0,4.0,0.0,0.0
TgO_Genesis,46,19,0.0,0.0,0.0,0.5,0.0,0.0,0.0,6.0,3.2857,0.0,0.0
TgO_Genesis,46,20,0.0,0.0,0.0,0.4,0.0,0.0,0.0,15.0,4.625,0.0,0.0
TgO_Genesis,46,21,0.0,0.0,0.0,0.0833,0.0,0.0,0.0,12.0,3.6923,0.0,0.0
TgO_Genesis,46,22,0.0,0.0,0.0,0.6667,0.0,0.0,0.0,9.0,3.9,0.0,0.0
TgO_Genesis,46,23,0.0,0.0,0.0,0.5,0.0,0.0,0.0,3.0,3.0,0.0,0.0
TgO_Genesis,46,24,0.0,0.0,0.0,0.1667,0.0,0.0,0.0,6.0,3.4286,0.0,0.0
TgO_Genesis,46,25,0.0,0.0,0.0,0.6429,0.0,0.0,0.0,14.0,3.6667,0.0,0.0
TgO_Genesis,46,26,0.0,0.0,0.0,0.6471,0.0,0.0,0.0,17.0,3.6667,0.0,0.0
TgO_Genesis,46,27,0.0,0.0,0.0,0.6,0.0,0.0,0.0,15.0,3.6875,0.0,0.0
TgO_Genesis,46,28,0.0,0.0,0.0,0.5,0.0,0.0,0.0,12.0,4.0,0.0,0.0
TgO_Genesis,46,29,0.0,0.0,0.0,0.4118,0.0,0.0,0.0,17.0,3.2222,0.0,0.0
TgO_Genesis,46,30,0.0,0.0,0.0,0.7619,0.0,0.0,0.0,21.0,3.0,0.0,0.0
TgO_Genesis,46,31,0.0,0.0,0.0,0.4667,0.0,0.0,0.0,15.0,2.9375,0.0,0.0
TgO_Genesis,46,32,0.0,0.0,0.0,0.7692,0.0,0.0,0.0,13.0,2.5,0.0,0.0
TgO_Genesis,46,33,0.0,0.0,0.0,0.75,0.0,0.0,0.0,8.0,2.8889,0.0,0.0
TgO_Genesis,46,34,0.0,0.0,0.0,0.8696,0.0,0.0,0.0,23.0,2.875,0.0,0.0
TgO_Genesis,47,01,0.0,0.0,0.0,0.4118,0.0,0.0,0.0,17.0,3.1111,0.0,0.0
TgO_Genesis,47,02,0.0,0.0,0.0,0.8889,0.0,0.0,0.0,9.0,2.4,0.0,0.0
TgO_Genesis,47,03,0.0,0.0,0.0,0.7333,0.0,0.0,0.0,15.0,2.6875,0.0,0.0
TgO_Genesis,47,04,0.0,0.0,0.0,0.5909,0.0,0.0,0.0,22.0,3.1739,0.0,0.0
TgO_Genesis,47,05,0.0,0.0,0.0,0.75,0.0,0.0,0.0,8.0,2.7778,0.0,0.0
TgO_Genesis,47,06,0.0,0.0,0.0,0.64,0.0,0.0,0.0,25.0,2.8846,0.0,0.0
TgO_Genesis,47,07,0.0,0.0,0.0,0.4167,0.0,0.0,0.0,12.0,3.3077,0.0,0.0
TgO_Genesis,47,08,0.0,0.0,0.0,0.8571,0.0,0.0,0.0,7.0,3.5,0.0,0.0
TgO_Genesis,47,09,0.0,0.0,0.0,0.5417,0.0,0.0,0.0,24.0,3.08,0.0,0.0
TgO_Genesis,47,10,0.0,0.0,0.0,0.5714,0.0,0.0,0.0,7.0,3.125,0.0,0.0
TgO_Genesis,47,11,0.0,0.0,0.0,0.5,0.0,0.0,0.0,18.0,3.3684,0.0,0.0
TgO_Genesis,47,12,0.0,0.0,0.0,0.75,0.0,0.0,0.0,12.0,2.7692,0.0,0.0
TgO_Genesis,47,13,0.0,0.0,0.0,0.5882,0.0,0.0,0.0,17.0,3.5,0.0,0.0
TgO_Genesis,47,14,0.0,0.0,0.0,0.5263,0.0,0.0,0.0,19.0,3.4,0.0,0.0
TgO_Genesis,47,15,0.0,0.0,0.0,0.5652,0.0,0.0,0.0,23.0,3.3333,0.0,0.0
TgO_Genesis,47,16,0.0,0.0,0.0,0.7,0.0,0.0,0.0,10.0,2.9091,0.0,0.0
TgO_Genesis,47,17,0.0,0.0,0.0,0.4286,0.0,0.0,0.0,21.0,2.7727,0.0,0.0
TgO_Genesis,47,18,0.0,0.0,0.0,0.6296,0.0,0.0,0.0,27.0,2.9286,0.0,0.0
TgO_Genesis,47,19,0.0,0.0,0.0,0.5769,0.0,0.0,0.0,26.0,2.8889,0.0,0.0
TgO_Genesis,47,20,0.0,0.0,0.0,0.7,0.0,0.0,0.0,20.0,3.0476,0.0,0.0
TgO_Genesis,47,21,0.0,0.0,0.0,0.6923,0.0,0.0,0.0,13.0,2.7857,0.0,0.0
TgO_Genesis,47,22,0.0,0.0,0.0,0.6667,0.0,0.0,0.0,21.0,3.3636,0.0,0.0
TgO_Genesis,47,23,0.0,0.0,0.0,0.5556,0.0,0.0,0.0,18.0,3.2105,0.0,0.0
TgO_Genesis,47,24,0.0,0.0,0.0,0.65,0.0,0.0,0.0,20.0,2.9048,0.0,0.0
TgO_Genesis,47,25,0.0,0.0,0.0,0.8889,0.0,0.0,0.0,9.0,2.8,0.0,0.0
TgO_Genesis,47,26,0.0,0.0,0.0,0.75,0.0,0.0,0.0,24.0,3.36,0.0,0.0
TgO_Genesis,47,27,0.0,0.0,0.0,0.2727,0.0,0.0,0.0,11.0,3.3333,0.0,0.0
TgO_Genesis,47,28,0.0,0.0,0.0,0.4667,0.0,0.0,0.0,15.0,3.5,0.0,0.0
TgO_Genesis,47,29,0.0,0.0,0.0,0.6296,0.0,0.0,0.0,27.0,2.8929,0.0,0.0
TgO_Genesis,47,30,0.0,0.0,0.0,0.9091,0.0,0.0,0.0,11.0,2.1667,0.0,0.0
TgO_Genesis,47,31,0.0,0.0,0.0,0.5,0.0,0.0,0.0,10.0,2.6364,0.0,0.0
TgO_Genesis,48,01,0.0,0.0,0.0,0.6316,0.0,0.0,0.0,19.0,3.25,0.0,0.0
TgO_Genesis,48,02,0.0,0.0,0.0,0.5385,0.0,0.0,0.0,13.0,3.0,0.0,0.0
TgO_Genesis,48,03,0.0,0.0,0.0,0.5,0.0,0.0,0.0,12.0,3.3846,0.0,0.0
TgO_Genesis,48,04,0.0,0.0,0.0,0.6,0.0,0.0,0.0,20.0,2.6667,0.0,0.0
TgO_Genesis,48,05,0.0,0.0,0.0,0.6842,0.0,0.0,0.0,19.0,3.6,0.0,0.0
TgO_Genesis,48,06,0.0,0.0,0.0,1.0,0.0,0.0,0.0,10.0,2.3636,0.0,0.0
TgO_Genesis,48,07,0.0,0.0,0.0,0.5,0.0,0.0,0.0,20.0,3.5714,0.0,0.0
TgO_Genesis,48,08,0.0,0.0,0.0,0.625,0.0,0.0,0.0,8.0,2.7778,0.0,0.0
TgO_Genesis,48,09,0.0,0.0,0.0,0.7143,0.0,0.0,0.0,14.0,2.7333,0.0,0.0
TgO_Genesis,48,10,0.0,0.0,0.0,0.5714,0.0,0.0,0.0,14.0,2.9333,0.0,0.0
TgO_Genesis,48,11,0.0,0.0,0.0,0.6429,0.0,0.0,0.0,14.0,2.8667,0.0,0.0
TgO_Genesis,48,12,0.0,0.0,0.0,0.6667,0.0,0.0,0.0,9.0,3.0,0.0,0.0
TgO_Genesis,48,13,0.0,0.0,0.0,0.4375,0.0,0.0,0.0,16.0,3.7647,0.0,0.0
TgO_Genesis,48,14,0.0,0.0,0.0,0.55,0.0,0.0,0.0,20.0,3.6667,0.0,0.0
TgO_Genesis,48,15,0.0,0.0,0.0,0.6471,0.0,0.0,0.0,17.0,2.7778,0.0,0.0
TgO_Genesis,48,16,0.0,0.0,0.0,0.7727,0.0,0.0,0.0,22.0,2.913,0.0,0.0
TgO_Genesis,48,17,0.0,0.0,0.0,0.5417,0.0,0.0,0.0,24.0,3.4,0.0,0.0
TgO_Genesis,48,18,0.0,0.0,0.0,0.8462,0.0,0.0,0.0,13.0,2.7143,0.0,0.0
TgO_Genesis,48,19,0.0,0.0,0.0,0.6522,0.0,0.0,0.0,23.0,2.4167,0.0,0.0
TgO_Genesis,48,20,0.0,0.0,0.0,0.5882,0.0,0.0,0.0,17.0,3.2222,0.0,0.0
TgO_Genesis,48,21,0.0,0.0,0.0,0.7692,0.0,0.0,0.0,13.0,3.0,0.0,0.0
TgO_Genesis,48,22,0.0,0.0,0.0,0.75,0.0,0.0,0.0,16.0,2.4706,0.0,0.0
TgO_Genesis,49,01,0.0,0.0,0.0,0.5385,0.0,0.0,0.0,13.0,2.5714,0.0,0.0
TgO_Genesis,49,02,0.0,0.0,0.0,0.6667,0.0,0.0,0.0,9.0,3.3,0.0,0.0
TgO_Genesis,49,03,0.0,0.0,0.0,0.8,0.0,0.0,0.0,15.0,3.375,0.0,0.0
TgO_Genesis,49,04,0.0,0.0,0.0,0.9091,0.0,0.0,0.0,22.0,3.2609,0.0,0.0
TgO_Genesis,49,05,0.0,0.0,0.0,0.8889,0.0,0.0,0.0,9.0,3.3,0.0,0.0
TgO_Genesis,49,06,0.0,0.0,0.0,0.8333,0.0,0.0,0.0,18.0,2.5263,0.0,0.0
TgO_Genesis,49,07,0.0,0.0,0.0,0.8182,0.0,0.0,0.0,11.0,2.6667,0.0,0.0
TgO_Genesis,49,08,0.0,0.0,0.0,0.76,0.0,0.0,0.0,25.0,3.0,0.0,0.0
TgO_Genesis,49,09,0.0,0.0,0.0,0.7727,0.0,0.0,0.0,22.0,2.7826,0.0,0.0
TgO_Genesis,49,10,0.0,0.0,0.0,0.7895,0.0,0.0,0.0,19.0,2.9,0.0,0.0
TgO_Genesis,49,11,0.0,0.0,0.0,0.7083,0.0,0.0,0.0,24.0,3.84,0.0,0.0
TgO_Genesis,49,12,0.0,0.0,0.0,0.8182,0.0,0.0,0.0,11.0,2.4167,0.0,0.0
TgO_Genesis,49,13,0.0,0.0,0.0,0.7059,0.0,0.0,0.0,17.0,2.8889,0.0,0.0
TgO_Genesis,49,14,0.0,0.0,0.0,0.8333,0.0,0.0,0.0,6.0,4.0,0.0,0.0
TgO_Genesis,49,15,0.0,0.0,0.0,0.7083,0.0,0.0,0.0,24.0,2.56,0.0,0.0
TgO_Genesis,49,16,0.0,0.0,0.0,0.7692,0.0,0.0,0.0,13.0,2.9286,0.0,0.0
TgO_Genesis,49,17,0.0,0.0,0.0,0.7714,0.0,0.0,0.0,35.0,2.9167,0.0,0.0
TgO_Genesis,49,18,0.0,0.0,0.0,0.5,0.0,0.0,0.0,3.0,2.75,0.0,0.0
TgO_Genesis,49,19,0.0,0.0,0.0,0.9375,0.0,0.0,0.0,16.0,2.5882,0.0,0.0
TgO_Genesis,49,20,0.0,0.0,0.0,0.8571,0.0,0.0,0.0,7.0,3.375,0.0,0.0
TgO_Genesis,49,21,0.0,0.0,0.0,0.7692,0.0,0.0,0.0,13.0,2.7857,0.0,0.0
TgO_Genesis,49,22,0.0,0.0,0.0,0.8824,0.0,0.0,0.0,17.0,2.8333,0.0,0.0
TgO_Genesis,49,23,0.0,0.0,0.0,0.7778,0.0,0.0,0.0,9.0,2.7,0.0,0.0
TgO_Genesis,49,24,0.0,0.0,0.0,0.7188,0.0,0.0,0.0,32.0,3.5152,0.0,0.0
TgO_Genesis,49,25,0.0,0.0,0.0,0.7143,0.0,0.0,0.0,21.0,3.0455,0.0,0.0
TgO_Genesis,49,26,0.0,0.0,0.0,0.7619,0.0,0.0,0.0,21.0,3.1818,0.0,0.0
TgO_Genesis,49,27,0.0,0.0,0.0,0.7619,0.0,0.0,0.0,21.0,3.1818,0.0,0.0
TgO_Genesis,49,28,0.0,0.0,0.0,0.75,0.0,0.0,0.0,16.0,3.0588,0.0,0.0
TgO_Genesis,49,29,0.0,0.0,0.0,0.6667,0.0,0.0,0.0,15.0,2.8125,0.0,0.0
TgO_Genesis,49,30,0.0,0.0,0.0,0.625,0.0,0.0,0.0,16.0,4.0588,0.0,0.0
TgO_Genesis,49,31,0.0,0.0,0.0,0.2778,0.0,0.0,0.0,18.0,3.5263,0.0,0.0
TgO_Genesis,49,32,0.0,0.0,0.0,1.0,0.0,0.0,0.0,7.0,2.375,0.0,0.0
TgO_Genesis,49,33,0.0,0.0,0.0,0.6364,0.0,0.0,0.0,11.0,2.5,0.0,0.0
TgO_Genesis,50,01,0.0,0.0,0.0,0.5,0.0,0.0,0.0,8.0,3.0,0.0,0.0
TgO_Genesis,50,02,0.0,0.0,0.0,0.4615,0.0,0.0,0.0,13.0,2.7857,0.0,0.0
TgO_Genesis,50,03,0.0,0.0,0.0,0.7143,0.0,0.0,0.0,14.0,3.2,0.0,0.0
TgO_Genesis,50,04,0.0,0.0,0.0,0.7368,0.0,0.0,0.0,19.0,2.9,0.0,0.0
TgO_Genesis,50,05,0.0,0.0,0.0,0.7143,0.0,0.0,0.0,21.0,2.6364,0.0,0.0
TgO_Genesis,50,06,0.0,0.0,0.0,0.8889,0.0,0.0,0.0,9.0,2.6,0.0,0.0
TgO_Genesis,50,07,0.0,0.0,0.0,0.6875,0.0,0.0,0.0,16.0,2.9412,0.0,0.0
TgO_Genesis,50,08,0.0,0.0,0.0,0.5,0.0,0.0,0.0,12.0,3.0,0.0,0.0
TgO_Genesis,50,09,0.0,0.0,0.0,0.8,0.0,0.0,0.0,10.0,2.5455,0.0,0.0
TgO_Genesis,50,10,0.0,0.0,0.0,0.7647,0.0,0.0,0.0,17.0,3.0,0.0,0.0
TgO_Genesis,50,11,0.0,0.0,0.0,0.75,0.0,0.0,0.0,20.0,3.1905,0.0,0.0
TgO_Genesis,50,12,0.0,0.0,0.0,0.8333,0.0,0.0,0.0,6.0,2.7143,0.0,0.0
TgO_Genesis,50,13,0.0,0.0,0.0,0.619,0.0,0.0,0.0,21.0,3.7273,0.0,0.0
TgO_Genesis,50,14,0.0,0.0,0.0,0.5,0.0,0.0,0.0,16.0,2.8235,0.0,0.0
TgO_Genesis,50,15,0.0,0.0,0.0,0.65,0.0,0.0,0.0,20.0,3.0952,0.0,0.0
TgO_Genesis,50,16,0.0,0.0,0.0,0.7,0.0,0.0,0.0,10.0,3.4545,0.0,0.0
TgO_Genesis,50,17,0.0,0.0,0.0,0.6957,0.0,0.0,0.0,23.0,3.0417,0.0,0.0
TgO_Genesis,50,18,0.0,0.0,0.0,0.75,0.0,0.0,0.0,12.0,2.4615,0.0,0.0
TgO_Genesis,50,19,0.0,0.0,0.0,0.5833,0.0,0.0,0.0,12.0,3.3846,0.0,0.0
TgO_Genesis,50,20,0.0,0.0,0.0,0.9333,0.0,0.0,0.0,15.0,2.9375,0.0,0.0
TgO_Genesis,50,21,0.0,0.0,0.0,0.7143,0.0,0.0,0.0,14.0,2.4667,0.0,0.0
TgO_Genesis,50,22,0.0,0.0,0.0,0.5,0.0,0.0,0.0,10.0,2.8182,0.0,0.0
TgO_Genesis,50,23,0.0,0.0,0.0,0.3846,0.0,0.0,0.0,13.0,4.0,0.0,0.0
TgO_Genesis,50,24,0.0,0.0,0.0,0.5263,0.0,0.0,0.0,19.0,3.2,0.0,0.0
TgO_Genesis,50,25,0.0,0.0,0.0,0.5714,0.0,0.0,0.0,14.0,2.8667,0.0,0.0
TgO_Genesis,50,26,0.0,0.0,0.0,0.5455,0.0,0.0,0.0,11.0,2.3333,0.0,0.0
TgO_Exodus,01,01,0.0,0.0,0.0,0.5833,0.0,0.0,0.0,12.0,3.5385,0.0,0.0
TgO_Exodus,01,02,0.0,0.0,0.0,0.25,0.0,0.0,0.0,4.0,4.2,0.0,0.0
TgO_Exodus,01,03,0.0,0.0,0.0,0.5,0.0,0.0,0.0,3.0,4.25,0.0,0.0
TgO_Exodus,01,04,0.0,0.0,0.0,0.25,0.0,0.0,0.0,4.0,2.0,0.0,0.0
TgO_Exodus,01,05,0.0,0.0,0.0,0.6667,0.0,0.0,0.0,12.0,3.4615,0.0,0.0
TgO_Exodus,01,06,0.0,0.0,0.0,0.5714,0.0,0.0,0.0,7.0,2.5,0.0,0.0
TgO_Exodus,01,07,0.0,0.0,0.0,0.4545,0.0,0.0,0.0,11.0,2.8333,0.0,0.0
TgO_Exodus,01,08,0.0,0.0,0.0,0.7778,0.0,0.0,0.0,9.0,3.5,0.0,0.0
TgO_Exodus,01,09,0.0,0.0,0.0,0.6667,0.0,0.0,0.0,9.0,2.5,0.0,0.0
TgO_Exodus,01,10,0.0,0.0,0.0,0.75,0.0,0.0,0.0,20.0,2.7143,0.0,0.0
TgO_Exodus,01,11,0.0,0.0,0.0,0.7333,0.0,0.0,0.0,15.0,3.6875,0.0,0.0
TgO_Exodus,01,12,0.0,0.0,0.0,0.75,0.0,0.0,0.0,12.0,3.1538,0.0,0.0
TgO_Exodus,01,13,0.0,0.0,0.0,0.8333,0.0,0.0,0.0,6.0,3.2857,0.0,0.0
TgO_Exodus,01,14,0.0,0.0,0.0,0.5625,0.0,0.0,0.0,16.0,2.6471,0.0,0.0
TgO_Exodus,01,15,0.0,0.0,0.0,0.6364,0.0,0.0,0.0,11.0,3.75,0.0,0.0
TgO_Exodus,01,16,0.0,0.0,0.0,0.7778,0.0,0.0,0.0,18.0,2.4737,0.0,0.0
TgO_Exodus,01,17,0.0,0.0,0.0,0.7857,0.0,0.0,0.0,14.0,3.3333,0.0,0.0
TgO_Exodus,01,18,0.0,0.0,0.0,0.7692,0.0,0.0,0.0,13.0,4.0,0.0,0.0
TgO_Exodus,01,19,0.0,0.0,0.0,0.8125,0.0,0.0,0.0,16.0,3.0588,0.0,0.0
TgO_Exodus,01,20,0.0,0.0,0.0,0.7143,0.0,0.0,0.0,7.0,2.25,0.0,0.0
TgO_Exodus,01,21,0.0,0.0,0.0,0.7778,0.0,0.0,0.0,9.0,3.0,0.0,0.0
TgO_Exodus,01,22,0.0,0.0,0.0,0.8571,0.0,0.0,0.0,14.0,2.5333,0.0,0.0
TgO_Exodus,02,01,0.0,0.0,0.0,0.625,0.0,0.0,0.0,8.0,2.7778,0.0,0.0
TgO_Exodus,02,02,0.0,0.0,0.0,0.8333,0.0,0.0,0.0,12.0,2.3846,0.0,0.0
TgO_Exodus,02,03,0.0,0.0,0.0,0.6842,0.0,0.0,0.0,19.0,2.65,0.0,0.0
TgO_Exodus,02,04,0.0,0.0,0.0,0.8571,0.0,0.0,0.0,7.0,3.125,0.0,0.0
TgO_Exodus,02,05,0.0,0.0,0.0,0.6842,0.0,0.0,0.0,19.0,2.7,0.0,0.0
TgO_Exodus,02,06,0.0,0.0,0.0,0.7143,0.0,0.0,0.0,14.0,2.4667,0.0,0.0
TgO_Exodus,02,07,0.0,0.0,0.0,0.7333,0.0,0.0,0.0,15.0,3.0,0.0,0.0
TgO_Exodus,02,08,0.0,0.0,0.0,0.7273,0.0,0.0,0.0,11.0,2.5833,0.0,0.0
TgO_Exodus,02,09,0.0,0.0,0.0,0.5789,0.0,0.0,0.0,19.0,2.65,0.0,0.0
TgO_Exodus,02,10,0.0,0.0,0.0,0.625,0.0,0.0,0.0,16.0,2.5882,0.0,0.0
TgO_Exodus,02,11,0.0,0.0,0.0,0.5882,0.0,0.0,0.0,17.0,2.6667,0.0,0.0
TgO_Exodus,02,12,0.0,0.0,0.0,0.6667,0.0,0.0,0.0,12.0,2.3077,0.0,0.0
TgO_Exodus,02,13,0.0,0.0,0.0,0.8571,0.0,0.0,0.0,14.0,2.8,0.0,0.0
TgO_Exodus,02,14,0.0,0.0,0.0,0.8,0.0,0.0,0.0,20.0,2.8571,0.0,0.0
TgO_Exodus,02,15,0.0,0.0,0.0,0.5263,0.0,0.0,0.0,19.0,3.2,0.0,0.0
TgO_Exodus,02,16,0.0,0.0,0.0,0.5,0.0,0.0,0.0,16.0,2.4706,0.0,0.0
TgO_Exodus,02,17,0.0,0.0,0.0,0.4444,0.0,0.0,0.0,9.0,2.2,0.0,0.0
TgO_Exodus,02,18,0.0,0.0,0.0,0.7,0.0,0.0,0.0,10.0,3.2727,0.0,0.0
TgO_Exodus,02,19,0.0,0.0,0.0,0.6923,0.0,0.0,0.0,13.0,2.6429,0.0,0.0
TgO_Exodus,02,20,0.0,0.0,0.0,0.7692,0.0,0.0,0.0,13.0,2.5714,0.0,0.0
TgO_Exodus,02,21,0.0,0.0,0.0,0.6,0.0,0.0,0.0,10.0,3.3636,0.0,0.0
TgO_Exodus,02,22,0.0,0.0,0.0,0.8333,0.0,0.0,0.0,12.0,3.7692,0.0,0.0
TgO_Exodus,02,23,0.0,0.0,0.0,0.6364,0.0,0.0,0.0,22.0,3.3043,0.0,0.0
TgO_Exodus,02,24,0.0,0.0,0.0,0.4667,0.0,0.0,0.0,15.0,3.3125,0.0,0.0
TgO_Exodus,02,25,0.0,0.0,0.0,0.7,0.0,0.0,0.0,10.0,3.0,0.0,0.0
TgO_Exodus,03,01,0.0,0.0,0.0,0.6522,0.0,0.0,0.0,23.0,3.1667,0.0,0.0
TgO_Exodus,03,02,0.0,0.0,0.0,0.625,0.0,0.0,0.0,16.0,2.7059,0.0,0.0
TgO_Exodus,03,03,0.0,0.0,0.0,0.8462,0.0,0.0,0.0,13.0,2.7143,0.0,0.0
TgO_Exodus,03,04,0.0,0.0,0.0,0.5625,0.0,0.0,0.0,16.0,3.0,0.0,0.0
TgO_Exodus,03,05,0.0,0.0,0.0,0.9375,0.0,0.0,0.0,16.0,2.7647,0.0,0.0
TgO_Exodus,03,06,0.0,0.0,0.0,0.5789,0.0,0.0,0.0,19.0,3.6,0.0,0.0
TgO_Exodus,03,07,0.0,0.0,0.0,0.7368,0.0,0.0,0.0,19.0,3.0,0.0,0.0
TgO_Exodus,03,08,0.0,0.0,0.0,0.5455,0.0,0.0,0.0,22.0,2.6087,0.0,0.0
TgO_Exodus,03,09,0.0,0.0,0.0,0.7857,0.0,0.0,0.0,14.0,3.4667,0.0,0.0
TgO_Exodus,03,10,0.0,0.0,0.0,0.6667,0.0,0.0,0.0,12.0,3.1538,0.0,0.0
TgO_Exodus,03,11,0.0,0.0,0.0,0.75,0.0,0.0,0.0,16.0,2.9412,0.0,0.0
TgO_Exodus,03,12,0.0,0.0,0.0,0.8095,0.0,0.0,0.0,21.0,2.5,0.0,0.0
TgO_Exodus,03,13,0.0,0.0,0.0,0.6364,0.0,0.0,0.0,22.0,3.0,0.0,0.0
TgO_Exodus,03,14,0.0,0.0,0.0,0.7143,0.0,0.0,0.0,14.0,3.7895,0.0,0.0
TgO_Exodus,03,15,0.0,0.0,0.0,0.5926,0.0,0.0,0.0,27.0,3.4643,0.0,0.0
TgO_Exodus,03,16,0.0,0.0,0.0,0.5,0.0,0.0,0.0,24.0,3.0,0.0,0.0
TgO_Exodus,03,17,0.0,0.0,0.0,0.625,0.0,0.0,0.0,16.0,2.8235,0.0,0.0
TgO_Exodus,03,18,0.0,0.0,0.0,0.6296,0.0,0.0,0.0,27.0,2.8929,0.0,0.0
TgO_Exodus,03,19,0.0,0.0,0.0,0.8462,0.0,0.0,0.0,13.0,3.0714,0.0,0.0
TgO_Exodus,03,20,0.0,0.0,0.0,0.75,0.0,0.0,0.0,16.0,2.6471,0.0,0.0
TgO_Exodus,03,21,0.0,0.0,0.0,0.8462,0.0,0.0,0.0,13.0,2.6429,0.0,0.0
TgO_Exodus,03,22,0.0,0.0,0.0,0.6667,0.0,0.0,0.0,18.0,2.3158,0.0,0.0
TgO_Exodus,04,01,0.0,0.0,0.0,0.5625,0.0,0.0,0.0,16.0,2.5882,0.0,0.0
TgO_Exodus,04,02,0.0,0.0,0.0,0.7143,0.0,0.0,0.0,7.0,2.625,0.0,0.0
TgO_Exodus,04,03,0.0,0.0,0.0,0.5,0.0,0.0,0.0,10.0,3.0,0.0,0.0
TgO_Exodus,04,04,0.0,0.0,0.0,0.4286,0.0,0.0,0.0,14.0,2.4667,0.0,0.0
TgO_Exodus,04,05,0.0,0.0,0.0,0.5714,0.0,0.0,0.0,14.0,3.8667,0.0,0.0
TgO_Exodus,04,06,0.0,0.0,0.0,0.5625,0.0,0.0,0.0,16.0,2.2941,0.0,0.0
TgO_Exodus,04,07,0.0,0.0,0.0,0.5385,0.0,0.0,0.0,13.0,2.2143,0.0,0.0
TgO_Exodus,04,08,0.0,0.0,0.0,0.6429,0.0,0.0,0.0,14.0,2.4,0.0,0.0
TgO_Exodus,04,09,0.0,0.0,0.0,0.6667,0.0,0.0,0.0,24.0,2.44,0.0,0.0
TgO_Exodus,04,10,0.0,0.0,0.0,0.72,0.0,0.0,0.0,25.0,3.0385,0.0,0.0
TgO_Exodus,04,11,0.0,0.0,0.0,0.65,0.0,0.0,0.0,20.0,2.6667,0.0,0.0
TgO_Exodus,04,12,0.0,0.0,0.0,0.7778,0.0,0.0,0.0,9.0,2.2,0.0,0.0
TgO_Exodus,04,13,0.0,0.0,0.0,0.8889,0.0,0.0,0.0,9.0,2.5,0.0,0.0
TgO_Exodus,04,14,0.0,0.0,0.0,0.6522,0.0,0.0,0.0,23.0,2.875,0.0,0.0
TgO_Exodus,04,15,0.0,0.0,0.0,0.5,0.0,0.0,0.0,16.0,2.2353,0.0,0.0
TgO_Exodus,04,16,0.0,0.0,0.0,0.4286,0.0,0.0,0.0,14.0,2.7333,0.0,0.0
TgO_Exodus,04,17,0.0,0.0,0.0,0.8889,0.0,0.0,0.0,9.0,2.3,0.0,0.0
TgO_Exodus,04,18,0.0,0.0,0.0,0.4583,0.0,0.0,0.0,24.0,3.0,0.0,0.0
TgO_Exodus,04,19,0.0,0.0,0.0,0.8462,0.0,0.0,0.0,13.0,3.0714,0.0,0.0
TgO_Exodus,04,20,0.0,0.0,0.0,0.5909,0.0,0.0,0.0,22.0,2.913,0.0,0.0
TgO_Exodus,04,21,0.0,0.0,0.0,0.6522,0.0,0.0,0.0,23.0,2.75,0.0,0.0
TgO_Exodus,04,22,0.0,0.0,0.0,0.875,0.0,0.0,0.0,8.0,3.1111,0.0,0.0
TgO_Exodus,04,23,0.0,0.0,0.0,0.6471,0.0,0.0,0.0,17.0,2.4444,0.0,0.0
TgO_Exodus,04,24,0.0,0.0,0.0,0.6,0.0,0.0,0.0,10.0,2.6364,0.0,0.0
TgO_Exodus,04,25,0.0,0.0,0.0,0.6875,0.0,0.0,0.0,16.0,3.1176,0.0,0.0
TgO_Exodus,04,26,0.0,0.0,0.0,1.0,0.0,0.0,0.0,11.0,3.0,0.0,0.0
TgO_Exodus,04,27,0.0,0.0,0.0,0.5625,0.0,0.0,0.0,16.0,3.2941,0.0,0.0
TgO_Exodus,04,28,0.0,0.0,0.0,0.6667,0.0,0.0,0.0,12.0,3.0,0.0,0.0
TgO_Exodus,04,29,0.0,0.0,0.0,0.5556,0.0,0.0,0.0,9.0,2.5,0.0,0.0
TgO_Exodus,04,30,0.0,0.0,0.0,0.6923,0.0,0.0,0.0,13.0,2.8571,0.0,0.0
TgO_Exodus,04,31,0.0,0.0,0.0,0.625,0.0,0.0,0.0,16.0,2.5294,0.0,0.0
TgO_Exodus,05,01,0.0,0.0,0.0,0.7778,0.0,0.0,0.0,18.0,2.8421,0.0,0.0
TgO_Exodus,05,02,0.0,0.0,0.0,0.4545,0.0,0.0,0.0,22.0,2.7391,0.0,0.0
TgO_Exodus,05,03,0.0,0.0,0.0,0.8,0.0,0.0,0.0,20.0,2.7143,0.0,0.0
TgO_Exodus,05,04,0.0,0.0,0.0,0.6923,0.0,0.0,0.0,13.0,3.1429,0.0,0.0
TgO_Exodus,05,05,0.0,0.0,0.0,0.9,0.0,0.0,0.0,10.0,2.2727,0.0,0.0
TgO_Exodus,05,06,0.0,0.0,0.0,0.9,0.0,0.0,0.0,10.0,2.6364,0.0,0.0
TgO_Exodus,05,07,0.0,0.0,0.0,0.7857,0.0,0.0,0.0,14.0,2.6667,0.0,0.0
TgO_Exodus,05,08,0.0,0.0,0.0,0.7917,0.0,0.0,0.0,24.0,2.92,0.0,0.0
TgO_Exodus,05,09,0.0,0.0,0.0,0.8,0.0,0.0,0.0,10.0,2.5455,0.0,0.0
TgO_Exodus,05,10,0.0,0.0,0.0,0.6667,0.0,0.0,0.0,15.0,2.9375,0.0,0.0
TgO_Exodus,05,11,0.0,0.0,0.0,0.8333,0.0,0.0,0.0,12.0,3.0,0.0,0.0
TgO_Exodus,05,12,0.0,0.0,0.0,0.875,0.0,0.0,0.0,8.0,2.5556,0.0,0.0
TgO_Exodus,05,13,0.0,0.0,0.0,0.9333,0.0,0.0,0.0,15.0,3.1875,0.0,0.0
TgO_Exodus,05,14,0.0,0.0,0.0,0.8182,0.0,0.0,0.0,22.0,3.0,0.0,0.0
TgO_Exodus,05,15,0.0,0.0,0.0,0.75,0.0,0.0,0.0,12.0,2.8462,0.0,0.0
TgO_Exodus,05,16,0.0,0.0,0.0,0.6429,0.0,0.0,0.0,14.0,2.5333,0.0,0.0
TgO_Exodus,05,17,0.0,0.0,0.0,0.75,0.0,0.0,0.0,12.0,3.3846,0.0,0.0
TgO_Exodus,05,18,0.0,0.0,0.0,0.7,0.0,0.0,0.0,10.0,2.5455,0.0,0.0
TgO_Exodus,05,19,0.0,0.0,0.0,0.9231,0.0,0.0,0.0,13.0,2.6429,0.0,0.0
TgO_Exodus,05,20,0.0,0.0,0.0,0.7,0.0,0.0,0.0,10.0,3.5455,0.0,0.0
TgO_Exodus,05,21,0.0,0.0,0.0,0.7647,0.0,0.0,0.0,17.0,2.6667,0.0,0.0
TgO_Exodus,05,22,0.0,0.0,0.0,0.6923,0.0,0.0,0.0,13.0,2.7857,0.0,0.0
TgO_Exodus,05,23,0.0,0.0,0.0,0.8571,0.0,0.0,0.0,14.0,2.4667,0.0,0.0
TgO_Exodus,06,01,0.0,0.0,0.0,0.8,0.0,0.0,0.0,15.0,3.0,0.0,0.0
TgO_Exodus,06,02,0.0,0.0,0.0,0.5,0.0,0.0,0.0,8.0,2.6667,0.0,0.0
TgO_Exodus,06,03,0.0,0.0,0.0,0.5455,0.0,0.0,0.0,11.0,3.1667,0.0,0.0
TgO_Exodus,06,04,0.0,0.0,0.0,0.6667,0.0,0.0,0.0,15.0,3.0625,0.0,0.0
TgO_Exodus,06,05,0.0,0.0,0.0,0.7692,0.0,0.0,0.0,13.0,2.9286,0.0,0.0
TgO_Exodus,06,06,0.0,0.0,0.0,0.7143,0.0,0.0,0.0,21.0,2.8636,0.0,0.0
TgO_Exodus,06,07,0.0,0.0,0.0,0.7222,0.0,0.0,0.0,18.0,3.0,0.0,0.0
TgO_Exodus,06,08,0.0,0.0,0.0,0.5625,0.0,0.0,0.0,16.0,3.0,0.0,0.0
TgO_Exodus,06,09,0.0,0.0,0.0,0.625,0.0,0.0,0.0,16.0,2.6471,0.0,0.0
TgO_Exodus,06,10,0.0,0.0,0.0,0.8,0.0,0.0,0.0,5.0,2.5,0.0,0.0
TgO_Exodus,06,11,0.0,0.0,0.0,0.8182,0.0,0.0,0.0,11.0,2.8333,0.0,0.0
TgO_Exodus,06,12,0.0,0.0,0.0,0.6667,0.0,0.0,0.0,18.0,2.7895,0.0,0.0
TgO_Exodus,06,13,0.0,0.0,0.0,0.5263,0.0,0.0,0.0,19.0,3.05,0.0,0.0
TgO_Exodus,06,14,0.0,0.0,0.0,0.5,0.0,0.0,0.0,14.0,4.4,0.0,0.0
TgO_Exodus,06,15,0.0,0.0,0.0,0.3846,0.0,0.0,0.0,13.0,3.2857,0.0,0.0
TgO_Exodus,06,16,0.0,0.0,0.0,0.4667,0.0,0.0,0.0,15.0,3.0625,0.0,0.0
TgO_Exodus,06,17,0.0,0.0,0.0,0.6,0.0,0.0,0.0,5.0,2.8333,0.0,0.0
TgO_Exodus,06,18,0.0,0.0,0.0,0.3077,0.0,0.0,0.0,13.0,2.8571,0.0,0.0
TgO_Exodus,06,19,0.0,0.0,0.0,0.625,0.0,0.0,0.0,8.0,3.7778,0.0,0.0
TgO_Exodus,06,20,0.0,0.0,0.0,0.381,0.0,0.0,0.0,21.0,3.1818,0.0,0.0
TgO_Exodus,06,21,0.0,0.0,0.0,0.2,0.0,0.0,0.0,5.0,2.1667,0.0,0.0
TgO_Exodus,06,22,0.0,0.0,0.0,0.2,0.0,0.0,0.0,5.0,2.6667,0.0,0.0
TgO_Exodus,06,23,0.0,0.0,0.0,0.25,0.0,0.0,0.0,20.0,4.381,0.0,0.0
TgO_Exodus,06,24,0.0,0.0,0.0,0.375,0.0,0.0,0.0,8.0,3.2222,0.0,0.0
TgO_Exodus,06,25,0.0,0.0,0.0,0.6111,0.0,0.0,0.0,18.0,3.4211,0.0,0.0
TgO_Exodus,06,26,0.0,0.0,0.0,0.7143,0.0,0.0,0.0,14.0,3.1333,0.0,0.0
TgO_Exodus,06,27,0.0,0.0,0.0,0.7857,0.0,0.0,0.0,14.0,3.0667,0.0,0.0
TgO_Exodus,06,28,0.0,0.0,0.0,0.625,0.0,0.0,0.0,8.0,3.3333,0.0,0.0
TgO_Exodus,06,29,0.0,0.0,0.0,0.5882,0.0,0.0,0.0,17.0,2.8333,0.0,0.0
TgO_Exodus,06,30,0.0,0.0,0.0,0.8182,0.0,0.0,0.0,11.0,2.9167,0.0,0.0
TgO_Exodus,07,01,0.0,0.0,0.0,0.8182,0.0,0.0,0.0,11.0,2.9167,0.0,0.0
TgO_Exodus,07,02,0.0,0.0,0.0,0.7333,0.0,0.0,0.0,15.0,2.4375,0.0,0.0
TgO_Exodus,07,03,0.0,0.0,0.0,0.6667,0.0,0.0,0.0,12.0,2.9231,0.0,0.0
TgO_Exodus,07,04,0.0,0.0,0.0,0.65,0.0,0.0,0.0,20.0,2.6667,0.0,0.0
TgO_Exodus,07,05,0.0,0.0,0.0,0.7647,0.0,0.0,0.0,17.0,3.3333,0.0,0.0
TgO_Exodus,07,06,0.0,0.0,0.0,0.7778,0.0,0.0,0.0,9.0,2.8,0.0,0.0
TgO_Exodus,07,07,0.0,0.0,0.0,0.5833,0.0,0.0,0.0,12.0,2.6154,0.0,0.0
TgO_Exodus,07,08,0.0,0.0,0.0,0.6,0.0,0.0,0.0,5.0,2.8333,0.0,0.0
TgO_Exodus,07,09,0.0,0.0,0.0,0.7778,0.0,0.0,0.0,18.0,3.0526,0.0,0.0
TgO_Exodus,07,10,0.0,0.0,0.0,0.6,0.0,0.0,0.0,20.0,2.9524,0.0,0.0
TgO_Exodus,07,11,0.0,0.0,0.0,0.6667,0.0,0.0,0.0,12.0,2.8462,0.0,0.0
TgO_Exodus,07,12,0.0,0.0,0.0,0.5,0.0,0.0,0.0,10.0,2.9091,0.0,0.0
TgO_Exodus,07,13,0.0,0.0,0.0,0.8889,0.0,0.0,0.0,9.0,2.7,0.0,0.0
TgO_Exodus,07,14,0.0,0.0,0.0,0.8889,0.0,0.0,0.0,9.0,2.9,0.0,0.0
TgO_Exodus,07,15,0.0,0.0,0.0,0.8235,0.0,0.0,0.0,17.0,3.1111,0.0,0.0
TgO_Exodus,07,16,0.0,0.0,0.0,0.7895,0.0,0.0,0.0,19.0,2.6,0.0,0.0
TgO_Exodus,07,17,0.0,0.0,0.0,0.7059,0.0,0.0,0.0,17.0,2.5556,0.0,0.0
TgO_Exodus,07,18,0.0,0.0,0.0,0.7273,0.0,0.0,0.0,11.0,2.5,0.0,0.0
TgO_Exodus,07,19,0.0,0.0,0.0,0.5588,0.0,0.0,0.0,34.0,3.0286,0.0,0.0
TgO_Exodus,07,20,0.0,0.0,0.0,0.5909,0.0,0.0,0.0,22.0,2.6957,0.0,0.0
TgO_Exodus,07,21,0.0,0.0,0.0,0.6471,0.0,0.0,0.0,17.0,2.7222,0.0,0.0
TgO_Exodus,07,22,0.0,0.0,0.0,0.7857,0.0,0.0,0.0,14.0,2.7333,0.0,0.0
TgO_Exodus,07,23,0.0,0.0,0.0,0.7778,0.0,0.0,0.0,9.0,2.1,0.0,0.0
TgO_Exodus,07,24,0.0,0.0,0.0,0.9231,0.0,0.0,0.0,13.0,2.7143,0.0,0.0
TgO_Exodus,07,25,0.0,0.0,0.0,1.0,0.0,0.0,0.0,8.0,2.4444,0.0,0.0
TgO_Exodus,07,26,0.0,0.0,0.0,0.6875,0.0,0.0,0.0,16.0,2.9412,0.0,0.0
TgO_Exodus,07,27,0.0,0.0,0.0,1.0,0.0,0.0,0.0,10.0,2.4545,0.0,0.0
TgO_Exodus,07,28,0.0,0.0,0.0,0.4375,0.0,0.0,0.0,16.0,3.0,0.0,0.0
TgO_Exodus,07,29,0.0,0.0,0.0,0.6667,0.0,0.0,0.0,6.0,2.5714,0.0,0.0
TgO_Exodus,08,01,0.0,0.0,0.0,0.619,0.0,0.0,0.0,21.0,3.0455,0.0,0.0
TgO_Exodus,08,02,0.0,0.0,0.0,0.6154,0.0,0.0,0.0,13.0,3.2143,0.0,0.0
TgO_Exodus,08,03,0.0,0.0,0.0,0.8,0.0,0.0,0.0,10.0,2.8182,0.0,0.0
TgO_Exodus,08,04,0.0,0.0,0.0,0.5,0.0,0.0,0.0,18.0,2.5789,0.0,0.0
TgO_Exodus,08,05,0.0,0.0,0.0,0.7391,0.0,0.0,0.0,23.0,3.0,0.0,0.0
TgO_Exodus,08,06,0.0,0.0,0.0,0.8,0.0,0.0,0.0,10.0,2.4545,0.0,0.0
TgO_Exodus,08,07,0.0,0.0,0.0,0.6667,0.0,0.0,0.0,9.0,2.5,0.0,0.0
TgO_Exodus,08,08,0.0,0.0,0.0,0.6154,0.0,0.0,0.0,13.0,3.7143,0.0,0.0
TgO_Exodus,08,09,0.0,0.0,0.0,0.6667,0.0,0.0,0.0,12.0,2.7692,0.0,0.0
TgO_Exodus,08,10,0.0,0.0,0.0,0.8571,0.0,0.0,0.0,7.0,2.5,0.0,0.0
TgO_Exodus,08,11,0.0,0.0,0.0,0.8571,0.0,0.0,0.0,14.0,2.7333,0.0,0.0
TgO_Exodus,08,12,0.0,0.0,0.0,0.5882,0.0,0.0,0.0,17.0,3.3889,0.0,0.0
TgO_Exodus,08,13,0.0,0.0,0.0,0.4348,0.0,0.0,0.0,23.0,2.7917,0.0,0.0
TgO_Exodus,08,14,0.0,0.0,0.0,0.6154,0.0,0.0,0.0,13.0,2.3571,0.0,0.0
TgO_Exodus,08,15,0.0,0.0,0.0,0.75,0.0,0.0,0.0,16.0,3.0588,0.0,0.0
TgO_Exodus,08,16,0.0,0.0,0.0,0.6,0.0,0.0,0.0,20.0,2.9048,0.0,0.0
TgO_Exodus,08,17,0.0,0.0,0.0,0.6087,0.0,0.0,0.0,23.0,2.6667,0.0,0.0
TgO_Exodus,08,18,0.0,0.0,0.0,0.8636,0.0,0.0,0.0,22.0,3.0435,0.0,0.0
TgO_Exodus,08,19,0.0,0.0,0.0,0.8182,0.0,0.0,0.0,11.0,2.5,0.0,0.0
TgO_Exodus,08,20,0.0,0.0,0.0,0.6471,0.0,0.0,0.0,17.0,3.1111,0.0,0.0
TgO_Exodus,08,21,0.0,0.0,0.0,0.7,0.0,0.0,0.0,10.0,2.5455,0.0,0.0
TgO_Exodus,08,22,0.0,0.0,0.0,0.7419,0.0,0.0,0.0,31.0,3.0,0.0,0.0
TgO_Exodus,08,23,0.0,0.0,0.0,0.9167,0.0,0.0,0.0,12.0,3.1538,0.0,0.0
TgO_Exodus,08,24,0.0,0.0,0.0,0.8889,0.0,0.0,0.0,18.0,2.5789,0.0,0.0
TgO_Exodus,08,25,0.0,0.0,0.0,0.6667,0.0,0.0,0.0,27.0,2.8571,0.0,0.0
TgO_Exodus,08,26,0.0,0.0,0.0,0.7143,0.0,0.0,0.0,7.0,3.125,0.0,0.0
TgO_Exodus,08,27,0.0,0.0,0.0,0.6667,0.0,0.0,0.0,12.0,2.5385,0.0,0.0
TgO_Exodus,08,28,0.0,0.0,0.0,0.8182,0.0,0.0,0.0,11.0,2.1667,0.0,0.0
TgO_Exodus,09,01,0.0,0.0,0.0,0.7222,0.0,0.0,0.0,18.0,2.9474,0.0,0.0
TgO_Exodus,09,02,0.0,0.0,0.0,0.9167,0.0,0.0,0.0,12.0,2.3846,0.0,0.0
TgO_Exodus,09,03,0.0,0.0,0.0,0.7333,0.0,0.0,0.0,15.0,2.6875,0.0,0.0
TgO_Exodus,09,04,0.0,0.0,0.0,0.6429,0.0,0.0,0.0,14.0,3.0667,0.0,0.0
TgO_Exodus,09,05,0.0,0.0,0.0,0.9,0.0,0.0,0.0,10.0,2.6364,0.0,0.0
TgO_Exodus,09,06,0.0,0.0,0.0,0.8235,0.0,0.0,0.0,17.0,2.6111,0.0,0.0
TgO_Exodus,09,07,0.0,0.0,0.0,0.6875,0.0,0.0,0.0,16.0,2.4706,0.0,0.0
TgO_Exodus,09,08,0.0,0.0,0.0,0.75,0.0,0.0,0.0,16.0,3.5294,0.0,0.0
TgO_Exodus,09,09,0.0,0.0,0.0,0.6471,0.0,0.0,0.0,17.0,3.2778,0.0,0.0
TgO_Exodus,09,10,0.0,0.0,0.0,0.6667,0.0,0.0,0.0,18.0,3.0526,0.0,0.0
TgO_Exodus,09,11,0.0,0.0,0.0,0.7857,0.0,0.0,0.0,14.0,3.2,0.0,0.0
TgO_Exodus,09,12,0.0,0.0,0.0,0.7692,0.0,0.0,0.0,13.0,2.8571,0.0,0.0
TgO_Exodus,09,13,0.0,0.0,0.0,0.6,0.0,0.0,0.0,20.0,2.8095,0.0,0.0
TgO_Exodus,09,14,0.0,0.0,0.0,0.7895,0.0,0.0,0.0,19.0,2.7,0.0,0.0
TgO_Exodus,09,15,0.0,0.0,0.0,0.8824,0.0,0.0,0.0,17.0,2.6111,0.0,0.0
TgO_Exodus,09,16,0.0,0.0,0.0,0.8667,0.0,0.0,0.0,15.0,2.6875,0.0,0.0
TgO_Exodus,09,17,0.0,0.0,0.0,0.8889,0.0,0.0,0.0,9.0,2.6,0.0,0.0
TgO_Exodus,09,18,0.0,0.0,0.0,1.0,0.0,0.0,0.0,18.0,2.7895,0.0,0.0
TgO_Exodus,09,19,0.0,0.0,0.0,0.5714,0.0,0.0,0.0,21.0,2.4091,0.0,0.0
TgO_Exodus,09,20,0.0,0.0,0.0,1.0,0.0,0.0,0.0,11.0,2.6667,0.0,0.0
TgO_Exodus,09,21,0.0,0.0,0.0,0.9091,0.0,0.0,0.0,11.0,2.5,0.0,0.0
TgO_Exodus,09,22,0.0,0.0,0.0,0.6957,0.0,0.0,0.0,23.0,3.125,0.0,0.0
TgO_Exodus,09,23,0.0,0.0,0.0,0.6,0.0,0.0,0.0,20.0,2.9524,0.0,0.0
TgO_Exodus,09,24,0.0,0.0,0.0,0.7647,0.0,0.0,0.0,17.0,3.3333,0.0,0.0
TgO_Exodus,09,25,0.0,0.0,0.0,0.5909,0.0,0.0,0.0,22.0,2.6522,0.0,0.0
TgO_Exodus,09,26,0.0,0.0,0.0,0.7778,0.0,0.0,0.0,9.0,3.2,0.0,0.0
TgO_Exodus,09,27,0.0,0.0,0.0,0.5333,0.0,0.0,0.0,15.0,2.9375,0.0,0.0
TgO_Exodus,09,28,0.0,0.0,0.0,0.75,0.0,0.0,0.0,20.0,2.619,0.0,0.0
TgO_Exodus,09,29,0.0,0.0,0.0,0.7826,0.0,0.0,0.0,23.0,2.625,0.0,0.0
TgO_Exodus,09,30,0.0,0.0,0.0,0.9091,0.0,0.0,0.0,11.0,2.9167,0.0,0.0
TgO_Exodus,09,31,0.0,0.0,0.0,0.75,0.0,0.0,0.0,8.0,2.7778,0.0,0.0
TgO_Exodus,09,32,0.0,0.0,0.0,0.8571,0.0,0.0,0.0,7.0,2.375,0.0,0.0
TgO_Exodus,09,33,0.0,0.0,0.0,0.7619,0.0,0.0,0.0,21.0,2.6818,0.0,0.0
TgO_Exodus,09,34,0.0,0.0,0.0,0.5625,0.0,0.0,0.0,16.0,2.2941,0.0,0.0
TgO_Exodus,09,35,0.0,0.0,0.0,0.7692,0.0,0.0,0.0,13.0,3.1429,0.0,0.0
TgO_Exodus,10,01,0.0,0.0,0.0,0.8421,0.0,0.0,0.0,19.0,2.75,0.0,0.0
TgO_Exodus,10,02,0.0,0.0,0.0,0.7222,0.0,0.0,0.0,18.0,2.4211,0.0,0.0
TgO_Exodus,10,03,0.0,0.0,0.0,0.7727,0.0,0.0,0.0,22.0,3.1304,0.0,0.0
TgO_Exodus,10,04,0.0,0.0,0.0,1.0,0.0,0.0,0.0,12.0,2.4615,0.0,0.0
TgO_Exodus,10,05,0.0,0.0,0.0,0.5769,0.0,0.0,0.0,26.0,2.8148,0.0,0.0
TgO_Exodus,10,06,0.0,0.0,0.0,0.7083,0.0,0.0,0.0,24.0,2.48,0.0,0.0
TgO_Exodus,10,07,0.0,0.0,0.0,0.8333,0.0,0.0,0.0,24.0,3.12,0.0,0.0
TgO_Exodus,10,08,0.0,0.0,0.0,0.6,0.0,0.0,0.0,15.0,2.875,0.0,0.0
TgO_Exodus,10,09,0.0,0.0,0.0,0.5333,0.0,0.0,0.0,15.0,2.6875,0.0,0.0
TgO_Exodus,10,10,0.0,0.0,0.0,0.9091,0.0,0.0,0.0,22.0,3.0,0.0,0.0
TgO_Exodus,10,11,0.0,0.0,0.0,0.875,0.0,0.0,0.0,16.0,2.8824,0.0,0.0
TgO_Exodus,10,12,0.0,0.0,0.0,0.5417,0.0,0.0,0.0,24.0,2.68,0.0,0.0
TgO_Exodus,10,13,0.0,0.0,0.0,0.6667,0.0,0.0,0.0,24.0,3.32,0.0,0.0
TgO_Exodus,10,14,0.0,0.0,0.0,0.6364,0.0,0.0,0.0,22.0,3.0,0.0,0.0
TgO_Exodus,10,15,0.0,0.0,0.0,0.4828,0.0,0.0,0.0,29.0,2.6333,0.0,0.0
TgO_Exodus,10,16,0.0,0.0,0.0,0.6364,0.0,0.0,0.0,11.0,2.8333,0.0,0.0
TgO_Exodus,10,17,0.0,0.0,0.0,0.8824,0.0,0.0,0.0,17.0,2.6111,0.0,0.0
TgO_Exodus,10,18,0.0,0.0,0.0,0.8333,0.0,0.0,0.0,6.0,2.8571,0.0,0.0
TgO_Exodus,10,19,0.0,0.0,0.0,0.7368,0.0,0.0,0.0,19.0,3.05,0.0,0.0
TgO_Exodus,10,20,0.0,0.0,0.0,0.7,0.0,0.0,0.0,10.0,2.5455,0.0,0.0
TgO_Exodus,10,21,0.0,0.0,0.0,0.8125,0.0,0.0,0.0,16.0,3.1765,0.0,0.0
TgO_Exodus,10,22,0.0,0.0,0.0,0.7857,0.0,0.0,0.0,14.0,3.1333,0.0,0.0
TgO_Exodus,10,23,0.0,0.0,0.0,0.8824,0.0,0.0,0.0,17.0,2.8333,0.0,0.0
TgO_Exodus,10,24,0.0,0.0,0.0,0.75,0.0,0.0,0.0,16.0,2.6471,0.0,0.0
TgO_Exodus,10,25,0.0,0.0,0.0,0.7692,0.0,0.0,0.0,13.0,2.5714,0.0,0.0
TgO_Exodus,10,26,0.0,0.0,0.0,0.7586,0.0,0.0,0.0,29.0,2.8,0.0,0.0
TgO_Exodus,10,27,0.0,0.0,0.0,0.875,0.0,0.0,0.0,8.0,2.3333,0.0,0.0
TgO_Exodus,10,28,0.0,0.0,0.0,0.75,0.0,0.0,0.0,16.0,3.1765,0.0,0.0
TgO_Exodus,10,29,0.0,0.0,0.0,0.8889,0.0,0.0,0.0,9.0,2.7,0.0,0.0
TgO_Exodus,11,01,0.0,0.0,0.0,0.7727,0.0,0.0,0.0,22.0,2.8261,0.0,0.0
TgO_Exodus,11,02,0.0,0.0,0.0,0.8,0.0,0.0,0.0,15.0,2.5,0.0,0.0
TgO_Exodus,11,03,0.0,0.0,0.0,0.7,0.0,0.0,0.0,20.0,3.0476,0.0,0.0
TgO_Exodus,11,04,0.0,0.0,0.0,0.7273,0.0,0.0,0.0,11.0,3.25,0.0,0.0
TgO_Exodus,11,05,0.0,0.0,0.0,0.75,0.0,0.0,0.0,20.0,3.0476,0.0,0.0
TgO_Exodus,11,06,0.0,0.0,0.0,0.75,0.0,0.0,0.0,12.0,2.7692,0.0,0.0
TgO_Exodus,11,07,0.0,0.0,0.0,0.7895,0.0,0.0,0.0,19.0,2.9,0.0,0.0
TgO_Exodus,11,08,0.0,0.0,0.0,0.7143,0.0,0.0,0.0,21.0,2.6364,0.0,0.0
TgO_Exodus,11,09,0.0,0.0,0.0,0.8333,0.0,0.0,0.0,12.0,3.3077,0.0,0.0
TgO_Exodus,11,10,0.0,0.0,0.0,0.65,0.0,0.0,0.0,20.0,2.619,0.0,0.0
TgO_Exodus,12,01,0.0,0.0,0.0,0.5714,0.0,0.0,0.0,7.0,3.125,0.0,0.0
TgO_Exodus,12,02,0.0,0.0,0.0,0.6,0.0,0.0,0.0,10.0,3.2727,0.0,0.0
TgO_Exodus,12,03,0.0,0.0,0.0,0.7059,0.0,0.0,0.0,17.0,3.2778,0.0,0.0
TgO_Exodus,12,04,0.0,0.0,0.0,0.7368,0.0,0.0,0.0,19.0,2.6,0.0,0.0
TgO_Exodus,12,05,0.0,0.0,0.0,0.7692,0.0,0.0,0.0,13.0,3.2143,0.0,0.0
TgO_Exodus,12,06,0.0,0.0,0.0,0.8125,0.0,0.0,0.0,16.0,3.3529,0.0,0.0
TgO_Exodus,12,07,0.0,0.0,0.0,0.7857,0.0,0.0,0.0,14.0,2.1333,0.0,0.0
TgO_Exodus,12,08,0.0,0.0,0.0,0.9091,0.0,0.0,0.0,11.0,2.3333,0.0,0.0
TgO_Exodus,12,09,0.0,0.0,0.0,0.7895,0.0,0.0,0.0,19.0,2.35,0.0,0.0
TgO_Exodus,12,10,0.0,0.0,0.0,0.6364,0.0,0.0,0.0,11.0,2.1667,0.0,0.0
TgO_Exodus,12,11,0.0,0.0,0.0,0.7647,0.0,0.0,0.0,17.0,2.6111,0.0,0.0
TgO_Exodus,12,12,0.0,0.0,0.0,0.65,0.0,0.0,0.0,20.0,2.8571,0.0,0.0
TgO_Exodus,12,13,0.0,0.0,0.0,0.5714,0.0,0.0,0.0,21.0,2.6364,0.0,0.0
TgO_Exodus,12,14,0.0,0.0,0.0,0.8571,0.0,0.0,0.0,14.0,2.8,0.0,0.0
TgO_Exodus,12,15,0.0,0.0,0.0,0.7826,0.0,0.0,0.0,23.0,3.1667,0.0,0.0
TgO_Exodus,12,16,0.0,0.0,0.0,0.68,0.0,0.0,0.0,25.0,3.3462,0.0,0.0
TgO_Exodus,12,17,0.0,0.0,0.0,0.6842,0.0,0.0,0.0,19.0,2.75,0.0,0.0
TgO_Exodus,12,18,0.0,0.0,0.0,0.6,0.0,0.0,0.0,15.0,2.5,0.0,0.0
TgO_Exodus,12,19,0.0,0.0,0.0,0.8333,0.0,0.0,0.0,18.0,2.8421,0.0,0.0
TgO_Exodus,12,20,0.0,0.0,0.0,0.875,0.0,0.0,0.0,8.0,2.6667,0.0,0.0
TgO_Exodus,12,21,0.0,0.0,0.0,0.5625,0.0,0.0,0.0,16.0,3.1176,0.0,0.0
TgO_Exodus,12,22,0.0,0.0,0.0,0.7619,0.0,0.0,0.0,21.0,2.4091,0.0,0.0
TgO_Exodus,12,23,0.0,0.0,0.0,0.6522,0.0,0.0,0.0,23.0,2.5,0.0,0.0
TgO_Exodus,12,24,0.0,0.0,0.0,0.7778,0.0,0.0,0.0,9.0,2.4,0.0,0.0
TgO_Exodus,12,25,0.0,0.0,0.0,0.8462,0.0,0.0,0.0,13.0,3.1429,0.0,0.0
TgO_Exodus,12,26,0.0,0.0,0.0,0.7778,0.0,0.0,0.0,9.0,3.3,0.0,0.0
TgO_Exodus,12,27,0.0,0.0,0.0,0.7727,0.0,0.0,0.0,22.0,2.5217,0.0,0.0
TgO_Exodus,12,28,0.0,0.0,0.0,0.6667,0.0,0.0,0.0,12.0,2.8462,0.0,0.0
TgO_Exodus,12,29,0.0,0.0,0.0,0.625,0.0,0.0,0.0,24.0,3.84,0.0,0.0
TgO_Exodus,12,30,0.0,0.0,0.0,0.75,0.0,0.0,0.0,20.0,2.5238,0.0,0.0
TgO_Exodus,12,31,0.0,0.0,0.0,0.7143,0.0,0.0,0.0,21.0,2.9091,0.0,0.0
TgO_Exodus,12,32,0.0,0.0,0.0,0.7273,0.0,0.0,0.0,11.0,2.4167,0.0,0.0
TgO_Exodus,12,33,0.0,0.0,0.0,1.0,0.0,0.0,0.0,12.0,2.4615,0.0,0.0
TgO_Exodus,12,34,0.0,0.0,0.0,0.9231,0.0,0.0,0.0,13.0,2.6429,0.0,0.0
TgO_Exodus,12,35,0.0,0.0,0.0,0.5833,0.0,0.0,0.0,12.0,2.7692,0.0,0.0
TgO_Exodus,12,36,0.0,0.0,0.0,0.7273,0.0,0.0,0.0,11.0,3.0833,0.0,0.0
TgO_Exodus,12,37,0.0,0.0,0.0,0.8333,0.0,0.0,0.0,12.0,3.2308,0.0,0.0
TgO_Exodus,12,38,0.0,0.0,0.0,0.7,0.0,0.0,0.0,10.0,2.7273,0.0,0.0
TgO_Exodus,12,39,0.0,0.0,0.0,0.7143,0.0,0.0,0.0,21.0,2.8182,0.0,0.0
TgO_Exodus,12,40,0.0,0.0,0.0,0.6364,0.0,0.0,0.0,11.0,2.4167,0.0,0.0
TgO_Exodus,12,41,0.0,0.0,0.0,0.8125,0.0,0.0,0.0,16.0,2.8824,0.0,0.0
TgO_Exodus,12,42,0.0,0.0,0.0,0.6111,0.0,0.0,0.0,18.0,3.0526,0.0,0.0
TgO_Exodus,12,43,0.0,0.0,0.0,0.7857,0.0,0.0,0.0,14.0,2.6667,0.0,0.0
TgO_Exodus,12,44,0.0,0.0,0.0,0.9,0.0,0.0,0.0,10.0,2.4545,0.0,0.0
TgO_Exodus,12,45,0.0,0.0,0.0,1.0,0.0,0.0,0.0,5.0,2.1667,0.0,0.0
TgO_Exodus,12,46,0.0,0.0,0.0,0.7857,0.0,0.0,0.0,14.0,2.2667,0.0,0.0
TgO_Exodus,12,47,0.0,0.0,0.0,0.8,0.0,0.0,0.0,5.0,3.1667,0.0,0.0
TgO_Exodus,12,48,0.0,0.0,0.0,0.7826,0.0,0.0,0.0,23.0,2.5833,0.0,0.0
TgO_Exodus,12,49,0.0,0.0,0.0,1.0,0.0,0.0,0.0,7.0,2.75,0.0,0.0
TgO_Exodus,12,50,0.0,0.0,0.0,0.6923,0.0,0.0,0.0,13.0,2.9286,0.0,0.0
TgO_Exodus,12,51,0.0,0.0,0.0,0.8462,0.0,0.0,0.0,13.0,2.9286,0.0,0.0
TgO_Exodus,13,01,0.0,0.0,0.0,0.8,0.0,0.0,0.0,5.0,2.1667,0.0,0.0
TgO_Exodus,13,02,0.0,0.0,0.0,0.7692,0.0,0.0,0.0,13.0,2.7143,0.0,0.0
TgO_Exodus,13,03,0.0,0.0,0.0,0.7273,0.0,0.0,0.0,22.0,2.7826,0.0,0.0
TgO_Exodus,13,04,0.0,0.0,0.0,1.0,0.0,0.0,0.0,6.0,3.1429,0.0,0.0
TgO_Exodus,13,05,0.0,0.0,0.0,0.6667,0.0,0.0,0.0,24.0,2.76,0.0,0.0
TgO_Exodus,13,06,0.0,0.0,0.0,1.0,0.0,0.0,0.0,9.0,2.8,0.0,0.0
TgO_Exodus,13,07,0.0,0.0,0.0,0.7333,0.0,0.0,0.0,15.0,2.8125,0.0,0.0
TgO_Exodus,13,08,0.0,0.0,0.0,0.8333,0.0,0.0,0.0,12.0,2.4615,0.0,0.0
TgO_Exodus,13,09,0.0,0.0,0.0,0.7143,0.0,0.0,0.0,21.0,2.5909,0.0,0.0
TgO_Exodus,13,10,0.0,0.0,0.0,0.7778,0.0,0.0,0.0,9.0,2.3,0.0,0.0
TgO_Exodus,13,11,0.0,0.0,0.0,0.6667,0.0,0.0,0.0,12.0,3.0,0.0,0.0
TgO_Exodus,13,12,0.0,0.0,0.0,0.5625,0.0,0.0,0.0,16.0,3.0,0.0,0.0
TgO_Exodus,13,13,0.0,0.0,0.0,0.4667,0.0,0.0,0.0,15.0,2.8125,0.0,0.0
TgO_Exodus,13,14,0.0,0.0,0.0,0.8235,0.0,0.0,0.0,17.0,2.4444,0.0,0.0
TgO_Exodus,13,15,0.0,0.0,0.0,0.6667,0.0,0.0,0.0,30.0,3.0,0.0,0.0
TgO_Exodus,13,16,0.0,0.0,0.0,0.8,0.0,0.0,0.0,15.0,2.3125,0.0,0.0
TgO_Exodus,13,17,0.0,0.0,0.0,0.72,0.0,0.0,0.0,25.0,2.9231,0.0,0.0
TgO_Exodus,13,18,0.0,0.0,0.0,0.7143,0.0,0.0,0.0,14.0,3.0,0.0,0.0
TgO_Exodus,13,19,0.0,0.0,0.0,0.5,0.0,0.0,0.0,22.0,2.6522,0.0,0.0
TgO_Exodus,13,20,0.0,0.0,0.0,0.8333,0.0,0.0,0.0,6.0,2.2857,0.0,0.0
TgO_Exodus,13,21,0.0,0.0,0.0,0.5,0.0,0.0,0.0,16.0,2.5294,0.0,0.0
TgO_Exodus,13,22,0.0,0.0,0.0,0.75,0.0,0.0,0.0,12.0,2.7692,0.0,0.0
TgO_Exodus,14,01,0.0,0.0,0.0,0.8,0.0,0.0,0.0,5.0,2.1667,0.0,0.0
TgO_Exodus,14,02,0.0,0.0,0.0,0.6,0.0,0.0,0.0,20.0,3.1905,0.0,0.0
TgO_Exodus,14,03,0.0,0.0,0.0,0.8182,0.0,0.0,0.0,11.0,2.8333,0.0,0.0
TgO_Exodus,14,04,0.0,0.0,0.0,0.7059,0.0,0.0,0.0,17.0,2.4444,0.0,0.0
TgO_Exodus,14,05,0.0,0.0,0.0,0.7,0.0,0.0,0.0,20.0,2.7619,0.0,0.0
TgO_Exodus,14,06,0.0,0.0,0.0,0.7143,0.0,0.0,0.0,7.0,2.125,0.0,0.0
TgO_Exodus,14,07,0.0,0.0,0.0,0.75,0.0,0.0,0.0,12.0,2.6154,0.0,0.0
TgO_Exodus,14,08,0.0,0.0,0.0,0.6875,0.0,0.0,0.0,16.0,2.9412,0.0,0.0
TgO_Exodus,14,09,0.0,0.0,0.0,0.7143,0.0,0.0,0.0,21.0,2.9545,0.0,0.0
TgO_Exodus,14,10,0.0,0.0,0.0,0.6111,0.0,0.0,0.0,18.0,2.7368,0.0,0.0
TgO_Exodus,14,11,0.0,0.0,0.0,0.7857,0.0,0.0,0.0,14.0,2.7333,0.0,0.0
TgO_Exodus,14,12,0.0,0.0,0.0,0.75,0.0,0.0,0.0,20.0,2.6667,0.0,0.0
TgO_Exodus,14,13,0.0,0.0,0.0,0.6667,0.0,0.0,0.0,27.0,3.2143,0.0,0.0
TgO_Exodus,14,14,0.0,0.0,0.0,0.8571,0.0,0.0,0.0,7.0,2.75,0.0,0.0
TgO_Exodus,14,15,0.0,0.0,0.0,0.7,0.0,0.0,0.0,10.0,2.9091,0.0,0.0
TgO_Exodus,14,16,0.0,0.0,0.0,0.6875,0.0,0.0,0.0,16.0,2.3529,0.0,0.0
TgO_Exodus,14,17,0.0,0.0,0.0,0.6429,0.0,0.0,0.0,14.0,2.3333,0.0,0.0
TgO_Exodus,14,18,0.0,0.0,0.0,0.6667,0.0,0.0,0.0,9.0,2.3,0.0,0.0
TgO_Exodus,14,19,0.0,0.0,0.0,0.6667,0.0,0.0,0.0,15.0,3.5625,0.0,0.0
TgO_Exodus,14,20,0.0,0.0,0.0,0.5,0.0,0.0,0.0,22.0,2.913,0.0,0.0
TgO_Exodus,14,21,0.0,0.0,0.0,0.619,0.0,0.0,0.0,21.0,2.5455,0.0,0.0
TgO_Exodus,14,22,0.0,0.0,0.0,0.6364,0.0,0.0,0.0,11.0,2.5833,0.0,0.0
TgO_Exodus,14,23,0.0,0.0,0.0,0.8182,0.0,0.0,0.0,11.0,2.6667,0.0,0.0
TgO_Exodus,14,24,0.0,0.0,0.0,0.5714,0.0,0.0,0.0,14.0,2.6,0.0,0.0
TgO_Exodus,14,25,0.0,0.0,0.0,0.7143,0.0,0.0,0.0,21.0,3.7273,0.0,0.0
TgO_Exodus,14,26,0.0,0.0,0.0,0.6875,0.0,0.0,0.0,16.0,2.7059,0.0,0.0
TgO_Exodus,14,27,0.0,0.0,0.0,0.65,0.0,0.0,0.0,20.0,2.6667,0.0,0.0
TgO_Exodus,14,28,0.0,0.0,0.0,0.8333,0.0,0.0,0.0,18.0,2.5263,0.0,0.0
TgO_Exodus,14,29,0.0,0.0,0.0,0.6364,0.0,0.0,0.0,11.0,2.6667,0.0,0.0
TgO_Exodus,14,30,0.0,0.0,0.0,0.6667,0.0,0.0,0.0,15.0,3.0,0.0,0.0
TgO_Exodus,14,31,0.0,0.0,0.0,0.5263,0.0,0.0,0.0,19.0,2.85,0.0,0.0
TgO_Exodus,15,01,0.0,0.0,0.0,0.6667,0.0,0.0,0.0,27.0,3.0,0.0,0.0
TgO_Exodus,15,02,0.0,0.0,0.0,0.6667,0.0,0.0,0.0,18.0,2.7368,0.0,0.0
TgO_Exodus,15,03,0.0,0.0,0.0,0.8333,0.0,0.0,0.0,6.0,2.5714,0.0,0.0
TgO_Exodus,15,04,0.0,0.0,0.0,0.7,0.0,0.0,0.0,10.0,2.9091,0.0,0.0
TgO_Exodus,15,05,0.0,0.0,0.0,1.0,0.0,0.0,0.0,6.0,2.5714,0.0,0.0
TgO_Exodus,15,06,0.0,0.0,0.0,0.75,0.0,0.0,0.0,8.0,2.8889,0.0,0.0
TgO_Exodus,15,07,0.0,0.0,0.0,1.0,0.0,0.0,0.0,11.0,2.5833,0.0,0.0
TgO_Exodus,15,08,0.0,0.0,0.0,1.0,0.0,0.0,0.0,11.0,2.5833,0.0,0.0
TgO_Exodus,15,09,0.0,0.0,0.0,1.0,0.0,0.0,0.0,14.0,2.7333,0.0,0.0
TgO_Exodus,15,10,0.0,0.0,0.0,0.8889,0.0,0.0,0.0,9.0,2.3,0.0,0.0
TgO_Exodus,15,11,0.0,0.0,0.0,0.8125,0.0,0.0,0.0,16.0,3.2941,0.0,0.0
TgO_Exodus,15,12,0.0,0.0,0.0,1.0,0.0,0.0,0.0,4.0,2.6,0.0,0.0
TgO_Exodus,15,13,0.0,0.0,0.0,0.7778,0.0,0.0,0.0,9.0,2.5,0.0,0.0
TgO_Exodus,15,14,0.0,0.0,0.0,1.0,0.0,0.0,0.0,8.0,2.4444,0.0,0.0
TgO_Exodus,15,15,0.0,0.0,0.0,0.8462,0.0,0.0,0.0,13.0,3.1429,0.0,0.0
TgO_Exodus,15,16,0.0,0.0,0.0,0.8095,0.0,0.0,0.0,21.0,2.6364,0.0,0.0
TgO_Exodus,15,17,0.0,0.0,0.0,0.7143,0.0,0.0,0.0,14.0,3.6667,0.0,0.0
TgO_Exodus,15,18,0.0,0.0,0.0,0.8333,0.0,0.0,0.0,6.0,2.5714,0.0,0.0
TgO_Exodus,15,19,0.0,0.0,0.0,0.6842,0.0,0.0,0.0,19.0,2.6,0.0,0.0
TgO_Exodus,15,20,0.0,0.0,0.0,0.6429,0.0,0.0,0.0,14.0,2.8,0.0,0.0
TgO_Exodus,15,21,0.0,0.0,0.0,0.7778,0.0,0.0,0.0,18.0,3.5789,0.0,0.0
TgO_Exodus,15,22,0.0,0.0,0.0,0.5882,0.0,0.0,0.0,17.0,3.2222,0.0,0.0
TgO_Exodus,15,23,0.0,0.0,0.0,0.7333,0.0,0.0,0.0,15.0,3.375,0.0,0.0
TgO_Exodus,15,24,0.0,0.0,0.0,0.8571,0.0,0.0,0.0,7.0,2.125,0.0,0.0
TgO_Exodus,15,25,0.0,0.0,0.0,0.5294,0.0,0.0,0.0,17.0,2.6111,0.0,0.0
TgO_Exodus,15,26,0.0,0.0,0.0,0.7308,0.0,0.0,0.0,26.0,2.5926,0.0,0.0
TgO_Exodus,15,27,0.0,0.0,0.0,0.5833,0.0,0.0,0.0,12.0,3.3077,0.0,0.0
TgO_Exodus,16,01,0.0,0.0,0.0,0.6,0.0,0.0,0.0,20.0,3.381,0.0,0.0
TgO_Exodus,16,02,0.0,0.0,0.0,0.6,0.0,0.0,0.0,10.0,2.6364,0.0,0.0
TgO_Exodus,16,03,0.0,0.0,0.0,0.6857,0.0,0.0,0.0,35.0,2.9722,0.0,0.0
TgO_Exodus,16,04,0.0,0.0,0.0,0.7619,0.0,0.0,0.0,21.0,2.7273,0.0,0.0
TgO_Exodus,16,05,0.0,0.0,0.0,0.7143,0.0,0.0,0.0,14.0,2.4667,0.0,0.0
TgO_Exodus,16,06,0.0,0.0,0.0,0.6429,0.0,0.0,0.0,14.0,2.6667,0.0,0.0
TgO_Exodus,16,07,0.0,0.0,0.0,0.7857,0.0,0.0,0.0,14.0,2.7333,0.0,0.0
TgO_Exodus,16,08,0.0,0.0,0.0,0.6207,0.0,0.0,0.0,29.0,3.1333,0.0,0.0
TgO_Exodus,16,09,0.0,0.0,0.0,0.7333,0.0,0.0,0.0,15.0,3.4375,0.0,0.0
TgO_Exodus,16,10,0.0,0.0,0.0,0.75,0.0,0.0,0.0,16.0,2.7059,0.0,0.0
TgO_Exodus,16,11,0.0,0.0,0.0,0.8,0.0,0.0,0.0,5.0,2.1667,0.0,0.0
TgO_Exodus,16,12,0.0,0.0,0.0,0.9,0.0,0.0,0.0,20.0,2.9048,0.0,0.0
TgO_Exodus,16,13,0.0,0.0,0.0,0.6923,0.0,0.0,0.0,13.0,2.8571,0.0,0.0
TgO_Exodus,16,14,0.0,0.0,0.0,0.8462,0.0,0.0,0.0,13.0,2.8571,0.0,0.0
TgO_Exodus,16,15,0.0,0.0,0.0,0.6364,0.0,0.0,0.0,22.0,3.0,0.0,0.0
TgO_Exodus,16,16,0.0,0.0,0.0,0.9375,0.0,0.0,0.0,16.0,3.0588,0.0,0.0
TgO_Exodus,16,17,0.0,0.0,0.0,0.5714,0.0,0.0,0.0,7.0,2.25,0.0,0.0
TgO_Exodus,16,18,0.0,0.0,0.0,0.8333,0.0,0.0,0.0,12.0,2.5385,0.0,0.0
TgO_Exodus,16,19,0.0,0.0,0.0,0.7778,0.0,0.0,0.0,9.0,2.8,0.0,0.0
TgO_Exodus,16,20,0.0,0.0,0.0,0.5333,0.0,0.0,0.0,15.0,2.5625,0.0,0.0
TgO_Exodus,16,21,0.0,0.0,0.0,0.8824,0.0,0.0,0.0,17.0,2.6667,0.0,0.0
TgO_Exodus,16,22,0.0,0.0,0.0,0.7059,0.0,0.0,0.0,17.0,2.9444,0.0,0.0
TgO_Exodus,16,23,0.0,0.0,0.0,0.6552,0.0,0.0,0.0,29.0,3.2,0.0,0.0
TgO_Exodus,16,24,0.0,0.0,0.0,0.7692,0.0,0.0,0.0,13.0,2.6429,0.0,0.0
TgO_Exodus,16,25,0.0,0.0,0.0,0.625,0.0,0.0,0.0,16.0,3.1765,0.0,0.0
TgO_Exodus,16,26,0.0,0.0,0.0,1.0,0.0,0.0,0.0,9.0,2.5,0.0,0.0
TgO_Exodus,16,27,0.0,0.0,0.0,0.8889,0.0,0.0,0.0,9.0,2.4,0.0,0.0
TgO_Exodus,16,28,0.0,0.0,0.0,0.8,0.0,0.0,0.0,10.0,2.9091,0.0,0.0
TgO_Exodus,16,29,0.0,0.0,0.0,0.76,0.0,0.0,0.0,25.0,3.3077,0.0,0.0
TgO_Exodus,16,30,0.0,0.0,0.0,1.0,0.0,0.0,0.0,4.0,2.2,0.0,0.0
TgO_Exodus,16,31,0.0,0.0,0.0,0.6429,0.0,0.0,0.0,14.0,2.4,0.0,0.0
TgO_Exodus,16,32,0.0,0.0,0.0,0.7727,0.0,0.0,0.0,22.0,2.9565,0.0,0.0
TgO_Exodus,16,33,0.0,0.0,0.0,0.7647,0.0,0.0,0.0,17.0,2.7778,0.0,0.0
TgO_Exodus,16,34,0.0,0.0,0.0,0.7778,0.0,0.0,0.0,9.0,3.7,0.0,0.0
TgO_Exodus,16,35,0.0,0.0,0.0,0.6316,0.0,0.0,0.0,19.0,3.05,0.0,0.0
TgO_Exodus,16,36,0.0,0.0,0.0,1.0,0.0,0.0,0.0,7.0,2.125,0.0,0.0
TgO_Exodus,17,01,0.0,0.0,0.0,0.7647,0.0,0.0,0.0,17.0,2.8889,0.0,0.0
TgO_Exodus,17,02,0.0,0.0,0.0,0.4762,0.0,0.0,0.0,21.0,3.0,0.0,0.0
TgO_Exodus,17,03,0.0,0.0,0.0,0.7,0.0,0.0,0.0,20.0,2.4762,0.0,0.0
TgO_Exodus,17,04,0.0,0.0,0.0,0.8462,0.0,0.0,0.0,13.0,2.7143,0.0,0.0
TgO_Exodus,17,05,0.0,0.0,0.0,0.6111,0.0,0.0,0.0,18.0,2.7895,0.0,0.0
TgO_Exodus,17,06,0.0,0.0,0.0,0.7,0.0,0.0,0.0,20.0,2.7143,0.0,0.0
TgO_Exodus,17,07,0.0,0.0,0.0,0.8095,0.0,0.0,0.0,21.0,2.9091,0.0,0.0
TgO_Exodus,17,08,0.0,0.0,0.0,0.5714,0.0,0.0,0.0,7.0,2.875,0.0,0.0
TgO_Exodus,17,09,0.0,0.0,0.0,0.6957,0.0,0.0,0.0,23.0,3.1667,0.0,0.0
TgO_Exodus,17,10,0.0,0.0,0.0,0.6,0.0,0.0,0.0,15.0,3.375,0.0,0.0
TgO_Exodus,17,11,0.0,0.0,0.0,0.5,0.0,0.0,0.0,14.0,2.9333,0.0,0.0
TgO_Exodus,17,12,0.0,0.0,0.0,0.5833,0.0,0.0,0.0,24.0,2.36,0.0,0.0
TgO_Exodus,17,13,0.0,0.0,0.0,0.625,0.0,0.0,0.0,8.0,3.8889,0.0,0.0
TgO_Exodus,17,14,0.0,0.0,0.0,0.6667,0.0,0.0,0.0,18.0,3.6316,0.0,0.0
TgO_Exodus,17,15,0.0,0.0,0.0,0.7,0.0,0.0,0.0,10.0,2.7273,0.0,0.0
TgO_Exodus,17,16,0.0,0.0,0.0,0.9,0.0,0.0,0.0,20.0,3.2857,0.0,0.0
TgO_Exodus,18,01,0.0,0.0,0.0,0.5789,0.0,0.0,0.0,19.0,3.15,0.0,0.0
TgO_Exodus,18,02,0.0,0.0,0.0,0.6,0.0,0.0,0.0,10.0,3.4545,0.0,0.0
TgO_Exodus,18,03,0.0,0.0,0.0,0.9167,0.0,0.0,0.0,12.0,2.9231,0.0,0.0
TgO_Exodus,18,04,0.0,0.0,0.0,0.8182,0.0,0.0,0.0,11.0,2.9167,0.0,0.0
TgO_Exodus,18,05,0.0,0.0,0.0,0.7059,0.0,0.0,0.0,17.0,3.1111,0.0,0.0
TgO_Exodus,18,06,0.0,0.0,0.0,0.6364,0.0,0.0,0.0,11.0,2.8333,0.0,0.0
TgO_Exodus,18,07,0.0,0.0,0.0,0.5385,0.0,0.0,0.0,13.0,2.8571,0.0,0.0
TgO_Exodus,18,08,0.0,0.0,0.0,0.6111,0.0,0.0,0.0,18.0,2.8421,0.0,0.0
TgO_Exodus,18,09,0.0,0.0,0.0,0.8182,0.0,0.0,0.0,11.0,3.0,0.0,0.0
TgO_Exodus,18,10,0.0,0.0,0.0,0.6875,0.0,0.0,0.0,16.0,3.2353,0.0,0.0
TgO_Exodus,18,11,0.0,0.0,0.0,0.7647,0.0,0.0,0.0,17.0,3.0,0.0,0.0
TgO_Exodus,18,12,0.0,0.0,0.0,0.4762,0.0,0.0,0.0,21.0,3.1818,0.0,0.0
TgO_Exodus,18,13,0.0,0.0,0.0,0.6875,0.0,0.0,0.0,16.0,2.7647,0.0,0.0
TgO_Exodus,18,14,0.0,0.0,0.0,0.7407,0.0,0.0,0.0,27.0,2.8571,0.0,0.0
TgO_Exodus,18,15,0.0,0.0,0.0,0.9091,0.0,0.0,0.0,11.0,3.1667,0.0,0.0
TgO_Exodus,18,16,0.0,0.0,0.0,0.7778,0.0,0.0,0.0,18.0,3.0,0.0,0.0
TgO_Exodus,18,17,0.0,0.0,0.0,0.7778,0.0,0.0,0.0,9.0,3.0,0.0,0.0
TgO_Exodus,18,18,0.0,0.0,0.0,0.8125,0.0,0.0,0.0,16.0,2.7647,0.0,0.0
TgO_Exodus,18,19,0.0,0.0,0.0,0.8182,0.0,0.0,0.0,22.0,3.0,0.0,0.0
TgO_Exodus,18,20,0.0,0.0,0.0,0.6,0.0,0.0,0.0,15.0,2.75,0.0,0.0
TgO_Exodus,18,21,0.0,0.0,0.0,0.7826,0.0,0.0,0.0,23.0,2.75,0.0,0.0
TgO_Exodus,18,22,0.0,0.0,0.0,0.75,0.0,0.0,0.0,20.0,2.5238,0.0,0.0
TgO_Exodus,18,23,0.0,0.0,0.0,0.8235,0.0,0.0,0.0,17.0,2.3889,0.0,0.0
TgO_Exodus,18,24,0.0,0.0,0.0,0.5714,0.0,0.0,0.0,7.0,2.375,0.0,0.0
TgO_Exodus,18,25,0.0,0.0,0.0,0.6842,0.0,0.0,0.0,19.0,2.75,0.0,0.0
TgO_Exodus,18,26,0.0,0.0,0.0,0.75,0.0,0.0,0.0,16.0,2.8235,0.0,0.0
TgO_Exodus,18,27,0.0,0.0,0.0,0.5714,0.0,0.0,0.0,7.0,2.5,0.0,0.0
TgO_Exodus,19,01,0.0,0.0,0.0,0.6667,0.0,0.0,0.0,12.0,3.6154,0.0,0.0
TgO_Exodus,19,02,0.0,0.0,0.0,0.5833,0.0,0.0,0.0,12.0,3.0769,0.0,0.0
TgO_Exodus,19,03,0.0,0.0,0.0,0.5882,0.0,0.0,0.0,17.0,3.0556,0.0,0.0
TgO_Exodus,19,04,0.0,0.0,0.0,0.8462,0.0,0.0,0.0,13.0,2.7857,0.0,0.0
TgO_Exodus,19,05,0.0,0.0,0.0,0.8235,0.0,0.0,0.0,17.0,2.5556,0.0,0.0
TgO_Exodus,19,06,0.0,0.0,0.0,0.8462,0.0,0.0,0.0,13.0,2.9286,0.0,0.0
TgO_Exodus,19,07,0.0,0.0,0.0,0.7692,0.0,0.0,0.0,13.0,2.5714,0.0,0.0
TgO_Exodus,19,08,0.0,0.0,0.0,0.625,0.0,0.0,0.0,16.0,2.5294,0.0,0.0
TgO_Exodus,19,09,0.0,0.0,0.0,0.6,0.0,0.0,0.0,25.0,2.8846,0.0,0.0
TgO_Exodus,19,10,0.0,0.0,0.0,0.5833,0.0,0.0,0.0,12.0,2.7692,0.0,0.0
TgO_Exodus,19,11,0.0,0.0,0.0,0.8667,0.0,0.0,0.0,15.0,3.1875,0.0,0.0
TgO_Exodus,19,12,0.0,0.0,0.0,0.6875,0.0,0.0,0.0,16.0,2.8235,0.0,0.0
TgO_Exodus,19,13,0.0,0.0,0.0,0.7273,0.0,0.0,0.0,22.0,2.6087,0.0,0.0
TgO_Exodus,19,14,0.0,0.0,0.0,0.6364,0.0,0.0,0.0,11.0,2.4167,0.0,0.0
TgO_Exodus,19,15,0.0,0.0,0.0,1.0,0.0,0.0,0.0,10.0,2.6364,0.0,0.0
TgO_Exodus,19,16,0.0,0.0,0.0,0.65,0.0,0.0,0.0,20.0,2.619,0.0,0.0
TgO_Exodus,19,17,0.0,0.0,0.0,0.8333,0.0,0.0,0.0,12.0,2.6923,0.0,0.0
TgO_Exodus,19,18,0.0,0.0,0.0,0.7059,0.0,0.0,0.0,17.0,3.0,0.0,0.0
TgO_Exodus,19,19,0.0,0.0,0.0,0.6923,0.0,0.0,0.0,13.0,2.7857,0.0,0.0
TgO_Exodus,19,20,0.0,0.0,0.0,0.4286,0.0,0.0,0.0,14.0,3.2667,0.0,0.0
TgO_Exodus,19,21,0.0,0.0,0.0,0.7857,0.0,0.0,0.0,14.0,2.8667,0.0,0.0
TgO_Exodus,19,22,0.0,0.0,0.0,0.9091,0.0,0.0,0.0,11.0,2.75,0.0,0.0
TgO_Exodus,19,23,0.0,0.0,0.0,0.8421,0.0,0.0,0.0,19.0,2.95,0.0,0.0
TgO_Exodus,19,24,0.0,0.0,0.0,0.6842,0.0,0.0,0.0,19.0,2.6,0.0,0.0
TgO_Exodus,19,25,0.0,0.0,0.0,0.5,0.0,0.0,0.0,6.0,3.0,0.0,0.0
TgO_Exodus,20,01,0.0,0.0,0.0,1.0,0.0,0.0,0.0,7.0,2.5,0.0,0.0
TgO_Exodus,20,02,0.0,0.0,0.0,0.875,0.0,0.0,0.0,8.0,3.0,0.0,0.0
TgO_Exodus,20,03,0.0,0.0,0.0,0.8333,0.0,0.0,0.0,6.0,3.0,0.0,0.0
TgO_Exodus,20,04,0.0,0.0,0.0,0.6923,0.0,0.0,0.0,13.0,3.2857,0.0,0.0
TgO_Exodus,20,05,0.0,0.0,0.0,0.7742,0.0,0.0,0.0,31.0,2.7188,0.0,0.0
TgO_Exodus,20,06,0.0,0.0,0.0,0.8571,0.0,0.0,0.0,7.0,2.5,0.0,0.0
TgO_Exodus,20,07,0.0,0.0,0.0,0.75,0.0,0.0,0.0,16.0,2.4706,0.0,0.0
TgO_Exodus,20,08,0.0,0.0,0.0,1.0,0.0,0.0,0.0,6.0,2.4286,0.0,0.0
TgO_Exodus,20,09,0.0,0.0,0.0,1.0,0.0,0.0,0.0,6.0,2.4286,0.0,0.0
TgO_Exodus,20,10,0.0,0.0,0.0,0.6667,0.0,0.0,0.0,18.0,2.5263,0.0,0.0
TgO_Exodus,20,11,0.0,0.0,0.0,0.64,0.0,0.0,0.0,25.0,2.6538,0.0,0.0
TgO_Exodus,20,12,0.0,0.0,0.0,0.9286,0.0,0.0,0.0,14.0,2.6,0.0,0.0
TgO_Exodus,20,13,0.0,0.0,0.0,0.5,0.0,0.0,0.0,3.0,2.0,0.0,0.0
TgO_Exodus,20,14,0.0,0.0,0.0,0.5,0.0,0.0,0.0,2.0,1.6667,0.0,0.0
TgO_Exodus,20,15,0.0,0.0,0.0,0.5,0.0,0.0,0.0,3.0,2.0,0.0,0.0
TgO_Exodus,20,16,0.0,0.0,0.0,1.0,0.0,0.0,0.0,5.0,2.3333,0.0,0.0
TgO_Exodus,20,17,0.0,0.0,0.0,0.4286,0.0,0.0,0.0,14.0,2.3333,0.0,0.0
TgO_Exodus,20,18,0.0,0.0,0.0,0.5556,0.0,0.0,0.0,18.0,2.5263,0.0,0.0
TgO_Exodus,20,19,0.0,0.0,0.0,0.6154,0.0,0.0,0.0,13.0,3.0714,0.0,0.0
TgO_Exodus,20,20,0.0,0.0,0.0,0.75,0.0,0.0,0.0,20.0,3.0952,0.0,0.0
TgO_Exodus,20,21,0.0,0.0,0.0,0.9,0.0,0.0,0.0,10.0,3.0909,0.0,0.0
TgO_Exodus,20,22,0.0,0.0,0.0,0.8571,0.0,0.0,0.0,14.0,3.2,0.0,0.0
TgO_Exodus,20,23,0.0,0.0,0.0,0.8571,0.0,0.0,0.0,7.0,3.0,0.0,0.0
TgO_Exodus,20,24,0.0,0.0,0.0,0.84,0.0,0.0,0.0,25.0,2.8077,0.0,0.0
TgO_Exodus,20,25,0.0,0.0,0.0,0.8571,0.0,0.0,0.0,14.0,2.6,0.0,0.0
TgO_Exodus,20,26,0.0,0.0,0.0,0.8889,0.0,0.0,0.0,9.0,2.4,0.0,0.0
TgO_Exodus,21,01,0.0,0.0,0.0,1.0,0.0,0.0,0.0,4.0,2.2,0.0,0.0
TgO_Exodus,21,02,0.0,0.0,0.0,0.8571,0.0,0.0,0.0,14.0,3.4667,0.0,0.0
TgO_Exodus,21,03,0.0,0.0,0.0,0.75,0.0,0.0,0.0,12.0,3.0769,0.0,0.0
TgO_Exodus,21,04,0.0,0.0,0.0,0.6471,0.0,0.0,0.0,17.0,3.0,0.0,0.0
TgO_Exodus,21,05,0.0,0.0,0.0,0.7333,0.0,0.0,0.0,15.0,3.1875,0.0,0.0
TgO_Exodus,21,06,0.0,0.0,0.0,0.7,0.0,0.0,0.0,20.0,2.8095,0.0,0.0
TgO_Exodus,21,07,0.0,0.0,0.0,1.0,0.0,0.0,0.0,10.0,2.4545,0.0,0.0
TgO_Exodus,21,08,0.0,0.0,0.0,0.7333,0.0,0.0,0.0,15.0,2.875,0.0,0.0
TgO_Exodus,21,09,0.0,0.0,0.0,0.75,0.0,0.0,0.0,8.0,2.6667,0.0,0.0
TgO_Exodus,21,10,0.0,0.0,0.0,0.8889,0.0,0.0,0.0,9.0,2.8,0.0,0.0
TgO_Exodus,21,11,0.0,0.0,0.0,0.8,0.0,0.0,0.0,10.0,2.5455,0.0,0.0
TgO_Exodus,21,12,0.0,0.0,0.0,0.6,0.0,0.0,0.0,5.0,2.5,0.0,0.0
TgO_Exodus,21,13,0.0,0.0,0.0,0.6667,0.0,0.0,0.0,12.0,2.5385,0.0,0.0
TgO_Exodus,21,14,0.0,0.0,0.0,0.9091,0.0,0.0,0.0,11.0,2.5,0.0,0.0
TgO_Exodus,21,15,0.0,0.0,0.0,0.6,0.0,0.0,0.0,5.0,2.0,0.0,0.0
TgO_Exodus,21,16,0.0,0.0,0.0,0.6667,0.0,0.0,0.0,9.0,2.5,0.0,0.0
TgO_Exodus,21,17,0.0,0.0,0.0,0.6,0.0,0.0,0.0,5.0,2.0,0.0,0.0
TgO_Exodus,21,18,0.0,0.0,0.0,0.6429,0.0,0.0,0.0,14.0,2.3333,0.0,0.0
TgO_Exodus,21,19,0.0,0.0,0.0,0.8667,0.0,0.0,0.0,15.0,2.5625,0.0,0.0
TgO_Exodus,21,20,0.0,0.0,0.0,0.7857,0.0,0.0,0.0,14.0,2.4,0.0,0.0
TgO_Exodus,21,21,0.0,0.0,0.0,0.9167,0.0,0.0,0.0,12.0,2.6154,0.0,0.0
TgO_Exodus,21,22,0.0,0.0,0.0,0.7143,0.0,0.0,0.0,21.0,2.8636,0.0,0.0
TgO_Exodus,21,23,0.0,0.0,0.0,0.7143,0.0,0.0,0.0,7.0,2.5,0.0,0.0
TgO_Exodus,21,24,0.0,0.0,0.0,0.4167,0.0,0.0,0.0,12.0,2.7692,0.0,0.0
TgO_Exodus,21,25,0.0,0.0,0.0,0.4444,0.0,0.0,0.0,9.0,3.6,0.0,0.0
TgO_Exodus,21,26,0.0,0.0,0.0,0.75,0.0,0.0,0.0,16.0,3.1765,0.0,0.0
TgO_Exodus,21,27,0.0,0.0,0.0,0.75,0.0,0.0,0.0,12.0,3.1538,0.0,0.0
TgO_Exodus,21,28,0.0,0.0,0.0,0.6,0.0,0.0,0.0,20.0,2.5238,0.0,0.0
TgO_Exodus,21,29,0.0,0.0,0.0,0.6842,0.0,0.0,0.0,19.0,2.45,0.0,0.0
TgO_Exodus,21,30,0.0,0.0,0.0,0.8,0.0,0.0,0.0,10.0,2.5455,0.0,0.0
TgO_Exodus,21,31,0.0,0.0,0.0,0.6154,0.0,0.0,0.0,13.0,2.9286,0.0,0.0
TgO_Exodus,21,32,0.0,0.0,0.0,1.0,0.0,0.0,0.0,13.0,2.7857,0.0,0.0
TgO_Exodus,21,33,0.0,0.0,0.0,0.6875,0.0,0.0,0.0,16.0,2.5294,0.0,0.0
TgO_Exodus,21,34,0.0,0.0,0.0,0.8889,0.0,0.0,0.0,9.0,2.7,0.0,0.0
TgO_Exodus,21,35,0.0,0.0,0.0,0.55,0.0,0.0,0.0,20.0,2.3333,0.0,0.0
TgO_Exodus,21,36,0.0,0.0,0.0,0.7368,0.0,0.0,0.0,19.0,2.7,0.0,0.0
TgO_Exodus,21,37,0.0,0.0,0.0,0.6667,0.0,0.0,0.0,18.0,2.6842,0.0,0.0
TgO_Exodus,22,01,0.0,0.0,0.0,0.7778,0.0,0.0,0.0,9.0,2.3,0.0,0.0
TgO_Exodus,22,02,0.0,0.0,0.0,0.7143,0.0,0.0,0.0,14.0,2.5333,0.0,0.0
TgO_Exodus,22,03,0.0,0.0,0.0,0.875,0.0,0.0,0.0,16.0,2.5882,0.0,0.0
TgO_Exodus,22,04,0.0,0.0,0.0,0.7647,0.0,0.0,0.0,17.0,2.6667,0.0,0.0
TgO_Exodus,22,05,0.0,0.0,0.0,0.8125,0.0,0.0,0.0,16.0,2.7059,0.0,0.0
TgO_Exodus,22,06,0.0,0.0,0.0,0.9444,0.0,0.0,0.0,18.0,2.5789,0.0,0.0
TgO_Exodus,22,07,0.0,0.0,0.0,0.8235,0.0,0.0,0.0,17.0,2.5,0.0,0.0
TgO_Exodus,22,08,0.0,0.0,0.0,0.5806,0.0,0.0,0.0,31.0,2.7812,0.0,0.0
TgO_Exodus,22,09,0.0,0.0,0.0,0.7895,0.0,0.0,0.0,19.0,2.6,0.0,0.0
TgO_Exodus,22,10,0.0,0.0,0.0,0.8421,0.0,0.0,0.0,19.0,2.8,0.0,0.0
TgO_Exodus,22,11,0.0,0.0,0.0,0.8333,0.0,0.0,0.0,6.0,2.4286,0.0,0.0
TgO_Exodus,22,12,0.0,0.0,0.0,0.75,0.0,0.0,0.0,8.0,2.4444,0.0,0.0
TgO_Exodus,22,13,0.0,0.0,0.0,0.8462,0.0,0.0,0.0,13.0,2.4286,0.0,0.0
TgO_Exodus,22,14,0.0,0.0,0.0,0.9,0.0,0.0,0.0,10.0,2.3636,0.0,0.0
TgO_Exodus,22,15,0.0,0.0,0.0,0.75,0.0,0.0,0.0,12.0,2.7692,0.0,0.0
TgO_Exodus,22,16,0.0,0.0,0.0,0.8182,0.0,0.0,0.0,11.0,2.6667,0.0,0.0
TgO_Exodus,22,17,0.0,0.0,0.0,0.5,0.0,0.0,0.0,3.0,2.25,0.0,0.0
TgO_Exodus,22,18,0.0,0.0,0.0,0.8333,0.0,0.0,0.0,6.0,2.4286,0.0,0.0
TgO_Exodus,22,19,0.0,0.0,0.0,1.0,0.0,0.0,0.0,8.0,2.8889,0.0,0.0
TgO_Exodus,22,20,0.0,0.0,0.0,0.8,0.0,0.0,0.0,10.0,2.7273,0.0,0.0
TgO_Exodus,22,21,0.0,0.0,0.0,1.0,0.0,0.0,0.0,5.0,2.3333,0.0,0.0
TgO_Exodus,22,22,0.0,0.0,0.0,0.5833,0.0,0.0,0.0,12.0,2.6923,0.0,0.0
TgO_Exodus,22,23,0.0,0.0,0.0,0.7,0.0,0.0,0.0,10.0,2.5455,0.0,0.0
TgO_Exodus,22,24,0.0,0.0,0.0,0.8571,0.0,0.0,0.0,14.0,2.6,0.0,0.0
TgO_Exodus,22,25,0.0,0.0,0.0,0.9,0.0,0.0,0.0,10.0,2.9091,0.0,0.0
TgO_Exodus,22,26,0.0,0.0,0.0,0.7778,0.0,0.0,0.0,18.0,3.0,0.0,0.0
TgO_Exodus,22,27,0.0,0.0,0.0,0.8571,0.0,0.0,0.0,7.0,2.125,0.0,0.0
TgO_Exodus,22,28,0.0,0.0,0.0,1.0,0.0,0.0,0.0,8.0,3.0,0.0,0.0
TgO_Exodus,22,29,0.0,0.0,0.0,1.0,0.0,0.0,0.0,13.0,2.5714,0.0,0.0
TgO_Exodus,22,30,0.0,0.0,0.0,0.8571,0.0,0.0,0.0,14.0,2.8667,0.0,0.0
TgO_Exodus,23,01,0.0,0.0,0.0,0.7692,0.0,0.0,0.0,13.0,2.5714,0.0,0.0
TgO_Exodus,23,02,0.0,0.0,0.0,0.7647,0.0,0.0,0.0,17.0,2.7222,0.0,0.0
TgO_Exodus,23,03,0.0,0.0,0.0,1.0,0.0,0.0,0.0,5.0,2.1667,0.0,0.0
TgO_Exodus,23,04,0.0,0.0,0.0,0.8,0.0,0.0,0.0,10.0,2.8182,0.0,0.0
TgO_Exodus,23,05,0.0,0.0,0.0,0.8235,0.0,0.0,0.0,17.0,2.5556,0.0,0.0
TgO_Exodus,23,06,0.0,0.0,0.0,1.0,0.0,0.0,0.0,5.0,2.3333,0.0,0.0
TgO_Exodus,23,07,0.0,0.0,0.0,0.7647,0.0,0.0,0.0,17.0,2.5556,0.0,0.0
TgO_Exodus,23,08,0.0,0.0,0.0,0.9091,0.0,0.0,0.0,11.0,2.8333,0.0,0.0
TgO_Exodus,23,09,0.0,0.0,0.0,0.8462,0.0,0.0,0.0,13.0,2.7857,0.0,0.0
TgO_Exodus,23,10,0.0,0.0,0.0,0.75,0.0,0.0,0.0,8.0,2.3333,0.0,0.0
TgO_Exodus,23,11,0.0,0.0,0.0,0.8571,0.0,0.0,0.0,14.0,2.4667,0.0,0.0
TgO_Exodus,23,12,0.0,0.0,0.0,0.8,0.0,0.0,0.0,15.0,2.75,0.0,0.0
TgO_Exodus,23,13,0.0,0.0,0.0,0.7692,0.0,0.0,0.0,13.0,2.5714,0.0,0.0
TgO_Exodus,23,14,0.0,0.0,0.0,1.0,0.0,0.0,0.0,5.0,2.3333,0.0,0.0
TgO_Exodus,23,15,0.0,0.0,0.0,0.9524,0.0,0.0,0.0,21.0,2.9545,0.0,0.0
TgO_Exodus,23,16,0.0,0.0,0.0,0.7333,0.0,0.0,0.0,15.0,2.75,0.0,0.0
TgO_Exodus,23,17,0.0,0.0,0.0,1.0,0.0,0.0,0.0,10.0,2.7273,0.0,0.0
TgO_Exodus,23,18,0.0,0.0,0.0,0.9375,0.0,0.0,0.0,16.0,2.7647,0.0,0.0
TgO_Exodus,23,19,0.0,0.0,0.0,1.0,0.0,0.0,0.0,11.0,3.3333,0.0,0.0
TgO_Exodus,23,20,0.0,0.0,0.0,1.0,0.0,0.0,0.0,9.0,2.7,0.0,0.0
TgO_Exodus,23,21,0.0,0.0,0.0,0.7857,0.0,0.0,0.0,14.0,3.0667,0.0,0.0
TgO_Exodus,23,22,0.0,0.0,0.0,0.7143,0.0,0.0,0.0,14.0,2.5333,0.0,0.0
TgO_Exodus,23,23,0.0,0.0,0.0,0.6154,0.0,0.0,0.0,13.0,2.6429,0.0,0.0
TgO_Exodus,23,24,0.0,0.0,0.0,0.75,0.0,0.0,0.0,16.0,2.5294,0.0,0.0
TgO_Exodus,23,25,0.0,0.0,0.0,0.7692,0.0,0.0,0.0,13.0,3.0,0.0,0.0
TgO_Exodus,23,26,0.0,0.0,0.0,1.0,0.0,0.0,0.0,9.0,2.4,0.0,0.0
TgO_Exodus,23,27,0.0,0.0,0.0,0.75,0.0,0.0,0.0,20.0,2.619,0.0,0.0
TgO_Exodus,23,28,0.0,0.0,0.0,0.6667,0.0,0.0,0.0,12.0,3.0,0.0,0.0
TgO_Exodus,23,29,0.0,0.0,0.0,1.0,0.0,0.0,0.0,13.0,2.7143,0.0,0.0
TgO_Exodus,23,30,0.0,0.0,0.0,0.8889,0.0,0.0,0.0,9.0,3.0,0.0,0.0
TgO_Exodus,23,31,0.0,0.0,0.0,0.6842,0.0,0.0,0.0,19.0,2.85,0.0,0.0
TgO_Exodus,23,32,0.0,0.0,0.0,0.8,0.0,0.0,0.0,5.0,2.6667,0.0,0.0
TgO_Exodus,23,33,0.0,0.0,0.0,0.8,0.0,0.0,0.0,15.0,2.6875,0.0,0.0
TgO_Exodus,24,01,0.0,0.0,0.0,0.5714,0.0,0.0,0.0,14.0,3.0,0.0,0.0
TgO_Exodus,24,02,0.0,0.0,0.0,0.6667,0.0,0.0,0.0,15.0,3.0625,0.0,0.0
TgO_Exodus,24,03,0.0,0.0,0.0,0.5,0.0,0.0,0.0,22.0,2.4348,0.0,0.0
TgO_Exodus,24,04,0.0,0.0,0.0,0.6471,0.0,0.0,0.0,17.0,3.1667,0.0,0.0
TgO_Exodus,24,05,0.0,0.0,0.0,0.7692,0.0,0.0,0.0,13.0,2.7857,0.0,0.0
TgO_Exodus,24,06,0.0,0.0,0.0,0.6364,0.0,0.0,0.0,11.0,2.5,0.0,0.0
TgO_Exodus,24,07,0.0,0.0,0.0,0.75,0.0,0.0,0.0,12.0,2.3077,0.0,0.0
TgO_Exodus,24,08,0.0,0.0,0.0,0.6818,0.0,0.0,0.0,22.0,2.4348,0.0,0.0
TgO_Exodus,24,09,0.0,0.0,0.0,0.25,0.0,0.0,0.0,8.0,2.8889,0.0,0.0
TgO_Exodus,24,10,0.0,0.0,0.0,0.7143,0.0,0.0,0.0,14.0,3.0667,0.0,0.0
TgO_Exodus,24,11,0.0,0.0,0.0,0.6842,0.0,0.0,0.0,19.0,2.6,0.0,0.0
TgO_Exodus,24,12,0.0,0.0,0.0,0.6471,0.0,0.0,0.0,17.0,2.7778,0.0,0.0
TgO_Exodus,24,13,0.0,0.0,0.0,0.6364,0.0,0.0,0.0,11.0,2.9167,0.0,0.0
TgO_Exodus,24,14,0.0,0.0,0.0,0.7222,0.0,0.0,0.0,18.0,2.7895,0.0,0.0
TgO_Exodus,24,15,0.0,0.0,0.0,0.5714,0.0,0.0,0.0,7.0,2.5,0.0,0.0
TgO_Exodus,24,16,0.0,0.0,0.0,0.6875,0.0,0.0,0.0,16.0,3.2353,0.0,0.0
TgO_Exodus,24,17,0.0,0.0,0.0,0.9091,0.0,0.0,0.0,11.0,2.75,0.0,0.0
TgO_Exodus,24,18,0.0,0.0,0.0,0.6154,0.0,0.0,0.0,13.0,2.9286,0.0,0.0
TgO_Exodus,25,01,0.0,0.0,0.0,0.8,0.0,0.0,0.0,5.0,2.1667,0.0,0.0
TgO_Exodus,25,02,0.0,0.0,0.0,0.8667,0.0,0.0,0.0,15.0,3.5,0.0,0.0
TgO_Exodus,25,03,0.0,0.0,0.0,0.7143,0.0,0.0,0.0,7.0,3.125,0.0,0.0
TgO_Exodus,25,04,0.0,0.0,0.0,0.3333,0.0,0.0,0.0,6.0,2.1429,0.0,0.0
TgO_Exodus,25,05,0.0,0.0,0.0,0.7143,0.0,0.0,0.0,7.0,2.5,0.0,0.0
TgO_Exodus,25,06,0.0,0.0,0.0,0.7143,0.0,0.0,0.0,7.0,2.75,0.0,0.0
TgO_Exodus,25,07,0.0,0.0,0.0,0.8571,0.0,0.0,0.0,7.0,2.625,0.0,0.0
TgO_Exodus,25,08,0.0,0.0,0.0,0.8333,0.0,0.0,0.0,6.0,2.7143,0.0,0.0
TgO_Exodus,25,09,0.0,0.0,0.0,0.7692,0.0,0.0,0.0,13.0,2.4286,0.0,0.0
TgO_Exodus,25,10,0.0,0.0,0.0,0.6429,0.0,0.0,0.0,14.0,2.6,0.0,0.0
TgO_Exodus,25,11,0.0,0.0,0.0,0.75,0.0,0.0,0.0,12.0,2.9231,0.0,0.0
TgO_Exodus,25,12,0.0,0.0,0.0,0.4737,0.0,0.0,0.0,19.0,2.8,0.0,0.0
TgO_Exodus,25,13,0.0,0.0,0.0,0.8571,0.0,0.0,0.0,7.0,2.25,0.0,0.0
TgO_Exodus,25,14,0.0,0.0,0.0,0.7273,0.0,0.0,0.0,11.0,2.5,0.0,0.0
TgO_Exodus,25,15,0.0,0.0,0.0,1.0,0.0,0.0,0.0,7.0,2.5,0.0,0.0
TgO_Exodus,25,16,0.0,0.0,0.0,0.8333,0.0,0.0,0.0,6.0,2.4286,0.0,0.0
TgO_Exodus,25,17,0.0,0.0,0.0,0.7273,0.0,0.0,0.0,11.0,2.8333,0.0,0.0
TgO_Exodus,25,18,0.0,0.0,0.0,1.0,0.0,0.0,0.0,10.0,2.9091,0.0,0.0
TgO_Exodus,25,19,0.0,0.0,0.0,0.5882,0.0,0.0,0.0,17.0,2.5,0.0,0.0
TgO_Exodus,25,20,0.0,0.0,0.0,0.7222,0.0,0.0,0.0,18.0,3.2105,0.0,0.0
TgO_Exodus,25,21,0.0,0.0,0.0,0.6667,0.0,0.0,0.0,12.0,3.0769,0.0,0.0
TgO_Exodus,25,22,0.0,0.0,0.0,0.8095,0.0,0.0,0.0,21.0,3.3636,0.0,0.0
TgO_Exodus,25,23,0.0,0.0,0.0,0.75,0.0,0.0,0.0,12.0,2.6923,0.0,0.0
TgO_Exodus,25,24,0.0,0.0,0.0,0.6667,0.0,0.0,0.0,9.0,3.1,0.0,0.0
TgO_Exodus,25,25,0.0,0.0,0.0,0.6364,0.0,0.0,0.0,11.0,3.8333,0.0,0.0
TgO_Exodus,25,26,0.0,0.0,0.0,0.6154,0.0,0.0,0.0,13.0,2.9286,0.0,0.0
TgO_Exodus,25,27,0.0,0.0,0.0,1.0,0.0,0.0,0.0,9.0,3.2,0.0,0.0
TgO_Exodus,25,28,0.0,0.0,0.0,0.6923,0.0,0.0,0.0,13.0,2.3571,0.0,0.0
TgO_Exodus,25,29,0.0,0.0,0.0,0.8182,0.0,0.0,0.0,11.0,2.5,0.0,0.0
TgO_Exodus,25,30,0.0,0.0,0.0,1.0,0.0,0.0,0.0,7.0,2.75,0.0,0.0
TgO_Exodus,25,31,0.0,0.0,0.0,0.7857,0.0,0.0,0.0,14.0,2.8,0.0,0.0
TgO_Exodus,25,32,0.0,0.0,0.0,0.6429,0.0,0.0,0.0,14.0,2.6,0.0,0.0
TgO_Exodus,25,33,0.0,0.0,0.0,0.65,0.0,0.0,0.0,20.0,2.619,0.0,0.0
TgO_Exodus,25,34,0.0,0.0,0.0,0.8333,0.0,0.0,0.0,6.0,2.7143,0.0,0.0
TgO_Exodus,25,35,0.0,0.0,0.0,0.4,0.0,0.0,0.0,20.0,2.8095,0.0,0.0
TgO_Exodus,25,36,0.0,0.0,0.0,1.0,0.0,0.0,0.0,9.0,2.5,0.0,0.0
TgO_Exodus,25,37,0.0,0.0,0.0,0.6667,0.0,0.0,0.0,12.0,2.6923,0.0,0.0
TgO_Exodus,25,38,0.0,0.0,0.0,1.0,0.0,0.0,0.0,4.0,2.6,0.0,0.0
TgO_Exodus,25,39,0.0,0.0,0.0,0.8889,0.0,0.0,0.0,9.0,2.5,0.0,0.0
TgO_Exodus,25,40,0.0,0.0,0.0,0.6667,0.0,0.0,0.0,6.0,2.0,0.0,0.0
TgO_Exodus,26,01,0.0,0.0,0.0,0.7647,0.0,0.0,0.0,17.0,3.1111,0.0,0.0
TgO_Exodus,26,02,0.0,0.0,0.0,0.6,0.0,0.0,0.0,15.0,3.125,0.0,0.0
TgO_Exodus,26,03,0.0,0.0,0.0,0.5385,0.0,0.0,0.0,13.0,2.5714,0.0,0.0
TgO_Exodus,26,04,0.0,0.0,0.0,0.8,0.0,0.0,0.0,15.0,3.3125,0.0,0.0
TgO_Exodus,26,05,0.0,0.0,0.0,0.6471,0.0,0.0,0.0,17.0,3.3333,0.0,0.0
TgO_Exodus,26,06,0.0,0.0,0.0,0.7143,0.0,0.0,0.0,14.0,2.6,0.0,0.0
TgO_Exodus,26,07,0.0,0.0,0.0,0.9,0.0,0.0,0.0,10.0,3.2727,0.0,0.0
TgO_Exodus,26,08,0.0,0.0,0.0,0.6429,0.0,0.0,0.0,14.0,3.4667,0.0,0.0
TgO_Exodus,26,09,0.0,0.0,0.0,0.625,0.0,0.0,0.0,16.0,3.2941,0.0,0.0
TgO_Exodus,26,10,0.0,0.0,0.0,0.625,0.0,0.0,0.0,16.0,3.5882,0.0,0.0
TgO_Exodus,26,11,0.0,0.0,0.0,0.6154,0.0,0.0,0.0,13.0,2.5714,0.0,0.0
TgO_Exodus,26,12,0.0,0.0,0.0,0.9091,0.0,0.0,0.0,11.0,3.1667,0.0,0.0
TgO_Exodus,26,13,0.0,0.0,0.0,0.6875,0.0,0.0,0.0,16.0,2.5294,0.0,0.0
TgO_Exodus,26,14,0.0,0.0,0.0,0.8,0.0,0.0,0.0,10.0,3.3636,0.0,0.0
TgO_Exodus,26,15,0.0,0.0,0.0,1.0,0.0,0.0,0.0,7.0,2.25,0.0,0.0
TgO_Exodus,26,16,0.0,0.0,0.0,0.7,0.0,0.0,0.0,10.0,2.4545,0.0,0.0
TgO_Exodus,26,17,0.0,0.0,0.0,0.7692,0.0,0.0,0.0,13.0,2.5714,0.0,0.0
TgO_Exodus,26,18,0.0,0.0,0.0,0.8889,0.0,0.0,0.0,9.0,2.7,0.0,0.0
TgO_Exodus,26,19,0.0,0.0,0.0,0.4762,0.0,0.0,0.0,21.0,2.9091,0.0,0.0
TgO_Exodus,26,20,0.0,0.0,0.0,1.0,0.0,0.0,0.0,7.0,3.0,0.0,0.0
TgO_Exodus,26,21,0.0,0.0,0.0,0.5385,0.0,0.0,0.0,13.0,2.5714,0.0,0.0
TgO_Exodus,26,22,0.0,0.0,0.0,1.0,0.0,0.0,0.0,6.0,2.4286,0.0,0.0
TgO_Exodus,26,23,0.0,0.0,0.0,1.0,0.0,0.0,0.0,6.0,2.2857,0.0,0.0
TgO_Exodus,26,24,0.0,0.0,0.0,0.6875,0.0,0.0,0.0,16.0,2.7647,0.0,0.0
TgO_Exodus,26,25,0.0,0.0,0.0,0.5294,0.0,0.0,0.0,17.0,2.7778,0.0,0.0
TgO_Exodus,26,26,0.0,0.0,0.0,1.0,0.0,0.0,0.0,9.0,2.4,0.0,0.0
TgO_Exodus,26,27,0.0,0.0,0.0,0.6154,0.0,0.0,0.0,13.0,2.7857,0.0,0.0
TgO_Exodus,26,28,0.0,0.0,0.0,0.875,0.0,0.0,0.0,8.0,2.5556,0.0,0.0
TgO_Exodus,26,29,0.0,0.0,0.0,0.6429,0.0,0.0,0.0,14.0,2.5333,0.0,0.0
TgO_Exodus,26,30,0.0,0.0,0.0,0.8571,0.0,0.0,0.0,7.0,2.25,0.0,0.0
TgO_Exodus,26,31,0.0,0.0,0.0,0.7857,0.0,0.0,0.0,14.0,3.1333,0.0,0.0
TgO_Exodus,26,32,0.0,0.0,0.0,0.7857,0.0,0.0,0.0,14.0,2.6667,0.0,0.0
TgO_Exodus,26,33,0.0,0.0,0.0,0.55,0.0,0.0,0.0,20.0,3.381,0.0,0.0
TgO_Exodus,26,34,0.0,0.0,0.0,1.0,0.0,0.0,0.0,8.0,2.7778,0.0,0.0
TgO_Exodus,26,35,0.0,0.0,0.0,0.7222,0.0,0.0,0.0,18.0,3.3684,0.0,0.0
TgO_Exodus,26,36,0.0,0.0,0.0,0.75,0.0,0.0,0.0,12.0,3.0,0.0,0.0
TgO_Exodus,26,37,0.0,0.0,0.0,0.6667,0.0,0.0,0.0,15.0,2.75,0.0,0.0
TgO_Exodus,27,01,0.0,0.0,0.0,0.7059,0.0,0.0,0.0,17.0,2.8333,0.0,0.0
TgO_Exodus,27,02,0.0,0.0,0.0,0.8182,0.0,0.0,0.0,11.0,2.4167,0.0,0.0
TgO_Exodus,27,03,0.0,0.0,0.0,0.8333,0.0,0.0,0.0,12.0,3.0769,0.0,0.0
TgO_Exodus,27,04,0.0,0.0,0.0,0.6,0.0,0.0,0.0,15.0,3.0,0.0,0.0
TgO_Exodus,27,05,0.0,0.0,0.0,0.8182,0.0,0.0,0.0,11.0,3.1667,0.0,0.0
TgO_Exodus,27,06,0.0,0.0,0.0,0.7778,0.0,0.0,0.0,9.0,2.6,0.0,0.0
TgO_Exodus,27,07,0.0,0.0,0.0,0.7273,0.0,0.0,0.0,11.0,2.5833,0.0,0.0
TgO_Exodus,27,08,0.0,0.0,0.0,0.8,0.0,0.0,0.0,10.0,2.7273,0.0,0.0
TgO_Exodus,27,09,0.0,0.0,0.0,0.875,0.0,0.0,0.0,16.0,2.8824,0.0,0.0
TgO_Exodus,27,10,0.0,0.0,0.0,0.625,0.0,0.0,0.0,8.0,2.5556,0.0,0.0
TgO_Exodus,27,11,0.0,0.0,0.0,0.6875,0.0,0.0,0.0,16.0,2.8824,0.0,0.0
TgO_Exodus,27,12,0.0,0.0,0.0,0.8182,0.0,0.0,0.0,11.0,2.9167,0.0,0.0
TgO_Exodus,27,13,0.0,0.0,0.0,1.0,0.0,0.0,0.0,7.0,3.0,0.0,0.0
TgO_Exodus,27,14,0.0,0.0,0.0,0.75,0.0,0.0,0.0,8.0,2.5556,0.0,0.0
TgO_Exodus,27,15,0.0,0.0,0.0,0.75,0.0,0.0,0.0,8.0,3.1111,0.0,0.0
TgO_Exodus,27,16,0.0,0.0,0.0,0.7059,0.0,0.0,0.0,17.0,3.1667,0.0,0.0
TgO_Exodus,27,17,0.0,0.0,0.0,0.9,0.0,0.0,0.0,10.0,3.0909,0.0,0.0
TgO_Exodus,27,18,0.0,0.0,0.0,0.7857,0.0,0.0,0.0,14.0,2.8,0.0,0.0
TgO_Exodus,27,19,0.0,0.0,0.0,0.8182,0.0,0.0,0.0,11.0,2.6667,0.0,0.0
TgO_Exodus,27,20,0.0,0.0,0.0,0.8,0.0,0.0,0.0,15.0,2.9375,0.0,0.0
TgO_Exodus,27,21,0.0,0.0,0.0,0.8571,0.0,0.0,0.0,21.0,3.0455,0.0,0.0
TgO_Exodus,28,01,0.0,0.0,0.0,0.4762,0.0,0.0,0.0,21.0,3.0909,0.0,0.0
TgO_Exodus,28,02,0.0,0.0,0.0,0.7143,0.0,0.0,0.0,7.0,3.25,0.0,0.0
TgO_Exodus,28,03,0.0,0.0,0.0,0.8235,0.0,0.0,0.0,17.0,2.6667,0.0,0.0
TgO_Exodus,28,04,0.0,0.0,0.0,0.5556,0.0,0.0,0.0,18.0,2.8421,0.0,0.0
TgO_Exodus,28,05,0.0,0.0,0.0,0.6923,0.0,0.0,0.0,13.0,2.7143,0.0,0.0
TgO_Exodus,28,06,0.0,0.0,0.0,0.75,0.0,0.0,0.0,12.0,2.9231,0.0,0.0
TgO_Exodus,28,07,0.0,0.0,0.0,0.75,0.0,0.0,0.0,8.0,2.8889,0.0,0.0
TgO_Exodus,28,08,0.0,0.0,0.0,0.7692,0.0,0.0,0.0,13.0,2.6429,0.0,0.0
TgO_Exodus,28,09,0.0,0.0,0.0,0.8,0.0,0.0,0.0,10.0,2.6364,0.0,0.0
TgO_Exodus,28,10,0.0,0.0,0.0,0.7857,0.0,0.0,0.0,14.0,2.2667,0.0,0.0
TgO_Exodus,28,11,0.0,0.0,0.0,0.8571,0.0,0.0,0.0,21.0,2.9091,0.0,0.0
TgO_Exodus,28,12,0.0,0.0,0.0,0.5714,0.0,0.0,0.0,21.0,2.9545,0.0,0.0
TgO_Exodus,28,13,0.0,0.0,0.0,0.5,0.0,0.0,0.0,3.0,2.0,0.0,0.0
TgO_Exodus,28,14,0.0,0.0,0.0,0.8667,0.0,0.0,0.0,15.0,3.0,0.0,0.0
TgO_Exodus,28,15,0.0,0.0,0.0,0.7647,0.0,0.0,0.0,17.0,2.9444,0.0,0.0
TgO_Exodus,28,16,0.0,0.0,0.0,1.0,0.0,0.0,0.0,7.0,2.875,0.0,0.0
TgO_Exodus,28,17,0.0,0.0,0.0,0.7333,0.0,0.0,0.0,15.0,2.875,0.0,0.0
TgO_Exodus,28,18,0.0,0.0,0.0,0.8,0.0,0.0,0.0,5.0,3.0,0.0,0.0
TgO_Exodus,28,19,0.0,0.0,0.0,1.0,0.0,0.0,0.0,5.0,4.1667,0.0,0.0
TgO_Exodus,28,20,0.0,0.0,0.0,0.7,0.0,0.0,0.0,10.0,2.4545,0.0,0.0
TgO_Exodus,28,21,0.0,0.0,0.0,0.6316,0.0,0.0,0.0,19.0,3.0,0.0,0.0
TgO_Exodus,28,22,0.0,0.0,0.0,1.0,0.0,0.0,0.0,9.0,3.0,0.0,0.0
TgO_Exodus,28,23,0.0,0.0,0.0,0.5714,0.0,0.0,0.0,14.0,2.9333,0.0,0.0
TgO_Exodus,28,24,0.0,0.0,0.0,0.9,0.0,0.0,0.0,10.0,2.9091,0.0,0.0
TgO_Exodus,28,25,0.0,0.0,0.0,0.6875,0.0,0.0,0.0,16.0,3.1765,0.0,0.0
TgO_Exodus,28,26,0.0,0.0,0.0,0.8,0.0,0.0,0.0,15.0,2.8125,0.0,0.0
TgO_Exodus,28,27,0.0,0.0,0.0,0.8333,0.0,0.0,0.0,18.0,3.6316,0.0,0.0
TgO_Exodus,28,28,0.0,0.0,0.0,0.7647,0.0,0.0,0.0,17.0,3.1111,0.0,0.0
TgO_Exodus,28,29,0.0,0.0,0.0,0.8125,0.0,0.0,0.0,16.0,2.7647,0.0,0.0
TgO_Exodus,28,30,0.0,0.0,0.0,0.52,0.0,0.0,0.0,25.0,2.9231,0.0,0.0
TgO_Exodus,28,31,0.0,0.0,0.0,1.0,0.0,0.0,0.0,6.0,2.8571,0.0,0.0
TgO_Exodus,28,32,0.0,0.0,0.0,0.8333,0.0,0.0,0.0,18.0,3.1579,0.0,0.0
TgO_Exodus,28,33,0.0,0.0,0.0,0.6,0.0,0.0,0.0,15.0,3.5625,0.0,0.0
TgO_Exodus,28,34,0.0,0.0,0.0,0.7,0.0,0.0,0.0,10.0,3.0,0.0,0.0
TgO_Exodus,28,35,0.0,0.0,0.0,0.6923,0.0,0.0,0.0,13.0,2.5,0.0,0.0
TgO_Exodus,28,36,0.0,0.0,0.0,0.9,0.0,0.0,0.0,10.0,2.6364,0.0,0.0
TgO_Exodus,28,37,0.0,0.0,0.0,0.75,0.0,0.0,0.0,12.0,3.0,0.0,0.0
TgO_Exodus,28,38,0.0,0.0,0.0,0.6087,0.0,0.0,0.0,23.0,3.75,0.0,0.0
TgO_Exodus,28,39,0.0,0.0,0.0,0.7,0.0,0.0,0.0,10.0,2.9091,0.0,0.0
TgO_Exodus,28,40,0.0,0.0,0.0,0.4167,0.0,0.0,0.0,12.0,3.1538,0.0,0.0
TgO_Exodus,28,41,0.0,0.0,0.0,0.4118,0.0,0.0,0.0,17.0,2.3889,0.0,0.0
TgO_Exodus,28,42,0.0,0.0,0.0,0.8182,0.0,0.0,0.0,11.0,3.6667,0.0,0.0
TgO_Exodus,28,43,0.0,0.0,0.0,0.6522,0.0,0.0,0.0,23.0,2.625,0.0,0.0
TgO_Exodus,29,01,0.0,0.0,0.0,0.8125,0.0,0.0,0.0,16.0,2.8235,0.0,0.0
TgO_Exodus,29,02,0.0,0.0,0.0,0.6429,0.0,0.0,0.0,14.0,2.6667,0.0,0.0
TgO_Exodus,29,03,0.0,0.0,0.0,0.6923,0.0,0.0,0.0,13.0,2.1429,0.0,0.0
TgO_Exodus,29,04,0.0,0.0,0.0,0.7273,0.0,0.0,0.0,11.0,2.6667,0.0,0.0
TgO_Exodus,29,05,0.0,0.0,0.0,0.4211,0.0,0.0,0.0,19.0,2.8,0.0,0.0
TgO_Exodus,29,06,0.0,0.0,0.0,0.7,0.0,0.0,0.0,10.0,2.8182,0.0,0.0
TgO_Exodus,29,07,0.0,0.0,0.0,0.6667,0.0,0.0,0.0,9.0,2.1,0.0,0.0
TgO_Exodus,29,08,0.0,0.0,0.0,0.8,0.0,0.0,0.0,5.0,2.1667,0.0,0.0
TgO_Exodus,29,09,0.0,0.0,0.0,0.5,0.0,0.0,0.0,18.0,3.2105,0.0,0.0
TgO_Exodus,29,10,0.0,0.0,0.0,0.6429,0.0,0.0,0.0,14.0,2.7333,0.0,0.0
TgO_Exodus,29,11,0.0,0.0,0.0,1.0,0.0,0.0,0.0,8.0,2.4444,0.0,0.0
TgO_Exodus,29,12,0.0,0.0,0.0,0.7857,0.0,0.0,0.0,14.0,2.4667,0.0,0.0
TgO_Exodus,29,13,0.0,0.0,0.0,0.6316,0.0,0.0,0.0,19.0,2.5,0.0,0.0
TgO_Exodus,29,14,0.0,0.0,0.0,0.8462,0.0,0.0,0.0,13.0,3.1429,0.0,0.0
TgO_Exodus,29,15,0.0,0.0,0.0,0.6667,0.0,0.0,0.0,12.0,2.3077,0.0,0.0
TgO_Exodus,29,16,0.0,0.0,0.0,0.7,0.0,0.0,0.0,10.0,2.7273,0.0,0.0
TgO_Exodus,29,17,0.0,0.0,0.0,0.5833,0.0,0.0,0.0,12.0,2.2308,0.0,0.0
TgO_Exodus,29,18,0.0,0.0,0.0,0.8,0.0,0.0,0.0,15.0,2.75,0.0,0.0
TgO_Exodus,29,19,0.0,0.0,0.0,0.5833,0.0,0.0,0.0,12.0,2.3846,0.0,0.0
TgO_Exodus,29,20,0.0,0.0,0.0,0.4828,0.0,0.0,0.0,29.0,2.9667,0.0,0.0
TgO_Exodus,29,21,0.0,0.0,0.0,0.4,0.0,0.0,0.0,25.0,2.3077,0.0,0.0
TgO_Exodus,29,22,0.0,0.0,0.0,0.64,0.0,0.0,0.0,25.0,2.6538,0.0,0.0
TgO_Exodus,29,23,0.0,0.0,0.0,0.6154,0.0,0.0,0.0,13.0,2.3571,0.0,0.0
TgO_Exodus,29,24,0.0,0.0,0.0,0.6923,0.0,0.0,0.0,13.0,2.2857,0.0,0.0
TgO_Exodus,29,25,0.0,0.0,0.0,0.8,0.0,0.0,0.0,15.0,2.625,0.0,0.0
TgO_Exodus,29,26,0.0,0.0,0.0,0.6429,0.0,0.0,0.0,14.0,3.1333,0.0,0.0
TgO_Exodus,29,27,0.0,0.0,0.0,0.6923,0.0,0.0,0.0,13.0,3.0,0.0,0.0
TgO_Exodus,29,28,0.0,0.0,0.0,0.5714,0.0,0.0,0.0,21.0,3.5455,0.0,0.0
TgO_Exodus,29,29,0.0,0.0,0.0,0.75,0.0,0.0,0.0,12.0,2.7692,0.0,0.0
TgO_Exodus,29,30,0.0,0.0,0.0,1.0,0.0,0.0,0.0,12.0,2.7692,0.0,0.0
TgO_Exodus,29,31,0.0,0.0,0.0,0.8889,0.0,0.0,0.0,9.0,2.6,0.0,0.0
TgO_Exodus,29,32,0.0,0.0,0.0,0.6667,0.0,0.0,0.0,12.0,2.6923,0.0,0.0
TgO_Exodus,29,33,0.0,0.0,0.0,0.8,0.0,0.0,0.0,15.0,2.625,0.0,0.0
TgO_Exodus,29,34,0.0,0.0,0.0,0.8235,0.0,0.0,0.0,17.0,2.5556,0.0,0.0
TgO_Exodus,29,35,0.0,0.0,0.0,0.8182,0.0,0.0,0.0,11.0,2.8333,0.0,0.0
TgO_Exodus,29,36,0.0,0.0,0.0,0.7143,0.0,0.0,0.0,14.0,2.5333,0.0,0.0
TgO_Exodus,29,37,0.0,0.0,0.0,0.8,0.0,0.0,0.0,15.0,2.6875,0.0,0.0
TgO_Exodus,29,38,0.0,0.0,0.0,1.0,0.0,0.0,0.0,10.0,2.7273,0.0,0.0
TgO_Exodus,29,39,0.0,0.0,0.0,0.8182,0.0,0.0,0.0,11.0,2.5,0.0,0.0
TgO_Exodus,29,40,0.0,0.0,0.0,0.8462,0.0,0.0,0.0,13.0,2.7143,0.0,0.0
TgO_Exodus,29,41,0.0,0.0,0.0,0.8125,0.0,0.0,0.0,16.0,3.2353,0.0,0.0
TgO_Exodus,29,42,0.0,0.0,0.0,0.8,0.0,0.0,0.0,15.0,3.0,0.0,0.0
TgO_Exodus,29,43,0.0,0.0,0.0,0.7143,0.0,0.0,0.0,7.0,2.5,0.0,0.0
TgO_Exodus,29,44,0.0,0.0,0.0,0.6923,0.0,0.0,0.0,13.0,2.5714,0.0,0.0
TgO_Exodus,29,45,0.0,0.0,0.0,0.625,0.0,0.0,0.0,8.0,3.1111,0.0,0.0
TgO_Exodus,29,46,0.0,0.0,0.0,0.7333,0.0,0.0,0.0,15.0,3.0,0.0,0.0
TgO_Exodus,30,01,0.0,0.0,0.0,1.0,0.0,0.0,0.0,10.0,2.6364,0.0,0.0
TgO_Exodus,30,02,0.0,0.0,0.0,0.8182,0.0,0.0,0.0,11.0,2.75,0.0,0.0
TgO_Exodus,30,03,0.0,0.0,0.0,0.5625,0.0,0.0,0.0,16.0,3.2941,0.0,0.0
TgO_Exodus,30,04,0.0,0.0,0.0,0.75,0.0,0.0,0.0,20.0,2.9524,0.0,0.0
TgO_Exodus,30,05,0.0,0.0,0.0,0.75,0.0,0.0,0.0,8.0,2.2222,0.0,0.0
TgO_Exodus,30,06,0.0,0.0,0.0,0.7333,0.0,0.0,0.0,15.0,3.0625,0.0,0.0
TgO_Exodus,30,07,0.0,0.0,0.0,0.7273,0.0,0.0,0.0,11.0,2.6667,0.0,0.0
TgO_Exodus,30,08,0.0,0.0,0.0,0.9091,0.0,0.0,0.0,11.0,3.25,0.0,0.0
TgO_Exodus,30,09,0.0,0.0,0.0,0.6667,0.0,0.0,0.0,12.0,2.5385,0.0,0.0
TgO_Exodus,30,10,0.0,0.0,0.0,0.7368,0.0,0.0,0.0,19.0,2.7,0.0,0.0
TgO_Exodus,30,11,0.0,0.0,0.0,0.8,0.0,0.0,0.0,5.0,2.1667,0.0,0.0
TgO_Exodus,30,12,0.0,0.0,0.0,0.7391,0.0,0.0,0.0,23.0,2.7917,0.0,0.0
TgO_Exodus,30,13,0.0,0.0,0.0,0.8333,0.0,0.0,0.0,18.0,3.4211,0.0,0.0
TgO_Exodus,30,14,0.0,0.0,0.0,1.0,0.0,0.0,0.0,12.0,3.3077,0.0,0.0
TgO_Exodus,30,15,0.0,0.0,0.0,0.9375,0.0,0.0,0.0,16.0,3.0,0.0,0.0
TgO_Exodus,30,16,0.0,0.0,0.0,0.6818,0.0,0.0,0.0,22.0,2.913,0.0,0.0
TgO_Exodus,30,17,0.0,0.0,0.0,0.8,0.0,0.0,0.0,5.0,2.1667,0.0,0.0
TgO_Exodus,30,18,0.0,0.0,0.0,0.6875,0.0,0.0,0.0,16.0,2.7647,0.0,0.0
TgO_Exodus,30,19,0.0,0.0,0.0,0.625,0.0,0.0,0.0,8.0,2.1111,0.0,0.0
TgO_Exodus,30,20,0.0,0.0,0.0,0.9333,0.0,0.0,0.0,15.0,2.875,0.0,0.0
TgO_Exodus,30,21,0.0,0.0,0.0,0.5,0.0,0.0,0.0,12.0,2.5385,0.0,0.0
TgO_Exodus,30,22,0.0,0.0,0.0,0.8,0.0,0.0,0.0,5.0,2.1667,0.0,0.0
TgO_Exodus,30,23,0.0,0.0,0.0,0.5238,0.0,0.0,0.0,21.0,3.0,0.0,0.0
TgO_Exodus,30,24,0.0,0.0,0.0,0.9,0.0,0.0,0.0,10.0,2.6364,0.0,0.0
TgO_Exodus,30,25,0.0,0.0,0.0,0.6923,0.0,0.0,0.0,13.0,3.0,0.0,0.0
TgO_Exodus,30,26,0.0,0.0,0.0,0.875,0.0,0.0,0.0,8.0,2.5556,0.0,0.0
TgO_Exodus,30,27,0.0,0.0,0.0,0.6154,0.0,0.0,0.0,13.0,2.7143,0.0,0.0
TgO_Exodus,30,28,0.0,0.0,0.0,0.7,0.0,0.0,0.0,10.0,2.5455,0.0,0.0
TgO_Exodus,30,29,0.0,0.0,0.0,0.7778,0.0,0.0,0.0,9.0,2.4,0.0,0.0
TgO_Exodus,30,30,0.0,0.0,0.0,0.6667,0.0,0.0,0.0,9.0,2.3,0.0,0.0
TgO_Exodus,30,31,0.0,0.0,0.0,0.9167,0.0,0.0,0.0,12.0,2.7692,0.0,0.0
TgO_Exodus,30,32,0.0,0.0,0.0,0.7857,0.0,0.0,0.0,14.0,2.9333,0.0,0.0
TgO_Exodus,30,33,0.0,0.0,0.0,0.7778,0.0,0.0,0.0,9.0,2.7,0.0,0.0
TgO_Exodus,30,34,0.0,0.0,0.0,0.6667,0.0,0.0,0.0,15.0,3.125,0.0,0.0
TgO_Exodus,30,35,0.0,0.0,0.0,0.8182,0.0,0.0,0.0,11.0,3.0833,0.0,0.0
TgO_Exodus,30,36,0.0,0.0,0.0,0.6111,0.0,0.0,0.0,18.0,3.0,0.0,0.0
TgO_Exodus,30,37,0.0,0.0,0.0,0.75,0.0,0.0,0.0,12.0,2.8462,0.0,0.0
TgO_Exodus,30,38,0.0,0.0,0.0,1.0,0.0,0.0,0.0,7.0,2.5,0.0,0.0
TgO_Exodus,31,01,0.0,0.0,0.0,0.8,0.0,0.0,0.0,5.0,2.1667,0.0,0.0
TgO_Exodus,31,02,0.0,0.0,0.0,0.5,0.0,0.0,0.0,10.0,3.6364,0.0,0.0
TgO_Exodus,31,03,0.0,0.0,0.0,0.7273,0.0,0.0,0.0,11.0,2.9167,0.0,0.0
TgO_Exodus,31,04,0.0,0.0,0.0,0.8333,0.0,0.0,0.0,6.0,2.4286,0.0,0.0
TgO_Exodus,31,05,0.0,0.0,0.0,0.8889,0.0,0.0,0.0,9.0,2.4,0.0,0.0
TgO_Exodus,31,06,0.0,0.0,0.0,0.6,0.0,0.0,0.0,20.0,3.1905,0.0,0.0
TgO_Exodus,31,07,0.0,0.0,0.0,0.7692,0.0,0.0,0.0,13.0,2.7857,0.0,0.0
TgO_Exodus,31,08,0.0,0.0,0.0,0.7143,0.0,0.0,0.0,14.0,2.7333,0.0,0.0
TgO_Exodus,31,09,0.0,0.0,0.0,0.7,0.0,0.0,0.0,10.0,2.5455,0.0,0.0
TgO_Exodus,31,10,0.0,0.0,0.0,0.5833,0.0,0.0,0.0,12.0,3.0,0.0,0.0
TgO_Exodus,31,11,0.0,0.0,0.0,0.9,0.0,0.0,0.0,10.0,2.7273,0.0,0.0
TgO_Exodus,31,12,0.0,0.0,0.0,0.75,0.0,0.0,0.0,4.0,3.0,0.0,0.0
TgO_Exodus,31,13,0.0,0.0,0.0,0.875,0.0,0.0,0.0,24.0,2.8,0.0,0.0
TgO_Exodus,31,14,0.0,0.0,0.0,0.8,0.0,0.0,0.0,20.0,3.0,0.0,0.0
TgO_Exodus,31,15,0.0,0.0,0.0,0.7222,0.0,0.0,0.0,18.0,3.0,0.0,0.0
TgO_Exodus,31,16,0.0,0.0,0.0,0.7273,0.0,0.0,0.0,11.0,2.5,0.0,0.0
TgO_Exodus,31,17,0.0,0.0,0.0,0.8095,0.0,0.0,0.0,21.0,2.8182,0.0,0.0
TgO_Exodus,31,18,0.0,0.0,0.0,0.75,0.0,0.0,0.0,16.0,3.2353,0.0,0.0
TgO_Exodus,32,01,0.0,0.0,0.0,0.625,0.0,0.0,0.0,32.0,3.1212,0.0,0.0
TgO_Exodus,32,02,0.0,0.0,0.0,0.7273,0.0,0.0,0.0,11.0,2.9167,0.0,0.0
TgO_Exodus,32,03,0.0,0.0,0.0,0.7778,0.0,0.0,0.0,9.0,2.9,0.0,0.0
TgO_Exodus,32,04,0.0,0.0,0.0,0.6,0.0,0.0,0.0,15.0,2.875,0.0,0.0
TgO_Exodus,32,05,0.0,0.0,0.0,0.5,0.0,0.0,0.0,12.0,2.6154,0.0,0.0
TgO_Exodus,32,06,0.0,0.0,0.0,0.6154,0.0,0.0,0.0,13.0,2.3571,0.0,0.0
TgO_Exodus,32,07,0.0,0.0,0.0,0.75,0.0,0.0,0.0,12.0,2.9231,0.0,0.0
TgO_Exodus,32,08,0.0,0.0,0.0,0.6,0.0,0.0,0.0,20.0,3.4286,0.0,0.0
TgO_Exodus,32,09,0.0,0.0,0.0,0.75,0.0,0.0,0.0,12.0,2.7692,0.0,0.0
TgO_Exodus,32,10,0.0,0.0,0.0,0.75,0.0,0.0,0.0,12.0,2.6154,0.0,0.0
TgO_Exodus,32,11,0.0,0.0,0.0,0.6667,0.0,0.0,0.0,18.0,2.8947,0.0,0.0
TgO_Exodus,32,12,0.0,0.0,0.0,0.8636,0.0,0.0,0.0,22.0,3.0,0.0,0.0
TgO_Exodus,32,13,0.0,0.0,0.0,0.6667,0.0,0.0,0.0,24.0,2.96,0.0,0.0
TgO_Exodus,32,14,0.0,0.0,0.0,1.0,0.0,0.0,0.0,7.0,2.375,0.0,0.0
TgO_Exodus,32,15,0.0,0.0,0.0,0.5882,0.0,0.0,0.0,17.0,2.5,0.0,0.0
TgO_Exodus,32,16,0.0,0.0,0.0,0.8182,0.0,0.0,0.0,11.0,2.6667,0.0,0.0
TgO_Exodus,32,17,0.0,0.0,0.0,0.6667,0.0,0.0,0.0,12.0,2.9231,0.0,0.0
TgO_Exodus,32,18,0.0,0.0,0.0,0.7333,0.0,0.0,0.0,15.0,2.375,0.0,0.0
TgO_Exodus,32,19,0.0,0.0,0.0,0.5789,0.0,0.0,0.0,19.0,2.55,0.0,0.0
TgO_Exodus,32,20,0.0,0.0,0.0,0.6471,0.0,0.0,0.0,17.0,2.7222,0.0,0.0
TgO_Exodus,32,21,0.0,0.0,0.0,0.7692,0.0,0.0,0.0,13.0,2.7857,0.0,0.0
TgO_Exodus,32,22,0.0,0.0,0.0,0.9231,0.0,0.0,0.0,13.0,2.7857,0.0,0.0
TgO_Exodus,32,23,0.0,0.0,0.0,0.7368,0.0,0.0,0.0,19.0,3.15,0.0,0.0
TgO_Exodus,32,24,0.0,0.0,0.0,0.5833,0.0,0.0,0.0,12.0,2.5385,0.0,0.0
TgO_Exodus,32,25,0.0,0.0,0.0,0.7857,0.0,0.0,0.0,14.0,2.9333,0.0,0.0
TgO_Exodus,32,26,0.0,0.0,0.0,0.6667,0.0,0.0,0.0,15.0,2.75,0.0,0.0
TgO_Exodus,32,27,0.0,0.0,0.0,0.6296,0.0,0.0,0.0,27.0,2.8214,0.0,0.0
TgO_Exodus,32,28,0.0,0.0,0.0,0.6923,0.0,0.0,0.0,13.0,2.7143,0.0,0.0
TgO_Exodus,32,29,0.0,0.0,0.0,0.6667,0.0,0.0,0.0,18.0,3.1053,0.0,0.0
TgO_Exodus,32,30,0.0,0.0,0.0,0.7895,0.0,0.0,0.0,19.0,2.7,0.0,0.0
TgO_Exodus,32,31,0.0,0.0,0.0,0.7333,0.0,0.0,0.0,15.0,3.0625,0.0,0.0
TgO_Exodus,32,32,0.0,0.0,0.0,0.9,0.0,0.0,0.0,10.0,2.2727,0.0,0.0
TgO_Exodus,32,33,0.0,0.0,0.0,0.75,0.0,0.0,0.0,8.0,2.4444,0.0,0.0
TgO_Exodus,32,34,0.0,0.0,0.0,0.8235,0.0,0.0,0.0,17.0,2.5,0.0,0.0
TgO_Exodus,32,35,0.0,0.0,0.0,0.8889,0.0,0.0,0.0,9.0,3.1,0.0,0.0
TgO_Exodus,33,01,0.0,0.0,0.0,0.6,0.0,0.0,0.0,20.0,3.0476,0.0,0.0
TgO_Exodus,33,02,0.0,0.0,0.0,0.5455,0.0,0.0,0.0,11.0,2.5833,0.0,0.0
TgO_Exodus,33,03,0.0,0.0,0.0,0.9412,0.0,0.0,0.0,17.0,3.1667,0.0,0.0
TgO_Exodus,33,04,0.0,0.0,0.0,0.8462,0.0,0.0,0.0,13.0,2.5,0.0,0.0
TgO_Exodus,33,05,0.0,0.0,0.0,0.8077,0.0,0.0,0.0,26.0,3.1481,0.0,0.0
TgO_Exodus,33,06,0.0,0.0,0.0,0.75,0.0,0.0,0.0,8.0,3.3333,0.0,0.0
TgO_Exodus,33,07,0.0,0.0,0.0,0.5517,0.0,0.0,0.0,29.0,4.2667,0.0,0.0
TgO_Exodus,33,08,0.0,0.0,0.0,0.6667,0.0,0.0,0.0,18.0,2.8947,0.0,0.0
TgO_Exodus,33,09,0.0,0.0,0.0,0.6429,0.0,0.0,0.0,14.0,2.9333,0.0,0.0
TgO_Exodus,33,10,0.0,0.0,0.0,0.625,0.0,0.0,0.0,16.0,2.4118,0.0,0.0
TgO_Exodus,33,11,0.0,0.0,0.0,0.6522,0.0,0.0,0.0,23.0,3.2917,0.0,0.0
TgO_Exodus,33,12,0.0,0.0,0.0,0.6296,0.0,0.0,0.0,27.0,2.7143,0.0,0.0
TgO_Exodus,33,13,0.0,0.0,0.0,0.6522,0.0,0.0,0.0,23.0,2.8333,0.0,0.0
TgO_Exodus,33,14,0.0,0.0,0.0,0.6,0.0,0.0,0.0,5.0,2.6667,0.0,0.0
TgO_Exodus,33,15,0.0,0.0,0.0,1.0,0.0,0.0,0.0,10.0,2.5455,0.0,0.0
TgO_Exodus,33,16,0.0,0.0,0.0,0.7391,0.0,0.0,0.0,23.0,3.0,0.0,0.0
TgO_Exodus,33,17,0.0,0.0,0.0,0.8667,0.0,0.0,0.0,15.0,2.75,0.0,0.0
TgO_Exodus,33,18,0.0,0.0,0.0,1.0,0.0,0.0,0.0,5.0,2.1667,0.0,0.0
TgO_Exodus,33,19,0.0,0.0,0.0,0.7647,0.0,0.0,0.0,17.0,2.5,0.0,0.0
TgO_Exodus,33,20,0.0,0.0,0.0,0.75,0.0,0.0,0.0,12.0,2.6154,0.0,0.0
TgO_Exodus,33,21,0.0,0.0,0.0,0.8889,0.0,0.0,0.0,9.0,2.4,0.0,0.0
TgO_Exodus,33,22,0.0,0.0,0.0,0.6364,0.0,0.0,0.0,11.0,2.1667,0.0,0.0
TgO_Exodus,33,23,0.0,0.0,0.0,0.7,0.0,0.0,0.0,10.0,2.2727,0.0,0.0
TgO_Exodus,34,01,0.0,0.0,0.0,0.6842,0.0,0.0,0.0,19.0,2.75,0.0,0.0
TgO_Exodus,34,02,0.0,0.0,0.0,0.6923,0.0,0.0,0.0,13.0,2.7857,0.0,0.0
TgO_Exodus,34,03,0.0,0.0,0.0,0.7222,0.0,0.0,0.0,18.0,2.4737,0.0,0.0
TgO_Exodus,34,04,0.0,0.0,0.0,0.55,0.0,0.0,0.0,20.0,2.9048,0.0,0.0
TgO_Exodus,34,05,0.0,0.0,0.0,0.5556,0.0,0.0,0.0,9.0,2.1,0.0,0.0
TgO_Exodus,34,06,0.0,0.0,0.0,0.625,0.0,0.0,0.0,16.0,2.9412,0.0,0.0
TgO_Exodus,34,07,0.0,0.0,0.0,0.6667,0.0,0.0,0.0,30.0,2.6774,0.0,0.0
TgO_Exodus,34,08,0.0,0.0,0.0,0.5,0.0,0.0,0.0,6.0,2.2857,0.0,0.0
TgO_Exodus,34,09,0.0,0.0,0.0,0.7826,0.0,0.0,0.0,23.0,2.8333,0.0,0.0
TgO_Exodus,34,10,0.0,0.0,0.0,0.7333,0.0,0.0,0.0,30.0,2.5806,0.0,0.0
TgO_Exodus,34,11,0.0,0.0,0.0,0.5,0.0,0.0,0.0,18.0,2.9474,0.0,0.0
TgO_Exodus,34,12,0.0,0.0,0.0,0.8571,0.0,0.0,0.0,14.0,2.9333,0.0,0.0
TgO_Exodus,34,13,0.0,0.0,0.0,0.9,0.0,0.0,0.0,10.0,2.6364,0.0,0.0
TgO_Exodus,34,14,0.0,0.0,0.0,0.8333,0.0,0.0,0.0,12.0,2.4615,0.0,0.0
TgO_Exodus,34,15,0.0,0.0,0.0,0.6429,0.0,0.0,0.0,14.0,2.5333,0.0,0.0
TgO_Exodus,34,16,0.0,0.0,0.0,0.5833,0.0,0.0,0.0,12.0,2.2308,0.0,0.0
TgO_Exodus,34,17,0.0,0.0,0.0,0.8,0.0,0.0,0.0,5.0,2.8333,0.0,0.0
TgO_Exodus,34,18,0.0,0.0,0.0,0.8824,0.0,0.0,0.0,17.0,2.8333,0.0,0.0
TgO_Exodus,34,19,0.0,0.0,0.0,0.8333,0.0,0.0,0.0,12.0,3.0,0.0,0.0
TgO_Exodus,34,20,0.0,0.0,0.0,0.6875,0.0,0.0,0.0,16.0,2.4706,0.0,0.0
TgO_Exodus,34,21,0.0,0.0,0.0,0.7778,0.0,0.0,0.0,9.0,2.5,0.0,0.0
TgO_Exodus,34,22,0.0,0.0,0.0,0.8182,0.0,0.0,0.0,11.0,2.9167,0.0,0.0
TgO_Exodus,34,23,0.0,0.0,0.0,0.9167,0.0,0.0,0.0,12.0,3.1538,0.0,0.0
TgO_Exodus,34,24,0.0,0.0,0.0,0.85,0.0,0.0,0.0,20.0,2.7619,0.0,0.0
TgO_Exodus,34,25,0.0,0.0,0.0,0.875,0.0,0.0,0.0,16.0,2.8235,0.0,0.0
TgO_Exodus,34,26,0.0,0.0,0.0,1.0,0.0,0.0,0.0,11.0,3.3333,0.0,0.0
TgO_Exodus,34,27,0.0,0.0,0.0,0.6667,0.0,0.0,0.0,18.0,3.0526,0.0,0.0
TgO_Exodus,34,28,0.0,0.0,0.0,0.7727,0.0,0.0,0.0,22.0,2.8261,0.0,0.0
TgO_Exodus,34,29,0.0,0.0,0.0,0.6667,0.0,0.0,0.0,24.0,2.96,0.0,0.0
TgO_Exodus,34,30,0.0,0.0,0.0,0.6,0.0,0.0,0.0,15.0,2.75,0.0,0.0
TgO_Exodus,34,31,0.0,0.0,0.0,0.4167,0.0,0.0,0.0,12.0,2.8462,0.0,0.0
TgO_Exodus,34,32,0.0,0.0,0.0,0.7143,0.0,0.0,0.0,14.0,3.6,0.0,0.0
TgO_Exodus,34,33,0.0,0.0,0.0,0.75,0.0,0.0,0.0,8.0,3.0,0.0,0.0
TgO_Exodus,34,34,0.0,0.0,0.0,0.6842,0.0,0.0,0.0,19.0,2.9,0.0,0.0
TgO_Exodus,34,35,0.0,0.0,0.0,0.6364,0.0,0.0,0.0,22.0,3.2174,0.0,0.0
TgO_Exodus,35,01,0.0,0.0,0.0,0.6667,0.0,0.0,0.0,15.0,3.125,0.0,0.0
TgO_Exodus,35,02,0.0,0.0,0.0,0.7778,0.0,0.0,0.0,18.0,3.1579,0.0,0.0
TgO_Exodus,35,03,0.0,0.0,0.0,0.8571,0.0,0.0,0.0,7.0,2.375,0.0,0.0
TgO_Exodus,35,04,0.0,0.0,0.0,0.75,0.0,0.0,0.0,12.0,2.9231,0.0,0.0
TgO_Exodus,35,05,0.0,0.0,0.0,0.75,0.0,0.0,0.0,16.0,3.4118,0.0,0.0
TgO_Exodus,35,06,0.0,0.0,0.0,0.3333,0.0,0.0,0.0,6.0,2.1429,0.0,0.0
TgO_Exodus,35,07,0.0,0.0,0.0,0.7143,0.0,0.0,0.0,7.0,2.5,0.0,0.0
TgO_Exodus,35,08,0.0,0.0,0.0,0.7143,0.0,0.0,0.0,7.0,2.5,0.0,0.0
TgO_Exodus,35,09,0.0,0.0,0.0,0.7143,0.0,0.0,0.0,7.0,2.5,0.0,0.0
TgO_Exodus,35,10,0.0,0.0,0.0,0.9,0.0,0.0,0.0,10.0,2.2727,0.0,0.0
TgO_Exodus,35,11,0.0,0.0,0.0,0.8182,0.0,0.0,0.0,11.0,2.75,0.0,0.0
TgO_Exodus,35,12,0.0,0.0,0.0,0.7778,0.0,0.0,0.0,9.0,2.9,0.0,0.0
TgO_Exodus,35,13,0.0,0.0,0.0,0.8,0.0,0.0,0.0,10.0,2.5455,0.0,0.0
TgO_Exodus,35,14,0.0,0.0,0.0,0.7,0.0,0.0,0.0,10.0,3.0909,0.0,0.0
TgO_Exodus,35,15,0.0,0.0,0.0,0.5882,0.0,0.0,0.0,17.0,2.9444,0.0,0.0
TgO_Exodus,35,16,0.0,0.0,0.0,0.75,0.0,0.0,0.0,16.0,2.7059,0.0,0.0
TgO_Exodus,35,17,0.0,0.0,0.0,0.7273,0.0,0.0,0.0,11.0,2.5,0.0,0.0
TgO_Exodus,35,18,0.0,0.0,0.0,0.75,0.0,0.0,0.0,8.0,2.5556,0.0,0.0
TgO_Exodus,35,19,0.0,0.0,0.0,0.6429,0.0,0.0,0.0,14.0,3.2,0.0,0.0
TgO_Exodus,35,20,0.0,0.0,0.0,0.7143,0.0,0.0,0.0,7.0,3.625,0.0,0.0
TgO_Exodus,35,21,0.0,0.0,0.0,0.8571,0.0,0.0,0.0,21.0,3.0455,0.0,0.0
TgO_Exodus,35,22,0.0,0.0,0.0,0.7273,0.0,0.0,0.0,22.0,2.6522,0.0,0.0
TgO_Exodus,35,23,0.0,0.0,0.0,0.625,0.0,0.0,0.0,16.0,2.6471,0.0,0.0
TgO_Exodus,35,24,0.0,0.0,0.0,0.8421,0.0,0.0,0.0,19.0,3.15,0.0,0.0
TgO_Exodus,35,25,0.0,0.0,0.0,0.7222,0.0,0.0,0.0,18.0,2.7895,0.0,0.0
TgO_Exodus,35,26,0.0,0.0,0.0,1.0,0.0,0.0,0.0,9.0,2.4,0.0,0.0
TgO_Exodus,35,27,0.0,0.0,0.0,0.7273,0.0,0.0,0.0,11.0,2.5833,0.0,0.0
TgO_Exodus,35,28,0.0,0.0,0.0,0.5556,0.0,0.0,0.0,9.0,2.5,0.0,0.0
TgO_Exodus,35,29,0.0,0.0,0.0,0.75,0.0,0.0,0.0,20.0,2.9524,0.0,0.0
TgO_Exodus,35,30,0.0,0.0,0.0,0.4667,0.0,0.0,0.0,15.0,3.5625,0.0,0.0
TgO_Exodus,35,31,0.0,0.0,0.0,0.7273,0.0,0.0,0.0,11.0,2.9167,0.0,0.0
TgO_Exodus,35,32,0.0,0.0,0.0,0.6667,0.0,0.0,0.0,6.0,2.2857,0.0,0.0
TgO_Exodus,35,33,0.0,0.0,0.0,0.9,0.0,0.0,0.0,10.0,2.6364,0.0,0.0
TgO_Exodus,35,34,0.0,0.0,0.0,0.6667,0.0,0.0,0.0,9.0,3.3,0.0,0.0
TgO_Exodus,35,35,0.0,0.0,0.0,0.619,0.0,0.0,0.0,21.0,2.8182,0.0,0.0
TgO_Exodus,36,01,0.0,0.0,0.0,0.7273,0.0,0.0,0.0,22.0,3.0,0.0,0.0
TgO_Exodus,36,02,0.0,0.0,0.0,0.7368,0.0,0.0,0.0,19.0,3.05,0.0,0.0
TgO_Exodus,36,03,0.0,0.0,0.0,0.619,0.0,0.0,0.0,21.0,3.4545,0.0,0.0
TgO_Exodus,36,04,0.0,0.0,0.0,0.7692,0.0,0.0,0.0,13.0,2.7857,0.0,0.0
TgO_Exodus,36,05,0.0,0.0,0.0,0.9231,0.0,0.0,0.0,13.0,2.9286,0.0,0.0
TgO_Exodus,36,06,0.0,0.0,0.0,0.7647,0.0,0.0,0.0,17.0,3.1667,0.0,0.0
TgO_Exodus,36,07,0.0,0.0,0.0,0.875,0.0,0.0,0.0,8.0,2.4444,0.0,0.0
TgO_Exodus,36,08,0.0,0.0,0.0,0.8182,0.0,0.0,0.0,22.0,3.0435,0.0,0.0
TgO_Exodus,36,09,0.0,0.0,0.0,0.6,0.0,0.0,0.0,15.0,3.125,0.0,0.0
TgO_Exodus,36,10,0.0,0.0,0.0,0.5385,0.0,0.0,0.0,13.0,2.4286,0.0,0.0
TgO_Exodus,36,11,0.0,0.0,0.0,0.8125,0.0,0.0,0.0,16.0,3.4118,0.0,0.0
TgO_Exodus,36,12,0.0,0.0,0.0,0.6471,0.0,0.0,0.0,17.0,3.3333,0.0,0.0
TgO_Exodus,36,13,0.0,0.0,0.0,0.7143,0.0,0.0,0.0,14.0,2.6,0.0,0.0
TgO_Exodus,36,14,0.0,0.0,0.0,0.9,0.0,0.0,0.0,10.0,3.2727,0.0,0.0
TgO_Exodus,36,15,0.0,0.0,0.0,0.6429,0.0,0.0,0.0,14.0,3.4667,0.0,0.0
TgO_Exodus,36,16,0.0,0.0,0.0,0.6667,0.0,0.0,0.0,9.0,2.9,0.0,0.0
TgO_Exodus,36,17,0.0,0.0,0.0,0.625,0.0,0.0,0.0,16.0,3.6471,0.0,0.0
TgO_Exodus,36,18,0.0,0.0,0.0,1.0,0.0,0.0,0.0,9.0,2.8,0.0,0.0
TgO_Exodus,36,19,0.0,0.0,0.0,0.8,0.0,0.0,0.0,10.0,3.3636,0.0,0.0
TgO_Exodus,36,20,0.0,0.0,0.0,1.0,0.0,0.0,0.0,7.0,2.25,0.0,0.0
TgO_Exodus,36,21,0.0,0.0,0.0,0.7,0.0,0.0,0.0,10.0,2.4545,0.0,0.0
TgO_Exodus,36,22,0.0,0.0,0.0,0.7692,0.0,0.0,0.0,13.0,2.5714,0.0,0.0
TgO_Exodus,36,23,0.0,0.0,0.0,0.8889,0.0,0.0,0.0,9.0,2.7,0.0,0.0
TgO_Exodus,36,24,0.0,0.0,0.0,0.4762,0.0,0.0,0.0,21.0,2.9091,0.0,0.0
TgO_Exodus,36,25,0.0,0.0,0.0,1.0,0.0,0.0,0.0,8.0,3.0,0.0,0.0
TgO_Exodus,36,26,0.0,0.0,0.0,0.5385,0.0,0.0,0.0,13.0,2.5714,0.0,0.0
TgO_Exodus,36,27,0.0,0.0,0.0,1.0,0.0,0.0,0.0,6.0,2.4286,0.0,0.0
TgO_Exodus,36,28,0.0,0.0,0.0,1.0,0.0,0.0,0.0,6.0,2.2857,0.0,0.0
TgO_Exodus,36,29,0.0,0.0,0.0,0.7143,0.0,0.0,0.0,14.0,2.7333,0.0,0.0
TgO_Exodus,36,30,0.0,0.0,0.0,0.6429,0.0,0.0,0.0,14.0,2.9333,0.0,0.0
TgO_Exodus,36,31,0.0,0.0,0.0,1.0,0.0,0.0,0.0,9.0,2.4,0.0,0.0
TgO_Exodus,36,32,0.0,0.0,0.0,0.6667,0.0,0.0,0.0,12.0,2.7692,0.0,0.0
TgO_Exodus,36,33,0.0,0.0,0.0,0.8,0.0,0.0,0.0,10.0,2.5455,0.0,0.0
TgO_Exodus,36,34,0.0,0.0,0.0,0.6429,0.0,0.0,0.0,14.0,2.5333,0.0,0.0
TgO_Exodus,36,35,0.0,0.0,0.0,0.7333,0.0,0.0,0.0,15.0,3.0625,0.0,0.0
TgO_Exodus,36,36,0.0,0.0,0.0,0.5714,0.0,0.0,0.0,14.0,2.9333,0.0,0.0
TgO_Exodus,36,37,0.0,0.0,0.0,0.75,0.0,0.0,0.0,12.0,3.0,0.0,0.0
TgO_Exodus,36,38,0.0,0.0,0.0,0.5833,0.0,0.0,0.0,12.0,2.3846,0.0,0.0
TgO_Exodus,37,01,0.0,0.0,0.0,0.625,0.0,0.0,0.0,16.0,2.8824,0.0,0.0
TgO_Exodus,37,02,0.0,0.0,0.0,0.6,0.0,0.0,0.0,10.0,3.1818,0.0,0.0
TgO_Exodus,37,03,0.0,0.0,0.0,0.5,0.0,0.0,0.0,18.0,2.8421,0.0,0.0
TgO_Exodus,37,04,0.0,0.0,0.0,0.8571,0.0,0.0,0.0,7.0,2.25,0.0,0.0
TgO_Exodus,37,05,0.0,0.0,0.0,0.8,0.0,0.0,0.0,10.0,2.5455,0.0,0.0
TgO_Exodus,37,06,0.0,0.0,0.0,0.7273,0.0,0.0,0.0,11.0,2.8333,0.0,0.0
TgO_Exodus,37,07,0.0,0.0,0.0,0.9,0.0,0.0,0.0,10.0,3.0909,0.0,0.0
TgO_Exodus,37,08,0.0,0.0,0.0,0.5333,0.0,0.0,0.0,15.0,2.4375,0.0,0.0
TgO_Exodus,37,09,0.0,0.0,0.0,0.7222,0.0,0.0,0.0,18.0,3.2105,0.0,0.0
TgO_Exodus,37,10,0.0,0.0,0.0,0.7692,0.0,0.0,0.0,13.0,2.6429,0.0,0.0
TgO_Exodus,37,11,0.0,0.0,0.0,0.6667,0.0,0.0,0.0,9.0,3.1,0.0,0.0
TgO_Exodus,37,12,0.0,0.0,0.0,0.6364,0.0,0.0,0.0,11.0,3.8333,0.0,0.0
TgO_Exodus,37,13,0.0,0.0,0.0,0.6154,0.0,0.0,0.0,13.0,2.9286,0.0,0.0
TgO_Exodus,37,14,0.0,0.0,0.0,1.0,0.0,0.0,0.0,9.0,3.2,0.0,0.0
TgO_Exodus,37,15,0.0,0.0,0.0,0.7273,0.0,0.0,0.0,11.0,2.4167,0.0,0.0
TgO_Exodus,37,16,0.0,0.0,0.0,0.7647,0.0,0.0,0.0,17.0,2.7222,0.0,0.0
TgO_Exodus,37,17,0.0,0.0,0.0,0.75,0.0,0.0,0.0,16.0,2.7059,0.0,0.0
TgO_Exodus,37,18,0.0,0.0,0.0,0.5714,0.0,0.0,0.0,14.0,2.6,0.0,0.0
TgO_Exodus,37,19,0.0,0.0,0.0,0.65,0.0,0.0,0.0,20.0,2.619,0.0,0.0
TgO_Exodus,37,20,0.0,0.0,0.0,0.8333,0.0,0.0,0.0,6.0,2.7143,0.0,0.0
TgO_Exodus,37,21,0.0,0.0,0.0,0.3684,0.0,0.0,0.0,19.0,2.75,0.0,0.0
TgO_Exodus,37,22,0.0,0.0,0.0,1.0,0.0,0.0,0.0,9.0,2.5,0.0,0.0
TgO_Exodus,37,23,0.0,0.0,0.0,1.0,0.0,0.0,0.0,8.0,2.7778,0.0,0.0
TgO_Exodus,37,24,0.0,0.0,0.0,1.0,0.0,0.0,0.0,8.0,2.3333,0.0,0.0
TgO_Exodus,37,25,0.0,0.0,0.0,0.8333,0.0,0.0,0.0,18.0,2.8421,0.0,0.0
TgO_Exodus,37,26,0.0,0.0,0.0,0.5625,0.0,0.0,0.0,16.0,3.2941,0.0,0.0
TgO_Exodus,37,27,0.0,0.0,0.0,0.8333,0.0,0.0,0.0,18.0,3.0,0.0,0.0
TgO_Exodus,37,28,0.0,0.0,0.0,0.75,0.0,0.0,0.0,8.0,2.2222,0.0,0.0
TgO_Exodus,37,29,0.0,0.0,0.0,0.9091,0.0,0.0,0.0,11.0,3.0,0.0,0.0
TgO_Exodus,38,01,0.0,0.0,0.0,0.75,0.0,0.0,0.0,16.0,2.7647,0.0,0.0
TgO_Exodus,38,02,0.0,0.0,0.0,0.8182,0.0,0.0,0.0,11.0,2.4167,0.0,0.0
TgO_Exodus,38,03,0.0,0.0,0.0,0.6316,0.0,0.0,0.0,19.0,2.95,0.0,0.0
TgO_Exodus,38,04,0.0,0.0,0.0,1.0,0.0,0.0,0.0,11.0,3.25,0.0,0.0
TgO_Exodus,38,05,0.0,0.0,0.0,1.0,0.0,0.0,0.0,9.0,2.8,0.0,0.0
TgO_Exodus,38,06,0.0,0.0,0.0,0.75,0.0,0.0,0.0,8.0,2.2222,0.0,0.0
TgO_Exodus,38,07,0.0,0.0,0.0,0.7857,0.0,0.0,0.0,14.0,2.5333,0.0,0.0
TgO_Exodus,38,08,0.0,0.0,0.0,0.7857,0.0,0.0,0.0,14.0,2.7333,0.0,0.0
TgO_Exodus,38,09,0.0,0.0,0.0,0.9167,0.0,0.0,0.0,12.0,2.7692,0.0,0.0
TgO_Exodus,38,10,0.0,0.0,0.0,0.5556,0.0,0.0,0.0,9.0,3.0,0.0,0.0
TgO_Exodus,38,11,0.0,0.0,0.0,0.6154,0.0,0.0,0.0,13.0,3.0,0.0,0.0
TgO_Exodus,38,12,0.0,0.0,0.0,0.6154,0.0,0.0,0.0,13.0,2.8571,0.0,0.0
TgO_Exodus,38,13,0.0,0.0,0.0,1.0,0.0,0.0,0.0,5.0,3.0,0.0,0.0
TgO_Exodus,38,14,0.0,0.0,0.0,0.875,0.0,0.0,0.0,8.0,3.1111,0.0,0.0
TgO_Exodus,38,15,0.0,0.0,0.0,0.7692,0.0,0.0,0.0,13.0,2.9286,0.0,0.0
TgO_Exodus,38,16,0.0,0.0,0.0,1.0,0.0,0.0,0.0,6.0,3.4286,0.0,0.0
TgO_Exodus,38,17,0.0,0.0,0.0,0.5,0.0,0.0,0.0,16.0,2.6471,0.0,0.0
TgO_Exodus,38,18,0.0,0.0,0.0,0.6667,0.0,0.0,0.0,21.0,2.9545,0.0,0.0
TgO_Exodus,38,19,0.0,0.0,0.0,0.5455,0.0,0.0,0.0,11.0,2.5,0.0,0.0
TgO_Exodus,38,20,0.0,0.0,0.0,0.8333,0.0,0.0,0.0,6.0,3.2857,0.0,0.0
TgO_Exodus,38,21,0.0,0.0,0.0,0.75,0.0,0.0,0.0,16.0,4.0588,0.0,0.0
TgO_Exodus,38,22,0.0,0.0,0.0,0.5714,0.0,0.0,0.0,14.0,3.0667,0.0,0.0
TgO_Exodus,38,23,0.0,0.0,0.0,0.4286,0.0,0.0,0.0,14.0,3.4667,0.0,0.0
TgO_Exodus,38,24,0.0,0.0,0.0,0.6316,0.0,0.0,0.0,19.0,2.95,0.0,0.0
TgO_Exodus,38,25,0.0,0.0,0.0,0.6154,0.0,0.0,0.0,13.0,2.6429,0.0,0.0
TgO_Exodus,38,26,0.0,0.0,0.0,0.8095,0.0,0.0,0.0,21.0,2.8182,0.0,0.0
TgO_Exodus,38,27,0.0,0.0,0.0,0.5294,0.0,0.0,0.0,17.0,2.8333,0.0,0.0
TgO_Exodus,38,28,0.0,0.0,0.0,0.6154,0.0,0.0,0.0,13.0,2.2857,0.0,0.0
TgO_Exodus,38,29,0.0,0.0,0.0,0.7778,0.0,0.0,0.0,9.0,2.7,0.0,0.0
TgO_Exodus,38,30,0.0,0.0,0.0,0.7222,0.0,0.0,0.0,18.0,2.6842,0.0,0.0
TgO_Exodus,38,31,0.0,0.0,0.0,0.4706,0.0,0.0,0.0,17.0,3.2222,0.0,0.0
TgO_Exodus,39,01,0.0,0.0,0.0,0.65,0.0,0.0,0.0,20.0,3.4286,0.0,0.0
TgO_Exodus,39,02,0.0,0.0,0.0,0.7,0.0,0.0,0.0,10.0,2.7273,0.0,0.0
TgO_Exodus,39,03,0.0,0.0,0.0,0.7778,0.0,0.0,0.0,18.0,2.8421,0.0,0.0
TgO_Exodus,39,04,0.0,0.0,0.0,0.75,0.0,0.0,0.0,8.0,2.7778,0.0,0.0
TgO_Exodus,39,05,0.0,0.0,0.0,0.7778,0.0,0.0,0.0,18.0,3.0,0.0,0.0
TgO_Exodus,39,06,0.0,0.0,0.0,0.9286,0.0,0.0,0.0,14.0,3.0,0.0,0.0
TgO_Exodus,39,07,0.0,0.0,0.0,0.7857,0.0,0.0,0.0,14.0,3.2,0.0,0.0
TgO_Exodus,39,08,0.0,0.0,0.0,0.7857,0.0,0.0,0.0,14.0,2.9333,0.0,0.0
TgO_Exodus,39,09,0.0,0.0,0.0,0.9091,0.0,0.0,0.0,11.0,2.9167,0.0,0.0
TgO_Exodus,39,10,0.0,0.0,0.0,0.7692,0.0,0.0,0.0,13.0,2.7143,0.0,0.0
TgO_Exodus,39,11,0.0,0.0,0.0,0.8,0.0,0.0,0.0,5.0,3.0,0.0,0.0
TgO_Exodus,39,12,0.0,0.0,0.0,1.0,0.0,0.0,0.0,5.0,4.1667,0.0,0.0
TgO_Exodus,39,13,0.0,0.0,0.0,0.7,0.0,0.0,0.0,10.0,2.4545,0.0,0.0
TgO_Exodus,39,14,0.0,0.0,0.0,0.6667,0.0,0.0,0.0,18.0,3.0526,0.0,0.0
TgO_Exodus,39,15,0.0,0.0,0.0,1.0,0.0,0.0,0.0,9.0,3.0,0.0,0.0
TgO_Exodus,39,16,0.0,0.0,0.0,0.6,0.0,0.0,0.0,15.0,2.875,0.0,0.0
TgO_Exodus,39,17,0.0,0.0,0.0,0.8,0.0,0.0,0.0,10.0,3.0,0.0,0.0
TgO_Exodus,39,18,0.0,0.0,0.0,0.6875,0.0,0.0,0.0,16.0,3.2353,0.0,0.0
TgO_Exodus,39,19,0.0,0.0,0.0,0.7857,0.0,0.0,0.0,14.0,2.8667,0.0,0.0
TgO_Exodus,39,20,0.0,0.0,0.0,0.8824,0.0,0.0,0.0,17.0,3.7778,0.0,0.0
TgO_Exodus,39,21,0.0,0.0,0.0,0.7273,0.0,0.0,0.0,22.0,3.3043,0.0,0.0
TgO_Exodus,39,22,0.0,0.0,0.0,1.0,0.0,0.0,0.0,8.0,3.0,0.0,0.0
TgO_Exodus,39,23,0.0,0.0,0.0,1.0,0.0,0.0,0.0,12.0,3.1538,0.0,0.0
TgO_Exodus,39,24,0.0,0.0,0.0,0.8,0.0,0.0,0.0,10.0,3.0,0.0,0.0
TgO_Exodus,39,25,0.0,0.0,0.0,0.7778,0.0,0.0,0.0,9.0,2.5,0.0,0.0
TgO_Exodus,39,26,0.0,0.0,0.0,0.7857,0.0,0.0,0.0,14.0,3.4667,0.0,0.0
TgO_Exodus,39,27,0.0,0.0,0.0,0.75,0.0,0.0,0.0,8.0,2.7778,0.0,0.0
TgO_Exodus,39,28,0.0,0.0,0.0,0.5833,0.0,0.0,0.0,12.0,3.6154,0.0,0.0
TgO_Exodus,39,29,0.0,0.0,0.0,0.7333,0.0,0.0,0.0,15.0,3.25,0.0,0.0
TgO_Exodus,39,30,0.0,0.0,0.0,0.8462,0.0,0.0,0.0,13.0,2.7857,0.0,0.0
TgO_Exodus,39,31,0.0,0.0,0.0,0.8462,0.0,0.0,0.0,13.0,3.4286,0.0,0.0
TgO_Exodus,39,32,0.0,0.0,0.0,0.75,0.0,0.0,0.0,16.0,2.7647,0.0,0.0
TgO_Exodus,39,33,0.0,0.0,0.0,0.6,0.0,0.0,0.0,15.0,2.625,0.0,0.0
TgO_Exodus,39,34,0.0,0.0,0.0,0.6667,0.0,0.0,0.0,12.0,3.1538,0.0,0.0
TgO_Exodus,39,35,0.0,0.0,0.0,0.8571,0.0,0.0,0.0,7.0,2.875,0.0,0.0
TgO_Exodus,39,36,0.0,0.0,0.0,0.875,0.0,0.0,0.0,8.0,2.4444,0.0,0.0
TgO_Exodus,39,37,0.0,0.0,0.0,0.7692,0.0,0.0,0.0,13.0,2.9286,0.0,0.0
TgO_Exodus,39,38,0.0,0.0,0.0,0.7692,0.0,0.0,0.0,13.0,2.7857,0.0,0.0
TgO_Exodus,39,39,0.0,0.0,0.0,0.6875,0.0,0.0,0.0,16.0,2.7059,0.0,0.0
TgO_Exodus,39,40,0.0,0.0,0.0,0.6667,0.0,0.0,0.0,21.0,2.7727,0.0,0.0
TgO_Exodus,39,41,0.0,0.0,0.0,0.5714,0.0,0.0,0.0,14.0,2.9333,0.0,0.0
TgO_Exodus,39,42,0.0,0.0,0.0,0.75,0.0,0.0,0.0,12.0,2.7692,0.0,0.0
TgO_Exodus,39,43,0.0,0.0,0.0,0.5625,0.0,0.0,0.0,16.0,2.9412,0.0,0.0
TgO_Exodus,40,01,0.0,0.0,0.0,0.8,0.0,0.0,0.0,5.0,2.1667,0.0,0.0
TgO_Exodus,40,02,0.0,0.0,0.0,0.7,0.0,0.0,0.0,10.0,2.7273,0.0,0.0
TgO_Exodus,40,03,0.0,0.0,0.0,0.7,0.0,0.0,0.0,10.0,2.7273,0.0,0.0
TgO_Exodus,40,04,0.0,0.0,0.0,0.5,0.0,0.0,0.0,12.0,2.4615,0.0,0.0
TgO_Exodus,40,05,0.0,0.0,0.0,0.8571,0.0,0.0,0.0,14.0,2.9333,0.0,0.0
TgO_Exodus,40,06,0.0,0.0,0.0,0.8889,0.0,0.0,0.0,9.0,2.8,0.0,0.0
TgO_Exodus,40,07,0.0,0.0,0.0,0.8182,0.0,0.0,0.0,11.0,2.75,0.0,0.0
TgO_Exodus,40,08,0.0,0.0,0.0,0.6667,0.0,0.0,0.0,9.0,2.9,0.0,0.0
TgO_Exodus,40,09,0.0,0.0,0.0,0.5294,0.0,0.0,0.0,17.0,2.2778,0.0,0.0
TgO_Exodus,40,10,0.0,0.0,0.0,0.5,0.0,0.0,0.0,14.0,2.6667,0.0,0.0
TgO_Exodus,40,11,0.0,0.0,0.0,0.5714,0.0,0.0,0.0,7.0,2.25,0.0,0.0
TgO_Exodus,40,12,0.0,0.0,0.0,0.6364,0.0,0.0,0.0,11.0,2.3333,0.0,0.0
TgO_Exodus,40,13,0.0,0.0,0.0,0.4167,0.0,0.0,0.0,12.0,2.3846,0.0,0.0
TgO_Exodus,40,14,0.0,0.0,0.0,0.8333,0.0,0.0,0.0,6.0,2.1429,0.0,0.0
TgO_Exodus,40,15,0.0,0.0,0.0,0.7333,0.0,0.0,0.0,15.0,2.875,0.0,0.0
TgO_Exodus,40,16,0.0,0.0,0.0,0.875,0.0,0.0,0.0,8.0,2.4444,0.0,0.0
TgO_Exodus,40,17,0.0,0.0,0.0,0.7778,0.0,0.0,0.0,9.0,2.6,0.0,0.0
TgO_Exodus,40,18,0.0,0.0,0.0,0.4375,0.0,0.0,0.0,16.0,2.4118,0.0,0.0
TgO_Exodus,40,19,0.0,0.0,0.0,0.625,0.0,0.0,0.0,16.0,3.2353,0.0,0.0
TgO_Exodus,40,20,0.0,0.0,0.0,0.5625,0.0,0.0,0.0,16.0,2.8235,0.0,0.0
TgO_Exodus,40,21,0.0,0.0,0.0,0.6471,0.0,0.0,0.0,17.0,3.1111,0.0,0.0
TgO_Exodus,40,22,0.0,0.0,0.0,1.0,0.0,0.0,0.0,11.0,3.25,0.0,0.0
TgO_Exodus,40,23,0.0,0.0,0.0,0.8182,0.0,0.0,0.0,11.0,3.0,0.0,0.0
TgO_Exodus,40,24,0.0,0.0,0.0,1.0,0.0,0.0,0.0,11.0,2.8333,0.0,0.0
TgO_Exodus,40,25,0.0,0.0,0.0,0.7778,0.0,0.0,0.0,9.0,3.3,0.0,0.0
TgO_Exodus,40,26,0.0,0.0,0.0,1.0,0.0,0.0,0.0,8.0,2.6667,0.0,0.0
TgO_Exodus,40,27,0.0,0.0,0.0,0.8889,0.0,0.0,0.0,9.0,3.2,0.0,0.0
TgO_Exodus,40,28,0.0,0.0,0.0,1.0,0.0,0.0,0.0,5.0,2.3333,0.0,0.0
TgO_Exodus,40,29,0.0,0.0,0.0,0.6842,0.0,0.0,0.0,19.0,3.0,0.0,0.0
TgO_Exodus,40,30,0.0,0.0,0.0,0.8333,0.0,0.0,0.0,12.0,2.8462,0.0,0.0
TgO_Exodus,40,31,0.0,0.0,0.0,0.5556,0.0,0.0,0.0,9.0,2.2,0.0,0.0
TgO_Exodus,40,32,0.0,0.0,0.0,0.9091,0.0,0.0,0.0,11.0,3.1667,0.0,0.0
TgO_Exodus,40,33,0.0,0.0,0.0,0.5333,0.0,0.0,0.0,15.0,2.9375,0.0,0.0
TgO_Exodus,40,34,0.0,0.0,0.0,0.7778,0.0,0.0,0.0,9.0,2.6,0.0,0.0
TgO_Exodus,40,35,0.0,0.0,0.0,0.8,0.0,0.0,0.0,15.0,2.8125,0.0,0.0
TgO_Exodus,40,36,0.0,0.0,0.0,0.8889,0.0,0.0,0.0,9.0,3.4,0.0,0.0
TgO_Exodus,40,37,0.0,0.0,0.0,0.7778,0.0,0.0,0.0,9.0,2.3,0.0,0.0
TgO_Exodus,40,38,0.0,0.0,0.0,0.7895,0.0,0.0,0.0,19.0,2.85,0.0,0.0
TgO_Leviticus,01,01,0.0,0.0,0.0,0.75,0.0,0.0,0.0,8.0,2.6667,0.0,0.0
TgO_Leviticus,01,02,0.0,0.0,0.0,0.6818,0.0,0.0,0.0,22.0,3.0435,0.0,0.0
TgO_Leviticus,01,03,0.0,0.0,0.0,0.8824,0.0,0.0,0.0,17.0,2.9444,0.0,0.0
TgO_Leviticus,01,04,0.0,0.0,0.0,0.7778,0.0,0.0,0.0,9.0,2.4,0.0,0.0
TgO_Leviticus,01,05,0.0,0.0,0.0,0.6667,0.0,0.0,0.0,21.0,2.7273,0.0,0.0
TgO_Leviticus,01,06,0.0,0.0,0.0,0.6667,0.0,0.0,0.0,6.0,2.0,0.0,0.0
TgO_Leviticus,01,07,0.0,0.0,0.0,0.6364,0.0,0.0,0.0,11.0,2.6667,0.0,0.0
TgO_Leviticus,01,08,0.0,0.0,0.0,0.6875,0.0,0.0,0.0,16.0,2.4118,0.0,0.0
TgO_Leviticus,01,09,0.0,0.0,0.0,0.8,0.0,0.0,0.0,15.0,2.5625,0.0,0.0
TgO_Leviticus,01,10,0.0,0.0,0.0,0.8571,0.0,0.0,0.0,14.0,2.4,0.0,0.0
TgO_Leviticus,01,11,0.0,0.0,0.0,0.7059,0.0,0.0,0.0,17.0,3.0556,0.0,0.0
TgO_Leviticus,01,12,0.0,0.0,0.0,0.625,0.0,0.0,0.0,16.0,2.2941,0.0,0.0
TgO_Leviticus,01,13,0.0,0.0,0.0,0.7647,0.0,0.0,0.0,17.0,2.5556,0.0,0.0
TgO_Leviticus,01,14,0.0,0.0,0.0,0.7333,0.0,0.0,0.0,15.0,3.0,0.0,0.0
TgO_Leviticus,01,15,0.0,0.0,0.0,0.7692,0.0,0.0,0.0,13.0,2.7143,0.0,0.0
TgO_Leviticus,01,16,0.0,0.0,0.0,0.75,0.0,0.0,0.0,12.0,2.5385,0.0,0.0
TgO_Leviticus,01,17,0.0,0.0,0.0,0.8,0.0,0.0,0.0,20.0,2.5238,0.0,0.0
TgO_Leviticus,02,01,0.0,0.0,0.0,0.75,0.0,0.0,0.0,16.0,3.0,0.0,0.0
TgO_Leviticus,02,02,0.0,0.0,0.0,0.7917,0.0,0.0,0.0,24.0,2.96,0.0,0.0
TgO_Leviticus,02,03,0.0,0.0,0.0,0.5556,0.0,0.0,0.0,9.0,2.8,0.0,0.0
TgO_Leviticus,02,04,0.0,0.0,0.0,0.8,0.0,0.0,0.0,15.0,3.1875,0.0,0.0
TgO_Leviticus,02,05,0.0,0.0,0.0,1.0,0.0,0.0,0.0,10.0,3.0909,0.0,0.0
TgO_Leviticus,02,06,0.0,0.0,0.0,1.0,0.0,0.0,0.0,8.0,2.5556,0.0,0.0
TgO_Leviticus,02,07,0.0,0.0,0.0,1.0,0.0,0.0,0.0,7.0,2.875,0.0,0.0
TgO_Leviticus,02,08,0.0,0.0,0.0,0.8182,0.0,0.0,0.0,11.0,2.5833,0.0,0.0
TgO_Leviticus,02,09,0.0,0.0,0.0,0.9231,0.0,0.0,0.0,13.0,2.8571,0.0,0.0
TgO_Leviticus,02,10,0.0,0.0,0.0,0.5556,0.0,0.0,0.0,9.0,3.2,0.0,0.0
TgO_Leviticus,02,11,0.0,0.0,0.0,0.7895,0.0,0.0,0.0,19.0,2.8,0.0,0.0
TgO_Leviticus,02,12,0.0,0.0,0.0,1.0,0.0,0.0,0.0,11.0,2.6667,0.0,0.0
TgO_Leviticus,02,13,0.0,0.0,0.0,0.7059,0.0,0.0,0.0,17.0,2.8889,0.0,0.0
TgO_Leviticus,02,14,0.0,0.0,0.0,0.8,0.0,0.0,0.0,15.0,3.5625,0.0,0.0
TgO_Leviticus,02,15,0.0,0.0,0.0,0.75,0.0,0.0,0.0,8.0,2.5556,0.0,0.0
TgO_Leviticus,02,16,0.0,0.0,0.0,0.9167,0.0,0.0,0.0,12.0,2.7692,0.0,0.0
TgO_Leviticus,03,01,0.0,0.0,0.0,0.8235,0.0,0.0,0.0,17.0,2.8333,0.0,0.0
TgO_Leviticus,03,02,0.0,0.0,0.0,0.7778,0.0,0.0,0.0,18.0,2.8947,0.0,0.0
TgO_Leviticus,03,03,0.0,0.0,0.0,0.75,0.0,0.0,0.0,16.0,2.4706,0.0,0.0
TgO_Leviticus,03,04,0.0,0.0,0.0,0.6,0.0,0.0,0.0,15.0,2.6875,0.0,0.0
TgO_Leviticus,03,05,0.0,0.0,0.0,0.8125,0.0,0.0,0.0,16.0,2.5882,0.0,0.0
TgO_Leviticus,03,06,0.0,0.0,0.0,1.0,0.0,0.0,0.0,13.0,2.8571,0.0,0.0
TgO_Leviticus,03,07,0.0,0.0,0.0,0.9,0.0,0.0,0.0,10.0,2.5455,0.0,0.0
TgO_Leviticus,03,08,0.0,0.0,0.0,0.6842,0.0,0.0,0.0,19.0,2.85,0.0,0.0
TgO_Leviticus,03,09,0.0,0.0,0.0,0.7727,0.0,0.0,0.0,22.0,2.7826,0.0,0.0
TgO_Leviticus,03,10,0.0,0.0,0.0,0.6,0.0,0.0,0.0,15.0,2.6875,0.0,0.0
TgO_Leviticus,03,11,0.0,0.0,0.0,1.0,0.0,0.0,0.0,7.0,3.0,0.0,0.0
TgO_Leviticus,03,12,0.0,0.0,0.0,0.875,0.0,0.0,0.0,8.0,2.3333,0.0,0.0
TgO_Leviticus,03,13,0.0,0.0,0.0,0.6667,0.0,0.0,0.0,18.0,2.8947,0.0,0.0
TgO_Leviticus,03,14,0.0,0.0,0.0,0.6875,0.0,0.0,0.0,16.0,2.5294,0.0,0.0
TgO_Leviticus,03,15,0.0,0.0,0.0,0.6,0.0,0.0,0.0,15.0,2.6875,0.0,0.0
TgO_Leviticus,03,16,0.0,0.0,0.0,1.0,0.0,0.0,0.0,11.0,2.75,0.0,0.0
TgO_Leviticus,03,17,0.0,0.0,0.0,1.0,0.0,0.0,0.0,11.0,2.3333,0.0,0.0
TgO_Leviticus,04,01,0.0,0.0,0.0,0.8,0.0,0.0,0.0,5.0,2.1667,0.0,0.0
TgO_Leviticus,04,02,0.0,0.0,0.0,0.8421,0.0,0.0,0.0,19.0,2.55,0.0,0.0
TgO_Leviticus,04,03,0.0,0.0,0.0,0.8235,0.0,0.0,0.0,17.0,2.6667,0.0,0.0
TgO_Leviticus,04,04,0.0,0.0,0.0,0.6316,0.0,0.0,0.0,19.0,2.55,0.0,0.0
TgO_Leviticus,04,05,0.0,0.0,0.0,0.8889,0.0,0.0,0.0,9.0,2.3,0.0,0.0
TgO_Leviticus,04,06,0.0,0.0,0.0,0.8667,0.0,0.0,0.0,15.0,2.6875,0.0,0.0
TgO_Leviticus,04,07,0.0,0.0,0.0,0.7917,0.0,0.0,0.0,24.0,2.76,0.0,0.0
TgO_Leviticus,04,08,0.0,0.0,0.0,0.6471,0.0,0.0,0.0,17.0,2.3333,0.0,0.0
TgO_Leviticus,04,09,0.0,0.0,0.0,0.6,0.0,0.0,0.0,15.0,2.6875,0.0,0.0
TgO_Leviticus,04,10,0.0,0.0,0.0,1.0,0.0,0.0,0.0,10.0,3.0,0.0,0.0
TgO_Leviticus,04,11,0.0,0.0,0.0,0.6667,0.0,0.0,0.0,12.0,2.2308,0.0,0.0
TgO_Leviticus,04,12,0.0,0.0,0.0,0.6522,0.0,0.0,0.0,23.0,2.6667,0.0,0.0
TgO_Leviticus,04,13,0.0,0.0,0.0,0.7368,0.0,0.0,0.0,19.0,2.95,0.0,0.0
TgO_Leviticus,04,14,0.0,0.0,0.0,0.8,0.0,0.0,0.0,15.0,2.6875,0.0,0.0
TgO_Leviticus,04,15,0.0,0.0,0.0,0.6667,0.0,0.0,0.0,15.0,2.5,0.0,0.0
TgO_Leviticus,04,16,0.0,0.0,0.0,1.0,0.0,0.0,0.0,7.0,2.375,0.0,0.0
TgO_Leviticus,04,17,0.0,0.0,0.0,0.8333,0.0,0.0,0.0,12.0,2.6923,0.0,0.0
TgO_Leviticus,04,18,0.0,0.0,0.0,0.8,0.0,0.0,0.0,20.0,2.7143,0.0,0.0
TgO_Leviticus,04,19,0.0,0.0,0.0,0.8571,0.0,0.0,0.0,7.0,2.25,0.0,0.0
TgO_Leviticus,04,20,0.0,0.0,0.0,0.5714,0.0,0.0,0.0,14.0,3.0667,0.0,0.0
TgO_Leviticus,04,21,0.0,0.0,0.0,0.75,0.0,0.0,0.0,16.0,3.1176,0.0,0.0
TgO_Leviticus,04,22,0.0,0.0,0.0,0.9286,0.0,0.0,0.0,14.0,2.3333,0.0,0.0
TgO_Leviticus,04,23,0.0,0.0,0.0,0.9286,0.0,0.0,0.0,14.0,2.7333,0.0,0.0
TgO_Leviticus,04,24,0.0,0.0,0.0,0.8667,0.0,0.0,0.0,15.0,2.5,0.0,0.0
TgO_Leviticus,04,25,0.0,0.0,0.0,0.75,0.0,0.0,0.0,16.0,2.6471,0.0,0.0
TgO_Leviticus,04,26,0.0,0.0,0.0,0.7857,0.0,0.0,0.0,14.0,2.6667,0.0,0.0
TgO_Leviticus,04,27,0.0,0.0,0.0,0.7333,0.0,0.0,0.0,15.0,2.25,0.0,0.0
TgO_Leviticus,04,28,0.0,0.0,0.0,0.7857,0.0,0.0,0.0,14.0,3.0667,0.0,0.0
TgO_Leviticus,04,29,0.0,0.0,0.0,0.7273,0.0,0.0,0.0,11.0,2.3333,0.0,0.0
TgO_Leviticus,04,30,0.0,0.0,0.0,0.8,0.0,0.0,0.0,15.0,2.5,0.0,0.0
TgO_Leviticus,04,31,0.0,0.0,0.0,0.6957,0.0,0.0,0.0,23.0,2.9167,0.0,0.0
TgO_Leviticus,04,32,0.0,0.0,0.0,0.875,0.0,0.0,0.0,8.0,3.0,0.0,0.0
TgO_Leviticus,04,33,0.0,0.0,0.0,0.6923,0.0,0.0,0.0,13.0,2.3571,0.0,0.0
TgO_Leviticus,04,34,0.0,0.0,0.0,0.8125,0.0,0.0,0.0,16.0,2.5882,0.0,0.0
TgO_Leviticus,04,35,0.0,0.0,0.0,0.64,0.0,0.0,0.0,25.0,2.8846,0.0,0.0
TgO_Leviticus,05,01,0.0,0.0,0.0,0.7059,0.0,0.0,0.0,17.0,2.4444,0.0,0.0
TgO_Leviticus,05,02,0.0,0.0,0.0,0.4583,0.0,0.0,0.0,24.0,2.8,0.0,0.0
TgO_Leviticus,05,03,0.0,0.0,0.0,0.8,0.0,0.0,0.0,15.0,2.4375,0.0,0.0
TgO_Leviticus,05,04,0.0,0.0,0.0,0.6667,0.0,0.0,0.0,21.0,2.4545,0.0,0.0
TgO_Leviticus,05,05,0.0,0.0,0.0,0.75,0.0,0.0,0.0,8.0,2.3333,0.0,0.0
TgO_Leviticus,05,06,0.0,0.0,0.0,0.8,0.0,0.0,0.0,20.0,2.7619,0.0,0.0
TgO_Leviticus,05,07,0.0,0.0,0.0,0.8571,0.0,0.0,0.0,21.0,3.0455,0.0,0.0
TgO_Leviticus,05,08,0.0,0.0,0.0,0.7333,0.0,0.0,0.0,15.0,2.8125,0.0,0.0
TgO_Leviticus,05,09,0.0,0.0,0.0,0.7692,0.0,0.0,0.0,13.0,2.8571,0.0,0.0
TgO_Leviticus,05,10,0.0,0.0,0.0,0.75,0.0,0.0,0.0,12.0,2.5385,0.0,0.0
TgO_Leviticus,05,11,0.0,0.0,0.0,0.8065,0.0,0.0,0.0,31.0,2.9688,0.0,0.0
TgO_Leviticus,05,12,0.0,0.0,0.0,0.8824,0.0,0.0,0.0,17.0,2.9444,0.0,0.0
TgO_Leviticus,05,13,0.0,0.0,0.0,0.5385,0.0,0.0,0.0,13.0,2.3571,0.0,0.0
TgO_Leviticus,05,14,0.0,0.0,0.0,0.8,0.0,0.0,0.0,5.0,2.1667,0.0,0.0
TgO_Leviticus,05,15,0.0,0.0,0.0,0.6957,0.0,0.0,0.0,23.0,2.5833,0.0,0.0
TgO_Leviticus,05,16,0.0,0.0,0.0,0.6842,0.0,0.0,0.0,19.0,2.55,0.0,0.0
TgO_Leviticus,05,17,0.0,0.0,0.0,0.7059,0.0,0.0,0.0,17.0,2.4444,0.0,0.0
TgO_Leviticus,05,18,0.0,0.0,0.0,0.7,0.0,0.0,0.0,20.0,2.4762,0.0,0.0
TgO_Leviticus,05,19,0.0,0.0,0.0,0.8,0.0,0.0,0.0,10.0,2.7273,0.0,0.0
TgO_Leviticus,05,20,0.0,0.0,0.0,0.8,0.0,0.0,0.0,5.0,2.1667,0.0,0.0
TgO_Leviticus,05,21,0.0,0.0,0.0,0.6842,0.0,0.0,0.0,19.0,2.3,0.0,0.0
TgO_Leviticus,05,22,0.0,0.0,0.0,0.8,0.0,0.0,0.0,15.0,2.375,0.0,0.0
TgO_Leviticus,05,23,0.0,0.0,0.0,0.6667,0.0,0.0,0.0,21.0,2.6818,0.0,0.0
TgO_Leviticus,05,24,0.0,0.0,0.0,0.7368,0.0,0.0,0.0,19.0,2.75,0.0,0.0
TgO_Leviticus,05,25,0.0,0.0,0.0,0.9231,0.0,0.0,0.0,13.0,2.5714,0.0,0.0
TgO_Leviticus,05,26,0.0,0.0,0.0,0.7692,0.0,0.0,0.0,13.0,2.3571,0.0,0.0
TgO_Leviticus,06,01,0.0,0.0,0.0,0.8,0.0,0.0,0.0,5.0,2.1667,0.0,0.0
TgO_Leviticus,06,02,0.0,0.0,0.0,0.7826,0.0,0.0,0.0,23.0,2.75,0.0,0.0
TgO_Leviticus,06,03,0.0,0.0,0.0,0.7143,0.0,0.0,0.0,21.0,2.8182,0.0,0.0
TgO_Leviticus,06,04,0.0,0.0,0.0,0.6923,0.0,0.0,0.0,13.0,3.2857,0.0,0.0
TgO_Leviticus,06,05,0.0,0.0,0.0,0.6364,0.0,0.0,0.0,22.0,2.4348,0.0,0.0
TgO_Leviticus,06,06,0.0,0.0,0.0,1.0,0.0,0.0,0.0,8.0,2.6667,0.0,0.0
TgO_Leviticus,06,07,0.0,0.0,0.0,0.9091,0.0,0.0,0.0,11.0,3.25,0.0,0.0
TgO_Leviticus,06,08,0.0,0.0,0.0,0.6667,0.0,0.0,0.0,18.0,2.6842,0.0,0.0
TgO_Leviticus,06,09,0.0,0.0,0.0,0.6154,0.0,0.0,0.0,13.0,2.7143,0.0,0.0
TgO_Leviticus,06,10,0.0,0.0,0.0,0.9167,0.0,0.0,0.0,12.0,2.6923,0.0,0.0
TgO_Leviticus,06,11,0.0,0.0,0.0,0.7857,0.0,0.0,0.0,14.0,2.7333,0.0,0.0
TgO_Leviticus,06,12,0.0,0.0,0.0,0.8,0.0,0.0,0.0,5.0,2.1667,0.0,0.0
TgO_Leviticus,06,13,0.0,0.0,0.0,0.7727,0.0,0.0,0.0,22.0,2.8261,0.0,0.0
TgO_Leviticus,06,14,0.0,0.0,0.0,0.9286,0.0,0.0,0.0,14.0,3.2,0.0,0.0
TgO_Leviticus,06,15,0.0,0.0,0.0,1.0,0.0,0.0,0.0,12.0,2.6923,0.0,0.0
TgO_Leviticus,06,16,0.0,0.0,0.0,1.0,0.0,0.0,0.0,7.0,2.625,0.0,0.0
TgO_Leviticus,06,17,0.0,0.0,0.0,0.8,0.0,0.0,0.0,5.0,2.1667,0.0,0.0
TgO_Leviticus,06,18,0.0,0.0,0.0,0.7895,0.0,0.0,0.0,19.0,3.1,0.0,0.0
TgO_Leviticus,06,19,0.0,0.0,0.0,0.75,0.0,0.0,0.0,12.0,2.6154,0.0,0.0
TgO_Leviticus,06,20,0.0,0.0,0.0,0.8462,0.0,0.0,0.0,13.0,2.4286,0.0,0.0
TgO_Leviticus,06,21,0.0,0.0,0.0,0.5,0.0,0.0,0.0,12.0,2.2308,0.0,0.0
TgO_Leviticus,06,22,0.0,0.0,0.0,0.875,0.0,0.0,0.0,8.0,2.6667,0.0,0.0
TgO_Leviticus,06,23,0.0,0.0,0.0,0.9167,0.0,0.0,0.0,12.0,2.5385,0.0,0.0
TgO_Leviticus,07,01,0.0,0.0,0.0,0.8333,0.0,0.0,0.0,6.0,3.0,0.0,0.0
TgO_Leviticus,07,02,0.0,0.0,0.0,0.8462,0.0,0.0,0.0,13.0,2.8571,0.0,0.0
TgO_Leviticus,07,03,0.0,0.0,0.0,0.75,0.0,0.0,0.0,12.0,2.3077,0.0,0.0
TgO_Leviticus,07,04,0.0,0.0,0.0,0.6,0.0,0.0,0.0,15.0,2.6875,0.0,0.0
TgO_Leviticus,07,05,0.0,0.0,0.0,1.0,0.0,0.0,0.0,9.0,2.8,0.0,0.0
TgO_Leviticus,07,06,0.0,0.0,0.0,0.7,0.0,0.0,0.0,10.0,2.8182,0.0,0.0
TgO_Leviticus,07,07,0.0,0.0,0.0,0.8182,0.0,0.0,0.0,11.0,2.9167,0.0,0.0
TgO_Leviticus,07,08,0.0,0.0,0.0,0.9091,0.0,0.0,0.0,11.0,2.6667,0.0,0.0
TgO_Leviticus,07,09,0.0,0.0,0.0,0.7857,0.0,0.0,0.0,14.0,2.6667,0.0,0.0
TgO_Leviticus,07,10,0.0,0.0,0.0,0.75,0.0,0.0,0.0,12.0,2.6923,0.0,0.0
TgO_Leviticus,07,11,0.0,0.0,0.0,1.0,0.0,0.0,0.0,7.0,3.0,0.0,0.0
TgO_Leviticus,07,12,0.0,0.0,0.0,0.5714,0.0,0.0,0.0,21.0,2.9091,0.0,0.0
TgO_Leviticus,07,13,0.0,0.0,0.0,0.9,0.0,0.0,0.0,10.0,3.2727,0.0,0.0
TgO_Leviticus,07,14,0.0,0.0,0.0,0.9375,0.0,0.0,0.0,16.0,3.2353,0.0,0.0
TgO_Leviticus,07,15,0.0,0.0,0.0,1.0,0.0,0.0,0.0,12.0,2.7692,0.0,0.0
TgO_Leviticus,07,16,0.0,0.0,0.0,0.75,0.0,0.0,0.0,16.0,2.7059,0.0,0.0
TgO_Leviticus,07,17,0.0,0.0,0.0,0.8571,0.0,0.0,0.0,7.0,2.5,0.0,0.0
TgO_Leviticus,07,18,0.0,0.0,0.0,0.6957,0.0,0.0,0.0,23.0,2.8333,0.0,0.0
TgO_Leviticus,07,19,0.0,0.0,0.0,0.6111,0.0,0.0,0.0,18.0,2.7368,0.0,0.0
TgO_Leviticus,07,20,0.0,0.0,0.0,0.7692,0.0,0.0,0.0,13.0,2.5,0.0,0.0
TgO_Leviticus,07,21,0.0,0.0,0.0,0.5833,0.0,0.0,0.0,24.0,2.68,0.0,0.0
TgO_Leviticus,07,22,0.0,0.0,0.0,0.8,0.0,0.0,0.0,5.0,2.1667,0.0,0.0
TgO_Leviticus,07,23,0.0,0.0,0.0,0.8333,0.0,0.0,0.0,12.0,2.4615,0.0,0.0
TgO_Leviticus,07,24,0.0,0.0,0.0,0.8,0.0,0.0,0.0,10.0,2.7273,0.0,0.0
TgO_Leviticus,07,25,0.0,0.0,0.0,0.8,0.0,0.0,0.0,15.0,2.6875,0.0,0.0
TgO_Leviticus,07,26,0.0,0.0,0.0,0.875,0.0,0.0,0.0,8.0,2.2222,0.0,0.0
TgO_Leviticus,07,27,0.0,0.0,0.0,0.7778,0.0,0.0,0.0,9.0,2.3,0.0,0.0
TgO_Leviticus,07,28,0.0,0.0,0.0,0.8,0.0,0.0,0.0,5.0,2.1667,0.0,0.0
TgO_Leviticus,07,29,0.0,0.0,0.0,0.7778,0.0,0.0,0.0,18.0,3.0,0.0,0.0
TgO_Leviticus,07,30,0.0,0.0,0.0,0.5882,0.0,0.0,0.0,17.0,2.6111,0.0,0.0
TgO_Leviticus,07,31,0.0,0.0,0.0,0.6667,0.0,0.0,0.0,9.0,3.0,0.0,0.0
TgO_Leviticus,07,32,0.0,0.0,0.0,1.0,0.0,0.0,0.0,8.0,3.4444,0.0,0.0
TgO_Leviticus,07,33,0.0,0.0,0.0,0.9286,0.0,0.0,0.0,14.0,2.8667,0.0,0.0
TgO_Leviticus,07,34,0.0,0.0,0.0,0.6087,0.0,0.0,0.0,23.0,3.125,0.0,0.0
TgO_Leviticus,07,35,0.0,0.0,0.0,0.8462,0.0,0.0,0.0,13.0,2.4286,0.0,0.0
TgO_Leviticus,07,36,0.0,0.0,0.0,0.8462,0.0,0.0,0.0,13.0,2.7857,0.0,0.0
TgO_Leviticus,07,37,0.0,0.0,0.0,0.6667,0.0,0.0,0.0,9.0,2.6,0.0,0.0
TgO_Leviticus,07,38,0.0,0.0,0.0,0.4444,0.0,0.0,0.0,18.0,4.1053,0.0,0.0
TgO_Leviticus,08,01,0.0,0.0,0.0,0.8,0.0,0.0,0.0,5.0,2.1667,0.0,0.0
TgO_Leviticus,08,02,0.0,0.0,0.0,0.7,0.0,0.0,0.0,20.0,2.7619,0.0,0.0
TgO_Leviticus,08,03,0.0,0.0,0.0,1.0,0.0,0.0,0.0,7.0,2.75,0.0,0.0
TgO_Leviticus,08,04,0.0,0.0,0.0,0.8182,0.0,0.0,0.0,11.0,3.1667,0.0,0.0
TgO_Leviticus,08,05,0.0,0.0,0.0,0.875,0.0,0.0,0.0,8.0,3.1111,0.0,0.0
TgO_Leviticus,08,06,0.0,0.0,0.0,0.4444,0.0,0.0,0.0,9.0,2.3,0.0,0.0
TgO_Leviticus,08,07,0.0,0.0,0.0,0.3182,0.0,0.0,0.0,22.0,2.3478,0.0,0.0
TgO_Leviticus,08,08,0.0,0.0,0.0,0.7,0.0,0.0,0.0,10.0,2.5455,0.0,0.0
TgO_Leviticus,08,09,0.0,0.0,0.0,0.7,0.0,0.0,0.0,20.0,3.2381,0.0,0.0
TgO_Leviticus,08,10,0.0,0.0,0.0,0.5385,0.0,0.0,0.0,13.0,2.3571,0.0,0.0
TgO_Leviticus,08,11,0.0,0.0,0.0,0.7059,0.0,0.0,0.0,17.0,2.5556,0.0,0.0
TgO_Leviticus,08,12,0.0,0.0,0.0,0.7778,0.0,0.0,0.0,9.0,2.4,0.0,0.0
TgO_Leviticus,08,13,0.0,0.0,0.0,0.5,0.0,0.0,0.0,18.0,3.1053,0.0,0.0
TgO_Leviticus,08,14,0.0,0.0,0.0,0.5385,0.0,0.0,0.0,13.0,2.5,0.0,0.0
TgO_Leviticus,08,15,0.0,0.0,0.0,0.5,0.0,0.0,0.0,22.0,2.8261,0.0,0.0
TgO_Leviticus,08,16,0.0,0.0,0.0,0.625,0.0,0.0,0.0,16.0,2.6471,0.0,0.0
TgO_Leviticus,08,17,0.0,0.0,0.0,0.7647,0.0,0.0,0.0,17.0,3.2778,0.0,0.0
TgO_Leviticus,08,18,0.0,0.0,0.0,0.5833,0.0,0.0,0.0,12.0,2.3077,0.0,0.0
TgO_Leviticus,08,19,0.0,0.0,0.0,0.75,0.0,0.0,0.0,8.0,3.1111,0.0,0.0
TgO_Leviticus,08,20,0.0,0.0,0.0,0.5833,0.0,0.0,0.0,12.0,2.5385,0.0,0.0
TgO_Leviticus,08,21,0.0,0.0,0.0,0.68,0.0,0.0,0.0,25.0,2.8846,0.0,0.0
TgO_Leviticus,08,22,0.0,0.0,0.0,0.5714,0.0,0.0,0.0,14.0,2.8,0.0,0.0
TgO_Leviticus,08,23,0.0,0.0,0.0,0.5,0.0,0.0,0.0,18.0,3.0,0.0,0.0
TgO_Leviticus,08,24,0.0,0.0,0.0,0.5385,0.0,0.0,0.0,26.0,3.1111,0.0,0.0
TgO_Leviticus,08,25,0.0,0.0,0.0,0.6,0.0,0.0,0.0,20.0,2.5238,0.0,0.0
TgO_Leviticus,08,26,0.0,0.0,0.0,0.7,0.0,0.0,0.0,20.0,2.619,0.0,0.0
TgO_Leviticus,08,27,0.0,0.0,0.0,0.6429,0.0,0.0,0.0,14.0,2.2,0.0,0.0
TgO_Leviticus,08,28,0.0,0.0,0.0,0.8235,0.0,0.0,0.0,17.0,2.9444,0.0,0.0
TgO_Leviticus,08,29,0.0,0.0,0.0,0.6667,0.0,0.0,0.0,18.0,3.2632,0.0,0.0
TgO_Leviticus,08,30,0.0,0.0,0.0,0.3333,0.0,0.0,0.0,30.0,2.6129,0.0,0.0
TgO_Leviticus,08,31,0.0,0.0,0.0,0.5652,0.0,0.0,0.0,23.0,2.875,0.0,0.0
TgO_Leviticus,08,32,0.0,0.0,0.0,0.6,0.0,0.0,0.0,5.0,1.8333,0.0,0.0
TgO_Leviticus,08,33,0.0,0.0,0.0,0.7059,0.0,0.0,0.0,17.0,2.9444,0.0,0.0
TgO_Leviticus,08,34,0.0,0.0,0.0,0.8889,0.0,0.0,0.0,9.0,2.8,0.0,0.0
TgO_Leviticus,08,35,0.0,0.0,0.0,0.8333,0.0,0.0,0.0,18.0,2.7368,0.0,0.0
TgO_Leviticus,08,36,0.0,0.0,0.0,0.7,0.0,0.0,0.0,10.0,2.9091,0.0,0.0
TgO_Leviticus,09,01,0.0,0.0,0.0,0.4444,0.0,0.0,0.0,9.0,3.7,0.0,0.0
TgO_Leviticus,09,02,0.0,0.0,0.0,0.7143,0.0,0.0,0.0,14.0,2.7333,0.0,0.0
TgO_Leviticus,09,03,0.0,0.0,0.0,0.6875,0.0,0.0,0.0,16.0,2.8235,0.0,0.0
TgO_Leviticus,09,04,0.0,0.0,0.0,0.7059,0.0,0.0,0.0,17.0,3.1111,0.0,0.0
TgO_Leviticus,09,05,0.0,0.0,0.0,0.7692,0.0,0.0,0.0,13.0,2.8571,0.0,0.0
TgO_Leviticus,09,06,0.0,0.0,0.0,0.6364,0.0,0.0,0.0,11.0,3.0833,0.0,0.0
TgO_Leviticus,09,07,0.0,0.0,0.0,0.5217,0.0,0.0,0.0,23.0,2.7917,0.0,0.0
TgO_Leviticus,09,08,0.0,0.0,0.0,0.75,0.0,0.0,0.0,8.0,2.7778,0.0,0.0
TgO_Leviticus,09,09,0.0,0.0,0.0,0.6111,0.0,0.0,0.0,18.0,2.6316,0.0,0.0
TgO_Leviticus,09,10,0.0,0.0,0.0,0.7647,0.0,0.0,0.0,17.0,3.0556,0.0,0.0
TgO_Leviticus,09,11,0.0,0.0,0.0,0.875,0.0,0.0,0.0,8.0,3.1111,0.0,0.0
TgO_Leviticus,09,12,0.0,0.0,0.0,0.6154,0.0,0.0,0.0,13.0,2.8571,0.0,0.0
TgO_Leviticus,09,13,0.0,0.0,0.0,0.7,0.0,0.0,0.0,10.0,2.5455,0.0,0.0
TgO_Leviticus,09,14,0.0,0.0,0.0,0.7778,0.0,0.0,0.0,9.0,2.2,0.0,0.0
TgO_Leviticus,09,15,0.0,0.0,0.0,0.6154,0.0,0.0,0.0,13.0,2.3571,0.0,0.0
TgO_Leviticus,09,16,0.0,0.0,0.0,0.8,0.0,0.0,0.0,5.0,1.8333,0.0,0.0
TgO_Leviticus,09,17,0.0,0.0,0.0,0.8333,0.0,0.0,0.0,12.0,2.5385,0.0,0.0
TgO_Leviticus,09,18,0.0,0.0,0.0,0.6667,0.0,0.0,0.0,18.0,2.8947,0.0,0.0
TgO_Leviticus,09,19,0.0,0.0,0.0,0.6364,0.0,0.0,0.0,11.0,2.25,0.0,0.0
TgO_Leviticus,09,20,0.0,0.0,0.0,0.75,0.0,0.0,0.0,8.0,2.3333,0.0,0.0
TgO_Leviticus,09,21,0.0,0.0,0.0,0.6923,0.0,0.0,0.0,13.0,3.3571,0.0,0.0
TgO_Leviticus,09,22,0.0,0.0,0.0,0.6667,0.0,0.0,0.0,12.0,2.3846,0.0,0.0
TgO_Leviticus,09,23,0.0,0.0,0.0,0.5714,0.0,0.0,0.0,14.0,2.2667,0.0,0.0
TgO_Leviticus,09,24,0.0,0.0,0.0,0.6667,0.0,0.0,0.0,18.0,2.5789,0.0,0.0
TgO_Leviticus,10,01,0.0,0.0,0.0,0.6818,0.0,0.0,0.0,22.0,2.913,0.0,0.0
TgO_Leviticus,10,02,0.0,0.0,0.0,0.6667,0.0,0.0,0.0,9.0,2.7,0.0,0.0
TgO_Leviticus,10,03,0.0,0.0,0.0,0.625,0.0,0.0,0.0,16.0,3.1176,0.0,0.0
TgO_Leviticus,10,04,0.0,0.0,0.0,0.6111,0.0,0.0,0.0,18.0,4.1053,0.0,0.0
TgO_Leviticus,10,05,0.0,0.0,0.0,0.75,0.0,0.0,0.0,8.0,3.6667,0.0,0.0
TgO_Leviticus,10,06,0.0,0.0,0.0,0.6207,0.0,0.0,0.0,29.0,2.8667,0.0,0.0
TgO_Leviticus,10,07,0.0,0.0,0.0,0.8667,0.0,0.0,0.0,15.0,3.0625,0.0,0.0
TgO_Leviticus,10,08,0.0,0.0,0.0,0.75,0.0,0.0,0.0,4.0,2.6,0.0,0.0
TgO_Leviticus,10,09,0.0,0.0,0.0,0.8667,0.0,0.0,0.0,15.0,2.4375,0.0,0.0
TgO_Leviticus,10,10,0.0,0.0,0.0,0.6667,0.0,0.0,0.0,9.0,2.5,0.0,0.0
TgO_Leviticus,10,11,0.0,0.0,0.0,0.6667,0.0,0.0,0.0,12.0,3.0769,0.0,0.0
TgO_Leviticus,10,12,0.0,0.0,0.0,0.6667,0.0,0.0,0.0,24.0,3.4,0.0,0.0
TgO_Leviticus,10,13,0.0,0.0,0.0,0.8571,0.0,0.0,0.0,14.0,2.4667,0.0,0.0
TgO_Leviticus,10,14,0.0,0.0,0.0,0.7273,0.0,0.0,0.0,22.0,3.0,0.0,0.0
TgO_Leviticus,10,15,0.0,0.0,0.0,0.7619,0.0,0.0,0.0,21.0,3.2273,0.0,0.0
TgO_Leviticus,10,16,0.0,0.0,0.0,0.5294,0.0,0.0,0.0,17.0,3.5,0.0,0.0
TgO_Leviticus,10,17,0.0,0.0,0.0,0.8636,0.0,0.0,0.0,22.0,3.0435,0.0,0.0
TgO_Leviticus,10,18,0.0,0.0,0.0,0.8462,0.0,0.0,0.0,13.0,3.0,0.0,0.0
TgO_Leviticus,10,19,0.0,0.0,0.0,0.5926,0.0,0.0,0.0,27.0,2.9643,0.0,0.0
TgO_Leviticus,10,20,0.0,0.0,0.0,0.5,0.0,0.0,0.0,4.0,2.2,0.0,0.0
TgO_Leviticus,11,01,0.0,0.0,0.0,0.5714,0.0,0.0,0.0,7.0,3.0,0.0,0.0
TgO_Leviticus,11,02,0.0,0.0,0.0,0.8462,0.0,0.0,0.0,13.0,2.8571,0.0,0.0
TgO_Leviticus,11,03,0.0,0.0,0.0,0.9091,0.0,0.0,0.0,11.0,2.5833,0.0,0.0
TgO_Leviticus,11,04,0.0,0.0,0.0,0.7143,0.0,0.0,0.0,21.0,2.8636,0.0,0.0
TgO_Leviticus,11,05,0.0,0.0,0.0,0.75,0.0,0.0,0.0,12.0,2.9231,0.0,0.0
TgO_Leviticus,11,06,0.0,0.0,0.0,0.75,0.0,0.0,0.0,12.0,3.0,0.0,0.0
TgO_Leviticus,11,07,0.0,0.0,0.0,0.625,0.0,0.0,0.0,16.0,3.0588,0.0,0.0
TgO_Leviticus,11,08,0.0,0.0,0.0,0.7778,0.0,0.0,0.0,9.0,2.9,0.0,0.0
TgO_Leviticus,11,09,0.0,0.0,0.0,0.5714,0.0,0.0,0.0,14.0,2.4,0.0,0.0
TgO_Leviticus,11,10,0.0,0.0,0.0,0.6471,0.0,0.0,0.0,17.0,2.7778,0.0,0.0
TgO_Leviticus,11,11,0.0,0.0,0.0,0.7778,0.0,0.0,0.0,9.0,2.8,0.0,0.0
TgO_Leviticus,11,12,0.0,0.0,0.0,0.7778,0.0,0.0,0.0,9.0,2.9,0.0,0.0
TgO_Leviticus,11,13,0.0,0.0,0.0,0.75,0.0,0.0,0.0,12.0,2.5385,0.0,0.0
TgO_Leviticus,11,14,0.0,0.0,0.0,0.5,0.0,0.0,0.0,3.0,2.0,0.0,0.0
TgO_Leviticus,11,15,0.0,0.0,0.0,1.0,0.0,0.0,0.0,4.0,2.0,0.0,0.0
TgO_Leviticus,11,16,0.0,0.0,0.0,0.5714,0.0,0.0,0.0,7.0,2.125,0.0,0.0
TgO_Leviticus,11,17,0.0,0.0,0.0,0.5,0.0,0.0,0.0,3.0,1.5,0.0,0.0
TgO_Leviticus,11,18,0.0,0.0,0.0,0.5,0.0,0.0,0.0,3.0,2.5,0.0,0.0
TgO_Leviticus,11,19,0.0,0.0,0.0,0.5,0.0,0.0,0.0,6.0,2.4286,0.0,0.0
TgO_Leviticus,11,20,0.0,0.0,0.0,0.8889,0.0,0.0,0.0,9.0,3.0,0.0,0.0
TgO_Leviticus,11,21,0.0,0.0,0.0,0.8889,0.0,0.0,0.0,18.0,3.0526,0.0,0.0
TgO_Leviticus,11,22,0.0,0.0,0.0,0.625,0.0,0.0,0.0,16.0,2.4118,0.0,0.0
TgO_Leviticus,11,23,0.0,0.0,0.0,0.7778,0.0,0.0,0.0,9.0,3.4,0.0,0.0
TgO_Leviticus,11,24,0.0,0.0,0.0,1.0,0.0,0.0,0.0,9.0,2.4,0.0,0.0
TgO_Leviticus,11,25,0.0,0.0,0.0,0.8889,0.0,0.0,0.0,9.0,2.5,0.0,0.0
TgO_Leviticus,11,26,0.0,0.0,0.0,0.7368,0.0,0.0,0.0,19.0,3.0,0.0,0.0
TgO_Leviticus,11,27,0.0,0.0,0.0,0.7368,0.0,0.0,0.0,19.0,2.8,0.0,0.0
TgO_Leviticus,11,28,0.0,0.0,0.0,0.75,0.0,0.0,0.0,12.0,3.2308,0.0,0.0
TgO_Leviticus,11,29,0.0,0.0,0.0,0.7273,0.0,0.0,0.0,11.0,2.6667,0.0,0.0
TgO_Leviticus,11,30,0.0,0.0,0.0,0.6,0.0,0.0,0.0,5.0,1.8333,0.0,0.0
TgO_Leviticus,11,31,0.0,0.0,0.0,0.6923,0.0,0.0,0.0,13.0,2.8571,0.0,0.0
TgO_Leviticus,11,32,0.0,0.0,0.0,0.6786,0.0,0.0,0.0,28.0,2.5517,0.0,0.0
TgO_Leviticus,11,33,0.0,0.0,0.0,0.9091,0.0,0.0,0.0,11.0,2.3333,0.0,0.0
TgO_Leviticus,11,34,0.0,0.0,0.0,0.8667,0.0,0.0,0.0,15.0,2.875,0.0,0.0
TgO_Leviticus,11,35,0.0,0.0,0.0,0.6429,0.0,0.0,0.0,14.0,3.0,0.0,0.0
TgO_Leviticus,11,36,0.0,0.0,0.0,0.8333,0.0,0.0,0.0,12.0,2.8462,0.0,0.0
TgO_Leviticus,11,37,0.0,0.0,0.0,1.0,0.0,0.0,0.0,10.0,2.8182,0.0,0.0
TgO_Leviticus,11,38,0.0,0.0,0.0,0.7273,0.0,0.0,0.0,11.0,3.0833,0.0,0.0
TgO_Leviticus,11,39,0.0,0.0,0.0,0.9231,0.0,0.0,0.0,13.0,2.9286,0.0,0.0
TgO_Leviticus,11,40,0.0,0.0,0.0,0.5294,0.0,0.0,0.0,17.0,2.7222,0.0,0.0
TgO_Leviticus,11,41,0.0,0.0,0.0,0.8889,0.0,0.0,0.0,9.0,2.4,0.0,0.0
TgO_Leviticus,11,42,0.0,0.0,0.0,0.7273,0.0,0.0,0.0,22.0,2.6957,0.0,0.0
TgO_Leviticus,11,43,0.0,0.0,0.0,0.6923,0.0,0.0,0.0,13.0,2.3571,0.0,0.0
TgO_Leviticus,11,44,0.0,0.0,0.0,0.6842,0.0,0.0,0.0,19.0,2.65,0.0,0.0
TgO_Leviticus,11,45,0.0,0.0,0.0,0.6667,0.0,0.0,0.0,15.0,3.1875,0.0,0.0
TgO_Leviticus,11,46,0.0,0.0,0.0,0.7143,0.0,0.0,0.0,14.0,2.5333,0.0,0.0
TgO_Leviticus,11,47,0.0,0.0,0.0,0.6667,0.0,0.0,0.0,12.0,2.5385,0.0,0.0
TgO_Leviticus,12,01,0.0,0.0,0.0,0.8,0.0,0.0,0.0,5.0,2.1667,0.0,0.0
TgO_Leviticus,12,02,0.0,0.0,0.0,0.8421,0.0,0.0,0.0,19.0,3.05,0.0,0.0
TgO_Leviticus,12,03,0.0,0.0,0.0,1.0,0.0,0.0,0.0,5.0,2.8333,0.0,0.0
TgO_Leviticus,12,04,0.0,0.0,0.0,0.6471,0.0,0.0,0.0,17.0,2.4444,0.0,0.0
TgO_Leviticus,12,05,0.0,0.0,0.0,0.7857,0.0,0.0,0.0,14.0,2.8,0.0,0.0
TgO_Leviticus,12,06,0.0,0.0,0.0,0.9,0.0,0.0,0.0,20.0,3.381,0.0,0.0
TgO_Leviticus,12,07,0.0,0.0,0.0,0.8571,0.0,0.0,0.0,14.0,2.5333,0.0,0.0
TgO_Leviticus,12,08,0.0,0.0,0.0,0.75,0.0,0.0,0.0,20.0,2.8571,0.0,0.0
TgO_Leviticus,13,01,0.0,0.0,0.0,0.6667,0.0,0.0,0.0,6.0,2.4286,0.0,0.0
TgO_Leviticus,13,02,0.0,0.0,0.0,0.6667,0.0,0.0,0.0,24.0,2.88,0.0,0.0
TgO_Leviticus,13,03,0.0,0.0,0.0,0.5909,0.0,0.0,0.0,22.0,2.7391,0.0,0.0
TgO_Leviticus,13,04,0.0,0.0,0.0,0.8095,0.0,0.0,0.0,21.0,2.6364,0.0,0.0
TgO_Leviticus,13,05,0.0,0.0,0.0,0.8333,0.0,0.0,0.0,18.0,3.0,0.0,0.0
TgO_Leviticus,13,06,0.0,0.0,0.0,0.65,0.0,0.0,0.0,20.0,2.9048,0.0,0.0
TgO_Leviticus,13,07,0.0,0.0,0.0,0.75,0.0,0.0,0.0,12.0,2.8462,0.0,0.0
TgO_Leviticus,13,08,0.0,0.0,0.0,0.8,0.0,0.0,0.0,10.0,2.7273,0.0,0.0
TgO_Leviticus,13,09,0.0,0.0,0.0,1.0,0.0,0.0,0.0,8.0,2.8889,0.0,0.0
TgO_Leviticus,13,10,0.0,0.0,0.0,0.6429,0.0,0.0,0.0,14.0,2.3333,0.0,0.0
TgO_Leviticus,13,11,0.0,0.0,0.0,1.0,0.0,0.0,0.0,12.0,2.9231,0.0,0.0
TgO_Leviticus,13,12,0.0,0.0,0.0,0.7222,0.0,0.0,0.0,18.0,2.6842,0.0,0.0
TgO_Leviticus,13,13,0.0,0.0,0.0,0.75,0.0,0.0,0.0,16.0,2.5882,0.0,0.0
TgO_Leviticus,13,14,0.0,0.0,0.0,1.0,0.0,0.0,0.0,7.0,2.375,0.0,0.0
TgO_Leviticus,13,15,0.0,0.0,0.0,0.8333,0.0,0.0,0.0,12.0,2.6923,0.0,0.0
TgO_Leviticus,13,16,0.0,0.0,0.0,0.9,0.0,0.0,0.0,10.0,2.3636,0.0,0.0
TgO_Leviticus,13,17,0.0,0.0,0.0,0.75,0.0,0.0,0.0,12.0,2.6923,0.0,0.0
TgO_Leviticus,13,18,0.0,0.0,0.0,0.7143,0.0,0.0,0.0,7.0,2.25,0.0,0.0
TgO_Leviticus,13,19,0.0,0.0,0.0,0.8182,0.0,0.0,0.0,11.0,2.5833,0.0,0.0
TgO_Leviticus,13,20,0.0,0.0,0.0,0.8235,0.0,0.0,0.0,17.0,2.8333,0.0,0.0
TgO_Leviticus,13,21,0.0,0.0,0.0,0.7222,0.0,0.0,0.0,18.0,2.5263,0.0,0.0
TgO_Leviticus,13,22,0.0,0.0,0.0,0.7778,0.0,0.0,0.0,9.0,2.4,0.0,0.0
TgO_Leviticus,13,23,0.0,0.0,0.0,1.0,0.0,0.0,0.0,11.0,2.75,0.0,0.0
TgO_Leviticus,13,24,0.0,0.0,0.0,0.8,0.0,0.0,0.0,15.0,2.6875,0.0,0.0
TgO_Leviticus,13,25,0.0,0.0,0.0,0.6818,0.0,0.0,0.0,22.0,2.8261,0.0,0.0
TgO_Leviticus,13,26,0.0,0.0,0.0,0.7778,0.0,0.0,0.0,18.0,2.6316,0.0,0.0
TgO_Leviticus,13,27,0.0,0.0,0.0,0.7857,0.0,0.0,0.0,14.0,2.8,0.0,0.0
TgO_Leviticus,13,28,0.0,0.0,0.0,0.7778,0.0,0.0,0.0,18.0,2.6842,0.0,0.0
TgO_Leviticus,13,29,0.0,0.0,0.0,0.7,0.0,0.0,0.0,10.0,2.3636,0.0,0.0
TgO_Leviticus,13,30,0.0,0.0,0.0,0.7391,0.0,0.0,0.0,23.0,2.8333,0.0,0.0
TgO_Leviticus,13,31,0.0,0.0,0.0,0.6522,0.0,0.0,0.0,23.0,2.75,0.0,0.0
TgO_Leviticus,13,32,0.0,0.0,0.0,0.7619,0.0,0.0,0.0,21.0,2.6818,0.0,0.0
TgO_Leviticus,13,33,0.0,0.0,0.0,0.7143,0.0,0.0,0.0,14.0,2.8667,0.0,0.0
TgO_Leviticus,13,34,0.0,0.0,0.0,0.6364,0.0,0.0,0.0,22.0,2.6087,0.0,0.0
TgO_Leviticus,13,35,0.0,0.0,0.0,0.8571,0.0,0.0,0.0,7.0,2.375,0.0,0.0
TgO_Leviticus,13,36,0.0,0.0,0.0,0.9231,0.0,0.0,0.0,13.0,2.7143,0.0,0.0
TgO_Leviticus,13,37,0.0,0.0,0.0,0.8,0.0,0.0,0.0,15.0,2.6875,0.0,0.0
TgO_Leviticus,13,38,0.0,0.0,0.0,0.9,0.0,0.0,0.0,10.0,2.7273,0.0,0.0
TgO_Leviticus,13,39,0.0,0.0,0.0,0.7857,0.0,0.0,0.0,14.0,2.6,0.0,0.0
TgO_Leviticus,13,40,0.0,0.0,0.0,0.8889,0.0,0.0,0.0,9.0,2.6,0.0,0.0
TgO_Leviticus,13,41,0.0,0.0,0.0,0.9,0.0,0.0,0.0,10.0,3.0,0.0,0.0
TgO_Leviticus,13,42,0.0,0.0,0.0,0.7143,0.0,0.0,0.0,14.0,2.6,0.0,0.0
TgO_Leviticus,13,43,0.0,0.0,0.0,0.8667,0.0,0.0,0.0,15.0,2.6875,0.0,0.0
TgO_Leviticus,13,44,0.0,0.0,0.0,0.8,0.0,0.0,0.0,10.0,2.9091,0.0,0.0
TgO_Leviticus,13,45,0.0,0.0,0.0,0.6667,0.0,0.0,0.0,18.0,2.5789,0.0,0.0
TgO_Leviticus,13,46,0.0,0.0,0.0,0.8462,0.0,0.0,0.0,13.0,4.1429,0.0,0.0
TgO_Leviticus,13,47,0.0,0.0,0.0,0.8182,0.0,0.0,0.0,11.0,2.5833,0.0,0.0
TgO_Leviticus,13,48,0.0,0.0,0.0,0.5,0.0,0.0,0.0,12.0,2.2308,0.0,0.0
TgO_Leviticus,13,49,0.0,0.0,0.0,0.5238,0.0,0.0,0.0,21.0,2.5909,0.0,0.0
TgO_Leviticus,13,50,0.0,0.0,0.0,0.6667,0.0,0.0,0.0,9.0,2.5,0.0,0.0
TgO_Leviticus,13,51,0.0,0.0,0.0,0.6667,0.0,0.0,0.0,24.0,2.84,0.0,0.0
TgO_Leviticus,13,52,0.0,0.0,0.0,0.6538,0.0,0.0,0.0,26.0,2.5185,0.0,0.0
TgO_Leviticus,13,53,0.0,0.0,0.0,0.625,0.0,0.0,0.0,16.0,2.2941,0.0,0.0
TgO_Leviticus,13,54,0.0,0.0,0.0,0.8182,0.0,0.0,0.0,11.0,2.75,0.0,0.0
TgO_Leviticus,13,55,0.0,0.0,0.0,0.76,0.0,0.0,0.0,25.0,2.5769,0.0,0.0
TgO_Leviticus,13,56,0.0,0.0,0.0,0.6364,0.0,0.0,0.0,22.0,2.4348,0.0,0.0
TgO_Leviticus,13,57,0.0,0.0,0.0,0.6316,0.0,0.0,0.0,19.0,2.35,0.0,0.0
TgO_Leviticus,13,58,0.0,0.0,0.0,0.6875,0.0,0.0,0.0,16.0,2.5294,0.0,0.0
TgO_Leviticus,13,59,0.0,0.0,0.0,0.7895,0.0,0.0,0.0,19.0,2.8,0.0,0.0
TgO_Leviticus,14,01,0.0,0.0,0.0,0.8,0.0,0.0,0.0,5.0,2.5,0.0,0.0
TgO_Leviticus,14,02,0.0,0.0,0.0,1.0,0.0,0.0,0.0,9.0,2.7,0.0,0.0
TgO_Leviticus,14,03,0.0,0.0,0.0,0.75,0.0,0.0,0.0,12.0,3.2308,0.0,0.0
TgO_Leviticus,14,04,0.0,0.0,0.0,0.6923,0.0,0.0,0.0,13.0,2.7857,0.0,0.0
TgO_Leviticus,14,05,0.0,0.0,0.0,0.9091,0.0,0.0,0.0,11.0,2.5,0.0,0.0
TgO_Leviticus,14,06,0.0,0.0,0.0,0.625,0.0,0.0,0.0,24.0,2.6,0.0,0.0
TgO_Leviticus,14,07,0.0,0.0,0.0,0.8571,0.0,0.0,0.0,14.0,2.7333,0.0,0.0
TgO_Leviticus,14,08,0.0,0.0,0.0,0.7,0.0,0.0,0.0,20.0,2.7619,0.0,0.0
TgO_Leviticus,14,09,0.0,0.0,0.0,0.5,0.0,0.0,0.0,26.0,2.4815,0.0,0.0
TgO_Leviticus,14,10,0.0,0.0,0.0,0.7,0.0,0.0,0.0,20.0,2.9524,0.0,0.0
TgO_Leviticus,14,11,0.0,0.0,0.0,0.8333,0.0,0.0,0.0,12.0,2.5385,0.0,0.0
TgO_Leviticus,14,12,0.0,0.0,0.0,0.6875,0.0,0.0,0.0,16.0,2.3529,0.0,0.0
TgO_Leviticus,14,13,0.0,0.0,0.0,0.7368,0.0,0.0,0.0,19.0,2.7,0.0,0.0
TgO_Leviticus,14,14,0.0,0.0,0.0,0.6316,0.0,0.0,0.0,19.0,2.85,0.0,0.0
TgO_Leviticus,14,15,0.0,0.0,0.0,0.7778,0.0,0.0,0.0,9.0,2.3,0.0,0.0
TgO_Leviticus,14,16,0.0,0.0,0.0,0.8333,0.0,0.0,0.0,18.0,2.5789,0.0,0.0
TgO_Leviticus,14,17,0.0,0.0,0.0,0.6364,0.0,0.0,0.0,22.0,2.7826,0.0,0.0
TgO_Leviticus,14,18,0.0,0.0,0.0,0.7143,0.0,0.0,0.0,14.0,2.3333,0.0,0.0
TgO_Leviticus,14,19,0.0,0.0,0.0,0.7692,0.0,0.0,0.0,13.0,2.2857,0.0,0.0
TgO_Leviticus,14,20,0.0,0.0,0.0,0.6364,0.0,0.0,0.0,11.0,2.4167,0.0,0.0
TgO_Leviticus,14,21,0.0,0.0,0.0,0.7619,0.0,0.0,0.0,21.0,2.5455,0.0,0.0
TgO_Leviticus,14,22,0.0,0.0,0.0,0.8333,0.0,0.0,0.0,12.0,2.9231,0.0,0.0
TgO_Leviticus,14,23,0.0,0.0,0.0,1.0,0.0,0.0,0.0,12.0,2.8462,0.0,0.0
TgO_Leviticus,14,24,0.0,0.0,0.0,0.7143,0.0,0.0,0.0,14.0,2.4667,0.0,0.0
TgO_Leviticus,14,25,0.0,0.0,0.0,0.6364,0.0,0.0,0.0,22.0,2.7826,0.0,0.0
TgO_Leviticus,14,26,0.0,0.0,0.0,0.875,0.0,0.0,0.0,8.0,2.4444,0.0,0.0
TgO_Leviticus,14,27,0.0,0.0,0.0,1.0,0.0,0.0,0.0,13.0,2.5714,0.0,0.0
TgO_Leviticus,14,28,0.0,0.0,0.0,0.6522,0.0,0.0,0.0,23.0,2.75,0.0,0.0
TgO_Leviticus,14,29,0.0,0.0,0.0,0.8571,0.0,0.0,0.0,14.0,2.4,0.0,0.0
TgO_Leviticus,14,30,0.0,0.0,0.0,0.8,0.0,0.0,0.0,10.0,2.5455,0.0,0.0
TgO_Leviticus,14,31,0.0,0.0,0.0,0.7647,0.0,0.0,0.0,17.0,2.4444,0.0,0.0
TgO_Leviticus,14,32,0.0,0.0,0.0,0.8889,0.0,0.0,0.0,9.0,2.7,0.0,0.0
TgO_Leviticus,14,33,0.0,0.0,0.0,0.6667,0.0,0.0,0.0,6.0,2.4286,0.0,0.0
TgO_Leviticus,14,34,0.0,0.0,0.0,0.7143,0.0,0.0,0.0,14.0,3.6667,0.0,0.0
TgO_Leviticus,14,35,0.0,0.0,0.0,0.8,0.0,0.0,0.0,10.0,2.3636,0.0,0.0
TgO_Leviticus,14,36,0.0,0.0,0.0,0.5217,0.0,0.0,0.0,23.0,2.5,0.0,0.0
TgO_Leviticus,14,37,0.0,0.0,0.0,0.7333,0.0,0.0,0.0,15.0,2.875,0.0,0.0
TgO_Leviticus,14,38,0.0,0.0,0.0,0.7273,0.0,0.0,0.0,11.0,2.1667,0.0,0.0
TgO_Leviticus,14,39,0.0,0.0,0.0,0.7,0.0,0.0,0.0,10.0,2.4545,0.0,0.0
TgO_Leviticus,14,40,0.0,0.0,0.0,0.7692,0.0,0.0,0.0,13.0,2.9286,0.0,0.0
TgO_Leviticus,14,41,0.0,0.0,0.0,0.8462,0.0,0.0,0.0,13.0,3.5,0.0,0.0
TgO_Leviticus,14,42,0.0,0.0,0.0,0.5833,0.0,0.0,0.0,12.0,2.5385,0.0,0.0
TgO_Leviticus,14,43,0.0,0.0,0.0,0.7333,0.0,0.0,0.0,15.0,2.375,0.0,0.0
TgO_Leviticus,14,44,0.0,0.0,0.0,0.7692,0.0,0.0,0.0,13.0,2.7143,0.0,0.0
TgO_Leviticus,14,45,0.0,0.0,0.0,0.6875,0.0,0.0,0.0,16.0,2.6471,0.0,0.0
TgO_Leviticus,14,46,0.0,0.0,0.0,0.9,0.0,0.0,0.0,10.0,3.0,0.0,0.0
TgO_Leviticus,14,47,0.0,0.0,0.0,0.5,0.0,0.0,0.0,10.0,2.3636,0.0,0.0
TgO_Leviticus,14,48,0.0,0.0,0.0,0.65,0.0,0.0,0.0,20.0,2.5238,0.0,0.0
TgO_Leviticus,14,49,0.0,0.0,0.0,0.7273,0.0,0.0,0.0,11.0,2.5,0.0,0.0
TgO_Leviticus,14,50,0.0,0.0,0.0,1.0,0.0,0.0,0.0,9.0,2.5,0.0,0.0
TgO_Leviticus,14,51,0.0,0.0,0.0,0.6522,0.0,0.0,0.0,23.0,2.625,0.0,0.0
TgO_Leviticus,14,52,0.0,0.0,0.0,0.6429,0.0,0.0,0.0,14.0,2.3333,0.0,0.0
TgO_Leviticus,14,53,0.0,0.0,0.0,0.8333,0.0,0.0,0.0,12.0,2.9231,0.0,0.0
TgO_Leviticus,14,54,0.0,0.0,0.0,1.0,0.0,0.0,0.0,6.0,2.8571,0.0,0.0
TgO_Leviticus,14,55,0.0,0.0,0.0,0.5,0.0,0.0,0.0,3.0,2.75,0.0,0.0
TgO_Leviticus,14,56,0.0,0.0,0.0,0.5,0.0,0.0,0.0,3.0,1.5,0.0,0.0
TgO_Leviticus,14,57,0.0,0.0,0.0,1.0,0.0,0.0,0.0,8.0,2.8889,0.0,0.0
TgO_Leviticus,15,01,0.0,0.0,0.0,0.6667,0.0,0.0,0.0,6.0,2.1429,0.0,0.0
TgO_Leviticus,15,02,0.0,0.0,0.0,0.7333,0.0,0.0,0.0,15.0,2.9375,0.0,0.0
TgO_Leviticus,15,03,0.0,0.0,0.0,0.8571,0.0,0.0,0.0,14.0,2.7333,0.0,0.0
TgO_Leviticus,15,04,0.0,0.0,0.0,0.7692,0.0,0.0,0.0,13.0,2.7857,0.0,0.0
TgO_Leviticus,15,05,0.0,0.0,0.0,0.7273,0.0,0.0,0.0,11.0,2.4167,0.0,0.0
TgO_Leviticus,15,06,0.0,0.0,0.0,0.7857,0.0,0.0,0.0,14.0,2.5333,0.0,0.0
TgO_Leviticus,15,07,0.0,0.0,0.0,0.7273,0.0,0.0,0.0,11.0,2.5,0.0,0.0
TgO_Leviticus,15,08,0.0,0.0,0.0,0.6667,0.0,0.0,0.0,12.0,2.5385,0.0,0.0
TgO_Leviticus,15,09,0.0,0.0,0.0,1.0,0.0,0.0,0.0,7.0,2.875,0.0,0.0
TgO_Leviticus,15,10,0.0,0.0,0.0,0.5789,0.0,0.0,0.0,19.0,2.6,0.0,0.0
TgO_Leviticus,15,11,0.0,0.0,0.0,0.625,0.0,0.0,0.0,16.0,2.4118,0.0,0.0
TgO_Leviticus,15,12,0.0,0.0,0.0,0.8182,0.0,0.0,0.0,11.0,2.4167,0.0,0.0
TgO_Leviticus,15,13,0.0,0.0,0.0,0.6875,0.0,0.0,0.0,16.0,2.6471,0.0,0.0
TgO_Leviticus,15,14,0.0,0.0,0.0,0.7647,0.0,0.0,0.0,17.0,3.3333,0.0,0.0
TgO_Leviticus,15,15,0.0,0.0,0.0,0.7692,0.0,0.0,0.0,13.0,2.3571,0.0,0.0
TgO_Leviticus,15,16,0.0,0.0,0.0,0.8667,0.0,0.0,0.0,15.0,2.4375,0.0,0.0
TgO_Leviticus,15,17,0.0,0.0,0.0,0.7857,0.0,0.0,0.0,14.0,2.5333,0.0,0.0
TgO_Leviticus,15,18,0.0,0.0,0.0,0.8333,0.0,0.0,0.0,12.0,2.4615,0.0,0.0
TgO_Leviticus,15,19,0.0,0.0,0.0,0.6316,0.0,0.0,0.0,19.0,2.55,0.0,0.0
TgO_Leviticus,15,20,0.0,0.0,0.0,0.6364,0.0,0.0,0.0,11.0,2.5,0.0,0.0
TgO_Leviticus,15,21,0.0,0.0,0.0,0.7273,0.0,0.0,0.0,11.0,2.4167,0.0,0.0
TgO_Leviticus,15,22,0.0,0.0,0.0,0.7857,0.0,0.0,0.0,14.0,2.4667,0.0,0.0
TgO_Leviticus,15,23,0.0,0.0,0.0,0.8125,0.0,0.0,0.0,16.0,2.4706,0.0,0.0
TgO_Leviticus,15,24,0.0,0.0,0.0,0.6111,0.0,0.0,0.0,18.0,2.7895,0.0,0.0
TgO_Leviticus,15,25,0.0,0.0,0.0,0.7083,0.0,0.0,0.0,24.0,3.2,0.0,0.0
TgO_Leviticus,15,26,0.0,0.0,0.0,0.6842,0.0,0.0,0.0,19.0,3.1,0.0,0.0
TgO_Leviticus,15,27,0.0,0.0,0.0,0.6154,0.0,0.0,0.0,13.0,2.5,0.0,0.0
TgO_Leviticus,15,28,0.0,0.0,0.0,0.6,0.0,0.0,0.0,10.0,2.2727,0.0,0.0
TgO_Leviticus,15,29,0.0,0.0,0.0,0.8125,0.0,0.0,0.0,16.0,3.2353,0.0,0.0
TgO_Leviticus,15,30,0.0,0.0,0.0,0.7333,0.0,0.0,0.0,15.0,2.5,0.0,0.0
TgO_Leviticus,15,31,0.0,0.0,0.0,0.75,0.0,0.0,0.0,12.0,2.6154,0.0,0.0
TgO_Leviticus,15,32,0.0,0.0,0.0,1.0,0.0,0.0,0.0,9.0,2.7,0.0,0.0
TgO_Leviticus,15,33,0.0,0.0,0.0,0.8182,0.0,0.0,0.0,11.0,2.4167,0.0,0.0
TgO_Leviticus,16,01,0.0,0.0,0.0,0.7333,0.0,0.0,0.0,15.0,3.0625,0.0,0.0
TgO_Leviticus,16,02,0.0,0.0,0.0,0.7857,0.0,0.0,0.0,28.0,3.2414,0.0,0.0
TgO_Leviticus,16,03,0.0,0.0,0.0,0.8182,0.0,0.0,0.0,11.0,2.6667,0.0,0.0
TgO_Leviticus,16,04,0.0,0.0,0.0,0.5833,0.0,0.0,0.0,24.0,2.72,0.0,0.0
TgO_Leviticus,16,05,0.0,0.0,0.0,0.8333,0.0,0.0,0.0,12.0,2.9231,0.0,0.0
TgO_Leviticus,16,06,0.0,0.0,0.0,0.7273,0.0,0.0,0.0,11.0,2.5,0.0,0.0
TgO_Leviticus,16,07,0.0,0.0,0.0,0.8182,0.0,0.0,0.0,11.0,2.5833,0.0,0.0
TgO_Leviticus,16,08,0.0,0.0,0.0,0.6,0.0,0.0,0.0,15.0,3.125,0.0,0.0
TgO_Leviticus,16,09,0.0,0.0,0.0,0.8462,0.0,0.0,0.0,13.0,2.7143,0.0,0.0
TgO_Leviticus,16,10,0.0,0.0,0.0,0.8125,0.0,0.0,0.0,16.0,3.3529,0.0,0.0
TgO_Leviticus,16,11,0.0,0.0,0.0,0.5,0.0,0.0,0.0,16.0,2.6471,0.0,0.0
TgO_Leviticus,16,12,0.0,0.0,0.0,0.8824,0.0,0.0,0.0,17.0,3.6111,0.0,0.0
TgO_Leviticus,16,13,0.0,0.0,0.0,0.7059,0.0,0.0,0.0,17.0,2.8333,0.0,0.0
TgO_Leviticus,16,14,0.0,0.0,0.0,0.6875,0.0,0.0,0.0,16.0,2.8235,0.0,0.0
TgO_Leviticus,16,15,0.0,0.0,0.0,0.5652,0.0,0.0,0.0,23.0,2.7917,0.0,0.0
TgO_Leviticus,16,16,0.0,0.0,0.0,0.8235,0.0,0.0,0.0,17.0,2.7222,0.0,0.0
TgO_Leviticus,16,17,0.0,0.0,0.0,0.65,0.0,0.0,0.0,20.0,2.6667,0.0,0.0
TgO_Leviticus,16,18,0.0,0.0,0.0,0.625,0.0,0.0,0.0,16.0,2.8824,0.0,0.0
TgO_Leviticus,16,19,0.0,0.0,0.0,0.8333,0.0,0.0,0.0,12.0,2.4615,0.0,0.0
TgO_Leviticus,16,20,0.0,0.0,0.0,0.7692,0.0,0.0,0.0,13.0,2.5,0.0,0.0
TgO_Leviticus,16,21,0.0,0.0,0.0,0.5625,0.0,0.0,0.0,32.0,2.6061,0.0,0.0
TgO_Leviticus,16,22,0.0,0.0,0.0,0.7692,0.0,0.0,0.0,13.0,2.3571,0.0,0.0
TgO_Leviticus,16,23,0.0,0.0,0.0,0.7692,0.0,0.0,0.0,13.0,2.7143,0.0,0.0
TgO_Leviticus,16,24,0.0,0.0,0.0,0.5,0.0,0.0,0.0,20.0,2.2381,0.0,0.0
TgO_Leviticus,16,25,0.0,0.0,0.0,1.0,0.0,0.0,0.0,5.0,2.6667,0.0,0.0
TgO_Leviticus,16,26,0.0,0.0,0.0,0.7143,0.0,0.0,0.0,14.0,3.0,0.0,0.0
TgO_Leviticus,16,27,0.0,0.0,0.0,0.7143,0.0,0.0,0.0,21.0,2.9091,0.0,0.0
TgO_Leviticus,16,28,0.0,0.0,0.0,0.75,0.0,0.0,0.0,12.0,2.3846,0.0,0.0
TgO_Leviticus,16,29,0.0,0.0,0.0,0.7895,0.0,0.0,0.0,19.0,2.9,0.0,0.0
TgO_Leviticus,16,30,0.0,0.0,0.0,0.9167,0.0,0.0,0.0,12.0,2.4615,0.0,0.0
TgO_Leviticus,16,31,0.0,0.0,0.0,0.7778,0.0,0.0,0.0,9.0,2.9,0.0,0.0
TgO_Leviticus,16,32,0.0,0.0,0.0,0.6875,0.0,0.0,0.0,16.0,2.7647,0.0,0.0
TgO_Leviticus,16,33,0.0,0.0,0.0,0.7059,0.0,0.0,0.0,17.0,2.6111,0.0,0.0
TgO_Leviticus,16,34,0.0,0.0,0.0,0.7895,0.0,0.0,0.0,19.0,2.95,0.0,0.0
TgO_Leviticus,17,01,0.0,0.0,0.0,0.8,0.0,0.0,0.0,5.0,2.1667,0.0,0.0
TgO_Leviticus,17,02,0.0,0.0,0.0,0.625,0.0,0.0,0.0,16.0,2.8235,0.0,0.0
TgO_Leviticus,17,03,0.0,0.0,0.0,0.6667,0.0,0.0,0.0,15.0,3.0,0.0,0.0
TgO_Leviticus,17,04,0.0,0.0,0.0,0.7391,0.0,0.0,0.0,23.0,2.9583,0.0,0.0
TgO_Leviticus,17,05,0.0,0.0,0.0,0.7917,0.0,0.0,0.0,24.0,3.12,0.0,0.0
TgO_Leviticus,17,06,0.0,0.0,0.0,0.8125,0.0,0.0,0.0,16.0,2.5294,0.0,0.0
TgO_Leviticus,17,07,0.0,0.0,0.0,0.8667,0.0,0.0,0.0,15.0,2.75,0.0,0.0
TgO_Leviticus,17,08,0.0,0.0,0.0,0.8,0.0,0.0,0.0,15.0,2.875,0.0,0.0
TgO_Leviticus,17,09,0.0,0.0,0.0,0.9231,0.0,0.0,0.0,13.0,2.5714,0.0,0.0
TgO_Leviticus,17,10,0.0,0.0,0.0,0.6667,0.0,0.0,0.0,21.0,2.5909,0.0,0.0
TgO_Leviticus,17,11,0.0,0.0,0.0,0.6316,0.0,0.0,0.0,19.0,2.75,0.0,0.0
TgO_Leviticus,17,12,0.0,0.0,0.0,0.7059,0.0,0.0,0.0,17.0,2.8333,0.0,0.0
TgO_Leviticus,17,13,0.0,0.0,0.0,0.8421,0.0,0.0,0.0,19.0,2.6,0.0,0.0
TgO_Leviticus,17,14,0.0,0.0,0.0,0.5417,0.0,0.0,0.0,24.0,2.56,0.0,0.0
TgO_Leviticus,17,15,0.0,0.0,0.0,0.5625,0.0,0.0,0.0,16.0,2.4706,0.0,0.0
TgO_Leviticus,17,16,0.0,0.0,0.0,0.625,0.0,0.0,0.0,8.0,2.1111,0.0,0.0
TgO_Leviticus,18,01,0.0,0.0,0.0,0.8,0.0,0.0,0.0,5.0,2.1667,0.0,0.0
TgO_Leviticus,18,02,0.0,0.0,0.0,0.7778,0.0,0.0,0.0,9.0,2.9,0.0,0.0
TgO_Leviticus,18,03,0.0,0.0,0.0,0.619,0.0,0.0,0.0,21.0,2.7727,0.0,0.0
TgO_Leviticus,18,04,0.0,0.0,0.0,1.0,0.0,0.0,0.0,11.0,2.5,0.0,0.0
TgO_Leviticus,18,05,0.0,0.0,0.0,0.8,0.0,0.0,0.0,15.0,2.375,0.0,0.0
TgO_Leviticus,18,06,0.0,0.0,0.0,0.9091,0.0,0.0,0.0,11.0,2.75,0.0,0.0
TgO_Leviticus,18,07,0.0,0.0,0.0,0.6364,0.0,0.0,0.0,11.0,2.4167,0.0,0.0
TgO_Leviticus,18,08,0.0,0.0,0.0,0.75,0.0,0.0,0.0,8.0,2.6667,0.0,0.0
TgO_Leviticus,18,09,0.0,0.0,0.0,0.6818,0.0,0.0,0.0,22.0,3.2609,0.0,0.0
TgO_Leviticus,18,10,0.0,0.0,0.0,0.6667,0.0,0.0,0.0,12.0,3.9231,0.0,0.0
TgO_Leviticus,18,11,0.0,0.0,0.0,0.8333,0.0,0.0,0.0,12.0,2.6923,0.0,0.0
TgO_Leviticus,18,12,0.0,0.0,0.0,0.875,0.0,0.0,0.0,8.0,2.5556,0.0,0.0
TgO_Leviticus,18,13,0.0,0.0,0.0,0.8889,0.0,0.0,0.0,9.0,2.6,0.0,0.0
TgO_Leviticus,18,14,0.0,0.0,0.0,0.7,0.0,0.0,0.0,10.0,2.8182,0.0,0.0
TgO_Leviticus,18,15,0.0,0.0,0.0,0.7,0.0,0.0,0.0,10.0,2.7273,0.0,0.0
TgO_Leviticus,18,16,0.0,0.0,0.0,0.75,0.0,0.0,0.0,8.0,2.6667,0.0,0.0
TgO_Leviticus,18,17,0.0,0.0,0.0,0.75,0.0,0.0,0.0,20.0,3.5714,0.0,0.0
TgO_Leviticus,18,18,0.0,0.0,0.0,0.9091,0.0,0.0,0.0,11.0,2.4167,0.0,0.0
TgO_Leviticus,18,19,0.0,0.0,0.0,1.0,0.0,0.0,0.0,7.0,2.625,0.0,0.0
TgO_Leviticus,18,20,0.0,0.0,0.0,1.0,0.0,0.0,0.0,8.0,2.4444,0.0,0.0
TgO_Leviticus,18,21,0.0,0.0,0.0,0.8333,0.0,0.0,0.0,12.0,2.7692,0.0,0.0
TgO_Leviticus,18,22,0.0,0.0,0.0,1.0,0.0,0.0,0.0,8.0,3.0,0.0,0.0
TgO_Leviticus,18,23,0.0,0.0,0.0,0.75,0.0,0.0,0.0,16.0,2.6471,0.0,0.0
TgO_Leviticus,18,24,0.0,0.0,0.0,0.8182,0.0,0.0,0.0,11.0,2.8333,0.0,0.0
TgO_Leviticus,18,25,0.0,0.0,0.0,0.7778,0.0,0.0,0.0,9.0,2.4,0.0,0.0
TgO_Leviticus,18,26,0.0,0.0,0.0,0.8,0.0,0.0,0.0,15.0,2.8125,0.0,0.0
TgO_Leviticus,18,27,0.0,0.0,0.0,0.9091,0.0,0.0,0.0,11.0,2.75,0.0,0.0
TgO_Leviticus,18,28,0.0,0.0,0.0,0.7273,0.0,0.0,0.0,11.0,2.6667,0.0,0.0
TgO_Leviticus,18,29,0.0,0.0,0.0,0.9091,0.0,0.0,0.0,11.0,2.8333,0.0,0.0
TgO_Leviticus,18,30,0.0,0.0,0.0,0.8824,0.0,0.0,0.0,17.0,2.7778,0.0,0.0
TgO_Leviticus,19,01,0.0,0.0,0.0,0.8,0.0,0.0,0.0,5.0,2.1667,0.0,0.0
TgO_Leviticus,19,02,0.0,0.0,0.0,0.8,0.0,0.0,0.0,15.0,3.125,0.0,0.0
TgO_Leviticus,19,03,0.0,0.0,0.0,0.9333,0.0,0.0,0.0,15.0,2.5625,0.0,0.0
TgO_Leviticus,19,04,0.0,0.0,0.0,0.8333,0.0,0.0,0.0,12.0,2.8462,0.0,0.0
TgO_Leviticus,19,05,0.0,0.0,0.0,0.7778,0.0,0.0,0.0,9.0,3.2,0.0,0.0
TgO_Leviticus,19,06,0.0,0.0,0.0,0.7692,0.0,0.0,0.0,13.0,2.5,0.0,0.0
TgO_Leviticus,19,07,0.0,0.0,0.0,0.9,0.0,0.0,0.0,10.0,2.8182,0.0,0.0
TgO_Leviticus,19,08,0.0,0.0,0.0,1.0,0.0,0.0,0.0,12.0,2.6923,0.0,0.0
TgO_Leviticus,19,09,0.0,0.0,0.0,0.6923,0.0,0.0,0.0,13.0,2.5,0.0,0.0
TgO_Leviticus,19,10,0.0,0.0,0.0,0.7857,0.0,0.0,0.0,14.0,2.4,0.0,0.0
TgO_Leviticus,19,11,0.0,0.0,0.0,0.875,0.0,0.0,0.0,8.0,2.2222,0.0,0.0
TgO_Leviticus,19,12,0.0,0.0,0.0,0.9,0.0,0.0,0.0,10.0,2.2727,0.0,0.0
TgO_Leviticus,19,13,0.0,0.0,0.0,0.9231,0.0,0.0,0.0,13.0,2.5,0.0,0.0
TgO_Leviticus,19,14,0.0,0.0,0.0,0.7143,0.0,0.0,0.0,14.0,2.4,0.0,0.0
TgO_Leviticus,19,15,0.0,0.0,0.0,0.8667,0.0,0.0,0.0,15.0,2.8125,0.0,0.0
TgO_Leviticus,19,16,0.0,0.0,0.0,0.9091,0.0,0.0,0.0,11.0,2.5,0.0,0.0
TgO_Leviticus,19,17,0.0,0.0,0.0,0.8571,0.0,0.0,0.0,14.0,2.4667,0.0,0.0
TgO_Leviticus,19,18,0.0,0.0,0.0,0.9167,0.0,0.0,0.0,12.0,2.4615,0.0,0.0
TgO_Leviticus,19,19,0.0,0.0,0.0,0.7647,0.0,0.0,0.0,17.0,3.0,0.0,0.0
TgO_Leviticus,19,20,0.0,0.0,0.0,0.6897,0.0,0.0,0.0,29.0,2.7,0.0,0.0
TgO_Leviticus,19,21,0.0,0.0,0.0,0.9,0.0,0.0,0.0,10.0,2.7273,0.0,0.0
TgO_Leviticus,19,22,0.0,0.0,0.0,0.7143,0.0,0.0,0.0,14.0,2.5333,0.0,0.0
TgO_Leviticus,19,23,0.0,0.0,0.0,0.8421,0.0,0.0,0.0,19.0,2.8,0.0,0.0
TgO_Leviticus,19,24,0.0,0.0,0.0,1.0,0.0,0.0,0.0,9.0,3.0,0.0,0.0
TgO_Leviticus,19,25,0.0,0.0,0.0,0.9091,0.0,0.0,0.0,11.0,3.0,0.0,0.0
TgO_Leviticus,19,26,0.0,0.0,0.0,0.875,0.0,0.0,0.0,8.0,2.1111,0.0,0.0
TgO_Leviticus,19,27,0.0,0.0,0.0,0.7778,0.0,0.0,0.0,9.0,2.4,0.0,0.0
TgO_Leviticus,19,28,0.0,0.0,0.0,0.6923,0.0,0.0,0.0,13.0,2.2857,0.0,0.0
TgO_Leviticus,19,29,0.0,0.0,0.0,0.75,0.0,0.0,0.0,12.0,2.5385,0.0,0.0
TgO_Leviticus,19,30,0.0,0.0,0.0,1.0,0.0,0.0,0.0,10.0,2.6364,0.0,0.0
TgO_Leviticus,19,31,0.0,0.0,0.0,0.9167,0.0,0.0,0.0,12.0,2.6154,0.0,0.0
TgO_Leviticus,19,32,0.0,0.0,0.0,0.9091,0.0,0.0,0.0,11.0,2.75,0.0,0.0
TgO_Leviticus,19,33,0.0,0.0,0.0,1.0,0.0,0.0,0.0,8.0,2.2222,0.0,0.0
TgO_Leviticus,19,34,0.0,0.0,0.0,0.7778,0.0,0.0,0.0,18.0,3.3158,0.0,0.0
TgO_Leviticus,19,35,0.0,0.0,0.0,0.8571,0.0,0.0,0.0,7.0,2.125,0.0,0.0
TgO_Leviticus,19,36,0.0,0.0,0.0,0.7059,0.0,0.0,0.0,17.0,3.8333,0.0,0.0
TgO_Leviticus,19,37,0.0,0.0,0.0,0.6364,0.0,0.0,0.0,11.0,2.1667,0.0,0.0
TgO_Leviticus,20,01,0.0,0.0,0.0,0.8,0.0,0.0,0.0,5.0,2.1667,0.0,0.0
TgO_Leviticus,20,02,0.0,0.0,0.0,0.5909,0.0,0.0,0.0,22.0,3.0,0.0,0.0
TgO_Leviticus,20,03,0.0,0.0,0.0,0.7273,0.0,0.0,0.0,22.0,2.913,0.0,0.0
TgO_Leviticus,20,04,0.0,0.0,0.0,0.7222,0.0,0.0,0.0,18.0,2.8947,0.0,0.0
TgO_Leviticus,20,05,0.0,0.0,0.0,0.6111,0.0,0.0,0.0,18.0,2.7368,0.0,0.0
TgO_Leviticus,20,06,0.0,0.0,0.0,0.6875,0.0,0.0,0.0,16.0,2.7059,0.0,0.0
TgO_Leviticus,20,07,0.0,0.0,0.0,0.8571,0.0,0.0,0.0,7.0,2.5,0.0,0.0
TgO_Leviticus,20,08,0.0,0.0,0.0,0.75,0.0,0.0,0.0,8.0,2.2222,0.0,0.0
TgO_Leviticus,20,09,0.0,0.0,0.0,0.6,0.0,0.0,0.0,15.0,2.4375,0.0,0.0
TgO_Leviticus,20,10,0.0,0.0,0.0,0.6923,0.0,0.0,0.0,13.0,2.7857,0.0,0.0
TgO_Leviticus,20,11,0.0,0.0,0.0,0.7692,0.0,0.0,0.0,13.0,2.7143,0.0,0.0
TgO_Leviticus,20,12,0.0,0.0,0.0,0.8182,0.0,0.0,0.0,11.0,2.6667,0.0,0.0
TgO_Leviticus,20,13,0.0,0.0,0.0,0.8462,0.0,0.0,0.0,13.0,3.0714,0.0,0.0
TgO_Leviticus,20,14,0.0,0.0,0.0,0.6667,0.0,0.0,0.0,18.0,2.5789,0.0,0.0
TgO_Leviticus,20,15,0.0,0.0,0.0,0.6667,0.0,0.0,0.0,9.0,2.6,0.0,0.0
TgO_Leviticus,20,16,0.0,0.0,0.0,0.6875,0.0,0.0,0.0,16.0,2.6471,0.0,0.0
TgO_Leviticus,20,17,0.0,0.0,0.0,0.6296,0.0,0.0,0.0,27.0,3.1786,0.0,0.0
TgO_Leviticus,20,18,0.0,0.0,0.0,0.65,0.0,0.0,0.0,20.0,2.7619,0.0,0.0
TgO_Leviticus,20,19,0.0,0.0,0.0,0.8462,0.0,0.0,0.0,13.0,2.4286,0.0,0.0
TgO_Leviticus,20,20,0.0,0.0,0.0,0.9231,0.0,0.0,0.0,13.0,2.7857,0.0,0.0
TgO_Leviticus,20,21,0.0,0.0,0.0,0.9231,0.0,0.0,0.0,13.0,2.6429,0.0,0.0
TgO_Leviticus,20,22,0.0,0.0,0.0,0.6316,0.0,0.0,0.0,19.0,2.35,0.0,0.0
TgO_Leviticus,20,23,0.0,0.0,0.0,0.8667,0.0,0.0,0.0,15.0,2.75,0.0,0.0
TgO_Leviticus,20,24,0.0,0.0,0.0,0.6364,0.0,0.0,0.0,22.0,2.8696,0.0,0.0
TgO_Leviticus,20,25,0.0,0.0,0.0,0.619,0.0,0.0,0.0,21.0,2.9091,0.0,0.0
TgO_Leviticus,20,26,0.0,0.0,0.0,0.7857,0.0,0.0,0.0,14.0,2.6,0.0,0.0
TgO_Leviticus,20,27,0.0,0.0,0.0,0.75,0.0,0.0,0.0,16.0,2.7647,0.0,0.0
TgO_Leviticus,21,01,0.0,0.0,0.0,0.7143,0.0,0.0,0.0,14.0,3.1333,0.0,0.0
TgO_Leviticus,21,02,0.0,0.0,0.0,0.4444,0.0,0.0,0.0,9.0,2.6,0.0,0.0
TgO_Leviticus,21,03,0.0,0.0,0.0,0.7778,0.0,0.0,0.0,9.0,2.9,0.0,0.0
TgO_Leviticus,21,04,0.0,0.0,0.0,0.8,0.0,0.0,0.0,5.0,2.0,0.0,0.0
TgO_Leviticus,21,05,0.0,0.0,0.0,0.6667,0.0,0.0,0.0,12.0,2.3846,0.0,0.0
TgO_Leviticus,21,06,0.0,0.0,0.0,0.7222,0.0,0.0,0.0,18.0,3.0,0.0,0.0
TgO_Leviticus,21,07,0.0,0.0,0.0,0.8667,0.0,0.0,0.0,15.0,2.6875,0.0,0.0
TgO_Leviticus,21,08,0.0,0.0,0.0,0.7333,0.0,0.0,0.0,15.0,3.0,0.0,0.0
TgO_Leviticus,21,09,0.0,0.0,0.0,1.0,0.0,0.0,0.0,12.0,2.4615,0.0,0.0
TgO_Leviticus,21,10,0.0,0.0,0.0,0.6818,0.0,0.0,0.0,22.0,2.6522,0.0,0.0
TgO_Leviticus,21,11,0.0,0.0,0.0,0.8,0.0,0.0,0.0,10.0,2.1818,0.0,0.0
TgO_Leviticus,21,12,0.0,0.0,0.0,0.8235,0.0,0.0,0.0,17.0,2.7222,0.0,0.0
TgO_Leviticus,21,13,0.0,0.0,0.0,1.0,0.0,0.0,0.0,4.0,2.2,0.0,0.0
TgO_Leviticus,21,14,0.0,0.0,0.0,0.8462,0.0,0.0,0.0,13.0,2.9286,0.0,0.0
TgO_Leviticus,21,15,0.0,0.0,0.0,1.0,0.0,0.0,0.0,8.0,2.4444,0.0,0.0
TgO_Leviticus,21,16,0.0,0.0,0.0,0.8,0.0,0.0,0.0,5.0,2.1667,0.0,0.0
TgO_Leviticus,21,17,0.0,0.0,0.0,0.875,0.0,0.0,0.0,16.0,2.8824,0.0,0.0
TgO_Leviticus,21,18,0.0,0.0,0.0,0.8,0.0,0.0,0.0,15.0,2.8125,0.0,0.0
TgO_Leviticus,21,19,0.0,0.0,0.0,0.7778,0.0,0.0,0.0,9.0,2.3,0.0,0.0
TgO_Leviticus,21,20,0.0,0.0,0.0,0.6429,0.0,0.0,0.0,14.0,2.7333,0.0,0.0
TgO_Leviticus,21,21,0.0,0.0,0.0,0.5714,0.0,0.0,0.0,21.0,2.7727,0.0,0.0
TgO_Leviticus,21,22,0.0,0.0,0.0,0.8571,0.0,0.0,0.0,7.0,2.875,0.0,0.0
TgO_Leviticus,21,23,0.0,0.0,0.0,0.8333,0.0,0.0,0.0,18.0,2.6842,0.0,0.0
TgO_Leviticus,21,24,0.0,0.0,0.0,0.4,0.0,0.0,0.0,10.0,2.9091,0.0,0.0
TgO_Leviticus,22,01,0.0,0.0,0.0,0.8,0.0,0.0,0.0,5.0,2.1667,0.0,0.0
TgO_Leviticus,22,02,0.0,0.0,0.0,0.7368,0.0,0.0,0.0,19.0,2.8,0.0,0.0
TgO_Leviticus,22,03,0.0,0.0,0.0,0.8182,0.0,0.0,0.0,22.0,3.0435,0.0,0.0
TgO_Leviticus,22,04,0.0,0.0,0.0,0.6957,0.0,0.0,0.0,23.0,2.7917,0.0,0.0
TgO_Leviticus,22,05,0.0,0.0,0.0,0.6154,0.0,0.0,0.0,13.0,2.7143,0.0,0.0
TgO_Leviticus,22,06,0.0,0.0,0.0,0.8667,0.0,0.0,0.0,15.0,2.625,0.0,0.0
TgO_Leviticus,22,07,0.0,0.0,0.0,0.8182,0.0,0.0,0.0,11.0,2.4167,0.0,0.0
TgO_Leviticus,22,08,0.0,0.0,0.0,1.0,0.0,0.0,0.0,8.0,2.5556,0.0,0.0
TgO_Leviticus,22,09,0.0,0.0,0.0,0.8667,0.0,0.0,0.0,15.0,2.625,0.0,0.0
TgO_Leviticus,22,10,0.0,0.0,0.0,0.6364,0.0,0.0,0.0,11.0,2.9167,0.0,0.0
TgO_Leviticus,22,11,0.0,0.0,0.0,0.8571,0.0,0.0,0.0,14.0,2.6667,0.0,0.0
TgO_Leviticus,22,12,0.0,0.0,0.0,1.0,0.0,0.0,0.0,11.0,2.8333,0.0,0.0
TgO_Leviticus,22,13,0.0,0.0,0.0,0.6667,0.0,0.0,0.0,21.0,2.5455,0.0,0.0
TgO_Leviticus,22,14,0.0,0.0,0.0,0.75,0.0,0.0,0.0,12.0,2.5385,0.0,0.0
TgO_Leviticus,22,15,0.0,0.0,0.0,0.8,0.0,0.0,0.0,10.0,2.6364,0.0,0.0
TgO_Leviticus,22,16,0.0,0.0,0.0,0.8333,0.0,0.0,0.0,12.0,2.4615,0.0,0.0
TgO_Leviticus,22,17,0.0,0.0,0.0,0.8,0.0,0.0,0.0,5.0,2.1667,0.0,0.0
TgO_Leviticus,22,18,0.0,0.0,0.0,0.5714,0.0,0.0,0.0,28.0,2.8966,0.0,0.0
TgO_Leviticus,22,19,0.0,0.0,0.0,0.7143,0.0,0.0,0.0,7.0,2.75,0.0,0.0
TgO_Leviticus,22,20,0.0,0.0,0.0,0.8,0.0,0.0,0.0,10.0,2.8182,0.0,0.0
TgO_Leviticus,22,21,0.0,0.0,0.0,0.8182,0.0,0.0,0.0,22.0,2.6957,0.0,0.0
TgO_Leviticus,22,22,0.0,0.0,0.0,0.7083,0.0,0.0,0.0,24.0,2.84,0.0,0.0
TgO_Leviticus,22,23,0.0,0.0,0.0,0.7273,0.0,0.0,0.0,11.0,2.5,0.0,0.0
TgO_Leviticus,22,24,0.0,0.0,0.0,0.6364,0.0,0.0,0.0,11.0,2.25,0.0,0.0
TgO_Leviticus,22,25,0.0,0.0,0.0,0.7895,0.0,0.0,0.0,19.0,3.45,0.0,0.0
TgO_Leviticus,22,26,0.0,0.0,0.0,0.8,0.0,0.0,0.0,5.0,2.1667,0.0,0.0
TgO_Leviticus,22,27,0.0,0.0,0.0,0.85,0.0,0.0,0.0,20.0,2.7143,0.0,0.0
TgO_Leviticus,22,28,0.0,0.0,0.0,0.7778,0.0,0.0,0.0,9.0,2.2,0.0,0.0
TgO_Leviticus,22,29,0.0,0.0,0.0,0.7778,0.0,0.0,0.0,9.0,3.2,0.0,0.0
TgO_Leviticus,22,30,0.0,0.0,0.0,1.0,0.0,0.0,0.0,10.0,2.4545,0.0,0.0
TgO_Leviticus,22,31,0.0,0.0,0.0,0.8333,0.0,0.0,0.0,6.0,2.2857,0.0,0.0
TgO_Leviticus,22,32,0.0,0.0,0.0,0.8333,0.0,0.0,0.0,12.0,2.8462,0.0,0.0
TgO_Leviticus,22,33,0.0,0.0,0.0,0.7778,0.0,0.0,0.0,9.0,3.2,0.0,0.0
TgO_Leviticus,23,01,0.0,0.0,0.0,0.8,0.0,0.0,0.0,5.0,2.1667,0.0,0.0
TgO_Leviticus,23,02,0.0,0.0,0.0,0.8,0.0,0.0,0.0,15.0,3.25,0.0,0.0
TgO_Leviticus,23,03,0.0,0.0,0.0,0.8,0.0,0.0,0.0,20.0,3.0476,0.0,0.0
TgO_Leviticus,23,04,0.0,0.0,0.0,1.0,0.0,0.0,0.0,8.0,2.8889,0.0,0.0
TgO_Leviticus,23,05,0.0,0.0,0.0,0.8889,0.0,0.0,0.0,9.0,2.6,0.0,0.0
TgO_Leviticus,23,06,0.0,0.0,0.0,0.8333,0.0,0.0,0.0,12.0,2.7692,0.0,0.0
TgO_Leviticus,23,07,0.0,0.0,0.0,0.9091,0.0,0.0,0.0,11.0,3.3333,0.0,0.0
TgO_Leviticus,23,08,0.0,0.0,0.0,1.0,0.0,0.0,0.0,15.0,3.1875,0.0,0.0
TgO_Leviticus,23,09,0.0,0.0,0.0,0.8,0.0,0.0,0.0,5.0,2.1667,0.0,0.0
TgO_Leviticus,23,10,0.0,0.0,0.0,0.6818,0.0,0.0,0.0,22.0,2.913,0.0,0.0
TgO_Leviticus,23,11,0.0,0.0,0.0,0.8333,0.0,0.0,0.0,12.0,3.5385,0.0,0.0
TgO_Leviticus,23,12,0.0,0.0,0.0,0.9167,0.0,0.0,0.0,12.0,3.0769,0.0,0.0
TgO_Leviticus,23,13,0.0,0.0,0.0,0.8667,0.0,0.0,0.0,15.0,3.0,0.0,0.0
TgO_Leviticus,23,14,0.0,0.0,0.0,0.8421,0.0,0.0,0.0,19.0,2.55,0.0,0.0
TgO_Leviticus,23,15,0.0,0.0,0.0,0.8571,0.0,0.0,0.0,14.0,3.5333,0.0,0.0
TgO_Leviticus,23,16,0.0,0.0,0.0,1.0,0.0,0.0,0.0,12.0,3.3846,0.0,0.0
TgO_Leviticus,23,17,0.0,0.0,0.0,0.9333,0.0,0.0,0.0,15.0,3.5625,0.0,0.0
TgO_Leviticus,23,18,0.0,0.0,0.0,0.72,0.0,0.0,0.0,25.0,2.6154,0.0,0.0
TgO_Leviticus,23,19,0.0,0.0,0.0,0.8333,0.0,0.0,0.0,12.0,2.6154,0.0,0.0
TgO_Leviticus,23,20,0.0,0.0,0.0,0.7647,0.0,0.0,0.0,17.0,2.9444,0.0,0.0
TgO_Leviticus,23,21,0.0,0.0,0.0,0.9444,0.0,0.0,0.0,18.0,3.1579,0.0,0.0
TgO_Leviticus,23,22,0.0,0.0,0.0,0.75,0.0,0.0,0.0,20.0,2.5238,0.0,0.0
TgO_Leviticus,23,23,0.0,0.0,0.0,0.8,0.0,0.0,0.0,5.0,2.1667,0.0,0.0
TgO_Leviticus,23,24,0.0,0.0,0.0,0.8125,0.0,0.0,0.0,16.0,3.2941,0.0,0.0
TgO_Leviticus,23,25,0.0,0.0,0.0,1.0,0.0,0.0,0.0,9.0,3.0,0.0,0.0
TgO_Leviticus,23,26,0.0,0.0,0.0,0.8,0.0,0.0,0.0,5.0,2.1667,0.0,0.0
TgO_Leviticus,23,27,0.0,0.0,0.0,0.9474,0.0,0.0,0.0,19.0,3.25,0.0,0.0
TgO_Leviticus,23,28,0.0,0.0,0.0,0.9375,0.0,0.0,0.0,16.0,2.9412,0.0,0.0
TgO_Leviticus,23,29,0.0,0.0,0.0,1.0,0.0,0.0,0.0,10.0,2.4545,0.0,0.0
TgO_Leviticus,23,30,0.0,0.0,0.0,0.8571,0.0,0.0,0.0,14.0,2.8667,0.0,0.0
TgO_Leviticus,23,31,0.0,0.0,0.0,1.0,0.0,0.0,0.0,9.0,2.6,0.0,0.0
TgO_Leviticus,23,32,0.0,0.0,0.0,0.8,0.0,0.0,0.0,15.0,2.6875,0.0,0.0
TgO_Leviticus,23,33,0.0,0.0,0.0,0.8,0.0,0.0,0.0,5.0,2.1667,0.0,0.0
TgO_Leviticus,23,34,0.0,0.0,0.0,0.875,0.0,0.0,0.0,16.0,2.8824,0.0,0.0
TgO_Leviticus,23,35,0.0,0.0,0.0,1.0,0.0,0.0,0.0,9.0,3.1,0.0,0.0
TgO_Leviticus,23,36,0.0,0.0,0.0,0.7826,0.0,0.0,0.0,23.0,3.3333,0.0,0.0
TgO_Leviticus,23,37,0.0,0.0,0.0,0.8947,0.0,0.0,0.0,19.0,3.1,0.0,0.0
TgO_Leviticus,23,38,0.0,0.0,0.0,0.7143,0.0,0.0,0.0,14.0,2.7333,0.0,0.0
TgO_Leviticus,23,39,0.0,0.0,0.0,0.7727,0.0,0.0,0.0,22.0,2.8261,0.0,0.0
TgO_Leviticus,23,40,0.0,0.0,0.0,0.7647,0.0,0.0,0.0,17.0,2.9444,0.0,0.0
TgO_Leviticus,23,41,0.0,0.0,0.0,0.8667,0.0,0.0,0.0,15.0,2.5,0.0,0.0
TgO_Leviticus,23,42,0.0,0.0,0.0,0.6667,0.0,0.0,0.0,9.0,2.4,0.0,0.0
TgO_Leviticus,23,43,0.0,0.0,0.0,0.7647,0.0,0.0,0.0,17.0,2.8333,0.0,0.0
TgO_Leviticus,23,44,0.0,0.0,0.0,0.6667,0.0,0.0,0.0,9.0,2.7,0.0,0.0
TgO_Leviticus,24,01,0.0,0.0,0.0,0.8,0.0,0.0,0.0,5.0,2.1667,0.0,0.0
TgO_Leviticus,24,02,0.0,0.0,0.0,0.8571,0.0,0.0,0.0,14.0,3.0,0.0,0.0
TgO_Leviticus,24,03,0.0,0.0,0.0,0.9412,0.0,0.0,0.0,17.0,3.3333,0.0,0.0
TgO_Leviticus,24,04,0.0,0.0,0.0,1.0,0.0,0.0,0.0,9.0,2.9,0.0,0.0
TgO_Leviticus,24,05,0.0,0.0,0.0,0.8333,0.0,0.0,0.0,12.0,3.4615,0.0,0.0
TgO_Leviticus,24,06,0.0,0.0,0.0,0.9091,0.0,0.0,0.0,11.0,2.5833,0.0,0.0
TgO_Leviticus,24,07,0.0,0.0,0.0,0.9091,0.0,0.0,0.0,11.0,3.0,0.0,0.0
TgO_Leviticus,24,08,0.0,0.0,0.0,0.7692,0.0,0.0,0.0,13.0,2.7143,0.0,0.0
TgO_Leviticus,24,09,0.0,0.0,0.0,0.6667,0.0,0.0,0.0,15.0,2.875,0.0,0.0
TgO_Leviticus,24,10,0.0,0.0,0.0,0.381,0.0,0.0,0.0,21.0,2.9545,0.0,0.0
TgO_Leviticus,24,11,0.0,0.0,0.0,0.4737,0.0,0.0,0.0,19.0,3.2,0.0,0.0
TgO_Leviticus,24,12,0.0,0.0,0.0,0.9,0.0,0.0,0.0,10.0,3.0,0.0,0.0
TgO_Leviticus,24,13,0.0,0.0,0.0,0.8,0.0,0.0,0.0,5.0,2.1667,0.0,0.0
TgO_Leviticus,24,14,0.0,0.0,0.0,0.75,0.0,0.0,0.0,16.0,2.7647,0.0,0.0
TgO_Leviticus,24,15,0.0,0.0,0.0,0.7692,0.0,0.0,0.0,13.0,2.7143,0.0,0.0
TgO_Leviticus,24,16,0.0,0.0,0.0,0.6667,0.0,0.0,0.0,15.0,2.6875,0.0,0.0
TgO_Leviticus,24,17,0.0,0.0,0.0,0.75,0.0,0.0,0.0,8.0,2.4444,0.0,0.0
TgO_Leviticus,24,18,0.0,0.0,0.0,0.7143,0.0,0.0,0.0,7.0,2.75,0.0,0.0
TgO_Leviticus,24,19,0.0,0.0,0.0,0.8,0.0,0.0,0.0,10.0,2.9091,0.0,0.0
TgO_Leviticus,24,20,0.0,0.0,0.0,0.5625,0.0,0.0,0.0,16.0,2.8824,0.0,0.0
TgO_Leviticus,24,21,0.0,0.0,0.0,0.8571,0.0,0.0,0.0,7.0,2.5,0.0,0.0
TgO_Leviticus,24,22,0.0,0.0,0.0,0.7273,0.0,0.0,0.0,11.0,2.75,0.0,0.0
TgO_Leviticus,24,23,0.0,0.0,0.0,0.5714,0.0,0.0,0.0,21.0,3.2273,0.0,0.0
TgO_Leviticus,25,01,0.0,0.0,0.0,0.7143,0.0,0.0,0.0,7.0,2.875,0.0,0.0
TgO_Leviticus,25,02,0.0,0.0,0.0,0.7059,0.0,0.0,0.0,17.0,3.1667,0.0,0.0
TgO_Leviticus,25,03,0.0,0.0,0.0,0.8182,0.0,0.0,0.0,11.0,2.5,0.0,0.0
TgO_Leviticus,25,04,0.0,0.0,0.0,0.8667,0.0,0.0,0.0,15.0,2.8125,0.0,0.0
TgO_Leviticus,25,05,0.0,0.0,0.0,0.75,0.0,0.0,0.0,16.0,2.6471,0.0,0.0
TgO_Leviticus,25,06,0.0,0.0,0.0,0.5,0.0,0.0,0.0,12.0,2.7692,0.0,0.0
TgO_Leviticus,25,07,0.0,0.0,0.0,0.8571,0.0,0.0,0.0,7.0,2.25,0.0,0.0
TgO_Leviticus,25,08,0.0,0.0,0.0,0.3889,0.0,0.0,0.0,18.0,3.0526,0.0,0.0
TgO_Leviticus,25,09,0.0,0.0,0.0,0.6923,0.0,0.0,0.0,13.0,2.9286,0.0,0.0
TgO_Leviticus,25,10,0.0,0.0,0.0,0.75,0.0,0.0,0.0,20.0,3.0,0.0,0.0
TgO_Leviticus,25,11,0.0,0.0,0.0,0.7647,0.0,0.0,0.0,17.0,2.8333,0.0,0.0
TgO_Leviticus,25,12,0.0,0.0,0.0,0.9091,0.0,0.0,0.0,11.0,3.0833,0.0,0.0
TgO_Leviticus,25,13,0.0,0.0,0.0,1.0,0.0,0.0,0.0,6.0,2.8571,0.0,0.0
TgO_Leviticus,25,14,0.0,0.0,0.0,0.8462,0.0,0.0,0.0,13.0,2.4286,0.0,0.0
TgO_Leviticus,25,15,0.0,0.0,0.0,0.6667,0.0,0.0,0.0,12.0,2.7692,0.0,0.0
TgO_Leviticus,25,16,0.0,0.0,0.0,0.8125,0.0,0.0,0.0,16.0,3.3529,0.0,0.0
TgO_Leviticus,25,17,0.0,0.0,0.0,0.9091,0.0,0.0,0.0,11.0,2.4167,0.0,0.0
TgO_Leviticus,25,18,0.0,0.0,0.0,0.6667,0.0,0.0,0.0,12.0,2.4615,0.0,0.0
TgO_Leviticus,25,19,0.0,0.0,0.0,0.75,0.0,0.0,0.0,8.0,2.4444,0.0,0.0
TgO_Leviticus,25,20,0.0,0.0,0.0,0.9231,0.0,0.0,0.0,13.0,2.5,0.0,0.0
TgO_Leviticus,25,21,0.0,0.0,0.0,0.7273,0.0,0.0,0.0,11.0,2.9167,0.0,0.0
TgO_Leviticus,25,22,0.0,0.0,0.0,0.6875,0.0,0.0,0.0,16.0,2.9412,0.0,0.0
TgO_Leviticus,25,23,0.0,0.0,0.0,0.8333,0.0,0.0,0.0,12.0,3.0769,0.0,0.0
TgO_Leviticus,25,24,0.0,0.0,0.0,0.8333,0.0,0.0,0.0,6.0,3.0,0.0,0.0
TgO_Leviticus,25,25,0.0,0.0,0.0,0.6923,0.0,0.0,0.0,13.0,2.6429,0.0,0.0
TgO_Leviticus,25,26,0.0,0.0,0.0,0.7273,0.0,0.0,0.0,11.0,2.6667,0.0,0.0
TgO_Leviticus,25,27,0.0,0.0,0.0,0.6667,0.0,0.0,0.0,12.0,2.7692,0.0,0.0
TgO_Leviticus,25,28,0.0,0.0,0.0,0.7368,0.0,0.0,0.0,19.0,2.65,0.0,0.0
TgO_Leviticus,25,29,0.0,0.0,0.0,0.8889,0.0,0.0,0.0,18.0,3.0526,0.0,0.0
TgO_Leviticus,25,30,0.0,0.0,0.0,0.75,0.0,0.0,0.0,20.0,2.8571,0.0,0.0
TgO_Leviticus,25,31,0.0,0.0,0.0,0.875,0.0,0.0,0.0,16.0,3.5882,0.0,0.0
TgO_Leviticus,25,32,0.0,0.0,0.0,0.8889,0.0,0.0,0.0,9.0,3.2,0.0,0.0
TgO_Leviticus,25,33,0.0,0.0,0.0,0.6667,0.0,0.0,0.0,18.0,3.1579,0.0,0.0
TgO_Leviticus,25,34,0.0,0.0,0.0,0.9,0.0,0.0,0.0,10.0,3.1818,0.0,0.0
TgO_Leviticus,25,35,0.0,0.0,0.0,0.5833,0.0,0.0,0.0,12.0,2.0769,0.0,0.0
TgO_Leviticus,25,36,0.0,0.0,0.0,0.7,0.0,0.0,0.0,10.0,2.2727,0.0,0.0
TgO_Leviticus,25,37,0.0,0.0,0.0,0.7,0.0,0.0,0.0,10.0,2.4545,0.0,0.0
TgO_Leviticus,25,38,0.0,0.0,0.0,0.5333,0.0,0.0,0.0,15.0,3.75,0.0,0.0
TgO_Leviticus,25,39,0.0,0.0,0.0,0.8182,0.0,0.0,0.0,11.0,2.5,0.0,0.0
TgO_Leviticus,25,40,0.0,0.0,0.0,0.7778,0.0,0.0,0.0,9.0,2.3,0.0,0.0
TgO_Leviticus,25,41,0.0,0.0,0.0,0.7,0.0,0.0,0.0,10.0,2.2727,0.0,0.0
TgO_Leviticus,25,42,0.0,0.0,0.0,0.8182,0.0,0.0,0.0,11.0,3.25,0.0,0.0
TgO_Leviticus,25,43,0.0,0.0,0.0,1.0,0.0,0.0,0.0,6.0,2.2857,0.0,0.0
TgO_Leviticus,25,44,0.0,0.0,0.0,0.5833,0.0,0.0,0.0,12.0,2.1538,0.0,0.0
TgO_Leviticus,25,45,0.0,0.0,0.0,0.6667,0.0,0.0,0.0,15.0,2.6875,0.0,0.0
TgO_Leviticus,25,46,0.0,0.0,0.0,0.6667,0.0,0.0,0.0,18.0,2.8421,0.0,0.0
TgO_Leviticus,25,47,0.0,0.0,0.0,0.6471,0.0,0.0,0.0,17.0,2.3889,0.0,0.0
TgO_Leviticus,25,48,0.0,0.0,0.0,0.875,0.0,0.0,0.0,8.0,2.7778,0.0,0.0
TgO_Leviticus,25,49,0.0,0.0,0.0,0.6,0.0,0.0,0.0,15.0,2.25,0.0,0.0
TgO_Leviticus,25,50,0.0,0.0,0.0,0.7222,0.0,0.0,0.0,18.0,2.6316,0.0,0.0
TgO_Leviticus,25,51,0.0,0.0,0.0,1.0,0.0,0.0,0.0,9.0,2.9,0.0,0.0
TgO_Leviticus,25,52,0.0,0.0,0.0,0.7857,0.0,0.0,0.0,14.0,2.7333,0.0,0.0
TgO_Leviticus,25,53,0.0,0.0,0.0,0.9,0.0,0.0,0.0,10.0,2.5455,0.0,0.0
TgO_Leviticus,25,54,0.0,0.0,0.0,0.7,0.0,0.0,0.0,10.0,2.1818,0.0,0.0
TgO_Leviticus,25,55,0.0,0.0,0.0,0.7857,0.0,0.0,0.0,14.0,3.3333,0.0,0.0
TgO_Leviticus,26,01,0.0,0.0,0.0,0.65,0.0,0.0,0.0,20.0,2.7619,0.0,0.0
TgO_Leviticus,26,02,0.0,0.0,0.0,1.0,0.0,0.0,0.0,10.0,2.6364,0.0,0.0
TgO_Leviticus,26,03,0.0,0.0,0.0,0.875,0.0,0.0,0.0,8.0,2.2222,0.0,0.0
TgO_Leviticus,26,04,0.0,0.0,0.0,0.8,0.0,0.0,0.0,10.0,2.3636,0.0,0.0
TgO_Leviticus,26,05,0.0,0.0,0.0,0.7143,0.0,0.0,0.0,14.0,3.0667,0.0,0.0
TgO_Leviticus,26,06,0.0,0.0,0.0,0.625,0.0,0.0,0.0,16.0,2.2353,0.0,0.0
TgO_Leviticus,26,07,0.0,0.0,0.0,0.8333,0.0,0.0,0.0,6.0,2.5714,0.0,0.0
TgO_Leviticus,26,08,0.0,0.0,0.0,0.75,0.0,0.0,0.0,12.0,2.6154,0.0,0.0
TgO_Leviticus,26,09,0.0,0.0,0.0,0.5,0.0,0.0,0.0,12.0,2.3077,0.0,0.0
TgO_Leviticus,26,10,0.0,0.0,0.0,0.7143,0.0,0.0,0.0,7.0,3.125,0.0,0.0
TgO_Leviticus,26,11,0.0,0.0,0.0,0.8571,0.0,0.0,0.0,7.0,2.5,0.0,0.0
TgO_Leviticus,26,12,0.0,0.0,0.0,0.7,0.0,0.0,0.0,10.0,2.8182,0.0,0.0
TgO_Leviticus,26,13,0.0,0.0,0.0,0.7059,0.0,0.0,0.0,17.0,2.9444,0.0,0.0
TgO_Leviticus,26,14,0.0,0.0,0.0,0.9,0.0,0.0,0.0,10.0,2.5455,0.0,0.0
TgO_Leviticus,26,15,0.0,0.0,0.0,0.8235,0.0,0.0,0.0,17.0,2.5,0.0,0.0
TgO_Leviticus,26,16,0.0,0.0,0.0,0.7368,0.0,0.0,0.0,19.0,2.9,0.0,0.0
TgO_Leviticus,26,17,0.0,0.0,0.0,0.6154,0.0,0.0,0.0,13.0,2.5,0.0,0.0
TgO_Leviticus,26,18,0.0,0.0,0.0,0.9167,0.0,0.0,0.0,12.0,2.4615,0.0,0.0
TgO_Leviticus,26,19,0.0,0.0,0.0,0.7222,0.0,0.0,0.0,18.0,2.7368,0.0,0.0
TgO_Leviticus,26,20,0.0,0.0,0.0,0.6923,0.0,0.0,0.0,13.0,2.6429,0.0,0.0
TgO_Leviticus,26,21,0.0,0.0,0.0,0.8571,0.0,0.0,0.0,14.0,2.6667,0.0,0.0
TgO_Leviticus,26,22,0.0,0.0,0.0,0.5,0.0,0.0,0.0,14.0,2.2,0.0,0.0
TgO_Leviticus,26,23,0.0,0.0,0.0,0.875,0.0,0.0,0.0,8.0,2.5556,0.0,0.0
TgO_Leviticus,26,24,0.0,0.0,0.0,0.75,0.0,0.0,0.0,12.0,2.3846,0.0,0.0
TgO_Leviticus,26,25,0.0,0.0,0.0,0.7,0.0,0.0,0.0,20.0,2.9524,0.0,0.0
TgO_Leviticus,26,26,0.0,0.0,0.0,0.6875,0.0,0.0,0.0,16.0,2.7059,0.0,0.0
TgO_Leviticus,26,27,0.0,0.0,0.0,0.875,0.0,0.0,0.0,8.0,2.5556,0.0,0.0
TgO_Leviticus,26,28,0.0,0.0,0.0,0.9091,0.0,0.0,0.0,11.0,2.25,0.0,0.0
TgO_Leviticus,26,29,0.0,0.0,0.0,0.8333,0.0,0.0,0.0,6.0,2.1429,0.0,0.0
TgO_Leviticus,26,30,0.0,0.0,0.0,0.6,0.0,0.0,0.0,15.0,2.5,0.0,0.0
TgO_Leviticus,26,31,0.0,0.0,0.0,0.75,0.0,0.0,0.0,12.0,2.9231,0.0,0.0
TgO_Leviticus,26,32,0.0,0.0,0.0,0.8889,0.0,0.0,0.0,9.0,2.5,0.0,0.0
TgO_Leviticus,26,33,0.0,0.0,0.0,0.7857,0.0,0.0,0.0,14.0,2.5333,0.0,0.0
TgO_Leviticus,26,34,0.0,0.0,0.0,0.6471,0.0,0.0,0.0,17.0,3.2778,0.0,0.0
TgO_Leviticus,26,35,0.0,0.0,0.0,0.8333,0.0,0.0,0.0,12.0,2.8462,0.0,0.0
TgO_Leviticus,26,36,0.0,0.0,0.0,0.619,0.0,0.0,0.0,21.0,2.5455,0.0,0.0
TgO_Leviticus,26,37,0.0,0.0,0.0,0.7333,0.0,0.0,0.0,15.0,3.25,0.0,0.0
TgO_Leviticus,26,38,0.0,0.0,0.0,0.8571,0.0,0.0,0.0,7.0,2.5,0.0,0.0
TgO_Leviticus,26,39,0.0,0.0,0.0,0.5385,0.0,0.0,0.0,13.0,2.2143,0.0,0.0
TgO_Leviticus,26,40,0.0,0.0,0.0,0.6923,0.0,0.0,0.0,13.0,2.5,0.0,0.0
TgO_Leviticus,26,41,0.0,0.0,0.0,0.8889,0.0,0.0,0.0,18.0,2.6842,0.0,0.0
TgO_Leviticus,26,42,0.0,0.0,0.0,0.3,0.0,0.0,0.0,20.0,2.9524,0.0,0.0
TgO_Leviticus,26,43,0.0,0.0,0.0,0.7826,0.0,0.0,0.0,23.0,2.6667,0.0,0.0
TgO_Leviticus,26,44,0.0,0.0,0.0,0.36,0.0,0.0,0.0,50.0,3.037,0.0,0.0
TgO_Leviticus,26,45,0.0,0.0,0.0,0.8,0.0,0.0,0.0,15.0,3.3125,0.0,0.0
TgO_Leviticus,26,46,0.0,0.0,0.0,0.6,0.0,0.0,0.0,15.0,3.3125,0.0,0.0
TgO_Leviticus,27,01,0.0,0.0,0.0,0.8,0.0,0.0,0.0,5.0,2.5,0.0,0.0
TgO_Leviticus,27,02,0.0,0.0,0.0,0.8571,0.0,0.0,0.0,14.0,2.8667,0.0,0.0
TgO_Leviticus,27,03,0.0,0.0,0.0,0.7647,0.0,0.0,0.0,17.0,3.0556,0.0,0.0
TgO_Leviticus,27,04,0.0,0.0,0.0,0.8571,0.0,0.0,0.0,7.0,3.0,0.0,0.0
TgO_Leviticus,27,05,0.0,0.0,0.0,0.625,0.0,0.0,0.0,16.0,2.8235,0.0,0.0
TgO_Leviticus,27,06,0.0,0.0,0.0,0.6111,0.0,0.0,0.0,18.0,2.7368,0.0,0.0
TgO_Leviticus,27,07,0.0,0.0,0.0,0.7143,0.0,0.0,0.0,14.0,2.9333,0.0,0.0
TgO_Leviticus,27,08,0.0,0.0,0.0,0.8235,0.0,0.0,0.0,17.0,2.8333,0.0,0.0
TgO_Leviticus,27,09,0.0,0.0,0.0,0.7857,0.0,0.0,0.0,14.0,2.8,0.0,0.0
TgO_Leviticus,27,10,0.0,0.0,0.0,0.65,0.0,0.0,0.0,20.0,2.4286,0.0,0.0
TgO_Leviticus,27,11,0.0,0.0,0.0,0.8,0.0,0.0,0.0,15.0,2.75,0.0,0.0
TgO_Leviticus,27,12,0.0,0.0,0.0,0.8182,0.0,0.0,0.0,11.0,2.25,0.0,0.0
TgO_Leviticus,27,13,0.0,0.0,0.0,0.7143,0.0,0.0,0.0,7.0,2.625,0.0,0.0
TgO_Leviticus,27,14,0.0,0.0,0.0,0.8,0.0,0.0,0.0,20.0,2.7143,0.0,0.0
TgO_Leviticus,27,15,0.0,0.0,0.0,0.75,0.0,0.0,0.0,12.0,2.6923,0.0,0.0
TgO_Leviticus,27,16,0.0,0.0,0.0,0.8889,0.0,0.0,0.0,18.0,2.8947,0.0,0.0
TgO_Leviticus,27,17,0.0,0.0,0.0,1.0,0.0,0.0,0.0,7.0,2.375,0.0,0.0
TgO_Leviticus,27,18,0.0,0.0,0.0,0.6842,0.0,0.0,0.0,19.0,2.9,0.0,0.0
TgO_Leviticus,27,19,0.0,0.0,0.0,0.6429,0.0,0.0,0.0,14.0,2.7333,0.0,0.0
TgO_Leviticus,27,20,0.0,0.0,0.0,0.6429,0.0,0.0,0.0,14.0,2.5333,0.0,0.0
TgO_Leviticus,27,21,0.0,0.0,0.0,0.9167,0.0,0.0,0.0,12.0,2.6923,0.0,0.0
TgO_Leviticus,27,22,0.0,0.0,0.0,1.0,0.0,0.0,0.0,10.0,2.6364,0.0,0.0
TgO_Leviticus,27,23,0.0,0.0,0.0,0.7647,0.0,0.0,0.0,17.0,3.0,0.0,0.0
TgO_Leviticus,27,24,0.0,0.0,0.0,1.0,0.0,0.0,0.0,9.0,2.9,0.0,0.0
TgO_Leviticus,27,25,0.0,0.0,0.0,0.8889,0.0,0.0,0.0,9.0,3.0,0.0,0.0
TgO_Leviticus,27,26,0.0,0.0,0.0,0.875,0.0,0.0,0.0,16.0,2.7059,0.0,0.0
TgO_Leviticus,27,27,0.0,0.0,0.0,0.6154,0.0,0.0,0.0,13.0,2.3571,0.0,0.0
TgO_Leviticus,27,28,0.0,0.0,0.0,0.5833,0.0,0.0,0.0,24.0,2.84,0.0,0.0
TgO_Leviticus,27,29,0.0,0.0,0.0,0.7778,0.0,0.0,0.0,9.0,2.4,0.0,0.0
TgO_Leviticus,27,30,0.0,0.0,0.0,0.6429,0.0,0.0,0.0,14.0,2.7333,0.0,0.0
TgO_Leviticus,27,31,0.0,0.0,0.0,0.875,0.0,0.0,0.0,8.0,2.4444,0.0,0.0
TgO_Leviticus,27,32,0.0,0.0,0.0,0.9231,0.0,0.0,0.0,13.0,3.0,0.0,0.0
TgO_Leviticus,27,33,0.0,0.0,0.0,0.6471,0.0,0.0,0.0,17.0,2.5,0.0,0.0
TgO_Leviticus,27,34,0.0,0.0,0.0,0.7273,0.0,0.0,0.0,11.0,3.75,0.0,0.0
TgO_Numbers,01,01,0.0,0.0,0.0,0.5882,0.0,0.0,0.0,17.0,3.3333,0.0,0.0
TgO_Numbers,01,02,0.0,0.0,0.0,0.8571,0.0,0.0,0.0,14.0,3.4,0.0,0.0
TgO_Numbers,01,03,0.0,0.0,0.0,0.8462,0.0,0.0,0.0,13.0,2.5,0.0,0.0
TgO_Numbers,01,04,0.0,0.0,0.0,0.7778,0.0,0.0,0.0,9.0,2.9,0.0,0.0
TgO_Numbers,01,05,0.0,0.0,0.0,0.6667,0.0,0.0,0.0,9.0,3.9,0.0,0.0
TgO_Numbers,01,06,0.0,0.0,0.0,0.25,0.0,0.0,0.0,4.0,6.6,0.0,0.0
TgO_Numbers,01,07,0.0,0.0,0.0,0.25,0.0,0.0,0.0,4.0,5.6,0.0,0.0
TgO_Numbers,01,08,0.0,0.0,0.0,0.25,0.0,0.0,0.0,4.0,5.6,0.0,0.0
TgO_Numbers,01,09,0.0,0.0,0.0,0.25,0.0,0.0,0.0,4.0,5.2,0.0,0.0
TgO_Numbers,01,10,0.0,0.0,0.0,0.1,0.0,0.0,0.0,10.0,6.0,0.0,0.0
TgO_Numbers,01,11,0.0,0.0,0.0,0.25,0.0,0.0,0.0,4.0,6.0,0.0,0.0
TgO_Numbers,01,12,0.0,0.0,0.0,0.25,0.0,0.0,0.0,4.0,5.6,0.0,0.0
TgO_Numbers,01,13,0.0,0.0,0.0,0.25,0.0,0.0,0.0,4.0,5.0,0.0,0.0
TgO_Numbers,01,14,0.0,0.0,0.0,0.25,0.0,0.0,0.0,4.0,4.6,0.0,0.0
TgO_Numbers,01,15,0.0,0.0,0.0,0.25,0.0,0.0,0.0,4.0,5.4,0.0,0.0
TgO_Numbers,01,16,0.0,0.0,0.0,0.9,0.0,0.0,0.0,10.0,3.3636,0.0,0.0
TgO_Numbers,01,17,0.0,0.0,0.0,0.75,0.0,0.0,0.0,8.0,2.5556,0.0,0.0
TgO_Numbers,01,18,0.0,0.0,0.0,0.8333,0.0,0.0,0.0,18.0,3.0,0.0,0.0
TgO_Numbers,01,19,0.0,0.0,0.0,0.75,0.0,0.0,0.0,8.0,3.5556,0.0,0.0
TgO_Numbers,01,20,0.0,0.0,0.0,0.8,0.0,0.0,0.0,20.0,3.4762,0.0,0.0
TgO_Numbers,01,21,0.0,0.0,0.0,0.75,0.0,0.0,0.0,8.0,3.4444,0.0,0.0
TgO_Numbers,01,22,0.0,0.0,0.0,0.8889,0.0,0.0,0.0,18.0,3.3684,0.0,0.0
TgO_Numbers,01,23,0.0,0.0,0.0,0.75,0.0,0.0,0.0,8.0,3.4444,0.0,0.0
TgO_Numbers,01,24,0.0,0.0,0.0,0.9286,0.0,0.0,0.0,14.0,2.9333,0.0,0.0
TgO_Numbers,01,25,0.0,0.0,0.0,0.6667,0.0,0.0,0.0,9.0,3.0,0.0,0.0
TgO_Numbers,01,26,0.0,0.0,0.0,0.9333,0.0,0.0,0.0,15.0,3.375,0.0,0.0
TgO_Numbers,01,27,0.0,0.0,0.0,0.75,0.0,0.0,0.0,8.0,3.3333,0.0,0.0
TgO_Numbers,01,28,0.0,0.0,0.0,0.9286,0.0,0.0,0.0,14.0,3.4,0.0,0.0
TgO_Numbers,01,29,0.0,0.0,0.0,0.75,0.0,0.0,0.0,8.0,3.7778,0.0,0.0
TgO_Numbers,01,30,0.0,0.0,0.0,0.9286,0.0,0.0,0.0,14.0,3.2,0.0,0.0
TgO_Numbers,01,31,0.0,0.0,0.0,0.75,0.0,0.0,0.0,8.0,3.3333,0.0,0.0
TgO_Numbers,01,32,0.0,0.0,0.0,0.8125,0.0,0.0,0.0,16.0,3.3529,0.0,0.0
TgO_Numbers,01,33,0.0,0.0,0.0,0.8571,0.0,0.0,0.0,7.0,3.875,0.0,0.0
TgO_Numbers,01,34,0.0,0.0,0.0,0.9286,0.0,0.0,0.0,14.0,3.2,0.0,0.0
TgO_Numbers,01,35,0.0,0.0,0.0,0.7143,0.0,0.0,0.0,7.0,3.375,0.0,0.0
TgO_Numbers,01,36,0.0,0.0,0.0,0.9286,0.0,0.0,0.0,14.0,3.3333,0.0,0.0
TgO_Numbers,01,37,0.0,0.0,0.0,0.75,0.0,0.0,0.0,8.0,3.6667,0.0,0.0
TgO_Numbers,01,38,0.0,0.0,0.0,0.9286,0.0,0.0,0.0,14.0,2.9333,0.0,0.0
TgO_Numbers,01,39,0.0,0.0,0.0,0.75,0.0,0.0,0.0,8.0,2.8889,0.0,0.0
TgO_Numbers,01,40,0.0,0.0,0.0,0.9286,0.0,0.0,0.0,14.0,3.0667,0.0,0.0
TgO_Numbers,01,41,0.0,0.0,0.0,0.75,0.0,0.0,0.0,8.0,3.3333,0.0,0.0
TgO_Numbers,01,42,0.0,0.0,0.0,0.9286,0.0,0.0,0.0,14.0,3.2667,0.0,0.0
TgO_Numbers,01,43,0.0,0.0,0.0,0.75,0.0,0.0,0.0,8.0,3.5556,0.0,0.0
TgO_Numbers,01,44,0.0,0.0,0.0,0.6923,0.0,0.0,0.0,13.0,3.5714,0.0,0.0
TgO_Numbers,01,45,0.0,0.0,0.0,0.7857,0.0,0.0,0.0,14.0,2.9333,0.0,0.0
TgO_Numbers,01,46,0.0,0.0,0.0,0.6,0.0,0.0,0.0,10.0,2.2727,0.0,0.0
TgO_Numbers,01,47,0.0,0.0,0.0,1.0,0.0,0.0,0.0,6.0,2.1429,0.0,0.0
TgO_Numbers,01,48,0.0,0.0,0.0,0.8,0.0,0.0,0.0,5.0,2.1667,0.0,0.0
TgO_Numbers,01,49,0.0,0.0,0.0,0.7692,0.0,0.0,0.0,13.0,3.1429,0.0,0.0
TgO_Numbers,01,50,0.0,0.0,0.0,0.52,0.0,0.0,0.0,25.0,2.7692,0.0,0.0
TgO_Numbers,01,51,0.0,0.0,0.0,0.6154,0.0,0.0,0.0,13.0,2.7143,0.0,0.0
TgO_Numbers,01,52,0.0,0.0,0.0,0.7,0.0,0.0,0.0,10.0,2.7273,0.0,0.0
TgO_Numbers,01,53,0.0,0.0,0.0,0.7222,0.0,0.0,0.0,18.0,3.4737,0.0,0.0
TgO_Numbers,01,54,0.0,0.0,0.0,0.8,0.0,0.0,0.0,10.0,2.7273,0.0,0.0
TgO_Numbers,02,01,0.0,0.0,0.0,0.5714,0.0,0.0,0.0,7.0,3.5,0.0,0.0
TgO_Numbers,02,02,0.0,0.0,0.0,0.7857,0.0,0.0,0.0,14.0,3.6667,0.0,0.0
TgO_Numbers,02,03,0.0,0.0,0.0,0.5385,0.0,0.0,0.0,13.0,4.2143,0.0,0.0
TgO_Numbers,02,04,0.0,0.0,0.0,0.5714,0.0,0.0,0.0,7.0,2.375,0.0,0.0
TgO_Numbers,02,05,0.0,0.0,0.0,0.4545,0.0,0.0,0.0,11.0,4.1667,0.0,0.0
TgO_Numbers,02,06,0.0,0.0,0.0,0.5714,0.0,0.0,0.0,7.0,2.375,0.0,0.0
TgO_Numbers,02,07,0.0,0.0,0.0,0.375,0.0,0.0,0.0,8.0,4.4444,0.0,0.0
TgO_Numbers,02,08,0.0,0.0,0.0,0.5714,0.0,0.0,0.0,7.0,2.375,0.0,0.0
TgO_Numbers,02,09,0.0,0.0,0.0,0.7692,0.0,0.0,0.0,13.0,3.2143,0.0,0.0
TgO_Numbers,02,10,0.0,0.0,0.0,0.5455,0.0,0.0,0.0,11.0,4.3333,0.0,0.0
TgO_Numbers,02,11,0.0,0.0,0.0,0.7143,0.0,0.0,0.0,7.0,2.5,0.0,0.0
TgO_Numbers,02,12,0.0,0.0,0.0,0.4545,0.0,0.0,0.0,11.0,4.5833,0.0,0.0
TgO_Numbers,02,13,0.0,0.0,0.0,0.5714,0.0,0.0,0.0,7.0,2.375,0.0,0.0
TgO_Numbers,02,14,0.0,0.0,0.0,0.25,0.0,0.0,0.0,8.0,3.5556,0.0,0.0
TgO_Numbers,02,15,0.0,0.0,0.0,0.5,0.0,0.0,0.0,8.0,2.4444,0.0,0.0
TgO_Numbers,02,16,0.0,0.0,0.0,0.6429,0.0,0.0,0.0,14.0,2.8,0.0,0.0
TgO_Numbers,02,17,0.0,0.0,0.0,0.9333,0.0,0.0,0.0,15.0,3.125,0.0,0.0
TgO_Numbers,02,18,0.0,0.0,0.0,0.5455,0.0,0.0,0.0,11.0,4.6667,0.0,0.0
TgO_Numbers,02,19,0.0,0.0,0.0,0.6667,0.0,0.0,0.0,6.0,2.5714,0.0,0.0
TgO_Numbers,02,20,0.0,0.0,0.0,0.4,0.0,0.0,0.0,10.0,4.0,0.0,0.0
TgO_Numbers,02,21,0.0,0.0,0.0,0.5,0.0,0.0,0.0,6.0,2.2857,0.0,0.0
TgO_Numbers,02,22,0.0,0.0,0.0,0.25,0.0,0.0,0.0,8.0,4.8889,0.0,0.0
TgO_Numbers,02,23,0.0,0.0,0.0,0.5714,0.0,0.0,0.0,7.0,2.375,0.0,0.0
TgO_Numbers,02,24,0.0,0.0,0.0,0.8182,0.0,0.0,0.0,11.0,3.0,0.0,0.0
TgO_Numbers,02,25,0.0,0.0,0.0,0.5455,0.0,0.0,0.0,11.0,4.0833,0.0,0.0
TgO_Numbers,02,26,0.0,0.0,0.0,0.5714,0.0,0.0,0.0,7.0,2.25,0.0,0.0
TgO_Numbers,02,27,0.0,0.0,0.0,0.4545,0.0,0.0,0.0,11.0,3.75,0.0,0.0
TgO_Numbers,02,28,0.0,0.0,0.0,0.5714,0.0,0.0,0.0,7.0,2.5,0.0,0.0
TgO_Numbers,02,29,0.0,0.0,0.0,0.25,0.0,0.0,0.0,8.0,4.5556,0.0,0.0
TgO_Numbers,02,30,0.0,0.0,0.0,0.5714,0.0,0.0,0.0,7.0,2.375,0.0,0.0
TgO_Numbers,02,31,0.0,0.0,0.0,0.6923,0.0,0.0,0.0,13.0,3.0,0.0,0.0
TgO_Numbers,02,32,0.0,0.0,0.0,0.6875,0.0,0.0,0.0,16.0,3.0588,0.0,0.0
TgO_Numbers,02,33,0.0,0.0,0.0,0.8182,0.0,0.0,0.0,11.0,3.1667,0.0,0.0
TgO_Numbers,02,34,0.0,0.0,0.0,0.8235,0.0,0.0,0.0,17.0,3.0,0.0,0.0
TgO_Numbers,03,01,0.0,0.0,0.0,0.5455,0.0,0.0,0.0,11.0,3.25,0.0,0.0
TgO_Numbers,03,02,0.0,0.0,0.0,0.4444,0.0,0.0,0.0,9.0,3.1,0.0,0.0
TgO_Numbers,03,03,0.0,0.0,0.0,0.8,0.0,0.0,0.0,10.0,2.9091,0.0,0.0
TgO_Numbers,03,04,0.0,0.0,0.0,0.4545,0.0,0.0,0.0,22.0,3.5217,0.0,0.0
TgO_Numbers,03,05,0.0,0.0,0.0,0.8,0.0,0.0,0.0,5.0,2.1667,0.0,0.0
TgO_Numbers,03,06,0.0,0.0,0.0,0.5455,0.0,0.0,0.0,11.0,2.75,0.0,0.0
TgO_Numbers,03,07,0.0,0.0,0.0,0.7333,0.0,0.0,0.0,15.0,3.0625,0.0,0.0
TgO_Numbers,03,08,0.0,0.0,0.0,0.7143,0.0,0.0,0.0,14.0,2.9333,0.0,0.0
TgO_Numbers,03,09,0.0,0.0,0.0,0.6667,0.0,0.0,0.0,12.0,3.0769,0.0,0.0
TgO_Numbers,03,10,0.0,0.0,0.0,0.6364,0.0,0.0,0.0,11.0,2.5,0.0,0.0
TgO_Numbers,03,11,0.0,0.0,0.0,0.8,0.0,0.0,0.0,5.0,2.1667,0.0,0.0
TgO_Numbers,03,12,0.0,0.0,0.0,0.7368,0.0,0.0,0.0,19.0,3.25,0.0,0.0
TgO_Numbers,03,13,0.0,0.0,0.0,0.6364,0.0,0.0,0.0,22.0,2.913,0.0,0.0
TgO_Numbers,03,14,0.0,0.0,0.0,0.7143,0.0,0.0,0.0,7.0,3.125,0.0,0.0
TgO_Numbers,03,15,0.0,0.0,0.0,0.8333,0.0,0.0,0.0,12.0,2.9231,0.0,0.0
TgO_Numbers,03,16,0.0,0.0,0.0,0.875,0.0,0.0,0.0,8.0,3.0,0.0,0.0
TgO_Numbers,03,17,0.0,0.0,0.0,0.5,0.0,0.0,0.0,8.0,3.0,0.0,0.0
TgO_Numbers,03,18,0.0,0.0,0.0,0.5714,0.0,0.0,0.0,7.0,3.25,0.0,0.0
TgO_Numbers,03,19,0.0,0.0,0.0,0.2857,0.0,0.0,0.0,7.0,3.5,0.0,0.0
TgO_Numbers,03,20,0.0,0.0,0.0,0.5,0.0,0.0,0.0,10.0,4.0,0.0,0.0
TgO_Numbers,03,21,0.0,0.0,0.0,0.4444,0.0,0.0,0.0,9.0,4.9,0.0,0.0
TgO_Numbers,03,22,0.0,0.0,0.0,0.8333,0.0,0.0,0.0,12.0,2.6154,0.0,0.0
TgO_Numbers,03,23,0.0,0.0,0.0,0.8333,0.0,0.0,0.0,6.0,4.0,0.0,0.0
TgO_Numbers,03,24,0.0,0.0,0.0,0.4286,0.0,0.0,0.0,7.0,6.375,0.0,0.0
TgO_Numbers,03,25,0.0,0.0,0.0,0.5833,0.0,0.0,0.0,12.0,3.0769,0.0,0.0
TgO_Numbers,03,26,0.0,0.0,0.0,0.7333,0.0,0.0,0.0,15.0,3.125,0.0,0.0
TgO_Numbers,03,27,0.0,0.0,0.0,0.3077,0.0,0.0,0.0,13.0,4.0714,0.0,0.0
TgO_Numbers,03,28,0.0,0.0,0.0,0.9231,0.0,0.0,0.0,13.0,2.7143,0.0,0.0
TgO_Numbers,03,29,0.0,0.0,0.0,0.875,0.0,0.0,0.0,8.0,2.8889,0.0,0.0
TgO_Numbers,03,30,0.0,0.0,0.0,0.4286,0.0,0.0,0.0,7.0,6.875,0.0,0.0
TgO_Numbers,03,31,0.0,0.0,0.0,0.6667,0.0,0.0,0.0,12.0,2.7692,0.0,0.0
TgO_Numbers,03,32,0.0,0.0,0.0,0.8,0.0,0.0,0.0,15.0,3.3125,0.0,0.0
TgO_Numbers,03,33,0.0,0.0,0.0,0.4444,0.0,0.0,0.0,9.0,4.5,0.0,0.0
TgO_Numbers,03,34,0.0,0.0,0.0,0.8,0.0,0.0,0.0,10.0,2.1818,0.0,0.0
TgO_Numbers,03,35,0.0,0.0,0.0,0.6667,0.0,0.0,0.0,12.0,5.4615,0.0,0.0
TgO_Numbers,03,36,0.0,0.0,0.0,0.5385,0.0,0.0,0.0,13.0,2.7143,0.0,0.0
TgO_Numbers,03,37,0.0,0.0,0.0,0.6667,0.0,0.0,0.0,6.0,3.1429,0.0,0.0
TgO_Numbers,03,38,0.0,0.0,0.0,0.5909,0.0,0.0,0.0,22.0,3.1739,0.0,0.0
TgO_Numbers,03,39,0.0,0.0,0.0,0.7778,0.0,0.0,0.0,18.0,2.8421,0.0,0.0
TgO_Numbers,03,40,0.0,0.0,0.0,0.75,0.0,0.0,0.0,16.0,2.9412,0.0,0.0
TgO_Numbers,03,41,0.0,0.0,0.0,0.55,0.0,0.0,0.0,20.0,3.2381,0.0,0.0
TgO_Numbers,03,42,0.0,0.0,0.0,0.7273,0.0,0.0,0.0,11.0,3.3333,0.0,0.0
TgO_Numbers,03,43,0.0,0.0,0.0,0.75,0.0,0.0,0.0,16.0,2.6471,0.0,0.0
TgO_Numbers,03,44,0.0,0.0,0.0,0.8,0.0,0.0,0.0,5.0,2.5,0.0,0.0
TgO_Numbers,03,45,0.0,0.0,0.0,0.6842,0.0,0.0,0.0,19.0,3.15,0.0,0.0
TgO_Numbers,03,46,0.0,0.0,0.0,0.7273,0.0,0.0,0.0,11.0,3.0833,0.0,0.0
TgO_Numbers,03,47,0.0,0.0,0.0,0.8182,0.0,0.0,0.0,11.0,3.0833,0.0,0.0
TgO_Numbers,03,48,0.0,0.0,0.0,0.7143,0.0,0.0,0.0,7.0,2.875,0.0,0.0
TgO_Numbers,03,49,0.0,0.0,0.0,0.9,0.0,0.0,0.0,10.0,2.9091,0.0,0.0
TgO_Numbers,03,50,0.0,0.0,0.0,0.8,0.0,0.0,0.0,15.0,2.6875,0.0,0.0
TgO_Numbers,03,51,0.0,0.0,0.0,0.6,0.0,0.0,0.0,15.0,3.375,0.0,0.0
TgO_Numbers,04,01,0.0,0.0,0.0,0.5,0.0,0.0,0.0,8.0,3.0,0.0,0.0
TgO_Numbers,04,02,0.0,0.0,0.0,0.7,0.0,0.0,0.0,10.0,3.5455,0.0,0.0
TgO_Numbers,04,03,0.0,0.0,0.0,0.8824,0.0,0.0,0.0,17.0,2.9444,0.0,0.0
TgO_Numbers,04,04,0.0,0.0,0.0,0.75,0.0,0.0,0.0,8.0,3.1111,0.0,0.0
TgO_Numbers,04,05,0.0,0.0,0.0,0.5714,0.0,0.0,0.0,14.0,2.8667,0.0,0.0
TgO_Numbers,04,06,0.0,0.0,0.0,0.8333,0.0,0.0,0.0,12.0,3.3846,0.0,0.0
TgO_Numbers,04,07,0.0,0.0,0.0,0.6667,0.0,0.0,0.0,24.0,3.04,0.0,0.0
TgO_Numbers,04,08,0.0,0.0,0.0,0.7692,0.0,0.0,0.0,13.0,2.7143,0.0,0.0
TgO_Numbers,04,09,0.0,0.0,0.0,0.7,0.0,0.0,0.0,20.0,2.9048,0.0,0.0
TgO_Numbers,04,10,0.0,0.0,0.0,0.8182,0.0,0.0,0.0,11.0,2.5833,0.0,0.0
TgO_Numbers,04,11,0.0,0.0,0.0,0.7857,0.0,0.0,0.0,14.0,2.8,0.0,0.0
TgO_Numbers,04,12,0.0,0.0,0.0,0.6842,0.0,0.0,0.0,19.0,2.6,0.0,0.0
TgO_Numbers,04,13,0.0,0.0,0.0,0.875,0.0,0.0,0.0,8.0,2.6667,0.0,0.0
TgO_Numbers,04,14,0.0,0.0,0.0,0.6154,0.0,0.0,0.0,26.0,2.8519,0.0,0.0
TgO_Numbers,04,15,0.0,0.0,0.0,0.5667,0.0,0.0,0.0,30.0,2.7742,0.0,0.0
TgO_Numbers,04,16,0.0,0.0,0.0,0.6,0.0,0.0,0.0,20.0,3.1429,0.0,0.0
TgO_Numbers,04,17,0.0,0.0,0.0,0.5,0.0,0.0,0.0,8.0,3.3333,0.0,0.0
TgO_Numbers,04,18,0.0,0.0,0.0,0.875,0.0,0.0,0.0,8.0,3.2222,0.0,0.0
TgO_Numbers,04,19,0.0,0.0,0.0,0.55,0.0,0.0,0.0,20.0,2.8571,0.0,0.0
TgO_Numbers,04,20,0.0,0.0,0.0,0.8182,0.0,0.0,0.0,11.0,2.4167,0.0,0.0
TgO_Numbers,04,21,0.0,0.0,0.0,0.8,0.0,0.0,0.0,5.0,2.5,0.0,0.0
TgO_Numbers,04,22,0.0,0.0,0.0,0.8889,0.0,0.0,0.0,9.0,3.5,0.0,0.0
TgO_Numbers,04,23,0.0,0.0,0.0,0.9,0.0,0.0,0.0,20.0,2.9048,0.0,0.0
TgO_Numbers,04,24,0.0,0.0,0.0,0.8571,0.0,0.0,0.0,7.0,3.375,0.0,0.0
TgO_Numbers,04,25,0.0,0.0,0.0,0.6471,0.0,0.0,0.0,17.0,3.2222,0.0,0.0
TgO_Numbers,04,26,0.0,0.0,0.0,0.6,0.0,0.0,0.0,25.0,3.1538,0.0,0.0
TgO_Numbers,04,27,0.0,0.0,0.0,0.5263,0.0,0.0,0.0,19.0,2.95,0.0,0.0
TgO_Numbers,04,28,0.0,0.0,0.0,0.6154,0.0,0.0,0.0,13.0,3.7143,0.0,0.0
TgO_Numbers,04,29,0.0,0.0,0.0,0.8333,0.0,0.0,0.0,6.0,3.4286,0.0,0.0
TgO_Numbers,04,30,0.0,0.0,0.0,0.8824,0.0,0.0,0.0,17.0,2.8889,0.0,0.0
TgO_Numbers,04,31,0.0,0.0,0.0,0.75,0.0,0.0,0.0,12.0,2.6154,0.0,0.0
TgO_Numbers,04,32,0.0,0.0,0.0,0.6875,0.0,0.0,0.0,16.0,3.0588,0.0,0.0
TgO_Numbers,04,33,0.0,0.0,0.0,0.5714,0.0,0.0,0.0,14.0,3.6,0.0,0.0
TgO_Numbers,04,34,0.0,0.0,0.0,0.6,0.0,0.0,0.0,10.0,3.0,0.0,0.0
TgO_Numbers,04,35,0.0,0.0,0.0,0.8571,0.0,0.0,0.0,14.0,2.8,0.0,0.0
TgO_Numbers,04,36,0.0,0.0,0.0,0.875,0.0,0.0,0.0,8.0,2.7778,0.0,0.0
TgO_Numbers,04,37,0.0,0.0,0.0,0.75,0.0,0.0,0.0,16.0,3.2941,0.0,0.0
TgO_Numbers,04,38,0.0,0.0,0.0,0.8,0.0,0.0,0.0,5.0,3.6667,0.0,0.0
TgO_Numbers,04,39,0.0,0.0,0.0,0.8571,0.0,0.0,0.0,14.0,2.8,0.0,0.0
TgO_Numbers,04,40,0.0,0.0,0.0,0.7778,0.0,0.0,0.0,9.0,3.0,0.0,0.0
TgO_Numbers,04,41,0.0,0.0,0.0,0.8667,0.0,0.0,0.0,15.0,3.1875,0.0,0.0
TgO_Numbers,04,42,0.0,0.0,0.0,0.6667,0.0,0.0,0.0,6.0,3.5714,0.0,0.0
TgO_Numbers,04,43,0.0,0.0,0.0,0.8571,0.0,0.0,0.0,14.0,2.8,0.0,0.0
TgO_Numbers,04,44,0.0,0.0,0.0,0.8333,0.0,0.0,0.0,6.0,2.5714,0.0,0.0
TgO_Numbers,04,45,0.0,0.0,0.0,0.7692,0.0,0.0,0.0,13.0,3.4286,0.0,0.0
TgO_Numbers,04,46,0.0,0.0,0.0,0.7273,0.0,0.0,0.0,11.0,3.3333,0.0,0.0
TgO_Numbers,04,47,0.0,0.0,0.0,0.7647,0.0,0.0,0.0,17.0,2.9444,0.0,0.0
TgO_Numbers,04,48,0.0,0.0,0.0,0.7143,0.0,0.0,0.0,7.0,2.5,0.0,0.0
TgO_Numbers,04,49,0.0,0.0,0.0,0.5714,0.0,0.0,0.0,21.0,3.3636,0.0,0.0
TgO_Numbers,05,01,0.0,0.0,0.0,0.8,0.0,0.0,0.0,5.0,2.1667,0.0,0.0
TgO_Numbers,05,02,0.0,0.0,0.0,0.8125,0.0,0.0,0.0,16.0,2.7059,0.0,0.0
TgO_Numbers,05,03,0.0,0.0,0.0,0.8571,0.0,0.0,0.0,14.0,3.2,0.0,0.0
TgO_Numbers,05,04,0.0,0.0,0.0,0.6667,0.0,0.0,0.0,18.0,3.4737,0.0,0.0
TgO_Numbers,05,05,0.0,0.0,0.0,0.8,0.0,0.0,0.0,5.0,2.1667,0.0,0.0
TgO_Numbers,05,06,0.0,0.0,0.0,0.8421,0.0,0.0,0.0,19.0,2.85,0.0,0.0
TgO_Numbers,05,07,0.0,0.0,0.0,0.6429,0.0,0.0,0.0,14.0,2.4667,0.0,0.0
TgO_Numbers,05,08,0.0,0.0,0.0,0.8333,0.0,0.0,0.0,18.0,3.1053,0.0,0.0
TgO_Numbers,05,09,0.0,0.0,0.0,0.9,0.0,0.0,0.0,10.0,3.6364,0.0,0.0
TgO_Numbers,05,10,0.0,0.0,0.0,0.8182,0.0,0.0,0.0,11.0,2.9167,0.0,0.0
TgO_Numbers,05,11,0.0,0.0,0.0,0.8,0.0,0.0,0.0,5.0,2.1667,0.0,0.0
TgO_Numbers,05,12,0.0,0.0,0.0,0.7143,0.0,0.0,0.0,14.0,2.9333,0.0,0.0
TgO_Numbers,05,13,0.0,0.0,0.0,0.7778,0.0,0.0,0.0,18.0,2.4737,0.0,0.0
TgO_Numbers,05,14,0.0,0.0,0.0,0.5,0.0,0.0,0.0,20.0,2.619,0.0,0.0
TgO_Numbers,05,15,0.0,0.0,0.0,0.8182,0.0,0.0,0.0,33.0,2.8824,0.0,0.0
TgO_Numbers,05,16,0.0,0.0,0.0,1.0,0.0,0.0,0.0,7.0,2.375,0.0,0.0
TgO_Numbers,05,17,0.0,0.0,0.0,0.6667,0.0,0.0,0.0,15.0,2.75,0.0,0.0
TgO_Numbers,05,18,0.0,0.0,0.0,0.68,0.0,0.0,0.0,25.0,2.9231,0.0,0.0
TgO_Numbers,05,19,0.0,0.0,0.0,0.8182,0.0,0.0,0.0,22.0,2.7391,0.0,0.0
TgO_Numbers,05,20,0.0,0.0,0.0,0.7143,0.0,0.0,0.0,14.0,2.8,0.0,0.0
TgO_Numbers,05,21,0.0,0.0,0.0,0.625,0.0,0.0,0.0,24.0,2.68,0.0,0.0
TgO_Numbers,05,22,0.0,0.0,0.0,0.8462,0.0,0.0,0.0,13.0,3.0714,0.0,0.0
TgO_Numbers,05,23,0.0,0.0,0.0,0.8889,0.0,0.0,0.0,9.0,2.6,0.0,0.0
TgO_Numbers,05,24,0.0,0.0,0.0,0.6154,0.0,0.0,0.0,13.0,2.9286,0.0,0.0
TgO_Numbers,05,25,0.0,0.0,0.0,0.5882,0.0,0.0,0.0,17.0,2.8333,0.0,0.0
TgO_Numbers,05,26,0.0,0.0,0.0,0.7333,0.0,0.0,0.0,15.0,2.6875,0.0,0.0
TgO_Numbers,05,27,0.0,0.0,0.0,0.7391,0.0,0.0,0.0,23.0,2.7083,0.0,0.0
TgO_Numbers,05,28,0.0,0.0,0.0,0.7,0.0,0.0,0.0,10.0,2.5455,0.0,0.0
TgO_Numbers,05,29,0.0,0.0,0.0,1.0,0.0,0.0,0.0,8.0,3.1111,0.0,0.0
TgO_Numbers,05,30,0.0,0.0,0.0,0.7619,0.0,0.0,0.0,21.0,2.7273,0.0,0.0
TgO_Numbers,05,31,0.0,0.0,0.0,0.8889,0.0,0.0,0.0,9.0,2.4,0.0,0.0
TgO_Numbers,06,01,0.0,0.0,0.0,0.8,0.0,0.0,0.0,5.0,2.1667,0.0,0.0
TgO_Numbers,06,02,0.0,0.0,0.0,0.8235,0.0,0.0,0.0,17.0,3.1111,0.0,0.0
TgO_Numbers,06,03,0.0,0.0,0.0,0.5909,0.0,0.0,0.0,22.0,2.6087,0.0,0.0
TgO_Numbers,06,04,0.0,0.0,0.0,0.8333,0.0,0.0,0.0,12.0,2.8462,0.0,0.0
TgO_Numbers,06,05,0.0,0.0,0.0,0.8571,0.0,0.0,0.0,21.0,3.1818,0.0,0.0
TgO_Numbers,06,06,0.0,0.0,0.0,0.8333,0.0,0.0,0.0,12.0,3.0769,0.0,0.0
TgO_Numbers,06,07,0.0,0.0,0.0,0.8462,0.0,0.0,0.0,13.0,2.2143,0.0,0.0
TgO_Numbers,06,08,0.0,0.0,0.0,0.8571,0.0,0.0,0.0,7.0,3.375,0.0,0.0
TgO_Numbers,06,09,0.0,0.0,0.0,0.7857,0.0,0.0,0.0,14.0,2.7333,0.0,0.0
TgO_Numbers,06,10,0.0,0.0,0.0,0.9231,0.0,0.0,0.0,13.0,3.4286,0.0,0.0
TgO_Numbers,06,11,0.0,0.0,0.0,0.75,0.0,0.0,0.0,16.0,2.3529,0.0,0.0
TgO_Numbers,06,12,0.0,0.0,0.0,0.7647,0.0,0.0,0.0,17.0,3.0556,0.0,0.0
TgO_Numbers,06,13,0.0,0.0,0.0,1.0,0.0,0.0,0.0,12.0,2.9231,0.0,0.0
TgO_Numbers,06,14,0.0,0.0,0.0,0.6364,0.0,0.0,0.0,22.0,3.1739,0.0,0.0
TgO_Numbers,06,15,0.0,0.0,0.0,0.4667,0.0,0.0,0.0,15.0,2.8125,0.0,0.0
TgO_Numbers,06,16,0.0,0.0,0.0,0.6667,0.0,0.0,0.0,9.0,2.8,0.0,0.0
TgO_Numbers,06,17,0.0,0.0,0.0,0.875,0.0,0.0,0.0,16.0,2.7059,0.0,0.0
TgO_Numbers,06,18,0.0,0.0,0.0,0.75,0.0,0.0,0.0,20.0,2.7619,0.0,0.0
TgO_Numbers,06,19,0.0,0.0,0.0,0.6957,0.0,0.0,0.0,23.0,2.5,0.0,0.0
TgO_Numbers,06,20,0.0,0.0,0.0,0.85,0.0,0.0,0.0,20.0,3.0952,0.0,0.0
TgO_Numbers,06,21,0.0,0.0,0.0,0.6818,0.0,0.0,0.0,22.0,3.0,0.0,0.0
TgO_Numbers,06,22,0.0,0.0,0.0,0.8,0.0,0.0,0.0,5.0,2.1667,0.0,0.0
TgO_Numbers,06,23,0.0,0.0,0.0,0.6429,0.0,0.0,0.0,14.0,3.2,0.0,0.0
TgO_Numbers,06,24,0.0,0.0,0.0,0.5,0.0,0.0,0.0,3.0,5.0,0.0,0.0
TgO_Numbers,06,25,0.0,0.0,0.0,1.0,0.0,0.0,0.0,6.0,4.25,0.0,0.0
TgO_Numbers,06,26,0.0,0.0,0.0,0.8571,0.0,0.0,0.0,7.0,4.4,0.0,0.0
TgO_Numbers,06,27,0.0,0.0,0.0,0.8,0.0,0.0,0.0,10.0,2.6364,0.0,0.0
TgO_Numbers,07,01,0.0,0.0,0.0,0.4091,0.0,0.0,0.0,22.0,2.4348,0.0,0.0
TgO_Numbers,07,02,0.0,0.0,0.0,0.75,0.0,0.0,0.0,12.0,3.1538,0.0,0.0
TgO_Numbers,07,03,0.0,0.0,0.0,0.7143,0.0,0.0,0.0,21.0,2.7273,0.0,0.0
TgO_Numbers,07,04,0.0,0.0,0.0,0.8,0.0,0.0,0.0,5.0,3.0,0.0,0.0
TgO_Numbers,07,05,0.0,0.0,0.0,0.7857,0.0,0.0,0.0,14.0,2.9333,0.0,0.0
TgO_Numbers,07,06,0.0,0.0,0.0,0.5556,0.0,0.0,0.0,9.0,2.6,0.0,0.0
TgO_Numbers,07,07,0.0,0.0,0.0,0.9091,0.0,0.0,0.0,11.0,3.4167,0.0,0.0
TgO_Numbers,07,08,0.0,0.0,0.0,0.6875,0.0,0.0,0.0,16.0,3.5882,0.0,0.0
TgO_Numbers,07,09,0.0,0.0,0.0,0.9,0.0,0.0,0.0,10.0,2.8182,0.0,0.0
TgO_Numbers,07,10,0.0,0.0,0.0,0.6429,0.0,0.0,0.0,14.0,2.7333,0.0,0.0
TgO_Numbers,07,11,0.0,0.0,0.0,0.7143,0.0,0.0,0.0,14.0,3.0,0.0,0.0
TgO_Numbers,07,12,0.0,0.0,0.0,0.7273,0.0,0.0,0.0,11.0,4.0833,0.0,0.0
TgO_Numbers,07,13,0.0,0.0,0.0,0.7391,0.0,0.0,0.0,23.0,3.0833,0.0,0.0
TgO_Numbers,07,14,0.0,0.0,0.0,1.0,0.0,0.0,0.0,10.0,3.0,0.0,0.0
TgO_Numbers,07,15,0.0,0.0,0.0,0.6364,0.0,0.0,0.0,11.0,3.0,0.0,0.0
TgO_Numbers,07,16,0.0,0.0,0.0,1.0,0.0,0.0,0.0,5.0,2.3333,0.0,0.0
TgO_Numbers,07,17,0.0,0.0,0.0,0.7059,0.0,0.0,0.0,17.0,3.6667,0.0,0.0
TgO_Numbers,07,18,0.0,0.0,0.0,0.6,0.0,0.0,0.0,10.0,4.6364,0.0,0.0
TgO_Numbers,07,19,0.0,0.0,0.0,0.8,0.0,0.0,0.0,25.0,3.1538,0.0,0.0
TgO_Numbers,07,20,0.0,0.0,0.0,1.0,0.0,0.0,0.0,10.0,3.0,0.0,0.0
TgO_Numbers,07,21,0.0,0.0,0.0,0.6364,0.0,0.0,0.0,11.0,3.0,0.0,0.0
TgO_Numbers,07,22,0.0,0.0,0.0,1.0,0.0,0.0,0.0,5.0,2.3333,0.0,0.0
TgO_Numbers,07,23,0.0,0.0,0.0,0.7059,0.0,0.0,0.0,17.0,3.3889,0.0,0.0
TgO_Numbers,07,24,0.0,0.0,0.0,0.5,0.0,0.0,0.0,8.0,3.7778,0.0,0.0
TgO_Numbers,07,25,0.0,0.0,0.0,0.7826,0.0,0.0,0.0,23.0,3.2083,0.0,0.0
TgO_Numbers,07,26,0.0,0.0,0.0,1.0,0.0,0.0,0.0,10.0,3.0,0.0,0.0
TgO_Numbers,07,27,0.0,0.0,0.0,0.6364,0.0,0.0,0.0,11.0,2.8333,0.0,0.0
TgO_Numbers,07,28,0.0,0.0,0.0,1.0,0.0,0.0,0.0,5.0,2.3333,0.0,0.0
TgO_Numbers,07,29,0.0,0.0,0.0,0.7059,0.0,0.0,0.0,17.0,3.1111,0.0,0.0
TgO_Numbers,07,30,0.0,0.0,0.0,0.5,0.0,0.0,0.0,8.0,3.4444,0.0,0.0
TgO_Numbers,07,31,0.0,0.0,0.0,0.7826,0.0,0.0,0.0,23.0,3.2083,0.0,0.0
TgO_Numbers,07,32,0.0,0.0,0.0,1.0,0.0,0.0,0.0,10.0,3.0,0.0,0.0
TgO_Numbers,07,33,0.0,0.0,0.0,0.6364,0.0,0.0,0.0,11.0,2.8333,0.0,0.0
TgO_Numbers,07,34,0.0,0.0,0.0,1.0,0.0,0.0,0.0,5.0,2.3333,0.0,0.0
TgO_Numbers,07,35,0.0,0.0,0.0,0.7059,0.0,0.0,0.0,17.0,3.3333,0.0,0.0
TgO_Numbers,07,36,0.0,0.0,0.0,0.5,0.0,0.0,0.0,8.0,3.5556,0.0,0.0
TgO_Numbers,07,37,0.0,0.0,0.0,0.7826,0.0,0.0,0.0,23.0,3.2083,0.0,0.0
TgO_Numbers,07,38,0.0,0.0,0.0,1.0,0.0,0.0,0.0,10.0,3.0,0.0,0.0
TgO_Numbers,07,39,0.0,0.0,0.0,0.6364,0.0,0.0,0.0,11.0,2.8333,0.0,0.0
TgO_Numbers,07,40,0.0,0.0,0.0,1.0,0.0,0.0,0.0,5.0,2.3333,0.0,0.0
TgO_Numbers,07,41,0.0,0.0,0.0,0.7059,0.0,0.0,0.0,17.0,3.3889,0.0,0.0
TgO_Numbers,07,42,0.0,0.0,0.0,0.5,0.0,0.0,0.0,8.0,2.8889,0.0,0.0
TgO_Numbers,07,43,0.0,0.0,0.0,0.7826,0.0,0.0,0.0,23.0,3.2083,0.0,0.0
TgO_Numbers,07,44,0.0,0.0,0.0,1.0,0.0,0.0,0.0,10.0,3.0,0.0,0.0
TgO_Numbers,07,45,0.0,0.0,0.0,0.6364,0.0,0.0,0.0,11.0,2.8333,0.0,0.0
TgO_Numbers,07,46,0.0,0.0,0.0,1.0,0.0,0.0,0.0,5.0,2.3333,0.0,0.0
TgO_Numbers,07,47,0.0,0.0,0.0,0.7059,0.0,0.0,0.0,17.0,3.2222,0.0,0.0
TgO_Numbers,07,48,0.0,0.0,0.0,0.5,0.0,0.0,0.0,8.0,3.4444,0.0,0.0
TgO_Numbers,07,49,0.0,0.0,0.0,0.7826,0.0,0.0,0.0,23.0,3.2083,0.0,0.0
TgO_Numbers,07,50,0.0,0.0,0.0,1.0,0.0,0.0,0.0,10.0,3.0,0.0,0.0
TgO_Numbers,07,51,0.0,0.0,0.0,0.6364,0.0,0.0,0.0,11.0,2.8333,0.0,0.0
TgO_Numbers,07,52,0.0,0.0,0.0,1.0,0.0,0.0,0.0,5.0,2.3333,0.0,0.0
TgO_Numbers,07,53,0.0,0.0,0.0,0.7059,0.0,0.0,0.0,17.0,3.3333,0.0,0.0
TgO_Numbers,07,54,0.0,0.0,0.0,0.5,0.0,0.0,0.0,8.0,3.3333,0.0,0.0
TgO_Numbers,07,55,0.0,0.0,0.0,0.7826,0.0,0.0,0.0,23.0,3.2083,0.0,0.0
TgO_Numbers,07,56,0.0,0.0,0.0,1.0,0.0,0.0,0.0,10.0,3.0,0.0,0.0
TgO_Numbers,07,57,0.0,0.0,0.0,0.6364,0.0,0.0,0.0,11.0,2.8333,0.0,0.0
TgO_Numbers,07,58,0.0,0.0,0.0,1.0,0.0,0.0,0.0,5.0,2.3333,0.0,0.0
TgO_Numbers,07,59,0.0,0.0,0.0,0.7059,0.0,0.0,0.0,17.0,3.3333,0.0,0.0
TgO_Numbers,07,60,0.0,0.0,0.0,0.5,0.0,0.0,0.0,8.0,3.3333,0.0,0.0
TgO_Numbers,07,61,0.0,0.0,0.0,0.7826,0.0,0.0,0.0,23.0,3.2083,0.0,0.0
TgO_Numbers,07,62,0.0,0.0,0.0,1.0,0.0,0.0,0.0,10.0,3.0,0.0,0.0
TgO_Numbers,07,63,0.0,0.0,0.0,0.6364,0.0,0.0,0.0,11.0,2.8333,0.0,0.0
TgO_Numbers,07,64,0.0,0.0,0.0,1.0,0.0,0.0,0.0,5.0,2.3333,0.0,0.0
TgO_Numbers,07,65,0.0,0.0,0.0,0.7059,0.0,0.0,0.0,17.0,3.2778,0.0,0.0
TgO_Numbers,07,66,0.0,0.0,0.0,0.5,0.0,0.0,0.0,8.0,3.2222,0.0,0.0
TgO_Numbers,07,67,0.0,0.0,0.0,0.7826,0.0,0.0,0.0,23.0,3.2083,0.0,0.0
TgO_Numbers,07,68,0.0,0.0,0.0,1.0,0.0,0.0,0.0,10.0,3.0,0.0,0.0
TgO_Numbers,07,69,0.0,0.0,0.0,0.6364,0.0,0.0,0.0,11.0,2.8333,0.0,0.0
TgO_Numbers,07,70,0.0,0.0,0.0,1.0,0.0,0.0,0.0,5.0,2.3333,0.0,0.0
TgO_Numbers,07,71,0.0,0.0,0.0,0.7059,0.0,0.0,0.0,17.0,3.3889,0.0,0.0
TgO_Numbers,07,72,0.0,0.0,0.0,0.5556,0.0,0.0,0.0,9.0,3.8,0.0,0.0
TgO_Numbers,07,73,0.0,0.0,0.0,0.7826,0.0,0.0,0.0,23.0,3.2083,0.0,0.0
TgO_Numbers,07,74,0.0,0.0,0.0,1.0,0.0,0.0,0.0,10.0,3.0,0.0,0.0
TgO_Numbers,07,75,0.0,0.0,0.0,0.6364,0.0,0.0,0.0,11.0,2.8333,0.0,0.0
TgO_Numbers,07,76,0.0,0.0,0.0,1.0,0.0,0.0,0.0,5.0,2.3333,0.0,0.0
TgO_Numbers,07,77,0.0,0.0,0.0,0.7059,0.0,0.0,0.0,17.0,3.2222,0.0,0.0
TgO_Numbers,07,78,0.0,0.0,0.0,0.5556,0.0,0.0,0.0,9.0,3.3,0.0,0.0
TgO_Numbers,07,79,0.0,0.0,0.0,0.7826,0.0,0.0,0.0,23.0,3.2083,0.0,0.0
TgO_Numbers,07,80,0.0,0.0,0.0,1.0,0.0,0.0,0.0,10.0,3.0,0.0,0.0
TgO_Numbers,07,81,0.0,0.0,0.0,0.6364,0.0,0.0,0.0,11.0,2.8333,0.0,0.0
TgO_Numbers,07,82,0.0,0.0,0.0,1.0,0.0,0.0,0.0,5.0,2.3333,0.0,0.0
TgO_Numbers,07,83,0.0,0.0,0.0,0.7059,0.0,0.0,0.0,17.0,3.1667,0.0,0.0
TgO_Numbers,07,84,0.0,0.0,0.0,0.7778,0.0,0.0,0.0,18.0,3.6842,0.0,0.0
TgO_Numbers,07,85,0.0,0.0,0.0,0.7143,0.0,0.0,0.0,21.0,2.8182,0.0,0.0
TgO_Numbers,07,86,0.0,0.0,0.0,0.7895,0.0,0.0,0.0,19.0,3.3,0.0,0.0
TgO_Numbers,07,87,0.0,0.0,0.0,0.6667,0.0,0.0,0.0,18.0,3.4737,0.0,0.0
TgO_Numbers,07,88,0.0,0.0,0.0,0.8095,0.0,0.0,0.0,21.0,3.0909,0.0,0.0
TgO_Numbers,07,89,0.0,0.0,0.0,0.7273,0.0,0.0,0.0,22.0,3.2609,0.0,0.0
TgO_Numbers,08,01,0.0,0.0,0.0,0.8,0.0,0.0,0.0,5.0,2.1667,0.0,0.0
TgO_Numbers,08,02,0.0,0.0,0.0,0.8,0.0,0.0,0.0,15.0,3.375,0.0,0.0
TgO_Numbers,08,03,0.0,0.0,0.0,0.8462,0.0,0.0,0.0,13.0,3.3571,0.0,0.0
TgO_Numbers,08,04,0.0,0.0,0.0,0.75,0.0,0.0,0.0,20.0,2.8571,0.0,0.0
TgO_Numbers,08,05,0.0,0.0,0.0,0.8,0.0,0.0,0.0,5.0,2.1667,0.0,0.0
TgO_Numbers,08,06,0.0,0.0,0.0,0.75,0.0,0.0,0.0,8.0,2.8889,0.0,0.0
TgO_Numbers,08,07,0.0,0.0,0.0,0.6875,0.0,0.0,0.0,16.0,2.8235,0.0,0.0
TgO_Numbers,08,08,0.0,0.0,0.0,0.6429,0.0,0.0,0.0,14.0,2.6,0.0,0.0
TgO_Numbers,08,09,0.0,0.0,0.0,0.75,0.0,0.0,0.0,12.0,3.0,0.0,0.0
TgO_Numbers,08,10,0.0,0.0,0.0,0.6667,0.0,0.0,0.0,12.0,2.6154,0.0,0.0
TgO_Numbers,08,11,0.0,0.0,0.0,0.6667,0.0,0.0,0.0,15.0,2.9375,0.0,0.0
TgO_Numbers,08,12,0.0,0.0,0.0,0.7368,0.0,0.0,0.0,19.0,2.45,0.0,0.0
TgO_Numbers,08,13,0.0,0.0,0.0,0.5833,0.0,0.0,0.0,12.0,2.5385,0.0,0.0
TgO_Numbers,08,14,0.0,0.0,0.0,0.7,0.0,0.0,0.0,10.0,3.0,0.0,0.0
TgO_Numbers,08,15,0.0,0.0,0.0,0.7143,0.0,0.0,0.0,14.0,2.6667,0.0,0.0
TgO_Numbers,08,16,0.0,0.0,0.0,0.7895,0.0,0.0,0.0,19.0,3.2,0.0,0.0
TgO_Numbers,08,17,0.0,0.0,0.0,0.6471,0.0,0.0,0.0,17.0,2.8889,0.0,0.0
TgO_Numbers,08,18,0.0,0.0,0.0,0.875,0.0,0.0,0.0,8.0,3.0,0.0,0.0
TgO_Numbers,08,19,0.0,0.0,0.0,0.5,0.0,0.0,0.0,30.0,3.1935,0.0,0.0
TgO_Numbers,08,20,0.0,0.0,0.0,0.5263,0.0,0.0,0.0,19.0,3.25,0.0,0.0
TgO_Numbers,08,21,0.0,0.0,0.0,0.6429,0.0,0.0,0.0,14.0,2.9333,0.0,0.0
TgO_Numbers,08,22,0.0,0.0,0.0,0.6957,0.0,0.0,0.0,23.0,3.2083,0.0,0.0
TgO_Numbers,08,23,0.0,0.0,0.0,0.8,0.0,0.0,0.0,5.0,2.1667,0.0,0.0
TgO_Numbers,08,24,0.0,0.0,0.0,0.8,0.0,0.0,0.0,15.0,2.6875,0.0,0.0
TgO_Numbers,08,25,0.0,0.0,0.0,0.8889,0.0,0.0,0.0,9.0,2.8,0.0,0.0
TgO_Numbers,08,26,0.0,0.0,0.0,0.8571,0.0,0.0,0.0,14.0,2.5333,0.0,0.0
TgO_Numbers,09,01,0.0,0.0,0.0,0.6429,0.0,0.0,0.0,14.0,3.0667,0.0,0.0
TgO_Numbers,09,02,0.0,0.0,0.0,0.8571,0.0,0.0,0.0,7.0,2.75,0.0,0.0
TgO_Numbers,09,03,0.0,0.0,0.0,0.7059,0.0,0.0,0.0,17.0,2.6667,0.0,0.0
TgO_Numbers,09,04,0.0,0.0,0.0,0.7143,0.0,0.0,0.0,7.0,2.875,0.0,0.0
TgO_Numbers,09,05,0.0,0.0,0.0,0.7,0.0,0.0,0.0,20.0,2.9524,0.0,0.0
TgO_Numbers,09,06,0.0,0.0,0.0,0.65,0.0,0.0,0.0,20.0,3.0,0.0,0.0
TgO_Numbers,09,07,0.0,0.0,0.0,0.9048,0.0,0.0,0.0,21.0,3.1818,0.0,0.0
TgO_Numbers,09,08,0.0,0.0,0.0,0.7333,0.0,0.0,0.0,15.0,3.3125,0.0,0.0
TgO_Numbers,09,09,0.0,0.0,0.0,0.8,0.0,0.0,0.0,5.0,2.1667,0.0,0.0
TgO_Numbers,09,10,0.0,0.0,0.0,0.8261,0.0,0.0,0.0,23.0,3.0,0.0,0.0
TgO_Numbers,09,11,0.0,0.0,0.0,0.9167,0.0,0.0,0.0,12.0,2.5385,0.0,0.0
TgO_Numbers,09,12,0.0,0.0,0.0,0.9286,0.0,0.0,0.0,14.0,2.4,0.0,0.0
TgO_Numbers,09,13,0.0,0.0,0.0,0.7391,0.0,0.0,0.0,23.0,2.6667,0.0,0.0
TgO_Numbers,09,14,0.0,0.0,0.0,0.6667,0.0,0.0,0.0,21.0,2.6818,0.0,0.0
TgO_Numbers,09,15,0.0,0.0,0.0,0.7222,0.0,0.0,0.0,18.0,2.7368,0.0,0.0
TgO_Numbers,09,16,0.0,0.0,0.0,0.8889,0.0,0.0,0.0,9.0,2.6,0.0,0.0
TgO_Numbers,09,17,0.0,0.0,0.0,0.5882,0.0,0.0,0.0,17.0,3.1111,0.0,0.0
TgO_Numbers,09,18,0.0,0.0,0.0,0.5882,0.0,0.0,0.0,17.0,3.2778,0.0,0.0
TgO_Numbers,09,19,0.0,0.0,0.0,0.8667,0.0,0.0,0.0,15.0,2.875,0.0,0.0
TgO_Numbers,09,20,0.0,0.0,0.0,0.5238,0.0,0.0,0.0,21.0,2.9091,0.0,0.0
TgO_Numbers,09,21,0.0,0.0,0.0,0.5625,0.0,0.0,0.0,16.0,2.2941,0.0,0.0
TgO_Numbers,09,22,0.0,0.0,0.0,0.6667,0.0,0.0,0.0,21.0,2.7273,0.0,0.0
TgO_Numbers,09,23,0.0,0.0,0.0,0.5556,0.0,0.0,0.0,18.0,3.1053,0.0,0.0
TgO_Numbers,10,01,0.0,0.0,0.0,0.8,0.0,0.0,0.0,5.0,2.1667,0.0,0.0
TgO_Numbers,10,02,0.0,0.0,0.0,0.6667,0.0,0.0,0.0,15.0,3.0625,0.0,0.0
TgO_Numbers,10,03,0.0,0.0,0.0,0.8889,0.0,0.0,0.0,9.0,2.6,0.0,0.0
TgO_Numbers,10,04,0.0,0.0,0.0,0.7778,0.0,0.0,0.0,9.0,2.9,0.0,0.0
TgO_Numbers,10,05,0.0,0.0,0.0,0.8333,0.0,0.0,0.0,6.0,2.7143,0.0,0.0
TgO_Numbers,10,06,0.0,0.0,0.0,0.8,0.0,0.0,0.0,10.0,3.2727,0.0,0.0
TgO_Numbers,10,07,0.0,0.0,0.0,0.8333,0.0,0.0,0.0,6.0,2.1429,0.0,0.0
TgO_Numbers,10,08,0.0,0.0,0.0,0.8,0.0,0.0,0.0,10.0,2.8182,0.0,0.0
TgO_Numbers,10,09,0.0,0.0,0.0,0.6842,0.0,0.0,0.0,19.0,2.7,0.0,0.0
TgO_Numbers,10,10,0.0,0.0,0.0,0.65,0.0,0.0,0.0,20.0,2.8571,0.0,0.0
TgO_Numbers,10,11,0.0,0.0,0.0,0.6667,0.0,0.0,0.0,12.0,2.9231,0.0,0.0
TgO_Numbers,10,12,0.0,0.0,0.0,0.6,0.0,0.0,0.0,10.0,3.6364,0.0,0.0
TgO_Numbers,10,13,0.0,0.0,0.0,0.8571,0.0,0.0,0.0,7.0,3.5,0.0,0.0
TgO_Numbers,10,14,0.0,0.0,0.0,0.5,0.0,0.0,0.0,12.0,4.1538,0.0,0.0
TgO_Numbers,10,15,0.0,0.0,0.0,0.5,0.0,0.0,0.0,8.0,4.0,0.0,0.0
TgO_Numbers,10,16,0.0,0.0,0.0,0.5,0.0,0.0,0.0,8.0,3.7778,0.0,0.0
TgO_Numbers,10,17,0.0,0.0,0.0,0.4444,0.0,0.0,0.0,9.0,3.4,0.0,0.0
TgO_Numbers,10,18,0.0,0.0,0.0,0.5,0.0,0.0,0.0,10.0,3.8182,0.0,0.0
TgO_Numbers,10,19,0.0,0.0,0.0,0.5,0.0,0.0,0.0,8.0,4.5556,0.0,0.0
TgO_Numbers,10,20,0.0,0.0,0.0,0.5,0.0,0.0,0.0,8.0,3.4444,0.0,0.0
TgO_Numbers,10,21,0.0,0.0,0.0,0.8,0.0,0.0,0.0,10.0,2.6364,0.0,0.0
TgO_Numbers,10,22,0.0,0.0,0.0,0.4545,0.0,0.0,0.0,11.0,4.0833,0.0,0.0
TgO_Numbers,10,23,0.0,0.0,0.0,0.5,0.0,0.0,0.0,8.0,4.2222,0.0,0.0
TgO_Numbers,10,24,0.0,0.0,0.0,0.5,0.0,0.0,0.0,8.0,4.1111,0.0,0.0
TgO_Numbers,10,25,0.0,0.0,0.0,0.5,0.0,0.0,0.0,14.0,3.7333,0.0,0.0
TgO_Numbers,10,26,0.0,0.0,0.0,0.5,0.0,0.0,0.0,8.0,3.6667,0.0,0.0
TgO_Numbers,10,27,0.0,0.0,0.0,0.5,0.0,0.0,0.0,8.0,3.8889,0.0,0.0
TgO_Numbers,10,28,0.0,0.0,0.0,0.8333,0.0,0.0,0.0,6.0,3.0,0.0,0.0
TgO_Numbers,10,29,0.0,0.0,0.0,0.6296,0.0,0.0,0.0,27.0,3.6429,0.0,0.0
TgO_Numbers,10,30,0.0,0.0,0.0,0.625,0.0,0.0,0.0,8.0,2.5556,0.0,0.0
TgO_Numbers,10,31,0.0,0.0,0.0,0.8235,0.0,0.0,0.0,17.0,2.6667,0.0,0.0
TgO_Numbers,10,32,0.0,0.0,0.0,0.6667,0.0,0.0,0.0,12.0,2.4615,0.0,0.0
TgO_Numbers,10,33,0.0,0.0,0.0,0.7143,0.0,0.0,0.0,21.0,3.2273,0.0,0.0
TgO_Numbers,10,34,0.0,0.0,0.0,0.8889,0.0,0.0,0.0,9.0,2.6,0.0,0.0
TgO_Numbers,10,35,0.0,0.0,0.0,0.6667,0.0,0.0,0.0,12.0,3.1538,0.0,0.0
TgO_Numbers,10,36,0.0,0.0,0.0,0.9091,0.0,0.0,0.0,11.0,3.3333,0.0,0.0
TgO_Numbers,11,01,0.0,0.0,0.0,0.6,0.0,0.0,0.0,20.0,2.7143,0.0,0.0
TgO_Numbers,11,02,0.0,0.0,0.0,0.6,0.0,0.0,0.0,10.0,3.0,0.0,0.0
TgO_Numbers,11,03,0.0,0.0,0.0,0.9091,0.0,0.0,0.0,11.0,2.9167,0.0,0.0
TgO_Numbers,11,04,0.0,0.0,0.0,0.6154,0.0,0.0,0.0,13.0,2.5,0.0,0.0
TgO_Numbers,11,05,0.0,0.0,0.0,0.8,0.0,0.0,0.0,15.0,2.75,0.0,0.0
TgO_Numbers,11,06,0.0,0.0,0.0,0.8889,0.0,0.0,0.0,9.0,3.2,0.0,0.0
TgO_Numbers,11,07,0.0,0.0,0.0,0.7143,0.0,0.0,0.0,7.0,2.25,0.0,0.0
TgO_Numbers,11,08,0.0,0.0,0.0,0.5714,0.0,0.0,0.0,21.0,2.4545,0.0,0.0
TgO_Numbers,11,09,0.0,0.0,0.0,0.7778,0.0,0.0,0.0,9.0,2.2,0.0,0.0
TgO_Numbers,11,10,0.0,0.0,0.0,0.75,0.0,0.0,0.0,16.0,2.9412,0.0,0.0
TgO_Numbers,11,11,0.0,0.0,0.0,0.8421,0.0,0.0,0.0,19.0,2.75,0.0,0.0
TgO_Numbers,11,12,0.0,0.0,0.0,0.9048,0.0,0.0,0.0,21.0,2.8636,0.0,0.0
TgO_Numbers,11,13,0.0,0.0,0.0,0.8,0.0,0.0,0.0,15.0,2.6875,0.0,0.0
TgO_Numbers,11,14,0.0,0.0,0.0,0.9231,0.0,0.0,0.0,13.0,2.7857,0.0,0.0
TgO_Numbers,11,15,0.0,0.0,0.0,0.7333,0.0,0.0,0.0,15.0,2.6875,0.0,0.0
TgO_Numbers,11,16,0.0,0.0,0.0,0.6818,0.0,0.0,0.0,22.0,2.9565,0.0,0.0
TgO_Numbers,11,17,0.0,0.0,0.0,0.5556,0.0,0.0,0.0,18.0,2.3684,0.0,0.0
TgO_Numbers,11,18,0.0,0.0,0.0,0.5652,0.0,0.0,0.0,23.0,2.7917,0.0,0.0
TgO_Numbers,11,19,0.0,0.0,0.0,0.5625,0.0,0.0,0.0,16.0,2.6471,0.0,0.0
TgO_Numbers,11,20,0.0,0.0,0.0,0.7917,0.0,0.0,0.0,24.0,2.92,0.0,0.0
TgO_Numbers,11,21,0.0,0.0,0.0,0.7778,0.0,0.0,0.0,18.0,2.8947,0.0,0.0
TgO_Numbers,11,22,0.0,0.0,0.0,0.6667,0.0,0.0,0.0,15.0,3.125,0.0,0.0
TgO_Numbers,11,23,0.0,0.0,0.0,0.75,0.0,0.0,0.0,12.0,2.7692,0.0,0.0
TgO_Numbers,11,24,0.0,0.0,0.0,0.5714,0.0,0.0,0.0,21.0,3.0,0.0,0.0
TgO_Numbers,11,25,0.0,0.0,0.0,0.6087,0.0,0.0,0.0,23.0,2.4167,0.0,0.0
TgO_Numbers,11,26,0.0,0.0,0.0,0.5714,0.0,0.0,0.0,21.0,2.8182,0.0,0.0
TgO_Numbers,11,27,0.0,0.0,0.0,0.4444,0.0,0.0,0.0,9.0,3.0,0.0,0.0
TgO_Numbers,11,28,0.0,0.0,0.0,0.5455,0.0,0.0,0.0,11.0,3.6667,0.0,0.0
TgO_Numbers,11,29,0.0,0.0,0.0,0.8095,0.0,0.0,0.0,21.0,3.0,0.0,0.0
TgO_Numbers,11,30,0.0,0.0,0.0,0.5,0.0,0.0,0.0,6.0,3.2857,0.0,0.0
TgO_Numbers,11,31,0.0,0.0,0.0,0.76,0.0,0.0,0.0,25.0,3.1923,0.0,0.0
TgO_Numbers,11,32,0.0,0.0,0.0,0.6818,0.0,0.0,0.0,22.0,3.5217,0.0,0.0
TgO_Numbers,11,33,0.0,0.0,0.0,0.8235,0.0,0.0,0.0,17.0,2.7222,0.0,0.0
TgO_Numbers,11,34,0.0,0.0,0.0,0.7692,0.0,0.0,0.0,13.0,2.5,0.0,0.0
TgO_Numbers,11,35,0.0,0.0,0.0,0.8571,0.0,0.0,0.0,7.0,3.125,0.0,0.0
TgO_Numbers,12,01,0.0,0.0,0.0,0.6154,0.0,0.0,0.0,13.0,3.4286,0.0,0.0
TgO_Numbers,12,02,0.0,0.0,0.0,0.6667,0.0,0.0,0.0,15.0,2.5,0.0,0.0
TgO_Numbers,12,03,0.0,0.0,0.0,0.875,0.0,0.0,0.0,8.0,3.3333,0.0,0.0
TgO_Numbers,12,04,0.0,0.0,0.0,0.5833,0.0,0.0,0.0,12.0,3.0,0.0,0.0
TgO_Numbers,12,05,0.0,0.0,0.0,0.5385,0.0,0.0,0.0,13.0,2.5,0.0,0.0
TgO_Numbers,12,06,0.0,0.0,0.0,0.7222,0.0,0.0,0.0,18.0,2.9474,0.0,0.0
TgO_Numbers,12,07,0.0,0.0,0.0,0.875,0.0,0.0,0.0,8.0,2.6667,0.0,0.0
TgO_Numbers,12,08,0.0,0.0,0.0,0.5556,0.0,0.0,0.0,18.0,2.4211,0.0,0.0
TgO_Numbers,12,09,0.0,0.0,0.0,0.8,0.0,0.0,0.0,5.0,2.1667,0.0,0.0
TgO_Numbers,12,10,0.0,0.0,0.0,0.5333,0.0,0.0,0.0,15.0,3.875,0.0,0.0
TgO_Numbers,12,11,0.0,0.0,0.0,0.75,0.0,0.0,0.0,12.0,3.3077,0.0,0.0
TgO_Numbers,12,12,0.0,0.0,0.0,0.9375,0.0,0.0,0.0,16.0,2.8824,0.0,0.0
TgO_Numbers,12,13,0.0,0.0,0.0,0.9,0.0,0.0,0.0,10.0,2.8182,0.0,0.0
TgO_Numbers,12,14,0.0,0.0,0.0,0.7,0.0,0.0,0.0,20.0,3.0952,0.0,0.0
TgO_Numbers,12,15,0.0,0.0,0.0,0.75,0.0,0.0,0.0,12.0,3.5385,0.0,0.0
TgO_Numbers,12,16,0.0,0.0,0.0,0.75,0.0,0.0,0.0,8.0,2.6667,0.0,0.0
TgO_Numbers,13,01,0.0,0.0,0.0,0.8,0.0,0.0,0.0,5.0,2.1667,0.0,0.0
TgO_Numbers,13,02,0.0,0.0,0.0,0.6667,0.0,0.0,0.0,21.0,2.9545,0.0,0.0
TgO_Numbers,13,03,0.0,0.0,0.0,0.7857,0.0,0.0,0.0,14.0,3.2,0.0,0.0
TgO_Numbers,13,04,0.0,0.0,0.0,0.5714,0.0,0.0,0.0,7.0,3.625,0.0,0.0
TgO_Numbers,13,05,0.0,0.0,0.0,0.4,0.0,0.0,0.0,5.0,4.3333,0.0,0.0
TgO_Numbers,13,06,0.0,0.0,0.0,0.4,0.0,0.0,0.0,5.0,4.3333,0.0,0.0
TgO_Numbers,13,07,0.0,0.0,0.0,0.4,0.0,0.0,0.0,5.0,5.0,0.0,0.0
TgO_Numbers,13,08,0.0,0.0,0.0,0.4,0.0,0.0,0.0,5.0,3.6667,0.0,0.0
TgO_Numbers,13,09,0.0,0.0,0.0,0.4,0.0,0.0,0.0,5.0,4.6667,0.0,0.0
TgO_Numbers,13,10,0.0,0.0,0.0,0.4,0.0,0.0,0.0,5.0,4.6667,0.0,0.0
TgO_Numbers,13,11,0.0,0.0,0.0,0.2857,0.0,0.0,0.0,7.0,4.375,0.0,0.0
TgO_Numbers,13,12,0.0,0.0,0.0,0.4,0.0,0.0,0.0,5.0,4.3333,0.0,0.0
TgO_Numbers,13,13,0.0,0.0,0.0,0.4,0.0,0.0,0.0,5.0,4.3333,0.0,0.0
TgO_Numbers,13,14,0.0,0.0,0.0,0.4,0.0,0.0,0.0,5.0,4.6667,0.0,0.0
TgO_Numbers,13,15,0.0,0.0,0.0,0.4,0.0,0.0,0.0,5.0,3.8333,0.0,0.0
TgO_Numbers,13,16,0.0,0.0,0.0,0.6429,0.0,0.0,0.0,14.0,3.6,0.0,0.0
TgO_Numbers,13,17,0.0,0.0,0.0,0.5714,0.0,0.0,0.0,14.0,2.9333,0.0,0.0
TgO_Numbers,13,18,0.0,0.0,0.0,0.8235,0.0,0.0,0.0,17.0,2.3889,0.0,0.0
TgO_Numbers,13,19,0.0,0.0,0.0,0.5882,0.0,0.0,0.0,17.0,2.3889,0.0,0.0
TgO_Numbers,13,20,0.0,0.0,0.0,0.7368,0.0,0.0,0.0,19.0,2.7,0.0,0.0
TgO_Numbers,13,21,0.0,0.0,0.0,0.6,0.0,0.0,0.0,10.0,3.0909,0.0,0.0
TgO_Numbers,13,22,0.0,0.0,0.0,0.5,0.0,0.0,0.0,18.0,3.6842,0.0,0.0
TgO_Numbers,13,23,0.0,0.0,0.0,0.6471,0.0,0.0,0.0,17.0,2.5556,0.0,0.0
TgO_Numbers,13,24,0.0,0.0,0.0,0.8182,0.0,0.0,0.0,11.0,3.5,0.0,0.0
TgO_Numbers,13,25,0.0,0.0,0.0,0.8571,0.0,0.0,0.0,7.0,2.5,0.0,0.0
TgO_Numbers,13,26,0.0,0.0,0.0,0.4074,0.0,0.0,0.0,27.0,3.6071,0.0,0.0
TgO_Numbers,13,27,0.0,0.0,0.0,0.6154,0.0,0.0,0.0,13.0,2.4286,0.0,0.0
TgO_Numbers,13,28,0.0,0.0,0.0,0.9333,0.0,0.0,0.0,15.0,2.75,0.0,0.0
TgO_Numbers,13,29,0.0,0.0,0.0,0.5333,0.0,0.0,0.0,15.0,2.5,0.0,0.0
TgO_Numbers,13,30,0.0,0.0,0.0,0.4667,0.0,0.0,0.0,15.0,2.9375,0.0,0.0
TgO_Numbers,13,31,0.0,0.0,0.0,0.8462,0.0,0.0,0.0,13.0,2.5,0.0,0.0
TgO_Numbers,13,32,0.0,0.0,0.0,0.7308,0.0,0.0,0.0,26.0,2.6667,0.0,0.0
TgO_Numbers,13,33,0.0,0.0,0.0,0.6667,0.0,0.0,0.0,15.0,2.5,0.0,0.0
TgO_Numbers,14,01,0.0,0.0,0.0,0.8,0.0,0.0,0.0,10.0,2.2727,0.0,0.0
TgO_Numbers,14,02,0.0,0.0,0.0,0.4762,0.0,0.0,0.0,21.0,3.1818,0.0,0.0
TgO_Numbers,14,03,0.0,0.0,0.0,0.8235,0.0,0.0,0.0,17.0,3.1667,0.0,0.0
TgO_Numbers,14,04,0.0,0.0,0.0,0.7143,0.0,0.0,0.0,7.0,3.25,0.0,0.0
TgO_Numbers,14,05,0.0,0.0,0.0,0.7273,0.0,0.0,0.0,11.0,3.0833,0.0,0.0
TgO_Numbers,14,06,0.0,0.0,0.0,0.6667,0.0,0.0,0.0,12.0,2.7692,0.0,0.0
TgO_Numbers,14,07,0.0,0.0,0.0,0.8,0.0,0.0,0.0,15.0,2.875,0.0,0.0
TgO_Numbers,14,08,0.0,0.0,0.0,0.75,0.0,0.0,0.0,16.0,2.8824,0.0,0.0
TgO_Numbers,14,09,0.0,0.0,0.0,0.6667,0.0,0.0,0.0,24.0,2.48,0.0,0.0
TgO_Numbers,14,10,0.0,0.0,0.0,0.6667,0.0,0.0,0.0,15.0,2.625,0.0,0.0
TgO_Numbers,14,11,0.0,0.0,0.0,0.8421,0.0,0.0,0.0,19.0,2.8,0.0,0.0
TgO_Numbers,14,12,0.0,0.0,0.0,0.7778,0.0,0.0,0.0,9.0,1.9,0.0,0.0
TgO_Numbers,14,13,0.0,0.0,0.0,0.8462,0.0,0.0,0.0,13.0,3.0714,0.0,0.0
TgO_Numbers,14,14,0.0,0.0,0.0,0.6471,0.0,0.0,0.0,34.0,2.8286,0.0,0.0
TgO_Numbers,14,15,0.0,0.0,0.0,0.7143,0.0,0.0,0.0,14.0,2.3333,0.0,0.0
TgO_Numbers,14,16,0.0,0.0,0.0,0.9231,0.0,0.0,0.0,13.0,2.7857,0.0,0.0
TgO_Numbers,14,17,0.0,0.0,0.0,1.0,0.0,0.0,0.0,9.0,2.9,0.0,0.0
TgO_Numbers,14,18,0.0,0.0,0.0,0.7333,0.0,0.0,0.0,30.0,2.7419,0.0,0.0
TgO_Numbers,14,19,0.0,0.0,0.0,0.6429,0.0,0.0,0.0,14.0,2.4,0.0,0.0
TgO_Numbers,14,20,0.0,0.0,0.0,1.0,0.0,0.0,0.0,4.0,2.0,0.0,0.0
TgO_Numbers,14,21,0.0,0.0,0.0,0.8889,0.0,0.0,0.0,9.0,2.3,0.0,0.0
TgO_Numbers,14,22,0.0,0.0,0.0,0.8421,0.0,0.0,0.0,19.0,2.5,0.0,0.0
TgO_Numbers,14,23,0.0,0.0,0.0,0.9091,0.0,0.0,0.0,11.0,2.3333,0.0,0.0
TgO_Numbers,14,24,0.0,0.0,0.0,0.75,0.0,0.0,0.0,16.0,2.9412,0.0,0.0
TgO_Numbers,14,25,0.0,0.0,0.0,0.75,0.0,0.0,0.0,12.0,2.9231,0.0,0.0
TgO_Numbers,14,26,0.0,0.0,0.0,0.5714,0.0,0.0,0.0,7.0,3.5,0.0,0.0
TgO_Numbers,14,27,0.0,0.0,0.0,0.7368,0.0,0.0,0.0,19.0,3.15,0.0,0.0
TgO_Numbers,14,28,0.0,0.0,0.0,0.7857,0.0,0.0,0.0,14.0,3.2667,0.0,0.0
TgO_Numbers,14,29,0.0,0.0,0.0,0.9286,0.0,0.0,0.0,14.0,2.7333,0.0,0.0
TgO_Numbers,14,30,0.0,0.0,0.0,0.6875,0.0,0.0,0.0,16.0,3.0,0.0,0.0
TgO_Numbers,14,31,0.0,0.0,0.0,0.7273,0.0,0.0,0.0,11.0,2.25,0.0,0.0
TgO_Numbers,14,32,0.0,0.0,0.0,1.0,0.0,0.0,0.0,5.0,2.3333,0.0,0.0
TgO_Numbers,14,33,0.0,0.0,0.0,0.8462,0.0,0.0,0.0,13.0,2.5714,0.0,0.0
TgO_Numbers,14,34,0.0,0.0,0.0,0.6,0.0,0.0,0.0,20.0,2.8571,0.0,0.0
TgO_Numbers,14,35,0.0,0.0,0.0,0.9,0.0,0.0,0.0,20.0,2.5238,0.0,0.0
TgO_Numbers,14,36,0.0,0.0,0.0,0.6471,0.0,0.0,0.0,17.0,2.5556,0.0,0.0
TgO_Numbers,14,37,0.0,0.0,0.0,0.9091,0.0,0.0,0.0,11.0,2.4167,0.0,0.0
TgO_Numbers,14,38,0.0,0.0,0.0,0.7143,0.0,0.0,0.0,14.0,2.7333,0.0,0.0
TgO_Numbers,14,39,0.0,0.0,0.0,0.5714,0.0,0.0,0.0,14.0,2.7333,0.0,0.0
TgO_Numbers,14,40,0.0,0.0,0.0,0.8571,0.0,0.0,0.0,14.0,2.6667,0.0,0.0
TgO_Numbers,14,41,0.0,0.0,0.0,0.8462,0.0,0.0,0.0,13.0,3.0,0.0,0.0
TgO_Numbers,14,42,0.0,0.0,0.0,1.0,0.0,0.0,0.0,11.0,3.0,0.0,0.0
TgO_Numbers,14,43,0.0,0.0,0.0,0.7222,0.0,0.0,0.0,18.0,3.1053,0.0,0.0
TgO_Numbers,14,44,0.0,0.0,0.0,0.8333,0.0,0.0,0.0,12.0,2.6923,0.0,0.0
TgO_Numbers,14,45,0.0,0.0,0.0,0.6,0.0,0.0,0.0,10.0,2.8182,0.0,0.0
TgO_Numbers,15,01,0.0,0.0,0.0,0.8,0.0,0.0,0.0,5.0,2.1667,0.0,0.0
TgO_Numbers,15,02,0.0,0.0,0.0,0.7692,0.0,0.0,0.0,13.0,3.3571,0.0,0.0
TgO_Numbers,15,03,0.0,0.0,0.0,0.6667,0.0,0.0,0.0,24.0,2.6,0.0,0.0
TgO_Numbers,15,04,0.0,0.0,0.0,1.0,0.0,0.0,0.0,12.0,3.0769,0.0,0.0
TgO_Numbers,15,05,0.0,0.0,0.0,1.0,0.0,0.0,0.0,12.0,2.6923,0.0,0.0
TgO_Numbers,15,06,0.0,0.0,0.0,1.0,0.0,0.0,0.0,11.0,3.0833,0.0,0.0
TgO_Numbers,15,07,0.0,0.0,0.0,1.0,0.0,0.0,0.0,9.0,2.6,0.0,0.0
TgO_Numbers,15,08,0.0,0.0,0.0,0.8125,0.0,0.0,0.0,16.0,2.7647,0.0,0.0
TgO_Numbers,15,09,0.0,0.0,0.0,1.0,0.0,0.0,0.0,12.0,2.8462,0.0,0.0
TgO_Numbers,15,10,0.0,0.0,0.0,1.0,0.0,0.0,0.0,10.0,2.8182,0.0,0.0
TgO_Numbers,15,11,0.0,0.0,0.0,0.6923,0.0,0.0,0.0,13.0,2.2857,0.0,0.0
TgO_Numbers,15,12,0.0,0.0,0.0,0.6667,0.0,0.0,0.0,6.0,2.2857,0.0,0.0
TgO_Numbers,15,13,0.0,0.0,0.0,1.0,0.0,0.0,0.0,12.0,2.9231,0.0,0.0
TgO_Numbers,15,14,0.0,0.0,0.0,0.8333,0.0,0.0,0.0,18.0,2.7368,0.0,0.0
TgO_Numbers,15,15,0.0,0.0,0.0,0.8125,0.0,0.0,0.0,16.0,2.8824,0.0,0.0
TgO_Numbers,15,16,0.0,0.0,0.0,0.6667,0.0,0.0,0.0,9.0,2.7,0.0,0.0
TgO_Numbers,15,17,0.0,0.0,0.0,0.8,0.0,0.0,0.0,5.0,2.1667,0.0,0.0
TgO_Numbers,15,18,0.0,0.0,0.0,0.8333,0.0,0.0,0.0,12.0,3.0769,0.0,0.0
TgO_Numbers,15,19,0.0,0.0,0.0,1.0,0.0,0.0,0.0,8.0,3.2222,0.0,0.0
TgO_Numbers,15,20,0.0,0.0,0.0,0.8333,0.0,0.0,0.0,12.0,3.3846,0.0,0.0
TgO_Numbers,15,21,0.0,0.0,0.0,1.0,0.0,0.0,0.0,7.0,3.375,0.0,0.0
TgO_Numbers,15,22,0.0,0.0,0.0,0.8333,0.0,0.0,0.0,12.0,2.7692,0.0,0.0
TgO_Numbers,15,23,0.0,0.0,0.0,0.7692,0.0,0.0,0.0,13.0,2.6429,0.0,0.0
TgO_Numbers,15,24,0.0,0.0,0.0,0.6923,0.0,0.0,0.0,26.0,2.5185,0.0,0.0
TgO_Numbers,15,25,0.0,0.0,0.0,0.5833,0.0,0.0,0.0,24.0,3.0,0.0,0.0
TgO_Numbers,15,26,0.0,0.0,0.0,0.75,0.0,0.0,0.0,12.0,2.8462,0.0,0.0
TgO_Numbers,15,27,0.0,0.0,0.0,0.8,0.0,0.0,0.0,10.0,2.5455,0.0,0.0
TgO_Numbers,15,28,0.0,0.0,0.0,0.6923,0.0,0.0,0.0,13.0,2.5,0.0,0.0
TgO_Numbers,15,29,0.0,0.0,0.0,0.75,0.0,0.0,0.0,12.0,3.1538,0.0,0.0
TgO_Numbers,15,30,0.0,0.0,0.0,0.8824,0.0,0.0,0.0,17.0,2.7778,0.0,0.0
TgO_Numbers,15,31,0.0,0.0,0.0,0.9286,0.0,0.0,0.0,14.0,2.9333,0.0,0.0
TgO_Numbers,15,32,0.0,0.0,0.0,0.7273,0.0,0.0,0.0,11.0,2.4167,0.0,0.0
TgO_Numbers,15,33,0.0,0.0,0.0,0.6429,0.0,0.0,0.0,14.0,2.8,0.0,0.0
TgO_Numbers,15,34,0.0,0.0,0.0,0.8182,0.0,0.0,0.0,11.0,2.8333,0.0,0.0
TgO_Numbers,15,35,0.0,0.0,0.0,0.8462,0.0,0.0,0.0,13.0,3.4286,0.0,0.0
TgO_Numbers,15,36,0.0,0.0,0.0,0.6667,0.0,0.0,0.0,15.0,3.25,0.0,0.0
TgO_Numbers,15,37,0.0,0.0,0.0,0.8,0.0,0.0,0.0,5.0,3.0,0.0,0.0
TgO_Numbers,15,38,0.0,0.0,0.0,0.5238,0.0,0.0,0.0,21.0,3.3636,0.0,0.0
TgO_Numbers,15,39,0.0,0.0,0.0,0.5652,0.0,0.0,0.0,23.0,2.875,0.0,0.0
TgO_Numbers,15,40,0.0,0.0,0.0,0.9,0.0,0.0,0.0,10.0,2.6364,0.0,0.0
TgO_Numbers,15,41,0.0,0.0,0.0,0.5385,0.0,0.0,0.0,13.0,3.1429,0.0,0.0
TgO_Numbers,16,01,0.0,0.0,0.0,0.1176,0.0,0.0,0.0,17.0,3.4444,0.0,0.0
TgO_Numbers,16,02,0.0,0.0,0.0,0.7143,0.0,0.0,0.0,14.0,3.0667,0.0,0.0
TgO_Numbers,16,03,0.0,0.0,0.0,0.5417,0.0,0.0,0.0,24.0,3.32,0.0,0.0
TgO_Numbers,16,04,0.0,0.0,0.0,0.6,0.0,0.0,0.0,5.0,2.5,0.0,0.0
TgO_Numbers,16,05,0.0,0.0,0.0,0.6818,0.0,0.0,0.0,22.0,2.7826,0.0,0.0
TgO_Numbers,16,06,0.0,0.0,0.0,0.75,0.0,0.0,0.0,8.0,3.2222,0.0,0.0
TgO_Numbers,16,07,0.0,0.0,0.0,0.7143,0.0,0.0,0.0,21.0,2.9545,0.0,0.0
TgO_Numbers,16,08,0.0,0.0,0.0,0.5714,0.0,0.0,0.0,7.0,3.5,0.0,0.0
TgO_Numbers,16,09,0.0,0.0,0.0,0.7619,0.0,0.0,0.0,21.0,3.5455,0.0,0.0
TgO_Numbers,16,10,0.0,0.0,0.0,0.6875,0.0,0.0,0.0,16.0,2.6471,0.0,0.0
TgO_Numbers,16,11,0.0,0.0,0.0,0.8462,0.0,0.0,0.0,13.0,2.6429,0.0,0.0
TgO_Numbers,16,12,0.0,0.0,0.0,0.5,0.0,0.0,0.0,10.0,3.0909,0.0,0.0
TgO_Numbers,16,13,0.0,0.0,0.0,0.9286,0.0,0.0,0.0,14.0,2.6,0.0,0.0
TgO_Numbers,16,14,0.0,0.0,0.0,0.7895,0.0,0.0,0.0,19.0,2.75,0.0,0.0
TgO_Numbers,16,15,0.0,0.0,0.0,0.65,0.0,0.0,0.0,20.0,3.0476,0.0,0.0
TgO_Numbers,16,16,0.0,0.0,0.0,0.5714,0.0,0.0,0.0,14.0,3.0,0.0,0.0
TgO_Numbers,16,17,0.0,0.0,0.0,0.5263,0.0,0.0,0.0,19.0,3.0,0.0,0.0
TgO_Numbers,16,18,0.0,0.0,0.0,0.625,0.0,0.0,0.0,16.0,2.5294,0.0,0.0
TgO_Numbers,16,19,0.0,0.0,0.0,0.7143,0.0,0.0,0.0,14.0,2.8667,0.0,0.0
TgO_Numbers,16,20,0.0,0.0,0.0,0.5,0.0,0.0,0.0,8.0,3.0,0.0,0.0
TgO_Numbers,16,21,0.0,0.0,0.0,1.0,0.0,0.0,0.0,7.0,2.75,0.0,0.0
TgO_Numbers,16,22,0.0,0.0,0.0,0.8235,0.0,0.0,0.0,17.0,2.6111,0.0,0.0
TgO_Numbers,16,23,0.0,0.0,0.0,0.8,0.0,0.0,0.0,5.0,2.1667,0.0,0.0
TgO_Numbers,16,24,0.0,0.0,0.0,0.8,0.0,0.0,0.0,10.0,3.9091,0.0,0.0
TgO_Numbers,16,25,0.0,0.0,0.0,0.4,0.0,0.0,0.0,10.0,3.0,0.0,0.0
TgO_Numbers,16,26,0.0,0.0,0.0,0.8947,0.0,0.0,0.0,19.0,3.05,0.0,0.0
TgO_Numbers,16,27,0.0,0.0,0.0,0.4375,0.0,0.0,0.0,16.0,3.3529,0.0,0.0
TgO_Numbers,16,28,0.0,0.0,0.0,0.8667,0.0,0.0,0.0,15.0,2.5625,0.0,0.0
TgO_Numbers,16,29,0.0,0.0,0.0,0.8571,0.0,0.0,0.0,14.0,2.4,0.0,0.0
TgO_Numbers,16,30,0.0,0.0,0.0,0.7083,0.0,0.0,0.0,24.0,2.76,0.0,0.0
TgO_Numbers,16,31,0.0,0.0,0.0,0.9091,0.0,0.0,0.0,11.0,2.6667,0.0,0.0
TgO_Numbers,16,32,0.0,0.0,0.0,0.5,0.0,0.0,0.0,16.0,2.5882,0.0,0.0
TgO_Numbers,16,33,0.0,0.0,0.0,0.7692,0.0,0.0,0.0,13.0,2.7143,0.0,0.0
TgO_Numbers,16,34,0.0,0.0,0.0,0.9,0.0,0.0,0.0,10.0,3.1818,0.0,0.0
TgO_Numbers,16,35,0.0,0.0,0.0,0.8333,0.0,0.0,0.0,12.0,3.0769,0.0,0.0
TgO_Numbers,17,01,0.0,0.0,0.0,0.8,0.0,0.0,0.0,5.0,2.1667,0.0,0.0
TgO_Numbers,17,02,0.0,0.0,0.0,0.8125,0.0,0.0,0.0,16.0,3.8235,0.0,0.0
TgO_Numbers,17,03,0.0,0.0,0.0,0.7391,0.0,0.0,0.0,23.0,2.9167,0.0,0.0
TgO_Numbers,17,04,0.0,0.0,0.0,0.8182,0.0,0.0,0.0,11.0,3.3333,0.0,0.0
TgO_Numbers,17,05,0.0,0.0,0.0,0.7407,0.0,0.0,0.0,27.0,3.5357,0.0,0.0
TgO_Numbers,17,06,0.0,0.0,0.0,0.7647,0.0,0.0,0.0,17.0,3.1667,0.0,0.0
TgO_Numbers,17,07,0.0,0.0,0.0,0.625,0.0,0.0,0.0,16.0,2.9412,0.0,0.0
TgO_Numbers,17,08,0.0,0.0,0.0,0.6667,0.0,0.0,0.0,6.0,2.8571,0.0,0.0
TgO_Numbers,17,09,0.0,0.0,0.0,0.8,0.0,0.0,0.0,5.0,2.1667,0.0,0.0
TgO_Numbers,17,10,0.0,0.0,0.0,0.9,0.0,0.0,0.0,10.0,2.7273,0.0,0.0
TgO_Numbers,17,11,0.0,0.0,0.0,0.7308,0.0,0.0,0.0,26.0,3.3704,0.0,0.0
TgO_Numbers,17,12,0.0,0.0,0.0,0.6842,0.0,0.0,0.0,19.0,3.0,0.0,0.0
TgO_Numbers,17,13,0.0,0.0,0.0,0.7143,0.0,0.0,0.0,7.0,2.5,0.0,0.0
TgO_Numbers,17,14,0.0,0.0,0.0,0.75,0.0,0.0,0.0,12.0,3.5385,0.0,0.0
TgO_Numbers,17,15,0.0,0.0,0.0,0.6,0.0,0.0,0.0,10.0,3.4545,0.0,0.0
TgO_Numbers,17,16,0.0,0.0,0.0,0.8,0.0,0.0,0.0,5.0,2.1667,0.0,0.0
TgO_Numbers,17,17,0.0,0.0,0.0,0.6818,0.0,0.0,0.0,22.0,3.1304,0.0,0.0
TgO_Numbers,17,18,0.0,0.0,0.0,0.75,0.0,0.0,0.0,12.0,3.6154,0.0,0.0
TgO_Numbers,17,19,0.0,0.0,0.0,0.7778,0.0,0.0,0.0,9.0,3.0,0.0,0.0
TgO_Numbers,17,20,0.0,0.0,0.0,0.8667,0.0,0.0,0.0,15.0,3.1875,0.0,0.0
TgO_Numbers,17,21,0.0,0.0,0.0,0.4545,0.0,0.0,0.0,22.0,3.1304,0.0,0.0
TgO_Numbers,17,22,0.0,0.0,0.0,0.875,0.0,0.0,0.0,8.0,2.7778,0.0,0.0
TgO_Numbers,17,23,0.0,0.0,0.0,0.5789,0.0,0.0,0.0,19.0,2.95,0.0,0.0
TgO_Numbers,17,24,0.0,0.0,0.0,0.5333,0.0,0.0,0.0,15.0,3.0,0.0,0.0
TgO_Numbers,17,25,0.0,0.0,0.0,0.7778,0.0,0.0,0.0,18.0,3.6842,0.0,0.0
TgO_Numbers,17,26,0.0,0.0,0.0,0.875,0.0,0.0,0.0,8.0,2.6667,0.0,0.0
TgO_Numbers,17,27,0.0,0.0,0.0,0.6471,0.0,0.0,0.0,17.0,2.7222,0.0,0.0
TgO_Numbers,17,28,0.0,0.0,0.0,0.9,0.0,0.0,0.0,10.0,2.9091,0.0,0.0
TgO_Numbers,18,01,0.0,0.0,0.0,0.5,0.0,0.0,0.0,18.0,2.6316,0.0,0.0
TgO_Numbers,18,02,0.0,0.0,0.0,0.6667,0.0,0.0,0.0,18.0,2.6316,0.0,0.0
TgO_Numbers,18,03,0.0,0.0,0.0,0.7647,0.0,0.0,0.0,17.0,2.7222,0.0,0.0
TgO_Numbers,18,04,0.0,0.0,0.0,0.7857,0.0,0.0,0.0,14.0,2.6667,0.0,0.0
TgO_Numbers,18,05,0.0,0.0,0.0,0.7143,0.0,0.0,0.0,14.0,3.0,0.0,0.0
TgO_Numbers,18,06,0.0,0.0,0.0,0.8421,0.0,0.0,0.0,19.0,3.2,0.0,0.0
TgO_Numbers,18,07,0.0,0.0,0.0,0.6667,0.0,0.0,0.0,21.0,2.9091,0.0,0.0
TgO_Numbers,18,08,0.0,0.0,0.0,0.6364,0.0,0.0,0.0,22.0,3.8696,0.0,0.0
TgO_Numbers,18,09,0.0,0.0,0.0,0.6957,0.0,0.0,0.0,23.0,2.9583,0.0,0.0
TgO_Numbers,18,10,0.0,0.0,0.0,0.7,0.0,0.0,0.0,10.0,2.8182,0.0,0.0
TgO_Numbers,18,11,0.0,0.0,0.0,0.7,0.0,0.0,0.0,20.0,3.0476,0.0,0.0
TgO_Numbers,18,12,0.0,0.0,0.0,0.7692,0.0,0.0,0.0,13.0,2.7143,0.0,0.0
TgO_Numbers,18,13,0.0,0.0,0.0,0.9167,0.0,0.0,0.0,12.0,2.9231,0.0,0.0
TgO_Numbers,18,14,0.0,0.0,0.0,1.0,0.0,0.0,0.0,5.0,2.3333,0.0,0.0
TgO_Numbers,18,15,0.0,0.0,0.0,0.6957,0.0,0.0,0.0,23.0,2.9167,0.0,0.0
TgO_Numbers,18,16,0.0,0.0,0.0,0.9231,0.0,0.0,0.0,13.0,2.7143,0.0,0.0
TgO_Numbers,18,17,0.0,0.0,0.0,0.8846,0.0,0.0,0.0,26.0,2.8519,0.0,0.0
TgO_Numbers,18,18,0.0,0.0,0.0,0.6667,0.0,0.0,0.0,9.0,2.7,0.0,0.0
TgO_Numbers,18,19,0.0,0.0,0.0,0.5833,0.0,0.0,0.0,24.0,3.08,0.0,0.0
TgO_Numbers,18,20,0.0,0.0,0.0,0.65,0.0,0.0,0.0,20.0,2.9524,0.0,0.0
TgO_Numbers,18,21,0.0,0.0,0.0,0.875,0.0,0.0,0.0,16.0,3.2353,0.0,0.0
TgO_Numbers,18,22,0.0,0.0,0.0,0.9,0.0,0.0,0.0,10.0,3.0,0.0,0.0
TgO_Numbers,18,23,0.0,0.0,0.0,0.8421,0.0,0.0,0.0,19.0,3.0,0.0,0.0
TgO_Numbers,18,24,0.0,0.0,0.0,0.7619,0.0,0.0,0.0,21.0,3.8182,0.0,0.0
TgO_Numbers,18,25,0.0,0.0,0.0,0.8,0.0,0.0,0.0,5.0,2.1667,0.0,0.0
TgO_Numbers,18,26,0.0,0.0,0.0,0.5385,0.0,0.0,0.0,26.0,3.2222,0.0,0.0
TgO_Numbers,18,27,0.0,0.0,0.0,0.6667,0.0,0.0,0.0,9.0,3.5,0.0,0.0
TgO_Numbers,18,28,0.0,0.0,0.0,0.6818,0.0,0.0,0.0,22.0,3.5217,0.0,0.0
TgO_Numbers,18,29,0.0,0.0,0.0,0.7143,0.0,0.0,0.0,14.0,3.1333,0.0,0.0
TgO_Numbers,18,30,0.0,0.0,0.0,0.75,0.0,0.0,0.0,12.0,2.7692,0.0,0.0
TgO_Numbers,18,31,0.0,0.0,0.0,0.8,0.0,0.0,0.0,15.0,2.9375,0.0,0.0
TgO_Numbers,18,32,0.0,0.0,0.0,0.8125,0.0,0.0,0.0,16.0,2.6471,0.0,0.0
TgO_Numbers,19,01,0.0,0.0,0.0,0.5,0.0,0.0,0.0,8.0,3.0,0.0,0.0
TgO_Numbers,19,02,0.0,0.0,0.0,0.9091,0.0,0.0,0.0,22.0,2.9565,0.0,0.0
TgO_Numbers,19,03,0.0,0.0,0.0,0.5455,0.0,0.0,0.0,11.0,3.3333,0.0,0.0
TgO_Numbers,19,04,0.0,0.0,0.0,0.7143,0.0,0.0,0.0,14.0,3.0,0.0,0.0
TgO_Numbers,19,05,0.0,0.0,0.0,0.7692,0.0,0.0,0.0,13.0,2.5,0.0,0.0
TgO_Numbers,19,06,0.0,0.0,0.0,0.7273,0.0,0.0,0.0,11.0,2.6667,0.0,0.0
TgO_Numbers,19,07,0.0,0.0,0.0,0.7333,0.0,0.0,0.0,15.0,2.5,0.0,0.0
TgO_Numbers,19,08,0.0,0.0,0.0,0.75,0.0,0.0,0.0,12.0,2.3077,0.0,0.0
TgO_Numbers,19,09,0.0,0.0,0.0,0.8,0.0,0.0,0.0,20.0,3.381,0.0,0.0
TgO_Numbers,19,10,0.0,0.0,0.0,0.7368,0.0,0.0,0.0,19.0,2.7,0.0,0.0
TgO_Numbers,19,11,0.0,0.0,0.0,1.0,0.0,0.0,0.0,10.0,2.4545,0.0,0.0
TgO_Numbers,19,12,0.0,0.0,0.0,0.5,0.0,0.0,0.0,18.0,2.7895,0.0,0.0
TgO_Numbers,19,13,0.0,0.0,0.0,0.8148,0.0,0.0,0.0,27.0,2.7143,0.0,0.0
TgO_Numbers,19,14,0.0,0.0,0.0,0.9333,0.0,0.0,0.0,15.0,2.8125,0.0,0.0
TgO_Numbers,19,15,0.0,0.0,0.0,1.0,0.0,0.0,0.0,11.0,2.75,0.0,0.0
TgO_Numbers,19,16,0.0,0.0,0.0,0.7059,0.0,0.0,0.0,17.0,2.5556,0.0,0.0
TgO_Numbers,19,17,0.0,0.0,0.0,0.9,0.0,0.0,0.0,10.0,2.7273,0.0,0.0
TgO_Numbers,19,18,0.0,0.0,0.0,0.5385,0.0,0.0,0.0,26.0,2.3704,0.0,0.0
TgO_Numbers,19,19,0.0,0.0,0.0,0.4706,0.0,0.0,0.0,17.0,2.7222,0.0,0.0
TgO_Numbers,19,20,0.0,0.0,0.0,0.7391,0.0,0.0,0.0,23.0,2.8333,0.0,0.0
TgO_Numbers,19,21,0.0,0.0,0.0,0.75,0.0,0.0,0.0,16.0,2.9412,0.0,0.0
TgO_Numbers,19,22,0.0,0.0,0.0,0.6154,0.0,0.0,0.0,13.0,2.5,0.0,0.0
TgO_Numbers,20,01,0.0,0.0,0.0,0.5294,0.0,0.0,0.0,17.0,3.0556,0.0,0.0
TgO_Numbers,20,02,0.0,0.0,0.0,0.5556,0.0,0.0,0.0,9.0,3.3,0.0,0.0
TgO_Numbers,20,03,0.0,0.0,0.0,0.75,0.0,0.0,0.0,12.0,2.4615,0.0,0.0
TgO_Numbers,20,04,0.0,0.0,0.0,0.9091,0.0,0.0,0.0,11.0,2.75,0.0,0.0
TgO_Numbers,20,05,0.0,0.0,0.0,0.7273,0.0,0.0,0.0,22.0,2.4783,0.0,0.0
TgO_Numbers,20,06,0.0,0.0,0.0,0.6667,0.0,0.0,0.0,15.0,3.25,0.0,0.0
TgO_Numbers,20,07,0.0,0.0,0.0,0.8,0.0,0.0,0.0,5.0,2.1667,0.0,0.0
TgO_Numbers,20,08,0.0,0.0,0.0,0.52,0.0,0.0,0.0,25.0,2.8462,0.0,0.0
TgO_Numbers,20,09,0.0,0.0,0.0,0.875,0.0,0.0,0.0,8.0,3.5556,0.0,0.0
TgO_Numbers,20,10,0.0,0.0,0.0,0.6667,0.0,0.0,0.0,18.0,3.0526,0.0,0.0
TgO_Numbers,20,11,0.0,0.0,0.0,0.6875,0.0,0.0,0.0,16.0,2.7059,0.0,0.0
TgO_Numbers,20,12,0.0,0.0,0.0,0.7619,0.0,0.0,0.0,21.0,3.1818,0.0,0.0
TgO_Numbers,20,13,0.0,0.0,0.0,0.9,0.0,0.0,0.0,10.0,2.9091,0.0,0.0
TgO_Numbers,20,14,0.0,0.0,0.0,0.7778,0.0,0.0,0.0,18.0,3.2632,0.0,0.0
TgO_Numbers,20,15,0.0,0.0,0.0,0.5455,0.0,0.0,0.0,11.0,2.75,0.0,0.0
TgO_Numbers,20,16,0.0,0.0,0.0,0.7333,0.0,0.0,0.0,15.0,2.75,0.0,0.0
TgO_Numbers,20,17,0.0,0.0,0.0,0.6667,0.0,0.0,0.0,21.0,2.5909,0.0,0.0
TgO_Numbers,20,18,0.0,0.0,0.0,0.7273,0.0,0.0,0.0,11.0,2.9167,0.0,0.0
TgO_Numbers,20,19,0.0,0.0,0.0,0.7,0.0,0.0,0.0,20.0,3.0476,0.0,0.0
TgO_Numbers,20,20,0.0,0.0,0.0,0.8,0.0,0.0,0.0,10.0,2.7273,0.0,0.0
TgO_Numbers,20,21,0.0,0.0,0.0,0.6667,0.0,0.0,0.0,12.0,3.2308,0.0,0.0
TgO_Numbers,20,22,0.0,0.0,0.0,0.6667,0.0,0.0,0.0,9.0,3.0,0.0,0.0
TgO_Numbers,20,23,0.0,0.0,0.0,0.7273,0.0,0.0,0.0,11.0,3.0,0.0,0.0
TgO_Numbers,20,24,0.0,0.0,0.0,0.875,0.0,0.0,0.0,16.0,3.1765,0.0,0.0
TgO_Numbers,20,25,0.0,0.0,0.0,0.5,0.0,0.0,0.0,10.0,3.3636,0.0,0.0
TgO_Numbers,20,26,0.0,0.0,0.0,0.4615,0.0,0.0,0.0,13.0,2.7143,0.0,0.0
TgO_Numbers,20,27,0.0,0.0,0.0,0.7273,0.0,0.0,0.0,11.0,3.4167,0.0,0.0
TgO_Numbers,20,28,0.0,0.0,0.0,0.381,0.0,0.0,0.0,21.0,3.0,0.0,0.0
TgO_Numbers,20,29,0.0,0.0,0.0,0.6429,0.0,0.0,0.0,14.0,3.2667,0.0,0.0
TgO_Numbers,21,01,0.0,0.0,0.0,0.7647,0.0,0.0,0.0,17.0,3.2222,0.0,0.0
TgO_Numbers,21,02,0.0,0.0,0.0,0.6875,0.0,0.0,0.0,16.0,2.5882,0.0,0.0
TgO_Numbers,21,03,0.0,0.0,0.0,0.5333,0.0,0.0,0.0,15.0,3.0625,0.0,0.0
TgO_Numbers,21,04,0.0,0.0,0.0,0.8571,0.0,0.0,0.0,14.0,2.8667,0.0,0.0
TgO_Numbers,21,05,0.0,0.0,0.0,0.7308,0.0,0.0,0.0,26.0,2.7407,0.0,0.0
TgO_Numbers,21,06,0.0,0.0,0.0,0.6923,0.0,0.0,0.0,13.0,2.2143,0.0,0.0
TgO_Numbers,21,07,0.0,0.0,0.0,0.5833,0.0,0.0,0.0,24.0,2.92,0.0,0.0
TgO_Numbers,21,08,0.0,0.0,0.0,0.5625,0.0,0.0,0.0,16.0,2.4706,0.0,0.0
TgO_Numbers,21,09,0.0,0.0,0.0,0.6471,0.0,0.0,0.0,17.0,2.5556,0.0,0.0
TgO_Numbers,21,10,0.0,0.0,0.0,0.6,0.0,0.0,0.0,5.0,2.3333,0.0,0.0
TgO_Numbers,21,11,0.0,0.0,0.0,0.7,0.0,0.0,0.0,10.0,3.0,0.0,0.0
TgO_Numbers,21,12,0.0,0.0,0.0,0.8,0.0,0.0,0.0,5.0,2.8333,0.0,0.0
TgO_Numbers,21,13,0.0,0.0,0.0,0.5882,0.0,0.0,0.0,17.0,3.4444,0.0,0.0
TgO_Numbers,21,14,0.0,0.0,0.0,0.9231,0.0,0.0,0.0,13.0,2.8571,0.0,0.0
TgO_Numbers,21,15,0.0,0.0,0.0,0.625,0.0,0.0,0.0,8.0,3.6667,0.0,0.0
TgO_Numbers,21,16,0.0,0.0,0.0,0.6667,0.0,0.0,0.0,15.0,3.25,0.0,0.0
TgO_Numbers,21,17,0.0,0.0,0.0,0.7,0.0,0.0,0.0,10.0,3.5455,0.0,0.0
TgO_Numbers,21,18,0.0,0.0,0.0,0.9091,0.0,0.0,0.0,11.0,2.75,0.0,0.0
TgO_Numbers,21,19,0.0,0.0,0.0,0.7778,0.0,0.0,0.0,9.0,2.7,0.0,0.0
TgO_Numbers,21,20,0.0,0.0,0.0,0.6364,0.0,0.0,0.0,11.0,3.4167,0.0,0.0
TgO_Numbers,21,21,0.0,0.0,0.0,0.75,0.0,0.0,0.0,8.0,3.7778,0.0,0.0
TgO_Numbers,21,22,0.0,0.0,0.0,0.75,0.0,0.0,0.0,16.0,2.5294,0.0,0.0
TgO_Numbers,21,23,0.0,0.0,0.0,0.4762,0.0,0.0,0.0,21.0,3.5,0.0,0.0
TgO_Numbers,21,24,0.0,0.0,0.0,0.6667,0.0,0.0,0.0,18.0,3.4737,0.0,0.0
TgO_Numbers,21,25,0.0,0.0,0.0,0.5714,0.0,0.0,0.0,14.0,3.0667,0.0,0.0
TgO_Numbers,21,26,0.0,0.0,0.0,0.8,0.0,0.0,0.0,20.0,3.5238,0.0,0.0
TgO_Numbers,21,27,0.0,0.0,0.0,0.7778,0.0,0.0,0.0,9.0,4.2,0.0,0.0
TgO_Numbers,21,28,0.0,0.0,0.0,0.8182,0.0,0.0,0.0,22.0,3.2174,0.0,0.0
TgO_Numbers,21,29,0.0,0.0,0.0,0.8667,0.0,0.0,0.0,15.0,3.3125,0.0,0.0
TgO_Numbers,21,30,0.0,0.0,0.0,0.75,0.0,0.0,0.0,12.0,3.3077,0.0,0.0
TgO_Numbers,21,31,0.0,0.0,0.0,0.75,0.0,0.0,0.0,4.0,3.0,0.0,0.0
TgO_Numbers,21,32,0.0,0.0,0.0,0.5455,0.0,0.0,0.0,11.0,3.0,0.0,0.0
TgO_Numbers,21,33,0.0,0.0,0.0,0.6,0.0,0.0,0.0,15.0,3.5625,0.0,0.0
TgO_Numbers,21,34,0.0,0.0,0.0,0.7083,0.0,0.0,0.0,24.0,3.04,0.0,0.0
TgO_Numbers,21,35,0.0,0.0,0.0,0.6667,0.0,0.0,0.0,15.0,2.25,0.0,0.0
TgO_Numbers,22,01,0.0,0.0,0.0,0.5556,0.0,0.0,0.0,9.0,4.0,0.0,0.0
TgO_Numbers,22,02,0.0,0.0,0.0,0.6667,0.0,0.0,0.0,9.0,3.3,0.0,0.0
TgO_Numbers,22,03,0.0,0.0,0.0,0.6923,0.0,0.0,0.0,13.0,3.9286,0.0,0.0
TgO_Numbers,22,04,0.0,0.0,0.0,0.75,0.0,0.0,0.0,24.0,3.28,0.0,0.0
TgO_Numbers,22,05,0.0,0.0,0.0,0.6,0.0,0.0,0.0,30.0,3.6452,0.0,0.0
TgO_Numbers,22,06,0.0,0.0,0.0,0.7037,0.0,0.0,0.0,27.0,2.6786,0.0,0.0
TgO_Numbers,22,07,0.0,0.0,0.0,0.4286,0.0,0.0,0.0,14.0,3.8,0.0,0.0
TgO_Numbers,22,08,0.0,0.0,0.0,0.6471,0.0,0.0,0.0,17.0,3.1667,0.0,0.0
TgO_Numbers,22,09,0.0,0.0,0.0,0.75,0.0,0.0,0.0,12.0,3.6923,0.0,0.0
TgO_Numbers,22,10,0.0,0.0,0.0,0.6364,0.0,0.0,0.0,11.0,3.6667,0.0,0.0
TgO_Numbers,22,11,0.0,0.0,0.0,0.8,0.0,0.0,0.0,20.0,2.7619,0.0,0.0
TgO_Numbers,22,12,0.0,0.0,0.0,0.7692,0.0,0.0,0.0,13.0,2.7857,0.0,0.0
TgO_Numbers,22,13,0.0,0.0,0.0,0.7647,0.0,0.0,0.0,17.0,2.8333,0.0,0.0
TgO_Numbers,22,14,0.0,0.0,0.0,0.5455,0.0,0.0,0.0,11.0,3.0,0.0,0.0
TgO_Numbers,22,15,0.0,0.0,0.0,0.75,0.0,0.0,0.0,8.0,2.4444,0.0,0.0
TgO_Numbers,22,16,0.0,0.0,0.0,0.6,0.0,0.0,0.0,15.0,3.125,0.0,0.0
TgO_Numbers,22,17,0.0,0.0,0.0,0.8,0.0,0.0,0.0,15.0,2.625,0.0,0.0
TgO_Numbers,22,18,0.0,0.0,0.0,0.6667,0.0,0.0,0.0,27.0,3.0,0.0,0.0
TgO_Numbers,22,19,0.0,0.0,0.0,0.9231,0.0,0.0,0.0,13.0,2.5,0.0,0.0
TgO_Numbers,22,20,0.0,0.0,0.0,0.68,0.0,0.0,0.0,25.0,3.1154,0.0,0.0
TgO_Numbers,22,21,0.0,0.0,0.0,0.6,0.0,0.0,0.0,10.0,2.7273,0.0,0.0
TgO_Numbers,22,22,0.0,0.0,0.0,0.7368,0.0,0.0,0.0,19.0,2.7,0.0,0.0
TgO_Numbers,22,23,0.0,0.0,0.0,0.4783,0.0,0.0,0.0,23.0,2.625,0.0,0.0
TgO_Numbers,22,24,0.0,0.0,0.0,0.7273,0.0,0.0,0.0,11.0,2.5833,0.0,0.0
TgO_Numbers,22,25,0.0,0.0,0.0,0.625,0.0,0.0,0.0,16.0,2.8235,0.0,0.0
TgO_Numbers,22,26,0.0,0.0,0.0,0.8333,0.0,0.0,0.0,12.0,2.6154,0.0,0.0
TgO_Numbers,22,27,0.0,0.0,0.0,0.5333,0.0,0.0,0.0,15.0,3.0625,0.0,0.0
TgO_Numbers,22,28,0.0,0.0,0.0,0.8125,0.0,0.0,0.0,16.0,2.8235,0.0,0.0
TgO_Numbers,22,29,0.0,0.0,0.0,0.7857,0.0,0.0,0.0,14.0,2.8,0.0,0.0
TgO_Numbers,22,30,0.0,0.0,0.0,0.7895,0.0,0.0,0.0,19.0,2.8,0.0,0.0
TgO_Numbers,22,31,0.0,0.0,0.0,0.5294,0.0,0.0,0.0,17.0,2.6667,0.0,0.0
TgO_Numbers,22,32,0.0,0.0,0.0,0.9583,0.0,0.0,0.0,24.0,2.8,0.0,0.0
TgO_Numbers,22,33,0.0,0.0,0.0,0.8947,0.0,0.0,0.0,19.0,3.0,0.0,0.0
TgO_Numbers,22,34,0.0,0.0,0.0,0.7895,0.0,0.0,0.0,19.0,2.85,0.0,0.0
TgO_Numbers,22,35,0.0,0.0,0.0,0.5263,0.0,0.0,0.0,19.0,3.05,0.0,0.0
TgO_Numbers,22,36,0.0,0.0,0.0,0.6429,0.0,0.0,0.0,14.0,3.7333,0.0,0.0
TgO_Numbers,22,37,0.0,0.0,0.0,0.7619,0.0,0.0,0.0,21.0,3.0,0.0,0.0
TgO_Numbers,22,38,0.0,0.0,0.0,0.7778,0.0,0.0,0.0,18.0,3.0526,0.0,0.0
TgO_Numbers,22,39,0.0,0.0,0.0,0.5714,0.0,0.0,0.0,7.0,2.875,0.0,0.0
TgO_Numbers,22,40,0.0,0.0,0.0,0.375,0.0,0.0,0.0,8.0,2.8889,0.0,0.0
TgO_Numbers,22,41,0.0,0.0,0.0,0.5714,0.0,0.0,0.0,14.0,2.6,0.0,0.0
TgO_Numbers,23,01,0.0,0.0,0.0,0.4667,0.0,0.0,0.0,15.0,3.125,0.0,0.0
TgO_Numbers,23,02,0.0,0.0,0.0,0.5714,0.0,0.0,0.0,14.0,3.0667,0.0,0.0
TgO_Numbers,23,03,0.0,0.0,0.0,0.6316,0.0,0.0,0.0,19.0,3.5,0.0,0.0
TgO_Numbers,23,04,0.0,0.0,0.0,0.7222,0.0,0.0,0.0,18.0,3.5263,0.0,0.0
TgO_Numbers,23,05,0.0,0.0,0.0,0.6667,0.0,0.0,0.0,12.0,3.0,0.0,0.0
TgO_Numbers,23,06,0.0,0.0,0.0,0.6364,0.0,0.0,0.0,11.0,2.75,0.0,0.0
TgO_Numbers,23,07,0.0,0.0,0.0,0.5,0.0,0.0,0.0,20.0,3.4286,0.0,0.0
TgO_Numbers,23,08,0.0,0.0,0.0,0.7,0.0,0.0,0.0,10.0,2.2727,0.0,0.0
TgO_Numbers,23,09,0.0,0.0,0.0,0.9375,0.0,0.0,0.0,16.0,2.8235,0.0,0.0
TgO_Numbers,23,10,0.0,0.0,0.0,0.8261,0.0,0.0,0.0,23.0,3.1667,0.0,0.0
TgO_Numbers,23,11,0.0,0.0,0.0,0.5385,0.0,0.0,0.0,13.0,3.1429,0.0,0.0
TgO_Numbers,23,12,0.0,0.0,0.0,0.8,0.0,0.0,0.0,10.0,2.2727,0.0,0.0
TgO_Numbers,23,13,0.0,0.0,0.0,0.5789,0.0,0.0,0.0,19.0,2.8,0.0,0.0
TgO_Numbers,23,14,0.0,0.0,0.0,0.7143,0.0,0.0,0.0,14.0,2.5333,0.0,0.0
TgO_Numbers,23,15,0.0,0.0,0.0,0.8,0.0,0.0,0.0,10.0,2.6364,0.0,0.0
TgO_Numbers,23,16,0.0,0.0,0.0,0.6,0.0,0.0,0.0,15.0,3.3125,0.0,0.0
TgO_Numbers,23,17,0.0,0.0,0.0,0.625,0.0,0.0,0.0,16.0,2.8235,0.0,0.0
TgO_Numbers,23,18,0.0,0.0,0.0,0.6,0.0,0.0,0.0,10.0,3.0,0.0,0.0
TgO_Numbers,23,19,0.0,0.0,0.0,0.6,0.0,0.0,0.0,25.0,3.2308,0.0,0.0
TgO_Numbers,23,20,0.0,0.0,0.0,0.7778,0.0,0.0,0.0,9.0,3.0,0.0,0.0
TgO_Numbers,23,21,0.0,0.0,0.0,0.7143,0.0,0.0,0.0,21.0,3.0909,0.0,0.0
TgO_Numbers,23,22,0.0,0.0,0.0,1.0,0.0,0.0,0.0,6.0,2.4286,0.0,0.0
TgO_Numbers,23,23,0.0,0.0,0.0,0.6818,0.0,0.0,0.0,22.0,3.0,0.0,0.0
TgO_Numbers,23,24,0.0,0.0,0.0,0.8,0.0,0.0,0.0,15.0,2.3125,0.0,0.0
TgO_Numbers,23,25,0.0,0.0,0.0,0.4545,0.0,0.0,0.0,11.0,2.9167,0.0,0.0
TgO_Numbers,23,26,0.0,0.0,0.0,0.6923,0.0,0.0,0.0,13.0,2.9286,0.0,0.0
TgO_Numbers,23,27,0.0,0.0,0.0,0.75,0.0,0.0,0.0,16.0,3.5882,0.0,0.0
TgO_Numbers,23,28,0.0,0.0,0.0,0.7273,0.0,0.0,0.0,11.0,3.6667,0.0,0.0
TgO_Numbers,23,29,0.0,0.0,0.0,0.4667,0.0,0.0,0.0,15.0,3.125,0.0,0.0
TgO_Numbers,23,30,0.0,0.0,0.0,0.6364,0.0,0.0,0.0,11.0,3.0833,0.0,0.0
TgO_Numbers,24,01,0.0,0.0,0.0,0.7391,0.0,0.0,0.0,23.0,3.2083,0.0,0.0
TgO_Numbers,24,02,0.0,0.0,0.0,0.6667,0.0,0.0,0.0,15.0,3.1875,0.0,0.0
TgO_Numbers,24,03,0.0,0.0,0.0,0.6364,0.0,0.0,0.0,11.0,3.0,0.0,0.0
TgO_Numbers,24,04,0.0,0.0,0.0,0.8333,0.0,0.0,0.0,12.0,3.4615,0.0,0.0
TgO_Numbers,24,05,0.0,0.0,0.0,0.6667,0.0,0.0,0.0,6.0,4.2857,0.0,0.0
TgO_Numbers,24,06,0.0,0.0,0.0,0.6154,0.0,0.0,0.0,13.0,2.4286,0.0,0.0
TgO_Numbers,24,07,0.0,0.0,0.0,0.5833,0.0,0.0,0.0,12.0,2.3846,0.0,0.0
TgO_Numbers,24,08,0.0,0.0,0.0,0.8235,0.0,0.0,0.0,17.0,2.8333,0.0,0.0
TgO_Numbers,24,09,0.0,0.0,0.0,0.7857,0.0,0.0,0.0,14.0,2.8,0.0,0.0
TgO_Numbers,24,10,0.0,0.0,0.0,0.5263,0.0,0.0,0.0,19.0,4.1,0.0,0.0
TgO_Numbers,24,11,0.0,0.0,0.0,0.6154,0.0,0.0,0.0,13.0,2.5,0.0,0.0
TgO_Numbers,24,12,0.0,0.0,0.0,0.75,0.0,0.0,0.0,12.0,3.3846,0.0,0.0
TgO_Numbers,24,13,0.0,0.0,0.0,0.8,0.0,0.0,0.0,25.0,2.8462,0.0,0.0
TgO_Numbers,24,14,0.0,0.0,0.0,0.6471,0.0,0.0,0.0,17.0,2.3333,0.0,0.0
TgO_Numbers,24,15,0.0,0.0,0.0,0.6364,0.0,0.0,0.0,11.0,3.0,0.0,0.0
TgO_Numbers,24,16,0.0,0.0,0.0,0.75,0.0,0.0,0.0,16.0,3.5294,0.0,0.0
TgO_Numbers,24,17,0.0,0.0,0.0,0.6364,0.0,0.0,0.0,22.0,3.4783,0.0,0.0
TgO_Numbers,24,18,0.0,0.0,0.0,0.6,0.0,0.0,0.0,10.0,3.5455,0.0,0.0
TgO_Numbers,24,19,0.0,0.0,0.0,0.625,0.0,0.0,0.0,8.0,2.2222,0.0,0.0
TgO_Numbers,24,20,0.0,0.0,0.0,0.6429,0.0,0.0,0.0,14.0,3.1333,0.0,0.0
TgO_Numbers,24,21,0.0,0.0,0.0,0.6667,0.0,0.0,0.0,12.0,3.0,0.0,0.0
TgO_Numbers,24,22,0.0,0.0,0.0,1.0,0.0,0.0,0.0,9.0,2.8,0.0,0.0
TgO_Numbers,24,23,0.0,0.0,0.0,0.9091,0.0,0.0,0.0,11.0,2.4167,0.0,0.0
TgO_Numbers,24,24,0.0,0.0,0.0,0.6923,0.0,0.0,0.0,13.0,2.8571,0.0,0.0
TgO_Numbers,24,25,0.0,0.0,0.0,0.4444,0.0,0.0,0.0,9.0,2.9,0.0,0.0
TgO_Numbers,25,01,0.0,0.0,0.0,0.6667,0.0,0.0,0.0,9.0,3.0,0.0,0.0
TgO_Numbers,25,02,0.0,0.0,0.0,0.5,0.0,0.0,0.0,8.0,2.1111,0.0,0.0
TgO_Numbers,25,03,0.0,0.0,0.0,0.6667,0.0,0.0,0.0,9.0,2.9,0.0,0.0
TgO_Numbers,25,04,0.0,0.0,0.0,0.7143,0.0,0.0,0.0,21.0,2.9091,0.0,0.0
TgO_Numbers,25,05,0.0,0.0,0.0,0.7,0.0,0.0,0.0,10.0,3.1818,0.0,0.0
TgO_Numbers,25,06,0.0,0.0,0.0,0.7273,0.0,0.0,0.0,22.0,3.0435,0.0,0.0
TgO_Numbers,25,07,0.0,0.0,0.0,0.5385,0.0,0.0,0.0,13.0,3.5714,0.0,0.0
TgO_Numbers,25,08,0.0,0.0,0.0,0.5238,0.0,0.0,0.0,21.0,3.0455,0.0,0.0
TgO_Numbers,25,09,0.0,0.0,0.0,0.8333,0.0,0.0,0.0,6.0,2.4286,0.0,0.0
TgO_Numbers,25,10,0.0,0.0,0.0,0.8,0.0,0.0,0.0,5.0,2.5,0.0,0.0
TgO_Numbers,25,11,0.0,0.0,0.0,0.5455,0.0,0.0,0.0,22.0,3.4783,0.0,0.0
TgO_Numbers,25,12,0.0,0.0,0.0,0.875,0.0,0.0,0.0,8.0,2.5556,0.0,0.0
TgO_Numbers,25,13,0.0,0.0,0.0,0.7333,0.0,0.0,0.0,15.0,3.0,0.0,0.0
TgO_Numbers,25,14,0.0,0.0,0.0,0.6,0.0,0.0,0.0,15.0,5.0,0.0,0.0
TgO_Numbers,25,15,0.0,0.0,0.0,0.8333,0.0,0.0,0.0,12.0,3.3846,0.0,0.0
TgO_Numbers,25,16,0.0,0.0,0.0,0.8,0.0,0.0,0.0,5.0,2.1667,0.0,0.0
TgO_Numbers,25,17,0.0,0.0,0.0,0.8,0.0,0.0,0.0,5.0,2.8333,0.0,0.0
TgO_Numbers,25,18,0.0,0.0,0.0,0.65,0.0,0.0,0.0,20.0,3.9048,0.0,0.0
TgO_Numbers,26,01,0.0,0.0,0.0,0.6364,0.0,0.0,0.0,11.0,2.9167,0.0,0.0
TgO_Numbers,26,02,0.0,0.0,0.0,0.875,0.0,0.0,0.0,16.0,3.1176,0.0,0.0
TgO_Numbers,26,03,0.0,0.0,0.0,0.6154,0.0,0.0,0.0,13.0,3.4286,0.0,0.0
TgO_Numbers,26,04,0.0,0.0,0.0,0.7143,0.0,0.0,0.0,14.0,3.4667,0.0,0.0
TgO_Numbers,26,05,0.0,0.0,0.0,0.2727,0.0,0.0,0.0,11.0,5.0833,0.0,0.0
TgO_Numbers,26,06,0.0,0.0,0.0,0.1667,0.0,0.0,0.0,6.0,5.4286,0.0,0.0
TgO_Numbers,26,07,0.0,0.0,0.0,0.6364,0.0,0.0,0.0,11.0,3.25,0.0,0.0
TgO_Numbers,26,08,0.0,0.0,0.0,0.5,0.0,0.0,0.0,3.0,4.0,0.0,0.0
TgO_Numbers,26,09,0.0,0.0,0.0,0.4,0.0,0.0,0.0,20.0,3.5714,0.0,0.0
TgO_Numbers,26,10,0.0,0.0,0.0,0.6316,0.0,0.0,0.0,19.0,2.6,0.0,0.0
TgO_Numbers,26,11,0.0,0.0,0.0,0.75,0.0,0.0,0.0,4.0,2.4,0.0,0.0
TgO_Numbers,26,12,0.0,0.0,0.0,0.1667,0.0,0.0,0.0,12.0,5.3077,0.0,0.0
TgO_Numbers,26,13,0.0,0.0,0.0,0.1667,0.0,0.0,0.0,6.0,4.7143,0.0,0.0
TgO_Numbers,26,14,0.0,0.0,0.0,0.7143,0.0,0.0,0.0,7.0,3.375,0.0,0.0
TgO_Numbers,26,15,0.0,0.0,0.0,0.1667,0.0,0.0,0.0,12.0,4.5385,0.0,0.0
TgO_Numbers,26,16,0.0,0.0,0.0,0.1667,0.0,0.0,0.0,6.0,5.0,0.0,0.0
TgO_Numbers,26,17,0.0,0.0,0.0,0.1667,0.0,0.0,0.0,6.0,5.8571,0.0,0.0
TgO_Numbers,26,18,0.0,0.0,0.0,0.8889,0.0,0.0,0.0,9.0,3.1,0.0,0.0
TgO_Numbers,26,19,0.0,0.0,0.0,0.3333,0.0,0.0,0.0,9.0,3.2,0.0,0.0
TgO_Numbers,26,20,0.0,0.0,0.0,0.2308,0.0,0.0,0.0,13.0,4.5714,0.0,0.0
TgO_Numbers,26,21,0.0,0.0,0.0,0.3333,0.0,0.0,0.0,9.0,4.6,0.0,0.0
TgO_Numbers,26,22,0.0,0.0,0.0,0.7778,0.0,0.0,0.0,9.0,3.4,0.0,0.0
TgO_Numbers,26,23,0.0,0.0,0.0,0.2222,0.0,0.0,0.0,9.0,4.7,0.0,0.0
TgO_Numbers,26,24,0.0,0.0,0.0,0.1667,0.0,0.0,0.0,6.0,5.1429,0.0,0.0
TgO_Numbers,26,25,0.0,0.0,0.0,0.7778,0.0,0.0,0.0,9.0,3.6,0.0,0.0
TgO_Numbers,26,26,0.0,0.0,0.0,0.1667,0.0,0.0,0.0,12.0,5.3846,0.0,0.0
TgO_Numbers,26,27,0.0,0.0,0.0,0.875,0.0,0.0,0.0,8.0,3.4444,0.0,0.0
TgO_Numbers,26,28,0.0,0.0,0.0,0.6,0.0,0.0,0.0,5.0,3.5,0.0,0.0
TgO_Numbers,26,29,0.0,0.0,0.0,0.4167,0.0,0.0,0.0,12.0,4.5385,0.0,0.0
TgO_Numbers,26,30,0.0,0.0,0.0,0.3333,0.0,0.0,0.0,9.0,4.9,0.0,0.0
TgO_Numbers,26,31,0.0,0.0,0.0,0.3333,0.0,0.0,0.0,6.0,3.8571,0.0,0.0
TgO_Numbers,26,32,0.0,0.0,0.0,0.3333,0.0,0.0,0.0,6.0,3.7143,0.0,0.0
TgO_Numbers,26,33,0.0,0.0,0.0,0.3529,0.0,0.0,0.0,17.0,3.4444,0.0,0.0
TgO_Numbers,26,34,0.0,0.0,0.0,0.6667,0.0,0.0,0.0,9.0,3.2,0.0,0.0
TgO_Numbers,26,35,0.0,0.0,0.0,0.2308,0.0,0.0,0.0,13.0,5.0714,0.0,0.0
TgO_Numbers,26,36,0.0,0.0,0.0,0.5,0.0,0.0,0.0,6.0,4.0,0.0,0.0
TgO_Numbers,26,37,0.0,0.0,0.0,0.5714,0.0,0.0,0.0,14.0,3.5333,0.0,0.0
TgO_Numbers,26,38,0.0,0.0,0.0,0.1667,0.0,0.0,0.0,12.0,5.5385,0.0,0.0
TgO_Numbers,26,39,0.0,0.0,0.0,0.1667,0.0,0.0,0.0,6.0,4.7143,0.0,0.0
TgO_Numbers,26,40,0.0,0.0,0.0,0.3,0.0,0.0,0.0,10.0,4.0,0.0,0.0
TgO_Numbers,26,41,0.0,0.0,0.0,0.7,0.0,0.0,0.0,10.0,3.2727,0.0,0.0
TgO_Numbers,26,42,0.0,0.0,0.0,0.2727,0.0,0.0,0.0,11.0,3.6667,0.0,0.0
TgO_Numbers,26,43,0.0,0.0,0.0,0.7778,0.0,0.0,0.0,9.0,2.9,0.0,0.0
TgO_Numbers,26,44,0.0,0.0,0.0,0.1667,0.0,0.0,0.0,12.0,5.3077,0.0,0.0
TgO_Numbers,26,45,0.0,0.0,0.0,0.25,0.0,0.0,0.0,8.0,5.6667,0.0,0.0
TgO_Numbers,26,46,0.0,0.0,0.0,0.5,0.0,0.0,0.0,4.0,3.4,0.0,0.0
TgO_Numbers,26,47,0.0,0.0,0.0,0.8,0.0,0.0,0.0,10.0,3.0909,0.0,0.0
TgO_Numbers,26,48,0.0,0.0,0.0,0.2222,0.0,0.0,0.0,9.0,5.0,0.0,0.0
TgO_Numbers,26,49,0.0,0.0,0.0,0.1667,0.0,0.0,0.0,6.0,4.7143,0.0,0.0
TgO_Numbers,26,50,0.0,0.0,0.0,0.6,0.0,0.0,0.0,10.0,3.4545,0.0,0.0
TgO_Numbers,26,51,0.0,0.0,0.0,0.7273,0.0,0.0,0.0,11.0,2.8333,0.0,0.0
TgO_Numbers,26,52,0.0,0.0,0.0,0.8,0.0,0.0,0.0,5.0,2.1667,0.0,0.0
TgO_Numbers,26,53,0.0,0.0,0.0,0.8333,0.0,0.0,0.0,6.0,2.2857,0.0,0.0
TgO_Numbers,26,54,0.0,0.0,0.0,0.7273,0.0,0.0,0.0,11.0,3.3333,0.0,0.0
TgO_Numbers,26,55,0.0,0.0,0.0,1.0,0.0,0.0,0.0,9.0,2.3,0.0,0.0
TgO_Numbers,26,56,0.0,0.0,0.0,0.875,0.0,0.0,0.0,8.0,3.4444,0.0,0.0
TgO_Numbers,26,57,0.0,0.0,0.0,0.3636,0.0,0.0,0.0,11.0,4.4167,0.0,0.0
TgO_Numbers,26,58,0.0,0.0,0.0,0.2941,0.0,0.0,0.0,17.0,4.2222,0.0,0.0
TgO_Numbers,26,59,0.0,0.0,0.0,0.3684,0.0,0.0,0.0,19.0,3.95,0.0,0.0
TgO_Numbers,26,60,0.0,0.0,0.0,0.2,0.0,0.0,0.0,10.0,4.1818,0.0,0.0
TgO_Numbers,26,61,0.0,0.0,0.0,0.75,0.0,0.0,0.0,8.0,2.7778,0.0,0.0
TgO_Numbers,26,62,0.0,0.0,0.0,0.625,0.0,0.0,0.0,24.0,3.28,0.0,0.0
TgO_Numbers,26,63,0.0,0.0,0.0,0.6923,0.0,0.0,0.0,13.0,3.9286,0.0,0.0
TgO_Numbers,26,64,0.0,0.0,0.0,0.7143,0.0,0.0,0.0,14.0,3.0667,0.0,0.0
TgO_Numbers,26,65,0.0,0.0,0.0,0.6111,0.0,0.0,0.0,18.0,3.1053,0.0,0.0
TgO_Numbers,27,01,0.0,0.0,0.0,0.2174,0.0,0.0,0.0,23.0,3.5417,0.0,0.0
TgO_Numbers,27,02,0.0,0.0,0.0,0.6429,0.0,0.0,0.0,14.0,3.0667,0.0,0.0
TgO_Numbers,27,03,0.0,0.0,0.0,0.6,0.0,0.0,0.0,20.0,2.8095,0.0,0.0
TgO_Numbers,27,04,0.0,0.0,0.0,0.8125,0.0,0.0,0.0,16.0,3.0,0.0,0.0
TgO_Numbers,27,05,0.0,0.0,0.0,0.8333,0.0,0.0,0.0,6.0,2.7143,0.0,0.0
TgO_Numbers,27,06,0.0,0.0,0.0,0.8333,0.0,0.0,0.0,6.0,2.8571,0.0,0.0
TgO_Numbers,27,07,0.0,0.0,0.0,0.6471,0.0,0.0,0.0,17.0,3.6111,0.0,0.0
TgO_Numbers,27,08,0.0,0.0,0.0,0.7333,0.0,0.0,0.0,15.0,2.875,0.0,0.0
TgO_Numbers,27,09,0.0,0.0,0.0,0.75,0.0,0.0,0.0,8.0,2.5556,0.0,0.0
TgO_Numbers,27,10,0.0,0.0,0.0,0.6667,0.0,0.0,0.0,9.0,2.4,0.0,0.0
TgO_Numbers,27,11,0.0,0.0,0.0,0.6087,0.0,0.0,0.0,23.0,3.0833,0.0,0.0
TgO_Numbers,27,12,0.0,0.0,0.0,0.6667,0.0,0.0,0.0,15.0,3.5625,0.0,0.0
TgO_Numbers,27,13,0.0,0.0,0.0,0.8,0.0,0.0,0.0,10.0,2.5455,0.0,0.0
TgO_Numbers,27,14,0.0,0.0,0.0,0.6316,0.0,0.0,0.0,19.0,3.55,0.0,0.0
TgO_Numbers,27,15,0.0,0.0,0.0,0.8,0.0,0.0,0.0,5.0,2.6667,0.0,0.0
TgO_Numbers,27,16,0.0,0.0,0.0,0.9,0.0,0.0,0.0,10.0,2.7273,0.0,0.0
TgO_Numbers,27,17,0.0,0.0,0.0,0.6429,0.0,0.0,0.0,14.0,2.8,0.0,0.0
TgO_Numbers,27,18,0.0,0.0,0.0,0.6471,0.0,0.0,0.0,17.0,3.0556,0.0,0.0
TgO_Numbers,27,19,0.0,0.0,0.0,0.6364,0.0,0.0,0.0,11.0,2.8333,0.0,0.0
TgO_Numbers,27,20,0.0,0.0,0.0,0.8,0.0,0.0,0.0,10.0,2.8182,0.0,0.0
TgO_Numbers,27,21,0.0,0.0,0.0,0.64,0.0,0.0,0.0,25.0,3.1154,0.0,0.0
TgO_Numbers,27,22,0.0,0.0,0.0,0.5625,0.0,0.0,0.0,16.0,3.4706,0.0,0.0
TgO_Numbers,27,23,0.0,0.0,0.0,0.7778,0.0,0.0,0.0,9.0,3.0,0.0,0.0
TgO_Numbers,28,01,0.0,0.0,0.0,0.8,0.0,0.0,0.0,5.0,2.1667,0.0,0.0
TgO_Numbers,28,02,0.0,0.0,0.0,0.7059,0.0,0.0,0.0,17.0,3.1111,0.0,0.0
TgO_Numbers,28,03,0.0,0.0,0.0,0.9333,0.0,0.0,0.0,15.0,3.125,0.0,0.0
TgO_Numbers,28,04,0.0,0.0,0.0,0.8182,0.0,0.0,0.0,11.0,2.5,0.0,0.0
TgO_Numbers,28,05,0.0,0.0,0.0,0.9167,0.0,0.0,0.0,12.0,2.7692,0.0,0.0
TgO_Numbers,28,06,0.0,0.0,0.0,0.8,0.0,0.0,0.0,10.0,3.2727,0.0,0.0
TgO_Numbers,28,07,0.0,0.0,0.0,1.0,0.0,0.0,0.0,12.0,2.8462,0.0,0.0
TgO_Numbers,28,08,0.0,0.0,0.0,0.8667,0.0,0.0,0.0,15.0,2.75,0.0,0.0
TgO_Numbers,28,09,0.0,0.0,0.0,0.8571,0.0,0.0,0.0,14.0,2.8,0.0,0.0
TgO_Numbers,28,10,0.0,0.0,0.0,1.0,0.0,0.0,0.0,8.0,2.4444,0.0,0.0
TgO_Numbers,28,11,0.0,0.0,0.0,0.8235,0.0,0.0,0.0,17.0,2.6111,0.0,0.0
TgO_Numbers,28,12,0.0,0.0,0.0,0.5625,0.0,0.0,0.0,16.0,2.9412,0.0,0.0
TgO_Numbers,28,13,0.0,0.0,0.0,0.9286,0.0,0.0,0.0,14.0,2.9333,0.0,0.0
TgO_Numbers,28,14,0.0,0.0,0.0,0.6957,0.0,0.0,0.0,23.0,2.5833,0.0,0.0
TgO_Numbers,28,15,0.0,0.0,0.0,0.9167,0.0,0.0,0.0,12.0,2.4615,0.0,0.0
TgO_Numbers,28,16,0.0,0.0,0.0,1.0,0.0,0.0,0.0,8.0,2.5556,0.0,0.0
TgO_Numbers,28,17,0.0,0.0,0.0,0.8889,0.0,0.0,0.0,9.0,2.6,0.0,0.0
TgO_Numbers,28,18,0.0,0.0,0.0,1.0,0.0,0.0,0.0,9.0,3.1,0.0,0.0
TgO_Numbers,28,19,0.0,0.0,0.0,0.7222,0.0,0.0,0.0,18.0,2.8947,0.0,0.0
TgO_Numbers,28,20,0.0,0.0,0.0,0.8182,0.0,0.0,0.0,11.0,2.9167,0.0,0.0
TgO_Numbers,28,21,0.0,0.0,0.0,0.75,0.0,0.0,0.0,8.0,2.8889,0.0,0.0
TgO_Numbers,28,22,0.0,0.0,0.0,1.0,0.0,0.0,0.0,5.0,2.1667,0.0,0.0
TgO_Numbers,28,23,0.0,0.0,0.0,0.8182,0.0,0.0,0.0,11.0,3.0,0.0,0.0
TgO_Numbers,28,24,0.0,0.0,0.0,0.875,0.0,0.0,0.0,16.0,2.7647,0.0,0.0
TgO_Numbers,28,25,0.0,0.0,0.0,0.9091,0.0,0.0,0.0,11.0,3.4167,0.0,0.0
TgO_Numbers,28,26,0.0,0.0,0.0,0.8824,0.0,0.0,0.0,17.0,3.3333,0.0,0.0
TgO_Numbers,28,27,0.0,0.0,0.0,0.875,0.0,0.0,0.0,16.0,2.5882,0.0,0.0
TgO_Numbers,28,28,0.0,0.0,0.0,0.8333,0.0,0.0,0.0,12.0,2.9231,0.0,0.0
TgO_Numbers,28,29,0.0,0.0,0.0,0.75,0.0,0.0,0.0,8.0,2.8889,0.0,0.0
TgO_Numbers,28,30,0.0,0.0,0.0,1.0,0.0,0.0,0.0,6.0,2.1429,0.0,0.0
TgO_Numbers,28,31,0.0,0.0,0.0,0.7778,0.0,0.0,0.0,9.0,3.1,0.0,0.0
TgO_Numbers,29,01,0.0,0.0,0.0,0.8235,0.0,0.0,0.0,17.0,3.5,0.0,0.0
TgO_Numbers,29,02,0.0,0.0,0.0,0.8235,0.0,0.0,0.0,17.0,2.5,0.0,0.0
TgO_Numbers,29,03,0.0,0.0,0.0,0.9091,0.0,0.0,0.0,11.0,3.0,0.0,0.0
TgO_Numbers,29,04,0.0,0.0,0.0,0.7143,0.0,0.0,0.0,7.0,2.5,0.0,0.0
TgO_Numbers,29,05,0.0,0.0,0.0,1.0,0.0,0.0,0.0,7.0,2.125,0.0,0.0
TgO_Numbers,29,06,0.0,0.0,0.0,0.75,0.0,0.0,0.0,16.0,2.9412,0.0,0.0
TgO_Numbers,29,07,0.0,0.0,0.0,0.9412,0.0,0.0,0.0,17.0,3.2222,0.0,0.0
TgO_Numbers,29,08,0.0,0.0,0.0,0.7895,0.0,0.0,0.0,19.0,2.75,0.0,0.0
TgO_Numbers,29,09,0.0,0.0,0.0,0.8333,0.0,0.0,0.0,12.0,2.9231,0.0,0.0
TgO_Numbers,29,10,0.0,0.0,0.0,0.7143,0.0,0.0,0.0,7.0,2.875,0.0,0.0
TgO_Numbers,29,11,0.0,0.0,0.0,0.75,0.0,0.0,0.0,12.0,2.9231,0.0,0.0
TgO_Numbers,29,12,0.0,0.0,0.0,0.8421,0.0,0.0,0.0,19.0,3.15,0.0,0.0
TgO_Numbers,29,13,0.0,0.0,0.0,0.8947,0.0,0.0,0.0,19.0,3.25,0.0,0.0
TgO_Numbers,29,14,0.0,0.0,0.0,0.6875,0.0,0.0,0.0,16.0,3.2353,0.0,0.0
TgO_Numbers,29,15,0.0,0.0,0.0,0.8571,0.0,0.0,0.0,7.0,3.125,0.0,0.0
TgO_Numbers,29,16,0.0,0.0,0.0,0.9,0.0,0.0,0.0,10.0,2.7273,0.0,0.0
TgO_Numbers,29,17,0.0,0.0,0.0,0.8462,0.0,0.0,0.0,13.0,3.3571,0.0,0.0
TgO_Numbers,29,18,0.0,0.0,0.0,0.7143,0.0,0.0,0.0,7.0,2.0,0.0,0.0
TgO_Numbers,29,19,0.0,0.0,0.0,0.8,0.0,0.0,0.0,10.0,2.5455,0.0,0.0
TgO_Numbers,29,20,0.0,0.0,0.0,1.0,0.0,0.0,0.0,11.0,3.5,0.0,0.0
TgO_Numbers,29,21,0.0,0.0,0.0,0.7143,0.0,0.0,0.0,7.0,2.0,0.0,0.0
TgO_Numbers,29,22,0.0,0.0,0.0,0.75,0.0,0.0,0.0,8.0,2.6667,0.0,0.0
TgO_Numbers,29,23,0.0,0.0,0.0,1.0,0.0,0.0,0.0,11.0,3.25,0.0,0.0
TgO_Numbers,29,24,0.0,0.0,0.0,0.8571,0.0,0.0,0.0,7.0,2.25,0.0,0.0
TgO_Numbers,29,25,0.0,0.0,0.0,0.9,0.0,0.0,0.0,10.0,2.7273,0.0,0.0
TgO_Numbers,29,26,0.0,0.0,0.0,1.0,0.0,0.0,0.0,11.0,3.25,0.0,0.0
TgO_Numbers,29,27,0.0,0.0,0.0,0.7143,0.0,0.0,0.0,7.0,2.0,0.0,0.0
TgO_Numbers,29,28,0.0,0.0,0.0,0.75,0.0,0.0,0.0,8.0,2.6667,0.0,0.0
TgO_Numbers,29,29,0.0,0.0,0.0,1.0,0.0,0.0,0.0,11.0,3.3333,0.0,0.0
TgO_Numbers,29,30,0.0,0.0,0.0,0.7143,0.0,0.0,0.0,7.0,2.0,0.0,0.0
TgO_Numbers,29,31,0.0,0.0,0.0,0.875,0.0,0.0,0.0,8.0,2.8889,0.0,0.0
TgO_Numbers,29,32,0.0,0.0,0.0,1.0,0.0,0.0,0.0,11.0,3.25,0.0,0.0
TgO_Numbers,29,33,0.0,0.0,0.0,0.625,0.0,0.0,0.0,8.0,2.5556,0.0,0.0
TgO_Numbers,29,34,0.0,0.0,0.0,0.875,0.0,0.0,0.0,8.0,2.8889,0.0,0.0
TgO_Numbers,29,35,0.0,0.0,0.0,0.9,0.0,0.0,0.0,10.0,3.2727,0.0,0.0
TgO_Numbers,29,36,0.0,0.0,0.0,0.9375,0.0,0.0,0.0,16.0,2.6471,0.0,0.0
TgO_Numbers,29,37,0.0,0.0,0.0,0.8571,0.0,0.0,0.0,7.0,2.25,0.0,0.0
TgO_Numbers,29,38,0.0,0.0,0.0,0.75,0.0,0.0,0.0,8.0,2.6667,0.0,0.0
TgO_Numbers,29,39,0.0,0.0,0.0,0.9231,0.0,0.0,0.0,13.0,2.9286,0.0,0.0
TgO_Numbers,30,01,0.0,0.0,0.0,0.6667,0.0,0.0,0.0,9.0,3.4,0.0,0.0
TgO_Numbers,30,02,0.0,0.0,0.0,0.8333,0.0,0.0,0.0,12.0,3.0,0.0,0.0
TgO_Numbers,30,03,0.0,0.0,0.0,0.9,0.0,0.0,0.0,20.0,2.7143,0.0,0.0
TgO_Numbers,30,04,0.0,0.0,0.0,0.7,0.0,0.0,0.0,10.0,2.3636,0.0,0.0
TgO_Numbers,30,05,0.0,0.0,0.0,0.45,0.0,0.0,0.0,20.0,2.3333,0.0,0.0
TgO_Numbers,30,06,0.0,0.0,0.0,0.7273,0.0,0.0,0.0,22.0,2.4348,0.0,0.0
TgO_Numbers,30,07,0.0,0.0,0.0,0.8333,0.0,0.0,0.0,12.0,2.6154,0.0,0.0
TgO_Numbers,30,08,0.0,0.0,0.0,0.6923,0.0,0.0,0.0,13.0,2.4286,0.0,0.0
TgO_Numbers,30,09,0.0,0.0,0.0,0.6667,0.0,0.0,0.0,21.0,2.5455,0.0,0.0
TgO_Numbers,30,10,0.0,0.0,0.0,0.7778,0.0,0.0,0.0,9.0,2.4,0.0,0.0
TgO_Numbers,30,11,0.0,0.0,0.0,0.9,0.0,0.0,0.0,10.0,2.2727,0.0,0.0
TgO_Numbers,30,12,0.0,0.0,0.0,0.6875,0.0,0.0,0.0,16.0,2.3529,0.0,0.0
TgO_Numbers,30,13,0.0,0.0,0.0,0.7143,0.0,0.0,0.0,21.0,2.6364,0.0,0.0
TgO_Numbers,30,14,0.0,0.0,0.0,0.9091,0.0,0.0,0.0,11.0,2.6667,0.0,0.0
TgO_Numbers,30,15,0.0,0.0,0.0,0.6522,0.0,0.0,0.0,23.0,2.4167,0.0,0.0
TgO_Numbers,30,16,0.0,0.0,0.0,0.6667,0.0,0.0,0.0,9.0,2.3,0.0,0.0
TgO_Numbers,30,17,0.0,0.0,0.0,0.8571,0.0,0.0,0.0,14.0,3.0667,0.0,0.0
TgO_Numbers,31,01,0.0,0.0,0.0,0.8,0.0,0.0,0.0,5.0,2.1667,0.0,0.0
TgO_Numbers,31,02,0.0,0.0,0.0,0.9,0.0,0.0,0.0,10.0,3.0909,0.0,0.0
TgO_Numbers,31,03,0.0,0.0,0.0,0.7222,0.0,0.0,0.0,18.0,2.8421,0.0,0.0
TgO_Numbers,31,04,0.0,0.0,0.0,0.5556,0.0,0.0,0.0,9.0,3.1,0.0,0.0
TgO_Numbers,31,05,0.0,0.0,0.0,0.7778,0.0,0.0,0.0,9.0,3.7,0.0,0.0
TgO_Numbers,31,06,0.0,0.0,0.0,0.5556,0.0,0.0,0.0,18.0,3.1053,0.0,0.0
TgO_Numbers,31,07,0.0,0.0,0.0,0.7273,0.0,0.0,0.0,11.0,3.0833,0.0,0.0
TgO_Numbers,31,08,0.0,0.0,0.0,0.3846,0.0,0.0,0.0,26.0,3.2222,0.0,0.0
TgO_Numbers,31,09,0.0,0.0,0.0,0.5556,0.0,0.0,0.0,18.0,2.8421,0.0,0.0
TgO_Numbers,31,10,0.0,0.0,0.0,0.6667,0.0,0.0,0.0,9.0,2.7,0.0,0.0
TgO_Numbers,31,11,0.0,0.0,0.0,0.6667,0.0,0.0,0.0,9.0,2.1,0.0,0.0
TgO_Numbers,31,12,0.0,0.0,0.0,0.5909,0.0,0.0,0.0,22.0,3.7391,0.0,0.0
TgO_Numbers,31,13,0.0,0.0,0.0,0.7,0.0,0.0,0.0,10.0,3.5455,0.0,0.0
TgO_Numbers,31,14,0.0,0.0,0.0,0.7692,0.0,0.0,0.0,13.0,2.5,0.0,0.0
TgO_Numbers,31,15,0.0,0.0,0.0,0.6667,0.0,0.0,0.0,6.0,3.0,0.0,0.0
TgO_Numbers,31,16,0.0,0.0,0.0,0.7059,0.0,0.0,0.0,17.0,3.2222,0.0,0.0
TgO_Numbers,31,17,0.0,0.0,0.0,0.75,0.0,0.0,0.0,12.0,2.7692,0.0,0.0
TgO_Numbers,31,18,0.0,0.0,0.0,0.8889,0.0,0.0,0.0,9.0,3.0,0.0,0.0
TgO_Numbers,31,19,0.0,0.0,0.0,0.8,0.0,0.0,0.0,20.0,3.0952,0.0,0.0
TgO_Numbers,31,20,0.0,0.0,0.0,0.6923,0.0,0.0,0.0,13.0,2.5714,0.0,0.0
TgO_Numbers,31,21,0.0,0.0,0.0,0.8571,0.0,0.0,0.0,14.0,3.4,0.0,0.0
TgO_Numbers,31,22,0.0,0.0,0.0,0.6923,0.0,0.0,0.0,13.0,2.4286,0.0,0.0
TgO_Numbers,31,23,0.0,0.0,0.0,0.5294,0.0,0.0,0.0,17.0,2.7778,0.0,0.0
TgO_Numbers,31,24,0.0,0.0,0.0,0.7778,0.0,0.0,0.0,9.0,2.6,0.0,0.0
TgO_Numbers,31,25,0.0,0.0,0.0,0.8333,0.0,0.0,0.0,6.0,2.8571,0.0,0.0
TgO_Numbers,31,26,0.0,0.0,0.0,0.8462,0.0,0.0,0.0,13.0,2.7143,0.0,0.0
TgO_Numbers,31,27,0.0,0.0,0.0,0.9231,0.0,0.0,0.0,13.0,2.7143,0.0,0.0
TgO_Numbers,31,28,0.0,0.0,0.0,0.76,0.0,0.0,0.0,25.0,2.5769,0.0,0.0
TgO_Numbers,31,29,0.0,0.0,0.0,0.875,0.0,0.0,0.0,8.0,4.1111,0.0,0.0
TgO_Numbers,31,30,0.0,0.0,0.0,0.76,0.0,0.0,0.0,25.0,2.7692,0.0,0.0
TgO_Numbers,31,31,0.0,0.0,0.0,0.6667,0.0,0.0,0.0,9.0,3.2,0.0,0.0
TgO_Numbers,31,32,0.0,0.0,0.0,0.8667,0.0,0.0,0.0,15.0,2.5625,0.0,0.0
TgO_Numbers,31,33,0.0,0.0,0.0,0.75,0.0,0.0,0.0,4.0,2.4,0.0,0.0
TgO_Numbers,31,34,0.0,0.0,0.0,0.75,0.0,0.0,0.0,4.0,2.2,0.0,0.0
TgO_Numbers,31,35,0.0,0.0,0.0,0.9231,0.0,0.0,0.0,13.0,2.7857,0.0,0.0
TgO_Numbers,31,36,0.0,0.0,0.0,0.7333,0.0,0.0,0.0,15.0,2.625,0.0,0.0
TgO_Numbers,31,37,0.0,0.0,0.0,0.8,0.0,0.0,0.0,10.0,2.2727,0.0,0.0
TgO_Numbers,31,38,0.0,0.0,0.0,0.7778,0.0,0.0,0.0,9.0,2.7,0.0,0.0
TgO_Numbers,31,39,0.0,0.0,0.0,0.7,0.0,0.0,0.0,10.0,2.6364,0.0,0.0
TgO_Numbers,31,40,0.0,0.0,0.0,0.8,0.0,0.0,0.0,10.0,2.9091,0.0,0.0
TgO_Numbers,31,41,0.0,0.0,0.0,0.6429,0.0,0.0,0.0,14.0,4.2,0.0,0.0
TgO_Numbers,31,42,0.0,0.0,0.0,0.7778,0.0,0.0,0.0,9.0,3.2,0.0,0.0
TgO_Numbers,31,43,0.0,0.0,0.0,0.6667,0.0,0.0,0.0,12.0,2.5385,0.0,0.0
TgO_Numbers,31,44,0.0,0.0,0.0,0.75,0.0,0.0,0.0,4.0,2.4,0.0,0.0
TgO_Numbers,31,45,0.0,0.0,0.0,0.8,0.0,0.0,0.0,5.0,2.5,0.0,0.0
TgO_Numbers,31,46,0.0,0.0,0.0,1.0,0.0,0.0,0.0,4.0,2.8,0.0,0.0
TgO_Numbers,31,47,0.0,0.0,0.0,0.6538,0.0,0.0,0.0,26.0,3.1852,0.0,0.0
TgO_Numbers,31,48,0.0,0.0,0.0,0.6154,0.0,0.0,0.0,13.0,2.6429,0.0,0.0
TgO_Numbers,31,49,0.0,0.0,0.0,0.8571,0.0,0.0,0.0,14.0,2.8667,0.0,0.0
TgO_Numbers,31,50,0.0,0.0,0.0,0.7619,0.0,0.0,0.0,21.0,2.7727,0.0,0.0
TgO_Numbers,31,51,0.0,0.0,0.0,0.8,0.0,0.0,0.0,10.0,2.5455,0.0,0.0
TgO_Numbers,31,52,0.0,0.0,0.0,0.7368,0.0,0.0,0.0,19.0,3.05,0.0,0.0
TgO_Numbers,31,53,0.0,0.0,0.0,0.6667,0.0,0.0,0.0,6.0,3.2857,0.0,0.0
TgO_Numbers,31,54,0.0,0.0,0.0,0.6842,0.0,0.0,0.0,19.0,2.8,0.0,0.0
TgO_Numbers,32,01,0.0,0.0,0.0,0.5238,0.0,0.0,0.0,21.0,3.3182,0.0,0.0
TgO_Numbers,32,02,0.0,0.0,0.0,0.4167,0.0,0.0,0.0,12.0,3.0769,0.0,0.0
TgO_Numbers,32,03,0.0,0.0,0.0,0.4,0.0,0.0,0.0,20.0,3.1429,0.0,0.0
TgO_Numbers,32,04,0.0,0.0,0.0,0.8667,0.0,0.0,0.0,15.0,3.5,0.0,0.0
TgO_Numbers,32,05,0.0,0.0,0.0,0.9333,0.0,0.0,0.0,15.0,2.75,0.0,0.0
TgO_Numbers,32,06,0.0,0.0,0.0,0.5714,0.0,0.0,0.0,14.0,2.8667,0.0,0.0
TgO_Numbers,32,07,0.0,0.0,0.0,0.8182,0.0,0.0,0.0,11.0,2.8333,0.0,0.0
TgO_Numbers,32,08,0.0,0.0,0.0,0.9,0.0,0.0,0.0,10.0,2.3636,0.0,0.0
TgO_Numbers,32,09,0.0,0.0,0.0,0.6842,0.0,0.0,0.0,19.0,2.8,0.0,0.0
TgO_Numbers,32,10,0.0,0.0,0.0,0.8571,0.0,0.0,0.0,7.0,2.5,0.0,0.0
TgO_Numbers,32,11,0.0,0.0,0.0,0.8,0.0,0.0,0.0,20.0,3.1905,0.0,0.0
TgO_Numbers,32,12,0.0,0.0,0.0,0.6923,0.0,0.0,0.0,13.0,3.2857,0.0,0.0
TgO_Numbers,32,13,0.0,0.0,0.0,0.875,0.0,0.0,0.0,16.0,2.7059,0.0,0.0
TgO_Numbers,32,14,0.0,0.0,0.0,0.9333,0.0,0.0,0.0,15.0,2.75,0.0,0.0
TgO_Numbers,32,15,0.0,0.0,0.0,0.9167,0.0,0.0,0.0,12.0,2.6923,0.0,0.0
TgO_Numbers,32,16,0.0,0.0,0.0,0.8,0.0,0.0,0.0,10.0,2.4545,0.0,0.0
TgO_Numbers,32,17,0.0,0.0,0.0,0.875,0.0,0.0,0.0,16.0,3.0,0.0,0.0
TgO_Numbers,32,18,0.0,0.0,0.0,0.8889,0.0,0.0,0.0,9.0,2.8,0.0,0.0
TgO_Numbers,32,19,0.0,0.0,0.0,0.7143,0.0,0.0,0.0,14.0,2.9333,0.0,0.0
TgO_Numbers,32,20,0.0,0.0,0.0,0.7333,0.0,0.0,0.0,15.0,2.875,0.0,0.0
TgO_Numbers,32,21,0.0,0.0,0.0,0.8571,0.0,0.0,0.0,14.0,3.1333,0.0,0.0
TgO_Numbers,32,22,0.0,0.0,0.0,0.55,0.0,0.0,0.0,20.0,2.7619,0.0,0.0
TgO_Numbers,32,23,0.0,0.0,0.0,0.9167,0.0,0.0,0.0,12.0,2.3846,0.0,0.0
TgO_Numbers,32,24,0.0,0.0,0.0,0.7778,0.0,0.0,0.0,9.0,2.8,0.0,0.0
TgO_Numbers,32,25,0.0,0.0,0.0,0.5833,0.0,0.0,0.0,12.0,3.4615,0.0,0.0
TgO_Numbers,32,26,0.0,0.0,0.0,0.8889,0.0,0.0,0.0,9.0,3.1,0.0,0.0
TgO_Numbers,32,27,0.0,0.0,0.0,0.9231,0.0,0.0,0.0,13.0,2.8571,0.0,0.0
TgO_Numbers,32,28,0.0,0.0,0.0,0.4375,0.0,0.0,0.0,16.0,3.5882,0.0,0.0
TgO_Numbers,32,29,0.0,0.0,0.0,0.5185,0.0,0.0,0.0,27.0,3.1429,0.0,0.0
TgO_Numbers,32,30,0.0,0.0,0.0,0.7778,0.0,0.0,0.0,9.0,2.8,0.0,0.0
TgO_Numbers,32,31,0.0,0.0,0.0,0.6667,0.0,0.0,0.0,12.0,2.6923,0.0,0.0
TgO_Numbers,32,32,0.0,0.0,0.0,0.8571,0.0,0.0,0.0,14.0,3.8667,0.0,0.0
TgO_Numbers,32,33,0.0,0.0,0.0,0.3929,0.0,0.0,0.0,28.0,4.0345,0.0,0.0
TgO_Numbers,32,34,0.0,0.0,0.0,0.3333,0.0,0.0,0.0,9.0,3.5,0.0,0.0
TgO_Numbers,32,35,0.0,0.0,0.0,0.1667,0.0,0.0,0.0,6.0,3.7143,0.0,0.0
TgO_Numbers,32,36,0.0,0.0,0.0,0.5,0.0,0.0,0.0,8.0,4.1111,0.0,0.0
TgO_Numbers,32,37,0.0,0.0,0.0,0.3333,0.0,0.0,0.0,9.0,4.4,0.0,0.0
TgO_Numbers,32,38,0.0,0.0,0.0,0.5714,0.0,0.0,0.0,14.0,3.1333,0.0,0.0
TgO_Numbers,32,39,0.0,0.0,0.0,0.4545,0.0,0.0,0.0,11.0,3.3333,0.0,0.0
TgO_Numbers,32,40,0.0,0.0,0.0,0.4444,0.0,0.0,0.0,9.0,3.6,0.0,0.0
TgO_Numbers,32,41,0.0,0.0,0.0,0.4545,0.0,0.0,0.0,11.0,2.9167,0.0,0.0
TgO_Numbers,32,42,0.0,0.0,0.0,0.4545,0.0,0.0,0.0,11.0,2.5833,0.0,0.0
TgO_Numbers,33,01,0.0,0.0,0.0,0.7273,0.0,0.0,0.0,11.0,3.5,0.0,0.0
TgO_Numbers,33,02,0.0,0.0,0.0,0.6364,0.0,0.0,0.0,11.0,3.0,0.0,0.0
TgO_Numbers,33,03,0.0,0.0,0.0,0.6842,0.0,0.0,0.0,19.0,3.4,0.0,0.0
TgO_Numbers,33,04,0.0,0.0,0.0,0.8333,0.0,0.0,0.0,12.0,2.4615,0.0,0.0
TgO_Numbers,33,05,0.0,0.0,0.0,0.6667,0.0,0.0,0.0,6.0,2.2857,0.0,0.0
TgO_Numbers,33,06,0.0,0.0,0.0,0.8333,0.0,0.0,0.0,6.0,2.2857,0.0,0.0
TgO_Numbers,33,07,0.0,0.0,0.0,0.6667,0.0,0.0,0.0,12.0,2.9231,0.0,0.0
TgO_Numbers,33,08,0.0,0.0,0.0,0.625,0.0,0.0,0.0,16.0,3.6471,0.0,0.0
TgO_Numbers,33,09,0.0,0.0,0.0,0.5833,0.0,0.0,0.0,12.0,3.2308,0.0,0.0
TgO_Numbers,33,10,0.0,0.0,0.0,0.8333,0.0,0.0,0.0,6.0,2.1429,0.0,0.0
TgO_Numbers,33,11,0.0,0.0,0.0,0.6667,0.0,0.0,0.0,6.0,2.8571,0.0,0.0
TgO_Numbers,33,12,0.0,0.0,0.0,0.6,0.0,0.0,0.0,5.0,2.6667,0.0,0.0
TgO_Numbers,33,13,0.0,0.0,0.0,0.75,0.0,0.0,0.0,4.0,1.6,0.0,0.0
TgO_Numbers,33,14,0.0,0.0,0.0,0.8,0.0,0.0,0.0,10.0,2.2727,0.0,0.0
TgO_Numbers,33,15,0.0,0.0,0.0,0.6,0.0,0.0,0.0,5.0,2.8333,0.0,0.0
TgO_Numbers,33,16,0.0,0.0,0.0,0.6667,0.0,0.0,0.0,6.0,2.7143,0.0,0.0
TgO_Numbers,33,17,0.0,0.0,0.0,0.8,0.0,0.0,0.0,5.0,1.8333,0.0,0.0
TgO_Numbers,33,18,0.0,0.0,0.0,0.75,0.0,0.0,0.0,4.0,1.6,0.0,0.0
TgO_Numbers,33,19,0.0,0.0,0.0,0.6,0.0,0.0,0.0,5.0,2.3333,0.0,0.0
TgO_Numbers,33,20,0.0,0.0,0.0,0.6,0.0,0.0,0.0,5.0,1.8333,0.0,0.0
TgO_Numbers,33,21,0.0,0.0,0.0,0.75,0.0,0.0,0.0,4.0,1.6,0.0,0.0
TgO_Numbers,33,22,0.0,0.0,0.0,0.75,0.0,0.0,0.0,4.0,1.6,0.0,0.0
TgO_Numbers,33,23,0.0,0.0,0.0,0.6,0.0,0.0,0.0,5.0,2.6667,0.0,0.0
TgO_Numbers,33,24,0.0,0.0,0.0,0.6,0.0,0.0,0.0,5.0,2.6667,0.0,0.0
TgO_Numbers,33,25,0.0,0.0,0.0,0.75,0.0,0.0,0.0,4.0,1.6,0.0,0.0
TgO_Numbers,33,26,0.0,0.0,0.0,0.75,0.0,0.0,0.0,4.0,1.6,0.0,0.0
TgO_Numbers,33,27,0.0,0.0,0.0,0.75,0.0,0.0,0.0,4.0,1.6,0.0,0.0
TgO_Numbers,33,28,0.0,0.0,0.0,0.75,0.0,0.0,0.0,4.0,1.6,0.0,0.0
TgO_Numbers,33,29,0.0,0.0,0.0,0.75,0.0,0.0,0.0,4.0,1.6,0.0,0.0
TgO_Numbers,33,30,0.0,0.0,0.0,0.75,0.0,0.0,0.0,4.0,1.6,0.0,0.0
TgO_Numbers,33,31,0.0,0.0,0.0,0.6,0.0,0.0,0.0,5.0,2.5,0.0,0.0
TgO_Numbers,33,32,0.0,0.0,0.0,0.5,0.0,0.0,0.0,6.0,3.1429,0.0,0.0
TgO_Numbers,33,33,0.0,0.0,0.0,0.6,0.0,0.0,0.0,5.0,2.3333,0.0,0.0
TgO_Numbers,33,34,0.0,0.0,0.0,0.75,0.0,0.0,0.0,4.0,1.6,0.0,0.0
TgO_Numbers,33,35,0.0,0.0,0.0,0.75,0.0,0.0,0.0,4.0,1.6,0.0,0.0
TgO_Numbers,33,36,0.0,0.0,0.0,0.5714,0.0,0.0,0.0,7.0,2.875,0.0,0.0
TgO_Numbers,33,37,0.0,0.0,0.0,0.625,0.0,0.0,0.0,8.0,2.7778,0.0,0.0
TgO_Numbers,33,38,0.0,0.0,0.0,0.6667,0.0,0.0,0.0,21.0,3.2727,0.0,0.0
TgO_Numbers,33,39,0.0,0.0,0.0,0.8,0.0,0.0,0.0,10.0,2.1818,0.0,0.0
TgO_Numbers,33,40,0.0,0.0,0.0,0.5,0.0,0.0,0.0,12.0,3.4615,0.0,0.0
TgO_Numbers,33,41,0.0,0.0,0.0,0.8,0.0,0.0,0.0,5.0,1.8333,0.0,0.0
TgO_Numbers,33,42,0.0,0.0,0.0,0.75,0.0,0.0,0.0,4.0,1.6,0.0,0.0
TgO_Numbers,33,43,0.0,0.0,0.0,0.75,0.0,0.0,0.0,4.0,1.6,0.0,0.0
TgO_Numbers,33,44,0.0,0.0,0.0,0.5714,0.0,0.0,0.0,7.0,2.625,0.0,0.0
TgO_Numbers,33,45,0.0,0.0,0.0,0.6,0.0,0.0,0.0,5.0,2.0,0.0,0.0
TgO_Numbers,33,46,0.0,0.0,0.0,0.5,0.0,0.0,0.0,6.0,3.1429,0.0,0.0
TgO_Numbers,33,47,0.0,0.0,0.0,0.625,0.0,0.0,0.0,8.0,3.4444,0.0,0.0
TgO_Numbers,33,48,0.0,0.0,0.0,0.6667,0.0,0.0,0.0,9.0,3.6,0.0,0.0
TgO_Numbers,33,49,0.0,0.0,0.0,0.7778,0.0,0.0,0.0,9.0,3.3,0.0,0.0
TgO_Numbers,33,50,0.0,0.0,0.0,0.7,0.0,0.0,0.0,10.0,3.6364,0.0,0.0
TgO_Numbers,33,51,0.0,0.0,0.0,0.7692,0.0,0.0,0.0,13.0,3.5714,0.0,0.0
TgO_Numbers,33,52,0.0,0.0,0.0,0.6316,0.0,0.0,0.0,19.0,2.9,0.0,0.0
TgO_Numbers,33,53,0.0,0.0,0.0,0.6154,0.0,0.0,0.0,13.0,2.5714,0.0,0.0
TgO_Numbers,33,54,0.0,0.0,0.0,0.6667,0.0,0.0,0.0,24.0,2.84,0.0,0.0
TgO_Numbers,33,55,0.0,0.0,0.0,0.7083,0.0,0.0,0.0,24.0,3.2,0.0,0.0
TgO_Numbers,33,56,0.0,0.0,0.0,0.5714,0.0,0.0,0.0,7.0,3.75,0.0,0.0
TgO_Numbers,34,01,0.0,0.0,0.0,0.8,0.0,0.0,0.0,5.0,2.1667,0.0,0.0
TgO_Numbers,34,02,0.0,0.0,0.0,0.6316,0.0,0.0,0.0,19.0,3.55,0.0,0.0
TgO_Numbers,34,03,0.0,0.0,0.0,0.6471,0.0,0.0,0.0,17.0,3.5,0.0,0.0
TgO_Numbers,34,04,0.0,0.0,0.0,0.3158,0.0,0.0,0.0,19.0,4.95,0.0,0.0
TgO_Numbers,34,05,0.0,0.0,0.0,0.7778,0.0,0.0,0.0,9.0,2.9,0.0,0.0
TgO_Numbers,34,06,0.0,0.0,0.0,0.5833,0.0,0.0,0.0,12.0,3.0769,0.0,0.0
TgO_Numbers,34,07,0.0,0.0,0.0,0.75,0.0,0.0,0.0,12.0,3.9231,0.0,0.0
TgO_Numbers,34,08,0.0,0.0,0.0,0.7778,0.0,0.0,0.0,9.0,3.3,0.0,0.0
TgO_Numbers,34,09,0.0,0.0,0.0,0.5455,0.0,0.0,0.0,11.0,4.5,0.0,0.0
TgO_Numbers,34,10,0.0,0.0,0.0,0.6667,0.0,0.0,0.0,6.0,3.7143,0.0,0.0
TgO_Numbers,34,11,0.0,0.0,0.0,0.6429,0.0,0.0,0.0,14.0,3.6,0.0,0.0
TgO_Numbers,34,12,0.0,0.0,0.0,0.7692,0.0,0.0,0.0,13.0,3.4286,0.0,0.0
TgO_Numbers,34,13,0.0,0.0,0.0,0.7222,0.0,0.0,0.0,18.0,2.7368,0.0,0.0
TgO_Numbers,34,14,0.0,0.0,0.0,0.4667,0.0,0.0,0.0,15.0,3.5,0.0,0.0
TgO_Numbers,34,15,0.0,0.0,0.0,0.8182,0.0,0.0,0.0,11.0,3.5833,0.0,0.0
TgO_Numbers,34,16,0.0,0.0,0.0,0.8,0.0,0.0,0.0,5.0,2.1667,0.0,0.0
TgO_Numbers,34,17,0.0,0.0,0.0,0.75,0.0,0.0,0.0,12.0,3.2308,0.0,0.0
TgO_Numbers,34,18,0.0,0.0,0.0,0.8889,0.0,0.0,0.0,9.0,2.1,0.0,0.0
TgO_Numbers,34,19,0.0,0.0,0.0,0.625,0.0,0.0,0.0,8.0,3.6667,0.0,0.0
TgO_Numbers,34,20,0.0,0.0,0.0,0.3333,0.0,0.0,0.0,6.0,4.1429,0.0,0.0
TgO_Numbers,34,21,0.0,0.0,0.0,0.4,0.0,0.0,0.0,5.0,5.3333,0.0,0.0
TgO_Numbers,34,22,0.0,0.0,0.0,0.4286,0.0,0.0,0.0,7.0,2.875,0.0,0.0
TgO_Numbers,34,23,0.0,0.0,0.0,0.3333,0.0,0.0,0.0,9.0,3.8,0.0,0.0
TgO_Numbers,34,24,0.0,0.0,0.0,0.4286,0.0,0.0,0.0,7.0,3.5,0.0,0.0
TgO_Numbers,34,25,0.0,0.0,0.0,0.4286,0.0,0.0,0.0,7.0,3.75,0.0,0.0
TgO_Numbers,34,26,0.0,0.0,0.0,0.4286,0.0,0.0,0.0,7.0,4.125,0.0,0.0
TgO_Numbers,34,27,0.0,0.0,0.0,0.4286,0.0,0.0,0.0,7.0,3.75,0.0,0.0
TgO_Numbers,34,28,0.0,0.0,0.0,0.4286,0.0,0.0,0.0,7.0,4.125,0.0,0.0
TgO_Numbers,34,29,0.0,0.0,0.0,0.7778,0.0,0.0,0.0,9.0,3.4,0.0,0.0
TgO_Numbers,35,01,0.0,0.0,0.0,0.7,0.0,0.0,0.0,10.0,3.6364,0.0,0.0
TgO_Numbers,35,02,0.0,0.0,0.0,0.75,0.0,0.0,0.0,16.0,3.1765,0.0,0.0
TgO_Numbers,35,03,0.0,0.0,0.0,0.6,0.0,0.0,0.0,10.0,2.9091,0.0,0.0
TgO_Numbers,35,04,0.0,0.0,0.0,0.8,0.0,0.0,0.0,10.0,3.2727,0.0,0.0
TgO_Numbers,35,05,0.0,0.0,0.0,0.4167,0.0,0.0,0.0,36.0,3.2162,0.0,0.0
TgO_Numbers,35,06,0.0,0.0,0.0,0.6471,0.0,0.0,0.0,17.0,3.1111,0.0,0.0
TgO_Numbers,35,07,0.0,0.0,0.0,0.8,0.0,0.0,0.0,10.0,2.9091,0.0,0.0
TgO_Numbers,35,08,0.0,0.0,0.0,0.6667,0.0,0.0,0.0,18.0,2.8421,0.0,0.0
TgO_Numbers,35,09,0.0,0.0,0.0,0.8,0.0,0.0,0.0,5.0,2.1667,0.0,0.0
TgO_Numbers,35,10,0.0,0.0,0.0,0.7692,0.0,0.0,0.0,13.0,3.3571,0.0,0.0
TgO_Numbers,35,11,0.0,0.0,0.0,0.6923,0.0,0.0,0.0,13.0,3.3571,0.0,0.0
TgO_Numbers,35,12,0.0,0.0,0.0,0.8462,0.0,0.0,0.0,13.0,3.1429,0.0,0.0
TgO_Numbers,35,13,0.0,0.0,0.0,0.8571,0.0,0.0,0.0,7.0,3.25,0.0,0.0
TgO_Numbers,35,14,0.0,0.0,0.0,0.6667,0.0,0.0,0.0,15.0,3.25,0.0,0.0
TgO_Numbers,35,15,0.0,0.0,0.0,0.875,0.0,0.0,0.0,16.0,2.8824,0.0,0.0
TgO_Numbers,35,16,0.0,0.0,0.0,0.7,0.0,0.0,0.0,10.0,2.7273,0.0,0.0
TgO_Numbers,35,17,0.0,0.0,0.0,0.6667,0.0,0.0,0.0,15.0,2.6875,0.0,0.0
TgO_Numbers,35,18,0.0,0.0,0.0,0.6875,0.0,0.0,0.0,16.0,2.6471,0.0,0.0
TgO_Numbers,35,19,0.0,0.0,0.0,0.75,0.0,0.0,0.0,12.0,2.9231,0.0,0.0
TgO_Numbers,35,20,0.0,0.0,0.0,0.75,0.0,0.0,0.0,8.0,2.0,0.0,0.0
TgO_Numbers,35,21,0.0,0.0,0.0,0.6842,0.0,0.0,0.0,19.0,2.8,0.0,0.0
TgO_Numbers,35,22,0.0,0.0,0.0,0.8462,0.0,0.0,0.0,13.0,2.8571,0.0,0.0
TgO_Numbers,35,23,0.0,0.0,0.0,0.7368,0.0,0.0,0.0,19.0,2.55,0.0,0.0
TgO_Numbers,35,24,0.0,0.0,0.0,0.8889,0.0,0.0,0.0,9.0,3.0,0.0,0.0
TgO_Numbers,35,25,0.0,0.0,0.0,0.7391,0.0,0.0,0.0,23.0,2.9167,0.0,0.0
TgO_Numbers,35,26,0.0,0.0,0.0,0.9,0.0,0.0,0.0,10.0,3.0,0.0,0.0
TgO_Numbers,35,27,0.0,0.0,0.0,0.6667,0.0,0.0,0.0,15.0,3.6875,0.0,0.0
TgO_Numbers,35,28,0.0,0.0,0.0,0.8125,0.0,0.0,0.0,16.0,2.8235,0.0,0.0
TgO_Numbers,35,29,0.0,0.0,0.0,0.5,0.0,0.0,0.0,2.0,5.3333,0.0,0.0
TgO_Numbers,35,30,0.0,0.0,0.0,0.8,0.0,0.0,0.0,15.0,2.5625,0.0,0.0
TgO_Numbers,35,31,0.0,0.0,0.0,0.8571,0.0,0.0,0.0,14.0,2.8667,0.0,0.0
TgO_Numbers,35,32,0.0,0.0,0.0,1.0,0.0,0.0,0.0,12.0,2.8462,0.0,0.0
TgO_Numbers,35,33,0.0,0.0,0.0,0.6667,0.0,0.0,0.0,24.0,2.56,0.0,0.0
TgO_Numbers,35,34,0.0,0.0,0.0,0.7368,0.0,0.0,0.0,19.0,3.3,0.0,0.0
TgO_Numbers,36,01,0.0,0.0,0.0,0.3636,0.0,0.0,0.0,22.0,3.3478,0.0,0.0
TgO_Numbers,36,02,0.0,0.0,0.0,0.5455,0.0,0.0,0.0,22.0,2.913,0.0,0.0
TgO_Numbers,36,03,0.0,0.0,0.0,0.5,0.0,0.0,0.0,22.0,3.0,0.0,0.0
TgO_Numbers,36,04,0.0,0.0,0.0,0.4737,0.0,0.0,0.0,19.0,3.2,0.0,0.0
TgO_Numbers,36,05,0.0,0.0,0.0,0.7143,0.0,0.0,0.0,14.0,3.1333,0.0,0.0
TgO_Numbers,36,06,0.0,0.0,0.0,0.8235,0.0,0.0,0.0,17.0,3.2222,0.0,0.0
TgO_Numbers,36,07,0.0,0.0,0.0,0.7333,0.0,0.0,0.0,15.0,3.1875,0.0,0.0
TgO_Numbers,36,08,0.0,0.0,0.0,0.65,0.0,0.0,0.0,20.0,3.0476,0.0,0.0
TgO_Numbers,36,09,0.0,0.0,0.0,0.8462,0.0,0.0,0.0,13.0,3.2857,0.0,0.0
TgO_Numbers,36,10,0.0,0.0,0.0,0.7778,0.0,0.0,0.0,9.0,3.6,0.0,0.0
TgO_Numbers,36,11,0.0,0.0,0.0,0.4545,0.0,0.0,0.0,11.0,3.3333,0.0,0.0
TgO_Numbers,36,12,0.0,0.0,0.0,0.7692,0.0,0.0,0.0,13.0,3.1429,0.0,0.0
TgO_Numbers,36,13,0.0,0.0,0.0,0.6111,0.0,0.0,0.0,18.0,4.0,0.0,0.0
TgO_Deuteronomy,01,01,0.0,0.0,0.0,0.697,0.0,0.0,0.0,33.0,2.8529,0.0,0.0
TgO_Deuteronomy,01,02,0.0,0.0,0.0,0.7778,0.0,0.0,0.0,9.0,4.5,0.0,0.0
TgO_Deuteronomy,01,03,0.0,0.0,0.0,0.7059,0.0,0.0,0.0,17.0,2.6667,0.0,0.0
TgO_Deuteronomy,01,04,0.0,0.0,0.0,0.5333,0.0,0.0,0.0,15.0,3.25,0.0,0.0
TgO_Deuteronomy,01,05,0.0,0.0,0.0,0.75,0.0,0.0,0.0,12.0,3.4615,0.0,0.0
TgO_Deuteronomy,01,06,0.0,0.0,0.0,0.8182,0.0,0.0,0.0,11.0,2.75,0.0,0.0
TgO_Deuteronomy,01,07,0.0,0.0,0.0,0.5909,0.0,0.0,0.0,22.0,2.6957,0.0,0.0
TgO_Deuteronomy,01,08,0.0,0.0,0.0,0.6316,0.0,0.0,0.0,19.0,3.25,0.0,0.0
TgO_Deuteronomy,01,09,0.0,0.0,0.0,0.9091,0.0,0.0,0.0,11.0,3.1667,0.0,0.0
TgO_Deuteronomy,01,10,0.0,0.0,0.0,0.9,0.0,0.0,0.0,10.0,2.9091,0.0,0.0
TgO_Deuteronomy,01,11,0.0,0.0,0.0,0.9231,0.0,0.0,0.0,13.0,3.0,0.0,0.0
TgO_Deuteronomy,01,12,0.0,0.0,0.0,0.8333,0.0,0.0,0.0,6.0,3.2857,0.0,0.0
TgO_Deuteronomy,01,13,0.0,0.0,0.0,0.8,0.0,0.0,0.0,10.0,2.8182,0.0,0.0
TgO_Deuteronomy,01,14,0.0,0.0,0.0,0.8571,0.0,0.0,0.0,7.0,2.375,0.0,0.0
TgO_Deuteronomy,01,15,0.0,0.0,0.0,0.5714,0.0,0.0,0.0,21.0,2.5909,0.0,0.0
TgO_Deuteronomy,01,16,0.0,0.0,0.0,0.7647,0.0,0.0,0.0,17.0,2.6111,0.0,0.0
TgO_Deuteronomy,01,17,0.0,0.0,0.0,0.9091,0.0,0.0,0.0,22.0,3.0435,0.0,0.0
TgO_Deuteronomy,01,18,0.0,0.0,0.0,0.875,0.0,0.0,0.0,8.0,2.3333,0.0,0.0
TgO_Deuteronomy,01,19,0.0,0.0,0.0,0.7619,0.0,0.0,0.0,21.0,3.2273,0.0,0.0
TgO_Deuteronomy,01,20,0.0,0.0,0.0,0.8,0.0,0.0,0.0,10.0,3.2727,0.0,0.0
TgO_Deuteronomy,01,21,0.0,0.0,0.0,0.8421,0.0,0.0,0.0,19.0,2.8,0.0,0.0
TgO_Deuteronomy,01,22,0.0,0.0,0.0,0.6364,0.0,0.0,0.0,22.0,2.8261,0.0,0.0
TgO_Deuteronomy,01,23,0.0,0.0,0.0,0.8,0.0,0.0,0.0,10.0,2.7273,0.0,0.0
TgO_Deuteronomy,01,24,0.0,0.0,0.0,0.6667,0.0,0.0,0.0,9.0,2.2,0.0,0.0
TgO_Deuteronomy,01,25,0.0,0.0,0.0,0.625,0.0,0.0,0.0,16.0,2.7059,0.0,0.0
TgO_Deuteronomy,01,26,0.0,0.0,0.0,0.875,0.0,0.0,0.0,8.0,2.4444,0.0,0.0
TgO_Deuteronomy,01,27,0.0,0.0,0.0,0.7143,0.0,0.0,0.0,14.0,2.7333,0.0,0.0
TgO_Deuteronomy,01,28,0.0,0.0,0.0,0.8261,0.0,0.0,0.0,23.0,2.7917,0.0,0.0
TgO_Deuteronomy,01,29,0.0,0.0,0.0,0.7143,0.0,0.0,0.0,7.0,2.5,0.0,0.0
TgO_Deuteronomy,01,30,0.0,0.0,0.0,0.9167,0.0,0.0,0.0,12.0,2.9231,0.0,0.0
TgO_Deuteronomy,01,31,0.0,0.0,0.0,0.8889,0.0,0.0,0.0,18.0,2.8421,0.0,0.0
TgO_Deuteronomy,01,32,0.0,0.0,0.0,1.0,0.0,0.0,0.0,7.0,2.625,0.0,0.0
TgO_Deuteronomy,01,33,0.0,0.0,0.0,0.6667,0.0,0.0,0.0,18.0,2.9474,0.0,0.0
TgO_Deuteronomy,01,34,0.0,0.0,0.0,0.7778,0.0,0.0,0.0,9.0,2.3,0.0,0.0
TgO_Deuteronomy,01,35,0.0,0.0,0.0,1.0,0.0,0.0,0.0,14.0,2.4667,0.0,0.0
TgO_Deuteronomy,01,36,0.0,0.0,0.0,0.8333,0.0,0.0,0.0,18.0,3.0526,0.0,0.0
TgO_Deuteronomy,01,37,0.0,0.0,0.0,0.9231,0.0,0.0,0.0,13.0,2.9286,0.0,0.0
TgO_Deuteronomy,01,38,0.0,0.0,0.0,0.7143,0.0,0.0,0.0,14.0,3.6,0.0,0.0
TgO_Deuteronomy,01,39,0.0,0.0,0.0,0.7222,0.0,0.0,0.0,18.0,2.6842,0.0,0.0
TgO_Deuteronomy,01,40,0.0,0.0,0.0,0.625,0.0,0.0,0.0,8.0,3.2222,0.0,0.0
TgO_Deuteronomy,01,41,0.0,0.0,0.0,0.6364,0.0,0.0,0.0,22.0,2.6522,0.0,0.0
TgO_Deuteronomy,01,42,0.0,0.0,0.0,0.7895,0.0,0.0,0.0,19.0,3.05,0.0,0.0
TgO_Deuteronomy,01,43,0.0,0.0,0.0,0.6364,0.0,0.0,0.0,11.0,2.25,0.0,0.0
TgO_Deuteronomy,01,44,0.0,0.0,0.0,0.6875,0.0,0.0,0.0,16.0,3.2353,0.0,0.0
TgO_Deuteronomy,01,45,0.0,0.0,0.0,0.6364,0.0,0.0,0.0,11.0,2.4167,0.0,0.0
TgO_Deuteronomy,01,46,0.0,0.0,0.0,1.0,0.0,0.0,0.0,6.0,2.1429,0.0,0.0
TgO_Deuteronomy,02,01,0.0,0.0,0.0,0.75,0.0,0.0,0.0,16.0,3.1765,0.0,0.0
TgO_Deuteronomy,02,02,0.0,0.0,0.0,0.75,0.0,0.0,0.0,4.0,2.2,0.0,0.0
TgO_Deuteronomy,02,03,0.0,0.0,0.0,0.7778,0.0,0.0,0.0,9.0,3.3,0.0,0.0
TgO_Deuteronomy,02,04,0.0,0.0,0.0,0.75,0.0,0.0,0.0,16.0,2.5882,0.0,0.0
TgO_Deuteronomy,02,05,0.0,0.0,0.0,0.7368,0.0,0.0,0.0,19.0,3.4,0.0,0.0
TgO_Deuteronomy,02,06,0.0,0.0,0.0,0.5455,0.0,0.0,0.0,11.0,2.3333,0.0,0.0
TgO_Deuteronomy,02,07,0.0,0.0,0.0,0.8,0.0,0.0,0.0,25.0,2.9231,0.0,0.0
TgO_Deuteronomy,02,08,0.0,0.0,0.0,0.625,0.0,0.0,0.0,16.0,3.1176,0.0,0.0
TgO_Deuteronomy,02,09,0.0,0.0,0.0,0.68,0.0,0.0,0.0,25.0,2.9615,0.0,0.0
TgO_Deuteronomy,02,10,0.0,0.0,0.0,0.8889,0.0,0.0,0.0,9.0,2.9,0.0,0.0
TgO_Deuteronomy,02,11,0.0,0.0,0.0,0.8889,0.0,0.0,0.0,9.0,3.1,0.0,0.0
TgO_Deuteronomy,02,12,0.0,0.0,0.0,0.6842,0.0,0.0,0.0,19.0,3.8,0.0,0.0
TgO_Deuteronomy,02,13,0.0,0.0,0.0,0.4545,0.0,0.0,0.0,11.0,3.4167,0.0,0.0
TgO_Deuteronomy,02,14,0.0,0.0,0.0,0.8333,0.0,0.0,0.0,24.0,3.2,0.0,0.0
TgO_Deuteronomy,02,15,0.0,0.0,0.0,1.0,0.0,0.0,0.0,11.0,3.1667,0.0,0.0
TgO_Deuteronomy,02,16,0.0,0.0,0.0,1.0,0.0,0.0,0.0,10.0,2.5455,0.0,0.0
TgO_Deuteronomy,02,17,0.0,0.0,0.0,1.0,0.0,0.0,0.0,4.0,2.0,0.0,0.0
TgO_Deuteronomy,02,18,0.0,0.0,0.0,0.5556,0.0,0.0,0.0,9.0,3.7,0.0,0.0
TgO_Deuteronomy,02,19,0.0,0.0,0.0,0.6,0.0,0.0,0.0,25.0,3.0,0.0,0.0
TgO_Deuteronomy,02,20,0.0,0.0,0.0,0.8462,0.0,0.0,0.0,13.0,3.5714,0.0,0.0
TgO_Deuteronomy,02,21,0.0,0.0,0.0,0.7273,0.0,0.0,0.0,11.0,2.5,0.0,0.0
TgO_Deuteronomy,02,22,0.0,0.0,0.0,0.8125,0.0,0.0,0.0,16.0,3.0588,0.0,0.0
TgO_Deuteronomy,02,23,0.0,0.0,0.0,0.7273,0.0,0.0,0.0,11.0,2.75,0.0,0.0
TgO_Deuteronomy,02,24,0.0,0.0,0.0,0.7727,0.0,0.0,0.0,22.0,3.1739,0.0,0.0
TgO_Deuteronomy,02,25,0.0,0.0,0.0,0.7647,0.0,0.0,0.0,17.0,3.2222,0.0,0.0
TgO_Deuteronomy,02,26,0.0,0.0,0.0,0.7273,0.0,0.0,0.0,11.0,4.25,0.0,0.0
TgO_Deuteronomy,02,27,0.0,0.0,0.0,0.7778,0.0,0.0,0.0,9.0,2.3,0.0,0.0
TgO_Deuteronomy,02,28,0.0,0.0,0.0,0.5385,0.0,0.0,0.0,13.0,2.5,0.0,0.0
TgO_Deuteronomy,02,29,0.0,0.0,0.0,0.7368,0.0,0.0,0.0,19.0,3.0,0.0,0.0
TgO_Deuteronomy,02,30,0.0,0.0,0.0,0.7727,0.0,0.0,0.0,22.0,3.0,0.0,0.0
TgO_Deuteronomy,02,31,0.0,0.0,0.0,0.625,0.0,0.0,0.0,16.0,2.8235,0.0,0.0
TgO_Deuteronomy,02,32,0.0,0.0,0.0,0.6667,0.0,0.0,0.0,9.0,3.6,0.0,0.0
TgO_Deuteronomy,02,33,0.0,0.0,0.0,0.8182,0.0,0.0,0.0,11.0,2.1667,0.0,0.0
TgO_Deuteronomy,02,34,0.0,0.0,0.0,0.625,0.0,0.0,0.0,16.0,2.4706,0.0,0.0
TgO_Deuteronomy,02,35,0.0,0.0,0.0,0.8571,0.0,0.0,0.0,7.0,3.125,0.0,0.0
TgO_Deuteronomy,02,36,0.0,0.0,0.0,0.8421,0.0,0.0,0.0,19.0,2.9,0.0,0.0
TgO_Deuteronomy,02,37,0.0,0.0,0.0,0.8667,0.0,0.0,0.0,15.0,3.0,0.0,0.0
TgO_Deuteronomy,03,01,0.0,0.0,0.0,0.5333,0.0,0.0,0.0,15.0,3.8125,0.0,0.0
TgO_Deuteronomy,03,02,0.0,0.0,0.0,0.7083,0.0,0.0,0.0,24.0,2.92,0.0,0.0
TgO_Deuteronomy,03,03,0.0,0.0,0.0,0.7778,0.0,0.0,0.0,18.0,2.7895,0.0,0.0
TgO_Deuteronomy,03,04,0.0,0.0,0.0,0.6667,0.0,0.0,0.0,21.0,3.8182,0.0,0.0
TgO_Deuteronomy,03,05,0.0,0.0,0.0,0.9333,0.0,0.0,0.0,15.0,3.0625,0.0,0.0
TgO_Deuteronomy,03,06,0.0,0.0,0.0,0.6923,0.0,0.0,0.0,13.0,3.5714,0.0,0.0
TgO_Deuteronomy,03,07,0.0,0.0,0.0,0.6667,0.0,0.0,0.0,6.0,3.0,0.0,0.0
TgO_Deuteronomy,03,08,0.0,0.0,0.0,0.9375,0.0,0.0,0.0,16.0,3.3529,0.0,0.0
TgO_Deuteronomy,03,09,0.0,0.0,0.0,0.5556,0.0,0.0,0.0,9.0,4.0,0.0,0.0
TgO_Deuteronomy,03,10,0.0,0.0,0.0,0.5,0.0,0.0,0.0,14.0,3.4667,0.0,0.0
TgO_Deuteronomy,03,11,0.0,0.0,0.0,0.72,0.0,0.0,0.0,25.0,3.1923,0.0,0.0
TgO_Deuteronomy,03,12,0.0,0.0,0.0,0.6842,0.0,0.0,0.0,19.0,3.15,0.0,0.0
TgO_Deuteronomy,03,13,0.0,0.0,0.0,0.6,0.0,0.0,0.0,20.0,4.6667,0.0,0.0
TgO_Deuteronomy,03,14,0.0,0.0,0.0,0.625,0.0,0.0,0.0,24.0,5.12,0.0,0.0
TgO_Deuteronomy,03,15,0.0,0.0,0.0,0.75,0.0,0.0,0.0,4.0,2.8,0.0,0.0
TgO_Deuteronomy,03,16,0.0,0.0,0.0,0.4737,0.0,0.0,0.0,19.0,3.15,0.0,0.0
TgO_Deuteronomy,03,17,0.0,0.0,0.0,0.6154,0.0,0.0,0.0,13.0,2.4286,0.0,0.0
TgO_Deuteronomy,03,18,0.0,0.0,0.0,0.8182,0.0,0.0,0.0,22.0,2.8261,0.0,0.0
TgO_Deuteronomy,03,19,0.0,0.0,0.0,0.7692,0.0,0.0,0.0,13.0,3.2857,0.0,0.0
TgO_Deuteronomy,03,20,0.0,0.0,0.0,0.7619,0.0,0.0,0.0,21.0,3.0455,0.0,0.0
TgO_Deuteronomy,03,21,0.0,0.0,0.0,0.8333,0.0,0.0,0.0,24.0,3.04,0.0,0.0
TgO_Deuteronomy,03,22,0.0,0.0,0.0,0.8889,0.0,0.0,0.0,9.0,3.0,0.0,0.0
TgO_Deuteronomy,03,23,0.0,0.0,0.0,1.0,0.0,0.0,0.0,6.0,2.4286,0.0,0.0
TgO_Deuteronomy,03,24,0.0,0.0,0.0,0.75,0.0,0.0,0.0,24.0,2.88,0.0,0.0
TgO_Deuteronomy,03,25,0.0,0.0,0.0,0.75,0.0,0.0,0.0,12.0,2.4615,0.0,0.0
TgO_Deuteronomy,03,26,0.0,0.0,0.0,0.7619,0.0,0.0,0.0,21.0,2.8182,0.0,0.0
TgO_Deuteronomy,03,27,0.0,0.0,0.0,0.7647,0.0,0.0,0.0,17.0,2.5,0.0,0.0
TgO_Deuteronomy,03,28,0.0,0.0,0.0,0.6471,0.0,0.0,0.0,17.0,2.7222,0.0,0.0
TgO_Deuteronomy,03,29,0.0,0.0,0.0,0.75,0.0,0.0,0.0,4.0,4.2,0.0,0.0
TgO_Deuteronomy,04,01,0.0,0.0,0.0,0.75,0.0,0.0,0.0,20.0,2.9048,0.0,0.0
TgO_Deuteronomy,04,02,0.0,0.0,0.0,0.7778,0.0,0.0,0.0,18.0,2.5789,0.0,0.0
TgO_Deuteronomy,04,03,0.0,0.0,0.0,0.8421,0.0,0.0,0.0,19.0,3.15,0.0,0.0
TgO_Deuteronomy,04,04,0.0,0.0,0.0,0.8889,0.0,0.0,0.0,9.0,2.8,0.0,0.0
TgO_Deuteronomy,04,05,0.0,0.0,0.0,1.0,0.0,0.0,0.0,17.0,2.9444,0.0,0.0
TgO_Deuteronomy,04,06,0.0,0.0,0.0,0.7619,0.0,0.0,0.0,21.0,2.8182,0.0,0.0
TgO_Deuteronomy,04,07,0.0,0.0,0.0,0.8421,0.0,0.0,0.0,19.0,3.0,0.0,0.0
TgO_Deuteronomy,04,08,0.0,0.0,0.0,0.8,0.0,0.0,0.0,15.0,3.125,0.0,0.0
TgO_Deuteronomy,04,09,0.0,0.0,0.0,0.7727,0.0,0.0,0.0,22.0,3.1739,0.0,0.0
TgO_Deuteronomy,04,10,0.0,0.0,0.0,0.7241,0.0,0.0,0.0,29.0,2.9,0.0,0.0
TgO_Deuteronomy,04,11,0.0,0.0,0.0,0.6154,0.0,0.0,0.0,13.0,2.7857,0.0,0.0
TgO_Deuteronomy,04,12,0.0,0.0,0.0,0.8571,0.0,0.0,0.0,14.0,2.8667,0.0,0.0
TgO_Deuteronomy,04,13,0.0,0.0,0.0,0.7857,0.0,0.0,0.0,14.0,2.8,0.0,0.0
TgO_Deuteronomy,04,14,0.0,0.0,0.0,0.8125,0.0,0.0,0.0,16.0,2.6471,0.0,0.0
TgO_Deuteronomy,04,15,0.0,0.0,0.0,0.9333,0.0,0.0,0.0,15.0,2.625,0.0,0.0
TgO_Deuteronomy,04,16,0.0,0.0,0.0,0.8333,0.0,0.0,0.0,12.0,3.0,0.0,0.0
TgO_Deuteronomy,04,17,0.0,0.0,0.0,0.7692,0.0,0.0,0.0,13.0,2.6429,0.0,0.0
TgO_Deuteronomy,04,18,0.0,0.0,0.0,0.7,0.0,0.0,0.0,10.0,2.6364,0.0,0.0
TgO_Deuteronomy,04,19,0.0,0.0,0.0,0.5926,0.0,0.0,0.0,27.0,2.75,0.0,0.0
TgO_Deuteronomy,04,20,0.0,0.0,0.0,0.8,0.0,0.0,0.0,15.0,2.6875,0.0,0.0
TgO_Deuteronomy,04,21,0.0,0.0,0.0,0.7391,0.0,0.0,0.0,23.0,2.75,0.0,0.0
TgO_Deuteronomy,04,22,0.0,0.0,0.0,0.7059,0.0,0.0,0.0,17.0,2.5556,0.0,0.0
TgO_Deuteronomy,04,23,0.0,0.0,0.0,0.7778,0.0,0.0,0.0,18.0,3.0526,0.0,0.0
TgO_Deuteronomy,04,24,0.0,0.0,0.0,1.0,0.0,0.0,0.0,9.0,2.7,0.0,0.0
TgO_Deuteronomy,04,25,0.0,0.0,0.0,0.6842,0.0,0.0,0.0,19.0,2.6,0.0,0.0
TgO_Deuteronomy,04,26,0.0,0.0,0.0,0.7778,0.0,0.0,0.0,27.0,3.0714,0.0,0.0
TgO_Deuteronomy,04,27,0.0,0.0,0.0,0.6923,0.0,0.0,0.0,13.0,2.3571,0.0,0.0
TgO_Deuteronomy,04,28,0.0,0.0,0.0,0.7778,0.0,0.0,0.0,18.0,2.4211,0.0,0.0
TgO_Deuteronomy,04,29,0.0,0.0,0.0,0.8571,0.0,0.0,0.0,14.0,2.6667,0.0,0.0
TgO_Deuteronomy,04,30,0.0,0.0,0.0,0.8,0.0,0.0,0.0,15.0,2.6875,0.0,0.0
TgO_Deuteronomy,04,31,0.0,0.0,0.0,0.8125,0.0,0.0,0.0,16.0,2.8235,0.0,0.0
TgO_Deuteronomy,04,32,0.0,0.0,0.0,0.8462,0.0,0.0,0.0,26.0,2.7778,0.0,0.0
TgO_Deuteronomy,04,33,0.0,0.0,0.0,1.0,0.0,0.0,0.0,12.0,2.9231,0.0,0.0
TgO_Deuteronomy,04,34,0.0,0.0,0.0,0.5926,0.0,0.0,0.0,27.0,2.6786,0.0,0.0
TgO_Deuteronomy,04,35,0.0,0.0,0.0,1.0,0.0,0.0,0.0,10.0,3.0909,0.0,0.0
TgO_Deuteronomy,04,36,0.0,0.0,0.0,0.7647,0.0,0.0,0.0,17.0,2.6667,0.0,0.0
TgO_Deuteronomy,04,37,0.0,0.0,0.0,0.6923,0.0,0.0,0.0,13.0,2.0714,0.0,0.0
TgO_Deuteronomy,04,38,0.0,0.0,0.0,0.9286,0.0,0.0,0.0,14.0,2.8,0.0,0.0
TgO_Deuteronomy,04,39,0.0,0.0,0.0,0.8333,0.0,0.0,0.0,18.0,3.2632,0.0,0.0
TgO_Deuteronomy,04,40,0.0,0.0,0.0,0.68,0.0,0.0,0.0,25.0,3.1154,0.0,0.0
TgO_Deuteronomy,04,41,0.0,0.0,0.0,0.8889,0.0,0.0,0.0,9.0,3.1,0.0,0.0
TgO_Deuteronomy,04,42,0.0,0.0,0.0,0.75,0.0,0.0,0.0,20.0,2.7143,0.0,0.0
TgO_Deuteronomy,04,43,0.0,0.0,0.0,0.2941,0.0,0.0,0.0,17.0,3.3889,0.0,0.0
TgO_Deuteronomy,04,44,0.0,0.0,0.0,0.7143,0.0,0.0,0.0,7.0,3.625,0.0,0.0
TgO_Deuteronomy,04,45,0.0,0.0,0.0,0.7273,0.0,0.0,0.0,11.0,2.75,0.0,0.0
TgO_Deuteronomy,04,46,0.0,0.0,0.0,0.5556,0.0,0.0,0.0,18.0,3.2632,0.0,0.0
TgO_Deuteronomy,04,47,0.0,0.0,0.0,0.6667,0.0,0.0,0.0,15.0,3.3125,0.0,0.0
TgO_Deuteronomy,04,48,0.0,0.0,0.0,0.7778,0.0,0.0,0.0,9.0,4.0,0.0,0.0
TgO_Deuteronomy,04,49,0.0,0.0,0.0,0.8182,0.0,0.0,0.0,11.0,2.9167,0.0,0.0
TgO_Deuteronomy,05,01,0.0,0.0,0.0,0.5238,0.0,0.0,0.0,21.0,3.1818,0.0,0.0
TgO_Deuteronomy,05,02,0.0,0.0,0.0,1.0,0.0,0.0,0.0,6.0,2.2857,0.0,0.0
TgO_Deuteronomy,05,03,0.0,0.0,0.0,0.8235,0.0,0.0,0.0,17.0,2.8333,0.0,0.0
TgO_Deuteronomy,05,04,0.0,0.0,0.0,0.7778,0.0,0.0,0.0,9.0,2.8,0.0,0.0
TgO_Deuteronomy,05,05,0.0,0.0,0.0,0.8182,0.0,0.0,0.0,22.0,3.087,0.0,0.0
TgO_Deuteronomy,05,06,0.0,0.0,0.0,0.875,0.0,0.0,0.0,8.0,3.0,0.0,0.0
TgO_Deuteronomy,05,07,0.0,0.0,0.0,0.8333,0.0,0.0,0.0,6.0,3.0,0.0,0.0
TgO_Deuteronomy,05,08,0.0,0.0,0.0,0.7692,0.0,0.0,0.0,13.0,3.2857,0.0,0.0
TgO_Deuteronomy,05,09,0.0,0.0,0.0,0.8,0.0,0.0,0.0,30.0,2.7097,0.0,0.0
TgO_Deuteronomy,05,10,0.0,0.0,0.0,0.8571,0.0,0.0,0.0,7.0,2.5,0.0,0.0
TgO_Deuteronomy,05,11,0.0,0.0,0.0,0.7143,0.0,0.0,0.0,14.0,2.5333,0.0,0.0
TgO_Deuteronomy,05,12,0.0,0.0,0.0,1.0,0.0,0.0,0.0,9.0,2.9,0.0,0.0
TgO_Deuteronomy,05,13,0.0,0.0,0.0,1.0,0.0,0.0,0.0,6.0,2.4286,0.0,0.0
TgO_Deuteronomy,05,14,0.0,0.0,0.0,0.6154,0.0,0.0,0.0,26.0,2.6296,0.0,0.0
TgO_Deuteronomy,05,15,0.0,0.0,0.0,0.6087,0.0,0.0,0.0,23.0,3.125,0.0,0.0
TgO_Deuteronomy,05,16,0.0,0.0,0.0,0.7619,0.0,0.0,0.0,21.0,2.8182,0.0,0.0
TgO_Deuteronomy,05,17,0.0,0.0,0.0,0.5,0.0,0.0,0.0,3.0,2.0,0.0,0.0
TgO_Deuteronomy,05,18,0.0,0.0,0.0,0.5,0.0,0.0,0.0,2.0,1.6667,0.0,0.0
TgO_Deuteronomy,05,19,0.0,0.0,0.0,0.5,0.0,0.0,0.0,3.0,2.0,0.0,0.0
TgO_Deuteronomy,05,20,0.0,0.0,0.0,0.7143,0.0,0.0,0.0,7.0,2.5,0.0,0.0
TgO_Deuteronomy,05,21,0.0,0.0,0.0,0.5333,0.0,0.0,0.0,15.0,2.4375,0.0,0.0
TgO_Deuteronomy,05,22,0.0,0.0,0.0,0.8333,0.0,0.0,0.0,24.0,2.68,0.0,0.0
TgO_Deuteronomy,05,23,0.0,0.0,0.0,0.8,0.0,0.0,0.0,15.0,2.4375,0.0,0.0
TgO_Deuteronomy,05,24,0.0,0.0,0.0,0.7917,0.0,0.0,0.0,24.0,2.68,0.0,0.0
TgO_Deuteronomy,05,25,0.0,0.0,0.0,0.9,0.0,0.0,0.0,20.0,2.8571,0.0,0.0
TgO_Deuteronomy,05,26,0.0,0.0,0.0,1.0,0.0,0.0,0.0,14.0,2.7333,0.0,0.0
TgO_Deuteronomy,05,27,0.0,0.0,0.0,0.5263,0.0,0.0,0.0,19.0,2.35,0.0,0.0
TgO_Deuteronomy,05,28,0.0,0.0,0.0,0.5652,0.0,0.0,0.0,23.0,2.5,0.0,0.0
TgO_Deuteronomy,05,29,0.0,0.0,0.0,0.7778,0.0,0.0,0.0,18.0,3.4211,0.0,0.0
TgO_Deuteronomy,05,30,0.0,0.0,0.0,0.6667,0.0,0.0,0.0,6.0,3.5714,0.0,0.0
TgO_Deuteronomy,05,31,0.0,0.0,0.0,0.7222,0.0,0.0,0.0,18.0,2.6842,0.0,0.0
TgO_Deuteronomy,05,32,0.0,0.0,0.0,0.9091,0.0,0.0,0.0,11.0,2.75,0.0,0.0
TgO_Deuteronomy,05,33,0.0,0.0,0.0,0.8,0.0,0.0,0.0,15.0,2.8125,0.0,0.0
TgO_Deuteronomy,06,01,0.0,0.0,0.0,0.9333,0.0,0.0,0.0,15.0,2.875,0.0,0.0
TgO_Deuteronomy,06,02,0.0,0.0,0.0,0.7391,0.0,0.0,0.0,23.0,3.0,0.0,0.0
TgO_Deuteronomy,06,03,0.0,0.0,0.0,0.6111,0.0,0.0,0.0,18.0,2.8947,0.0,0.0
TgO_Deuteronomy,06,04,0.0,0.0,0.0,0.6667,0.0,0.0,0.0,6.0,2.7143,0.0,0.0
TgO_Deuteronomy,06,05,0.0,0.0,0.0,0.8,0.0,0.0,0.0,10.0,2.3636,0.0,0.0
TgO_Deuteronomy,06,06,0.0,0.0,0.0,0.8,0.0,0.0,0.0,10.0,2.9091,0.0,0.0
TgO_Deuteronomy,06,07,0.0,0.0,0.0,0.4,0.0,0.0,0.0,10.0,1.8182,0.0,0.0
TgO_Deuteronomy,06,08,0.0,0.0,0.0,0.875,0.0,0.0,0.0,8.0,2.3333,0.0,0.0
TgO_Deuteronomy,06,09,0.0,0.0,0.0,0.7143,0.0,0.0,0.0,7.0,2.125,0.0,0.0
TgO_Deuteronomy,06,10,0.0,0.0,0.0,0.7222,0.0,0.0,0.0,18.0,2.8421,0.0,0.0
TgO_Deuteronomy,06,11,0.0,0.0,0.0,0.5,0.0,0.0,0.0,16.0,2.2941,0.0,0.0
TgO_Deuteronomy,06,12,0.0,0.0,0.0,0.8333,0.0,0.0,0.0,12.0,3.0769,0.0,0.0
TgO_Deuteronomy,06,13,0.0,0.0,0.0,0.875,0.0,0.0,0.0,8.0,2.3333,0.0,0.0
TgO_Deuteronomy,06,14,0.0,0.0,0.0,0.7778,0.0,0.0,0.0,9.0,2.6,0.0,0.0
TgO_Deuteronomy,06,15,0.0,0.0,0.0,0.875,0.0,0.0,0.0,16.0,3.2353,0.0,0.0
TgO_Deuteronomy,06,16,0.0,0.0,0.0,0.875,0.0,0.0,0.0,8.0,2.7778,0.0,0.0
TgO_Deuteronomy,06,17,0.0,0.0,0.0,0.7778,0.0,0.0,0.0,9.0,2.5,0.0,0.0
TgO_Deuteronomy,06,18,0.0,0.0,0.0,0.6875,0.0,0.0,0.0,16.0,2.4706,0.0,0.0
TgO_Deuteronomy,06,19,0.0,0.0,0.0,1.0,0.0,0.0,0.0,8.0,3.5556,0.0,0.0
TgO_Deuteronomy,06,20,0.0,0.0,0.0,0.9231,0.0,0.0,0.0,13.0,2.5,0.0,0.0
TgO_Deuteronomy,06,21,0.0,0.0,0.0,0.7273,0.0,0.0,0.0,11.0,2.75,0.0,0.0
TgO_Deuteronomy,06,22,0.0,0.0,0.0,0.6667,0.0,0.0,0.0,12.0,2.0769,0.0,0.0
TgO_Deuteronomy,06,23,0.0,0.0,0.0,0.8333,0.0,0.0,0.0,12.0,2.6154,0.0,0.0
TgO_Deuteronomy,06,24,0.0,0.0,0.0,0.8333,0.0,0.0,0.0,18.0,3.1579,0.0,0.0
TgO_Deuteronomy,06,25,0.0,0.0,0.0,0.9333,0.0,0.0,0.0,15.0,3.125,0.0,0.0
TgO_Deuteronomy,07,01,0.0,0.0,0.0,0.6,0.0,0.0,0.0,25.0,2.6538,0.0,0.0
TgO_Deuteronomy,07,02,0.0,0.0,0.0,0.7333,0.0,0.0,0.0,15.0,2.625,0.0,0.0
TgO_Deuteronomy,07,03,0.0,0.0,0.0,0.7273,0.0,0.0,0.0,11.0,2.1667,0.0,0.0
TgO_Deuteronomy,07,04,0.0,0.0,0.0,0.9333,0.0,0.0,0.0,15.0,2.9375,0.0,0.0
TgO_Deuteronomy,07,05,0.0,0.0,0.0,0.7857,0.0,0.0,0.0,14.0,2.8,0.0,0.0
TgO_Deuteronomy,07,06,0.0,0.0,0.0,0.7368,0.0,0.0,0.0,19.0,2.9,0.0,0.0
TgO_Deuteronomy,07,07,0.0,0.0,0.0,0.6667,0.0,0.0,0.0,15.0,2.5625,0.0,0.0
TgO_Deuteronomy,07,08,0.0,0.0,0.0,0.6667,0.0,0.0,0.0,21.0,2.7273,0.0,0.0
TgO_Deuteronomy,07,09,0.0,0.0,0.0,0.8125,0.0,0.0,0.0,16.0,2.8235,0.0,0.0
TgO_Deuteronomy,07,10,0.0,0.0,0.0,0.7,0.0,0.0,0.0,20.0,2.9524,0.0,0.0
TgO_Deuteronomy,07,11,0.0,0.0,0.0,0.6923,0.0,0.0,0.0,13.0,2.9286,0.0,0.0
TgO_Deuteronomy,07,12,0.0,0.0,0.0,0.6667,0.0,0.0,0.0,18.0,2.4737,0.0,0.0
TgO_Deuteronomy,07,13,0.0,0.0,0.0,0.5714,0.0,0.0,0.0,21.0,2.5,0.0,0.0
TgO_Deuteronomy,07,14,0.0,0.0,0.0,0.8,0.0,0.0,0.0,10.0,2.2727,0.0,0.0
TgO_Deuteronomy,07,15,0.0,0.0,0.0,0.75,0.0,0.0,0.0,16.0,2.7059,0.0,0.0
TgO_Deuteronomy,07,16,0.0,0.0,0.0,0.8,0.0,0.0,0.0,20.0,2.5714,0.0,0.0
TgO_Deuteronomy,07,17,0.0,0.0,0.0,1.0,0.0,0.0,0.0,10.0,2.8182,0.0,0.0
TgO_Deuteronomy,07,18,0.0,0.0,0.0,0.9167,0.0,0.0,0.0,12.0,2.6154,0.0,0.0
TgO_Deuteronomy,07,19,0.0,0.0,0.0,0.7727,0.0,0.0,0.0,22.0,2.6957,0.0,0.0
TgO_Deuteronomy,07,20,0.0,0.0,0.0,0.9167,0.0,0.0,0.0,12.0,2.7692,0.0,0.0
TgO_Deuteronomy,07,21,0.0,0.0,0.0,0.9091,0.0,0.0,0.0,11.0,3.0,0.0,0.0
TgO_Deuteronomy,07,22,0.0,0.0,0.0,0.9444,0.0,0.0,0.0,18.0,3.1053,0.0,0.0
TgO_Deuteronomy,07,23,0.0,0.0,0.0,0.8889,0.0,0.0,0.0,9.0,2.5,0.0,0.0
TgO_Deuteronomy,07,24,0.0,0.0,0.0,0.8667,0.0,0.0,0.0,15.0,2.6875,0.0,0.0
TgO_Deuteronomy,07,25,0.0,0.0,0.0,0.85,0.0,0.0,0.0,20.0,2.6667,0.0,0.0
TgO_Deuteronomy,07,26,0.0,0.0,0.0,0.7143,0.0,0.0,0.0,14.0,2.6667,0.0,0.0
TgO_Deuteronomy,08,01,0.0,0.0,0.0,0.7895,0.0,0.0,0.0,19.0,2.9,0.0,0.0
TgO_Deuteronomy,08,02,0.0,0.0,0.0,0.9048,0.0,0.0,0.0,21.0,2.7273,0.0,0.0
TgO_Deuteronomy,08,03,0.0,0.0,0.0,0.6786,0.0,0.0,0.0,28.0,2.8621,0.0,0.0
TgO_Deuteronomy,08,04,0.0,0.0,0.0,0.9,0.0,0.0,0.0,10.0,2.6364,0.0,0.0
TgO_Deuteronomy,08,05,0.0,0.0,0.0,0.8462,0.0,0.0,0.0,13.0,2.7143,0.0,0.0
TgO_Deuteronomy,08,06,0.0,0.0,0.0,0.8182,0.0,0.0,0.0,11.0,2.4167,0.0,0.0
TgO_Deuteronomy,08,07,0.0,0.0,0.0,0.8235,0.0,0.0,0.0,17.0,2.7222,0.0,0.0
TgO_Deuteronomy,08,08,0.0,0.0,0.0,0.5385,0.0,0.0,0.0,13.0,2.4286,0.0,0.0
TgO_Deuteronomy,08,09,0.0,0.0,0.0,0.7059,0.0,0.0,0.0,17.0,2.8889,0.0,0.0
TgO_Deuteronomy,08,10,0.0,0.0,0.0,0.7273,0.0,0.0,0.0,11.0,2.3333,0.0,0.0
TgO_Deuteronomy,08,11,0.0,0.0,0.0,0.7895,0.0,0.0,0.0,19.0,3.05,0.0,0.0
TgO_Deuteronomy,08,12,0.0,0.0,0.0,0.7143,0.0,0.0,0.0,7.0,2.5,0.0,0.0
TgO_Deuteronomy,08,13,0.0,0.0,0.0,0.2,0.0,0.0,0.0,10.0,2.4545,0.0,0.0
TgO_Deuteronomy,08,14,0.0,0.0,0.0,0.8333,0.0,0.0,0.0,12.0,2.7692,0.0,0.0
TgO_Deuteronomy,08,15,0.0,0.0,0.0,0.7222,0.0,0.0,0.0,18.0,2.8947,0.0,0.0
TgO_Deuteronomy,08,16,0.0,0.0,0.0,0.7692,0.0,0.0,0.0,13.0,2.2857,0.0,0.0
TgO_Deuteronomy,08,17,0.0,0.0,0.0,0.8,0.0,0.0,0.0,10.0,2.5455,0.0,0.0
TgO_Deuteronomy,08,18,0.0,0.0,0.0,0.8947,0.0,0.0,0.0,19.0,2.75,0.0,0.0
TgO_Deuteronomy,08,19,0.0,0.0,0.0,0.625,0.0,0.0,0.0,24.0,2.84,0.0,0.0
TgO_Deuteronomy,08,20,0.0,0.0,0.0,0.8333,0.0,0.0,0.0,12.0,3.0,0.0,0.0
TgO_Deuteronomy,09,01,0.0,0.0,0.0,0.75,0.0,0.0,0.0,20.0,3.0952,0.0,0.0
TgO_Deuteronomy,09,02,0.0,0.0,0.0,0.8,0.0,0.0,0.0,15.0,2.5,0.0,0.0
TgO_Deuteronomy,09,03,0.0,0.0,0.0,0.7083,0.0,0.0,0.0,24.0,3.12,0.0,0.0
TgO_Deuteronomy,09,04,0.0,0.0,0.0,0.6957,0.0,0.0,0.0,23.0,3.0833,0.0,0.0
TgO_Deuteronomy,09,05,0.0,0.0,0.0,0.6786,0.0,0.0,0.0,28.0,3.0,0.0,0.0
TgO_Deuteronomy,09,06,0.0,0.0,0.0,0.8889,0.0,0.0,0.0,18.0,2.5263,0.0,0.0
TgO_Deuteronomy,09,07,0.0,0.0,0.0,0.76,0.0,0.0,0.0,25.0,2.7692,0.0,0.0
TgO_Deuteronomy,09,08,0.0,0.0,0.0,0.8,0.0,0.0,0.0,10.0,2.5455,0.0,0.0
TgO_Deuteronomy,09,09,0.0,0.0,0.0,0.7727,0.0,0.0,0.0,22.0,2.7391,0.0,0.0
TgO_Deuteronomy,09,10,0.0,0.0,0.0,0.7143,0.0,0.0,0.0,21.0,2.6818,0.0,0.0
TgO_Deuteronomy,09,11,0.0,0.0,0.0,0.8,0.0,0.0,0.0,15.0,2.9375,0.0,0.0
TgO_Deuteronomy,09,12,0.0,0.0,0.0,0.75,0.0,0.0,0.0,20.0,3.0476,0.0,0.0
TgO_Deuteronomy,09,13,0.0,0.0,0.0,0.7692,0.0,0.0,0.0,13.0,2.5,0.0,0.0
TgO_Deuteronomy,09,14,0.0,0.0,0.0,0.7059,0.0,0.0,0.0,17.0,2.7778,0.0,0.0
TgO_Deuteronomy,09,15,0.0,0.0,0.0,0.8462,0.0,0.0,0.0,13.0,2.3571,0.0,0.0
TgO_Deuteronomy,09,16,0.0,0.0,0.0,0.8235,0.0,0.0,0.0,17.0,3.0,0.0,0.0
TgO_Deuteronomy,09,17,0.0,0.0,0.0,0.7778,0.0,0.0,0.0,9.0,2.4,0.0,0.0
TgO_Deuteronomy,09,18,0.0,0.0,0.0,0.76,0.0,0.0,0.0,25.0,3.0,0.0,0.0
TgO_Deuteronomy,09,19,0.0,0.0,0.0,0.8125,0.0,0.0,0.0,16.0,2.9412,0.0,0.0
TgO_Deuteronomy,09,20,0.0,0.0,0.0,0.7857,0.0,0.0,0.0,14.0,3.5333,0.0,0.0
TgO_Deuteronomy,09,21,0.0,0.0,0.0,0.6667,0.0,0.0,0.0,24.0,2.52,0.0,0.0
TgO_Deuteronomy,09,22,0.0,0.0,0.0,0.875,0.0,0.0,0.0,8.0,2.3333,0.0,0.0
TgO_Deuteronomy,09,23,0.0,0.0,0.0,0.6087,0.0,0.0,0.0,23.0,2.75,0.0,0.0
TgO_Deuteronomy,09,24,0.0,0.0,0.0,1.0,0.0,0.0,0.0,7.0,2.375,0.0,0.0
TgO_Deuteronomy,09,25,0.0,0.0,0.0,0.7333,0.0,0.0,0.0,15.0,3.125,0.0,0.0
TgO_Deuteronomy,09,26,0.0,0.0,0.0,0.75,0.0,0.0,0.0,16.0,2.5294,0.0,0.0
TgO_Deuteronomy,09,27,0.0,0.0,0.0,0.6667,0.0,0.0,0.0,12.0,3.0769,0.0,0.0
TgO_Deuteronomy,09,28,0.0,0.0,0.0,0.7368,0.0,0.0,0.0,19.0,2.9,0.0,0.0
TgO_Deuteronomy,09,29,0.0,0.0,0.0,0.75,0.0,0.0,0.0,8.0,2.0,0.0,0.0
TgO_Deuteronomy,10,01,0.0,0.0,0.0,0.7778,0.0,0.0,0.0,18.0,2.7895,0.0,0.0
TgO_Deuteronomy,10,02,0.0,0.0,0.0,0.8333,0.0,0.0,0.0,12.0,2.5385,0.0,0.0
TgO_Deuteronomy,10,03,0.0,0.0,0.0,0.7143,0.0,0.0,0.0,14.0,2.4667,0.0,0.0
TgO_Deuteronomy,10,04,0.0,0.0,0.0,0.7895,0.0,0.0,0.0,19.0,2.7,0.0,0.0
TgO_Deuteronomy,10,05,0.0,0.0,0.0,0.8571,0.0,0.0,0.0,14.0,2.6,0.0,0.0
TgO_Deuteronomy,10,06,0.0,0.0,0.0,0.4375,0.0,0.0,0.0,16.0,3.7647,0.0,0.0
TgO_Deuteronomy,10,07,0.0,0.0,0.0,0.7,0.0,0.0,0.0,10.0,4.0,0.0,0.0
TgO_Deuteronomy,10,08,0.0,0.0,0.0,0.7619,0.0,0.0,0.0,21.0,2.8636,0.0,0.0
TgO_Deuteronomy,10,09,0.0,0.0,0.0,0.7647,0.0,0.0,0.0,17.0,3.4444,0.0,0.0
TgO_Deuteronomy,10,10,0.0,0.0,0.0,0.8,0.0,0.0,0.0,20.0,2.8095,0.0,0.0
TgO_Deuteronomy,10,11,0.0,0.0,0.0,0.6875,0.0,0.0,0.0,16.0,2.7647,0.0,0.0
TgO_Deuteronomy,10,12,0.0,0.0,0.0,0.5926,0.0,0.0,0.0,27.0,2.6786,0.0,0.0
TgO_Deuteronomy,10,13,0.0,0.0,0.0,0.7692,0.0,0.0,0.0,13.0,3.0,0.0,0.0
TgO_Deuteronomy,10,14,0.0,0.0,0.0,0.7778,0.0,0.0,0.0,9.0,2.5,0.0,0.0
TgO_Deuteronomy,10,15,0.0,0.0,0.0,0.9231,0.0,0.0,0.0,13.0,2.3571,0.0,0.0
TgO_Deuteronomy,10,16,0.0,0.0,0.0,1.0,0.0,0.0,0.0,8.0,2.3333,0.0,0.0
TgO_Deuteronomy,10,17,0.0,0.0,0.0,0.8,0.0,0.0,0.0,20.0,2.7619,0.0,0.0
TgO_Deuteronomy,10,18,0.0,0.0,0.0,0.7,0.0,0.0,0.0,10.0,2.7273,0.0,0.0
TgO_Deuteronomy,10,19,0.0,0.0,0.0,0.875,0.0,0.0,0.0,8.0,2.8889,0.0,0.0
TgO_Deuteronomy,10,20,0.0,0.0,0.0,0.8,0.0,0.0,0.0,10.0,2.3636,0.0,0.0
TgO_Deuteronomy,10,21,0.0,0.0,0.0,0.9231,0.0,0.0,0.0,13.0,2.7857,0.0,0.0
TgO_Deuteronomy,10,22,0.0,0.0,0.0,0.9167,0.0,0.0,0.0,12.0,2.8462,0.0,0.0
TgO_Deuteronomy,11,01,0.0,0.0,0.0,0.5833,0.0,0.0,0.0,12.0,3.0769,0.0,0.0
TgO_Deuteronomy,11,02,0.0,0.0,0.0,0.6818,0.0,0.0,0.0,22.0,2.6522,0.0,0.0
TgO_Deuteronomy,11,03,0.0,0.0,0.0,0.6667,0.0,0.0,0.0,12.0,3.0,0.0,0.0
TgO_Deuteronomy,11,04,0.0,0.0,0.0,0.7895,0.0,0.0,0.0,19.0,3.25,0.0,0.0
TgO_Deuteronomy,11,05,0.0,0.0,0.0,0.75,0.0,0.0,0.0,8.0,2.5556,0.0,0.0
TgO_Deuteronomy,11,06,0.0,0.0,0.0,0.52,0.0,0.0,0.0,25.0,3.0385,0.0,0.0
TgO_Deuteronomy,11,07,0.0,0.0,0.0,1.0,0.0,0.0,0.0,9.0,2.5,0.0,0.0
TgO_Deuteronomy,11,08,0.0,0.0,0.0,0.7368,0.0,0.0,0.0,19.0,3.0,0.0,0.0
TgO_Deuteronomy,11,09,0.0,0.0,0.0,0.7333,0.0,0.0,0.0,15.0,2.6875,0.0,0.0
TgO_Deuteronomy,11,10,0.0,0.0,0.0,0.8,0.0,0.0,0.0,20.0,2.7619,0.0,0.0
TgO_Deuteronomy,11,11,0.0,0.0,0.0,0.9167,0.0,0.0,0.0,12.0,2.9231,0.0,0.0
TgO_Deuteronomy,11,12,0.0,0.0,0.0,0.8667,0.0,0.0,0.0,15.0,2.6875,0.0,0.0
TgO_Deuteronomy,11,13,0.0,0.0,0.0,0.75,0.0,0.0,0.0,20.0,2.6667,0.0,0.0
TgO_Deuteronomy,11,14,0.0,0.0,0.0,0.6,0.0,0.0,0.0,10.0,2.3636,0.0,0.0
TgO_Deuteronomy,11,15,0.0,0.0,0.0,0.6667,0.0,0.0,0.0,6.0,2.1429,0.0,0.0
TgO_Deuteronomy,11,16,0.0,0.0,0.0,0.6364,0.0,0.0,0.0,11.0,3.0,0.0,0.0
TgO_Deuteronomy,11,17,0.0,0.0,0.0,0.6957,0.0,0.0,0.0,23.0,2.8333,0.0,0.0
TgO_Deuteronomy,11,18,0.0,0.0,0.0,0.7059,0.0,0.0,0.0,17.0,2.4444,0.0,0.0
TgO_Deuteronomy,11,19,0.0,0.0,0.0,0.5,0.0,0.0,0.0,12.0,1.9231,0.0,0.0
TgO_Deuteronomy,11,20,0.0,0.0,0.0,0.7143,0.0,0.0,0.0,7.0,2.125,0.0,0.0
TgO_Deuteronomy,11,21,0.0,0.0,0.0,0.8125,0.0,0.0,0.0,16.0,2.7647,0.0,0.0
TgO_Deuteronomy,11,22,0.0,0.0,0.0,0.8696,0.0,0.0,0.0,23.0,2.7917,0.0,0.0
TgO_Deuteronomy,11,23,0.0,0.0,0.0,0.75,0.0,0.0,0.0,12.0,2.5385,0.0,0.0
TgO_Deuteronomy,11,24,0.0,0.0,0.0,0.8095,0.0,0.0,0.0,21.0,2.7727,0.0,0.0
TgO_Deuteronomy,11,25,0.0,0.0,0.0,0.8889,0.0,0.0,0.0,18.0,3.3158,0.0,0.0
TgO_Deuteronomy,11,26,0.0,0.0,0.0,0.875,0.0,0.0,0.0,8.0,3.0,0.0,0.0
TgO_Deuteronomy,11,27,0.0,0.0,0.0,0.8333,0.0,0.0,0.0,12.0,3.0,0.0,0.0
TgO_Deuteronomy,11,28,0.0,0.0,0.0,0.8571,0.0,0.0,0.0,21.0,2.7273,0.0,0.0
TgO_Deuteronomy,11,29,0.0,0.0,0.0,0.6667,0.0,0.0,0.0,21.0,3.2727,0.0,0.0
TgO_Deuteronomy,11,30,0.0,0.0,0.0,0.7647,0.0,0.0,0.0,17.0,3.8333,0.0,0.0
TgO_Deuteronomy,11,31,0.0,0.0,0.0,0.7647,0.0,0.0,0.0,17.0,2.8333,0.0,0.0
TgO_Deuteronomy,11,32,0.0,0.0,0.0,0.8333,0.0,0.0,0.0,12.0,2.8462,0.0,0.0
TgO_Deuteronomy,12,01,0.0,0.0,0.0,0.8889,0.0,0.0,0.0,18.0,3.1579,0.0,0.0
TgO_Deuteronomy,12,02,0.0,0.0,0.0,0.7727,0.0,0.0,0.0,22.0,2.6087,0.0,0.0
TgO_Deuteronomy,12,03,0.0,0.0,0.0,0.6667,0.0,0.0,0.0,18.0,2.3684,0.0,0.0
TgO_Deuteronomy,12,04,0.0,0.0,0.0,1.0,0.0,0.0,0.0,6.0,2.2857,0.0,0.0
TgO_Deuteronomy,12,05,0.0,0.0,0.0,0.8667,0.0,0.0,0.0,15.0,2.9375,0.0,0.0
TgO_Deuteronomy,12,06,0.0,0.0,0.0,0.6,0.0,0.0,0.0,15.0,3.0,0.0,0.0
TgO_Deuteronomy,12,07,0.0,0.0,0.0,0.7333,0.0,0.0,0.0,15.0,2.9375,0.0,0.0
TgO_Deuteronomy,12,08,0.0,0.0,0.0,0.8333,0.0,0.0,0.0,12.0,2.7692,0.0,0.0
TgO_Deuteronomy,12,09,0.0,0.0,0.0,0.9167,0.0,0.0,0.0,12.0,2.5385,0.0,0.0
TgO_Deuteronomy,12,10,0.0,0.0,0.0,0.625,0.0,0.0,0.0,16.0,2.8824,0.0,0.0
TgO_Deuteronomy,12,11,0.0,0.0,0.0,0.75,0.0,0.0,0.0,28.0,2.7241,0.0,0.0
TgO_Deuteronomy,12,12,0.0,0.0,0.0,0.5882,0.0,0.0,0.0,17.0,2.5556,0.0,0.0
TgO_Deuteronomy,12,13,0.0,0.0,0.0,0.875,0.0,0.0,0.0,8.0,2.6667,0.0,0.0
TgO_Deuteronomy,12,14,0.0,0.0,0.0,0.875,0.0,0.0,0.0,16.0,2.6471,0.0,0.0
TgO_Deuteronomy,12,15,0.0,0.0,0.0,0.75,0.0,0.0,0.0,20.0,2.6667,0.0,0.0
TgO_Deuteronomy,12,16,0.0,0.0,0.0,1.0,0.0,0.0,0.0,8.0,2.3333,0.0,0.0
TgO_Deuteronomy,12,17,0.0,0.0,0.0,0.6111,0.0,0.0,0.0,18.0,2.5263,0.0,0.0
TgO_Deuteronomy,12,18,0.0,0.0,0.0,0.4583,0.0,0.0,0.0,24.0,2.72,0.0,0.0
TgO_Deuteronomy,12,19,0.0,0.0,0.0,0.8,0.0,0.0,0.0,10.0,3.1818,0.0,0.0
TgO_Deuteronomy,12,20,0.0,0.0,0.0,0.6818,0.0,0.0,0.0,22.0,2.913,0.0,0.0
TgO_Deuteronomy,12,21,0.0,0.0,0.0,0.7391,0.0,0.0,0.0,23.0,2.7917,0.0,0.0
TgO_Deuteronomy,12,22,0.0,0.0,0.0,0.75,0.0,0.0,0.0,12.0,2.9231,0.0,0.0
TgO_Deuteronomy,12,23,0.0,0.0,0.0,0.8,0.0,0.0,0.0,15.0,2.625,0.0,0.0
TgO_Deuteronomy,12,24,0.0,0.0,0.0,1.0,0.0,0.0,0.0,6.0,2.1429,0.0,0.0
TgO_Deuteronomy,12,25,0.0,0.0,0.0,0.9167,0.0,0.0,0.0,12.0,2.6923,0.0,0.0
TgO_Deuteronomy,12,26,0.0,0.0,0.0,0.8,0.0,0.0,0.0,10.0,2.7273,0.0,0.0
TgO_Deuteronomy,12,27,0.0,0.0,0.0,0.6111,0.0,0.0,0.0,18.0,2.7368,0.0,0.0
TgO_Deuteronomy,12,28,0.0,0.0,0.0,0.8261,0.0,0.0,0.0,23.0,2.75,0.0,0.0
TgO_Deuteronomy,12,29,0.0,0.0,0.0,0.8125,0.0,0.0,0.0,16.0,2.7059,0.0,0.0
TgO_Deuteronomy,12,30,0.0,0.0,0.0,0.8182,0.0,0.0,0.0,22.0,3.0435,0.0,0.0
TgO_Deuteronomy,12,31,0.0,0.0,0.0,0.7826,0.0,0.0,0.0,23.0,2.5833,0.0,0.0
TgO_Deuteronomy,13,01,0.0,0.0,0.0,0.8667,0.0,0.0,0.0,15.0,2.375,0.0,0.0
TgO_Deuteronomy,13,02,0.0,0.0,0.0,0.75,0.0,0.0,0.0,12.0,2.5385,0.0,0.0
TgO_Deuteronomy,13,03,0.0,0.0,0.0,0.8462,0.0,0.0,0.0,13.0,2.3571,0.0,0.0
TgO_Deuteronomy,13,04,0.0,0.0,0.0,0.8,0.0,0.0,0.0,25.0,2.6538,0.0,0.0
TgO_Deuteronomy,13,05,0.0,0.0,0.0,0.75,0.0,0.0,0.0,16.0,2.7059,0.0,0.0
TgO_Deuteronomy,13,06,0.0,0.0,0.0,0.75,0.0,0.0,0.0,32.0,3.0606,0.0,0.0
TgO_Deuteronomy,13,07,0.0,0.0,0.0,0.8,0.0,0.0,0.0,25.0,2.3846,0.0,0.0
TgO_Deuteronomy,13,08,0.0,0.0,0.0,0.7143,0.0,0.0,0.0,14.0,2.5333,0.0,0.0
TgO_Deuteronomy,13,09,0.0,0.0,0.0,0.6667,0.0,0.0,0.0,15.0,2.375,0.0,0.0
TgO_Deuteronomy,13,10,0.0,0.0,0.0,0.8333,0.0,0.0,0.0,12.0,3.0,0.0,0.0
TgO_Deuteronomy,13,11,0.0,0.0,0.0,0.8571,0.0,0.0,0.0,14.0,2.8,0.0,0.0
TgO_Deuteronomy,13,12,0.0,0.0,0.0,0.7273,0.0,0.0,0.0,11.0,2.8333,0.0,0.0
TgO_Deuteronomy,13,13,0.0,0.0,0.0,0.9167,0.0,0.0,0.0,12.0,2.6923,0.0,0.0
TgO_Deuteronomy,13,14,0.0,0.0,0.0,0.9375,0.0,0.0,0.0,16.0,2.8824,0.0,0.0
TgO_Deuteronomy,13,15,0.0,0.0,0.0,0.75,0.0,0.0,0.0,12.0,2.9231,0.0,0.0
TgO_Deuteronomy,13,16,0.0,0.0,0.0,0.7059,0.0,0.0,0.0,17.0,3.2222,0.0,0.0
TgO_Deuteronomy,13,17,0.0,0.0,0.0,0.7917,0.0,0.0,0.0,24.0,2.64,0.0,0.0
TgO_Deuteronomy,13,18,0.0,0.0,0.0,0.75,0.0,0.0,0.0,20.0,2.8095,0.0,0.0
TgO_Deuteronomy,13,19,0.0,0.0,0.0,0.7895,0.0,0.0,0.0,19.0,3.0,0.0,0.0
TgO_Deuteronomy,14,01,0.0,0.0,0.0,1.0,0.0,0.0,0.0,14.0,2.6667,0.0,0.0
TgO_Deuteronomy,14,02,0.0,0.0,0.0,0.7778,0.0,0.0,0.0,18.0,2.8947,0.0,0.0
TgO_Deuteronomy,14,03,0.0,0.0,0.0,1.0,0.0,0.0,0.0,4.0,2.2,0.0,0.0
TgO_Deuteronomy,14,04,0.0,0.0,0.0,1.0,0.0,0.0,0.0,8.0,2.5556,0.0,0.0
TgO_Deuteronomy,14,05,0.0,0.0,0.0,0.2857,0.0,0.0,0.0,7.0,1.875,0.0,0.0
TgO_Deuteronomy,14,06,0.0,0.0,0.0,0.7692,0.0,0.0,0.0,13.0,3.0,0.0,0.0
TgO_Deuteronomy,14,07,0.0,0.0,0.0,0.6667,0.0,0.0,0.0,27.0,3.0357,0.0,0.0
TgO_Deuteronomy,14,08,0.0,0.0,0.0,0.7059,0.0,0.0,0.0,17.0,2.8889,0.0,0.0
TgO_Deuteronomy,14,09,0.0,0.0,0.0,0.8,0.0,0.0,0.0,10.0,2.5455,0.0,0.0
TgO_Deuteronomy,14,10,0.0,0.0,0.0,0.7,0.0,0.0,0.0,10.0,2.9091,0.0,0.0
TgO_Deuteronomy,14,11,0.0,0.0,0.0,1.0,0.0,0.0,0.0,4.0,2.2,0.0,0.0
TgO_Deuteronomy,14,12,0.0,0.0,0.0,0.7143,0.0,0.0,0.0,7.0,2.0,0.0,0.0
TgO_Deuteronomy,14,13,0.0,0.0,0.0,0.8,0.0,0.0,0.0,5.0,2.1667,0.0,0.0
TgO_Deuteronomy,14,14,0.0,0.0,0.0,1.0,0.0,0.0,0.0,4.0,2.0,0.0,0.0
TgO_Deuteronomy,14,15,0.0,0.0,0.0,0.5714,0.0,0.0,0.0,7.0,2.125,0.0,0.0
TgO_Deuteronomy,14,16,0.0,0.0,0.0,0.5,0.0,0.0,0.0,3.0,1.75,0.0,0.0
TgO_Deuteronomy,14,17,0.0,0.0,0.0,0.5,0.0,0.0,0.0,3.0,2.5,0.0,0.0
TgO_Deuteronomy,14,18,0.0,0.0,0.0,0.6,0.0,0.0,0.0,5.0,2.0,0.0,0.0
TgO_Deuteronomy,14,19,0.0,0.0,0.0,0.875,0.0,0.0,0.0,8.0,2.7778,0.0,0.0
TgO_Deuteronomy,14,20,0.0,0.0,0.0,1.0,0.0,0.0,0.0,4.0,2.2,0.0,0.0
TgO_Deuteronomy,14,21,0.0,0.0,0.0,0.8261,0.0,0.0,0.0,23.0,2.9583,0.0,0.0
TgO_Deuteronomy,14,22,0.0,0.0,0.0,0.8,0.0,0.0,0.0,10.0,2.6364,0.0,0.0
TgO_Deuteronomy,14,23,0.0,0.0,0.0,0.7083,0.0,0.0,0.0,24.0,3.2,0.0,0.0
TgO_Deuteronomy,14,24,0.0,0.0,0.0,0.7273,0.0,0.0,0.0,22.0,2.8696,0.0,0.0
TgO_Deuteronomy,14,25,0.0,0.0,0.0,0.6364,0.0,0.0,0.0,11.0,2.25,0.0,0.0
TgO_Deuteronomy,14,26,0.0,0.0,0.0,0.5909,0.0,0.0,0.0,22.0,2.3913,0.0,0.0
TgO_Deuteronomy,14,27,0.0,0.0,0.0,0.8,0.0,0.0,0.0,10.0,2.4545,0.0,0.0
TgO_Deuteronomy,14,28,0.0,0.0,0.0,0.9167,0.0,0.0,0.0,12.0,2.6154,0.0,0.0
TgO_Deuteronomy,14,29,0.0,0.0,0.0,0.6364,0.0,0.0,0.0,22.0,2.6087,0.0,0.0
TgO_Deuteronomy,15,01,0.0,0.0,0.0,1.0,0.0,0.0,0.0,5.0,2.6667,0.0,0.0
TgO_Deuteronomy,15,02,0.0,0.0,0.0,0.8571,0.0,0.0,0.0,21.0,2.7273,0.0,0.0
TgO_Deuteronomy,15,03,0.0,0.0,0.0,0.8889,0.0,0.0,0.0,9.0,2.7,0.0,0.0
TgO_Deuteronomy,15,04,0.0,0.0,0.0,0.7059,0.0,0.0,0.0,17.0,2.8889,0.0,0.0
TgO_Deuteronomy,15,05,0.0,0.0,0.0,0.8333,0.0,0.0,0.0,18.0,3.1579,0.0,0.0
TgO_Deuteronomy,15,06,0.0,0.0,0.0,0.6842,0.0,0.0,0.0,19.0,2.6,0.0,0.0
TgO_Deuteronomy,15,07,0.0,0.0,0.0,0.7083,0.0,0.0,0.0,24.0,2.48,0.0,0.0
TgO_Deuteronomy,15,08,0.0,0.0,0.0,0.6667,0.0,0.0,0.0,12.0,3.1538,0.0,0.0
TgO_Deuteronomy,15,09,0.0,0.0,0.0,0.7143,0.0,0.0,0.0,28.0,2.8621,0.0,0.0
TgO_Deuteronomy,15,10,0.0,0.0,0.0,0.75,0.0,0.0,0.0,20.0,3.0952,0.0,0.0
TgO_Deuteronomy,15,11,0.0,0.0,0.0,0.85,0.0,0.0,0.0,20.0,2.8571,0.0,0.0
TgO_Deuteronomy,15,12,0.0,0.0,0.0,0.7647,0.0,0.0,0.0,17.0,3.1111,0.0,0.0
TgO_Deuteronomy,15,13,0.0,0.0,0.0,0.8571,0.0,0.0,0.0,7.0,3.125,0.0,0.0
TgO_Deuteronomy,15,14,0.0,0.0,0.0,0.6364,0.0,0.0,0.0,11.0,2.75,0.0,0.0
TgO_Deuteronomy,15,15,0.0,0.0,0.0,0.7368,0.0,0.0,0.0,19.0,3.2,0.0,0.0
TgO_Deuteronomy,15,16,0.0,0.0,0.0,0.6667,0.0,0.0,0.0,15.0,2.5,0.0,0.0
TgO_Deuteronomy,15,17,0.0,0.0,0.0,0.6,0.0,0.0,0.0,15.0,2.4375,0.0,0.0
TgO_Deuteronomy,15,18,0.0,0.0,0.0,0.8571,0.0,0.0,0.0,21.0,2.7273,0.0,0.0
TgO_Deuteronomy,15,19,0.0,0.0,0.0,0.8333,0.0,0.0,0.0,18.0,2.5789,0.0,0.0
TgO_Deuteronomy,15,20,0.0,0.0,0.0,0.8333,0.0,0.0,0.0,12.0,2.4615,0.0,0.0
TgO_Deuteronomy,15,21,0.0,0.0,0.0,0.9333,0.0,0.0,0.0,15.0,2.625,0.0,0.0
TgO_Deuteronomy,15,22,0.0,0.0,0.0,0.875,0.0,0.0,0.0,8.0,2.5556,0.0,0.0
TgO_Deuteronomy,15,23,0.0,0.0,0.0,1.0,0.0,0.0,0.0,9.0,2.3,0.0,0.0
TgO_Deuteronomy,16,01,0.0,0.0,0.0,0.65,0.0,0.0,0.0,20.0,3.0,0.0,0.0
TgO_Deuteronomy,16,02,0.0,0.0,0.0,0.8333,0.0,0.0,0.0,18.0,2.6316,0.0,0.0
TgO_Deuteronomy,16,03,0.0,0.0,0.0,0.6923,0.0,0.0,0.0,26.0,3.4074,0.0,0.0
TgO_Deuteronomy,16,04,0.0,0.0,0.0,0.7647,0.0,0.0,0.0,17.0,2.6667,0.0,0.0
TgO_Deuteronomy,16,05,0.0,0.0,0.0,0.8462,0.0,0.0,0.0,13.0,2.7143,0.0,0.0
TgO_Deuteronomy,16,06,0.0,0.0,0.0,1.0,0.0,0.0,0.0,17.0,2.7778,0.0,0.0
TgO_Deuteronomy,16,07,0.0,0.0,0.0,0.5455,0.0,0.0,0.0,11.0,2.25,0.0,0.0
TgO_Deuteronomy,16,08,0.0,0.0,0.0,1.0,0.0,0.0,0.0,13.0,3.0,0.0,0.0
TgO_Deuteronomy,16,09,0.0,0.0,0.0,0.6923,0.0,0.0,0.0,13.0,2.8571,0.0,0.0
TgO_Deuteronomy,16,10,0.0,0.0,0.0,0.8571,0.0,0.0,0.0,14.0,2.9333,0.0,0.0
TgO_Deuteronomy,16,11,0.0,0.0,0.0,0.5,0.0,0.0,0.0,22.0,2.4783,0.0,0.0
TgO_Deuteronomy,16,12,0.0,0.0,0.0,0.8,0.0,0.0,0.0,10.0,2.3636,0.0,0.0
TgO_Deuteronomy,16,13,0.0,0.0,0.0,0.7778,0.0,0.0,0.0,9.0,2.4,0.0,0.0
TgO_Deuteronomy,16,14,0.0,0.0,0.0,0.25,0.0,0.0,0.0,12.0,1.9231,0.0,0.0
TgO_Deuteronomy,16,15,0.0,0.0,0.0,0.7619,0.0,0.0,0.0,21.0,2.7273,0.0,0.0
TgO_Deuteronomy,16,16,0.0,0.0,0.0,0.7273,0.0,0.0,0.0,22.0,2.8261,0.0,0.0
TgO_Deuteronomy,16,17,0.0,0.0,0.0,0.75,0.0,0.0,0.0,8.0,2.4444,0.0,0.0
TgO_Deuteronomy,16,18,0.0,0.0,0.0,0.75,0.0,0.0,0.0,16.0,2.6471,0.0,0.0
TgO_Deuteronomy,16,19,0.0,0.0,0.0,0.8235,0.0,0.0,0.0,17.0,3.1667,0.0,0.0
TgO_Deuteronomy,16,20,0.0,0.0,0.0,0.7333,0.0,0.0,0.0,15.0,3.1875,0.0,0.0
TgO_Deuteronomy,16,21,0.0,0.0,0.0,0.8333,0.0,0.0,0.0,12.0,3.0,0.0,0.0
TgO_Deuteronomy,16,22,0.0,0.0,0.0,0.7143,0.0,0.0,0.0,7.0,2.5,0.0,0.0
TgO_Deuteronomy,17,01,0.0,0.0,0.0,0.7895,0.0,0.0,0.0,19.0,3.05,0.0,0.0
TgO_Deuteronomy,17,02,0.0,0.0,0.0,0.85,0.0,0.0,0.0,20.0,2.8095,0.0,0.0
TgO_Deuteronomy,17,03,0.0,0.0,0.0,0.6667,0.0,0.0,0.0,15.0,3.0625,0.0,0.0
TgO_Deuteronomy,17,04,0.0,0.0,0.0,0.6923,0.0,0.0,0.0,13.0,2.8571,0.0,0.0
TgO_Deuteronomy,17,05,0.0,0.0,0.0,0.5833,0.0,0.0,0.0,24.0,2.92,0.0,0.0
TgO_Deuteronomy,17,06,0.0,0.0,0.0,0.625,0.0,0.0,0.0,16.0,2.7059,0.0,0.0
TgO_Deuteronomy,17,07,0.0,0.0,0.0,0.9286,0.0,0.0,0.0,14.0,3.3333,0.0,0.0
TgO_Deuteronomy,17,08,0.0,0.0,0.0,0.5926,0.0,0.0,0.0,27.0,3.0,0.0,0.0
TgO_Deuteronomy,17,09,0.0,0.0,0.0,0.6667,0.0,0.0,0.0,15.0,2.625,0.0,0.0
TgO_Deuteronomy,17,10,0.0,0.0,0.0,0.8667,0.0,0.0,0.0,15.0,2.6875,0.0,0.0
TgO_Deuteronomy,17,11,0.0,0.0,0.0,0.8235,0.0,0.0,0.0,17.0,2.8333,0.0,0.0
TgO_Deuteronomy,17,12,0.0,0.0,0.0,0.7917,0.0,0.0,0.0,24.0,2.6,0.0,0.0
TgO_Deuteronomy,17,13,0.0,0.0,0.0,0.7143,0.0,0.0,0.0,7.0,2.125,0.0,0.0
TgO_Deuteronomy,17,14,0.0,0.0,0.0,0.7778,0.0,0.0,0.0,18.0,2.4211,0.0,0.0
TgO_Deuteronomy,17,15,0.0,0.0,0.0,0.6522,0.0,0.0,0.0,23.0,2.75,0.0,0.0
TgO_Deuteronomy,17,16,0.0,0.0,0.0,0.6087,0.0,0.0,0.0,23.0,3.0833,0.0,0.0
TgO_Deuteronomy,17,17,0.0,0.0,0.0,0.5385,0.0,0.0,0.0,13.0,2.6429,0.0,0.0
TgO_Deuteronomy,17,18,0.0,0.0,0.0,0.8125,0.0,0.0,0.0,16.0,3.2353,0.0,0.0
TgO_Deuteronomy,17,19,0.0,0.0,0.0,0.875,0.0,0.0,0.0,24.0,3.04,0.0,0.0
TgO_Deuteronomy,17,20,0.0,0.0,0.0,0.7143,0.0,0.0,0.0,21.0,2.9091,0.0,0.0
TgO_Deuteronomy,18,01,0.0,0.0,0.0,0.8667,0.0,0.0,0.0,15.0,3.3125,0.0,0.0
TgO_Deuteronomy,18,02,0.0,0.0,0.0,0.8,0.0,0.0,0.0,15.0,3.3125,0.0,0.0
TgO_Deuteronomy,18,03,0.0,0.0,0.0,0.6667,0.0,0.0,0.0,18.0,2.4211,0.0,0.0
TgO_Deuteronomy,18,04,0.0,0.0,0.0,0.7778,0.0,0.0,0.0,9.0,2.7,0.0,0.0
TgO_Deuteronomy,18,05,0.0,0.0,0.0,0.8,0.0,0.0,0.0,15.0,3.0625,0.0,0.0
TgO_Deuteronomy,18,06,0.0,0.0,0.0,0.7647,0.0,0.0,0.0,17.0,2.6667,0.0,0.0
TgO_Deuteronomy,18,07,0.0,0.0,0.0,0.7857,0.0,0.0,0.0,14.0,2.6,0.0,0.0
TgO_Deuteronomy,18,08,0.0,0.0,0.0,1.0,0.0,0.0,0.0,10.0,2.7273,0.0,0.0
TgO_Deuteronomy,18,09,0.0,0.0,0.0,0.9286,0.0,0.0,0.0,14.0,2.6667,0.0,0.0
TgO_Deuteronomy,18,10,0.0,0.0,0.0,0.6667,0.0,0.0,0.0,12.0,2.3077,0.0,0.0
TgO_Deuteronomy,18,11,0.0,0.0,0.0,0.625,0.0,0.0,0.0,8.0,2.0,0.0,0.0
TgO_Deuteronomy,18,12,0.0,0.0,0.0,0.9333,0.0,0.0,0.0,15.0,3.1875,0.0,0.0
TgO_Deuteronomy,18,13,0.0,0.0,0.0,1.0,0.0,0.0,0.0,5.0,2.3333,0.0,0.0
TgO_Deuteronomy,18,14,0.0,0.0,0.0,0.8889,0.0,0.0,0.0,18.0,2.5789,0.0,0.0
TgO_Deuteronomy,18,15,0.0,0.0,0.0,0.8,0.0,0.0,0.0,10.0,3.2727,0.0,0.0
TgO_Deuteronomy,18,16,0.0,0.0,0.0,0.8077,0.0,0.0,0.0,26.0,2.7037,0.0,0.0
TgO_Deuteronomy,18,17,0.0,0.0,0.0,0.8,0.0,0.0,0.0,5.0,2.3333,0.0,0.0
TgO_Deuteronomy,18,18,0.0,0.0,0.0,0.8667,0.0,0.0,0.0,15.0,2.875,0.0,0.0
TgO_Deuteronomy,18,19,0.0,0.0,0.0,1.0,0.0,0.0,0.0,10.0,2.5455,0.0,0.0
TgO_Deuteronomy,18,20,0.0,0.0,0.0,0.7647,0.0,0.0,0.0,17.0,2.5556,0.0,0.0
TgO_Deuteronomy,18,21,0.0,0.0,0.0,1.0,0.0,0.0,0.0,10.0,2.7273,0.0,0.0
TgO_Deuteronomy,18,22,0.0,0.0,0.0,0.6,0.0,0.0,0.0,20.0,2.619,0.0,0.0
TgO_Deuteronomy,19,01,0.0,0.0,0.0,0.625,0.0,0.0,0.0,16.0,2.4706,0.0,0.0
TgO_Deuteronomy,19,02,0.0,0.0,0.0,0.8182,0.0,0.0,0.0,11.0,2.8333,0.0,0.0
TgO_Deuteronomy,19,03,0.0,0.0,0.0,0.8667,0.0,0.0,0.0,15.0,2.75,0.0,0.0
TgO_Deuteronomy,19,04,0.0,0.0,0.0,0.7647,0.0,0.0,0.0,17.0,2.6111,0.0,0.0
TgO_Deuteronomy,19,05,0.0,0.0,0.0,0.5769,0.0,0.0,0.0,26.0,2.5185,0.0,0.0
TgO_Deuteronomy,19,06,0.0,0.0,0.0,0.8148,0.0,0.0,0.0,27.0,3.0,0.0,0.0
TgO_Deuteronomy,19,07,0.0,0.0,0.0,0.7,0.0,0.0,0.0,10.0,3.1818,0.0,0.0
TgO_Deuteronomy,19,08,0.0,0.0,0.0,0.7647,0.0,0.0,0.0,17.0,2.6667,0.0,0.0
TgO_Deuteronomy,19,09,0.0,0.0,0.0,0.7667,0.0,0.0,0.0,30.0,3.1613,0.0,0.0
TgO_Deuteronomy,19,10,0.0,0.0,0.0,0.875,0.0,0.0,0.0,16.0,2.8235,0.0,0.0
TgO_Deuteronomy,19,11,0.0,0.0,0.0,0.7059,0.0,0.0,0.0,17.0,2.6667,0.0,0.0
TgO_Deuteronomy,19,12,0.0,0.0,0.0,0.6667,0.0,0.0,0.0,12.0,2.3077,0.0,0.0
TgO_Deuteronomy,19,13,0.0,0.0,0.0,0.8182,0.0,0.0,0.0,11.0,2.3333,0.0,0.0
TgO_Deuteronomy,19,14,0.0,0.0,0.0,0.8571,0.0,0.0,0.0,14.0,2.7333,0.0,0.0
TgO_Deuteronomy,19,15,0.0,0.0,0.0,0.7391,0.0,0.0,0.0,23.0,2.7083,0.0,0.0
TgO_Deuteronomy,19,16,0.0,0.0,0.0,0.75,0.0,0.0,0.0,8.0,2.5556,0.0,0.0
TgO_Deuteronomy,19,17,0.0,0.0,0.0,0.8462,0.0,0.0,0.0,13.0,2.7857,0.0,0.0
TgO_Deuteronomy,19,18,0.0,0.0,0.0,0.6,0.0,0.0,0.0,10.0,2.5455,0.0,0.0
TgO_Deuteronomy,19,19,0.0,0.0,0.0,0.7,0.0,0.0,0.0,10.0,3.3636,0.0,0.0
TgO_Deuteronomy,19,20,0.0,0.0,0.0,0.8182,0.0,0.0,0.0,11.0,2.4167,0.0,0.0
TgO_Deuteronomy,19,21,0.0,0.0,0.0,0.4444,0.0,0.0,0.0,18.0,2.8421,0.0,0.0
TgO_Deuteronomy,20,01,0.0,0.0,0.0,0.8261,0.0,0.0,0.0,23.0,3.0833,0.0,0.0
TgO_Deuteronomy,20,02,0.0,0.0,0.0,0.6667,0.0,0.0,0.0,9.0,2.1,0.0,0.0
TgO_Deuteronomy,20,03,0.0,0.0,0.0,0.6818,0.0,0.0,0.0,22.0,3.3043,0.0,0.0
TgO_Deuteronomy,20,04,0.0,0.0,0.0,0.9231,0.0,0.0,0.0,13.0,3.1429,0.0,0.0
TgO_Deuteronomy,20,05,0.0,0.0,0.0,0.7143,0.0,0.0,0.0,21.0,2.5455,0.0,0.0
TgO_Deuteronomy,20,06,0.0,0.0,0.0,0.7333,0.0,0.0,0.0,15.0,2.625,0.0,0.0
TgO_Deuteronomy,20,07,0.0,0.0,0.0,0.7333,0.0,0.0,0.0,15.0,2.6875,0.0,0.0
TgO_Deuteronomy,20,08,0.0,0.0,0.0,0.7,0.0,0.0,0.0,20.0,2.2381,0.0,0.0
TgO_Deuteronomy,20,09,0.0,0.0,0.0,0.6667,0.0,0.0,0.0,12.0,2.6923,0.0,0.0
TgO_Deuteronomy,20,10,0.0,0.0,0.0,0.8,0.0,0.0,0.0,10.0,2.6364,0.0,0.0
TgO_Deuteronomy,20,11,0.0,0.0,0.0,0.6875,0.0,0.0,0.0,16.0,2.2941,0.0,0.0
TgO_Deuteronomy,20,12,0.0,0.0,0.0,0.6667,0.0,0.0,0.0,9.0,2.0,0.0,0.0
TgO_Deuteronomy,20,13,0.0,0.0,0.0,0.9,0.0,0.0,0.0,10.0,2.8182,0.0,0.0
TgO_Deuteronomy,20,14,0.0,0.0,0.0,0.6842,0.0,0.0,0.0,19.0,2.65,0.0,0.0
TgO_Deuteronomy,20,15,0.0,0.0,0.0,0.9167,0.0,0.0,0.0,12.0,2.8462,0.0,0.0
TgO_Deuteronomy,20,16,0.0,0.0,0.0,0.9231,0.0,0.0,0.0,13.0,3.0,0.0,0.0
TgO_Deuteronomy,20,17,0.0,0.0,0.0,0.7692,0.0,0.0,0.0,13.0,3.0714,0.0,0.0
TgO_Deuteronomy,20,18,0.0,0.0,0.0,0.9231,0.0,0.0,0.0,13.0,2.7143,0.0,0.0
TgO_Deuteronomy,20,19,0.0,0.0,0.0,0.8,0.0,0.0,0.0,30.0,2.8387,0.0,0.0
TgO_Deuteronomy,20,20,0.0,0.0,0.0,0.9048,0.0,0.0,0.0,21.0,2.8636,0.0,0.0
TgO_Deuteronomy,21,01,0.0,0.0,0.0,0.8667,0.0,0.0,0.0,15.0,2.625,0.0,0.0
TgO_Deuteronomy,21,02,0.0,0.0,0.0,0.75,0.0,0.0,0.0,8.0,2.5556,0.0,0.0
TgO_Deuteronomy,21,03,0.0,0.0,0.0,0.75,0.0,0.0,0.0,16.0,2.7647,0.0,0.0
TgO_Deuteronomy,21,04,0.0,0.0,0.0,0.7222,0.0,0.0,0.0,18.0,2.5789,0.0,0.0
TgO_Deuteronomy,21,05,0.0,0.0,0.0,0.7619,0.0,0.0,0.0,21.0,2.7273,0.0,0.0
TgO_Deuteronomy,21,06,0.0,0.0,0.0,1.0,0.0,0.0,0.0,13.0,2.7143,0.0,0.0
TgO_Deuteronomy,21,07,0.0,0.0,0.0,0.7273,0.0,0.0,0.0,11.0,2.0833,0.0,0.0
TgO_Deuteronomy,21,08,0.0,0.0,0.0,0.6842,0.0,0.0,0.0,19.0,3.05,0.0,0.0
TgO_Deuteronomy,21,09,0.0,0.0,0.0,1.0,0.0,0.0,0.0,11.0,3.0833,0.0,0.0
TgO_Deuteronomy,21,10,0.0,0.0,0.0,0.9167,0.0,0.0,0.0,12.0,2.6923,0.0,0.0
TgO_Deuteronomy,21,11,0.0,0.0,0.0,0.6,0.0,0.0,0.0,10.0,2.5455,0.0,0.0
TgO_Deuteronomy,21,12,0.0,0.0,0.0,0.7778,0.0,0.0,0.0,9.0,2.2,0.0,0.0
TgO_Deuteronomy,21,13,0.0,0.0,0.0,0.6818,0.0,0.0,0.0,22.0,2.3478,0.0,0.0
TgO_Deuteronomy,21,14,0.0,0.0,0.0,0.6875,0.0,0.0,0.0,16.0,2.3529,0.0,0.0
TgO_Deuteronomy,21,15,0.0,0.0,0.0,0.6667,0.0,0.0,0.0,18.0,2.9474,0.0,0.0
TgO_Deuteronomy,21,16,0.0,0.0,0.0,0.7368,0.0,0.0,0.0,19.0,2.75,0.0,0.0
TgO_Deuteronomy,21,17,0.0,0.0,0.0,0.8,0.0,0.0,0.0,20.0,3.1905,0.0,0.0
TgO_Deuteronomy,21,18,0.0,0.0,0.0,0.7647,0.0,0.0,0.0,17.0,2.3333,0.0,0.0
TgO_Deuteronomy,21,19,0.0,0.0,0.0,0.6923,0.0,0.0,0.0,13.0,2.7143,0.0,0.0
TgO_Deuteronomy,21,20,0.0,0.0,0.0,0.8571,0.0,0.0,0.0,14.0,2.6,0.0,0.0
TgO_Deuteronomy,21,21,0.0,0.0,0.0,0.6429,0.0,0.0,0.0,14.0,2.9333,0.0,0.0
TgO_Deuteronomy,21,22,0.0,0.0,0.0,0.8182,0.0,0.0,0.0,11.0,2.5,0.0,0.0
TgO_Deuteronomy,21,23,0.0,0.0,0.0,0.84,0.0,0.0,0.0,25.0,3.0769,0.0,0.0
TgO_Deuteronomy,22,01,0.0,0.0,0.0,0.7857,0.0,0.0,0.0,14.0,2.2667,0.0,0.0
TgO_Deuteronomy,22,02,0.0,0.0,0.0,0.6842,0.0,0.0,0.0,19.0,2.5,0.0,0.0
TgO_Deuteronomy,22,03,0.0,0.0,0.0,0.7222,0.0,0.0,0.0,18.0,2.6316,0.0,0.0
TgO_Deuteronomy,22,04,0.0,0.0,0.0,0.9286,0.0,0.0,0.0,14.0,2.2667,0.0,0.0
TgO_Deuteronomy,22,05,0.0,0.0,0.0,0.85,0.0,0.0,0.0,20.0,2.9524,0.0,0.0
TgO_Deuteronomy,22,06,0.0,0.0,0.0,0.6923,0.0,0.0,0.0,26.0,2.5556,0.0,0.0
TgO_Deuteronomy,22,07,0.0,0.0,0.0,0.6923,0.0,0.0,0.0,13.0,2.5,0.0,0.0
TgO_Deuteronomy,22,08,0.0,0.0,0.0,0.75,0.0,0.0,0.0,16.0,2.6471,0.0,0.0
TgO_Deuteronomy,22,09,0.0,0.0,0.0,0.6364,0.0,0.0,0.0,11.0,2.9167,0.0,0.0
TgO_Deuteronomy,22,10,0.0,0.0,0.0,1.0,0.0,0.0,0.0,5.0,2.1667,0.0,0.0
TgO_Deuteronomy,22,11,0.0,0.0,0.0,1.0,0.0,0.0,0.0,7.0,2.75,0.0,0.0
TgO_Deuteronomy,22,12,0.0,0.0,0.0,0.8889,0.0,0.0,0.0,9.0,2.9,0.0,0.0
TgO_Deuteronomy,22,13,0.0,0.0,0.0,1.0,0.0,0.0,0.0,7.0,2.625,0.0,0.0
TgO_Deuteronomy,22,14,0.0,0.0,0.0,0.6842,0.0,0.0,0.0,19.0,2.75,0.0,0.0
TgO_Deuteronomy,22,15,0.0,0.0,0.0,0.6667,0.0,0.0,0.0,15.0,3.25,0.0,0.0
TgO_Deuteronomy,22,16,0.0,0.0,0.0,0.9091,0.0,0.0,0.0,11.0,2.5833,0.0,0.0
TgO_Deuteronomy,22,17,0.0,0.0,0.0,0.7778,0.0,0.0,0.0,18.0,3.1053,0.0,0.0
TgO_Deuteronomy,22,18,0.0,0.0,0.0,0.75,0.0,0.0,0.0,8.0,2.3333,0.0,0.0
TgO_Deuteronomy,22,19,0.0,0.0,0.0,0.8,0.0,0.0,0.0,25.0,3.2692,0.0,0.0
TgO_Deuteronomy,22,20,0.0,0.0,0.0,1.0,0.0,0.0,0.0,9.0,3.2,0.0,0.0
TgO_Deuteronomy,22,21,0.0,0.0,0.0,0.6818,0.0,0.0,0.0,22.0,2.7826,0.0,0.0
TgO_Deuteronomy,22,22,0.0,0.0,0.0,0.6,0.0,0.0,0.0,20.0,2.7143,0.0,0.0
TgO_Deuteronomy,22,23,0.0,0.0,0.0,0.9091,0.0,0.0,0.0,11.0,2.8333,0.0,0.0
TgO_Deuteronomy,22,24,0.0,0.0,0.0,0.6667,0.0,0.0,0.0,27.0,3.1786,0.0,0.0
TgO_Deuteronomy,22,25,0.0,0.0,0.0,0.5882,0.0,0.0,0.0,17.0,2.6111,0.0,0.0
TgO_Deuteronomy,22,26,0.0,0.0,0.0,1.0,0.0,0.0,0.0,20.0,3.0952,0.0,0.0
TgO_Deuteronomy,22,27,0.0,0.0,0.0,0.8889,0.0,0.0,0.0,9.0,2.8,0.0,0.0
TgO_Deuteronomy,22,28,0.0,0.0,0.0,0.9091,0.0,0.0,0.0,11.0,2.75,0.0,0.0
TgO_Deuteronomy,22,29,0.0,0.0,0.0,0.85,0.0,0.0,0.0,20.0,3.4286,0.0,0.0
TgO_Deuteronomy,23,01,0.0,0.0,0.0,0.9,0.0,0.0,0.0,10.0,2.3636,0.0,0.0
TgO_Deuteronomy,23,02,0.0,0.0,0.0,1.0,0.0,0.0,0.0,10.0,2.4545,0.0,0.0
TgO_Deuteronomy,23,03,0.0,0.0,0.0,0.6,0.0,0.0,0.0,15.0,2.6875,0.0,0.0
TgO_Deuteronomy,23,04,0.0,0.0,0.0,0.6667,0.0,0.0,0.0,18.0,2.7895,0.0,0.0
TgO_Deuteronomy,23,05,0.0,0.0,0.0,0.55,0.0,0.0,0.0,20.0,3.4762,0.0,0.0
TgO_Deuteronomy,23,06,0.0,0.0,0.0,0.6111,0.0,0.0,0.0,18.0,2.8421,0.0,0.0
TgO_Deuteronomy,23,07,0.0,0.0,0.0,0.8571,0.0,0.0,0.0,7.0,3.25,0.0,0.0
TgO_Deuteronomy,23,08,0.0,0.0,0.0,0.7692,0.0,0.0,0.0,13.0,2.7143,0.0,0.0
TgO_Deuteronomy,23,09,0.0,0.0,0.0,0.8,0.0,0.0,0.0,10.0,3.1818,0.0,0.0
TgO_Deuteronomy,23,10,0.0,0.0,0.0,0.8889,0.0,0.0,0.0,9.0,3.2,0.0,0.0
TgO_Deuteronomy,23,11,0.0,0.0,0.0,0.8125,0.0,0.0,0.0,16.0,3.0588,0.0,0.0
TgO_Deuteronomy,23,12,0.0,0.0,0.0,0.9,0.0,0.0,0.0,10.0,2.7273,0.0,0.0
TgO_Deuteronomy,23,13,0.0,0.0,0.0,0.7778,0.0,0.0,0.0,9.0,3.3,0.0,0.0
TgO_Deuteronomy,23,14,0.0,0.0,0.0,0.5714,0.0,0.0,0.0,14.0,2.2,0.0,0.0
TgO_Deuteronomy,23,15,0.0,0.0,0.0,0.7826,0.0,0.0,0.0,23.0,3.0833,0.0,0.0
TgO_Deuteronomy,23,16,0.0,0.0,0.0,0.9,0.0,0.0,0.0,10.0,3.0909,0.0,0.0
TgO_Deuteronomy,23,17,0.0,0.0,0.0,0.8333,0.0,0.0,0.0,12.0,2.5385,0.0,0.0
TgO_Deuteronomy,23,18,0.0,0.0,0.0,0.7143,0.0,0.0,0.0,14.0,3.0,0.0,0.0
TgO_Deuteronomy,23,19,0.0,0.0,0.0,0.8889,0.0,0.0,0.0,18.0,3.0526,0.0,0.0
TgO_Deuteronomy,23,20,0.0,0.0,0.0,0.5455,0.0,0.0,0.0,11.0,3.1667,0.0,0.0
TgO_Deuteronomy,23,21,0.0,0.0,0.0,0.9444,0.0,0.0,0.0,18.0,3.2105,0.0,0.0
TgO_Deuteronomy,23,22,0.0,0.0,0.0,0.7222,0.0,0.0,0.0,18.0,2.7368,0.0,0.0
TgO_Deuteronomy,23,23,0.0,0.0,0.0,1.0,0.0,0.0,0.0,7.0,2.25,0.0,0.0
TgO_Deuteronomy,23,24,0.0,0.0,0.0,1.0,0.0,0.0,0.0,12.0,3.0,0.0,0.0
TgO_Deuteronomy,23,25,0.0,0.0,0.0,0.9091,0.0,0.0,0.0,11.0,2.4167,0.0,0.0
TgO_Deuteronomy,23,26,0.0,0.0,0.0,0.7692,0.0,0.0,0.0,13.0,2.3571,0.0,0.0
TgO_Deuteronomy,24,01,0.0,0.0,0.0,0.7083,0.0,0.0,0.0,24.0,2.88,0.0,0.0
TgO_Deuteronomy,24,02,0.0,0.0,0.0,0.6667,0.0,0.0,0.0,6.0,2.2857,0.0,0.0
TgO_Deuteronomy,24,03,0.0,0.0,0.0,0.7368,0.0,0.0,0.0,19.0,2.95,0.0,0.0
TgO_Deuteronomy,24,04,0.0,0.0,0.0,0.8519,0.0,0.0,0.0,27.0,3.0357,0.0,0.0
TgO_Deuteronomy,24,05,0.0,0.0,0.0,0.8636,0.0,0.0,0.0,22.0,2.6087,0.0,0.0
TgO_Deuteronomy,24,06,0.0,0.0,0.0,1.0,0.0,0.0,0.0,11.0,2.6667,0.0,0.0
TgO_Deuteronomy,24,07,0.0,0.0,0.0,0.7222,0.0,0.0,0.0,18.0,3.0,0.0,0.0
TgO_Deuteronomy,24,08,0.0,0.0,0.0,0.9333,0.0,0.0,0.0,15.0,3.0,0.0,0.0
TgO_Deuteronomy,24,09,0.0,0.0,0.0,0.7,0.0,0.0,0.0,10.0,3.6364,0.0,0.0
TgO_Deuteronomy,24,10,0.0,0.0,0.0,1.0,0.0,0.0,0.0,10.0,2.7273,0.0,0.0
TgO_Deuteronomy,24,11,0.0,0.0,0.0,0.9091,0.0,0.0,0.0,11.0,2.6667,0.0,0.0
TgO_Deuteronomy,24,12,0.0,0.0,0.0,1.0,0.0,0.0,0.0,7.0,2.375,0.0,0.0
TgO_Deuteronomy,24,13,0.0,0.0,0.0,0.75,0.0,0.0,0.0,16.0,2.6471,0.0,0.0
TgO_Deuteronomy,24,14,0.0,0.0,0.0,0.8,0.0,0.0,0.0,10.0,2.1818,0.0,0.0
TgO_Deuteronomy,24,15,0.0,0.0,0.0,0.7391,0.0,0.0,0.0,23.0,2.5417,0.0,0.0
TgO_Deuteronomy,24,16,0.0,0.0,0.0,0.6,0.0,0.0,0.0,15.0,2.75,0.0,0.0
TgO_Deuteronomy,24,17,0.0,0.0,0.0,1.0,0.0,0.0,0.0,10.0,3.0,0.0,0.0
TgO_Deuteronomy,24,18,0.0,0.0,0.0,0.7778,0.0,0.0,0.0,18.0,2.7895,0.0,0.0
TgO_Deuteronomy,24,19,0.0,0.0,0.0,0.8095,0.0,0.0,0.0,21.0,2.6818,0.0,0.0
TgO_Deuteronomy,24,20,0.0,0.0,0.0,1.0,0.0,0.0,0.0,10.0,2.6364,0.0,0.0
TgO_Deuteronomy,24,21,0.0,0.0,0.0,1.0,0.0,0.0,0.0,10.0,2.6364,0.0,0.0
TgO_Deuteronomy,24,22,0.0,0.0,0.0,0.7333,0.0,0.0,0.0,15.0,3.3125,0.0,0.0
TgO_Deuteronomy,25,01,0.0,0.0,0.0,0.7143,0.0,0.0,0.0,14.0,2.4667,0.0,0.0
TgO_Deuteronomy,25,02,0.0,0.0,0.0,0.8462,0.0,0.0,0.0,13.0,2.6429,0.0,0.0
TgO_Deuteronomy,25,03,0.0,0.0,0.0,0.8571,0.0,0.0,0.0,14.0,2.9333,0.0,0.0
TgO_Deuteronomy,25,04,0.0,0.0,0.0,1.0,0.0,0.0,0.0,5.0,2.1667,0.0,0.0
TgO_Deuteronomy,25,05,0.0,0.0,0.0,0.7917,0.0,0.0,0.0,24.0,2.88,0.0,0.0
TgO_Deuteronomy,25,06,0.0,0.0,0.0,0.8333,0.0,0.0,0.0,12.0,2.3846,0.0,0.0
TgO_Deuteronomy,25,07,0.0,0.0,0.0,0.6923,0.0,0.0,0.0,26.0,2.8519,0.0,0.0
TgO_Deuteronomy,25,08,0.0,0.0,0.0,0.6364,0.0,0.0,0.0,11.0,2.3333,0.0,0.0
TgO_Deuteronomy,25,09,0.0,0.0,0.0,0.8095,0.0,0.0,0.0,21.0,2.5,0.0,0.0
TgO_Deuteronomy,25,10,0.0,0.0,0.0,1.0,0.0,0.0,0.0,6.0,2.0,0.0,0.0
TgO_Deuteronomy,25,11,0.0,0.0,0.0,0.7778,0.0,0.0,0.0,18.0,2.8421,0.0,0.0
TgO_Deuteronomy,25,12,0.0,0.0,0.0,1.0,0.0,0.0,0.0,6.0,2.0,0.0,0.0
TgO_Deuteronomy,25,13,0.0,0.0,0.0,0.6,0.0,0.0,0.0,10.0,2.1818,0.0,0.0
TgO_Deuteronomy,25,14,0.0,0.0,0.0,0.75,0.0,0.0,0.0,8.0,2.3333,0.0,0.0
TgO_Deuteronomy,25,15,0.0,0.0,0.0,0.6842,0.0,0.0,0.0,19.0,3.05,0.0,0.0
TgO_Deuteronomy,25,16,0.0,0.0,0.0,0.8182,0.0,0.0,0.0,11.0,2.75,0.0,0.0
TgO_Deuteronomy,25,17,0.0,0.0,0.0,0.6667,0.0,0.0,0.0,9.0,2.7,0.0,0.0
TgO_Deuteronomy,25,18,0.0,0.0,0.0,0.7059,0.0,0.0,0.0,17.0,2.7778,0.0,0.0
TgO_Deuteronomy,25,19,0.0,0.0,0.0,0.75,0.0,0.0,0.0,24.0,3.32,0.0,0.0
TgO_Deuteronomy,26,01,0.0,0.0,0.0,0.8333,0.0,0.0,0.0,12.0,2.6923,0.0,0.0
TgO_Deuteronomy,26,02,0.0,0.0,0.0,0.7143,0.0,0.0,0.0,21.0,2.5909,0.0,0.0
TgO_Deuteronomy,26,03,0.0,0.0,0.0,0.7727,0.0,0.0,0.0,22.0,3.0435,0.0,0.0
TgO_Deuteronomy,26,04,0.0,0.0,0.0,0.9,0.0,0.0,0.0,10.0,2.3636,0.0,0.0
TgO_Deuteronomy,26,05,0.0,0.0,0.0,0.6522,0.0,0.0,0.0,23.0,2.75,0.0,0.0
TgO_Deuteronomy,26,06,0.0,0.0,0.0,0.625,0.0,0.0,0.0,8.0,2.7778,0.0,0.0
TgO_Deuteronomy,26,07,0.0,0.0,0.0,0.6154,0.0,0.0,0.0,13.0,2.4286,0.0,0.0
TgO_Deuteronomy,26,08,0.0,0.0,0.0,0.5455,0.0,0.0,0.0,11.0,2.8333,0.0,0.0
TgO_Deuteronomy,26,09,0.0,0.0,0.0,0.6667,0.0,0.0,0.0,12.0,2.6154,0.0,0.0
TgO_Deuteronomy,26,10,0.0,0.0,0.0,0.6111,0.0,0.0,0.0,18.0,2.5263,0.0,0.0
TgO_Deuteronomy,26,11,0.0,0.0,0.0,0.6923,0.0,0.0,0.0,13.0,2.2857,0.0,0.0
TgO_Deuteronomy,26,12,0.0,0.0,0.0,0.7368,0.0,0.0,0.0,19.0,2.9,0.0,0.0
TgO_Deuteronomy,26,13,0.0,0.0,0.0,0.72,0.0,0.0,0.0,25.0,2.8077,0.0,0.0
TgO_Deuteronomy,26,14,0.0,0.0,0.0,0.8421,0.0,0.0,0.0,19.0,2.5,0.0,0.0
TgO_Deuteronomy,26,15,0.0,0.0,0.0,0.6667,0.0,0.0,0.0,21.0,2.8636,0.0,0.0
TgO_Deuteronomy,26,16,0.0,0.0,0.0,0.7368,0.0,0.0,0.0,19.0,2.5,0.0,0.0
TgO_Deuteronomy,26,17,0.0,0.0,0.0,0.6667,0.0,0.0,0.0,18.0,2.6842,0.0,0.0
TgO_Deuteronomy,26,18,0.0,0.0,0.0,0.7143,0.0,0.0,0.0,14.0,3.1333,0.0,0.0
TgO_Deuteronomy,26,19,0.0,0.0,0.0,0.7647,0.0,0.0,0.0,17.0,2.7778,0.0,0.0
TgO_Deuteronomy,27,01,0.0,0.0,0.0,0.625,0.0,0.0,0.0,16.0,3.0588,0.0,0.0
TgO_Deuteronomy,27,02,0.0,0.0,0.0,0.6471,0.0,0.0,0.0,17.0,2.4444,0.0,0.0
TgO_Deuteronomy,27,03,0.0,0.0,0.0,0.76,0.0,0.0,0.0,25.0,2.9231,0.0,0.0
TgO_Deuteronomy,27,04,0.0,0.0,0.0,0.5556,0.0,0.0,0.0,18.0,2.8947,0.0,0.0
TgO_Deuteronomy,27,05,0.0,0.0,0.0,0.9167,0.0,0.0,0.0,12.0,2.7692,0.0,0.0
TgO_Deuteronomy,27,06,0.0,0.0,0.0,0.8462,0.0,0.0,0.0,13.0,2.6429,0.0,0.0
TgO_Deuteronomy,27,07,0.0,0.0,0.0,0.7778,0.0,0.0,0.0,9.0,2.6,0.0,0.0
TgO_Deuteronomy,27,08,0.0,0.0,0.0,1.0,0.0,0.0,0.0,10.0,2.7273,0.0,0.0
TgO_Deuteronomy,27,09,0.0,0.0,0.0,0.6667,0.0,0.0,0.0,18.0,3.0526,0.0,0.0
TgO_Deuteronomy,27,10,0.0,0.0,0.0,0.7143,0.0,0.0,0.0,14.0,2.9333,0.0,0.0
TgO_Deuteronomy,27,11,0.0,0.0,0.0,0.8571,0.0,0.0,0.0,7.0,2.5,0.0,0.0
TgO_Deuteronomy,27,12,0.0,0.0,0.0,0.5882,0.0,0.0,0.0,17.0,3.0,0.0,0.0
TgO_Deuteronomy,27,13,0.0,0.0,0.0,0.4167,0.0,0.0,0.0,12.0,3.0,0.0,0.0
TgO_Deuteronomy,27,14,0.0,0.0,0.0,0.75,0.0,0.0,0.0,8.0,2.4444,0.0,0.0
TgO_Deuteronomy,27,15,0.0,0.0,0.0,0.8333,0.0,0.0,0.0,18.0,2.6316,0.0,0.0
TgO_Deuteronomy,27,16,0.0,0.0,0.0,0.875,0.0,0.0,0.0,8.0,2.2222,0.0,0.0
TgO_Deuteronomy,27,17,0.0,0.0,0.0,1.0,0.0,0.0,0.0,8.0,2.5556,0.0,0.0
TgO_Deuteronomy,27,18,0.0,0.0,0.0,1.0,0.0,0.0,0.0,8.0,2.4444,0.0,0.0
TgO_Deuteronomy,27,19,0.0,0.0,0.0,0.9,0.0,0.0,0.0,10.0,2.5455,0.0,0.0
TgO_Deuteronomy,27,20,0.0,0.0,0.0,0.8462,0.0,0.0,0.0,13.0,2.5,0.0,0.0
TgO_Deuteronomy,27,21,0.0,0.0,0.0,0.7778,0.0,0.0,0.0,9.0,2.4,0.0,0.0
TgO_Deuteronomy,27,22,0.0,0.0,0.0,0.7692,0.0,0.0,0.0,13.0,3.5,0.0,0.0
TgO_Deuteronomy,27,23,0.0,0.0,0.0,0.875,0.0,0.0,0.0,8.0,3.1111,0.0,0.0
TgO_Deuteronomy,27,24,0.0,0.0,0.0,1.0,0.0,0.0,0.0,8.0,2.3333,0.0,0.0
TgO_Deuteronomy,27,25,0.0,0.0,0.0,1.0,0.0,0.0,0.0,11.0,2.5833,0.0,0.0
TgO_Deuteronomy,27,26,0.0,0.0,0.0,0.9231,0.0,0.0,0.0,13.0,2.6429,0.0,0.0
TgO_Deuteronomy,28,01,0.0,0.0,0.0,0.72,0.0,0.0,0.0,25.0,2.7692,0.0,0.0
TgO_Deuteronomy,28,02,0.0,0.0,0.0,0.9091,0.0,0.0,0.0,11.0,2.6667,0.0,0.0
TgO_Deuteronomy,28,03,0.0,0.0,0.0,0.6667,0.0,0.0,0.0,6.0,2.2857,0.0,0.0
TgO_Deuteronomy,28,04,0.0,0.0,0.0,0.8182,0.0,0.0,0.0,11.0,2.6667,0.0,0.0
TgO_Deuteronomy,28,05,0.0,0.0,0.0,0.5,0.0,0.0,0.0,3.0,2.0,0.0,0.0
TgO_Deuteronomy,28,06,0.0,0.0,0.0,0.6667,0.0,0.0,0.0,6.0,2.2857,0.0,0.0
TgO_Deuteronomy,28,07,0.0,0.0,0.0,1.0,0.0,0.0,0.0,16.0,3.0588,0.0,0.0
TgO_Deuteronomy,28,08,0.0,0.0,0.0,0.6667,0.0,0.0,0.0,15.0,2.9375,0.0,0.0
TgO_Deuteronomy,28,09,0.0,0.0,0.0,0.7778,0.0,0.0,0.0,18.0,2.8947,0.0,0.0
TgO_Deuteronomy,28,10,0.0,0.0,0.0,0.9091,0.0,0.0,0.0,11.0,2.1667,0.0,0.0
TgO_Deuteronomy,28,11,0.0,0.0,0.0,0.6875,0.0,0.0,0.0,16.0,2.6471,0.0,0.0
TgO_Deuteronomy,28,12,0.0,0.0,0.0,0.7826,0.0,0.0,0.0,23.0,2.5,0.0,0.0
TgO_Deuteronomy,28,13,0.0,0.0,0.0,0.6957,0.0,0.0,0.0,23.0,3.0417,0.0,0.0
TgO_Deuteronomy,28,14,0.0,0.0,0.0,0.875,0.0,0.0,0.0,16.0,2.8235,0.0,0.0
TgO_Deuteronomy,28,15,0.0,0.0,0.0,0.75,0.0,0.0,0.0,24.0,2.72,0.0,0.0
TgO_Deuteronomy,28,16,0.0,0.0,0.0,0.6667,0.0,0.0,0.0,6.0,2.1429,0.0,0.0
TgO_Deuteronomy,28,17,0.0,0.0,0.0,0.5,0.0,0.0,0.0,3.0,1.75,0.0,0.0
TgO_Deuteronomy,28,18,0.0,0.0,0.0,0.8889,0.0,0.0,0.0,9.0,2.5,0.0,0.0
TgO_Deuteronomy,28,19,0.0,0.0,0.0,0.6667,0.0,0.0,0.0,6.0,2.1429,0.0,0.0
TgO_Deuteronomy,28,20,0.0,0.0,0.0,0.8696,0.0,0.0,0.0,23.0,3.4583,0.0,0.0
TgO_Deuteronomy,28,21,0.0,0.0,0.0,0.9286,0.0,0.0,0.0,14.0,2.6,0.0,0.0
TgO_Deuteronomy,28,22,0.0,0.0,0.0,0.5,0.0,0.0,0.0,12.0,2.0769,0.0,0.0
TgO_Deuteronomy,28,23,0.0,0.0,0.0,0.7857,0.0,0.0,0.0,14.0,2.8,0.0,0.0
TgO_Deuteronomy,28,24,0.0,0.0,0.0,1.0,0.0,0.0,0.0,13.0,2.5714,0.0,0.0
TgO_Deuteronomy,28,25,0.0,0.0,0.0,0.9444,0.0,0.0,0.0,18.0,2.9474,0.0,0.0
TgO_Deuteronomy,28,26,0.0,0.0,0.0,0.8182,0.0,0.0,0.0,11.0,2.75,0.0,0.0
TgO_Deuteronomy,28,27,0.0,0.0,0.0,0.7273,0.0,0.0,0.0,11.0,3.0,0.0,0.0
TgO_Deuteronomy,28,28,0.0,0.0,0.0,0.8333,0.0,0.0,0.0,6.0,2.0,0.0,0.0
TgO_Deuteronomy,28,29,0.0,0.0,0.0,0.6316,0.0,0.0,0.0,19.0,3.05,0.0,0.0
TgO_Deuteronomy,28,30,0.0,0.0,0.0,0.8571,0.0,0.0,0.0,14.0,2.6667,0.0,0.0
TgO_Deuteronomy,28,31,0.0,0.0,0.0,0.75,0.0,0.0,0.0,20.0,3.0476,0.0,0.0
TgO_Deuteronomy,28,32,0.0,0.0,0.0,0.7143,0.0,0.0,0.0,14.0,2.8667,0.0,0.0
TgO_Deuteronomy,28,33,0.0,0.0,0.0,0.7857,0.0,0.0,0.0,14.0,2.9333,0.0,0.0
TgO_Deuteronomy,28,34,0.0,0.0,0.0,1.0,0.0,0.0,0.0,6.0,2.2857,0.0,0.0
TgO_Deuteronomy,28,35,0.0,0.0,0.0,0.9333,0.0,0.0,0.0,15.0,2.625,0.0,0.0
TgO_Deuteronomy,28,36,0.0,0.0,0.0,0.7895,0.0,0.0,0.0,19.0,2.35,0.0,0.0
TgO_Deuteronomy,28,37,0.0,0.0,0.0,0.8889,0.0,0.0,0.0,9.0,2.3,0.0,0.0
TgO_Deuteronomy,28,38,0.0,0.0,0.0,1.0,0.0,0.0,0.0,9.0,2.9,0.0,0.0
TgO_Deuteronomy,28,39,0.0,0.0,0.0,0.8182,0.0,0.0,0.0,11.0,2.5833,0.0,0.0
TgO_Deuteronomy,28,40,0.0,0.0,0.0,0.8182,0.0,0.0,0.0,11.0,2.5833,0.0,0.0
TgO_Deuteronomy,28,41,0.0,0.0,0.0,0.7778,0.0,0.0,0.0,9.0,2.3,0.0,0.0
TgO_Deuteronomy,28,42,0.0,0.0,0.0,1.0,0.0,0.0,0.0,6.0,2.4286,0.0,0.0
TgO_Deuteronomy,28,43,0.0,0.0,0.0,0.6667,0.0,0.0,0.0,15.0,3.75,0.0,0.0
TgO_Deuteronomy,28,44,0.0,0.0,0.0,0.6364,0.0,0.0,0.0,11.0,2.5833,0.0,0.0
TgO_Deuteronomy,28,45,0.0,0.0,0.0,0.8421,0.0,0.0,0.0,19.0,2.65,0.0,0.0
TgO_Deuteronomy,28,46,0.0,0.0,0.0,0.7143,0.0,0.0,0.0,7.0,1.875,0.0,0.0
TgO_Deuteronomy,28,47,0.0,0.0,0.0,1.0,0.0,0.0,0.0,11.0,2.3333,0.0,0.0
TgO_Deuteronomy,28,48,0.0,0.0,0.0,0.6842,0.0,0.0,0.0,19.0,2.5,0.0,0.0
TgO_Deuteronomy,28,49,0.0,0.0,0.0,0.9286,0.0,0.0,0.0,14.0,2.9333,0.0,0.0
TgO_Deuteronomy,28,50,0.0,0.0,0.0,0.8182,0.0,0.0,0.0,11.0,2.5833,0.0,0.0
TgO_Deuteronomy,28,51,0.0,0.0,0.0,0.75,0.0,0.0,0.0,20.0,2.5714,0.0,0.0
TgO_Deuteronomy,28,52,0.0,0.0,0.0,0.56,0.0,0.0,0.0,25.0,2.6538,0.0,0.0
TgO_Deuteronomy,28,53,0.0,0.0,0.0,0.7333,0.0,0.0,0.0,15.0,2.5625,0.0,0.0
TgO_Deuteronomy,28,54,0.0,0.0,0.0,0.7692,0.0,0.0,0.0,13.0,2.5,0.0,0.0
TgO_Deuteronomy,28,55,0.0,0.0,0.0,0.6471,0.0,0.0,0.0,17.0,2.3889,0.0,0.0
TgO_Deuteronomy,28,56,0.0,0.0,0.0,0.7778,0.0,0.0,0.0,18.0,2.6316,0.0,0.0
TgO_Deuteronomy,28,57,0.0,0.0,0.0,0.6471,0.0,0.0,0.0,17.0,2.2778,0.0,0.0
TgO_Deuteronomy,28,58,0.0,0.0,0.0,0.8571,0.0,0.0,0.0,21.0,2.6364,0.0,0.0
TgO_Deuteronomy,28,59,0.0,0.0,0.0,0.5385,0.0,0.0,0.0,13.0,2.2143,0.0,0.0
TgO_Deuteronomy,28,60,0.0,0.0,0.0,0.7,0.0,0.0,0.0,10.0,3.0909,0.0,0.0
TgO_Deuteronomy,28,61,0.0,0.0,0.0,1.0,0.0,0.0,0.0,15.0,2.5625,0.0,0.0
TgO_Deuteronomy,28,62,0.0,0.0,0.0,1.0,0.0,0.0,0.0,14.0,2.8667,0.0,0.0
TgO_Deuteronomy,28,63,0.0,0.0,0.0,0.625,0.0,0.0,0.0,24.0,2.56,0.0,0.0
TgO_Deuteronomy,28,64,0.0,0.0,0.0,0.7,0.0,0.0,0.0,20.0,2.3333,0.0,0.0
TgO_Deuteronomy,28,65,0.0,0.0,0.0,0.7895,0.0,0.0,0.0,19.0,3.15,0.0,0.0
TgO_Deuteronomy,28,66,0.0,0.0,0.0,0.5833,0.0,0.0,0.0,12.0,2.5385,0.0,0.0
TgO_Deuteronomy,28,67,0.0,0.0,0.0,0.7222,0.0,0.0,0.0,18.0,2.5789,0.0,0.0
TgO_Deuteronomy,28,68,0.0,0.0,0.0,0.6667,0.0,0.0,0.0,18.0,3.0,0.0,0.0
TgO_Deuteronomy,28,69,0.0,0.0,0.0,0.6111,0.0,0.0,0.0,18.0,3.2105,0.0,0.0
TgO_Deuteronomy,29,01,0.0,0.0,0.0,0.55,0.0,0.0,0.0,20.0,3.1429,0.0,0.0
TgO_Deuteronomy,29,02,0.0,0.0,0.0,0.875,0.0,0.0,0.0,8.0,2.2222,0.0,0.0
TgO_Deuteronomy,29,03,0.0,0.0,0.0,0.7692,0.0,0.0,0.0,13.0,2.6429,0.0,0.0
TgO_Deuteronomy,29,04,0.0,0.0,0.0,0.8571,0.0,0.0,0.0,14.0,2.5333,0.0,0.0
TgO_Deuteronomy,29,05,0.0,0.0,0.0,0.8571,0.0,0.0,0.0,14.0,2.6667,0.0,0.0
TgO_Deuteronomy,29,06,0.0,0.0,0.0,0.5,0.0,0.0,0.0,14.0,3.7333,0.0,0.0
TgO_Deuteronomy,29,07,0.0,0.0,0.0,0.4167,0.0,0.0,0.0,12.0,3.3077,0.0,0.0
TgO_Deuteronomy,29,08,0.0,0.0,0.0,0.75,0.0,0.0,0.0,12.0,2.4615,0.0,0.0
TgO_Deuteronomy,29,09,0.0,0.0,0.0,0.8,0.0,0.0,0.0,15.0,3.0625,0.0,0.0
TgO_Deuteronomy,29,10,0.0,0.0,0.0,1.0,0.0,0.0,0.0,10.0,2.6364,0.0,0.0
TgO_Deuteronomy,29,11,0.0,0.0,0.0,0.7273,0.0,0.0,0.0,11.0,2.8333,0.0,0.0
TgO_Deuteronomy,29,12,0.0,0.0,0.0,0.6,0.0,0.0,0.0,20.0,3.2857,0.0,0.0
TgO_Deuteronomy,29,13,0.0,0.0,0.0,0.9091,0.0,0.0,0.0,11.0,2.8333,0.0,0.0
TgO_Deuteronomy,29,14,0.0,0.0,0.0,0.6842,0.0,0.0,0.0,19.0,2.9,0.0,0.0
TgO_Deuteronomy,29,15,0.0,0.0,0.0,0.8333,0.0,0.0,0.0,12.0,2.8462,0.0,0.0
TgO_Deuteronomy,29,16,0.0,0.0,0.0,0.7,0.0,0.0,0.0,10.0,2.1818,0.0,0.0
TgO_Deuteronomy,29,17,0.0,0.0,0.0,0.7333,0.0,0.0,0.0,30.0,2.9032,0.0,0.0
TgO_Deuteronomy,29,18,0.0,0.0,0.0,0.7917,0.0,0.0,0.0,24.0,2.84,0.0,0.0
TgO_Deuteronomy,29,19,0.0,0.0,0.0,0.7308,0.0,0.0,0.0,26.0,2.8148,0.0,0.0
TgO_Deuteronomy,29,20,0.0,0.0,0.0,0.9231,0.0,0.0,0.0,13.0,3.0,0.0,0.0
TgO_Deuteronomy,29,21,0.0,0.0,0.0,0.85,0.0,0.0,0.0,20.0,3.0,0.0,0.0
TgO_Deuteronomy,29,22,0.0,0.0,0.0,0.625,0.0,0.0,0.0,24.0,2.76,0.0,0.0
TgO_Deuteronomy,29,23,0.0,0.0,0.0,1.0,0.0,0.0,0.0,14.0,2.8,0.0,0.0
TgO_Deuteronomy,29,24,0.0,0.0,0.0,0.8571,0.0,0.0,0.0,14.0,2.8667,0.0,0.0
TgO_Deuteronomy,29,25,0.0,0.0,0.0,0.5833,0.0,0.0,0.0,12.0,3.6154,0.0,0.0
TgO_Deuteronomy,29,26,0.0,0.0,0.0,0.9231,0.0,0.0,0.0,13.0,2.5,0.0,0.0
TgO_Deuteronomy,29,27,0.0,0.0,0.0,0.6923,0.0,0.0,0.0,13.0,2.4286,0.0,0.0
TgO_Deuteronomy,29,28,0.0,0.0,0.0,0.8667,0.0,0.0,0.0,15.0,2.8125,0.0,0.0
TgO_Deuteronomy,30,01,0.0,0.0,0.0,0.8947,0.0,0.0,0.0,19.0,2.6,0.0,0.0
TgO_Deuteronomy,30,02,0.0,0.0,0.0,0.7222,0.0,0.0,0.0,18.0,2.7368,0.0,0.0
TgO_Deuteronomy,30,03,0.0,0.0,0.0,0.6875,0.0,0.0,0.0,16.0,2.3529,0.0,0.0
TgO_Deuteronomy,30,04,0.0,0.0,0.0,1.0,0.0,0.0,0.0,11.0,2.5,0.0,0.0
TgO_Deuteronomy,30,05,0.0,0.0,0.0,0.6364,0.0,0.0,0.0,11.0,2.3333,0.0,0.0
TgO_Deuteronomy,30,06,0.0,0.0,0.0,0.6,0.0,0.0,0.0,20.0,2.5714,0.0,0.0
TgO_Deuteronomy,30,07,0.0,0.0,0.0,0.9167,0.0,0.0,0.0,12.0,2.6923,0.0,0.0
TgO_Deuteronomy,30,08,0.0,0.0,0.0,0.7143,0.0,0.0,0.0,14.0,2.8667,0.0,0.0
TgO_Deuteronomy,30,09,0.0,0.0,0.0,0.7391,0.0,0.0,0.0,23.0,2.7083,0.0,0.0
TgO_Deuteronomy,30,10,0.0,0.0,0.0,0.7619,0.0,0.0,0.0,21.0,2.8636,0.0,0.0
TgO_Deuteronomy,30,11,0.0,0.0,0.0,0.8,0.0,0.0,0.0,15.0,3.0625,0.0,0.0
TgO_Deuteronomy,30,12,0.0,0.0,0.0,0.8462,0.0,0.0,0.0,13.0,2.7857,0.0,0.0
TgO_Deuteronomy,30,13,0.0,0.0,0.0,0.6,0.0,0.0,0.0,15.0,2.625,0.0,0.0
TgO_Deuteronomy,30,14,0.0,0.0,0.0,0.875,0.0,0.0,0.0,8.0,2.7778,0.0,0.0
TgO_Deuteronomy,30,15,0.0,0.0,0.0,0.7692,0.0,0.0,0.0,13.0,2.8571,0.0,0.0
TgO_Deuteronomy,30,16,0.0,0.0,0.0,0.6296,0.0,0.0,0.0,27.0,2.7143,0.0,0.0
TgO_Deuteronomy,30,17,0.0,0.0,0.0,0.7,0.0,0.0,0.0,10.0,2.1818,0.0,0.0
TgO_Deuteronomy,30,18,0.0,0.0,0.0,0.8421,0.0,0.0,0.0,19.0,3.05,0.0,0.0
TgO_Deuteronomy,30,19,0.0,0.0,0.0,0.7,0.0,0.0,0.0,20.0,2.8095,0.0,0.0
TgO_Deuteronomy,30,20,0.0,0.0,0.0,0.7917,0.0,0.0,0.0,24.0,3.52,0.0,0.0
TgO_Deuteronomy,31,01,0.0,0.0,0.0,0.6667,0.0,0.0,0.0,9.0,3.2,0.0,0.0
TgO_Deuteronomy,31,02,0.0,0.0,0.0,0.6957,0.0,0.0,0.0,23.0,2.875,0.0,0.0
TgO_Deuteronomy,31,03,0.0,0.0,0.0,0.6842,0.0,0.0,0.0,19.0,3.45,0.0,0.0
TgO_Deuteronomy,31,04,0.0,0.0,0.0,0.6667,0.0,0.0,0.0,12.0,3.6154,0.0,0.0
TgO_Deuteronomy,31,05,0.0,0.0,0.0,0.7778,0.0,0.0,0.0,9.0,2.9,0.0,0.0
TgO_Deuteronomy,31,06,0.0,0.0,0.0,0.8235,0.0,0.0,0.0,17.0,2.8333,0.0,0.0
TgO_Deuteronomy,31,07,0.0,0.0,0.0,0.6,0.0,0.0,0.0,25.0,3.3462,0.0,0.0
TgO_Deuteronomy,31,08,0.0,0.0,0.0,0.8,0.0,0.0,0.0,15.0,2.5,0.0,0.0
TgO_Deuteronomy,31,09,0.0,0.0,0.0,0.6471,0.0,0.0,0.0,17.0,3.0,0.0,0.0
TgO_Deuteronomy,31,10,0.0,0.0,0.0,0.8333,0.0,0.0,0.0,12.0,2.9231,0.0,0.0
TgO_Deuteronomy,31,11,0.0,0.0,0.0,0.7059,0.0,0.0,0.0,17.0,3.1667,0.0,0.0
TgO_Deuteronomy,31,12,0.0,0.0,0.0,0.7391,0.0,0.0,0.0,23.0,2.5833,0.0,0.0
TgO_Deuteronomy,31,13,0.0,0.0,0.0,0.8571,0.0,0.0,0.0,21.0,3.1818,0.0,0.0
TgO_Deuteronomy,31,14,0.0,0.0,0.0,0.5,0.0,0.0,0.0,20.0,2.9524,0.0,0.0
TgO_Deuteronomy,31,15,0.0,0.0,0.0,0.7273,0.0,0.0,0.0,11.0,2.5,0.0,0.0
TgO_Deuteronomy,31,16,0.0,0.0,0.0,0.7407,0.0,0.0,0.0,27.0,2.6786,0.0,0.0
TgO_Deuteronomy,31,17,0.0,0.0,0.0,0.5556,0.0,0.0,0.0,27.0,2.7143,0.0,0.0
TgO_Deuteronomy,31,18,0.0,0.0,0.0,0.9375,0.0,0.0,0.0,16.0,2.7059,0.0,0.0
TgO_Deuteronomy,31,19,0.0,0.0,0.0,0.6316,0.0,0.0,0.0,19.0,3.6,0.0,0.0
TgO_Deuteronomy,31,20,0.0,0.0,0.0,0.6818,0.0,0.0,0.0,22.0,2.9565,0.0,0.0
TgO_Deuteronomy,31,21,0.0,0.0,0.0,0.7931,0.0,0.0,0.0,29.0,2.9667,0.0,0.0
TgO_Deuteronomy,31,22,0.0,0.0,0.0,0.6364,0.0,0.0,0.0,11.0,3.25,0.0,0.0
TgO_Deuteronomy,31,23,0.0,0.0,0.0,0.55,0.0,0.0,0.0,20.0,2.9524,0.0,0.0
TgO_Deuteronomy,31,24,0.0,0.0,0.0,0.9231,0.0,0.0,0.0,13.0,2.8571,0.0,0.0
TgO_Deuteronomy,31,25,0.0,0.0,0.0,0.8889,0.0,0.0,0.0,9.0,2.9,0.0,0.0
TgO_Deuteronomy,31,26,0.0,0.0,0.0,0.875,0.0,0.0,0.0,16.0,2.7059,0.0,0.0
TgO_Deuteronomy,31,27,0.0,0.0,0.0,0.8636,0.0,0.0,0.0,22.0,2.8261,0.0,0.0
TgO_Deuteronomy,31,28,0.0,0.0,0.0,0.7222,0.0,0.0,0.0,18.0,2.4737,0.0,0.0
TgO_Deuteronomy,31,29,0.0,0.0,0.0,0.7143,0.0,0.0,0.0,28.0,2.6897,0.0,0.0
TgO_Deuteronomy,31,30,0.0,0.0,0.0,0.8333,0.0,0.0,0.0,12.0,3.1538,0.0,0.0
TgO_Deuteronomy,32,01,0.0,0.0,0.0,0.8571,0.0,0.0,0.0,7.0,2.625,0.0,0.0
TgO_Deuteronomy,32,02,0.0,0.0,0.0,0.8,0.0,0.0,0.0,15.0,2.75,0.0,0.0
TgO_Deuteronomy,32,03,0.0,0.0,0.0,1.0,0.0,0.0,0.0,9.0,2.6,0.0,0.0
TgO_Deuteronomy,32,04,0.0,0.0,0.0,0.9412,0.0,0.0,0.0,17.0,3.3333,0.0,0.0
TgO_Deuteronomy,32,05,0.0,0.0,0.0,0.8182,0.0,0.0,0.0,11.0,2.8333,0.0,0.0
TgO_Deuteronomy,32,06,0.0,0.0,0.0,0.8947,0.0,0.0,0.0,19.0,2.8,0.0,0.0
TgO_Deuteronomy,32,07,0.0,0.0,0.0,0.7333,0.0,0.0,0.0,15.0,2.375,0.0,0.0
TgO_Deuteronomy,32,08,0.0,0.0,0.0,0.7273,0.0,0.0,0.0,11.0,3.4167,0.0,0.0
TgO_Deuteronomy,32,09,0.0,0.0,0.0,0.8571,0.0,0.0,0.0,7.0,3.375,0.0,0.0
TgO_Deuteronomy,32,10,0.0,0.0,0.0,1.0,0.0,0.0,0.0,18.0,3.4737,0.0,0.0
TgO_Deuteronomy,32,11,0.0,0.0,0.0,0.9231,0.0,0.0,0.0,13.0,2.5714,0.0,0.0
TgO_Deuteronomy,32,12,0.0,0.0,0.0,0.9231,0.0,0.0,0.0,13.0,3.1429,0.0,0.0
TgO_Deuteronomy,32,13,0.0,0.0,0.0,0.8125,0.0,0.0,0.0,16.0,3.0588,0.0,0.0
TgO_Deuteronomy,32,14,0.0,0.0,0.0,0.65,0.0,0.0,0.0,20.0,2.7619,0.0,0.0
TgO_Deuteronomy,32,15,0.0,0.0,0.0,0.9333,0.0,0.0,0.0,15.0,3.25,0.0,0.0
TgO_Deuteronomy,32,16,0.0,0.0,0.0,0.7143,0.0,0.0,0.0,7.0,2.375,0.0,0.0
TgO_Deuteronomy,32,17,0.0,0.0,0.0,0.8667,0.0,0.0,0.0,15.0,2.6875,0.0,0.0
TgO_Deuteronomy,32,18,0.0,0.0,0.0,1.0,0.0,0.0,0.0,8.0,3.1111,0.0,0.0
TgO_Deuteronomy,32,19,0.0,0.0,0.0,0.6667,0.0,0.0,0.0,9.0,2.3,0.0,0.0
TgO_Deuteronomy,32,20,0.0,0.0,0.0,0.9412,0.0,0.0,0.0,17.0,2.7222,0.0,0.0
TgO_Deuteronomy,32,21,0.0,0.0,0.0,0.625,0.0,0.0,0.0,16.0,2.5882,0.0,0.0
TgO_Deuteronomy,32,22,0.0,0.0,0.0,0.8889,0.0,0.0,0.0,18.0,3.1053,0.0,0.0
TgO_Deuteronomy,32,23,0.0,0.0,0.0,1.0,0.0,0.0,0.0,6.0,2.5714,0.0,0.0
TgO_Deuteronomy,32,24,0.0,0.0,0.0,0.8235,0.0,0.0,0.0,17.0,2.5556,0.0,0.0
TgO_Deuteronomy,32,25,0.0,0.0,0.0,0.9231,0.0,0.0,0.0,13.0,2.7857,0.0,0.0
TgO_Deuteronomy,32,26,0.0,0.0,0.0,1.0,0.0,0.0,0.0,8.0,2.6667,0.0,0.0
TgO_Deuteronomy,32,27,0.0,0.0,0.0,0.9,0.0,0.0,0.0,20.0,3.1905,0.0,0.0
TgO_Deuteronomy,32,28,0.0,0.0,0.0,1.0,0.0,0.0,0.0,8.0,3.0,0.0,0.0
TgO_Deuteronomy,32,29,0.0,0.0,0.0,0.875,0.0,0.0,0.0,8.0,2.3333,0.0,0.0
TgO_Deuteronomy,32,30,0.0,0.0,0.0,0.9167,0.0,0.0,0.0,12.0,2.9231,0.0,0.0
TgO_Deuteronomy,32,31,0.0,0.0,0.0,1.0,0.0,0.0,0.0,7.0,2.375,0.0,0.0
TgO_Deuteronomy,32,32,0.0,0.0,0.0,0.6667,0.0,0.0,0.0,15.0,3.375,0.0,0.0
TgO_Deuteronomy,32,33,0.0,0.0,0.0,1.0,0.0,0.0,0.0,9.0,3.0,0.0,0.0
TgO_Deuteronomy,32,34,0.0,0.0,0.0,1.0,0.0,0.0,0.0,9.0,2.6,0.0,0.0
TgO_Deuteronomy,32,35,0.0,0.0,0.0,0.8571,0.0,0.0,0.0,14.0,3.2,0.0,0.0
TgO_Deuteronomy,32,36,0.0,0.0,0.0,0.9,0.0,0.0,0.0,20.0,2.8095,0.0,0.0
TgO_Deuteronomy,32,37,0.0,0.0,0.0,1.0,0.0,0.0,0.0,7.0,2.5,0.0,0.0
TgO_Deuteronomy,32,38,0.0,0.0,0.0,0.9231,0.0,0.0,0.0,13.0,2.7143,0.0,0.0
TgO_Deuteronomy,32,39,0.0,0.0,0.0,0.6667,0.0,0.0,0.0,18.0,2.9474,0.0,0.0
TgO_Deuteronomy,32,40,0.0,0.0,0.0,1.0,0.0,0.0,0.0,9.0,2.6,0.0,0.0
TgO_Deuteronomy,32,41,0.0,0.0,0.0,0.8571,0.0,0.0,0.0,21.0,2.6818,0.0,0.0
TgO_Deuteronomy,32,42,0.0,0.0,0.0,0.7143,0.0,0.0,0.0,14.0,2.4,0.0,0.0
TgO_Deuteronomy,32,43,0.0,0.0,0.0,0.75,0.0,0.0,0.0,16.0,2.6471,0.0,0.0
TgO_Deuteronomy,32,44,0.0,0.0,0.0,0.7143,0.0,0.0,0.0,14.0,2.8,0.0,0.0
TgO_Deuteronomy,32,45,0.0,0.0,0.0,0.7,0.0,0.0,0.0,10.0,2.9091,0.0,0.0
TgO_Deuteronomy,32,46,0.0,0.0,0.0,0.7619,0.0,0.0,0.0,21.0,2.9545,0.0,0.0
TgO_Deuteronomy,32,47,0.0,0.0,0.0,0.9048,0.0,0.0,0.0,21.0,2.9091,0.0,0.0
TgO_Deuteronomy,32,48,0.0,0.0,0.0,0.875,0.0,0.0,0.0,8.0,2.7778,0.0,0.0
TgO_Deuteronomy,32,49,0.0,0.0,0.0,0.6316,0.0,0.0,0.0,19.0,3.95,0.0,0.0
TgO_Deuteronomy,32,50,0.0,0.0,0.0,0.6667,0.0,0.0,0.0,15.0,2.75,0.0,0.0
TgO_Deuteronomy,32,51,0.0,0.0,0.0,0.5556,0.0,0.0,0.0,18.0,3.5263,0.0,0.0
TgO_Deuteronomy,32,52,0.0,0.0,0.0,0.8462,0.0,0.0,0.0,13.0,2.7857,0.0,0.0
TgO_Deuteronomy,33,01,0.0,0.0,0.0,0.8182,0.0,0.0,0.0,11.0,2.9167,0.0,0.0
TgO_Deuteronomy,33,02,0.0,0.0,0.0,0.6667,0.0,0.0,0.0,24.0,3.2,0.0,0.0
TgO_Deuteronomy,33,03,0.0,0.0,0.0,0.8824,0.0,0.0,0.0,17.0,3.0,0.0,0.0
TgO_Deuteronomy,33,04,0.0,0.0,0.0,0.625,0.0,0.0,0.0,8.0,4.3333,0.0,0.0
TgO_Deuteronomy,33,05,0.0,0.0,0.0,0.7778,0.0,0.0,0.0,9.0,2.8,0.0,0.0
TgO_Deuteronomy,33,06,0.0,0.0,0.0,0.75,0.0,0.0,0.0,12.0,2.8462,0.0,0.0
TgO_Deuteronomy,33,07,0.0,0.0,0.0,0.6087,0.0,0.0,0.0,23.0,3.375,0.0,0.0
TgO_Deuteronomy,33,08,0.0,0.0,0.0,0.8421,0.0,0.0,0.0,19.0,2.85,0.0,0.0
TgO_Deuteronomy,33,09,0.0,0.0,0.0,0.7727,0.0,0.0,0.0,22.0,2.3913,0.0,0.0
TgO_Deuteronomy,33,10,0.0,0.0,0.0,0.8,0.0,0.0,0.0,15.0,3.5625,0.0,0.0
TgO_Deuteronomy,33,11,0.0,0.0,0.0,0.9231,0.0,0.0,0.0,13.0,2.5714,0.0,0.0
TgO_Deuteronomy,33,12,0.0,0.0,0.0,0.7333,0.0,0.0,0.0,15.0,3.6875,0.0,0.0
TgO_Deuteronomy,33,13,0.0,0.0,0.0,0.8333,0.0,0.0,0.0,18.0,3.3158,0.0,0.0
TgO_Deuteronomy,33,14,0.0,0.0,0.0,0.7,0.0,0.0,0.0,10.0,2.3636,0.0,0.0
TgO_Deuteronomy,33,15,0.0,0.0,0.0,0.8571,0.0,0.0,0.0,7.0,2.375,0.0,0.0
TgO_Deuteronomy,33,16,0.0,0.0,0.0,0.6842,0.0,0.0,0.0,19.0,3.1,0.0,0.0
TgO_Deuteronomy,33,17,0.0,0.0,0.0,0.7308,0.0,0.0,0.0,26.0,3.2963,0.0,0.0
TgO_Deuteronomy,33,18,0.0,0.0,0.0,0.7333,0.0,0.0,0.0,15.0,2.9375,0.0,0.0
TgO_Deuteronomy,33,19,0.0,0.0,0.0,0.8947,0.0,0.0,0.0,19.0,3.6,0.0,0.0
TgO_Deuteronomy,33,20,0.0,0.0,0.0,0.8182,0.0,0.0,0.0,11.0,2.8333,0.0,0.0
TgO_Deuteronomy,33,21,0.0,0.0,0.0,0.6957,0.0,0.0,0.0,23.0,3.25,0.0,0.0
TgO_Deuteronomy,33,22,0.0,0.0,0.0,0.7692,0.0,0.0,0.0,13.0,2.8571,0.0,0.0
TgO_Deuteronomy,33,23,0.0,0.0,0.0,0.7143,0.0,0.0,0.0,14.0,4.4,0.0,0.0
TgO_Deuteronomy,33,24,0.0,0.0,0.0,0.8333,0.0,0.0,0.0,12.0,2.6154,0.0,0.0
TgO_Deuteronomy,33,25,0.0,0.0,0.0,0.8333,0.0,0.0,0.0,6.0,2.7143,0.0,0.0
TgO_Deuteronomy,33,26,0.0,0.0,0.0,0.6923,0.0,0.0,0.0,13.0,3.2143,0.0,0.0
TgO_Deuteronomy,33,27,0.0,0.0,0.0,0.9091,0.0,0.0,0.0,11.0,3.6667,0.0,0.0
TgO_Deuteronomy,33,28,0.0,0.0,0.0,0.8333,0.0,0.0,0.0,18.0,3.4737,0.0,0.0
TgO_Deuteronomy,33,29,0.0,0.0,0.0,0.8182,0.0,0.0,0.0,22.0,3.3913,0.0,0.0
TgO_Deuteronomy,34,01,0.0,0.0,0.0,0.5789,0.0,0.0,0.0,19.0,3.55,0.0,0.0
TgO_Deuteronomy,34,02,0.0,0.0,0.0,0.4286,0.0,0.0,0.0,14.0,3.3333,0.0,0.0
TgO_Deuteronomy,34,03,0.0,0.0,0.0,0.7,0.0,0.0,0.0,10.0,3.4545,0.0,0.0
TgO_Deuteronomy,34,04,0.0,0.0,0.0,0.7059,0.0,0.0,0.0,17.0,2.7778,0.0,0.0
TgO_Deuteronomy,34,05,0.0,0.0,0.0,0.7,0.0,0.0,0.0,10.0,3.1818,0.0,0.0
TgO_Deuteronomy,34,06,0.0,0.0,0.0,0.6875,0.0,0.0,0.0,16.0,3.0588,0.0,0.0
TgO_Deuteronomy,34,07,0.0,0.0,0.0,0.8667,0.0,0.0,0.0,15.0,2.5,0.0,0.0
TgO_Deuteronomy,34,08,0.0,0.0,0.0,0.5714,0.0,0.0,0.0,14.0,3.5333,0.0,0.0
TgO_Deuteronomy,34,09,0.0,0.0,0.0,0.6364,0.0,0.0,0.0,22.0,2.913,0.0,0.0
TgO_Deuteronomy,34,10,0.0,0.0,0.0,0.8182,0.0,0.0,0.0,11.0,2.5833,0.0,0.0
TgO_Deuteronomy,34,11,0.0,0.0,0.0,0.6923,0.0,0.0,0.0,13.0,2.6429,0.0,0.0
TgO_Deuteronomy,34,12,0.0,0.0,0.0,0.7273,0.0,0.0,0.0,11.0,3.25,0.0,0.0
