book_name,chapter,verse,emphatic_ratio,absolute_ratio,function_words_ratio,lexical_diversity,verb_ratio,passive_voice_ratio,plural_ratio,line_length,avg_word_len,v_then_noun_ratio,v_then_prep_ratio,prediction_score,predicted_dialect
TgO_Genesis,1,1,0.0,0.0,0.0,1.0,0.0,0.0,0.0,7.0,2.375,0.0,0.0,0.88718,Yerushalmi
TgO_Genesis,1,2,0.0,0.0,0.0,0.6667,0.0,0.0,0.0,15.0,3.3125,0.0,0.0,0.95783144,Yerushalmi
TgO_Genesis,1,3,0.0,0.0,0.0,0.6667,0.0,0.0,0.0,6.0,2.5714,0.0,0.0,0.52504134,Yerushalmi
TgO_Genesis,1,4,0.0,0.0,0.0,0.6667,0.0,0.0,0.0,12.0,2.6154,0.0,0.0,0.8922812,Yerushalmi
TgO_Genesis,1,5,0.0,0.0,0.0,0.7692,0.0,0.0,0.0,13.0,2.6429,0.0,0.0,0.9385465,Yerushalmi
TgO_Genesis,1,6,0.0,0.0,0.0,0.7273,0.0,0.0,0.0,11.0,2.8333,0.0,0.0,0.8744153,Yerushalmi
TgO_Genesis,1,7,0.0,0.0,0.0,0.625,0.0,0.0,0.0,16.0,3.1176,0.0,0.0,0.9651881,Yerushalmi
TgO_Genesis,1,8,0.0,0.0,0.0,0.8,0.0,0.0,0.0,10.0,2.7273,0.0,0.0,0.8570557,Yerushalmi
TgO_Genesis,1,9,0.0,0.0,0.0,0.8333,0.0,0.0,0.0,12.0,2.9231,0.0,0.0,0.933834,Yerushalmi
TgO_Genesis,1,10,0.0,0.0,0.0,0.7692,0.0,0.0,0.0,13.0,2.7143,0.0,0.0,0.93902683,Yerushalmi
TgO_Genesis,1,11,0.0,0.0,0.0,0.7143,0.0,0.0,0.0,21.0,3.2727,0.0,0.0,0.9744114,Yerushalmi
TgO_Genesis,1,12,0.0,0.0,0.0,0.6842,0.0,0.0,0.0,19.0,3.2,0.0,0.0,0.97462,Yerushalmi
TgO_Genesis,1,13,0.0,0.0,0.0,0.8333,0.0,0.0,0.0,6.0,2.5714,0.0,0.0,0.66558635,Yerushalmi
TgO_Genesis,1,14,0.0,0.0,0.0,0.6667,0.0,0.0,0.0,18.0,2.5789,0.0,0.0,0.9823493,Yerushalmi
TgO_Genesis,1,15,0.0,0.0,0.0,0.8889,0.0,0.0,0.0,9.0,2.4,0.0,0.0,0.86330986,Yerushalmi
TgO_Genesis,1,16,0.0,0.0,0.0,0.5556,0.0,0.0,0.0,18.0,2.6842,0.0,0.0,0.97812164,Yerushalmi
TgO_Genesis,1,17,0.0,0.0,0.0,1.0,0.0,0.0,0.0,8.0,2.3333,0.0,0.0,0.9116889,Yerushalmi
TgO_Genesis,1,18,0.0,0.0,0.0,0.6667,0.0,0.0,0.0,12.0,2.3846,0.0,0.0,0.8856563,Yerushalmi
TgO_Genesis,1,19,0.0,0.0,0.0,0.8333,0.0,0.0,0.0,6.0,2.5714,0.0,0.0,0.66558635,Yerushalmi
TgO_Genesis,1,20,0.0,0.0,0.0,0.8125,0.0,0.0,0.0,16.0,3.0588,0.0,0.0,0.97569495,Yerushalmi
TgO_Genesis,1,21,0.0,0.0,0.0,0.6522,0.0,0.0,0.0,23.0,2.4583,0.0,0.0,0.98869866,Yerushalmi
TgO_Genesis,1,22,0.0,0.0,0.0,0.6154,0.0,0.0,0.0,13.0,2.2857,0.0,0.0,0.91559345,Yerushalmi
TgO_Genesis,1,23,0.0,0.0,0.0,0.8333,0.0,0.0,0.0,6.0,2.5714,0.0,0.0,0.66558635,Yerushalmi
TgO_Genesis,1,24,0.0,0.0,0.0,0.6429,0.0,0.0,0.0,14.0,2.3333,0.0,0.0,0.9450414,Yerushalmi
TgO_Genesis,1,25,0.0,0.0,0.0,0.6111,0.0,0.0,0.0,18.0,2.3684,0.0,0.0,0.9835181,Yerushalmi
TgO_Genesis,1,26,0.0,0.0,0.0,0.55,0.0,0.0,0.0,20.0,2.5714,0.0,0.0,0.983783,Yerushalmi
TgO_Genesis,1,27,0.0,0.0,0.0,0.6,0.0,0.0,0.0,15.0,2.5625,0.0,0.0,0.9591487,Yerushalmi
TgO_Genesis,1,28,0.0,0.0,0.0,0.4783,0.0,0.0,0.0,23.0,2.4583,0.0,0.0,0.9848651,Yerushalmi
TgO_Genesis,1,29,0.0,0.0,0.0,0.6429,0.0,0.0,0.0,28.0,3.4483,0.0,0.0,0.92302823,Yerushalmi
TgO_Genesis,1,30,0.0,0.0,0.0,0.8,0.0,0.0,0.0,20.0,2.5238,0.0,0.0,0.99150705,Yerushalmi
TgO_Genesis,1,31,0.0,0.0,0.0,0.7857,0.0,0.0,0.0,14.0,2.6,0.0,0.0,0.9588571,Yerushalmi
TgO_Genesis,2,1,0.0,0.0,0.0,0.6,0.0,0.0,0.0,5.0,2.1667,0.0,0.0,0.39628276,Bavli
TgO_Genesis,2,2,0.0,0.0,0.0,0.5833,0.0,0.0,0.0,12.0,3.0,0.0,0.0,0.90380836,Yerushalmi
TgO_Genesis,2,3,0.0,0.0,0.0,0.8,0.0,0.0,0.0,15.0,2.6875,0.0,0.0,0.97133744,Yerushalmi
TgO_Genesis,2,4,0.0,0.0,0.0,0.9167,0.0,0.0,0.0,12.0,2.9231,0.0,0.0,0.95492274,Yerushalmi
TgO_Genesis,2,5,0.0,0.0,0.0,0.6774,0.0,0.0,0.0,31.0,3.0,0.0,0.0,0.94038194,Yerushalmi
TgO_Genesis,2,6,0.0,0.0,0.0,0.9,0.0,0.0,0.0,10.0,2.4545,0.0,0.0,0.9032924,Yerushalmi
TgO_Genesis,2,7,0.0,0.0,0.0,0.8125,0.0,0.0,0.0,16.0,2.6471,0.0,0.0,0.97990257,Yerushalmi
TgO_Genesis,2,8,0.0,0.0,0.0,0.9091,0.0,0.0,0.0,11.0,3.0833,0.0,0.0,0.93930566,Yerushalmi
TgO_Genesis,2,9,0.0,0.0,0.0,0.8636,0.0,0.0,0.0,22.0,2.7826,0.0,0.0,0.99152505,Yerushalmi
TgO_Genesis,2,10,0.0,0.0,0.0,0.8462,0.0,0.0,0.0,13.0,2.5,0.0,0.0,0.95293677,Yerushalmi
TgO_Genesis,2,11,0.0,0.0,0.0,0.9091,0.0,0.0,0.0,11.0,3.0,0.0,0.0,0.93824345,Yerushalmi
TgO_Genesis,2,12,0.0,0.0,0.0,0.875,0.0,0.0,0.0,8.0,2.6667,0.0,0.0,0.82280314,Yerushalmi
TgO_Genesis,2,13,0.0,0.0,0.0,0.9,0.0,0.0,0.0,10.0,2.8182,0.0,0.0,0.91067976,Yerushalmi
TgO_Genesis,2,14,0.0,0.0,0.0,0.75,0.0,0.0,0.0,12.0,3.3846,0.0,0.0,0.9236052,Yerushalmi
TgO_Genesis,2,15,0.0,0.0,0.0,0.8,0.0,0.0,0.0,10.0,2.4545,0.0,0.0,0.8460815,Yerushalmi
TgO_Genesis,2,16,0.0,0.0,0.0,0.9091,0.0,0.0,0.0,11.0,2.75,0.0,0.0,0.93486756,Yerushalmi
TgO_Genesis,2,17,0.0,0.0,0.0,0.75,0.0,0.0,0.0,16.0,2.4706,0.0,0.0,0.9776381,Yerushalmi
TgO_Genesis,2,18,0.0,0.0,0.0,0.9167,0.0,0.0,0.0,12.0,3.2308,0.0,0.0,0.956734,Yerushalmi
TgO_Genesis,2,19,0.0,0.0,0.0,0.7,0.0,0.0,0.0,30.0,2.7742,0.0,0.0,0.9661735,Yerushalmi
TgO_Genesis,2,20,0.0,0.0,0.0,0.7647,0.0,0.0,0.0,17.0,2.6111,0.0,0.0,0.9823466,Yerushalmi
TgO_Genesis,2,21,0.0,0.0,0.0,0.7692,0.0,0.0,0.0,13.0,2.5,0.0,0.0,0.9379091,Yerushalmi
TgO_Genesis,2,22,0.0,0.0,0.0,0.8333,0.0,0.0,0.0,12.0,2.6923,0.0,0.0,0.9308034,Yerushalmi
TgO_Genesis,2,23,0.0,0.0,0.0,0.7333,0.0,0.0,0.0,15.0,2.4375,0.0,0.0,0.9676838,Yerushalmi
TgO_Genesis,2,24,0.0,0.0,0.0,0.7692,0.0,0.0,0.0,13.0,2.7857,0.0,0.0,0.9395822,Yerushalmi
TgO_Genesis,2,25,0.0,0.0,0.0,0.75,0.0,0.0,0.0,8.0,2.6667,0.0,0.0,0.720481,Yerushalmi
TgO_Genesis,3,1,0.0,0.0,0.0,0.8095,0.0,0.0,0.0,21.0,2.8636,0.0,0.0,0.988074,Yerushalmi
TgO_Genesis,3,2,0.0,0.0,0.0,1.0,0.0,0.0,0.0,7.0,2.75,0.0,0.0,0.8954467,Yerushalmi
TgO_Genesis,3,3,0.0,0.0,0.0,0.8571,0.0,0.0,0.0,14.0,2.5333,0.0,0.0,0.968719,Yerushalmi
TgO_Genesis,3,4,0.0,0.0,0.0,0.8333,0.0,0.0,0.0,6.0,2.5714,0.0,0.0,0.66558635,Yerushalmi
TgO_Genesis,3,5,0.0,0.0,0.0,0.9412,0.0,0.0,0.0,17.0,2.5556,0.0,0.0,0.99192375,Yerushalmi
TgO_Genesis,3,6,0.0,0.0,0.0,0.6818,0.0,0.0,0.0,22.0,2.5217,0.0,0.0,0.98877573,Yerushalmi
TgO_Genesis,3,7,0.0,0.0,0.0,0.6429,0.0,0.0,0.0,14.0,3.2667,0.0,0.0,0.94803405,Yerushalmi
TgO_Genesis,3,8,0.0,0.0,0.0,0.75,0.0,0.0,0.0,20.0,3.0476,0.0,0.0,0.981597,Yerushalmi
TgO_Genesis,3,9,0.0,0.0,0.0,0.625,0.0,0.0,0.0,8.0,3.1111,0.0,0.0,0.7235854,Yerushalmi
TgO_Genesis,3,10,0.0,0.0,0.0,0.8182,0.0,0.0,0.0,11.0,2.5,0.0,0.0,0.89482194,Yerushalmi
TgO_Genesis,3,11,0.0,0.0,0.0,0.8,0.0,0.0,0.0,15.0,2.75,0.0,0.0,0.97085124,Yerushalmi
TgO_Genesis,3,12,0.0,0.0,0.0,0.7273,0.0,0.0,0.0,11.0,2.5833,0.0,0.0,0.8634533,Yerushalmi
TgO_Genesis,3,13,0.0,0.0,0.0,0.75,0.0,0.0,0.0,12.0,2.7692,0.0,0.0,0.91129965,Yerushalmi
TgO_Genesis,3,14,0.0,0.0,0.0,0.8636,0.0,0.0,0.0,22.0,3.0435,0.0,0.0,0.9878097,Yerushalmi
TgO_Genesis,3,15,0.0,0.0,0.0,0.6364,0.0,0.0,0.0,22.0,3.1739,0.0,0.0,0.9719371,Yerushalmi
TgO_Genesis,3,16,0.0,0.0,0.0,0.8125,0.0,0.0,0.0,16.0,2.8235,0.0,0.0,0.978097,Yerushalmi
TgO_Genesis,3,17,0.0,0.0,0.0,0.7727,0.0,0.0,0.0,22.0,3.0435,0.0,0.0,0.98278254,Yerushalmi
TgO_Genesis,3,18,0.0,0.0,0.0,0.625,0.0,0.0,0.0,8.0,2.2222,0.0,0.0,0.61240464,Yerushalmi
TgO_Genesis,3,19,0.0,0.0,0.0,0.8667,0.0,0.0,0.0,15.0,2.5625,0.0,0.0,0.9786922,Yerushalmi
TgO_Genesis,3,20,0.0,0.0,0.0,0.9091,0.0,0.0,0.0,11.0,3.3333,0.0,0.0,0.94175863,Yerushalmi
TgO_Genesis,3,21,0.0,0.0,0.0,0.7273,0.0,0.0,0.0,11.0,3.0,0.0,0.0,0.8818715,Yerushalmi
TgO_Genesis,3,22,0.0,0.0,0.0,0.7391,0.0,0.0,0.0,23.0,2.625,0.0,0.0,0.988846,Yerushalmi
TgO_Genesis,3,23,0.0,0.0,0.0,0.9091,0.0,0.0,0.0,11.0,2.6667,0.0,0.0,0.93383014,Yerushalmi
TgO_Genesis,3,24,0.0,0.0,0.0,0.7778,0.0,0.0,0.0,18.0,3.0526,0.0,0.0,0.98028946,Yerushalmi
TgO_Genesis,4,1,0.0,0.0,0.0,0.5714,0.0,0.0,0.0,14.0,3.0,0.0,0.0,0.9467515,Yerushalmi
TgO_Genesis,4,2,0.0,0.0,0.0,0.6667,0.0,0.0,0.0,15.0,2.5625,0.0,0.0,0.96198946,Yerushalmi
TgO_Genesis,4,3,0.0,0.0,0.0,0.7,0.0,0.0,0.0,10.0,2.6364,0.0,0.0,0.8088603,Yerushalmi
TgO_Genesis,4,4,0.0,0.0,0.0,0.625,0.0,0.0,0.0,16.0,2.5294,0.0,0.0,0.9706363,Yerushalmi
TgO_Genesis,4,5,0.0,0.0,0.0,0.6923,0.0,0.0,0.0,13.0,3.0,0.0,0.0,0.9326533,Yerushalmi
TgO_Genesis,4,6,0.0,0.0,0.0,0.7,0.0,0.0,0.0,10.0,3.0,0.0,0.0,0.8350402,Yerushalmi
TgO_Genesis,4,7,0.0,0.0,0.0,0.64,0.0,0.0,0.0,25.0,2.7692,0.0,0.0,0.9788171,Yerushalmi
TgO_Genesis,4,8,0.0,0.0,0.0,0.2308,0.0,0.0,0.0,13.0,3.0,0.0,0.0,0.96239024,Yerushalmi
TgO_Genesis,4,9,0.0,0.0,0.0,0.6667,0.0,0.0,0.0,12.0,2.6923,0.0,0.0,0.8949337,Yerushalmi
TgO_Genesis,4,10,0.0,0.0,0.0,0.9286,0.0,0.0,0.0,14.0,2.4667,0.0,0.0,0.97828496,Yerushalmi
TgO_Genesis,4,11,0.0,0.0,0.0,0.8571,0.0,0.0,0.0,14.0,2.2667,0.0,0.0,0.9706236,Yerushalmi
TgO_Genesis,4,12,0.0,0.0,0.0,0.8462,0.0,0.0,0.0,13.0,2.7143,0.0,0.0,0.9530798,Yerushalmi
TgO_Genesis,4,13,0.0,0.0,0.0,0.8571,0.0,0.0,0.0,7.0,2.625,0.0,0.0,0.7549598,Yerushalmi
TgO_Genesis,4,14,0.0,0.0,0.0,0.7619,0.0,0.0,0.0,21.0,2.9091,0.0,0.0,0.98513424,Yerushalmi
TgO_Genesis,4,15,0.0,0.0,0.0,0.7143,0.0,0.0,0.0,21.0,2.8636,0.0,0.0,0.9838801,Yerushalmi
TgO_Genesis,4,16,0.0,0.0,0.0,0.6667,0.0,0.0,0.0,15.0,3.6875,0.0,0.0,0.9526668,Yerushalmi
TgO_Genesis,4,17,0.0,0.0,0.0,0.4706,0.0,0.0,0.0,17.0,2.9444,0.0,0.0,0.97195125,Yerushalmi
TgO_Genesis,4,18,0.0,0.0,0.0,0.1875,0.0,0.0,0.0,16.0,3.7059,0.0,0.0,0.97891045,Yerushalmi
TgO_Genesis,4,19,0.0,0.0,0.0,0.5455,0.0,0.0,0.0,11.0,3.3333,0.0,0.0,0.8898978,Yerushalmi
TgO_Genesis,4,20,0.0,0.0,0.0,0.7273,0.0,0.0,0.0,11.0,2.9167,0.0,0.0,0.87819785,Yerushalmi
TgO_Genesis,4,21,0.0,0.0,0.0,0.8,0.0,0.0,0.0,15.0,2.875,0.0,0.0,0.96993405,Yerushalmi
TgO_Genesis,4,22,0.0,0.0,0.0,0.6316,0.0,0.0,0.0,19.0,3.35,0.0,0.0,0.969471,Yerushalmi
TgO_Genesis,4,23,0.0,0.0,0.0,0.7037,0.0,0.0,0.0,27.0,3.1786,0.0,0.0,0.9593381,Yerushalmi
TgO_Genesis,4,24,0.0,0.0,0.0,0.8,0.0,0.0,0.0,10.0,3.3636,0.0,0.0,0.88282704,Yerushalmi
TgO_Genesis,4,25,0.0,0.0,0.0,0.6087,0.0,0.0,0.0,23.0,2.9167,0.0,0.0,0.97684884,Yerushalmi
TgO_Genesis,4,26,0.0,0.0,0.0,0.8125,0.0,0.0,0.0,16.0,2.9412,0.0,0.0,0.97690207,Yerushalmi
TgO_Genesis,5,1,0.0,0.0,0.0,0.7692,0.0,0.0,0.0,13.0,2.7857,0.0,0.0,0.9395822,Yerushalmi
TgO_Genesis,5,2,0.0,0.0,0.0,0.7273,0.0,0.0,0.0,11.0,2.3333,0.0,0.0,0.8552606,Yerushalmi
TgO_Genesis,5,3,0.0,0.0,0.0,0.6429,0.0,0.0,0.0,14.0,2.4,0.0,0.0,0.94492286,Yerushalmi
TgO_Genesis,5,4,0.0,0.0,0.0,0.6923,0.0,0.0,0.0,13.0,2.9286,0.0,0.0,0.931606,Yerushalmi
TgO_Genesis,5,5,0.0,0.0,0.0,0.7,0.0,0.0,0.0,10.0,2.9091,0.0,0.0,0.8286201,Yerushalmi
TgO_Genesis,5,6,0.0,0.0,0.0,0.5,0.0,0.0,0.0,8.0,2.6667,0.0,0.0,0.66361916,Yerushalmi
TgO_Genesis,5,7,0.0,0.0,0.0,0.5385,0.0,0.0,0.0,13.0,3.0714,0.0,0.0,0.9325599,Yerushalmi
TgO_Genesis,5,8,0.0,0.0,0.0,0.5556,0.0,0.0,0.0,9.0,2.9,0.0,0.0,0.7565377,Yerushalmi
TgO_Genesis,5,9,0.0,0.0,0.0,0.5714,0.0,0.0,0.0,7.0,3.375,0.0,0.0,0.6995933,Yerushalmi
TgO_Genesis,5,10,0.0,0.0,0.0,0.5385,0.0,0.0,0.0,13.0,3.2857,0.0,0.0,0.9365585,Yerushalmi
TgO_Genesis,5,11,0.0,0.0,0.0,0.5556,0.0,0.0,0.0,9.0,3.2,0.0,0.0,0.7924281,Yerushalmi
TgO_Genesis,5,12,0.0,0.0,0.0,0.5714,0.0,0.0,0.0,7.0,3.875,0.0,0.0,0.74395955,Yerushalmi
TgO_Genesis,5,13,0.0,0.0,0.0,0.6154,0.0,0.0,0.0,13.0,3.1429,0.0,0.0,0.93182784,Yerushalmi
TgO_Genesis,5,14,0.0,0.0,0.0,0.5556,0.0,0.0,0.0,9.0,3.2,0.0,0.0,0.7924281,Yerushalmi
TgO_Genesis,5,15,0.0,0.0,0.0,0.5,0.0,0.0,0.0,8.0,3.4444,0.0,0.0,0.77609026,Yerushalmi
TgO_Genesis,5,16,0.0,0.0,0.0,0.6154,0.0,0.0,0.0,13.0,3.0714,0.0,0.0,0.93057895,Yerushalmi
TgO_Genesis,5,17,0.0,0.0,0.0,0.5,0.0,0.0,0.0,10.0,3.5455,0.0,0.0,0.8714198,Yerushalmi
TgO_Genesis,5,18,0.0,0.0,0.0,0.4444,0.0,0.0,0.0,9.0,2.8,0.0,0.0,0.7648447,Yerushalmi
TgO_Genesis,5,19,0.0,0.0,0.0,0.6667,0.0,0.0,0.0,12.0,2.8462,0.0,0.0,0.9004834,Yerushalmi
TgO_Genesis,5,20,0.0,0.0,0.0,0.5,0.0,0.0,0.0,10.0,3.0,0.0,0.0,0.83137417,Yerushalmi
TgO_Genesis,5,21,0.0,0.0,0.0,0.5,0.0,0.0,0.0,8.0,3.4444,0.0,0.0,0.77609026,Yerushalmi
TgO_Genesis,5,22,0.0,0.0,0.0,0.7333,0.0,0.0,0.0,15.0,3.0625,0.0,0.0,0.96308875,Yerushalmi
TgO_Genesis,5,23,0.0,0.0,0.0,0.5556,0.0,0.0,0.0,9.0,3.2,0.0,0.0,0.7924281,Yerushalmi
TgO_Genesis,5,24,0.0,0.0,0.0,0.7273,0.0,0.0,0.0,11.0,2.6667,0.0,0.0,0.8669412,Yerushalmi
TgO_Genesis,5,25,0.0,0.0,0.0,0.4444,0.0,0.0,0.0,9.0,3.1,0.0,0.0,0.8054389,Yerushalmi
TgO_Genesis,5,26,0.0,0.0,0.0,0.5714,0.0,0.0,0.0,14.0,2.8667,0.0,0.0,0.94544536,Yerushalmi
TgO_Genesis,5,27,0.0,0.0,0.0,0.5,0.0,0.0,0.0,10.0,3.3636,0.0,0.0,0.8619206,Yerushalmi
TgO_Genesis,5,28,0.0,0.0,0.0,0.5,0.0,0.0,0.0,8.0,2.3333,0.0,0.0,0.6130167,Yerushalmi
TgO_Genesis,5,29,0.0,0.0,0.0,0.7857,0.0,0.0,0.0,14.0,2.4,0.0,0.0,0.9599286,Yerushalmi
TgO_Genesis,5,30,0.0,0.0,0.0,0.5714,0.0,0.0,0.0,14.0,2.5333,0.0,0.0,0.9423245,Yerushalmi
TgO_Genesis,5,31,0.0,0.0,0.0,0.5,0.0,0.0,0.0,10.0,3.0,0.0,0.0,0.83137417,Yerushalmi
TgO_Genesis,5,32,0.0,0.0,0.0,0.4615,0.0,0.0,0.0,13.0,2.6429,0.0,0.0,0.92503643,Yerushalmi
TgO_Genesis,6,1,0.0,0.0,0.0,0.8,0.0,0.0,0.0,10.0,3.8182,0.0,0.0,0.88888156,Yerushalmi
TgO_Genesis,6,2,0.0,0.0,0.0,0.8571,0.0,0.0,0.0,14.0,2.8,0.0,0.0,0.96759135,Yerushalmi
TgO_Genesis,6,3,0.0,0.0,0.0,0.8182,0.0,0.0,0.0,22.0,2.913,0.0,0.0,0.9876895,Yerushalmi
TgO_Genesis,6,4,0.0,0.0,0.0,0.7391,0.0,0.0,0.0,23.0,2.625,0.0,0.0,0.988846,Yerushalmi
TgO_Genesis,6,5,0.0,0.0,0.0,0.875,0.0,0.0,0.0,16.0,3.1765,0.0,0.0,0.9797239,Yerushalmi
TgO_Genesis,6,6,0.0,0.0,0.0,0.7692,0.0,0.0,0.0,13.0,2.3571,0.0,0.0,0.93783504,Yerushalmi
TgO_Genesis,6,7,0.0,0.0,0.0,0.8182,0.0,0.0,0.0,22.0,2.8261,0.0,0.0,0.9890821,Yerushalmi
TgO_Genesis,6,8,0.0,0.0,0.0,1.0,0.0,0.0,0.0,5.0,2.6667,0.0,0.0,0.82465345,Yerushalmi
TgO_Genesis,6,9,0.0,0.0,0.0,0.6923,0.0,0.0,0.0,13.0,3.0714,0.0,0.0,0.9336276,Yerushalmi
TgO_Genesis,6,10,0.0,0.0,0.0,0.4,0.0,0.0,0.0,10.0,2.6364,0.0,0.0,0.8141108,Yerushalmi
TgO_Genesis,6,11,0.0,0.0,0.0,0.7143,0.0,0.0,0.0,7.0,2.5,0.0,0.0,0.6118091,Yerushalmi
TgO_Genesis,6,12,0.0,0.0,0.0,0.7333,0.0,0.0,0.0,15.0,2.5,0.0,0.0,0.9671028,Yerushalmi
TgO_Genesis,6,13,0.0,0.0,0.0,0.85,0.0,0.0,0.0,20.0,3.0952,0.0,0.0,0.98616344,Yerushalmi
TgO_Genesis,6,14,0.0,0.0,0.0,0.6429,0.0,0.0,0.0,14.0,2.8,0.0,0.0,0.9461393,Yerushalmi
TgO_Genesis,6,15,0.0,0.0,0.0,0.8,0.0,0.0,0.0,15.0,2.875,0.0,0.0,0.96993405,Yerushalmi
TgO_Genesis,6,16,0.0,0.0,0.0,0.7333,0.0,0.0,0.0,15.0,3.25,0.0,0.0,0.9616928,Yerushalmi
TgO_Genesis,6,17,0.0,0.0,0.0,0.9,0.0,0.0,0.0,20.0,2.8571,0.0,0.0,0.9915795,Yerushalmi
TgO_Genesis,6,18,0.0,0.0,0.0,0.5833,0.0,0.0,0.0,12.0,2.1538,0.0,0.0,0.86979914,Yerushalmi
TgO_Genesis,6,19,0.0,0.0,0.0,1.0,0.0,0.0,0.0,13.0,2.6429,0.0,0.0,0.9795112,Yerushalmi
TgO_Genesis,6,20,0.0,0.0,0.0,0.7857,0.0,0.0,0.0,14.0,2.4667,0.0,0.0,0.95950115,Yerushalmi
TgO_Genesis,6,21,0.0,0.0,0.0,0.5,0.0,0.0,0.0,12.0,2.5385,0.0,0.0,0.88440406,Yerushalmi
TgO_Genesis,6,22,0.0,0.0,0.0,0.875,0.0,0.0,0.0,8.0,2.3333,0.0,0.0,0.8081155,Yerushalmi
TgO_Genesis,7,1,0.0,0.0,0.0,0.8125,0.0,0.0,0.0,16.0,3.3529,0.0,0.0,0.97238,Yerushalmi
TgO_Genesis,7,2,0.0,0.0,0.0,0.6667,0.0,0.0,0.0,18.0,2.9474,0.0,0.0,0.9767978,Yerushalmi
TgO_Genesis,7,3,0.0,0.0,0.0,0.9167,0.0,0.0,0.0,12.0,2.9231,0.0,0.0,0.95492274,Yerushalmi
TgO_Genesis,7,4,0.0,0.0,0.0,0.9048,0.0,0.0,0.0,21.0,3.0909,0.0,0.0,0.98936546,Yerushalmi
TgO_Genesis,7,5,0.0,0.0,0.0,0.8,0.0,0.0,0.0,5.0,2.3333,0.0,0.0,0.5405156,Yerushalmi
TgO_Genesis,7,6,0.0,0.0,0.0,0.8,0.0,0.0,0.0,10.0,2.8182,0.0,0.0,0.86120784,Yerushalmi
TgO_Genesis,7,7,0.0,0.0,0.0,0.6364,0.0,0.0,0.0,11.0,2.9167,0.0,0.0,0.8640002,Yerushalmi
TgO_Genesis,7,8,0.0,0.0,0.0,0.6923,0.0,0.0,0.0,13.0,2.5714,0.0,0.0,0.92649686,Yerushalmi
TgO_Genesis,7,9,0.0,0.0,0.0,0.7692,0.0,0.0,0.0,13.0,3.3571,0.0,0.0,0.94341093,Yerushalmi
TgO_Genesis,7,10,0.0,0.0,0.0,0.8889,0.0,0.0,0.0,9.0,2.5,0.0,0.0,0.86600816,Yerushalmi
TgO_Genesis,7,11,0.0,0.0,0.0,0.7273,0.0,0.0,0.0,22.0,3.1304,0.0,0.0,0.97804356,Yerushalmi
TgO_Genesis,7,12,0.0,0.0,0.0,0.8889,0.0,0.0,0.0,9.0,2.9,0.0,0.0,0.87952256,Yerushalmi
TgO_Genesis,7,13,0.0,0.0,0.0,0.5294,0.0,0.0,0.0,17.0,2.7222,0.0,0.0,0.97345424,Yerushalmi
TgO_Genesis,7,14,0.0,0.0,0.0,0.6,0.0,0.0,0.0,20.0,2.4286,0.0,0.0,0.98692244,Yerushalmi
TgO_Genesis,7,15,0.0,0.0,0.0,0.8182,0.0,0.0,0.0,11.0,2.8333,0.0,0.0,0.90289456,Yerushalmi
TgO_Genesis,7,16,0.0,0.0,0.0,0.8571,0.0,0.0,0.0,14.0,2.6667,0.0,0.0,0.9680709,Yerushalmi
TgO_Genesis,7,17,0.0,0.0,0.0,0.7143,0.0,0.0,0.0,14.0,2.8,0.0,0.0,0.9507898,Yerushalmi
TgO_Genesis,7,18,0.0,0.0,0.0,0.7,0.0,0.0,0.0,10.0,3.0,0.0,0.0,0.8350402,Yerushalmi
TgO_Genesis,7,19,0.0,0.0,0.0,0.7692,0.0,0.0,0.0,13.0,2.6429,0.0,0.0,0.9385465,Yerushalmi
TgO_Genesis,7,20,0.0,0.0,0.0,1.0,0.0,0.0,0.0,7.0,3.625,0.0,0.0,0.89993125,Yerushalmi
TgO_Genesis,7,21,0.0,0.0,0.0,0.5,0.0,0.0,0.0,16.0,2.2941,0.0,0.0,0.9704008,Yerushalmi
TgO_Genesis,7,22,0.0,0.0,0.0,0.875,0.0,0.0,0.0,8.0,2.4444,0.0,0.0,0.8123636,Yerushalmi
TgO_Genesis,7,23,0.0,0.0,0.0,0.6364,0.0,0.0,0.0,22.0,2.6522,0.0,0.0,0.98510015,Yerushalmi
TgO_Genesis,7,24,0.0,0.0,0.0,0.8571,0.0,0.0,0.0,7.0,2.375,0.0,0.0,0.7393304,Yerushalmi
TgO_Genesis,8,1,0.0,0.0,0.0,0.6842,0.0,0.0,0.0,19.0,2.5,0.0,0.0,0.98660654,Yerushalmi
TgO_Genesis,8,2,0.0,0.0,0.0,0.6667,0.0,0.0,0.0,9.0,2.7,0.0,0.0,0.74496305,Yerushalmi
TgO_Genesis,8,3,0.0,0.0,0.0,0.6667,0.0,0.0,0.0,12.0,2.5385,0.0,0.0,0.889806,Yerushalmi
TgO_Genesis,8,4,0.0,0.0,0.0,0.7273,0.0,0.0,0.0,11.0,3.1667,0.0,0.0,0.8885778,Yerushalmi
TgO_Genesis,8,5,0.0,0.0,0.0,0.7692,0.0,0.0,0.0,13.0,2.5714,0.0,0.0,0.93816614,Yerushalmi
TgO_Genesis,8,6,0.0,0.0,0.0,0.8,0.0,0.0,0.0,10.0,2.8182,0.0,0.0,0.86120784,Yerushalmi
TgO_Genesis,8,7,0.0,0.0,0.0,0.8182,0.0,0.0,0.0,11.0,2.5,0.0,0.0,0.89482194,Yerushalmi
TgO_Genesis,8,8,0.0,0.0,0.0,1.0,0.0,0.0,0.0,11.0,3.0833,0.0,0.0,0.9649146,Yerushalmi
TgO_Genesis,8,9,0.0,0.0,0.0,0.7143,0.0,0.0,0.0,21.0,2.8182,0.0,0.0,0.9847451,Yerushalmi
TgO_Genesis,8,10,0.0,0.0,0.0,0.9091,0.0,0.0,0.0,11.0,2.6667,0.0,0.0,0.93383014,Yerushalmi
TgO_Genesis,8,11,0.0,0.0,0.0,0.8333,0.0,0.0,0.0,18.0,2.7895,0.0,0.0,0.9868544,Yerushalmi
TgO_Genesis,8,12,0.0,0.0,0.0,0.7692,0.0,0.0,0.0,13.0,2.6429,0.0,0.0,0.9385465,Yerushalmi
TgO_Genesis,8,13,0.0,0.0,0.0,0.5909,0.0,0.0,0.0,22.0,2.7391,0.0,0.0,0.98194903,Yerushalmi
TgO_Genesis,8,14,0.0,0.0,0.0,0.875,0.0,0.0,0.0,8.0,2.4444,0.0,0.0,0.8123636,Yerushalmi
TgO_Genesis,8,15,0.0,0.0,0.0,0.8,0.0,0.0,0.0,5.0,2.3333,0.0,0.0,0.5405156,Yerushalmi
TgO_Genesis,8,16,0.0,0.0,0.0,0.7778,0.0,0.0,0.0,9.0,2.2,0.0,0.0,0.77154744,Yerushalmi
TgO_Genesis,8,17,0.0,0.0,0.0,0.55,0.0,0.0,0.0,20.0,2.2381,0.0,0.0,0.98844695,Yerushalmi
TgO_Genesis,8,18,0.0,0.0,0.0,0.4286,0.0,0.0,0.0,7.0,2.0,0.0,0.0,0.5252681,Yerushalmi
TgO_Genesis,8,19,0.0,0.0,0.0,0.7857,0.0,0.0,0.0,14.0,2.5333,0.0,0.0,0.9591458,Yerushalmi
TgO_Genesis,8,20,0.0,0.0,0.0,0.6471,0.0,0.0,0.0,17.0,2.6667,0.0,0.0,0.9763621,Yerushalmi
TgO_Genesis,8,21,0.0,0.0,0.0,0.7188,0.0,0.0,0.0,32.0,2.697,0.0,0.0,0.9628148,Yerushalmi
TgO_Genesis,8,22,0.0,0.0,0.0,0.5,0.0,0.0,0.0,14.0,2.6667,0.0,0.0,0.94452155,Yerushalmi
TgO_Genesis,9,1,0.0,0.0,0.0,0.4615,0.0,0.0,0.0,13.0,2.5,0.0,0.0,0.9204057,Yerushalmi
TgO_Genesis,9,2,0.0,0.0,0.0,0.65,0.0,0.0,0.0,20.0,2.4286,0.0,0.0,0.98814577,Yerushalmi
TgO_Genesis,9,3,0.0,0.0,0.0,0.7692,0.0,0.0,0.0,13.0,2.9286,0.0,0.0,0.94080895,Yerushalmi
TgO_Genesis,9,4,0.0,0.0,0.0,1.0,0.0,0.0,0.0,6.0,2.1429,0.0,0.0,0.85086775,Yerushalmi
TgO_Genesis,9,5,0.0,0.0,0.0,0.5714,0.0,0.0,0.0,21.0,2.3636,0.0,0.0,0.9881056,Yerushalmi
TgO_Genesis,9,6,0.0,0.0,0.0,0.7059,0.0,0.0,0.0,17.0,2.6111,0.0,0.0,0.97944665,Yerushalmi
TgO_Genesis,9,7,0.0,0.0,0.0,0.5714,0.0,0.0,0.0,7.0,2.0,0.0,0.0,0.5080337,Yerushalmi
TgO_Genesis,9,8,0.0,0.0,0.0,0.6667,0.0,0.0,0.0,6.0,2.5714,0.0,0.0,0.52504134,Yerushalmi
TgO_Genesis,9,9,0.0,0.0,0.0,0.9,0.0,0.0,0.0,10.0,2.1818,0.0,0.0,0.90090066,Yerushalmi
TgO_Genesis,9,10,0.0,0.0,0.0,0.7059,0.0,0.0,0.0,17.0,2.4444,0.0,0.0,0.98158073,Yerushalmi
TgO_Genesis,9,11,0.0,0.0,0.0,0.7222,0.0,0.0,0.0,18.0,2.5789,0.0,0.0,0.98442537,Yerushalmi
TgO_Genesis,9,12,0.0,0.0,0.0,0.8824,0.0,0.0,0.0,17.0,2.3889,0.0,0.0,0.9905712,Yerushalmi
TgO_Genesis,9,13,0.0,0.0,0.0,0.9091,0.0,0.0,0.0,11.0,2.4167,0.0,0.0,0.93160504,Yerushalmi
TgO_Genesis,9,14,0.0,0.0,0.0,0.75,0.0,0.0,0.0,8.0,2.1111,0.0,0.0,0.681452,Yerushalmi
TgO_Genesis,9,15,0.0,0.0,0.0,0.75,0.0,0.0,0.0,20.0,2.5714,0.0,0.0,0.98928,Yerushalmi
TgO_Genesis,9,16,0.0,0.0,0.0,0.8889,0.0,0.0,0.0,18.0,2.6316,0.0,0.0,0.9910542,Yerushalmi
TgO_Genesis,9,17,0.0,0.0,0.0,0.8571,0.0,0.0,0.0,14.0,2.7333,0.0,0.0,0.9678134,Yerushalmi
TgO_Genesis,9,18,0.0,0.0,0.0,0.5385,0.0,0.0,0.0,13.0,2.8571,0.0,0.0,0.92694676,Yerushalmi
TgO_Genesis,9,19,0.0,0.0,0.0,0.875,0.0,0.0,0.0,8.0,2.5556,0.0,0.0,0.81735134,Yerushalmi
TgO_Genesis,9,20,0.0,0.0,0.0,0.7143,0.0,0.0,0.0,7.0,2.375,0.0,0.0,0.5988852,Yerushalmi
TgO_Genesis,9,21,0.0,0.0,0.0,0.7143,0.0,0.0,0.0,7.0,2.25,0.0,0.0,0.58821553,Yerushalmi
TgO_Genesis,9,22,0.0,0.0,0.0,0.6364,0.0,0.0,0.0,11.0,2.75,0.0,0.0,0.8533255,Yerushalmi
TgO_Genesis,9,23,0.0,0.0,0.0,0.5238,0.0,0.0,0.0,21.0,2.3636,0.0,0.0,0.98728764,Yerushalmi
TgO_Genesis,9,24,0.0,0.0,0.0,0.6667,0.0,0.0,0.0,9.0,2.5,0.0,0.0,0.7250514,Yerushalmi
TgO_Genesis,9,25,0.0,0.0,0.0,0.8571,0.0,0.0,0.0,7.0,2.875,0.0,0.0,0.7724205,Yerushalmi
TgO_Genesis,9,26,0.0,0.0,0.0,0.5556,0.0,0.0,0.0,9.0,3.6,0.0,0.0,0.8242291,Yerushalmi
TgO_Genesis,9,27,0.0,0.0,0.0,0.5455,0.0,0.0,0.0,11.0,3.6667,0.0,0.0,0.8990895,Yerushalmi
TgO_Genesis,9,28,0.0,0.0,0.0,0.75,0.0,0.0,0.0,8.0,2.6667,0.0,0.0,0.720481,Yerushalmi
TgO_Genesis,9,29,0.0,0.0,0.0,0.5556,0.0,0.0,0.0,9.0,3.0,0.0,0.0,0.76933444,Yerushalmi
TgO_Genesis,10,1,0.0,0.0,0.0,0.4167,0.0,0.0,0.0,12.0,2.9231,0.0,0.0,0.9164546,Yerushalmi
TgO_Genesis,10,2,0.0,0.0,0.0,0.2222,0.0,0.0,0.0,9.0,2.4,0.0,0.0,0.816653,Yerushalmi
TgO_Genesis,10,3,0.0,0.0,0.0,0.2,0.0,0.0,0.0,5.0,3.3333,0.0,0.0,0.79835486,Yerushalmi
TgO_Genesis,10,4,0.0,0.0,0.0,0.1667,0.0,0.0,0.0,6.0,3.5714,0.0,0.0,0.8591347,Yerushalmi
TgO_Genesis,10,5,0.0,0.0,0.0,0.8889,0.0,0.0,0.0,9.0,2.4,0.0,0.0,0.86330986,Yerushalmi
TgO_Genesis,10,6,0.0,0.0,0.0,0.1667,0.0,0.0,0.0,6.0,2.0,0.0,0.0,0.6856344,Yerushalmi
TgO_Genesis,10,7,0.0,0.0,0.0,0.0909,0.0,0.0,0.0,11.0,2.75,0.0,0.0,0.9531386,Yerushalmi
TgO_Genesis,10,8,0.0,0.0,0.0,0.9,0.0,0.0,0.0,10.0,2.9091,0.0,0.0,0.91276056,Yerushalmi
TgO_Genesis,10,9,0.0,0.0,0.0,0.6923,0.0,0.0,0.0,13.0,3.1429,0.0,0.0,0.9344983,Yerushalmi
TgO_Genesis,10,10,0.0,0.0,0.0,0.4444,0.0,0.0,0.0,9.0,3.0,0.0,0.0,0.79283905,Yerushalmi
TgO_Genesis,10,11,0.0,0.0,0.0,0.6154,0.0,0.0,0.0,13.0,3.5714,0.0,0.0,0.9347784,Yerushalmi
TgO_Genesis,10,12,0.0,0.0,0.0,0.5556,0.0,0.0,0.0,9.0,3.4,0.0,0.0,0.810999,Yerushalmi
TgO_Genesis,10,13,0.0,0.0,0.0,0.7,0.0,0.0,0.0,10.0,2.8182,0.0,0.0,0.8220039,Yerushalmi
TgO_Genesis,10,14,0.0,0.0,0.0,0.7778,0.0,0.0,0.0,9.0,3.5,0.0,0.0,0.8446041,Yerushalmi
TgO_Genesis,10,15,0.0,0.0,0.0,0.5714,0.0,0.0,0.0,7.0,3.0,0.0,0.0,0.6430127,Yerushalmi
TgO_Genesis,10,16,0.0,0.0,0.0,0.6667,0.0,0.0,0.0,6.0,3.0,0.0,0.0,0.5912936,Yerushalmi
TgO_Genesis,10,17,0.0,0.0,0.0,0.6667,0.0,0.0,0.0,6.0,2.8571,0.0,0.0,0.56845844,Yerushalmi
TgO_Genesis,10,18,0.0,0.0,0.0,0.7273,0.0,0.0,0.0,11.0,2.9167,0.0,0.0,0.87819785,Yerushalmi
TgO_Genesis,10,19,0.0,0.0,0.0,0.4,0.0,0.0,0.0,15.0,3.3125,0.0,0.0,0.96525776,Yerushalmi
TgO_Genesis,10,20,0.0,0.0,0.0,0.7143,0.0,0.0,0.0,7.0,2.5,0.0,0.0,0.6118091,Yerushalmi
TgO_Genesis,10,21,0.0,0.0,0.0,0.8182,0.0,0.0,0.0,11.0,2.6667,0.0,0.0,0.89849174,Yerushalmi
TgO_Genesis,10,22,0.0,0.0,0.0,0.2857,0.0,0.0,0.0,7.0,2.375,0.0,0.0,0.6667248,Yerushalmi
TgO_Genesis,10,23,0.0,0.0,0.0,0.1667,0.0,0.0,0.0,6.0,2.2857,0.0,0.0,0.72295034,Yerushalmi
TgO_Genesis,10,24,0.0,0.0,0.0,0.375,0.0,0.0,0.0,8.0,2.7778,0.0,0.0,0.7311525,Yerushalmi
TgO_Genesis,10,25,0.0,0.0,0.0,0.7857,0.0,0.0,0.0,14.0,2.8,0.0,0.0,0.9583237,Yerushalmi
TgO_Genesis,10,26,0.0,0.0,0.0,0.3,0.0,0.0,0.0,10.0,3.9091,0.0,0.0,0.9206046,Yerushalmi
TgO_Genesis,10,27,0.0,0.0,0.0,0.1667,0.0,0.0,0.0,6.0,3.7143,0.0,0.0,0.8644154,Yerushalmi
TgO_Genesis,10,28,0.0,0.0,0.0,0.1667,0.0,0.0,0.0,6.0,4.0,0.0,0.0,0.868898,Yerushalmi
TgO_Genesis,10,29,0.0,0.0,0.0,0.4,0.0,0.0,0.0,10.0,3.8182,0.0,0.0,0.8988475,Yerushalmi
TgO_Genesis,10,30,0.0,0.0,0.0,1.0,0.0,0.0,0.0,7.0,2.625,0.0,0.0,0.89271754,Yerushalmi
TgO_Genesis,10,31,0.0,0.0,0.0,0.8571,0.0,0.0,0.0,7.0,2.5,0.0,0.0,0.7466897,Yerushalmi
TgO_Genesis,10,32,0.0,0.0,0.0,0.8462,0.0,0.0,0.0,13.0,2.8571,0.0,0.0,0.9535334,Yerushalmi
TgO_Genesis,11,1,0.0,0.0,0.0,0.7143,0.0,0.0,0.0,7.0,2.0,0.0,0.0,0.57539964,Yerushalmi
TgO_Genesis,11,2,0.0,0.0,0.0,0.5556,0.0,0.0,0.0,9.0,3.1,0.0,0.0,0.7813699,Yerushalmi
TgO_Genesis,11,3,0.0,0.0,0.0,0.6875,0.0,0.0,0.0,16.0,3.0588,0.0,0.0,0.967723,Yerushalmi
TgO_Genesis,11,4,0.0,0.0,0.0,0.7222,0.0,0.0,0.0,18.0,3.2105,0.0,0.0,0.97464764,Yerushalmi
TgO_Genesis,11,5,0.0,0.0,0.0,0.8182,0.0,0.0,0.0,11.0,3.5,0.0,0.0,0.9170262,Yerushalmi
TgO_Genesis,11,6,0.0,0.0,0.0,0.6667,0.0,0.0,0.0,18.0,2.2105,0.0,0.0,0.9870658,Yerushalmi
TgO_Genesis,11,7,0.0,0.0,0.0,0.9,0.0,0.0,0.0,10.0,2.6364,0.0,0.0,0.9066342,Yerushalmi
TgO_Genesis,11,8,0.0,0.0,0.0,0.8,0.0,0.0,0.0,10.0,2.5455,0.0,0.0,0.8493569,Yerushalmi
TgO_Genesis,11,9,0.0,0.0,0.0,0.7647,0.0,0.0,0.0,17.0,3.0,0.0,0.0,0.97736657,Yerushalmi
TgO_Genesis,11,10,0.0,0.0,0.0,0.7143,0.0,0.0,0.0,14.0,3.3333,0.0,0.0,0.9508482,Yerushalmi
TgO_Genesis,11,11,0.0,0.0,0.0,0.6667,0.0,0.0,0.0,12.0,2.8462,0.0,0.0,0.9004834,Yerushalmi
TgO_Genesis,11,12,0.0,0.0,0.0,0.625,0.0,0.0,0.0,8.0,2.7778,0.0,0.0,0.6782497,Yerushalmi
TgO_Genesis,11,13,0.0,0.0,0.0,0.6154,0.0,0.0,0.0,13.0,3.0,0.0,0.0,0.9291847,Yerushalmi
TgO_Genesis,11,14,0.0,0.0,0.0,0.7143,0.0,0.0,0.0,7.0,2.875,0.0,0.0,0.6583322,Yerushalmi
TgO_Genesis,11,15,0.0,0.0,0.0,0.6154,0.0,0.0,0.0,13.0,2.7143,0.0,0.0,0.9228613,Yerushalmi
TgO_Genesis,11,16,0.0,0.0,0.0,0.5,0.0,0.0,0.0,8.0,3.0,0.0,0.0,0.71837,Yerushalmi
TgO_Genesis,11,17,0.0,0.0,0.0,0.6154,0.0,0.0,0.0,13.0,2.7143,0.0,0.0,0.9228613,Yerushalmi
TgO_Genesis,11,18,0.0,0.0,0.0,0.5714,0.0,0.0,0.0,7.0,3.0,0.0,0.0,0.6430127,Yerushalmi
TgO_Genesis,11,19,0.0,0.0,0.0,0.5833,0.0,0.0,0.0,12.0,2.6923,0.0,0.0,0.8895039,Yerushalmi
TgO_Genesis,11,20,0.0,0.0,0.0,0.5,0.0,0.0,0.0,8.0,2.8889,0.0,0.0,0.7005652,Yerushalmi
TgO_Genesis,11,21,0.0,0.0,0.0,0.5833,0.0,0.0,0.0,12.0,2.6923,0.0,0.0,0.8895039,Yerushalmi
TgO_Genesis,11,22,0.0,0.0,0.0,0.5714,0.0,0.0,0.0,7.0,3.25,0.0,0.0,0.6824204,Yerushalmi
TgO_Genesis,11,23,0.0,0.0,0.0,0.6364,0.0,0.0,0.0,11.0,2.9167,0.0,0.0,0.8640002,Yerushalmi
TgO_Genesis,11,24,0.0,0.0,0.0,0.5,0.0,0.0,0.0,8.0,3.1111,0.0,0.0,0.7351309,Yerushalmi
TgO_Genesis,11,25,0.0,0.0,0.0,0.6667,0.0,0.0,0.0,12.0,3.0769,0.0,0.0,0.90836203,Yerushalmi
TgO_Genesis,11,26,0.0,0.0,0.0,0.3636,0.0,0.0,0.0,11.0,3.4167,0.0,0.0,0.9229137,Yerushalmi
TgO_Genesis,11,27,0.0,0.0,0.0,0.2667,0.0,0.0,0.0,15.0,3.4375,0.0,0.0,0.9739506,Yerushalmi
TgO_Genesis,11,28,0.0,0.0,0.0,0.6667,0.0,0.0,0.0,9.0,3.2,0.0,0.0,0.79502916,Yerushalmi
TgO_Genesis,11,29,0.0,0.0,0.0,0.2632,0.0,0.0,0.0,19.0,4.25,0.0,0.0,0.95902765,Yerushalmi
TgO_Genesis,11,30,0.0,0.0,0.0,0.6667,0.0,0.0,0.0,6.0,3.0,0.0,0.0,0.5912936,Yerushalmi
TgO_Genesis,11,31,0.0,0.0,0.0,0.4643,0.0,0.0,0.0,28.0,3.3103,0.0,0.0,0.91563576,Yerushalmi
TgO_Genesis,11,32,0.0,0.0,0.0,0.5556,0.0,0.0,0.0,9.0,2.9,0.0,0.0,0.7565377,Yerushalmi
TgO_Genesis,12,1,0.0,0.0,0.0,0.6,0.0,0.0,0.0,10.0,2.8182,0.0,0.0,0.8051442,Yerushalmi
TgO_Genesis,12,2,0.0,0.0,0.0,0.625,0.0,0.0,0.0,8.0,2.0,0.0,0.0,0.5996928,Yerushalmi
TgO_Genesis,12,3,0.0,0.0,0.0,0.7778,0.0,0.0,0.0,9.0,2.5,0.0,0.0,0.78491235,Yerushalmi
TgO_Genesis,12,4,0.0,0.0,0.0,0.625,0.0,0.0,0.0,16.0,2.8235,0.0,0.0,0.96784574,Yerushalmi
TgO_Genesis,12,5,0.0,0.0,0.0,0.5417,0.0,0.0,0.0,24.0,3.52,0.0,0.0,0.94537723,Yerushalmi
TgO_Genesis,12,6,0.0,0.0,0.0,0.5385,0.0,0.0,0.0,13.0,3.0,0.0,0.0,0.9308263,Yerushalmi
TgO_Genesis,12,7,0.0,0.0,0.0,0.6875,0.0,0.0,0.0,16.0,3.0,0.0,0.0,0.96834636,Yerushalmi
TgO_Genesis,12,8,0.0,0.0,0.0,0.5263,0.0,0.0,0.0,19.0,3.15,0.0,0.0,0.9725415,Yerushalmi
TgO_Genesis,12,9,0.0,0.0,0.0,0.6,0.0,0.0,0.0,5.0,2.8333,0.0,0.0,0.49175924,Bavli
TgO_Genesis,12,10,0.0,0.0,0.0,0.5833,0.0,0.0,0.0,12.0,3.2308,0.0,0.0,0.91232234,Yerushalmi
TgO_Genesis,12,11,0.0,0.0,0.0,0.75,0.0,0.0,0.0,16.0,3.5294,0.0,0.0,0.96483374,Yerushalmi
TgO_Genesis,12,12,0.0,0.0,0.0,0.6667,0.0,0.0,0.0,12.0,2.3846,0.0,0.0,0.8856563,Yerushalmi
TgO_Genesis,12,13,0.0,0.0,0.0,0.8182,0.0,0.0,0.0,11.0,2.8333,0.0,0.0,0.90289456,Yerushalmi
TgO_Genesis,12,14,0.0,0.0,0.0,0.7692,0.0,0.0,0.0,13.0,3.3571,0.0,0.0,0.94341093,Yerushalmi
TgO_Genesis,12,15,0.0,0.0,0.0,0.5,0.0,0.0,0.0,12.0,2.6154,0.0,0.0,0.88866305,Yerushalmi
TgO_Genesis,12,16,0.0,0.0,0.0,0.3333,0.0,0.0,0.0,12.0,2.2308,0.0,0.0,0.8937443,Yerushalmi
TgO_Genesis,12,17,0.0,0.0,0.0,0.7692,0.0,0.0,0.0,13.0,3.4286,0.0,0.0,0.9434315,Yerushalmi
TgO_Genesis,12,18,0.0,0.0,0.0,0.7333,0.0,0.0,0.0,15.0,2.9375,0.0,0.0,0.9638957,Yerushalmi
TgO_Genesis,12,19,0.0,0.0,0.0,0.7692,0.0,0.0,0.0,13.0,2.5714,0.0,0.0,0.93816614,Yerushalmi
TgO_Genesis,12,20,0.0,0.0,0.0,0.7273,0.0,0.0,0.0,11.0,2.75,0.0,0.0,0.87062985,Yerushalmi
TgO_Genesis,13,1,0.0,0.0,0.0,0.5,0.0,0.0,0.0,10.0,2.8182,0.0,0.0,0.81158257,Yerushalmi
TgO_Genesis,13,2,0.0,0.0,0.0,0.8333,0.0,0.0,0.0,6.0,2.4286,0.0,0.0,0.6538595,Yerushalmi
TgO_Genesis,13,3,0.0,0.0,0.0,0.6667,0.0,0.0,0.0,15.0,3.5625,0.0,0.0,0.95487976,Yerushalmi
TgO_Genesis,13,4,0.0,0.0,0.0,0.8,0.0,0.0,0.0,10.0,3.2727,0.0,0.0,0.88007176,Yerushalmi
TgO_Genesis,13,5,0.0,0.0,0.0,0.5556,0.0,0.0,0.0,9.0,2.8,0.0,0.0,0.7432492,Yerushalmi
TgO_Genesis,13,6,0.0,0.0,0.0,0.7857,0.0,0.0,0.0,14.0,2.8667,0.0,0.0,0.9582229,Yerushalmi
TgO_Genesis,13,7,0.0,0.0,0.0,0.5333,0.0,0.0,0.0,15.0,3.125,0.0,0.0,0.9587304,Yerushalmi
TgO_Genesis,13,8,0.0,0.0,0.0,0.6471,0.0,0.0,0.0,17.0,2.9444,0.0,0.0,0.97273844,Yerushalmi
TgO_Genesis,13,9,0.0,0.0,0.0,0.7222,0.0,0.0,0.0,18.0,3.0,0.0,0.0,0.97822416,Yerushalmi
TgO_Genesis,13,10,0.0,0.0,0.0,0.52,0.0,0.0,0.0,25.0,3.4615,0.0,0.0,0.93982506,Yerushalmi
TgO_Genesis,13,11,0.0,0.0,0.0,0.6429,0.0,0.0,0.0,14.0,3.2,0.0,0.0,0.9479816,Yerushalmi
TgO_Genesis,13,12,0.0,0.0,0.0,0.4545,0.0,0.0,0.0,11.0,4.1667,0.0,0.0,0.9044272,Yerushalmi
TgO_Genesis,13,13,0.0,0.0,0.0,0.6667,0.0,0.0,0.0,9.0,2.6,0.0,0.0,0.73470247,Yerushalmi
TgO_Genesis,13,14,0.0,0.0,0.0,0.6316,0.0,0.0,0.0,19.0,2.85,0.0,0.0,0.97952163,Yerushalmi
TgO_Genesis,13,15,0.0,0.0,0.0,0.9091,0.0,0.0,0.0,11.0,2.4167,0.0,0.0,0.93160504,Yerushalmi
TgO_Genesis,13,16,0.0,0.0,0.0,0.7368,0.0,0.0,0.0,19.0,2.6,0.0,0.0,0.98706406,Yerushalmi
TgO_Genesis,13,17,0.0,0.0,0.0,0.875,0.0,0.0,0.0,8.0,2.5556,0.0,0.0,0.81735134,Yerushalmi
TgO_Genesis,13,18,0.0,0.0,0.0,0.5,0.0,0.0,0.0,12.0,2.8462,0.0,0.0,0.9015715,Yerushalmi
TgO_Genesis,14,1,0.0,0.0,0.0,0.2857,0.0,0.0,0.0,14.0,4.8,0.0,0.0,0.9135587,Yerushalmi
TgO_Genesis,14,2,0.0,0.0,0.0,0.3,0.0,0.0,0.0,20.0,4.4762,0.0,0.0,0.94319063,Yerushalmi
TgO_Genesis,14,3,0.0,0.0,0.0,1.0,0.0,0.0,0.0,9.0,2.7,0.0,0.0,0.93647635,Yerushalmi
TgO_Genesis,14,4,0.0,0.0,0.0,0.75,0.0,0.0,0.0,8.0,4.0,0.0,0.0,0.8061845,Yerushalmi
TgO_Genesis,14,5,0.0,0.0,0.0,0.5,0.0,0.0,0.0,18.0,3.7368,0.0,0.0,0.96057796,Yerushalmi
TgO_Genesis,14,6,0.0,0.0,0.0,0.8,0.0,0.0,0.0,10.0,3.4545,0.0,0.0,0.88510436,Yerushalmi
TgO_Genesis,14,7,0.0,0.0,0.0,0.7059,0.0,0.0,0.0,17.0,2.7778,0.0,0.0,0.9772551,Yerushalmi
TgO_Genesis,14,8,0.0,0.0,0.0,0.3889,0.0,0.0,0.0,18.0,3.8421,0.0,0.0,0.96376646,Yerushalmi
TgO_Genesis,14,9,0.0,0.0,0.0,0.3529,0.0,0.0,0.0,17.0,4.1111,0.0,0.0,0.9586255,Yerushalmi
TgO_Genesis,14,10,0.0,0.0,0.0,0.6,0.0,0.0,0.0,15.0,2.8125,0.0,0.0,0.9584843,Yerushalmi
TgO_Genesis,14,11,0.0,0.0,0.0,0.5,0.0,0.0,0.0,10.0,2.5455,0.0,0.0,0.78007674,Yerushalmi
TgO_Genesis,14,12,0.0,0.0,0.0,0.5833,0.0,0.0,0.0,12.0,2.9231,0.0,0.0,0.90042615,Yerushalmi
TgO_Genesis,14,13,0.0,0.0,0.0,0.5,0.0,0.0,0.0,18.0,3.8947,0.0,0.0,0.9559843,Yerushalmi
TgO_Genesis,14,14,0.0,0.0,0.0,0.6875,0.0,0.0,0.0,16.0,2.6471,0.0,0.0,0.9720431,Yerushalmi
TgO_Genesis,14,15,0.0,0.0,0.0,0.5455,0.0,0.0,0.0,11.0,2.9167,0.0,0.0,0.8643873,Yerushalmi
TgO_Genesis,14,16,0.0,0.0,0.0,0.5333,0.0,0.0,0.0,15.0,2.3125,0.0,0.0,0.95893216,Yerushalmi
TgO_Genesis,14,17,0.0,0.0,0.0,0.7222,0.0,0.0,0.0,18.0,3.6842,0.0,0.0,0.96440345,Yerushalmi
TgO_Genesis,14,18,0.0,0.0,0.0,0.7273,0.0,0.0,0.0,11.0,2.9167,0.0,0.0,0.87819785,Yerushalmi
TgO_Genesis,14,19,0.0,0.0,0.0,0.6,0.0,0.0,0.0,10.0,2.8182,0.0,0.0,0.8051442,Yerushalmi
TgO_Genesis,14,20,0.0,0.0,0.0,0.8333,0.0,0.0,0.0,12.0,2.3077,0.0,0.0,0.92844176,Yerushalmi
TgO_Genesis,14,21,0.0,0.0,0.0,0.5,0.0,0.0,0.0,10.0,3.4545,0.0,0.0,0.86717945,Yerushalmi
TgO_Genesis,14,22,0.0,0.0,0.0,0.7857,0.0,0.0,0.0,14.0,3.0667,0.0,0.0,0.95796883,Yerushalmi
TgO_Genesis,14,23,0.0,0.0,0.0,0.6667,0.0,0.0,0.0,15.0,2.8125,0.0,0.0,0.9606037,Yerushalmi
TgO_Genesis,14,24,0.0,0.0,0.0,0.7692,0.0,0.0,0.0,13.0,3.2857,0.0,0.0,0.9432373,Yerushalmi
TgO_Genesis,15,1,0.0,0.0,0.0,0.6957,0.0,0.0,0.0,23.0,3.75,0.0,0.0,0.9502881,Yerushalmi
TgO_Genesis,15,2,0.0,0.0,0.0,0.7222,0.0,0.0,0.0,18.0,3.4211,0.0,0.0,0.9705852,Yerushalmi
TgO_Genesis,15,3,0.0,0.0,0.0,0.7273,0.0,0.0,0.0,11.0,2.75,0.0,0.0,0.87062985,Yerushalmi
TgO_Genesis,15,4,0.0,0.0,0.0,0.875,0.0,0.0,0.0,16.0,3.0,0.0,0.0,0.98129785,Yerushalmi
TgO_Genesis,15,5,0.0,0.0,0.0,0.7222,0.0,0.0,0.0,18.0,2.6842,0.0,0.0,0.9829826,Yerushalmi
TgO_Genesis,15,6,0.0,0.0,0.0,0.6667,0.0,0.0,0.0,6.0,2.2857,0.0,0.0,0.49042806,Bavli
TgO_Genesis,15,7,0.0,0.0,0.0,0.8462,0.0,0.0,0.0,13.0,2.7143,0.0,0.0,0.9530798,Yerushalmi
TgO_Genesis,15,8,0.0,0.0,0.0,1.0,0.0,0.0,0.0,7.0,2.625,0.0,0.0,0.89271754,Yerushalmi
TgO_Genesis,15,9,0.0,0.0,0.0,0.4167,0.0,0.0,0.0,12.0,2.4615,0.0,0.0,0.8899386,Yerushalmi
TgO_Genesis,15,10,0.0,0.0,0.0,0.6471,0.0,0.0,0.0,17.0,2.5,0.0,0.0,0.97850746,Yerushalmi
TgO_Genesis,15,11,0.0,0.0,0.0,0.7143,0.0,0.0,0.0,7.0,2.625,0.0,0.0,0.62642825,Yerushalmi
TgO_Genesis,15,12,0.0,0.0,0.0,0.6154,0.0,0.0,0.0,13.0,2.7143,0.0,0.0,0.9228613,Yerushalmi
TgO_Genesis,15,13,0.0,0.0,0.0,0.7222,0.0,0.0,0.0,18.0,2.7895,0.0,0.0,0.98146766,Yerushalmi
TgO_Genesis,15,14,0.0,0.0,0.0,0.8333,0.0,0.0,0.0,12.0,2.2308,0.0,0.0,0.9286315,Yerushalmi
TgO_Genesis,15,15,0.0,0.0,0.0,0.875,0.0,0.0,0.0,8.0,2.1111,0.0,0.0,0.80276513,Yerushalmi
TgO_Genesis,15,16,0.0,0.0,0.0,1.0,0.0,0.0,0.0,11.0,2.9167,0.0,0.0,0.96402234,Yerushalmi
TgO_Genesis,15,17,0.0,0.0,0.0,0.8,0.0,0.0,0.0,15.0,2.6875,0.0,0.0,0.97133744,Yerushalmi
TgO_Genesis,15,18,0.0,0.0,0.0,0.85,0.0,0.0,0.0,20.0,3.0476,0.0,0.0,0.98687804,Yerushalmi
TgO_Genesis,15,19,0.0,0.0,0.0,0.8333,0.0,0.0,0.0,6.0,3.0,0.0,0.0,0.70465755,Yerushalmi
TgO_Genesis,15,20,0.0,0.0,0.0,0.6667,0.0,0.0,0.0,6.0,2.7143,0.0,0.0,0.5460855,Yerushalmi
TgO_Genesis,15,21,0.0,0.0,0.0,0.625,0.0,0.0,0.0,8.0,3.1111,0.0,0.0,0.7235854,Yerushalmi
TgO_Genesis,16,1,0.0,0.0,0.0,0.5455,0.0,0.0,0.0,11.0,3.1667,0.0,0.0,0.8813401,Yerushalmi
TgO_Genesis,16,2,0.0,0.0,0.0,0.6316,0.0,0.0,0.0,19.0,3.45,0.0,0.0,0.96706414,Yerushalmi
TgO_Genesis,16,3,0.0,0.0,0.0,0.5714,0.0,0.0,0.0,21.0,3.7273,0.0,0.0,0.9538071,Yerushalmi
TgO_Genesis,16,4,0.0,0.0,0.0,0.6,0.0,0.0,0.0,10.0,2.6364,0.0,0.0,0.78728515,Yerushalmi
TgO_Genesis,16,5,0.0,0.0,0.0,0.6316,0.0,0.0,0.0,19.0,2.9,0.0,0.0,0.97863716,Yerushalmi
TgO_Genesis,16,6,0.0,0.0,0.0,0.5,0.0,0.0,0.0,14.0,3.4,0.0,0.0,0.9519176,Yerushalmi
TgO_Genesis,16,7,0.0,0.0,0.0,0.6364,0.0,0.0,0.0,11.0,3.0,0.0,0.0,0.8690789,Yerushalmi
TgO_Genesis,16,8,0.0,0.0,0.0,0.625,0.0,0.0,0.0,16.0,3.5882,0.0,0.0,0.9587602,Yerushalmi
TgO_Genesis,16,9,0.0,0.0,0.0,0.9,0.0,0.0,0.0,10.0,3.0,0.0,0.0,0.9147757,Yerushalmi
TgO_Genesis,16,10,0.0,0.0,0.0,0.6364,0.0,0.0,0.0,11.0,2.5,0.0,0.0,0.8379304,Yerushalmi
TgO_Genesis,16,11,0.0,0.0,0.0,0.6842,0.0,0.0,0.0,19.0,2.9,0.0,0.0,0.98037785,Yerushalmi
TgO_Genesis,16,12,0.0,0.0,0.0,0.5789,0.0,0.0,0.0,19.0,2.5,0.0,0.0,0.9838044,Yerushalmi
TgO_Genesis,16,13,0.0,0.0,0.0,0.8182,0.0,0.0,0.0,22.0,2.8696,0.0,0.0,0.9884017,Yerushalmi
TgO_Genesis,16,14,0.0,0.0,0.0,0.7857,0.0,0.0,0.0,14.0,3.2,0.0,0.0,0.9576888,Yerushalmi
TgO_Genesis,16,15,0.0,0.0,0.0,0.3636,0.0,0.0,0.0,11.0,3.9167,0.0,0.0,0.9273958,Yerushalmi
TgO_Genesis,16,16,0.0,0.0,0.0,0.6364,0.0,0.0,0.0,11.0,3.6667,0.0,0.0,0.8934825,Yerushalmi
TgO_Genesis,17,1,0.0,0.0,0.0,0.6111,0.0,0.0,0.0,18.0,3.0526,0.0,0.0,0.97353745,Yerushalmi
TgO_Genesis,17,2,0.0,0.0,0.0,0.6,0.0,0.0,0.0,10.0,2.6364,0.0,0.0,0.78728515,Yerushalmi
TgO_Genesis,17,3,0.0,0.0,0.0,0.75,0.0,0.0,0.0,8.0,2.6667,0.0,0.0,0.720481,Yerushalmi
TgO_Genesis,17,4,0.0,0.0,0.0,0.8889,0.0,0.0,0.0,9.0,2.3,0.0,0.0,0.86117077,Yerushalmi
TgO_Genesis,17,5,0.0,0.0,0.0,0.7143,0.0,0.0,0.0,14.0,2.9333,0.0,0.0,0.95100105,Yerushalmi
TgO_Genesis,17,6,0.0,0.0,0.0,0.7273,0.0,0.0,0.0,11.0,2.5833,0.0,0.0,0.8634533,Yerushalmi
TgO_Genesis,17,7,0.0,0.0,0.0,0.6471,0.0,0.0,0.0,17.0,2.5,0.0,0.0,0.97850746,Yerushalmi
TgO_Genesis,17,8,0.0,0.0,0.0,0.5625,0.0,0.0,0.0,16.0,3.1765,0.0,0.0,0.96440214,Yerushalmi
TgO_Genesis,17,9,0.0,0.0,0.0,0.7273,0.0,0.0,0.0,11.0,2.9167,0.0,0.0,0.87819785,Yerushalmi
TgO_Genesis,17,10,0.0,0.0,0.0,0.8462,0.0,0.0,0.0,13.0,2.8571,0.0,0.0,0.9535334,Yerushalmi
TgO_Genesis,17,11,0.0,0.0,0.0,0.8,0.0,0.0,0.0,10.0,2.4545,0.0,0.0,0.8460815,Yerushalmi
TgO_Genesis,17,12,0.0,0.0,0.0,0.7778,0.0,0.0,0.0,18.0,3.2105,0.0,0.0,0.9777768,Yerushalmi
TgO_Genesis,17,13,0.0,0.0,0.0,0.6154,0.0,0.0,0.0,13.0,2.5,0.0,0.0,0.9184851,Yerushalmi
TgO_Genesis,17,14,0.0,0.0,0.0,0.8571,0.0,0.0,0.0,14.0,2.6,0.0,0.0,0.96837133,Yerushalmi
TgO_Genesis,17,15,0.0,0.0,0.0,0.6154,0.0,0.0,0.0,13.0,3.6429,0.0,0.0,0.93433964,Yerushalmi
TgO_Genesis,17,16,0.0,0.0,0.0,0.6667,0.0,0.0,0.0,15.0,2.3125,0.0,0.0,0.9640494,Yerushalmi
TgO_Genesis,17,17,0.0,0.0,0.0,0.55,0.0,0.0,0.0,20.0,3.1905,0.0,0.0,0.9716938,Yerushalmi
TgO_Genesis,17,18,0.0,0.0,0.0,0.625,0.0,0.0,0.0,8.0,3.7778,0.0,0.0,0.78205246,Yerushalmi
TgO_Genesis,17,19,0.0,0.0,0.0,0.6,0.0,0.0,0.0,20.0,2.8571,0.0,0.0,0.9797289,Yerushalmi
TgO_Genesis,17,20,0.0,0.0,0.0,0.6,0.0,0.0,0.0,20.0,2.9048,0.0,0.0,0.97878015,Yerushalmi
TgO_Genesis,17,21,0.0,0.0,0.0,0.75,0.0,0.0,0.0,12.0,3.1538,0.0,0.0,0.9200816,Yerushalmi
TgO_Genesis,17,22,0.0,0.0,0.0,0.75,0.0,0.0,0.0,8.0,3.5556,0.0,0.0,0.79462117,Yerushalmi
TgO_Genesis,17,23,0.0,0.0,0.0,0.6452,0.0,0.0,0.0,31.0,3.1562,0.0,0.0,0.9180318,Yerushalmi
TgO_Genesis,17,24,0.0,0.0,0.0,0.9,0.0,0.0,0.0,10.0,2.5455,0.0,0.0,0.9048351,Yerushalmi
TgO_Genesis,17,25,0.0,0.0,0.0,0.9,0.0,0.0,0.0,10.0,2.7273,0.0,0.0,0.90861034,Yerushalmi
TgO_Genesis,17,26,0.0,0.0,0.0,0.8571,0.0,0.0,0.0,7.0,3.125,0.0,0.0,0.78852284,Yerushalmi
TgO_Genesis,17,27,0.0,0.0,0.0,0.75,0.0,0.0,0.0,12.0,3.1538,0.0,0.0,0.9200816,Yerushalmi
TgO_Genesis,18,1,0.0,0.0,0.0,0.6364,0.0,0.0,0.0,11.0,2.75,0.0,0.0,0.8533255,Yerushalmi
TgO_Genesis,18,2,0.0,0.0,0.0,0.6875,0.0,0.0,0.0,16.0,2.7647,0.0,0.0,0.97078806,Yerushalmi
TgO_Genesis,18,3,0.0,0.0,0.0,0.9167,0.0,0.0,0.0,12.0,2.6154,0.0,0.0,0.953167,Yerushalmi
TgO_Genesis,18,4,0.0,0.0,0.0,0.8889,0.0,0.0,0.0,9.0,2.9,0.0,0.0,0.87952256,Yerushalmi
TgO_Genesis,18,5,0.0,0.0,0.0,0.6316,0.0,0.0,0.0,19.0,2.5,0.0,0.0,0.98505574,Yerushalmi
TgO_Genesis,18,6,0.0,0.0,0.0,0.7143,0.0,0.0,0.0,14.0,3.4,0.0,0.0,0.9505194,Yerushalmi
TgO_Genesis,18,7,0.0,0.0,0.0,0.6154,0.0,0.0,0.0,13.0,3.5714,0.0,0.0,0.9347784,Yerushalmi
TgO_Genesis,18,8,0.0,0.0,0.0,0.6154,0.0,0.0,0.0,13.0,2.7143,0.0,0.0,0.9228613,Yerushalmi
TgO_Genesis,18,9,0.0,0.0,0.0,0.625,0.0,0.0,0.0,8.0,2.6667,0.0,0.0,0.66285485,Yerushalmi
TgO_Genesis,18,10,0.0,0.0,0.0,0.7059,0.0,0.0,0.0,17.0,3.0556,0.0,0.0,0.97344756,Yerushalmi
TgO_Genesis,18,11,0.0,0.0,0.0,0.8,0.0,0.0,0.0,10.0,2.8182,0.0,0.0,0.86120784,Yerushalmi
TgO_Genesis,18,12,0.0,0.0,0.0,0.7273,0.0,0.0,0.0,11.0,3.0,0.0,0.0,0.8818715,Yerushalmi
TgO_Genesis,18,13,0.0,0.0,0.0,0.7692,0.0,0.0,0.0,13.0,3.1429,0.0,0.0,0.9425089,Yerushalmi
TgO_Genesis,18,14,0.0,0.0,0.0,1.0,0.0,0.0,0.0,12.0,3.0,0.0,0.0,0.9729449,Yerushalmi
TgO_Genesis,18,15,0.0,0.0,0.0,0.6364,0.0,0.0,0.0,11.0,2.6667,0.0,0.0,0.8479792,Yerushalmi
TgO_Genesis,18,16,0.0,0.0,0.0,0.7,0.0,0.0,0.0,10.0,2.7273,0.0,0.0,0.81535673,Yerushalmi
TgO_Genesis,18,17,0.0,0.0,0.0,0.875,0.0,0.0,0.0,8.0,2.3333,0.0,0.0,0.8081155,Yerushalmi
TgO_Genesis,18,18,0.0,0.0,0.0,0.6364,0.0,0.0,0.0,11.0,2.3333,0.0,0.0,0.8296412,Yerushalmi
TgO_Genesis,18,19,0.0,0.0,0.0,0.7333,0.0,0.0,0.0,30.0,2.9355,0.0,0.0,0.96143377,Yerushalmi
TgO_Genesis,18,20,0.0,0.0,0.0,0.6364,0.0,0.0,0.0,11.0,2.9167,0.0,0.0,0.8640002,Yerushalmi
TgO_Genesis,18,21,0.0,0.0,0.0,0.7647,0.0,0.0,0.0,17.0,2.6111,0.0,0.0,0.9823466,Yerushalmi
TgO_Genesis,18,22,0.0,0.0,0.0,0.7692,0.0,0.0,0.0,13.0,2.6429,0.0,0.0,0.9385465,Yerushalmi
TgO_Genesis,18,23,0.0,0.0,0.0,0.75,0.0,0.0,0.0,8.0,2.8889,0.0,0.0,0.74229336,Yerushalmi
TgO_Genesis,18,24,0.0,0.0,0.0,0.8,0.0,0.0,0.0,15.0,3.25,0.0,0.0,0.9671699,Yerushalmi
TgO_Genesis,18,25,0.0,0.0,0.0,0.6957,0.0,0.0,0.0,23.0,2.7917,0.0,0.0,0.9838364,Yerushalmi
TgO_Genesis,18,26,0.0,0.0,0.0,0.9231,0.0,0.0,0.0,13.0,2.7143,0.0,0.0,0.96750855,Yerushalmi
TgO_Genesis,18,27,0.0,0.0,0.0,0.6667,0.0,0.0,0.0,12.0,2.7692,0.0,0.0,0.8976908,Yerushalmi
TgO_Genesis,18,28,0.0,0.0,0.0,0.8947,0.0,0.0,0.0,19.0,2.85,0.0,0.0,0.99064434,Yerushalmi
TgO_Genesis,18,29,0.0,0.0,0.0,0.8,0.0,0.0,0.0,15.0,3.25,0.0,0.0,0.9671699,Yerushalmi
TgO_Genesis,18,30,0.0,0.0,0.0,0.6667,0.0,0.0,0.0,21.0,3.0,0.0,0.0,0.9789549,Yerushalmi
TgO_Genesis,18,31,0.0,0.0,0.0,0.875,0.0,0.0,0.0,16.0,3.0,0.0,0.0,0.98129785,Yerushalmi
TgO_Genesis,18,32,0.0,0.0,0.0,0.7619,0.0,0.0,0.0,21.0,2.8182,0.0,0.0,0.9867279,Yerushalmi
TgO_Genesis,18,33,0.0,0.0,0.0,0.8182,0.0,0.0,0.0,11.0,2.9167,0.0,0.0,0.9051865,Yerushalmi
TgO_Genesis,19,1,0.0,0.0,0.0,0.5,0.0,0.0,0.0,18.0,3.1053,0.0,0.0,0.9723845,Yerushalmi
TgO_Genesis,19,2,0.0,0.0,0.0,0.6842,0.0,0.0,0.0,19.0,2.6,0.0,0.0,0.98520136,Yerushalmi
TgO_Genesis,19,3,0.0,0.0,0.0,0.5,0.0,0.0,0.0,14.0,2.8,0.0,0.0,0.9463993,Yerushalmi
TgO_Genesis,19,4,0.0,0.0,0.0,0.8,0.0,0.0,0.0,15.0,2.625,0.0,0.0,0.9718469,Yerushalmi
TgO_Genesis,19,5,0.0,0.0,0.0,0.6154,0.0,0.0,0.0,13.0,2.6429,0.0,0.0,0.9212985,Yerushalmi
TgO_Genesis,19,6,0.0,0.0,0.0,0.7143,0.0,0.0,0.0,7.0,2.5,0.0,0.0,0.6118091,Yerushalmi
TgO_Genesis,19,7,0.0,0.0,0.0,1.0,0.0,0.0,0.0,6.0,2.2857,0.0,0.0,0.85368323,Yerushalmi
TgO_Genesis,19,8,0.0,0.0,0.0,0.7778,0.0,0.0,0.0,27.0,2.9643,0.0,0.0,0.97704446,Yerushalmi
TgO_Genesis,19,9,0.0,0.0,0.0,0.7143,0.0,0.0,0.0,21.0,2.5455,0.0,0.0,0.9891959,Yerushalmi
TgO_Genesis,19,10,0.0,0.0,0.0,0.6667,0.0,0.0,0.0,12.0,2.2308,0.0,0.0,0.8829576,Yerushalmi
TgO_Genesis,19,11,0.0,0.0,0.0,0.75,0.0,0.0,0.0,12.0,2.2308,0.0,0.0,0.90327775,Yerushalmi
TgO_Genesis,19,12,0.0,0.0,0.0,0.6471,0.0,0.0,0.0,17.0,2.7222,0.0,0.0,0.9756448,Yerushalmi
TgO_Genesis,19,13,0.0,0.0,0.0,0.7857,0.0,0.0,0.0,14.0,2.9333,0.0,0.0,0.95814,Yerushalmi
TgO_Genesis,19,14,0.0,0.0,0.0,0.7727,0.0,0.0,0.0,22.0,2.5652,0.0,0.0,0.9910543,Yerushalmi
TgO_Genesis,19,15,0.0,0.0,0.0,0.8571,0.0,0.0,0.0,21.0,2.8636,0.0,0.0,0.9901464,Yerushalmi
TgO_Genesis,19,16,0.0,0.0,0.0,0.75,0.0,0.0,0.0,16.0,2.9412,0.0,0.0,0.972438,Yerushalmi
TgO_Genesis,19,17,0.0,0.0,0.0,0.9,0.0,0.0,0.0,20.0,2.8095,0.0,0.0,0.99205834,Yerushalmi
TgO_Genesis,19,18,0.0,0.0,0.0,0.6667,0.0,0.0,0.0,6.0,3.1429,0.0,0.0,0.61370337,Yerushalmi
TgO_Genesis,19,19,0.0,0.0,0.0,0.8696,0.0,0.0,0.0,23.0,2.875,0.0,0.0,0.9903412,Yerushalmi
TgO_Genesis,19,20,0.0,0.0,0.0,0.7647,0.0,0.0,0.0,17.0,2.9444,0.0,0.0,0.9781075,Yerushalmi
TgO_Genesis,19,21,0.0,0.0,0.0,0.9333,0.0,0.0,0.0,15.0,2.75,0.0,0.0,0.98353493,Yerushalmi
TgO_Genesis,19,22,0.0,0.0,0.0,0.875,0.0,0.0,0.0,16.0,3.1765,0.0,0.0,0.9797239,Yerushalmi
TgO_Genesis,19,23,0.0,0.0,0.0,0.8571,0.0,0.0,0.0,7.0,3.125,0.0,0.0,0.78852284,Yerushalmi
TgO_Genesis,19,24,0.0,0.0,0.0,0.6154,0.0,0.0,0.0,13.0,3.4286,0.0,0.0,0.9347963,Yerushalmi
TgO_Genesis,19,25,0.0,0.0,0.0,0.6154,0.0,0.0,0.0,13.0,2.5714,0.0,0.0,0.9198251,Yerushalmi
TgO_Genesis,19,26,0.0,0.0,0.0,0.8333,0.0,0.0,0.0,6.0,2.8571,0.0,0.0,0.6916717,Yerushalmi
TgO_Genesis,19,27,0.0,0.0,0.0,0.7778,0.0,0.0,0.0,9.0,2.9,0.0,0.0,0.81176597,Yerushalmi
TgO_Genesis,19,28,0.0,0.0,0.0,0.5556,0.0,0.0,0.0,18.0,2.9474,0.0,0.0,0.97444195,Yerushalmi
TgO_Genesis,19,29,0.0,0.0,0.0,0.5417,0.0,0.0,0.0,24.0,3.08,0.0,0.0,0.965873,Yerushalmi
TgO_Genesis,19,30,0.0,0.0,0.0,0.5294,0.0,0.0,0.0,17.0,2.3333,0.0,0.0,0.9776351,Yerushalmi
TgO_Genesis,19,31,0.0,0.0,0.0,0.9231,0.0,0.0,0.0,13.0,2.2857,0.0,0.0,0.96862644,Yerushalmi
TgO_Genesis,19,32,0.0,0.0,0.0,0.9,0.0,0.0,0.0,10.0,2.0909,0.0,0.0,0.90100825,Yerushalmi
TgO_Genesis,19,33,0.0,0.0,0.0,0.6667,0.0,0.0,0.0,15.0,2.125,0.0,0.0,0.9660777,Yerushalmi
TgO_Genesis,19,34,0.0,0.0,0.0,0.6818,0.0,0.0,0.0,22.0,2.2609,0.0,0.0,0.9921981,Yerushalmi
TgO_Genesis,19,35,0.0,0.0,0.0,0.7333,0.0,0.0,0.0,15.0,2.3125,0.0,0.0,0.96895397,Yerushalmi
TgO_Genesis,19,36,0.0,0.0,0.0,0.8,0.0,0.0,0.0,5.0,2.5,0.0,0.0,0.55580723,Yerushalmi
TgO_Genesis,19,37,0.0,0.0,0.0,0.8333,0.0,0.0,0.0,12.0,2.7692,0.0,0.0,0.9317518,Yerushalmi
TgO_Genesis,19,38,0.0,0.0,0.0,0.75,0.0,0.0,0.0,16.0,2.5294,0.0,0.0,0.9769655,Yerushalmi
TgO_Genesis,20,1,0.0,0.0,0.0,0.5,0.0,0.0,0.0,12.0,3.1538,0.0,0.0,0.9161147,Yerushalmi
TgO_Genesis,20,2,0.0,0.0,0.0,0.4667,0.0,0.0,0.0,15.0,4.5625,0.0,0.0,0.92041034,Yerushalmi
TgO_Genesis,20,3,0.0,0.0,0.0,0.7143,0.0,0.0,0.0,21.0,3.5455,0.0,0.0,0.96636057,Yerushalmi
TgO_Genesis,20,4,0.0,0.0,0.0,0.9,0.0,0.0,0.0,10.0,2.2727,0.0,0.0,0.90127015,Yerushalmi
TgO_Genesis,20,5,0.0,0.0,0.0,0.7222,0.0,0.0,0.0,18.0,2.4211,0.0,0.0,0.986445,Yerushalmi
TgO_Genesis,20,6,0.0,0.0,0.0,0.7826,0.0,0.0,0.0,23.0,2.5417,0.0,0.0,0.99158466,Yerushalmi
TgO_Genesis,20,7,0.0,0.0,0.0,0.6,0.0,0.0,0.0,20.0,2.7619,0.0,0.0,0.9815324,Yerushalmi
TgO_Genesis,20,8,0.0,0.0,0.0,0.6667,0.0,0.0,0.0,15.0,2.9375,0.0,0.0,0.9600436,Yerushalmi
TgO_Genesis,20,9,0.0,0.0,0.0,0.5833,0.0,0.0,0.0,24.0,3.32,0.0,0.0,0.95691514,Yerushalmi
TgO_Genesis,20,10,0.0,0.0,0.0,0.8,0.0,0.0,0.0,10.0,3.4545,0.0,0.0,0.88510436,Yerushalmi
TgO_Genesis,20,11,0.0,0.0,0.0,0.8462,0.0,0.0,0.0,13.0,3.4286,0.0,0.0,0.9547954,Yerushalmi
TgO_Genesis,20,12,0.0,0.0,0.0,0.6923,0.0,0.0,0.0,13.0,3.3571,0.0,0.0,0.93620604,Yerushalmi
TgO_Genesis,20,13,0.0,0.0,0.0,0.8462,0.0,0.0,0.0,26.0,2.5556,0.0,0.0,0.9920319,Yerushalmi
TgO_Genesis,20,14,0.0,0.0,0.0,0.3077,0.0,0.0,0.0,13.0,3.5714,0.0,0.0,0.96050644,Yerushalmi
TgO_Genesis,20,15,0.0,0.0,0.0,0.75,0.0,0.0,0.0,8.0,3.0,0.0,0.0,0.7530272,Yerushalmi
TgO_Genesis,20,16,0.0,0.0,0.0,0.7407,0.0,0.0,0.0,27.0,2.5357,0.0,0.0,0.9866097,Yerushalmi
TgO_Genesis,20,17,0.0,0.0,0.0,0.4167,0.0,0.0,0.0,12.0,3.0769,0.0,0.0,0.9237347,Yerushalmi
TgO_Genesis,20,18,0.0,0.0,0.0,0.7143,0.0,0.0,0.0,14.0,4.1333,0.0,0.0,0.9355698,Yerushalmi
TgO_Genesis,21,1,0.0,0.0,0.0,0.6364,0.0,0.0,0.0,11.0,3.6667,0.0,0.0,0.8934825,Yerushalmi
TgO_Genesis,21,2,0.0,0.0,0.0,0.7,0.0,0.0,0.0,10.0,3.1818,0.0,0.0,0.8467451,Yerushalmi
TgO_Genesis,21,3,0.0,0.0,0.0,0.4545,0.0,0.0,0.0,11.0,3.3333,0.0,0.0,0.90301514,Yerushalmi
TgO_Genesis,21,4,0.0,0.0,0.0,0.5714,0.0,0.0,0.0,14.0,3.0,0.0,0.0,0.9467515,Yerushalmi
TgO_Genesis,21,5,0.0,0.0,0.0,0.7,0.0,0.0,0.0,10.0,2.6364,0.0,0.0,0.8088603,Yerushalmi
TgO_Genesis,21,6,0.0,0.0,0.0,0.7,0.0,0.0,0.0,10.0,3.0,0.0,0.0,0.8350402,Yerushalmi
TgO_Genesis,21,7,0.0,0.0,0.0,0.6923,0.0,0.0,0.0,13.0,3.5,0.0,0.0,0.93637455,Yerushalmi
TgO_Genesis,21,8,0.0,0.0,0.0,0.6364,0.0,0.0,0.0,11.0,2.8333,0.0,0.0,0.8587063,Yerushalmi
TgO_Genesis,21,9,0.0,0.0,0.0,0.6667,0.0,0.0,0.0,9.0,3.3,0.0,0.0,0.8031602,Yerushalmi
TgO_Genesis,21,10,0.0,0.0,0.0,0.5556,0.0,0.0,0.0,18.0,2.7368,0.0,0.0,0.9774031,Yerushalmi
TgO_Genesis,21,11,0.0,0.0,0.0,0.8571,0.0,0.0,0.0,7.0,3.25,0.0,0.0,0.7953378,Yerushalmi
TgO_Genesis,21,12,0.0,0.0,0.0,0.7143,0.0,0.0,0.0,21.0,2.7727,0.0,0.0,0.9855757,Yerushalmi
TgO_Genesis,21,13,0.0,0.0,0.0,0.8889,0.0,0.0,0.0,9.0,2.2,0.0,0.0,0.85970926,Yerushalmi
TgO_Genesis,21,14,0.0,0.0,0.0,0.4737,0.0,0.0,0.0,19.0,3.15,0.0,0.0,0.9730553,Yerushalmi
TgO_Genesis,21,15,0.0,0.0,0.0,0.8182,0.0,0.0,0.0,11.0,2.5,0.0,0.0,0.89482194,Yerushalmi
TgO_Genesis,21,16,0.0,0.0,0.0,0.6316,0.0,0.0,0.0,19.0,2.4,0.0,0.0,0.98642427,Yerushalmi
TgO_Genesis,21,17,0.0,0.0,0.0,0.5862,0.0,0.0,0.0,29.0,2.8333,0.0,0.0,0.95539254,Yerushalmi
TgO_Genesis,21,18,0.0,0.0,0.0,0.9231,0.0,0.0,0.0,13.0,2.2857,0.0,0.0,0.96862644,Yerushalmi
TgO_Genesis,21,19,0.0,0.0,0.0,0.5333,0.0,0.0,0.0,15.0,2.4375,0.0,0.0,0.9584476,Yerushalmi
TgO_Genesis,21,20,0.0,0.0,0.0,0.6364,0.0,0.0,0.0,11.0,2.5,0.0,0.0,0.8379304,Yerushalmi
TgO_Genesis,21,21,0.0,0.0,0.0,0.5556,0.0,0.0,0.0,9.0,3.4,0.0,0.0,0.810999,Yerushalmi
TgO_Genesis,21,22,0.0,0.0,0.0,0.6,0.0,0.0,0.0,15.0,3.5,0.0,0.0,0.9551894,Yerushalmi
TgO_Genesis,21,23,0.0,0.0,0.0,0.65,0.0,0.0,0.0,20.0,2.4762,0.0,0.0,0.9874902,Yerushalmi
TgO_Genesis,21,24,0.0,0.0,0.0,0.75,0.0,0.0,0.0,4.0,3.2,0.0,0.0,0.54503703,Yerushalmi
TgO_Genesis,21,25,0.0,0.0,0.0,0.7,0.0,0.0,0.0,10.0,4.8182,0.0,0.0,0.8270629,Yerushalmi
TgO_Genesis,21,26,0.0,0.0,0.0,0.6667,0.0,0.0,0.0,21.0,3.0909,0.0,0.0,0.9767473,Yerushalmi
TgO_Genesis,21,27,0.0,0.0,0.0,0.4444,0.0,0.0,0.0,9.0,3.7,0.0,0.0,0.85296994,Yerushalmi
TgO_Genesis,21,28,0.0,0.0,0.0,0.8571,0.0,0.0,0.0,7.0,3.125,0.0,0.0,0.78852284,Yerushalmi
TgO_Genesis,21,29,0.0,0.0,0.0,0.8,0.0,0.0,0.0,10.0,4.0,0.0,0.0,0.8873317,Yerushalmi
TgO_Genesis,21,30,0.0,0.0,0.0,0.8235,0.0,0.0,0.0,17.0,2.7778,0.0,0.0,0.9836796,Yerushalmi
TgO_Genesis,21,31,0.0,0.0,0.0,0.8889,0.0,0.0,0.0,9.0,3.9,0.0,0.0,0.8932178,Yerushalmi
TgO_Genesis,21,32,0.0,0.0,0.0,0.5,0.0,0.0,0.0,10.0,4.2727,0.0,0.0,0.86753243,Yerushalmi
TgO_Genesis,21,33,0.0,0.0,0.0,0.7778,0.0,0.0,0.0,9.0,3.4,0.0,0.0,0.84079087,Yerushalmi
TgO_Genesis,21,34,0.0,0.0,0.0,0.8333,0.0,0.0,0.0,6.0,3.0,0.0,0.0,0.70465755,Yerushalmi
TgO_Genesis,22,1,0.0,0.0,0.0,0.5385,0.0,0.0,0.0,13.0,3.0714,0.0,0.0,0.9325599,Yerushalmi
TgO_Genesis,22,2,0.0,0.0,0.0,0.75,0.0,0.0,0.0,24.0,2.8,0.0,0.0,0.9852759,Yerushalmi
TgO_Genesis,22,3,0.0,0.0,0.0,0.5652,0.0,0.0,0.0,23.0,2.6667,0.0,0.0,0.98207986,Yerushalmi
TgO_Genesis,22,4,0.0,0.0,0.0,0.7,0.0,0.0,0.0,10.0,3.0,0.0,0.0,0.8350402,Yerushalmi
TgO_Genesis,22,5,0.0,0.0,0.0,0.6471,0.0,0.0,0.0,17.0,2.8889,0.0,0.0,0.97347313,Yerushalmi
TgO_Genesis,22,6,0.0,0.0,0.0,0.6111,0.0,0.0,0.0,18.0,2.6842,0.0,0.0,0.979185,Yerushalmi
TgO_Genesis,22,7,0.0,0.0,0.0,0.4375,0.0,0.0,0.0,16.0,2.5294,0.0,0.0,0.9694141,Yerushalmi
TgO_Genesis,22,8,0.0,0.0,0.0,0.6923,0.0,0.0,0.0,13.0,3.7857,0.0,0.0,0.9338108,Yerushalmi
TgO_Genesis,22,9,0.0,0.0,0.0,0.5,0.0,0.0,0.0,26.0,2.7407,0.0,0.0,0.97092766,Yerushalmi
TgO_Genesis,22,10,0.0,0.0,0.0,0.6,0.0,0.0,0.0,10.0,2.3636,0.0,0.0,0.76335317,Yerushalmi
TgO_Genesis,22,11,0.0,0.0,0.0,0.5455,0.0,0.0,0.0,11.0,2.9167,0.0,0.0,0.8643873,Yerushalmi
TgO_Genesis,22,12,0.0,0.0,0.0,0.7391,0.0,0.0,0.0,23.0,2.5417,0.0,0.0,0.99014413,Yerushalmi
TgO_Genesis,22,13,0.0,0.0,0.0,0.5,0.0,0.0,0.0,22.0,2.6522,0.0,0.0,0.9820095,Yerushalmi
TgO_Genesis,22,14,0.0,0.0,0.0,0.56,0.0,0.0,0.0,25.0,2.8846,0.0,0.0,0.970861,Yerushalmi
TgO_Genesis,22,15,0.0,0.0,0.0,0.8571,0.0,0.0,0.0,7.0,3.375,0.0,0.0,0.80107063,Yerushalmi
TgO_Genesis,22,16,0.0,0.0,0.0,0.8235,0.0,0.0,0.0,17.0,2.6111,0.0,0.0,0.9855225,Yerushalmi
TgO_Genesis,22,17,0.0,0.0,0.0,0.7059,0.0,0.0,0.0,17.0,2.6667,0.0,0.0,0.97872156,Yerushalmi
TgO_Genesis,22,18,0.0,0.0,0.0,1.0,0.0,0.0,0.0,9.0,2.6,0.0,0.0,0.9351234,Yerushalmi
TgO_Genesis,22,19,0.0,0.0,0.0,0.3333,0.0,0.0,0.0,12.0,4.6923,0.0,0.0,0.9006905,Yerushalmi
TgO_Genesis,22,20,0.0,0.0,0.0,0.7333,0.0,0.0,0.0,15.0,3.25,0.0,0.0,0.9616928,Yerushalmi
TgO_Genesis,22,21,0.0,0.0,0.0,0.5,0.0,0.0,0.0,10.0,3.1818,0.0,0.0,0.84843886,Yerushalmi
TgO_Genesis,22,22,0.0,0.0,0.0,0.1,0.0,0.0,0.0,10.0,3.6364,0.0,0.0,0.956188,Yerushalmi
TgO_Genesis,22,23,0.0,0.0,0.0,0.5455,0.0,0.0,0.0,11.0,3.8333,0.0,0.0,0.89949733,Yerushalmi
TgO_Genesis,22,24,0.0,0.0,0.0,0.2857,0.0,0.0,0.0,14.0,3.2667,0.0,0.0,0.9680239,Yerushalmi
TgO_Genesis,23,1,0.0,0.0,0.0,0.4,0.0,0.0,0.0,10.0,3.2727,0.0,0.0,0.87852186,Yerushalmi
TgO_Genesis,23,2,0.0,0.0,0.0,0.3333,0.0,0.0,0.0,12.0,4.6154,0.0,0.0,0.9084987,Yerushalmi
TgO_Genesis,23,3,0.0,0.0,0.0,0.7778,0.0,0.0,0.0,9.0,3.0,0.0,0.0,0.8185603,Yerushalmi
TgO_Genesis,23,4,0.0,0.0,0.0,0.75,0.0,0.0,0.0,12.0,3.0769,0.0,0.0,0.9185073,Yerushalmi
TgO_Genesis,23,5,0.0,0.0,0.0,0.7143,0.0,0.0,0.0,7.0,2.875,0.0,0.0,0.6583322,Yerushalmi
TgO_Genesis,23,6,0.0,0.0,0.0,0.6818,0.0,0.0,0.0,22.0,2.5217,0.0,0.0,0.98877573,Yerushalmi
TgO_Genesis,23,7,0.0,0.0,0.0,0.7143,0.0,0.0,0.0,7.0,2.5,0.0,0.0,0.6118091,Yerushalmi
TgO_Genesis,23,8,0.0,0.0,0.0,0.75,0.0,0.0,0.0,20.0,2.7619,0.0,0.0,0.98657143,Yerushalmi
TgO_Genesis,23,9,0.0,0.0,0.0,0.8,0.0,0.0,0.0,15.0,3.25,0.0,0.0,0.9671699,Yerushalmi
TgO_Genesis,23,10,0.0,0.0,0.0,0.6667,0.0,0.0,0.0,18.0,3.0526,0.0,0.0,0.97505844,Yerushalmi
TgO_Genesis,23,11,0.0,0.0,0.0,0.7222,0.0,0.0,0.0,18.0,2.6316,0.0,0.0,0.9837125,Yerushalmi
TgO_Genesis,23,12,0.0,0.0,0.0,0.8,0.0,0.0,0.0,5.0,2.5,0.0,0.0,0.55580723,Yerushalmi
TgO_Genesis,23,13,0.0,0.0,0.0,0.7692,0.0,0.0,0.0,26.0,2.8519,0.0,0.0,0.9821801,Yerushalmi
TgO_Genesis,23,14,0.0,0.0,0.0,0.5,0.0,0.0,0.0,6.0,3.4286,0.0,0.0,0.67010444,Yerushalmi
TgO_Genesis,23,15,0.0,0.0,0.0,0.9375,0.0,0.0,0.0,16.0,2.7059,0.0,0.0,0.9880919,Yerushalmi
TgO_Genesis,23,16,0.0,0.0,0.0,0.7143,0.0,0.0,0.0,21.0,3.5,0.0,0.0,0.96780694,Yerushalmi
TgO_Genesis,23,17,0.0,0.0,0.0,0.5333,0.0,0.0,0.0,15.0,3.375,0.0,0.0,0.9579652,Yerushalmi
TgO_Genesis,23,18,0.0,0.0,0.0,0.8889,0.0,0.0,0.0,9.0,3.2,0.0,0.0,0.8886643,Yerushalmi
TgO_Genesis,23,19,0.0,0.0,0.0,0.625,0.0,0.0,0.0,16.0,3.8824,0.0,0.0,0.95151174,Yerushalmi
TgO_Genesis,23,20,0.0,0.0,0.0,0.8,0.0,0.0,0.0,10.0,3.3636,0.0,0.0,0.88282704,Yerushalmi
TgO_Genesis,24,1,0.0,0.0,0.0,0.6667,0.0,0.0,0.0,9.0,2.7,0.0,0.0,0.74496305,Yerushalmi
TgO_Genesis,24,2,0.0,0.0,0.0,0.8462,0.0,0.0,0.0,13.0,3.1429,0.0,0.0,0.95460397,Yerushalmi
TgO_Genesis,24,3,0.0,0.0,0.0,0.9412,0.0,0.0,0.0,17.0,2.7222,0.0,0.0,0.99078614,Yerushalmi
TgO_Genesis,24,4,0.0,0.0,0.0,0.75,0.0,0.0,0.0,8.0,3.2222,0.0,0.0,0.7726594,Yerushalmi
TgO_Genesis,24,5,0.0,0.0,0.0,0.8889,0.0,0.0,0.0,18.0,2.7368,0.0,0.0,0.9901056,Yerushalmi
TgO_Genesis,24,6,0.0,0.0,0.0,0.7,0.0,0.0,0.0,10.0,3.0909,0.0,0.0,0.84112144,Yerushalmi
TgO_Genesis,24,7,0.0,0.0,0.0,0.72,0.0,0.0,0.0,25.0,2.6923,0.0,0.0,0.9849869,Yerushalmi
TgO_Genesis,24,8,0.0,0.0,0.0,0.875,0.0,0.0,0.0,16.0,2.4706,0.0,0.0,0.9858876,Yerushalmi
TgO_Genesis,24,9,0.0,0.0,0.0,0.7692,0.0,0.0,0.0,13.0,3.2143,0.0,0.0,0.9429296,Yerushalmi
TgO_Genesis,24,10,0.0,0.0,0.0,0.6111,0.0,0.0,0.0,18.0,3.1053,0.0,0.0,0.9726606,Yerushalmi
TgO_Genesis,24,11,0.0,0.0,0.0,0.8462,0.0,0.0,0.0,13.0,3.2143,0.0,0.0,0.95478284,Yerushalmi
TgO_Genesis,24,12,0.0,0.0,0.0,0.6667,0.0,0.0,0.0,15.0,3.3125,0.0,0.0,0.95783144,Yerushalmi
TgO_Genesis,24,13,0.0,0.0,0.0,0.9167,0.0,0.0,0.0,12.0,2.7692,0.0,0.0,0.9539356,Yerushalmi
TgO_Genesis,24,14,0.0,0.0,0.0,0.7083,0.0,0.0,0.0,24.0,3.0,0.0,0.0,0.97763425,Yerushalmi
TgO_Genesis,24,15,0.0,0.0,0.0,0.6,0.0,0.0,0.0,20.0,3.5714,0.0,0.0,0.9621369,Yerushalmi
TgO_Genesis,24,16,0.0,0.0,0.0,0.6667,0.0,0.0,0.0,15.0,2.8125,0.0,0.0,0.9606037,Yerushalmi
TgO_Genesis,24,17,0.0,0.0,0.0,0.8889,0.0,0.0,0.0,9.0,2.9,0.0,0.0,0.87952256,Yerushalmi
TgO_Genesis,24,18,0.0,0.0,0.0,0.6667,0.0,0.0,0.0,9.0,2.3,0.0,0.0,0.7088188,Yerushalmi
TgO_Genesis,24,19,0.0,0.0,0.0,0.8889,0.0,0.0,0.0,9.0,2.3,0.0,0.0,0.86117077,Yerushalmi
TgO_Genesis,24,20,0.0,0.0,0.0,0.7273,0.0,0.0,0.0,11.0,2.75,0.0,0.0,0.87062985,Yerushalmi
TgO_Genesis,24,21,0.0,0.0,0.0,1.0,0.0,0.0,0.0,11.0,2.4167,0.0,0.0,0.9615949,Yerushalmi
TgO_Genesis,24,22,0.0,0.0,0.0,0.7619,0.0,0.0,0.0,21.0,2.7727,0.0,0.0,0.9874743,Yerushalmi
TgO_Genesis,24,23,0.0,0.0,0.0,0.8462,0.0,0.0,0.0,13.0,3.0,0.0,0.0,0.95409787,Yerushalmi
TgO_Genesis,24,24,0.0,0.0,0.0,0.5556,0.0,0.0,0.0,9.0,3.9,0.0,0.0,0.83340037,Yerushalmi
TgO_Genesis,24,25,0.0,0.0,0.0,0.75,0.0,0.0,0.0,12.0,2.4615,0.0,0.0,0.90518856,Yerushalmi
TgO_Genesis,24,26,0.0,0.0,0.0,0.8,0.0,0.0,0.0,5.0,2.1667,0.0,0.0,0.5289073,Yerushalmi
TgO_Genesis,24,27,0.0,0.0,0.0,0.75,0.0,0.0,0.0,20.0,2.8571,0.0,0.0,0.9850372,Yerushalmi
TgO_Genesis,24,28,0.0,0.0,0.0,0.8571,0.0,0.0,0.0,7.0,2.375,0.0,0.0,0.7393304,Yerushalmi
TgO_Genesis,24,29,0.0,0.0,0.0,0.5455,0.0,0.0,0.0,11.0,2.8333,0.0,0.0,0.85794103,Yerushalmi
TgO_Genesis,24,30,0.0,0.0,0.0,0.7,0.0,0.0,0.0,30.0,2.7742,0.0,0.0,0.9661735,Yerushalmi
TgO_Genesis,24,31,0.0,0.0,0.0,0.8571,0.0,0.0,0.0,14.0,2.5333,0.0,0.0,0.968719,Yerushalmi
TgO_Genesis,24,32,0.0,0.0,0.0,0.5625,0.0,0.0,0.0,16.0,2.2941,0.0,0.0,0.97126853,Yerushalmi
TgO_Genesis,24,33,0.0,0.0,0.0,0.6364,0.0,0.0,0.0,11.0,2.4167,0.0,0.0,0.8335055,Yerushalmi
TgO_Genesis,24,34,0.0,0.0,0.0,0.75,0.0,0.0,0.0,4.0,2.8,0.0,0.0,0.48650652,Bavli
TgO_Genesis,24,35,0.0,0.0,0.0,0.375,0.0,0.0,0.0,16.0,2.2941,0.0,0.0,0.971977,Yerushalmi
TgO_Genesis,24,36,0.0,0.0,0.0,0.6154,0.0,0.0,0.0,13.0,3.2143,0.0,0.0,0.9328975,Yerushalmi
TgO_Genesis,24,37,0.0,0.0,0.0,1.0,0.0,0.0,0.0,13.0,2.7143,0.0,0.0,0.9794695,Yerushalmi
TgO_Genesis,24,38,0.0,0.0,0.0,0.8571,0.0,0.0,0.0,7.0,2.875,0.0,0.0,0.7724205,Yerushalmi
TgO_Genesis,24,39,0.0,0.0,0.0,1.0,0.0,0.0,0.0,7.0,2.875,0.0,0.0,0.8978971,Yerushalmi
TgO_Genesis,24,40,0.0,0.0,0.0,0.7333,0.0,0.0,0.0,15.0,2.8125,0.0,0.0,0.9647012,Yerushalmi
TgO_Genesis,24,41,0.0,0.0,0.0,0.7143,0.0,0.0,0.0,14.0,2.5333,0.0,0.0,0.95082396,Yerushalmi
TgO_Genesis,24,42,0.0,0.0,0.0,0.8421,0.0,0.0,0.0,19.0,3.2,0.0,0.0,0.9833956,Yerushalmi
TgO_Genesis,24,43,0.0,0.0,0.0,0.8235,0.0,0.0,0.0,17.0,2.8333,0.0,0.0,0.98304814,Yerushalmi
TgO_Genesis,24,44,0.0,0.0,0.0,0.8571,0.0,0.0,0.0,14.0,2.6667,0.0,0.0,0.9680709,Yerushalmi
TgO_Genesis,24,45,0.0,0.0,0.0,0.6842,0.0,0.0,0.0,19.0,2.75,0.0,0.0,0.9829031,Yerushalmi
TgO_Genesis,24,46,0.0,0.0,0.0,0.5,0.0,0.0,0.0,14.0,2.3333,0.0,0.0,0.9409752,Yerushalmi
TgO_Genesis,24,47,0.0,0.0,0.0,0.5238,0.0,0.0,0.0,21.0,2.9091,0.0,0.0,0.9773386,Yerushalmi
TgO_Genesis,24,48,0.0,0.0,0.0,0.6316,0.0,0.0,0.0,19.0,3.25,0.0,0.0,0.971722,Yerushalmi
TgO_Genesis,24,49,0.0,0.0,0.0,0.65,0.0,0.0,0.0,20.0,2.5714,0.0,0.0,0.98608994,Yerushalmi
TgO_Genesis,24,50,0.0,0.0,0.0,0.8125,0.0,0.0,0.0,16.0,3.0,0.0,0.0,0.97630185,Yerushalmi
TgO_Genesis,24,51,0.0,0.0,0.0,0.8333,0.0,0.0,0.0,12.0,3.0769,0.0,0.0,0.9358937,Yerushalmi
TgO_Genesis,24,52,0.0,0.0,0.0,0.8333,0.0,0.0,0.0,12.0,3.0,0.0,0.0,0.934886,Yerushalmi
TgO_Genesis,24,53,0.0,0.0,0.0,0.5385,0.0,0.0,0.0,13.0,2.6429,0.0,0.0,0.9207203,Yerushalmi
TgO_Genesis,24,54,0.0,0.0,0.0,0.5833,0.0,0.0,0.0,12.0,2.2308,0.0,0.0,0.8714415,Yerushalmi
TgO_Genesis,24,55,0.0,0.0,0.0,0.9286,0.0,0.0,0.0,14.0,2.6,0.0,0.0,0.9776493,Yerushalmi
TgO_Genesis,24,56,0.0,0.0,0.0,0.7143,0.0,0.0,0.0,14.0,2.8667,0.0,0.0,0.95089024,Yerushalmi
TgO_Genesis,24,57,0.0,0.0,0.0,0.8571,0.0,0.0,0.0,7.0,2.5,0.0,0.0,0.7466897,Yerushalmi
TgO_Genesis,24,58,0.0,0.0,0.0,0.6,0.0,0.0,0.0,10.0,2.7273,0.0,0.0,0.79618114,Yerushalmi
TgO_Genesis,24,59,0.0,0.0,0.0,0.5455,0.0,0.0,0.0,11.0,3.3333,0.0,0.0,0.8898978,Yerushalmi
TgO_Genesis,24,60,0.0,0.0,0.0,0.6,0.0,0.0,0.0,15.0,2.6875,0.0,0.0,0.9587436,Yerushalmi
TgO_Genesis,24,61,0.0,0.0,0.0,0.5,0.0,0.0,0.0,14.0,2.5333,0.0,0.0,0.942821,Yerushalmi
TgO_Genesis,24,62,0.0,0.0,0.0,0.8333,0.0,0.0,0.0,12.0,2.4615,0.0,0.0,0.9287864,Yerushalmi
TgO_Genesis,24,63,0.0,0.0,0.0,0.6923,0.0,0.0,0.0,13.0,2.7857,0.0,0.0,0.9294282,Yerushalmi
TgO_Genesis,24,64,0.0,0.0,0.0,0.5,0.0,0.0,0.0,10.0,2.4545,0.0,0.0,0.77007794,Yerushalmi
TgO_Genesis,24,65,0.0,0.0,0.0,0.8,0.0,0.0,0.0,15.0,2.8125,0.0,0.0,0.9703849,Yerushalmi
TgO_Genesis,24,66,0.0,0.0,0.0,0.7143,0.0,0.0,0.0,7.0,3.0,0.0,0.0,0.67443824,Yerushalmi
TgO_Genesis,24,67,0.0,0.0,0.0,0.4545,0.0,0.0,0.0,22.0,2.913,0.0,0.0,0.9758148,Yerushalmi
TgO_Genesis,25,1,0.0,0.0,0.0,0.3333,0.0,0.0,0.0,6.0,3.2857,0.0,0.0,0.73689663,Yerushalmi
TgO_Genesis,25,2,0.0,0.0,0.0,0.1429,0.0,0.0,0.0,14.0,3.4667,0.0,0.0,0.97867,Yerushalmi
TgO_Genesis,25,3,0.0,0.0,0.0,0.5833,0.0,0.0,0.0,12.0,3.0769,0.0,0.0,0.9069514,Yerushalmi
TgO_Genesis,25,4,0.0,0.0,0.0,0.3636,0.0,0.0,0.0,11.0,3.1667,0.0,0.0,0.9122453,Yerushalmi
TgO_Genesis,25,5,0.0,0.0,0.0,0.5,0.0,0.0,0.0,6.0,3.7143,0.0,0.0,0.7039962,Yerushalmi
TgO_Genesis,25,6,0.0,0.0,0.0,0.75,0.0,0.0,0.0,16.0,3.5882,0.0,0.0,0.9637792,Yerushalmi
TgO_Genesis,25,7,0.0,0.0,0.0,0.6,0.0,0.0,0.0,10.0,2.7273,0.0,0.0,0.79618114,Yerushalmi
TgO_Genesis,25,8,0.0,0.0,0.0,0.6,0.0,0.0,0.0,10.0,2.5455,0.0,0.0,0.77869135,Yerushalmi
TgO_Genesis,25,9,0.0,0.0,0.0,0.5,0.0,0.0,0.0,14.0,3.5333,0.0,0.0,0.9515085,Yerushalmi
TgO_Genesis,25,10,0.0,0.0,0.0,0.8182,0.0,0.0,0.0,11.0,3.0,0.0,0.0,0.90743756,Yerushalmi
TgO_Genesis,25,11,0.0,0.0,0.0,0.7059,0.0,0.0,0.0,17.0,2.7222,0.0,0.0,0.97799194,Yerushalmi
TgO_Genesis,25,12,0.0,0.0,0.0,0.5455,0.0,0.0,0.0,11.0,5.0,0.0,0.0,0.8205102,Yerushalmi
TgO_Genesis,25,13,0.0,0.0,0.0,0.5,0.0,0.0,0.0,12.0,3.3846,0.0,0.0,0.92320114,Yerushalmi
TgO_Genesis,25,14,0.0,0.0,0.0,0.5,0.0,0.0,0.0,3.0,1.5,0.0,0.0,0.3017109,Bavli
TgO_Genesis,25,15,0.0,0.0,0.0,0.2,0.0,0.0,0.0,5.0,3.3333,0.0,0.0,0.79835486,Yerushalmi
TgO_Genesis,25,16,0.0,0.0,0.0,0.8182,0.0,0.0,0.0,11.0,3.0833,0.0,0.0,0.909585,Yerushalmi
TgO_Genesis,25,17,0.0,0.0,0.0,0.4167,0.0,0.0,0.0,12.0,2.5385,0.0,0.0,0.89440894,Yerushalmi
TgO_Genesis,25,18,0.0,0.0,0.0,0.5714,0.0,0.0,0.0,14.0,3.8,0.0,0.0,0.9438629,Yerushalmi
TgO_Genesis,25,19,0.0,0.0,0.0,0.5556,0.0,0.0,0.0,9.0,3.7,0.0,0.0,0.82872343,Yerushalmi
TgO_Genesis,25,20,0.0,0.0,0.0,0.6316,0.0,0.0,0.0,19.0,3.85,0.0,0.0,0.95532864,Yerushalmi
TgO_Genesis,25,21,0.0,0.0,0.0,0.5294,0.0,0.0,0.0,17.0,3.2778,0.0,0.0,0.9675492,Yerushalmi
TgO_Genesis,25,22,0.0,0.0,0.0,0.8571,0.0,0.0,0.0,14.0,2.7333,0.0,0.0,0.9678134,Yerushalmi
TgO_Genesis,25,23,0.0,0.0,0.0,0.6875,0.0,0.0,0.0,16.0,2.5882,0.0,0.0,0.9726902,Yerushalmi
TgO_Genesis,25,24,0.0,0.0,0.0,0.8333,0.0,0.0,0.0,6.0,2.2857,0.0,0.0,0.64398795,Yerushalmi
TgO_Genesis,25,25,0.0,0.0,0.0,0.7778,0.0,0.0,0.0,9.0,2.8,0.0,0.0,0.8047859,Yerushalmi
TgO_Genesis,25,26,0.0,0.0,0.0,0.7222,0.0,0.0,0.0,18.0,2.7895,0.0,0.0,0.98146766,Yerushalmi
TgO_Genesis,25,27,0.0,0.0,0.0,0.6429,0.0,0.0,0.0,14.0,3.5333,0.0,0.0,0.9468329,Yerushalmi
TgO_Genesis,25,28,0.0,0.0,0.0,0.5833,0.0,0.0,0.0,12.0,3.0769,0.0,0.0,0.9069514,Yerushalmi
TgO_Genesis,25,29,0.0,0.0,0.0,0.5556,0.0,0.0,0.0,9.0,3.4,0.0,0.0,0.810999,Yerushalmi
TgO_Genesis,25,30,0.0,0.0,0.0,0.8125,0.0,0.0,0.0,16.0,3.7059,0.0,0.0,0.96685386,Yerushalmi
TgO_Genesis,25,31,0.0,0.0,0.0,0.7778,0.0,0.0,0.0,9.0,3.2,0.0,0.0,0.83091044,Yerushalmi
TgO_Genesis,25,32,0.0,0.0,0.0,0.7,0.0,0.0,0.0,10.0,2.9091,0.0,0.0,0.8286201,Yerushalmi
TgO_Genesis,25,33,0.0,0.0,0.0,0.5,0.0,0.0,0.0,12.0,3.3077,0.0,0.0,0.92126566,Yerushalmi
TgO_Genesis,25,34,0.0,0.0,0.0,0.4286,0.0,0.0,0.0,14.0,3.0667,0.0,0.0,0.95447695,Yerushalmi
TgO_Genesis,26,1,0.0,0.0,0.0,0.5625,0.0,0.0,0.0,16.0,4.0,0.0,0.0,0.9483371,Yerushalmi
TgO_Genesis,26,2,0.0,0.0,0.0,0.6364,0.0,0.0,0.0,11.0,3.1667,0.0,0.0,0.8782317,Yerushalmi
TgO_Genesis,26,3,0.0,0.0,0.0,0.6667,0.0,0.0,0.0,21.0,2.6364,0.0,0.0,0.98627555,Yerushalmi
TgO_Genesis,26,4,0.0,0.0,0.0,0.5882,0.0,0.0,0.0,17.0,2.3333,0.0,0.0,0.9788036,Yerushalmi
TgO_Genesis,26,5,0.0,0.0,0.0,0.7,0.0,0.0,0.0,10.0,3.1818,0.0,0.0,0.8467451,Yerushalmi
TgO_Genesis,26,6,0.0,0.0,0.0,0.5,0.0,0.0,0.0,3.0,2.5,0.0,0.0,0.3767586,Bavli
TgO_Genesis,26,7,0.0,0.0,0.0,0.6522,0.0,0.0,0.0,23.0,3.25,0.0,0.0,0.96783626,Yerushalmi
TgO_Genesis,26,8,0.0,0.0,0.0,0.6316,0.0,0.0,0.0,19.0,3.4,0.0,0.0,0.96828854,Yerushalmi
TgO_Genesis,26,9,0.0,0.0,0.0,0.55,0.0,0.0,0.0,20.0,3.2857,0.0,0.0,0.96940196,Yerushalmi
TgO_Genesis,26,10,0.0,0.0,0.0,0.8333,0.0,0.0,0.0,18.0,3.0526,0.0,0.0,0.98356587,Yerushalmi
TgO_Genesis,26,11,0.0,0.0,0.0,0.75,0.0,0.0,0.0,12.0,2.9231,0.0,0.0,0.91498816,Yerushalmi
TgO_Genesis,26,12,0.0,0.0,0.0,0.5385,0.0,0.0,0.0,13.0,2.9286,0.0,0.0,0.92894375,Yerushalmi
TgO_Genesis,26,13,0.0,0.0,0.0,0.875,0.0,0.0,0.0,8.0,2.4444,0.0,0.0,0.8123636,Yerushalmi
TgO_Genesis,26,14,0.0,0.0,0.0,0.6364,0.0,0.0,0.0,11.0,2.5833,0.0,0.0,0.8427974,Yerushalmi
TgO_Genesis,26,15,0.0,0.0,0.0,0.75,0.0,0.0,0.0,12.0,2.7692,0.0,0.0,0.91129965,Yerushalmi
TgO_Genesis,26,16,0.0,0.0,0.0,0.6667,0.0,0.0,0.0,9.0,3.7,0.0,0.0,0.8251374,Yerushalmi
TgO_Genesis,26,17,0.0,0.0,0.0,0.5,0.0,0.0,0.0,8.0,2.7778,0.0,0.0,0.6821468,Yerushalmi
TgO_Genesis,26,18,0.0,0.0,0.0,0.56,0.0,0.0,0.0,25.0,3.2692,0.0,0.0,0.95243037,Yerushalmi
TgO_Genesis,26,19,0.0,0.0,0.0,0.7778,0.0,0.0,0.0,9.0,2.8,0.0,0.0,0.8047859,Yerushalmi
TgO_Genesis,26,20,0.0,0.0,0.0,0.625,0.0,0.0,0.0,16.0,3.1176,0.0,0.0,0.9651881,Yerushalmi
TgO_Genesis,26,21,0.0,0.0,0.0,0.6667,0.0,0.0,0.0,9.0,2.8,0.0,0.0,0.7555142,Yerushalmi
TgO_Genesis,26,22,0.0,0.0,0.0,0.6316,0.0,0.0,0.0,19.0,2.8,0.0,0.0,0.98038244,Yerushalmi
TgO_Genesis,26,23,0.0,0.0,0.0,0.5,0.0,0.0,0.0,3.0,4.25,0.0,0.0,0.6388352,Yerushalmi
TgO_Genesis,26,24,0.0,0.0,0.0,0.6818,0.0,0.0,0.0,22.0,2.8696,0.0,0.0,0.98218215,Yerushalmi
TgO_Genesis,26,25,0.0,0.0,0.0,0.5714,0.0,0.0,0.0,14.0,2.8,0.0,0.0,0.94475687,Yerushalmi
TgO_Genesis,26,26,0.0,0.0,0.0,0.75,0.0,0.0,0.0,8.0,2.4444,0.0,0.0,0.7006843,Yerushalmi
TgO_Genesis,26,27,0.0,0.0,0.0,0.7273,0.0,0.0,0.0,11.0,3.3333,0.0,0.0,0.8939906,Yerushalmi
TgO_Genesis,26,28,0.0,0.0,0.0,0.7,0.0,0.0,0.0,20.0,2.6667,0.0,0.0,0.98618835,Yerushalmi
TgO_Genesis,26,29,0.0,0.0,0.0,0.8889,0.0,0.0,0.0,18.0,2.7895,0.0,0.0,0.9896085,Yerushalmi
TgO_Genesis,26,30,0.0,0.0,0.0,0.4,0.0,0.0,0.0,5.0,2.6667,0.0,0.0,0.5340431,Yerushalmi
TgO_Genesis,26,31,0.0,0.0,0.0,0.5,0.0,0.0,0.0,10.0,2.4545,0.0,0.0,0.77007794,Yerushalmi
TgO_Genesis,26,32,0.0,0.0,0.0,0.6,0.0,0.0,0.0,15.0,3.1875,0.0,0.0,0.95764387,Yerushalmi
TgO_Genesis,26,33,0.0,0.0,0.0,0.9,0.0,0.0,0.0,10.0,3.3636,0.0,0.0,0.9209301,Yerushalmi
TgO_Genesis,26,34,0.0,0.0,0.0,0.4706,0.0,0.0,0.0,17.0,4.0556,0.0,0.0,0.9520052,Yerushalmi
TgO_Genesis,26,35,0.0,0.0,0.0,0.5714,0.0,0.0,0.0,7.0,2.625,0.0,0.0,0.5797179,Yerushalmi
TgO_Genesis,27,1,0.0,0.0,0.0,0.5556,0.0,0.0,0.0,18.0,2.9474,0.0,0.0,0.97444195,Yerushalmi
TgO_Genesis,27,2,0.0,0.0,0.0,0.7692,0.0,0.0,0.0,13.0,2.5714,0.0,0.0,0.93816614,Yerushalmi
TgO_Genesis,27,3,0.0,0.0,0.0,0.6364,0.0,0.0,0.0,11.0,2.4167,0.0,0.0,0.8335055,Yerushalmi
TgO_Genesis,27,4,0.0,0.0,0.0,0.6923,0.0,0.0,0.0,13.0,3.1429,0.0,0.0,0.9344983,Yerushalmi
TgO_Genesis,27,5,0.0,0.0,0.0,0.6667,0.0,0.0,0.0,15.0,3.5,0.0,0.0,0.9557849,Yerushalmi
TgO_Genesis,27,6,0.0,0.0,0.0,0.7143,0.0,0.0,0.0,14.0,2.9333,0.0,0.0,0.95100105,Yerushalmi
TgO_Genesis,27,7,0.0,0.0,0.0,0.5833,0.0,0.0,0.0,12.0,2.6923,0.0,0.0,0.8895039,Yerushalmi
TgO_Genesis,27,8,0.0,0.0,0.0,0.8,0.0,0.0,0.0,10.0,2.4545,0.0,0.0,0.8460815,Yerushalmi
TgO_Genesis,27,9,0.0,0.0,0.0,0.8333,0.0,0.0,0.0,18.0,2.6316,0.0,0.0,0.9886262,Yerushalmi
TgO_Genesis,27,10,0.0,0.0,0.0,0.8571,0.0,0.0,0.0,7.0,2.375,0.0,0.0,0.7393304,Yerushalmi
TgO_Genesis,27,11,0.0,0.0,0.0,0.5833,0.0,0.0,0.0,12.0,3.4615,0.0,0.0,0.9175531,Yerushalmi
TgO_Genesis,27,12,0.0,0.0,0.0,0.8333,0.0,0.0,0.0,12.0,2.4615,0.0,0.0,0.9287864,Yerushalmi
TgO_Genesis,27,13,0.0,0.0,0.0,0.7895,0.0,0.0,0.0,19.0,2.6,0.0,0.0,0.98906106,Yerushalmi
TgO_Genesis,27,14,0.0,0.0,0.0,0.6,0.0,0.0,0.0,10.0,2.5455,0.0,0.0,0.77869135,Yerushalmi
TgO_Genesis,27,15,0.0,0.0,0.0,0.6,0.0,0.0,0.0,15.0,2.875,0.0,0.0,0.95838374,Yerushalmi
TgO_Genesis,27,16,0.0,0.0,0.0,0.9091,0.0,0.0,0.0,11.0,2.4167,0.0,0.0,0.93160504,Yerushalmi
TgO_Genesis,27,17,0.0,0.0,0.0,0.7778,0.0,0.0,0.0,9.0,3.0,0.0,0.0,0.8185603,Yerushalmi
TgO_Genesis,27,18,0.0,0.0,0.0,0.7273,0.0,0.0,0.0,11.0,2.0833,0.0,0.0,0.8521519,Yerushalmi
TgO_Genesis,27,19,0.0,0.0,0.0,0.8333,0.0,0.0,0.0,18.0,3.2105,0.0,0.0,0.98137087,Yerushalmi
TgO_Genesis,27,20,0.0,0.0,0.0,0.7857,0.0,0.0,0.0,14.0,2.6667,0.0,0.0,0.95862967,Yerushalmi
TgO_Genesis,27,21,0.0,0.0,0.0,0.6154,0.0,0.0,0.0,13.0,3.1429,0.0,0.0,0.93182784,Yerushalmi
TgO_Genesis,27,22,0.0,0.0,0.0,0.3333,0.0,0.0,0.0,15.0,3.25,0.0,0.0,0.9695641,Yerushalmi
TgO_Genesis,27,23,0.0,0.0,0.0,0.7,0.0,0.0,0.0,10.0,3.0,0.0,0.0,0.8350402,Yerushalmi
TgO_Genesis,27,24,0.0,0.0,0.0,0.7143,0.0,0.0,0.0,7.0,2.625,0.0,0.0,0.62642825,Yerushalmi
TgO_Genesis,27,25,0.0,0.0,0.0,0.5625,0.0,0.0,0.0,16.0,2.5294,0.0,0.0,0.96904385,Yerushalmi
TgO_Genesis,27,26,0.0,0.0,0.0,0.5556,0.0,0.0,0.0,9.0,2.7,0.0,0.0,0.7297878,Yerushalmi
TgO_Genesis,27,27,0.0,0.0,0.0,0.625,0.0,0.0,0.0,16.0,2.4706,0.0,0.0,0.97125226,Yerushalmi
TgO_Genesis,27,28,0.0,0.0,0.0,0.6,0.0,0.0,0.0,10.0,2.4545,0.0,0.0,0.770631,Yerushalmi
TgO_Genesis,27,29,0.0,0.0,0.0,0.6111,0.0,0.0,0.0,18.0,2.5263,0.0,0.0,0.98141086,Yerushalmi
TgO_Genesis,27,30,0.0,0.0,0.0,0.65,0.0,0.0,0.0,20.0,3.4286,0.0,0.0,0.9677824,Yerushalmi
TgO_Genesis,27,31,0.0,0.0,0.0,0.6875,0.0,0.0,0.0,16.0,2.4118,0.0,0.0,0.9747089,Yerushalmi
TgO_Genesis,27,32,0.0,0.0,0.0,0.6364,0.0,0.0,0.0,11.0,3.0833,0.0,0.0,0.87384886,Yerushalmi
TgO_Genesis,27,33,0.0,0.0,0.0,0.6818,0.0,0.0,0.0,22.0,2.8261,0.0,0.0,0.98314875,Yerushalmi
TgO_Genesis,27,34,0.0,0.0,0.0,0.7222,0.0,0.0,0.0,18.0,2.5789,0.0,0.0,0.98442537,Yerushalmi
TgO_Genesis,27,35,0.0,0.0,0.0,0.8333,0.0,0.0,0.0,6.0,2.1429,0.0,0.0,0.63668144,Yerushalmi
TgO_Genesis,27,36,0.0,0.0,0.0,0.7143,0.0,0.0,0.0,21.0,3.0455,0.0,0.0,0.98004484,Yerushalmi
TgO_Genesis,27,37,0.0,0.0,0.0,0.5652,0.0,0.0,0.0,23.0,3.0,0.0,0.0,0.9727128,Yerushalmi
TgO_Genesis,27,38,0.0,0.0,0.0,0.5625,0.0,0.0,0.0,16.0,2.5882,0.0,0.0,0.9685601,Yerushalmi
TgO_Genesis,27,39,0.0,0.0,0.0,0.6923,0.0,0.0,0.0,13.0,3.0714,0.0,0.0,0.9336276,Yerushalmi
TgO_Genesis,27,40,0.0,0.0,0.0,0.8235,0.0,0.0,0.0,17.0,2.5556,0.0,0.0,0.98611665,Yerushalmi
TgO_Genesis,27,41,0.0,0.0,0.0,0.6,0.0,0.0,0.0,20.0,3.0476,0.0,0.0,0.97575784,Yerushalmi
TgO_Genesis,27,42,0.0,0.0,0.0,0.5,0.0,0.0,0.0,20.0,3.1429,0.0,0.0,0.9727144,Yerushalmi
TgO_Genesis,27,43,0.0,0.0,0.0,0.6364,0.0,0.0,0.0,11.0,2.9167,0.0,0.0,0.8640002,Yerushalmi
TgO_Genesis,27,44,0.0,0.0,0.0,1.0,0.0,0.0,0.0,8.0,2.3333,0.0,0.0,0.9116889,Yerushalmi
TgO_Genesis,27,45,0.0,0.0,0.0,0.7368,0.0,0.0,0.0,19.0,2.45,0.0,0.0,0.9889697,Yerushalmi
TgO_Genesis,27,46,0.0,0.0,0.0,0.6818,0.0,0.0,0.0,22.0,3.4783,0.0,0.0,0.9642041,Yerushalmi
TgO_Genesis,28,1,0.0,0.0,0.0,0.4615,0.0,0.0,0.0,13.0,3.2857,0.0,0.0,0.9426963,Yerushalmi
TgO_Genesis,28,2,0.0,0.0,0.0,0.625,0.0,0.0,0.0,16.0,3.2941,0.0,0.0,0.9632836,Yerushalmi
TgO_Genesis,28,3,0.0,0.0,0.0,0.7778,0.0,0.0,0.0,9.0,2.5,0.0,0.0,0.78491235,Yerushalmi
TgO_Genesis,28,4,0.0,0.0,0.0,0.5625,0.0,0.0,0.0,16.0,3.5882,0.0,0.0,0.95923537,Yerushalmi
TgO_Genesis,28,5,0.0,0.0,0.0,0.4118,0.0,0.0,0.0,17.0,4.2778,0.0,0.0,0.9467145,Yerushalmi
TgO_Genesis,28,6,0.0,0.0,0.0,0.5,0.0,0.0,0.0,26.0,3.4074,0.0,0.0,0.93304265,Yerushalmi
TgO_Genesis,28,7,0.0,0.0,0.0,0.4,0.0,0.0,0.0,10.0,3.0,0.0,0.0,0.8553146,Yerushalmi
TgO_Genesis,28,8,0.0,0.0,0.0,0.6667,0.0,0.0,0.0,9.0,3.4,0.0,0.0,0.8103039,Yerushalmi
TgO_Genesis,28,9,0.0,0.0,0.0,0.5294,0.0,0.0,0.0,17.0,4.2222,0.0,0.0,0.94204414,Yerushalmi
TgO_Genesis,28,10,0.0,0.0,0.0,0.4,0.0,0.0,0.0,5.0,3.0,0.0,0.0,0.5998137,Yerushalmi
TgO_Genesis,28,11,0.0,0.0,0.0,0.6667,0.0,0.0,0.0,15.0,2.375,0.0,0.0,0.9634626,Yerushalmi
TgO_Genesis,28,12,0.0,0.0,0.0,0.625,0.0,0.0,0.0,16.0,2.8235,0.0,0.0,0.96784574,Yerushalmi
TgO_Genesis,28,13,0.0,0.0,0.0,0.65,0.0,0.0,0.0,20.0,3.1429,0.0,0.0,0.9750683,Yerushalmi
TgO_Genesis,28,14,0.0,0.0,0.0,0.5294,0.0,0.0,0.0,17.0,2.3889,0.0,0.0,0.97700816,Yerushalmi
TgO_Genesis,28,15,0.0,0.0,0.0,0.8333,0.0,0.0,0.0,18.0,2.4211,0.0,0.0,0.99074006,Yerushalmi
TgO_Genesis,28,16,0.0,0.0,0.0,0.8125,0.0,0.0,0.0,16.0,2.6471,0.0,0.0,0.97990257,Yerushalmi
TgO_Genesis,28,17,0.0,0.0,0.0,0.8,0.0,0.0,0.0,20.0,3.1429,0.0,0.0,0.98250616,Yerushalmi
TgO_Genesis,28,18,0.0,0.0,0.0,0.6667,0.0,0.0,0.0,15.0,2.5625,0.0,0.0,0.96198946,Yerushalmi
TgO_Genesis,28,19,0.0,0.0,0.0,0.6364,0.0,0.0,0.0,11.0,3.4167,0.0,0.0,0.8884224,Yerushalmi
TgO_Genesis,28,20,0.0,0.0,0.0,0.7,0.0,0.0,0.0,20.0,2.619,0.0,0.0,0.9869192,Yerushalmi
TgO_Genesis,28,21,0.0,0.0,0.0,0.6667,0.0,0.0,0.0,9.0,2.8,0.0,0.0,0.7555142,Yerushalmi
TgO_Genesis,28,22,0.0,0.0,0.0,0.75,0.0,0.0,0.0,20.0,2.619,0.0,0.0,0.9886477,Yerushalmi
TgO_Genesis,29,1,0.0,0.0,0.0,0.7143,0.0,0.0,0.0,7.0,2.5,0.0,0.0,0.6118091,Yerushalmi
TgO_Genesis,29,2,0.0,0.0,0.0,0.6818,0.0,0.0,0.0,22.0,2.4783,0.0,0.0,0.98942703,Yerushalmi
TgO_Genesis,29,3,0.0,0.0,0.0,0.6,0.0,0.0,0.0,20.0,2.381,0.0,0.0,0.9875781,Yerushalmi
TgO_Genesis,29,4,0.0,0.0,0.0,0.6667,0.0,0.0,0.0,9.0,3.4,0.0,0.0,0.8103039,Yerushalmi
TgO_Genesis,29,5,0.0,0.0,0.0,0.5556,0.0,0.0,0.0,9.0,3.0,0.0,0.0,0.76933444,Yerushalmi
TgO_Genesis,29,6,0.0,0.0,0.0,0.5,0.0,0.0,0.0,12.0,2.8462,0.0,0.0,0.9015715,Yerushalmi
TgO_Genesis,29,7,0.0,0.0,0.0,0.9286,0.0,0.0,0.0,14.0,2.5333,0.0,0.0,0.97795033,Yerushalmi
TgO_Genesis,29,8,0.0,0.0,0.0,0.8125,0.0,0.0,0.0,16.0,2.2941,0.0,0.0,0.98358315,Yerushalmi
TgO_Genesis,29,9,0.0,0.0,0.0,0.9167,0.0,0.0,0.0,12.0,2.3846,0.0,0.0,0.95280653,Yerushalmi
TgO_Genesis,29,10,0.0,0.0,0.0,0.4138,0.0,0.0,0.0,29.0,3.0,0.0,0.0,0.93047744,Yerushalmi
TgO_Genesis,29,11,0.0,0.0,0.0,0.4286,0.0,0.0,0.0,7.0,2.625,0.0,0.0,0.6154245,Yerushalmi
TgO_Genesis,29,12,0.0,0.0,0.0,0.4,0.0,0.0,0.0,15.0,2.8125,0.0,0.0,0.96314627,Yerushalmi
TgO_Genesis,29,13,0.0,0.0,0.0,0.4545,0.0,0.0,0.0,22.0,3.2609,0.0,0.0,0.9661846,Yerushalmi
TgO_Genesis,29,14,0.0,0.0,0.0,0.6364,0.0,0.0,0.0,11.0,2.75,0.0,0.0,0.8533255,Yerushalmi
TgO_Genesis,29,15,0.0,0.0,0.0,0.7273,0.0,0.0,0.0,11.0,3.1667,0.0,0.0,0.8885778,Yerushalmi
TgO_Genesis,29,16,0.0,0.0,0.0,0.6667,0.0,0.0,0.0,9.0,3.0,0.0,0.0,0.7763013,Yerushalmi
TgO_Genesis,29,17,0.0,0.0,0.0,0.5556,0.0,0.0,0.0,9.0,2.6,0.0,0.0,0.7165121,Yerushalmi
TgO_Genesis,29,18,0.0,0.0,0.0,0.7273,0.0,0.0,0.0,11.0,3.0,0.0,0.0,0.8818715,Yerushalmi
TgO_Genesis,29,19,0.0,0.0,0.0,0.75,0.0,0.0,0.0,12.0,2.6154,0.0,0.0,0.907887,Yerushalmi
TgO_Genesis,29,20,0.0,0.0,0.0,0.6667,0.0,0.0,0.0,12.0,2.8462,0.0,0.0,0.9004834,Yerushalmi
TgO_Genesis,29,21,0.0,0.0,0.0,0.75,0.0,0.0,0.0,12.0,3.3846,0.0,0.0,0.9236052,Yerushalmi
TgO_Genesis,29,22,0.0,0.0,0.0,0.75,0.0,0.0,0.0,8.0,2.5556,0.0,0.0,0.7101355,Yerushalmi
TgO_Genesis,29,23,0.0,0.0,0.0,0.4545,0.0,0.0,0.0,11.0,2.3333,0.0,0.0,0.82682997,Yerushalmi
TgO_Genesis,29,24,0.0,0.0,0.0,0.5556,0.0,0.0,0.0,9.0,3.5,0.0,0.0,0.81831115,Yerushalmi
TgO_Genesis,29,25,0.0,0.0,0.0,0.5556,0.0,0.0,0.0,18.0,2.6316,0.0,0.0,0.9788333,Yerushalmi
TgO_Genesis,29,26,0.0,0.0,0.0,0.9,0.0,0.0,0.0,10.0,2.5455,0.0,0.0,0.9048351,Yerushalmi
TgO_Genesis,29,27,0.0,0.0,0.0,0.8667,0.0,0.0,0.0,15.0,2.625,0.0,0.0,0.97821176,Yerushalmi
TgO_Genesis,29,28,0.0,0.0,0.0,0.5385,0.0,0.0,0.0,13.0,3.1429,0.0,0.0,0.9341135,Yerushalmi
TgO_Genesis,29,29,0.0,0.0,0.0,0.5,0.0,0.0,0.0,8.0,3.5556,0.0,0.0,0.78600264,Yerushalmi
TgO_Genesis,29,30,0.0,0.0,0.0,0.6667,0.0,0.0,0.0,15.0,2.6875,0.0,0.0,0.9612301,Yerushalmi
TgO_Genesis,29,31,0.0,0.0,0.0,0.6364,0.0,0.0,0.0,11.0,3.0,0.0,0.0,0.8690789,Yerushalmi
TgO_Genesis,29,32,0.0,0.0,0.0,0.6667,0.0,0.0,0.0,18.0,3.0,0.0,0.0,0.9759381,Yerushalmi
TgO_Genesis,29,33,0.0,0.0,0.0,0.619,0.0,0.0,0.0,21.0,2.6818,0.0,0.0,0.98404276,Yerushalmi
TgO_Genesis,29,34,0.0,0.0,0.0,0.5909,0.0,0.0,0.0,22.0,2.8696,0.0,0.0,0.97886455,Yerushalmi
TgO_Genesis,29,35,0.0,0.0,0.0,0.75,0.0,0.0,0.0,16.0,2.7647,0.0,0.0,0.9743466,Yerushalmi
TgO_Genesis,30,1,0.0,0.0,0.0,0.5556,0.0,0.0,0.0,18.0,3.3158,0.0,0.0,0.9685731,Yerushalmi
TgO_Genesis,30,2,0.0,0.0,0.0,0.8125,0.0,0.0,0.0,16.0,3.2353,0.0,0.0,0.9737852,Yerushalmi
TgO_Genesis,30,3,0.0,0.0,0.0,0.7692,0.0,0.0,0.0,13.0,2.5714,0.0,0.0,0.93816614,Yerushalmi
TgO_Genesis,30,4,0.0,0.0,0.0,0.5556,0.0,0.0,0.0,9.0,3.4,0.0,0.0,0.810999,Yerushalmi
TgO_Genesis,30,5,0.0,0.0,0.0,0.4,0.0,0.0,0.0,5.0,3.5,0.0,0.0,0.68326414,Yerushalmi
TgO_Genesis,30,6,0.0,0.0,0.0,0.6,0.0,0.0,0.0,15.0,3.0,0.0,0.0,0.9581778,Yerushalmi
TgO_Genesis,30,7,0.0,0.0,0.0,0.5556,0.0,0.0,0.0,9.0,3.9,0.0,0.0,0.83340037,Yerushalmi
TgO_Genesis,30,8,0.0,0.0,0.0,0.5714,0.0,0.0,0.0,21.0,2.9091,0.0,0.0,0.9781059,Yerushalmi
TgO_Genesis,30,9,0.0,0.0,0.0,0.5385,0.0,0.0,0.0,13.0,3.2143,0.0,0.0,0.93545383,Yerushalmi
TgO_Genesis,30,10,0.0,0.0,0.0,0.5,0.0,0.0,0.0,6.0,4.1429,0.0,0.0,0.7256752,Yerushalmi
TgO_Genesis,30,11,0.0,0.0,0.0,0.5,0.0,0.0,0.0,8.0,2.5556,0.0,0.0,0.64554,Yerushalmi
TgO_Genesis,30,12,0.0,0.0,0.0,0.5714,0.0,0.0,0.0,7.0,4.25,0.0,0.0,0.74885094,Yerushalmi
TgO_Genesis,30,13,0.0,0.0,0.0,0.6923,0.0,0.0,0.0,13.0,3.1429,0.0,0.0,0.9344983,Yerushalmi
TgO_Genesis,30,14,0.0,0.0,0.0,0.55,0.0,0.0,0.0,20.0,3.1429,0.0,0.0,0.97279257,Yerushalmi
TgO_Genesis,30,15,0.0,0.0,0.0,0.65,0.0,0.0,0.0,20.0,2.6667,0.0,0.0,0.9845666,Yerushalmi
TgO_Genesis,30,16,0.0,0.0,0.0,0.6,0.0,0.0,0.0,20.0,2.8095,0.0,0.0,0.98064554,Yerushalmi
TgO_Genesis,30,17,0.0,0.0,0.0,0.6,0.0,0.0,0.0,10.0,3.4545,0.0,0.0,0.8548252,Yerushalmi
TgO_Genesis,30,18,0.0,0.0,0.0,0.5833,0.0,0.0,0.0,12.0,3.3077,0.0,0.0,0.9144691,Yerushalmi
TgO_Genesis,30,19,0.0,0.0,0.0,0.5714,0.0,0.0,0.0,7.0,3.625,0.0,0.0,0.72703743,Yerushalmi
TgO_Genesis,30,20,0.0,0.0,0.0,0.7083,0.0,0.0,0.0,24.0,2.92,0.0,0.0,0.9799979,Yerushalmi
TgO_Genesis,30,21,0.0,0.0,0.0,0.75,0.0,0.0,0.0,8.0,2.5556,0.0,0.0,0.7101355,Yerushalmi
TgO_Genesis,30,22,0.0,0.0,0.0,0.5455,0.0,0.0,0.0,11.0,3.1667,0.0,0.0,0.8813401,Yerushalmi
TgO_Genesis,30,23,0.0,0.0,0.0,0.75,0.0,0.0,0.0,8.0,2.1111,0.0,0.0,0.681452,Yerushalmi
TgO_Genesis,30,24,0.0,0.0,0.0,0.8,0.0,0.0,0.0,10.0,2.8182,0.0,0.0,0.86120784,Yerushalmi
TgO_Genesis,30,25,0.0,0.0,0.0,0.4615,0.0,0.0,0.0,13.0,3.2857,0.0,0.0,0.9426963,Yerushalmi
TgO_Genesis,30,26,0.0,0.0,0.0,0.7333,0.0,0.0,0.0,15.0,2.5625,0.0,0.0,0.9665584,Yerushalmi
TgO_Genesis,30,27,0.0,0.0,0.0,0.8333,0.0,0.0,0.0,12.0,3.0,0.0,0.0,0.934886,Yerushalmi
TgO_Genesis,30,28,0.0,0.0,0.0,0.8,0.0,0.0,0.0,5.0,2.0,0.0,0.0,0.5218728,Yerushalmi
TgO_Genesis,30,29,0.0,0.0,0.0,0.8,0.0,0.0,0.0,10.0,2.5455,0.0,0.0,0.8493569,Yerushalmi
TgO_Genesis,30,30,0.0,0.0,0.0,0.8235,0.0,0.0,0.0,17.0,2.7222,0.0,0.0,0.9843034,Yerushalmi
TgO_Genesis,30,31,0.0,0.0,0.0,0.7,0.0,0.0,0.0,20.0,2.8095,0.0,0.0,0.98381287,Yerushalmi
TgO_Genesis,30,32,0.0,0.0,0.0,0.6,0.0,0.0,0.0,20.0,2.5714,0.0,0.0,0.98478657,Yerushalmi
TgO_Genesis,30,33,0.0,0.0,0.0,0.75,0.0,0.0,0.0,20.0,2.4762,0.0,0.0,0.9904582,Yerushalmi
TgO_Genesis,30,34,0.0,0.0,0.0,0.8333,0.0,0.0,0.0,6.0,2.5714,0.0,0.0,0.66558635,Yerushalmi
TgO_Genesis,30,35,0.0,0.0,0.0,0.5909,0.0,0.0,0.0,22.0,2.4348,0.0,0.0,0.987707,Yerushalmi
TgO_Genesis,30,36,0.0,0.0,0.0,0.6923,0.0,0.0,0.0,13.0,3.0714,0.0,0.0,0.9336276,Yerushalmi
TgO_Genesis,30,37,0.0,0.0,0.0,0.6875,0.0,0.0,0.0,16.0,3.1765,0.0,0.0,0.9664125,Yerushalmi
TgO_Genesis,30,38,0.0,0.0,0.0,0.7059,0.0,0.0,0.0,17.0,2.8889,0.0,0.0,0.97576267,Yerushalmi
TgO_Genesis,30,39,0.0,0.0,0.0,0.625,0.0,0.0,0.0,8.0,2.2222,0.0,0.0,0.61240464,Yerushalmi
TgO_Genesis,30,40,0.0,0.0,0.0,0.5238,0.0,0.0,0.0,21.0,3.0909,0.0,0.0,0.97299117,Yerushalmi
TgO_Genesis,30,41,0.0,0.0,0.0,0.5882,0.0,0.0,0.0,17.0,2.7778,0.0,0.0,0.9734468,Yerushalmi
TgO_Genesis,30,42,0.0,0.0,0.0,0.5556,0.0,0.0,0.0,9.0,3.4,0.0,0.0,0.810999,Yerushalmi
TgO_Genesis,30,43,0.0,0.0,0.0,0.4167,0.0,0.0,0.0,12.0,2.4615,0.0,0.0,0.8899386,Yerushalmi
TgO_Genesis,31,1,0.0,0.0,0.0,0.6667,0.0,0.0,0.0,18.0,2.8947,0.0,0.0,0.97764075,Yerushalmi
TgO_Genesis,31,2,0.0,0.0,0.0,0.6,0.0,0.0,0.0,10.0,2.9091,0.0,0.0,0.81395507,Yerushalmi
TgO_Genesis,31,3,0.0,0.0,0.0,0.7,0.0,0.0,0.0,10.0,2.9091,0.0,0.0,0.8286201,Yerushalmi
TgO_Genesis,31,4,0.0,0.0,0.0,0.5,0.0,0.0,0.0,8.0,3.1111,0.0,0.0,0.7351309,Yerushalmi
TgO_Genesis,31,5,0.0,0.0,0.0,0.7647,0.0,0.0,0.0,17.0,2.8333,0.0,0.0,0.9795554,Yerushalmi
TgO_Genesis,31,6,0.0,0.0,0.0,1.0,0.0,0.0,0.0,8.0,2.2222,0.0,0.0,0.9102431,Yerushalmi
TgO_Genesis,31,7,0.0,0.0,0.0,0.8462,0.0,0.0,0.0,13.0,2.3571,0.0,0.0,0.95336187,Yerushalmi
TgO_Genesis,31,8,0.0,0.0,0.0,0.4545,0.0,0.0,0.0,22.0,2.7826,0.0,0.0,0.97886777,Yerushalmi
TgO_Genesis,31,9,0.0,0.0,0.0,0.7143,0.0,0.0,0.0,7.0,2.375,0.0,0.0,0.5988852,Yerushalmi
TgO_Genesis,31,10,0.0,0.0,0.0,0.6875,0.0,0.0,0.0,16.0,2.4706,0.0,0.0,0.9740231,Yerushalmi
TgO_Genesis,31,11,0.0,0.0,0.0,0.625,0.0,0.0,0.0,8.0,2.7778,0.0,0.0,0.6782497,Yerushalmi
TgO_Genesis,31,12,0.0,0.0,0.0,0.7619,0.0,0.0,0.0,21.0,2.8182,0.0,0.0,0.9867279,Yerushalmi
TgO_Genesis,31,13,0.0,0.0,0.0,0.8261,0.0,0.0,0.0,23.0,2.9583,0.0,0.0,0.9868546,Yerushalmi
TgO_Genesis,31,14,0.0,0.0,0.0,0.4545,0.0,0.0,0.0,11.0,2.8333,0.0,0.0,0.869748,Yerushalmi
TgO_Genesis,31,15,0.0,0.0,0.0,0.9091,0.0,0.0,0.0,11.0,2.75,0.0,0.0,0.93486756,Yerushalmi
TgO_Genesis,31,16,0.0,0.0,0.0,0.8,0.0,0.0,0.0,15.0,2.5625,0.0,0.0,0.97238165,Yerushalmi
TgO_Genesis,31,17,0.0,0.0,0.0,0.6667,0.0,0.0,0.0,9.0,2.6,0.0,0.0,0.73470247,Yerushalmi
TgO_Genesis,31,18,0.0,0.0,0.0,0.5789,0.0,0.0,0.0,19.0,3.05,0.0,0.0,0.9747271,Yerushalmi
TgO_Genesis,31,19,0.0,0.0,0.0,0.7,0.0,0.0,0.0,10.0,2.5455,0.0,0.0,0.8027061,Yerushalmi
TgO_Genesis,31,20,0.0,0.0,0.0,0.75,0.0,0.0,0.0,12.0,3.4615,0.0,0.0,0.9242835,Yerushalmi
TgO_Genesis,31,21,0.0,0.0,0.0,0.4615,0.0,0.0,0.0,13.0,2.9286,0.0,0.0,0.93432814,Yerushalmi
TgO_Genesis,31,22,0.0,0.0,0.0,0.7143,0.0,0.0,0.0,7.0,3.75,0.0,0.0,0.7459905,Yerushalmi
TgO_Genesis,31,23,0.0,0.0,0.0,0.6923,0.0,0.0,0.0,13.0,2.7143,0.0,0.0,0.92837125,Yerushalmi
TgO_Genesis,31,24,0.0,0.0,0.0,0.7143,0.0,0.0,0.0,21.0,3.5455,0.0,0.0,0.96636057,Yerushalmi
TgO_Genesis,31,25,0.0,0.0,0.0,0.4667,0.0,0.0,0.0,15.0,3.0625,0.0,0.0,0.9610967,Yerushalmi
TgO_Genesis,31,26,0.0,0.0,0.0,0.6667,0.0,0.0,0.0,12.0,2.8462,0.0,0.0,0.9004834,Yerushalmi
TgO_Genesis,31,27,0.0,0.0,0.0,0.5714,0.0,0.0,0.0,14.0,2.2667,0.0,0.0,0.9413339,Yerushalmi
TgO_Genesis,31,28,0.0,0.0,0.0,1.0,0.0,0.0,0.0,8.0,2.4444,0.0,0.0,0.91344357,Yerushalmi
TgO_Genesis,31,29,0.0,0.0,0.0,0.6818,0.0,0.0,0.0,22.0,2.7826,0.0,0.0,0.9840732,Yerushalmi
TgO_Genesis,31,30,0.0,0.0,0.0,0.8182,0.0,0.0,0.0,11.0,2.9167,0.0,0.0,0.9051865,Yerushalmi
TgO_Genesis,31,31,0.0,0.0,0.0,0.6923,0.0,0.0,0.0,13.0,3.1429,0.0,0.0,0.9344983,Yerushalmi
TgO_Genesis,31,32,0.0,0.0,0.0,0.7143,0.0,0.0,0.0,21.0,3.0,0.0,0.0,0.98106,Yerushalmi
TgO_Genesis,31,33,0.0,0.0,0.0,0.3529,0.0,0.0,0.0,17.0,3.6111,0.0,0.0,0.970856,Yerushalmi
TgO_Genesis,31,34,0.0,0.0,0.0,0.625,0.0,0.0,0.0,16.0,2.5294,0.0,0.0,0.9706363,Yerushalmi
TgO_Genesis,31,35,0.0,0.0,0.0,0.8,0.0,0.0,0.0,20.0,2.9524,0.0,0.0,0.9857884,Yerushalmi
TgO_Genesis,31,36,0.0,0.0,0.0,0.5556,0.0,0.0,0.0,18.0,3.2105,0.0,0.0,0.9703941,Yerushalmi
TgO_Genesis,31,37,0.0,0.0,0.0,0.8889,0.0,0.0,0.0,18.0,2.4737,0.0,0.0,0.99236375,Yerushalmi
TgO_Genesis,31,38,0.0,0.0,0.0,0.8462,0.0,0.0,0.0,13.0,2.5,0.0,0.0,0.95293677,Yerushalmi
TgO_Genesis,31,39,0.0,0.0,0.0,0.7778,0.0,0.0,0.0,18.0,2.5789,0.0,0.0,0.98676515,Yerushalmi
TgO_Genesis,31,40,0.0,0.0,0.0,0.75,0.0,0.0,0.0,12.0,2.3077,0.0,0.0,0.9035847,Yerushalmi
TgO_Genesis,31,41,0.0,0.0,0.0,0.6667,0.0,0.0,0.0,18.0,2.8947,0.0,0.0,0.97764075,Yerushalmi
TgO_Genesis,31,42,0.0,0.0,0.0,0.6923,0.0,0.0,0.0,26.0,3.3704,0.0,0.0,0.9525682,Yerushalmi
TgO_Genesis,31,43,0.0,0.0,0.0,0.5833,0.0,0.0,0.0,24.0,3.0,0.0,0.0,0.9706443,Yerushalmi
TgO_Genesis,31,44,0.0,0.0,0.0,0.7,0.0,0.0,0.0,10.0,2.3636,0.0,0.0,0.7921738,Yerushalmi
TgO_Genesis,31,45,0.0,0.0,0.0,0.6,0.0,0.0,0.0,5.0,2.3333,0.0,0.0,0.41381857,Bavli
TgO_Genesis,31,46,0.0,0.0,0.0,0.5385,0.0,0.0,0.0,13.0,2.7857,0.0,0.0,0.924882,Yerushalmi
TgO_Genesis,31,47,0.0,0.0,0.0,0.5,0.0,0.0,0.0,8.0,3.4,0.0,0.0,0.7715757,Yerushalmi
TgO_Genesis,31,48,0.0,0.0,0.0,0.6154,0.0,0.0,0.0,13.0,3.6,0.0,0.0,0.9346385,Yerushalmi
TgO_Genesis,31,49,0.0,0.0,0.0,0.8462,0.0,0.0,0.0,13.0,2.6429,0.0,0.0,0.9529439,Yerushalmi
TgO_Genesis,31,50,0.0,0.0,0.0,0.8889,0.0,0.0,0.0,18.0,2.6316,0.0,0.0,0.9910542,Yerushalmi
TgO_Genesis,31,51,0.0,0.0,0.0,0.6364,0.0,0.0,0.0,11.0,2.9167,0.0,0.0,0.8640002,Yerushalmi
TgO_Genesis,31,52,0.0,0.0,0.0,0.56,0.0,0.0,0.0,25.0,2.7308,0.0,0.0,0.97651076,Yerushalmi
TgO_Genesis,31,53,0.0,0.0,0.0,0.4286,0.0,0.0,0.0,14.0,3.8,0.0,0.0,0.9538153,Yerushalmi
TgO_Genesis,31,54,0.0,0.0,0.0,0.5,0.0,0.0,0.0,12.0,2.6154,0.0,0.0,0.88866305,Yerushalmi
TgO_Genesis,32,1,0.0,0.0,0.0,0.4167,0.0,0.0,0.0,12.0,2.3846,0.0,0.0,0.8856688,Yerushalmi
TgO_Genesis,32,2,0.0,0.0,0.0,0.8571,0.0,0.0,0.0,7.0,2.5,0.0,0.0,0.7466897,Yerushalmi
TgO_Genesis,32,3,0.0,0.0,0.0,0.7143,0.0,0.0,0.0,14.0,3.3333,0.0,0.0,0.9508482,Yerushalmi
TgO_Genesis,32,4,0.0,0.0,0.0,0.6364,0.0,0.0,0.0,11.0,4.0833,0.0,0.0,0.8896188,Yerushalmi
TgO_Genesis,32,5,0.0,0.0,0.0,0.7059,0.0,0.0,0.0,17.0,3.2222,0.0,0.0,0.97096896,Yerushalmi
TgO_Genesis,32,6,0.0,0.0,0.0,0.6154,0.0,0.0,0.0,13.0,2.5,0.0,0.0,0.9184851,Yerushalmi
TgO_Genesis,32,7,0.0,0.0,0.0,0.5882,0.0,0.0,0.0,17.0,3.0556,0.0,0.0,0.9701149,Yerushalmi
TgO_Genesis,32,8,0.0,0.0,0.0,0.5,0.0,0.0,0.0,16.0,2.7059,0.0,0.0,0.96770096,Yerushalmi
TgO_Genesis,32,9,0.0,0.0,0.0,0.7273,0.0,0.0,0.0,11.0,3.0,0.0,0.0,0.8818715,Yerushalmi
TgO_Genesis,32,10,0.0,0.0,0.0,0.5,0.0,0.0,0.0,16.0,2.8235,0.0,0.0,0.9671947,Yerushalmi
TgO_Genesis,32,11,0.0,0.0,0.0,0.8947,0.0,0.0,0.0,19.0,2.9,0.0,0.0,0.9901325,Yerushalmi
TgO_Genesis,32,12,0.0,0.0,0.0,0.8125,0.0,0.0,0.0,16.0,2.8235,0.0,0.0,0.978097,Yerushalmi
TgO_Genesis,32,13,0.0,0.0,0.0,0.8571,0.0,0.0,0.0,14.0,2.2,0.0,0.0,0.9712269,Yerushalmi
TgO_Genesis,32,14,0.0,0.0,0.0,0.6667,0.0,0.0,0.0,12.0,2.9231,0.0,0.0,0.9032338,Yerushalmi
TgO_Genesis,32,15,0.0,0.0,0.0,0.625,0.0,0.0,0.0,8.0,3.2222,0.0,0.0,0.7371053,Yerushalmi
TgO_Genesis,32,16,0.0,0.0,0.0,0.75,0.0,0.0,0.0,12.0,3.1538,0.0,0.0,0.9200816,Yerushalmi
TgO_Genesis,32,17,0.0,0.0,0.0,0.5625,0.0,0.0,0.0,16.0,2.7059,0.0,0.0,0.96767133,Yerushalmi
TgO_Genesis,32,18,0.0,0.0,0.0,0.6667,0.0,0.0,0.0,18.0,2.6316,0.0,0.0,0.9816033,Yerushalmi
TgO_Genesis,32,19,0.0,0.0,0.0,0.7692,0.0,0.0,0.0,13.0,4.0714,0.0,0.0,0.93427396,Yerushalmi
TgO_Genesis,32,20,0.0,0.0,0.0,0.7273,0.0,0.0,0.0,22.0,2.6087,0.0,0.0,0.98890704,Yerushalmi
TgO_Genesis,32,21,0.0,0.0,0.0,0.8571,0.0,0.0,0.0,21.0,3.0,0.0,0.0,0.98825246,Yerushalmi
TgO_Genesis,32,22,0.0,0.0,0.0,0.7778,0.0,0.0,0.0,9.0,2.7,0.0,0.0,0.7978281,Yerushalmi
TgO_Genesis,32,23,0.0,0.0,0.0,0.6471,0.0,0.0,0.0,17.0,2.7778,0.0,0.0,0.9749242,Yerushalmi
TgO_Genesis,32,24,0.0,0.0,0.0,0.4286,0.0,0.0,0.0,7.0,2.5,0.0,0.0,0.5927014,Yerushalmi
TgO_Genesis,32,25,0.0,0.0,0.0,0.8889,0.0,0.0,0.0,9.0,2.8,0.0,0.0,0.8760315,Yerushalmi
TgO_Genesis,32,26,0.0,0.0,0.0,0.5714,0.0,0.0,0.0,14.0,2.6,0.0,0.0,0.9428404,Yerushalmi
TgO_Genesis,32,27,0.0,0.0,0.0,0.7273,0.0,0.0,0.0,11.0,2.9167,0.0,0.0,0.87819785,Yerushalmi
TgO_Genesis,32,28,0.0,0.0,0.0,0.5,0.0,0.0,0.0,6.0,2.8571,0.0,0.0,0.56936663,Yerushalmi
TgO_Genesis,32,29,0.0,0.0,0.0,0.7895,0.0,0.0,0.0,19.0,2.95,0.0,0.0,0.9842869,Yerushalmi
TgO_Genesis,32,30,0.0,0.0,0.0,0.6667,0.0,0.0,0.0,15.0,2.4375,0.0,0.0,0.9629237,Yerushalmi
TgO_Genesis,32,31,0.0,0.0,0.0,0.7692,0.0,0.0,0.0,13.0,3.2857,0.0,0.0,0.9432373,Yerushalmi
TgO_Genesis,32,32,0.0,0.0,0.0,0.7692,0.0,0.0,0.0,13.0,3.1429,0.0,0.0,0.9425089,Yerushalmi
TgO_Genesis,32,33,0.0,0.0,0.0,0.7143,0.0,0.0,0.0,21.0,3.0455,0.0,0.0,0.98004484,Yerushalmi
TgO_Genesis,33,1,0.0,0.0,0.0,0.5238,0.0,0.0,0.0,21.0,3.0455,0.0,0.0,0.9741265,Yerushalmi
TgO_Genesis,33,2,0.0,0.0,0.0,0.4,0.0,0.0,0.0,15.0,3.125,0.0,0.0,0.9649089,Yerushalmi
TgO_Genesis,33,3,0.0,0.0,0.0,0.9167,0.0,0.0,0.0,12.0,2.3846,0.0,0.0,0.95280653,Yerushalmi
TgO_Genesis,33,4,0.0,0.0,0.0,0.4,0.0,0.0,0.0,10.0,3.0909,0.0,0.0,0.8639605,Yerushalmi
TgO_Genesis,33,5,0.0,0.0,0.0,0.5263,0.0,0.0,0.0,19.0,2.4,0.0,0.0,0.9842871,Yerushalmi
TgO_Genesis,33,6,0.0,0.0,0.0,0.6,0.0,0.0,0.0,5.0,2.3333,0.0,0.0,0.41381857,Bavli
TgO_Genesis,33,7,0.0,0.0,0.0,0.3636,0.0,0.0,0.0,11.0,2.5,0.0,0.0,0.86110896,Yerushalmi
TgO_Genesis,33,8,0.0,0.0,0.0,0.8462,0.0,0.0,0.0,13.0,2.7143,0.0,0.0,0.9530798,Yerushalmi
TgO_Genesis,33,9,0.0,0.0,0.0,0.75,0.0,0.0,0.0,8.0,2.8889,0.0,0.0,0.74229336,Yerushalmi
TgO_Genesis,33,10,0.0,0.0,0.0,0.6957,0.0,0.0,0.0,23.0,3.0417,0.0,0.0,0.9773772,Yerushalmi
TgO_Genesis,33,11,0.0,0.0,0.0,0.7778,0.0,0.0,0.0,18.0,2.6316,0.0,0.0,0.98611814,Yerushalmi
TgO_Genesis,33,12,0.0,0.0,0.0,0.6,0.0,0.0,0.0,5.0,2.3333,0.0,0.0,0.41381857,Bavli
TgO_Genesis,33,13,0.0,0.0,0.0,0.7222,0.0,0.0,0.0,18.0,2.5263,0.0,0.0,0.9851181,Yerushalmi
TgO_Genesis,33,14,0.0,0.0,0.0,0.7778,0.0,0.0,0.0,18.0,3.2632,0.0,0.0,0.97688675,Yerushalmi
TgO_Genesis,33,15,0.0,0.0,0.0,0.7333,0.0,0.0,0.0,15.0,2.75,0.0,0.0,0.96512526,Yerushalmi
TgO_Genesis,33,16,0.0,0.0,0.0,0.6667,0.0,0.0,0.0,6.0,3.8571,0.0,0.0,0.6954731,Yerushalmi
TgO_Genesis,33,17,0.0,0.0,0.0,0.6,0.0,0.0,0.0,15.0,3.375,0.0,0.0,0.9564892,Yerushalmi
TgO_Genesis,33,18,0.0,0.0,0.0,0.5714,0.0,0.0,0.0,14.0,3.6667,0.0,0.0,0.9462884,Yerushalmi
TgO_Genesis,33,19,0.0,0.0,0.0,0.8571,0.0,0.0,0.0,14.0,3.1333,0.0,0.0,0.966702,Yerushalmi
TgO_Genesis,33,20,0.0,0.0,0.0,0.7778,0.0,0.0,0.0,9.0,2.9,0.0,0.0,0.81176597,Yerushalmi
TgO_Genesis,34,1,0.0,0.0,0.0,0.5556,0.0,0.0,0.0,9.0,3.7,0.0,0.0,0.82872343,Yerushalmi
TgO_Genesis,34,2,0.0,0.0,0.0,0.4615,0.0,0.0,0.0,13.0,2.5714,0.0,0.0,0.92267877,Yerushalmi
TgO_Genesis,34,3,0.0,0.0,0.0,0.7692,0.0,0.0,0.0,13.0,3.0,0.0,0.0,0.94142205,Yerushalmi
TgO_Genesis,34,4,0.0,0.0,0.0,0.7273,0.0,0.0,0.0,11.0,3.25,0.0,0.0,0.89147127,Yerushalmi
TgO_Genesis,34,5,0.0,0.0,0.0,0.75,0.0,0.0,0.0,16.0,2.6471,0.0,0.0,0.97564054,Yerushalmi
TgO_Genesis,34,6,0.0,0.0,0.0,0.625,0.0,0.0,0.0,8.0,3.1111,0.0,0.0,0.7235854,Yerushalmi
TgO_Genesis,34,7,0.0,0.0,0.0,0.75,0.0,0.0,0.0,24.0,2.8,0.0,0.0,0.9852759,Yerushalmi
TgO_Genesis,34,8,0.0,0.0,0.0,0.7857,0.0,0.0,0.0,14.0,2.9333,0.0,0.0,0.95814,Yerushalmi
TgO_Genesis,34,9,0.0,0.0,0.0,0.5556,0.0,0.0,0.0,9.0,3.0,0.0,0.0,0.76933444,Yerushalmi
TgO_Genesis,34,10,0.0,0.0,0.0,0.5455,0.0,0.0,0.0,11.0,2.4167,0.0,0.0,0.8255691,Yerushalmi
TgO_Genesis,34,11,0.0,0.0,0.0,0.6,0.0,0.0,0.0,10.0,2.6364,0.0,0.0,0.78728515,Yerushalmi
TgO_Genesis,34,12,0.0,0.0,0.0,0.7143,0.0,0.0,0.0,14.0,2.9333,0.0,0.0,0.95100105,Yerushalmi
TgO_Genesis,34,13,0.0,0.0,0.0,0.5,0.0,0.0,0.0,14.0,3.0667,0.0,0.0,0.94990396,Yerushalmi
TgO_Genesis,34,14,0.0,0.0,0.0,0.8235,0.0,0.0,0.0,17.0,3.2778,0.0,0.0,0.97755545,Yerushalmi
TgO_Genesis,34,15,0.0,0.0,0.0,0.8182,0.0,0.0,0.0,11.0,3.0833,0.0,0.0,0.909585,Yerushalmi
TgO_Genesis,34,16,0.0,0.0,0.0,0.4615,0.0,0.0,0.0,13.0,2.5714,0.0,0.0,0.92267877,Yerushalmi
TgO_Genesis,34,17,0.0,0.0,0.0,0.7778,0.0,0.0,0.0,9.0,2.1,0.0,0.0,0.7694729,Yerushalmi
TgO_Genesis,34,18,0.0,0.0,0.0,0.5,0.0,0.0,0.0,8.0,3.3333,0.0,0.0,0.76421714,Yerushalmi
TgO_Genesis,34,19,0.0,0.0,0.0,0.8667,0.0,0.0,0.0,15.0,2.9375,0.0,0.0,0.9760514,Yerushalmi
TgO_Genesis,34,20,0.0,0.0,0.0,0.6364,0.0,0.0,0.0,11.0,2.75,0.0,0.0,0.8533255,Yerushalmi
TgO_Genesis,34,21,0.0,0.0,0.0,0.6538,0.0,0.0,0.0,26.0,2.963,0.0,0.0,0.9695866,Yerushalmi
TgO_Genesis,34,22,0.0,0.0,0.0,0.7647,0.0,0.0,0.0,17.0,3.0,0.0,0.0,0.97736657,Yerushalmi
TgO_Genesis,34,23,0.0,0.0,0.0,0.75,0.0,0.0,0.0,12.0,2.9231,0.0,0.0,0.91498816,Yerushalmi
TgO_Genesis,34,24,0.0,0.0,0.0,0.4706,0.0,0.0,0.0,17.0,2.8333,0.0,0.0,0.9728041,Yerushalmi
TgO_Genesis,34,25,0.0,0.0,0.0,0.68,0.0,0.0,0.0,25.0,3.1538,0.0,0.0,0.9671003,Yerushalmi
TgO_Genesis,34,26,0.0,0.0,0.0,0.5,0.0,0.0,0.0,14.0,3.3333,0.0,0.0,0.95183,Yerushalmi
TgO_Genesis,34,27,0.0,0.0,0.0,0.9,0.0,0.0,0.0,10.0,2.7273,0.0,0.0,0.90861034,Yerushalmi
TgO_Genesis,34,28,0.0,0.0,0.0,0.7273,0.0,0.0,0.0,11.0,2.3333,0.0,0.0,0.8552606,Yerushalmi
TgO_Genesis,34,29,0.0,0.0,0.0,0.5385,0.0,0.0,0.0,13.0,2.3571,0.0,0.0,0.9135446,Yerushalmi
TgO_Genesis,34,30,0.0,0.0,0.0,0.5833,0.0,0.0,0.0,24.0,2.68,0.0,0.0,0.98093146,Yerushalmi
TgO_Genesis,34,31,0.0,0.0,0.0,1.0,0.0,0.0,0.0,4.0,2.0,0.0,0.0,0.76409745,Yerushalmi
TgO_Genesis,35,1,0.0,0.0,0.0,0.6842,0.0,0.0,0.0,19.0,3.55,0.0,0.0,0.9663896,Yerushalmi
TgO_Genesis,35,2,0.0,0.0,0.0,0.6429,0.0,0.0,0.0,14.0,2.5333,0.0,0.0,0.9450091,Yerushalmi
TgO_Genesis,35,3,0.0,0.0,0.0,0.6316,0.0,0.0,0.0,19.0,2.95,0.0,0.0,0.9777286,Yerushalmi
TgO_Genesis,35,4,0.0,0.0,0.0,0.6111,0.0,0.0,0.0,18.0,3.1053,0.0,0.0,0.9726606,Yerushalmi
TgO_Genesis,35,5,0.0,0.0,0.0,0.7059,0.0,0.0,0.0,17.0,3.2222,0.0,0.0,0.97096896,Yerushalmi
TgO_Genesis,35,6,0.0,0.0,0.0,0.4545,0.0,0.0,0.0,11.0,3.5,0.0,0.0,0.9090231,Yerushalmi
TgO_Genesis,35,7,0.0,0.0,0.0,0.6875,0.0,0.0,0.0,16.0,3.1765,0.0,0.0,0.9664125,Yerushalmi
TgO_Genesis,35,8,0.0,0.0,0.0,0.5385,0.0,0.0,0.0,13.0,4.1429,0.0,0.0,0.9255899,Yerushalmi
TgO_Genesis,35,9,0.0,0.0,0.0,0.6667,0.0,0.0,0.0,9.0,3.2,0.0,0.0,0.79502916,Yerushalmi
TgO_Genesis,35,10,0.0,0.0,0.0,0.45,0.0,0.0,0.0,20.0,3.2857,0.0,0.0,0.97044355,Yerushalmi
TgO_Genesis,35,11,0.0,0.0,0.0,0.7222,0.0,0.0,0.0,18.0,2.4211,0.0,0.0,0.986445,Yerushalmi
TgO_Genesis,35,12,0.0,0.0,0.0,0.5,0.0,0.0,0.0,12.0,3.0,0.0,0.0,0.90944016,Yerushalmi
TgO_Genesis,35,13,0.0,0.0,0.0,1.0,0.0,0.0,0.0,7.0,2.625,0.0,0.0,0.89271754,Yerushalmi
TgO_Genesis,35,14,0.0,0.0,0.0,0.7143,0.0,0.0,0.0,14.0,2.4,0.0,0.0,0.95128095,Yerushalmi
TgO_Genesis,35,15,0.0,0.0,0.0,0.8,0.0,0.0,0.0,10.0,3.2727,0.0,0.0,0.88007176,Yerushalmi
TgO_Genesis,35,16,0.0,0.0,0.0,0.6667,0.0,0.0,0.0,12.0,3.0,0.0,0.0,0.90587974,Yerushalmi
TgO_Genesis,35,17,0.0,0.0,0.0,0.6923,0.0,0.0,0.0,13.0,2.3571,0.0,0.0,0.9247568,Yerushalmi
TgO_Genesis,35,18,0.0,0.0,0.0,0.6923,0.0,0.0,0.0,13.0,2.9286,0.0,0.0,0.931606,Yerushalmi
TgO_Genesis,35,19,0.0,0.0,0.0,0.4286,0.0,0.0,0.0,7.0,3.875,0.0,0.0,0.7839986,Yerushalmi
TgO_Genesis,35,20,0.0,0.0,0.0,0.6667,0.0,0.0,0.0,12.0,3.3077,0.0,0.0,0.91435075,Yerushalmi
TgO_Genesis,35,21,0.0,0.0,0.0,0.5714,0.0,0.0,0.0,7.0,4.125,0.0,0.0,0.7498797,Yerushalmi
TgO_Genesis,35,22,0.0,0.0,0.0,0.5263,0.0,0.0,0.0,19.0,3.25,0.0,0.0,0.97062844,Yerushalmi
TgO_Genesis,35,23,0.0,0.0,0.0,0.3,0.0,0.0,0.0,10.0,3.0,0.0,0.0,0.88622165,Yerushalmi
TgO_Genesis,35,24,0.0,0.0,0.0,0.5,0.0,0.0,0.0,4.0,3.0,0.0,0.0,0.50004554,Yerushalmi
TgO_Genesis,35,25,0.0,0.0,0.0,0.3333,0.0,0.0,0.0,6.0,3.2857,0.0,0.0,0.73689663,Yerushalmi
TgO_Genesis,35,26,0.0,0.0,0.0,0.4286,0.0,0.0,0.0,14.0,3.7333,0.0,0.0,0.9549423,Yerushalmi
TgO_Genesis,35,27,0.0,0.0,0.0,0.4615,0.0,0.0,0.0,13.0,4.2857,0.0,0.0,0.9255127,Yerushalmi
TgO_Genesis,35,28,0.0,0.0,0.0,0.6667,0.0,0.0,0.0,6.0,2.7143,0.0,0.0,0.5460855,Yerushalmi
TgO_Genesis,35,29,0.0,0.0,0.0,0.4615,0.0,0.0,0.0,13.0,2.5714,0.0,0.0,0.92267877,Yerushalmi
TgO_Genesis,36,1,0.0,0.0,0.0,0.6,0.0,0.0,0.0,5.0,3.8333,0.0,0.0,0.6486881,Yerushalmi
TgO_Genesis,36,2,0.0,0.0,0.0,0.4444,0.0,0.0,0.0,18.0,4.2632,0.0,0.0,0.9448669,Yerushalmi
TgO_Genesis,36,3,0.0,0.0,0.0,0.5,0.0,0.0,0.0,6.0,4.8571,0.0,0.0,0.6885915,Yerushalmi
TgO_Genesis,36,4,0.0,0.0,0.0,0.3333,0.0,0.0,0.0,9.0,4.0,0.0,0.0,0.8876831,Yerushalmi
TgO_Genesis,36,5,0.0,0.0,0.0,0.4,0.0,0.0,0.0,15.0,3.375,0.0,0.0,0.9651747,Yerushalmi
TgO_Genesis,36,6,0.0,0.0,0.0,0.5862,0.0,0.0,0.0,29.0,2.9667,0.0,0.0,0.9456056,Yerushalmi
TgO_Genesis,36,7,0.0,0.0,0.0,1.0,0.0,0.0,0.0,14.0,3.2,0.0,0.0,0.9839687,Yerushalmi
TgO_Genesis,36,8,0.0,0.0,0.0,0.4286,0.0,0.0,0.0,7.0,4.25,0.0,0.0,0.7848785,Yerushalmi
TgO_Genesis,36,9,0.0,0.0,0.0,0.7143,0.0,0.0,0.0,7.0,3.875,0.0,0.0,0.7514788,Yerushalmi
TgO_Genesis,36,10,0.0,0.0,0.0,0.2857,0.0,0.0,0.0,14.0,4.4,0.0,0.0,0.946265,Yerushalmi
TgO_Genesis,36,11,0.0,0.0,0.0,0.25,0.0,0.0,0.0,8.0,3.6667,0.0,0.0,0.8807003,Yerushalmi
TgO_Genesis,36,12,0.0,0.0,0.0,0.5294,0.0,0.0,0.0,17.0,4.1667,0.0,0.0,0.9445447,Yerushalmi
TgO_Genesis,36,13,0.0,0.0,0.0,0.3846,0.0,0.0,0.0,13.0,3.7143,0.0,0.0,0.9520137,Yerushalmi
TgO_Genesis,36,14,0.0,0.0,0.0,0.3333,0.0,0.0,0.0,18.0,4.2105,0.0,0.0,0.95587033,Yerushalmi
TgO_Genesis,36,15,0.0,0.0,0.0,0.25,0.0,0.0,0.0,16.0,3.9412,0.0,0.0,0.97139114,Yerushalmi
TgO_Genesis,36,16,0.0,0.0,0.0,0.2857,0.0,0.0,0.0,14.0,4.0,0.0,0.0,0.96259177,Yerushalmi
TgO_Genesis,36,17,0.0,0.0,0.0,0.2609,0.0,0.0,0.0,23.0,3.9167,0.0,0.0,0.9538103,Yerushalmi
TgO_Genesis,36,18,0.0,0.0,0.0,0.3333,0.0,0.0,0.0,18.0,4.4737,0.0,0.0,0.9432738,Yerushalmi
TgO_Genesis,36,19,0.0,0.0,0.0,0.7143,0.0,0.0,0.0,7.0,3.25,0.0,0.0,0.704414,Yerushalmi
TgO_Genesis,36,20,0.0,0.0,0.0,0.6,0.0,0.0,0.0,10.0,3.2727,0.0,0.0,0.84423506,Yerushalmi
TgO_Genesis,36,21,0.0,0.0,0.0,0.6,0.0,0.0,0.0,10.0,3.2727,0.0,0.0,0.84423506,Yerushalmi
TgO_Genesis,36,22,0.0,0.0,0.0,0.25,0.0,0.0,0.0,8.0,3.7778,0.0,0.0,0.8837204,Yerushalmi
TgO_Genesis,36,23,0.0,0.0,0.0,0.25,0.0,0.0,0.0,8.0,3.0,0.0,0.0,0.8320777,Yerushalmi
TgO_Genesis,36,24,0.0,0.0,0.0,0.6667,0.0,0.0,0.0,18.0,3.0526,0.0,0.0,0.97505844,Yerushalmi
TgO_Genesis,36,25,0.0,0.0,0.0,0.4286,0.0,0.0,0.0,7.0,3.375,0.0,0.0,0.7427651,Yerushalmi
TgO_Genesis,36,26,0.0,0.0,0.0,0.2857,0.0,0.0,0.0,7.0,2.75,0.0,0.0,0.7307078,Yerushalmi
TgO_Genesis,36,27,0.0,0.0,0.0,0.5,0.0,0.0,0.0,6.0,3.0,0.0,0.0,0.59687686,Yerushalmi
TgO_Genesis,36,28,0.0,0.0,0.0,0.6,0.0,0.0,0.0,5.0,2.8333,0.0,0.0,0.49175924,Bavli
TgO_Genesis,36,29,0.0,0.0,0.0,0.2727,0.0,0.0,0.0,11.0,3.5833,0.0,0.0,0.94232357,Yerushalmi
TgO_Genesis,36,30,0.0,0.0,0.0,0.3333,0.0,0.0,0.0,12.0,3.6154,0.0,0.0,0.94785184,Yerushalmi
TgO_Genesis,36,31,0.0,0.0,0.0,0.5,0.0,0.0,0.0,10.0,3.4545,0.0,0.0,0.86717945,Yerushalmi
TgO_Genesis,36,32,0.0,0.0,0.0,0.5,0.0,0.0,0.0,8.0,3.3333,0.0,0.0,0.76421714,Yerushalmi
TgO_Genesis,36,33,0.0,0.0,0.0,0.5,0.0,0.0,0.0,8.0,3.5556,0.0,0.0,0.78600264,Yerushalmi
TgO_Genesis,36,34,0.0,0.0,0.0,0.5714,0.0,0.0,0.0,7.0,3.125,0.0,0.0,0.6634026,Yerushalmi
TgO_Genesis,36,35,0.0,0.0,0.0,0.5333,0.0,0.0,0.0,15.0,3.5,0.0,0.0,0.9569107,Yerushalmi
TgO_Genesis,36,36,0.0,0.0,0.0,0.5,0.0,0.0,0.0,6.0,3.0,0.0,0.0,0.59687686,Yerushalmi
TgO_Genesis,36,37,0.0,0.0,0.0,0.625,0.0,0.0,0.0,8.0,2.8889,0.0,0.0,0.69379365,Yerushalmi
TgO_Genesis,36,38,0.0,0.0,0.0,0.4286,0.0,0.0,0.0,7.0,4.25,0.0,0.0,0.7848785,Yerushalmi
TgO_Genesis,36,39,0.0,0.0,0.0,0.4444,0.0,0.0,0.0,18.0,4.1579,0.0,0.0,0.9494191,Yerushalmi
TgO_Genesis,36,40,0.0,0.0,0.0,0.4615,0.0,0.0,0.0,13.0,3.2857,0.0,0.0,0.9426963,Yerushalmi
TgO_Genesis,36,41,0.0,0.0,0.0,0.1667,0.0,0.0,0.0,6.0,4.4286,0.0,0.0,0.86011285,Yerushalmi
TgO_Genesis,36,42,0.0,0.0,0.0,0.1667,0.0,0.0,0.0,6.0,3.4286,0.0,0.0,0.85176814,Yerushalmi
TgO_Genesis,36,43,0.0,0.0,0.0,0.5714,0.0,0.0,0.0,14.0,3.8667,0.0,0.0,0.9422759,Yerushalmi
TgO_Genesis,37,1,0.0,0.0,0.0,0.5714,0.0,0.0,0.0,7.0,3.625,0.0,0.0,0.72703743,Yerushalmi
TgO_Genesis,37,2,0.0,0.0,0.0,0.6,0.0,0.0,0.0,30.0,3.0645,0.0,0.0,0.92970073,Yerushalmi
TgO_Genesis,37,3,0.0,0.0,0.0,0.6667,0.0,0.0,0.0,15.0,2.8125,0.0,0.0,0.9606037,Yerushalmi
TgO_Genesis,37,4,0.0,0.0,0.0,0.7333,0.0,0.0,0.0,15.0,2.1875,0.0,0.0,0.97035605,Yerushalmi
TgO_Genesis,37,5,0.0,0.0,0.0,0.6667,0.0,0.0,0.0,9.0,2.5,0.0,0.0,0.7250514,Yerushalmi
TgO_Genesis,37,6,0.0,0.0,0.0,0.625,0.0,0.0,0.0,8.0,2.8889,0.0,0.0,0.69379365,Yerushalmi
TgO_Genesis,37,7,0.0,0.0,0.0,0.5625,0.0,0.0,0.0,16.0,2.8824,0.0,0.0,0.966479,Yerushalmi
TgO_Genesis,37,8,0.0,0.0,0.0,0.7727,0.0,0.0,0.0,22.0,2.6522,0.0,0.0,0.9898657,Yerushalmi
TgO_Genesis,37,9,0.0,0.0,0.0,0.4762,0.0,0.0,0.0,21.0,2.6364,0.0,0.0,0.9823813,Yerushalmi
TgO_Genesis,37,10,0.0,0.0,0.0,0.5455,0.0,0.0,0.0,22.0,2.3913,0.0,0.0,0.98746055,Yerushalmi
TgO_Genesis,37,11,0.0,0.0,0.0,0.8571,0.0,0.0,0.0,7.0,2.125,0.0,0.0,0.72910273,Yerushalmi
TgO_Genesis,37,12,0.0,0.0,0.0,1.0,0.0,0.0,0.0,7.0,1.875,0.0,0.0,0.8814042,Yerushalmi
TgO_Genesis,37,13,0.0,0.0,0.0,0.6154,0.0,0.0,0.0,13.0,3.0,0.0,0.0,0.9291847,Yerushalmi
TgO_Genesis,37,14,0.0,0.0,0.0,0.5263,0.0,0.0,0.0,19.0,3.15,0.0,0.0,0.9725415,Yerushalmi
TgO_Genesis,37,15,0.0,0.0,0.0,0.7273,0.0,0.0,0.0,11.0,2.3333,0.0,0.0,0.8552606,Yerushalmi
TgO_Genesis,37,16,0.0,0.0,0.0,0.9091,0.0,0.0,0.0,11.0,2.6667,0.0,0.0,0.93383014,Yerushalmi
TgO_Genesis,37,17,0.0,0.0,0.0,0.7333,0.0,0.0,0.0,15.0,2.9375,0.0,0.0,0.9638957,Yerushalmi
TgO_Genesis,37,18,0.0,0.0,0.0,0.7778,0.0,0.0,0.0,9.0,2.6,0.0,0.0,0.79112285,Yerushalmi
TgO_Genesis,37,19,0.0,0.0,0.0,1.0,0.0,0.0,0.0,8.0,2.4444,0.0,0.0,0.91344357,Yerushalmi
TgO_Genesis,37,20,0.0,0.0,0.0,0.8125,0.0,0.0,0.0,16.0,2.4118,0.0,0.0,0.98235506,Yerushalmi
TgO_Genesis,37,21,0.0,0.0,0.0,0.625,0.0,0.0,0.0,8.0,2.5556,0.0,0.0,0.6480939,Yerushalmi
TgO_Genesis,37,22,0.0,0.0,0.0,0.6957,0.0,0.0,0.0,23.0,2.75,0.0,0.0,0.98475194,Yerushalmi
TgO_Genesis,37,23,0.0,0.0,0.0,0.5625,0.0,0.0,0.0,16.0,2.7647,0.0,0.0,0.9672605,Yerushalmi
TgO_Genesis,37,24,0.0,0.0,0.0,0.8889,0.0,0.0,0.0,9.0,2.5,0.0,0.0,0.86600816,Yerushalmi
TgO_Genesis,37,25,0.0,0.0,0.0,0.6316,0.0,0.0,0.0,19.0,3.0,0.0,0.0,0.9767954,Yerushalmi
TgO_Genesis,37,26,0.0,0.0,0.0,0.7143,0.0,0.0,0.0,14.0,2.7333,0.0,0.0,0.9507176,Yerushalmi
TgO_Genesis,37,27,0.0,0.0,0.0,0.8571,0.0,0.0,0.0,14.0,2.4,0.0,0.0,0.9695671,Yerushalmi
TgO_Genesis,37,28,0.0,0.0,0.0,0.5238,0.0,0.0,0.0,21.0,3.3182,0.0,0.0,0.9668192,Yerushalmi
TgO_Genesis,37,29,0.0,0.0,0.0,0.6,0.0,0.0,0.0,10.0,3.0,0.0,0.0,0.8224188,Yerushalmi
TgO_Genesis,37,30,0.0,0.0,0.0,0.8,0.0,0.0,0.0,10.0,2.4545,0.0,0.0,0.8460815,Yerushalmi
TgO_Genesis,37,31,0.0,0.0,0.0,0.5833,0.0,0.0,0.0,12.0,2.7692,0.0,0.0,0.89319664,Yerushalmi
TgO_Genesis,37,32,0.0,0.0,0.0,0.8333,0.0,0.0,0.0,18.0,2.4737,0.0,0.0,0.99023956,Yerushalmi
TgO_Genesis,37,33,0.0,0.0,0.0,0.7,0.0,0.0,0.0,10.0,2.9091,0.0,0.0,0.8286201,Yerushalmi
TgO_Genesis,37,34,0.0,0.0,0.0,0.7273,0.0,0.0,0.0,11.0,2.5833,0.0,0.0,0.8634533,Yerushalmi
TgO_Genesis,37,35,0.0,0.0,0.0,0.75,0.0,0.0,0.0,20.0,2.619,0.0,0.0,0.9886477,Yerushalmi
TgO_Genesis,37,36,0.0,0.0,0.0,0.875,0.0,0.0,0.0,8.0,4.1111,0.0,0.0,0.8529844,Yerushalmi
TgO_Genesis,38,1,0.0,0.0,0.0,0.6154,0.0,0.0,0.0,13.0,3.4286,0.0,0.0,0.9347963,Yerushalmi
TgO_Genesis,38,2,0.0,0.0,0.0,0.5455,0.0,0.0,0.0,11.0,3.0,0.0,0.0,0.870495,Yerushalmi
TgO_Genesis,38,3,0.0,0.0,0.0,0.5714,0.0,0.0,0.0,7.0,2.0,0.0,0.0,0.5080337,Yerushalmi
TgO_Genesis,38,4,0.0,0.0,0.0,0.625,0.0,0.0,0.0,8.0,2.4444,0.0,0.0,0.63444936,Yerushalmi
TgO_Genesis,38,5,0.0,0.0,0.0,0.6154,0.0,0.0,0.0,13.0,2.2143,0.0,0.0,0.9150944,Yerushalmi
TgO_Genesis,38,6,0.0,0.0,0.0,0.4286,0.0,0.0,0.0,7.0,3.75,0.0,0.0,0.77792114,Yerushalmi
TgO_Genesis,38,7,0.0,0.0,0.0,0.6667,0.0,0.0,0.0,9.0,3.2,0.0,0.0,0.79502916,Yerushalmi
TgO_Genesis,38,8,0.0,0.0,0.0,0.6667,0.0,0.0,0.0,12.0,3.1538,0.0,0.0,0.910629,Yerushalmi
TgO_Genesis,38,9,0.0,0.0,0.0,0.6957,0.0,0.0,0.0,23.0,2.6667,0.0,0.0,0.9864499,Yerushalmi
TgO_Genesis,38,10,0.0,0.0,0.0,0.8571,0.0,0.0,0.0,7.0,2.125,0.0,0.0,0.72910273,Yerushalmi
TgO_Genesis,38,11,0.0,0.0,0.0,0.6818,0.0,0.0,0.0,22.0,3.4783,0.0,0.0,0.9642041,Yerushalmi
TgO_Genesis,38,12,0.0,0.0,0.0,0.5294,0.0,0.0,0.0,17.0,3.7222,0.0,0.0,0.95952123,Yerushalmi
TgO_Genesis,38,13,0.0,0.0,0.0,0.7778,0.0,0.0,0.0,9.0,3.2,0.0,0.0,0.83091044,Yerushalmi
TgO_Genesis,38,14,0.0,0.0,0.0,0.6667,0.0,0.0,0.0,24.0,3.16,0.0,0.0,0.9692237,Yerushalmi
TgO_Genesis,38,15,0.0,0.0,0.0,0.7143,0.0,0.0,0.0,7.0,2.875,0.0,0.0,0.6583322,Yerushalmi
TgO_Genesis,38,16,0.0,0.0,0.0,0.619,0.0,0.0,0.0,21.0,2.6818,0.0,0.0,0.98404276,Yerushalmi
TgO_Genesis,38,17,0.0,0.0,0.0,0.9286,0.0,0.0,0.0,14.0,2.4,0.0,0.0,0.9786545,Yerushalmi
TgO_Genesis,38,18,0.0,0.0,0.0,0.5,0.0,0.0,0.0,16.0,2.7647,0.0,0.0,0.9674388,Yerushalmi
TgO_Genesis,38,19,0.0,0.0,0.0,0.75,0.0,0.0,0.0,8.0,2.5556,0.0,0.0,0.7101355,Yerushalmi
TgO_Genesis,38,20,0.0,0.0,0.0,0.7647,0.0,0.0,0.0,17.0,2.9444,0.0,0.0,0.9781075,Yerushalmi
TgO_Genesis,38,21,0.0,0.0,0.0,0.8824,0.0,0.0,0.0,17.0,2.7778,0.0,0.0,0.98716956,Yerushalmi
TgO_Genesis,38,22,0.0,0.0,0.0,0.7692,0.0,0.0,0.0,13.0,2.9286,0.0,0.0,0.94080895,Yerushalmi
TgO_Genesis,38,23,0.0,0.0,0.0,0.7857,0.0,0.0,0.0,14.0,2.8667,0.0,0.0,0.9582229,Yerushalmi
TgO_Genesis,38,24,0.0,0.0,0.0,0.5882,0.0,0.0,0.0,17.0,3.0,0.0,0.0,0.97080064,Yerushalmi
TgO_Genesis,38,25,0.0,0.0,0.0,0.7619,0.0,0.0,0.0,21.0,2.8636,0.0,0.0,0.9859492,Yerushalmi
TgO_Genesis,38,26,0.0,0.0,0.0,0.7647,0.0,0.0,0.0,17.0,3.0556,0.0,0.0,0.97661203,Yerushalmi
TgO_Genesis,38,27,0.0,0.0,0.0,0.8333,0.0,0.0,0.0,6.0,2.4286,0.0,0.0,0.6538595,Yerushalmi
TgO_Genesis,38,28,0.0,0.0,0.0,0.7143,0.0,0.0,0.0,14.0,2.6,0.0,0.0,0.95072126,Yerushalmi
TgO_Genesis,38,29,0.0,0.0,0.0,0.75,0.0,0.0,0.0,16.0,2.4706,0.0,0.0,0.9776381,Yerushalmi
TgO_Genesis,38,30,0.0,0.0,0.0,0.8182,0.0,0.0,0.0,11.0,2.5,0.0,0.0,0.89482194,Yerushalmi
TgO_Genesis,39,1,0.0,0.0,0.0,0.7143,0.0,0.0,0.0,14.0,4.0,0.0,0.0,0.9401975,Yerushalmi
TgO_Genesis,39,2,0.0,0.0,0.0,0.6667,0.0,0.0,0.0,12.0,3.0,0.0,0.0,0.90587974,Yerushalmi
TgO_Genesis,39,3,0.0,0.0,0.0,0.7692,0.0,0.0,0.0,13.0,2.6429,0.0,0.0,0.9385465,Yerushalmi
TgO_Genesis,39,4,0.0,0.0,0.0,0.6,0.0,0.0,0.0,15.0,2.625,0.0,0.0,0.9589236,Yerushalmi
TgO_Genesis,39,5,0.0,0.0,0.0,0.5,0.0,0.0,0.0,24.0,2.96,0.0,0.0,0.96959245,Yerushalmi
TgO_Genesis,39,6,0.0,0.0,0.0,0.6,0.0,0.0,0.0,20.0,3.0476,0.0,0.0,0.97575784,Yerushalmi
TgO_Genesis,39,7,0.0,0.0,0.0,0.7857,0.0,0.0,0.0,14.0,3.0,0.0,0.0,0.95806026,Yerushalmi
TgO_Genesis,39,8,0.0,0.0,0.0,0.6471,0.0,0.0,0.0,17.0,2.7778,0.0,0.0,0.9749242,Yerushalmi
TgO_Genesis,39,9,0.0,0.0,0.0,0.8182,0.0,0.0,0.0,22.0,2.7391,0.0,0.0,0.9903454,Yerushalmi
TgO_Genesis,39,10,0.0,0.0,0.0,0.7222,0.0,0.0,0.0,18.0,3.0,0.0,0.0,0.97822416,Yerushalmi
TgO_Genesis,39,11,0.0,0.0,0.0,0.7143,0.0,0.0,0.0,14.0,2.3333,0.0,0.0,0.951648,Yerushalmi
TgO_Genesis,39,12,0.0,0.0,0.0,0.6364,0.0,0.0,0.0,11.0,2.1667,0.0,0.0,0.8240225,Yerushalmi
TgO_Genesis,39,13,0.0,0.0,0.0,0.8889,0.0,0.0,0.0,9.0,2.3,0.0,0.0,0.86117077,Yerushalmi
TgO_Genesis,39,14,0.0,0.0,0.0,0.75,0.0,0.0,0.0,20.0,2.7619,0.0,0.0,0.98657143,Yerushalmi
TgO_Genesis,39,15,0.0,0.0,0.0,0.6923,0.0,0.0,0.0,13.0,2.2857,0.0,0.0,0.92455935,Yerushalmi
TgO_Genesis,39,16,0.0,0.0,0.0,1.0,0.0,0.0,0.0,7.0,2.5,0.0,0.0,0.8898935,Yerushalmi
TgO_Genesis,39,17,0.0,0.0,0.0,0.9231,0.0,0.0,0.0,13.0,2.7857,0.0,0.0,0.9675359,Yerushalmi
TgO_Genesis,39,18,0.0,0.0,0.0,0.7,0.0,0.0,0.0,10.0,2.1818,0.0,0.0,0.78511876,Yerushalmi
TgO_Genesis,39,19,0.0,0.0,0.0,0.8235,0.0,0.0,0.0,17.0,2.7778,0.0,0.0,0.9836796,Yerushalmi
TgO_Genesis,39,20,0.0,0.0,0.0,0.5714,0.0,0.0,0.0,14.0,2.9333,0.0,0.0,0.94611764,Yerushalmi
TgO_Genesis,39,21,0.0,0.0,0.0,0.5385,0.0,0.0,0.0,13.0,4.5,0.0,0.0,0.9047135,Yerushalmi
TgO_Genesis,39,22,0.0,0.0,0.0,0.5882,0.0,0.0,0.0,17.0,3.9444,0.0,0.0,0.9517313,Yerushalmi
TgO_Genesis,39,23,0.0,0.0,0.0,0.75,0.0,0.0,0.0,16.0,3.7059,0.0,0.0,0.9613907,Yerushalmi
TgO_Genesis,40,1,0.0,0.0,0.0,0.6923,0.0,0.0,0.0,13.0,3.5,0.0,0.0,0.93637455,Yerushalmi
TgO_Genesis,40,2,0.0,0.0,0.0,0.7778,0.0,0.0,0.0,9.0,3.3,0.0,0.0,0.8362059,Yerushalmi
TgO_Genesis,40,3,0.0,0.0,0.0,0.8,0.0,0.0,0.0,10.0,3.3636,0.0,0.0,0.88282704,Yerushalmi
TgO_Genesis,40,4,0.0,0.0,0.0,0.6,0.0,0.0,0.0,10.0,2.9091,0.0,0.0,0.81395507,Yerushalmi
TgO_Genesis,40,5,0.0,0.0,0.0,0.6471,0.0,0.0,0.0,17.0,2.8889,0.0,0.0,0.97347313,Yerushalmi
TgO_Genesis,40,6,0.0,0.0,0.0,0.6667,0.0,0.0,0.0,9.0,2.7,0.0,0.0,0.74496305,Yerushalmi
TgO_Genesis,40,7,0.0,0.0,0.0,0.9286,0.0,0.0,0.0,14.0,2.9333,0.0,0.0,0.97655797,Yerushalmi
TgO_Genesis,40,8,0.0,0.0,0.0,0.5,0.0,0.0,0.0,18.0,3.4737,0.0,0.0,0.96652424,Yerushalmi
TgO_Genesis,40,9,0.0,0.0,0.0,0.6364,0.0,0.0,0.0,11.0,3.0833,0.0,0.0,0.87384886,Yerushalmi
TgO_Genesis,40,10,0.0,0.0,0.0,0.9286,0.0,0.0,0.0,14.0,2.8,0.0,0.0,0.9769284,Yerushalmi
TgO_Genesis,40,11,0.0,0.0,0.0,0.4706,0.0,0.0,0.0,17.0,2.3333,0.0,0.0,0.97719276,Yerushalmi
TgO_Genesis,40,12,0.0,0.0,0.0,0.7,0.0,0.0,0.0,10.0,3.3636,0.0,0.0,0.85626537,Yerushalmi
TgO_Genesis,40,13,0.0,0.0,0.0,0.7647,0.0,0.0,0.0,17.0,2.7778,0.0,0.0,0.9802651,Yerushalmi
TgO_Genesis,40,14,0.0,0.0,0.0,0.7368,0.0,0.0,0.0,19.0,2.9,0.0,0.0,0.98256314,Yerushalmi
TgO_Genesis,40,15,0.0,0.0,0.0,0.8571,0.0,0.0,0.0,14.0,2.6,0.0,0.0,0.96837133,Yerushalmi
TgO_Genesis,40,16,0.0,0.0,0.0,0.8125,0.0,0.0,0.0,16.0,3.1765,0.0,0.0,0.9744415,Yerushalmi
TgO_Genesis,40,17,0.0,0.0,0.0,0.8571,0.0,0.0,0.0,14.0,2.9333,0.0,0.0,0.9672224,Yerushalmi
TgO_Genesis,40,18,0.0,0.0,0.0,0.7,0.0,0.0,0.0,10.0,3.0,0.0,0.0,0.8350402,Yerushalmi
TgO_Genesis,40,19,0.0,0.0,0.0,0.7647,0.0,0.0,0.0,17.0,2.4444,0.0,0.0,0.98434484,Yerushalmi
TgO_Genesis,40,20,0.0,0.0,0.0,0.7,0.0,0.0,0.0,20.0,3.4762,0.0,0.0,0.9688159,Yerushalmi
TgO_Genesis,40,21,0.0,0.0,0.0,0.8,0.0,0.0,0.0,10.0,2.5455,0.0,0.0,0.8493569,Yerushalmi
TgO_Genesis,40,22,0.0,0.0,0.0,0.7143,0.0,0.0,0.0,7.0,4.5,0.0,0.0,0.74912727,Yerushalmi
TgO_Genesis,40,23,0.0,0.0,0.0,0.6667,0.0,0.0,0.0,6.0,3.0,0.0,0.0,0.5912936,Yerushalmi
TgO_Genesis,41,1,0.0,0.0,0.0,0.8182,0.0,0.0,0.0,11.0,2.4167,0.0,0.0,0.89344126,Yerushalmi
TgO_Genesis,41,2,0.0,0.0,0.0,0.8333,0.0,0.0,0.0,12.0,2.5385,0.0,0.0,0.92928636,Yerushalmi
TgO_Genesis,41,3,0.0,0.0,0.0,0.7647,0.0,0.0,0.0,17.0,3.1111,0.0,0.0,0.97584254,Yerushalmi
TgO_Genesis,41,4,0.0,0.0,0.0,0.7143,0.0,0.0,0.0,14.0,2.8667,0.0,0.0,0.95089024,Yerushalmi
TgO_Genesis,41,5,0.0,0.0,0.0,0.7273,0.0,0.0,0.0,11.0,2.6667,0.0,0.0,0.8669412,Yerushalmi
TgO_Genesis,41,6,0.0,0.0,0.0,0.875,0.0,0.0,0.0,8.0,2.6667,0.0,0.0,0.82280314,Yerushalmi
TgO_Genesis,41,7,0.0,0.0,0.0,0.75,0.0,0.0,0.0,12.0,2.7692,0.0,0.0,0.91129965,Yerushalmi
TgO_Genesis,41,8,0.0,0.0,0.0,0.5,0.0,0.0,0.0,24.0,2.6,0.0,0.0,0.98087776,Yerushalmi
TgO_Genesis,41,9,0.0,0.0,0.0,0.9091,0.0,0.0,0.0,11.0,3.3333,0.0,0.0,0.94175863,Yerushalmi
TgO_Genesis,41,10,0.0,0.0,0.0,0.8333,0.0,0.0,0.0,12.0,3.2308,0.0,0.0,0.9376378,Yerushalmi
TgO_Genesis,41,11,0.0,0.0,0.0,0.7,0.0,0.0,0.0,10.0,2.2727,0.0,0.0,0.7881429,Yerushalmi
TgO_Genesis,41,12,0.0,0.0,0.0,0.75,0.0,0.0,0.0,16.0,3.1765,0.0,0.0,0.96980566,Yerushalmi
TgO_Genesis,41,13,0.0,0.0,0.0,0.8333,0.0,0.0,0.0,12.0,2.8462,0.0,0.0,0.9327764,Yerushalmi
TgO_Genesis,41,14,0.0,0.0,0.0,0.5333,0.0,0.0,0.0,15.0,3.5625,0.0,0.0,0.95616937,Yerushalmi
TgO_Genesis,41,15,0.0,0.0,0.0,0.5294,0.0,0.0,0.0,17.0,2.9444,0.0,0.0,0.9712396,Yerushalmi
TgO_Genesis,41,16,0.0,0.0,0.0,0.8,0.0,0.0,0.0,15.0,3.1875,0.0,0.0,0.9676794,Yerushalmi
TgO_Genesis,41,17,0.0,0.0,0.0,0.8889,0.0,0.0,0.0,9.0,3.1,0.0,0.0,0.8859406,Yerushalmi
TgO_Genesis,41,18,0.0,0.0,0.0,0.8333,0.0,0.0,0.0,12.0,2.5385,0.0,0.0,0.92928636,Yerushalmi
TgO_Genesis,41,19,0.0,0.0,0.0,0.7895,0.0,0.0,0.0,19.0,3.1,0.0,0.0,0.9818746,Yerushalmi
TgO_Genesis,41,20,0.0,0.0,0.0,0.7778,0.0,0.0,0.0,9.0,2.9,0.0,0.0,0.81176597,Yerushalmi
TgO_Genesis,41,21,0.0,0.0,0.0,0.6667,0.0,0.0,0.0,12.0,2.9231,0.0,0.0,0.9032338,Yerushalmi
TgO_Genesis,41,22,0.0,0.0,0.0,0.7,0.0,0.0,0.0,10.0,2.2727,0.0,0.0,0.7881429,Yerushalmi
TgO_Genesis,41,23,0.0,0.0,0.0,1.0,0.0,0.0,0.0,9.0,2.8,0.0,0.0,0.9378219,Yerushalmi
TgO_Genesis,41,24,0.0,0.0,0.0,0.75,0.0,0.0,0.0,12.0,2.6923,0.0,0.0,0.90953076,Yerushalmi
TgO_Genesis,41,25,0.0,0.0,0.0,0.7692,0.0,0.0,0.0,13.0,3.0714,0.0,0.0,0.94199747,Yerushalmi
TgO_Genesis,41,26,0.0,0.0,0.0,0.7333,0.0,0.0,0.0,15.0,2.8125,0.0,0.0,0.9647012,Yerushalmi
TgO_Genesis,41,27,0.0,0.0,0.0,0.7778,0.0,0.0,0.0,18.0,2.9474,0.0,0.0,0.98185605,Yerushalmi
TgO_Genesis,41,28,0.0,0.0,0.0,0.7692,0.0,0.0,0.0,13.0,2.9286,0.0,0.0,0.94080895,Yerushalmi
TgO_Genesis,41,29,0.0,0.0,0.0,0.8889,0.0,0.0,0.0,9.0,2.8,0.0,0.0,0.8760315,Yerushalmi
TgO_Genesis,41,30,0.0,0.0,0.0,0.5789,0.0,0.0,0.0,19.0,2.5,0.0,0.0,0.9838044,Yerushalmi
TgO_Genesis,41,31,0.0,0.0,0.0,1.0,0.0,0.0,0.0,14.0,3.0667,0.0,0.0,0.98425055,Yerushalmi
TgO_Genesis,41,32,0.0,0.0,0.0,0.8667,0.0,0.0,0.0,15.0,3.125,0.0,0.0,0.9748305,Yerushalmi
TgO_Genesis,41,33,0.0,0.0,0.0,0.8,0.0,0.0,0.0,10.0,3.1818,0.0,0.0,0.87688303,Yerushalmi
TgO_Genesis,41,34,0.0,0.0,0.0,0.7692,0.0,0.0,0.0,13.0,3.1429,0.0,0.0,0.9425089,Yerushalmi
TgO_Genesis,41,35,0.0,0.0,0.0,0.7647,0.0,0.0,0.0,17.0,2.8333,0.0,0.0,0.9795554,Yerushalmi
TgO_Genesis,41,36,0.0,0.0,0.0,0.6471,0.0,0.0,0.0,17.0,2.7778,0.0,0.0,0.9749242,Yerushalmi
TgO_Genesis,41,37,0.0,0.0,0.0,0.8571,0.0,0.0,0.0,7.0,2.375,0.0,0.0,0.7393304,Yerushalmi
TgO_Genesis,41,38,0.0,0.0,0.0,1.0,0.0,0.0,0.0,11.0,3.0,0.0,0.0,0.9644913,Yerushalmi
TgO_Genesis,41,39,0.0,0.0,0.0,0.7333,0.0,0.0,0.0,15.0,3.0,0.0,0.0,0.9634973,Yerushalmi
TgO_Genesis,41,40,0.0,0.0,0.0,0.9412,0.0,0.0,0.0,17.0,2.8333,0.0,0.0,0.9899926,Yerushalmi
TgO_Genesis,41,41,0.0,0.0,0.0,0.8,0.0,0.0,0.0,10.0,3.2727,0.0,0.0,0.88007176,Yerushalmi
TgO_Genesis,41,42,0.0,0.0,0.0,0.6,0.0,0.0,0.0,20.0,2.7619,0.0,0.0,0.9815324,Yerushalmi
TgO_Genesis,41,43,0.0,0.0,0.0,0.75,0.0,0.0,0.0,16.0,2.6471,0.0,0.0,0.97564054,Yerushalmi
TgO_Genesis,41,44,0.0,0.0,0.0,0.7391,0.0,0.0,0.0,23.0,3.125,0.0,0.0,0.9776467,Yerushalmi
TgO_Genesis,41,45,0.0,0.0,0.0,0.56,0.0,0.0,0.0,25.0,4.4615,0.0,0.0,0.89583254,Yerushalmi
TgO_Genesis,41,46,0.0,0.0,0.0,0.6842,0.0,0.0,0.0,19.0,3.5,0.0,0.0,0.96769536,Yerushalmi
TgO_Genesis,41,47,0.0,0.0,0.0,1.0,0.0,0.0,0.0,8.0,2.6667,0.0,0.0,0.9174113,Yerushalmi
TgO_Genesis,41,48,0.0,0.0,0.0,0.7222,0.0,0.0,0.0,18.0,3.0526,0.0,0.0,0.9773655,Yerushalmi
TgO_Genesis,41,49,0.0,0.0,0.0,0.9231,0.0,0.0,0.0,13.0,2.8571,0.0,0.0,0.96759915,Yerushalmi
TgO_Genesis,41,50,0.0,0.0,0.0,0.6667,0.0,0.0,0.0,15.0,3.9375,0.0,0.0,0.9463365,Yerushalmi
TgO_Genesis,41,51,0.0,0.0,0.0,0.6667,0.0,0.0,0.0,15.0,3.0625,0.0,0.0,0.9594627,Yerushalmi
TgO_Genesis,41,52,0.0,0.0,0.0,0.9,0.0,0.0,0.0,10.0,3.1818,0.0,0.0,0.91834116,Yerushalmi
TgO_Genesis,41,53,0.0,0.0,0.0,0.8571,0.0,0.0,0.0,7.0,3.375,0.0,0.0,0.80107063,Yerushalmi
TgO_Genesis,41,54,0.0,0.0,0.0,0.6471,0.0,0.0,0.0,17.0,3.3333,0.0,0.0,0.967034,Yerushalmi
TgO_Genesis,41,55,0.0,0.0,0.0,0.5909,0.0,0.0,0.0,22.0,3.2609,0.0,0.0,0.96730375,Yerushalmi
TgO_Genesis,41,56,0.0,0.0,0.0,0.6364,0.0,0.0,0.0,22.0,3.2174,0.0,0.0,0.970561,Yerushalmi
TgO_Genesis,41,57,0.0,0.0,0.0,0.7857,0.0,0.0,0.0,14.0,3.0667,0.0,0.0,0.95796883,Yerushalmi
TgO_Genesis,42,1,0.0,0.0,0.0,0.75,0.0,0.0,0.0,12.0,3.1538,0.0,0.0,0.9200816,Yerushalmi
TgO_Genesis,42,2,0.0,0.0,0.0,0.75,0.0,0.0,0.0,16.0,2.5882,0.0,0.0,0.97629976,Yerushalmi
TgO_Genesis,42,3,0.0,0.0,0.0,0.8571,0.0,0.0,0.0,7.0,2.75,0.0,0.0,0.7636805,Yerushalmi
TgO_Genesis,42,4,0.0,0.0,0.0,0.7143,0.0,0.0,0.0,14.0,3.4667,0.0,0.0,0.950061,Yerushalmi
TgO_Genesis,42,5,0.0,0.0,0.0,0.8333,0.0,0.0,0.0,12.0,4.3077,0.0,0.0,0.9252037,Yerushalmi
TgO_Genesis,42,6,0.0,0.0,0.0,0.55,0.0,0.0,0.0,20.0,2.7619,0.0,0.0,0.9805511,Yerushalmi
TgO_Genesis,42,7,0.0,0.0,0.0,0.5714,0.0,0.0,0.0,21.0,2.8636,0.0,0.0,0.9791312,Yerushalmi
TgO_Genesis,42,8,0.0,0.0,0.0,0.7143,0.0,0.0,0.0,7.0,2.875,0.0,0.0,0.6583322,Yerushalmi
TgO_Genesis,42,9,0.0,0.0,0.0,0.5882,0.0,0.0,0.0,17.0,3.2778,0.0,0.0,0.96711594,Yerushalmi
TgO_Genesis,42,10,0.0,0.0,0.0,0.75,0.0,0.0,0.0,8.0,2.6667,0.0,0.0,0.720481,Yerushalmi
TgO_Genesis,42,11,0.0,0.0,0.0,0.9091,0.0,0.0,0.0,11.0,2.9167,0.0,0.0,0.93712085,Yerushalmi
TgO_Genesis,42,12,0.0,0.0,0.0,0.875,0.0,0.0,0.0,8.0,2.8889,0.0,0.0,0.83406234,Yerushalmi
TgO_Genesis,42,13,0.0,0.0,0.0,0.7778,0.0,0.0,0.0,18.0,3.1579,0.0,0.0,0.9786378,Yerushalmi
TgO_Genesis,42,14,0.0,0.0,0.0,0.7778,0.0,0.0,0.0,9.0,3.4,0.0,0.0,0.84079087,Yerushalmi
TgO_Genesis,42,15,0.0,0.0,0.0,0.9167,0.0,0.0,0.0,12.0,2.6923,0.0,0.0,0.9535119,Yerushalmi
TgO_Genesis,42,16,0.0,0.0,0.0,0.8,0.0,0.0,0.0,20.0,2.7619,0.0,0.0,0.9886075,Yerushalmi
TgO_Genesis,42,17,0.0,0.0,0.0,1.0,0.0,0.0,0.0,5.0,3.0,0.0,0.0,0.83132786,Yerushalmi
TgO_Genesis,42,18,0.0,0.0,0.0,0.75,0.0,0.0,0.0,12.0,3.3846,0.0,0.0,0.9236052,Yerushalmi
TgO_Genesis,42,19,0.0,0.0,0.0,0.9231,0.0,0.0,0.0,13.0,2.7143,0.0,0.0,0.96750855,Yerushalmi
TgO_Genesis,42,20,0.0,0.0,0.0,0.7273,0.0,0.0,0.0,11.0,2.4167,0.0,0.0,0.8575214,Yerushalmi
TgO_Genesis,42,21,0.0,0.0,0.0,0.8333,0.0,0.0,0.0,24.0,2.84,0.0,0.0,0.98865855,Yerushalmi
TgO_Genesis,42,22,0.0,0.0,0.0,0.6471,0.0,0.0,0.0,17.0,2.7778,0.0,0.0,0.9749242,Yerushalmi
TgO_Genesis,42,23,0.0,0.0,0.0,0.8,0.0,0.0,0.0,10.0,3.1818,0.0,0.0,0.87688303,Yerushalmi
TgO_Genesis,42,24,0.0,0.0,0.0,0.4286,0.0,0.0,0.0,14.0,2.8667,0.0,0.0,0.95153594,Yerushalmi
TgO_Genesis,42,25,0.0,0.0,0.0,0.5882,0.0,0.0,0.0,17.0,3.0,0.0,0.0,0.97080064,Yerushalmi
TgO_Genesis,42,26,0.0,0.0,0.0,0.8571,0.0,0.0,0.0,7.0,2.125,0.0,0.0,0.72910273,Yerushalmi
TgO_Genesis,42,27,0.0,0.0,0.0,0.7333,0.0,0.0,0.0,15.0,2.25,0.0,0.0,0.96963984,Yerushalmi
TgO_Genesis,42,28,0.0,0.0,0.0,0.7143,0.0,0.0,0.0,21.0,2.4545,0.0,0.0,0.99041253,Yerushalmi
TgO_Genesis,42,29,0.0,0.0,0.0,0.6154,0.0,0.0,0.0,13.0,3.0714,0.0,0.0,0.93057895,Yerushalmi
TgO_Genesis,42,30,0.0,0.0,0.0,0.8182,0.0,0.0,0.0,11.0,2.4167,0.0,0.0,0.89344126,Yerushalmi
TgO_Genesis,42,31,0.0,0.0,0.0,0.8571,0.0,0.0,0.0,7.0,3.0,0.0,0.0,0.78080404,Yerushalmi
TgO_Genesis,42,32,0.0,0.0,0.0,0.7857,0.0,0.0,0.0,14.0,3.2667,0.0,0.0,0.9574692,Yerushalmi
TgO_Genesis,42,33,0.0,0.0,0.0,0.8,0.0,0.0,0.0,20.0,2.9048,0.0,0.0,0.98653543,Yerushalmi
TgO_Genesis,42,34,0.0,0.0,0.0,0.6818,0.0,0.0,0.0,22.0,3.0,0.0,0.0,0.97902757,Yerushalmi
TgO_Genesis,42,35,0.0,0.0,0.0,0.5625,0.0,0.0,0.0,16.0,2.4706,0.0,0.0,0.9695565,Yerushalmi
TgO_Genesis,42,36,0.0,0.0,0.0,0.5789,0.0,0.0,0.0,19.0,3.2,0.0,0.0,0.9717758,Yerushalmi
TgO_Genesis,42,37,0.0,0.0,0.0,0.7368,0.0,0.0,0.0,19.0,2.65,0.0,0.0,0.9863776,Yerushalmi
TgO_Genesis,42,38,0.0,0.0,0.0,0.7619,0.0,0.0,0.0,21.0,2.5909,0.0,0.0,0.9901272,Yerushalmi
TgO_Genesis,43,1,0.0,0.0,0.0,0.5,0.0,0.0,0.0,3.0,1.75,0.0,0.0,0.30329084,Bavli
TgO_Genesis,43,2,0.0,0.0,0.0,0.75,0.0,0.0,0.0,16.0,2.9412,0.0,0.0,0.972438,Yerushalmi
TgO_Genesis,43,3,0.0,0.0,0.0,0.75,0.0,0.0,0.0,16.0,2.9412,0.0,0.0,0.972438,Yerushalmi
TgO_Genesis,43,4,0.0,0.0,0.0,0.9,0.0,0.0,0.0,10.0,2.4545,0.0,0.0,0.9032924,Yerushalmi
TgO_Genesis,43,5,0.0,0.0,0.0,0.875,0.0,0.0,0.0,16.0,2.7647,0.0,0.0,0.98333013,Yerushalmi
TgO_Genesis,43,6,0.0,0.0,0.0,0.7273,0.0,0.0,0.0,11.0,3.0,0.0,0.0,0.8818715,Yerushalmi
TgO_Genesis,43,7,0.0,0.0,0.0,0.75,0.0,0.0,0.0,28.0,2.8276,0.0,0.0,0.9766194,Yerushalmi
TgO_Genesis,43,8,0.0,0.0,0.0,0.5556,0.0,0.0,0.0,18.0,2.8421,0.0,0.0,0.97594184,Yerushalmi
TgO_Genesis,43,9,0.0,0.0,0.0,0.7778,0.0,0.0,0.0,18.0,2.8421,0.0,0.0,0.98334914,Yerushalmi
TgO_Genesis,43,10,0.0,0.0,0.0,0.9,0.0,0.0,0.0,10.0,2.7273,0.0,0.0,0.90861034,Yerushalmi
TgO_Genesis,43,11,0.0,0.0,0.0,0.75,0.0,0.0,0.0,24.0,3.0,0.0,0.0,0.98032933,Yerushalmi
TgO_Genesis,43,12,0.0,0.0,0.0,0.75,0.0,0.0,0.0,16.0,2.5294,0.0,0.0,0.9769655,Yerushalmi
TgO_Genesis,43,13,0.0,0.0,0.0,0.8571,0.0,0.0,0.0,7.0,2.25,0.0,0.0,0.7333341,Yerushalmi
TgO_Genesis,43,14,0.0,0.0,0.0,0.6111,0.0,0.0,0.0,18.0,3.5263,0.0,0.0,0.96441936,Yerushalmi
TgO_Genesis,43,15,0.0,0.0,0.0,0.55,0.0,0.0,0.0,20.0,3.3333,0.0,0.0,0.9682069,Yerushalmi
TgO_Genesis,43,16,0.0,0.0,0.0,0.5714,0.0,0.0,0.0,21.0,2.7273,0.0,0.0,0.9819877,Yerushalmi
TgO_Genesis,43,17,0.0,0.0,0.0,0.5455,0.0,0.0,0.0,11.0,3.25,0.0,0.0,0.8859285,Yerushalmi
TgO_Genesis,43,18,0.0,0.0,0.0,0.6667,0.0,0.0,0.0,24.0,3.0,0.0,0.0,0.97504485,Yerushalmi
TgO_Genesis,43,19,0.0,0.0,0.0,0.7273,0.0,0.0,0.0,11.0,2.4167,0.0,0.0,0.8575214,Yerushalmi
TgO_Genesis,43,20,0.0,0.0,0.0,0.875,0.0,0.0,0.0,8.0,3.3333,0.0,0.0,0.8521892,Yerushalmi
TgO_Genesis,43,21,0.0,0.0,0.0,0.5294,0.0,0.0,0.0,17.0,2.2222,0.0,0.0,0.978905,Yerushalmi
TgO_Genesis,43,22,0.0,0.0,0.0,0.9167,0.0,0.0,0.0,12.0,2.6154,0.0,0.0,0.953167,Yerushalmi
TgO_Genesis,43,23,0.0,0.0,0.0,0.6842,0.0,0.0,0.0,19.0,3.1,0.0,0.0,0.9766503,Yerushalmi
TgO_Genesis,43,24,0.0,0.0,0.0,0.6154,0.0,0.0,0.0,13.0,2.6429,0.0,0.0,0.9212985,Yerushalmi
TgO_Genesis,43,25,0.0,0.0,0.0,0.8462,0.0,0.0,0.0,13.0,2.9286,0.0,0.0,0.9538124,Yerushalmi
TgO_Genesis,43,26,0.0,0.0,0.0,0.5385,0.0,0.0,0.0,13.0,2.7857,0.0,0.0,0.924882,Yerushalmi
TgO_Genesis,43,27,0.0,0.0,0.0,0.75,0.0,0.0,0.0,12.0,2.6154,0.0,0.0,0.907887,Yerushalmi
TgO_Genesis,43,28,0.0,0.0,0.0,0.7778,0.0,0.0,0.0,9.0,2.2,0.0,0.0,0.77154744,Yerushalmi
TgO_Genesis,43,29,0.0,0.0,0.0,0.65,0.0,0.0,0.0,20.0,2.7619,0.0,0.0,0.98292106,Yerushalmi
TgO_Genesis,43,30,0.0,0.0,0.0,0.7143,0.0,0.0,0.0,14.0,3.2,0.0,0.0,0.95117754,Yerushalmi
TgO_Genesis,43,31,0.0,0.0,0.0,0.5714,0.0,0.0,0.0,7.0,2.25,0.0,0.0,0.5279235,Yerushalmi
TgO_Genesis,43,32,0.0,0.0,0.0,0.5,0.0,0.0,0.0,24.0,3.28,0.0,0.0,0.9560394,Yerushalmi
TgO_Genesis,43,33,0.0,0.0,0.0,0.6,0.0,0.0,0.0,10.0,2.0909,0.0,0.0,0.7480912,Yerushalmi
TgO_Genesis,43,34,0.0,0.0,0.0,0.5714,0.0,0.0,0.0,14.0,3.3333,0.0,0.0,0.948531,Yerushalmi
TgO_Genesis,44,1,0.0,0.0,0.0,0.6667,0.0,0.0,0.0,21.0,2.7727,0.0,0.0,0.9838109,Yerushalmi
TgO_Genesis,44,2,0.0,0.0,0.0,0.6667,0.0,0.0,0.0,15.0,3.0625,0.0,0.0,0.9594627,Yerushalmi
TgO_Genesis,44,3,0.0,0.0,0.0,0.8333,0.0,0.0,0.0,6.0,2.4286,0.0,0.0,0.6538595,Yerushalmi
TgO_Genesis,44,4,0.0,0.0,0.0,0.8696,0.0,0.0,0.0,23.0,2.875,0.0,0.0,0.9903412,Yerushalmi
TgO_Genesis,44,5,0.0,0.0,0.0,0.8182,0.0,0.0,0.0,11.0,2.5833,0.0,0.0,0.8965268,Yerushalmi
TgO_Genesis,44,6,0.0,0.0,0.0,0.8333,0.0,0.0,0.0,6.0,2.2857,0.0,0.0,0.64398795,Yerushalmi
TgO_Genesis,44,7,0.0,0.0,0.0,0.8333,0.0,0.0,0.0,12.0,2.6154,0.0,0.0,0.92996943,Yerushalmi
TgO_Genesis,44,8,0.0,0.0,0.0,0.7778,0.0,0.0,0.0,18.0,2.8421,0.0,0.0,0.98334914,Yerushalmi
TgO_Genesis,44,9,0.0,0.0,0.0,1.0,0.0,0.0,0.0,9.0,2.7,0.0,0.0,0.93647635,Yerushalmi
TgO_Genesis,44,10,0.0,0.0,0.0,0.7857,0.0,0.0,0.0,14.0,2.5333,0.0,0.0,0.9591458,Yerushalmi
TgO_Genesis,44,11,0.0,0.0,0.0,0.5455,0.0,0.0,0.0,11.0,2.3333,0.0,0.0,0.8201412,Yerushalmi
TgO_Genesis,44,12,0.0,0.0,0.0,0.6667,0.0,0.0,0.0,9.0,3.3,0.0,0.0,0.8031602,Yerushalmi
TgO_Genesis,44,13,0.0,0.0,0.0,0.75,0.0,0.0,0.0,8.0,2.4444,0.0,0.0,0.7006843,Yerushalmi
TgO_Genesis,44,14,0.0,0.0,0.0,0.6154,0.0,0.0,0.0,13.0,2.7857,0.0,0.0,0.9244733,Yerushalmi
TgO_Genesis,44,15,0.0,0.0,0.0,0.7857,0.0,0.0,0.0,14.0,3.2667,0.0,0.0,0.9574692,Yerushalmi
TgO_Genesis,44,16,0.0,0.0,0.0,0.6667,0.0,0.0,0.0,24.0,3.12,0.0,0.0,0.9707593,Yerushalmi
TgO_Genesis,44,17,0.0,0.0,0.0,0.7895,0.0,0.0,0.0,19.0,2.55,0.0,0.0,0.98964626,Yerushalmi
TgO_Genesis,44,18,0.0,0.0,0.0,0.8,0.0,0.0,0.0,20.0,3.0,0.0,0.0,0.9850125,Yerushalmi
TgO_Genesis,44,19,0.0,0.0,0.0,0.9,0.0,0.0,0.0,10.0,2.7273,0.0,0.0,0.90861034,Yerushalmi
TgO_Genesis,44,20,0.0,0.0,0.0,0.6667,0.0,0.0,0.0,18.0,3.0526,0.0,0.0,0.97505844,Yerushalmi
TgO_Genesis,44,21,0.0,0.0,0.0,0.8571,0.0,0.0,0.0,7.0,2.25,0.0,0.0,0.7333341,Yerushalmi
TgO_Genesis,44,22,0.0,0.0,0.0,0.7692,0.0,0.0,0.0,13.0,2.4286,0.0,0.0,0.93779385,Yerushalmi
TgO_Genesis,44,23,0.0,0.0,0.0,0.9167,0.0,0.0,0.0,12.0,2.4615,0.0,0.0,0.95279753,Yerushalmi
TgO_Genesis,44,24,0.0,0.0,0.0,0.9091,0.0,0.0,0.0,11.0,2.6667,0.0,0.0,0.93383014,Yerushalmi
TgO_Genesis,44,25,0.0,0.0,0.0,0.8571,0.0,0.0,0.0,7.0,2.875,0.0,0.0,0.7724205,Yerushalmi
TgO_Genesis,44,26,0.0,0.0,0.0,0.7,0.0,0.0,0.0,20.0,2.5714,0.0,0.0,0.98761773,Yerushalmi
TgO_Genesis,44,27,0.0,0.0,0.0,0.8182,0.0,0.0,0.0,11.0,3.0833,0.0,0.0,0.909585,Yerushalmi
TgO_Genesis,44,28,0.0,0.0,0.0,0.7273,0.0,0.0,0.0,11.0,2.5833,0.0,0.0,0.8634533,Yerushalmi
TgO_Genesis,44,29,0.0,0.0,0.0,0.8333,0.0,0.0,0.0,12.0,2.7692,0.0,0.0,0.9317518,Yerushalmi
TgO_Genesis,44,30,0.0,0.0,0.0,0.6667,0.0,0.0,0.0,12.0,2.3846,0.0,0.0,0.8856563,Yerushalmi
TgO_Genesis,44,31,0.0,0.0,0.0,0.8,0.0,0.0,0.0,15.0,2.5625,0.0,0.0,0.97238165,Yerushalmi
TgO_Genesis,44,32,0.0,0.0,0.0,0.8235,0.0,0.0,0.0,17.0,2.9444,0.0,0.0,0.9817566,Yerushalmi
TgO_Genesis,44,33,0.0,0.0,0.0,0.8333,0.0,0.0,0.0,12.0,2.6923,0.0,0.0,0.9308034,Yerushalmi
TgO_Genesis,44,34,0.0,0.0,0.0,0.9286,0.0,0.0,0.0,14.0,2.8,0.0,0.0,0.9769284,Yerushalmi
TgO_Genesis,45,1,0.0,0.0,0.0,0.5909,0.0,0.0,0.0,22.0,2.913,0.0,0.0,0.9777521,Yerushalmi
TgO_Genesis,45,2,0.0,0.0,0.0,0.8,0.0,0.0,0.0,10.0,2.2727,0.0,0.0,0.8413194,Yerushalmi
TgO_Genesis,45,3,0.0,0.0,0.0,0.7778,0.0,0.0,0.0,18.0,3.0526,0.0,0.0,0.98028946,Yerushalmi
TgO_Genesis,45,4,0.0,0.0,0.0,0.5714,0.0,0.0,0.0,14.0,4.1333,0.0,0.0,0.93320936,Yerushalmi
TgO_Genesis,45,5,0.0,0.0,0.0,0.8125,0.0,0.0,0.0,16.0,2.5882,0.0,0.0,0.98051274,Yerushalmi
TgO_Genesis,45,6,0.0,0.0,0.0,0.8462,0.0,0.0,0.0,13.0,2.7857,0.0,0.0,0.95328254,Yerushalmi
TgO_Genesis,45,7,0.0,0.0,0.0,0.7273,0.0,0.0,0.0,11.0,3.0833,0.0,0.0,0.88535494,Yerushalmi
TgO_Genesis,45,8,0.0,0.0,0.0,0.8,0.0,0.0,0.0,20.0,3.1905,0.0,0.0,0.9816105,Yerushalmi
TgO_Genesis,45,9,0.0,0.0,0.0,0.7895,0.0,0.0,0.0,19.0,2.9,0.0,0.0,0.9850415,Yerushalmi
TgO_Genesis,45,10,0.0,0.0,0.0,0.4615,0.0,0.0,0.0,13.0,3.0,0.0,0.0,0.9364012,Yerushalmi
TgO_Genesis,45,11,0.0,0.0,0.0,0.8,0.0,0.0,0.0,15.0,2.8125,0.0,0.0,0.9703849,Yerushalmi
TgO_Genesis,45,12,0.0,0.0,0.0,0.8182,0.0,0.0,0.0,11.0,2.75,0.0,0.0,0.9006388,Yerushalmi
TgO_Genesis,45,13,0.0,0.0,0.0,0.5714,0.0,0.0,0.0,14.0,2.1333,0.0,0.0,0.94161475,Yerushalmi
TgO_Genesis,45,14,0.0,0.0,0.0,0.5,0.0,0.0,0.0,10.0,2.8182,0.0,0.0,0.81158257,Yerushalmi
TgO_Genesis,45,15,0.0,0.0,0.0,0.7,0.0,0.0,0.0,10.0,1.9091,0.0,0.0,0.78288376,Yerushalmi
TgO_Genesis,45,16,0.0,0.0,0.0,0.6923,0.0,0.0,0.0,13.0,2.7143,0.0,0.0,0.92837125,Yerushalmi
TgO_Genesis,45,17,0.0,0.0,0.0,0.7333,0.0,0.0,0.0,15.0,3.25,0.0,0.0,0.9616928,Yerushalmi
TgO_Genesis,45,18,0.0,0.0,0.0,0.4444,0.0,0.0,0.0,18.0,2.6316,0.0,0.0,0.97845775,Yerushalmi
TgO_Genesis,45,19,0.0,0.0,0.0,0.6667,0.0,0.0,0.0,15.0,2.8125,0.0,0.0,0.9606037,Yerushalmi
TgO_Genesis,45,20,0.0,0.0,0.0,0.9167,0.0,0.0,0.0,12.0,2.7692,0.0,0.0,0.9539356,Yerushalmi
TgO_Genesis,45,21,0.0,0.0,0.0,0.6,0.0,0.0,0.0,15.0,3.5625,0.0,0.0,0.95434266,Yerushalmi
TgO_Genesis,45,22,0.0,0.0,0.0,0.7143,0.0,0.0,0.0,14.0,3.0,0.0,0.0,0.95110416,Yerushalmi
TgO_Genesis,45,23,0.0,0.0,0.0,0.6875,0.0,0.0,0.0,16.0,3.0588,0.0,0.0,0.967723,Yerushalmi
TgO_Genesis,45,24,0.0,0.0,0.0,0.6667,0.0,0.0,0.0,9.0,2.3,0.0,0.0,0.7088188,Yerushalmi
TgO_Genesis,45,25,0.0,0.0,0.0,0.625,0.0,0.0,0.0,8.0,2.8889,0.0,0.0,0.69379365,Yerushalmi
TgO_Genesis,45,26,0.0,0.0,0.0,0.7273,0.0,0.0,0.0,22.0,3.1739,0.0,0.0,0.97687113,Yerushalmi
TgO_Genesis,45,27,0.0,0.0,0.0,0.619,0.0,0.0,0.0,21.0,2.9545,0.0,0.0,0.9783021,Yerushalmi
TgO_Genesis,45,28,0.0,0.0,0.0,0.7857,0.0,0.0,0.0,14.0,3.1333,0.0,0.0,0.9578503,Yerushalmi
TgO_Genesis,46,1,0.0,0.0,0.0,0.3636,0.0,0.0,0.0,11.0,3.8333,0.0,0.0,0.9282464,Yerushalmi
TgO_Genesis,46,2,0.0,0.0,0.0,0.4167,0.0,0.0,0.0,12.0,3.3846,0.0,0.0,0.93374336,Yerushalmi
TgO_Genesis,46,3,0.0,0.0,0.0,0.9286,0.0,0.0,0.0,14.0,2.8667,0.0,0.0,0.9767358,Yerushalmi
TgO_Genesis,46,4,0.0,0.0,0.0,0.7692,0.0,0.0,0.0,13.0,2.8571,0.0,0.0,0.9401855,Yerushalmi
TgO_Genesis,46,5,0.0,0.0,0.0,0.6111,0.0,0.0,0.0,18.0,2.9474,0.0,0.0,0.97522616,Yerushalmi
TgO_Genesis,46,6,0.0,0.0,0.0,0.6,0.0,0.0,0.0,15.0,3.0625,0.0,0.0,0.95804447,Yerushalmi
TgO_Genesis,46,7,0.0,0.0,0.0,0.7,0.0,0.0,0.0,10.0,3.4545,0.0,0.0,0.86003834,Yerushalmi
TgO_Genesis,46,8,0.0,0.0,0.0,0.4545,0.0,0.0,0.0,11.0,4.1667,0.0,0.0,0.9044272,Yerushalmi
TgO_Genesis,46,9,0.0,0.0,0.0,0.1667,0.0,0.0,0.0,6.0,3.0,0.0,0.0,0.81665534,Yerushalmi
TgO_Genesis,46,10,0.0,0.0,0.0,0.3,0.0,0.0,0.0,10.0,3.0,0.0,0.0,0.88622165,Yerushalmi
TgO_Genesis,46,11,0.0,0.0,0.0,0.2,0.0,0.0,0.0,5.0,3.6667,0.0,0.0,0.821596,Yerushalmi
TgO_Genesis,46,12,0.0,0.0,0.0,0.1765,0.0,0.0,0.0,17.0,3.0,0.0,0.0,0.9831659,Yerushalmi
TgO_Genesis,46,13,0.0,0.0,0.0,0.1667,0.0,0.0,0.0,6.0,3.4286,0.0,0.0,0.85176814,Yerushalmi
TgO_Genesis,46,14,0.0,0.0,0.0,0.2,0.0,0.0,0.0,5.0,3.0,0.0,0.0,0.76222825,Yerushalmi
TgO_Genesis,46,15,0.0,0.0,0.0,0.5625,0.0,0.0,0.0,16.0,3.4706,0.0,0.0,0.96115655,Yerushalmi
TgO_Genesis,46,16,0.0,0.0,0.0,0.1111,0.0,0.0,0.0,9.0,3.0,0.0,0.0,0.9220706,Yerushalmi
TgO_Genesis,46,17,0.0,0.0,0.0,0.1667,0.0,0.0,0.0,12.0,3.1538,0.0,0.0,0.9631048,Yerushalmi
TgO_Genesis,46,18,0.0,0.0,0.0,0.6154,0.0,0.0,0.0,13.0,4.0,0.0,0.0,0.9274164,Yerushalmi
TgO_Genesis,46,19,0.0,0.0,0.0,0.5,0.0,0.0,0.0,6.0,3.2857,0.0,0.0,0.6480876,Yerushalmi
TgO_Genesis,46,20,0.0,0.0,0.0,0.4,0.0,0.0,0.0,15.0,4.625,0.0,0.0,0.9215487,Yerushalmi
TgO_Genesis,46,21,0.0,0.0,0.0,0.0833,0.0,0.0,0.0,12.0,3.6923,0.0,0.0,0.9740272,Yerushalmi
TgO_Genesis,46,22,0.0,0.0,0.0,0.6667,0.0,0.0,0.0,9.0,3.9,0.0,0.0,0.8292539,Yerushalmi
TgO_Genesis,46,23,0.0,0.0,0.0,0.5,0.0,0.0,0.0,3.0,3.0,0.0,0.0,0.46639422,Bavli
TgO_Genesis,46,24,0.0,0.0,0.0,0.1667,0.0,0.0,0.0,6.0,3.4286,0.0,0.0,0.85176814,Yerushalmi
TgO_Genesis,46,25,0.0,0.0,0.0,0.6429,0.0,0.0,0.0,14.0,3.6667,0.0,0.0,0.94518113,Yerushalmi
TgO_Genesis,46,26,0.0,0.0,0.0,0.6471,0.0,0.0,0.0,17.0,3.6667,0.0,0.0,0.96026367,Yerushalmi
TgO_Genesis,46,27,0.0,0.0,0.0,0.6,0.0,0.0,0.0,15.0,3.6875,0.0,0.0,0.9521989,Yerushalmi
TgO_Genesis,46,28,0.0,0.0,0.0,0.5,0.0,0.0,0.0,12.0,4.0,0.0,0.0,0.9215446,Yerushalmi
TgO_Genesis,46,29,0.0,0.0,0.0,0.4118,0.0,0.0,0.0,17.0,3.2222,0.0,0.0,0.97174233,Yerushalmi
TgO_Genesis,46,30,0.0,0.0,0.0,0.7619,0.0,0.0,0.0,21.0,3.0,0.0,0.0,0.98340136,Yerushalmi
TgO_Genesis,46,31,0.0,0.0,0.0,0.4667,0.0,0.0,0.0,15.0,2.9375,0.0,0.0,0.9606267,Yerushalmi
TgO_Genesis,46,32,0.0,0.0,0.0,0.7692,0.0,0.0,0.0,13.0,2.5,0.0,0.0,0.9379091,Yerushalmi
TgO_Genesis,46,33,0.0,0.0,0.0,0.75,0.0,0.0,0.0,8.0,2.8889,0.0,0.0,0.74229336,Yerushalmi
TgO_Genesis,46,34,0.0,0.0,0.0,0.8696,0.0,0.0,0.0,23.0,2.875,0.0,0.0,0.9903412,Yerushalmi
TgO_Genesis,47,1,0.0,0.0,0.0,0.4118,0.0,0.0,0.0,17.0,3.1111,0.0,0.0,0.9724895,Yerushalmi
TgO_Genesis,47,2,0.0,0.0,0.0,0.8889,0.0,0.0,0.0,9.0,2.4,0.0,0.0,0.86330986,Yerushalmi
TgO_Genesis,47,3,0.0,0.0,0.0,0.7333,0.0,0.0,0.0,15.0,2.6875,0.0,0.0,0.96557283,Yerushalmi
TgO_Genesis,47,4,0.0,0.0,0.0,0.5909,0.0,0.0,0.0,22.0,3.1739,0.0,0.0,0.9701608,Yerushalmi
TgO_Genesis,47,5,0.0,0.0,0.0,0.75,0.0,0.0,0.0,8.0,2.7778,0.0,0.0,0.7313284,Yerushalmi
TgO_Genesis,47,6,0.0,0.0,0.0,0.64,0.0,0.0,0.0,25.0,2.8846,0.0,0.0,0.97495943,Yerushalmi
TgO_Genesis,47,7,0.0,0.0,0.0,0.4167,0.0,0.0,0.0,12.0,3.3077,0.0,0.0,0.931862,Yerushalmi
TgO_Genesis,47,8,0.0,0.0,0.0,0.8571,0.0,0.0,0.0,7.0,3.5,0.0,0.0,0.805594,Yerushalmi
TgO_Genesis,47,9,0.0,0.0,0.0,0.5417,0.0,0.0,0.0,24.0,3.08,0.0,0.0,0.965873,Yerushalmi
TgO_Genesis,47,10,0.0,0.0,0.0,0.5714,0.0,0.0,0.0,7.0,3.125,0.0,0.0,0.6634026,Yerushalmi
TgO_Genesis,47,11,0.0,0.0,0.0,0.5,0.0,0.0,0.0,18.0,3.3684,0.0,0.0,0.9684242,Yerushalmi
TgO_Genesis,47,12,0.0,0.0,0.0,0.75,0.0,0.0,0.0,12.0,2.7692,0.0,0.0,0.91129965,Yerushalmi
TgO_Genesis,47,13,0.0,0.0,0.0,0.5882,0.0,0.0,0.0,17.0,3.5,0.0,0.0,0.9633663,Yerushalmi
TgO_Genesis,47,14,0.0,0.0,0.0,0.5263,0.0,0.0,0.0,19.0,3.4,0.0,0.0,0.96750134,Yerushalmi
TgO_Genesis,47,15,0.0,0.0,0.0,0.5652,0.0,0.0,0.0,23.0,3.3333,0.0,0.0,0.96033156,Yerushalmi
TgO_Genesis,47,16,0.0,0.0,0.0,0.7,0.0,0.0,0.0,10.0,2.9091,0.0,0.0,0.8286201,Yerushalmi
TgO_Genesis,47,17,0.0,0.0,0.0,0.4286,0.0,0.0,0.0,21.0,2.7727,0.0,0.0,0.9798832,Yerushalmi
TgO_Genesis,47,18,0.0,0.0,0.0,0.6296,0.0,0.0,0.0,27.0,2.9286,0.0,0.0,0.96504277,Yerushalmi
TgO_Genesis,47,19,0.0,0.0,0.0,0.5769,0.0,0.0,0.0,26.0,2.8889,0.0,0.0,0.96768177,Yerushalmi
TgO_Genesis,47,20,0.0,0.0,0.0,0.7,0.0,0.0,0.0,20.0,3.0476,0.0,0.0,0.9792161,Yerushalmi
TgO_Genesis,47,21,0.0,0.0,0.0,0.6923,0.0,0.0,0.0,13.0,2.7857,0.0,0.0,0.9294282,Yerushalmi
TgO_Genesis,47,22,0.0,0.0,0.0,0.6667,0.0,0.0,0.0,21.0,3.3636,0.0,0.0,0.96922106,Yerushalmi
TgO_Genesis,47,23,0.0,0.0,0.0,0.5556,0.0,0.0,0.0,18.0,3.2105,0.0,0.0,0.9703941,Yerushalmi
TgO_Genesis,47,24,0.0,0.0,0.0,0.65,0.0,0.0,0.0,20.0,2.9048,0.0,0.0,0.9802152,Yerushalmi
TgO_Genesis,47,25,0.0,0.0,0.0,0.8889,0.0,0.0,0.0,9.0,2.8,0.0,0.0,0.8760315,Yerushalmi
TgO_Genesis,47,26,0.0,0.0,0.0,0.75,0.0,0.0,0.0,24.0,3.36,0.0,0.0,0.96832556,Yerushalmi
TgO_Genesis,47,27,0.0,0.0,0.0,0.2727,0.0,0.0,0.0,11.0,3.3333,0.0,0.0,0.93715775,Yerushalmi
TgO_Genesis,47,28,0.0,0.0,0.0,0.4667,0.0,0.0,0.0,15.0,3.5,0.0,0.0,0.9603005,Yerushalmi
TgO_Genesis,47,29,0.0,0.0,0.0,0.6296,0.0,0.0,0.0,27.0,2.8929,0.0,0.0,0.966837,Yerushalmi
TgO_Genesis,47,30,0.0,0.0,0.0,0.9091,0.0,0.0,0.0,11.0,2.1667,0.0,0.0,0.9314313,Yerushalmi
TgO_Genesis,47,31,0.0,0.0,0.0,0.5,0.0,0.0,0.0,10.0,2.6364,0.0,0.0,0.7905022,Yerushalmi
TgO_Genesis,48,1,0.0,0.0,0.0,0.6316,0.0,0.0,0.0,19.0,3.25,0.0,0.0,0.971722,Yerushalmi
TgO_Genesis,48,2,0.0,0.0,0.0,0.5385,0.0,0.0,0.0,13.0,3.0,0.0,0.0,0.9308263,Yerushalmi
TgO_Genesis,48,3,0.0,0.0,0.0,0.5,0.0,0.0,0.0,12.0,3.3846,0.0,0.0,0.92320114,Yerushalmi
TgO_Genesis,48,4,0.0,0.0,0.0,0.6,0.0,0.0,0.0,20.0,2.6667,0.0,0.0,0.98321724,Yerushalmi
TgO_Genesis,48,5,0.0,0.0,0.0,0.6842,0.0,0.0,0.0,19.0,3.6,0.0,0.0,0.96503055,Yerushalmi
TgO_Genesis,48,6,0.0,0.0,0.0,1.0,0.0,0.0,0.0,10.0,2.3636,0.0,0.0,0.9484793,Yerushalmi
TgO_Genesis,48,7,0.0,0.0,0.0,0.5,0.0,0.0,0.0,20.0,3.5714,0.0,0.0,0.962277,Yerushalmi
TgO_Genesis,48,8,0.0,0.0,0.0,0.625,0.0,0.0,0.0,8.0,2.7778,0.0,0.0,0.6782497,Yerushalmi
TgO_Genesis,48,9,0.0,0.0,0.0,0.7143,0.0,0.0,0.0,14.0,2.7333,0.0,0.0,0.9507176,Yerushalmi
TgO_Genesis,48,10,0.0,0.0,0.0,0.5714,0.0,0.0,0.0,14.0,2.9333,0.0,0.0,0.94611764,Yerushalmi
TgO_Genesis,48,11,0.0,0.0,0.0,0.6429,0.0,0.0,0.0,14.0,2.8667,0.0,0.0,0.94652224,Yerushalmi
TgO_Genesis,48,12,0.0,0.0,0.0,0.6667,0.0,0.0,0.0,9.0,3.0,0.0,0.0,0.7763013,Yerushalmi
TgO_Genesis,48,13,0.0,0.0,0.0,0.4375,0.0,0.0,0.0,16.0,3.7647,0.0,0.0,0.96147984,Yerushalmi
TgO_Genesis,48,14,0.0,0.0,0.0,0.55,0.0,0.0,0.0,20.0,3.6667,0.0,0.0,0.95880437,Yerushalmi
TgO_Genesis,48,15,0.0,0.0,0.0,0.6471,0.0,0.0,0.0,17.0,2.7778,0.0,0.0,0.9749242,Yerushalmi
TgO_Genesis,48,16,0.0,0.0,0.0,0.7727,0.0,0.0,0.0,22.0,2.913,0.0,0.0,0.98547935,Yerushalmi
TgO_Genesis,48,17,0.0,0.0,0.0,0.5417,0.0,0.0,0.0,24.0,3.4,0.0,0.0,0.9512634,Yerushalmi
TgO_Genesis,48,18,0.0,0.0,0.0,0.8462,0.0,0.0,0.0,13.0,2.7143,0.0,0.0,0.9530798,Yerushalmi
TgO_Genesis,48,19,0.0,0.0,0.0,0.6522,0.0,0.0,0.0,23.0,2.4167,0.0,0.0,0.98935455,Yerushalmi
TgO_Genesis,48,20,0.0,0.0,0.0,0.5882,0.0,0.0,0.0,17.0,3.2222,0.0,0.0,0.9679184,Yerushalmi
TgO_Genesis,48,21,0.0,0.0,0.0,0.7692,0.0,0.0,0.0,13.0,3.0,0.0,0.0,0.94142205,Yerushalmi
TgO_Genesis,48,22,0.0,0.0,0.0,0.75,0.0,0.0,0.0,16.0,2.4706,0.0,0.0,0.9776381,Yerushalmi
TgO_Genesis,49,1,0.0,0.0,0.0,0.5385,0.0,0.0,0.0,13.0,2.5714,0.0,0.0,0.91871345,Yerushalmi
TgO_Genesis,49,2,0.0,0.0,0.0,0.6667,0.0,0.0,0.0,9.0,3.3,0.0,0.0,0.8031602,Yerushalmi
TgO_Genesis,49,3,0.0,0.0,0.0,0.8,0.0,0.0,0.0,15.0,3.375,0.0,0.0,0.9660143,Yerushalmi
TgO_Genesis,49,4,0.0,0.0,0.0,0.9091,0.0,0.0,0.0,22.0,3.2609,0.0,0.0,0.9868146,Yerushalmi
TgO_Genesis,49,5,0.0,0.0,0.0,0.8889,0.0,0.0,0.0,9.0,3.3,0.0,0.0,0.89096,Yerushalmi
TgO_Genesis,49,6,0.0,0.0,0.0,0.8333,0.0,0.0,0.0,18.0,2.5263,0.0,0.0,0.98972034,Yerushalmi
TgO_Genesis,49,7,0.0,0.0,0.0,0.8182,0.0,0.0,0.0,11.0,2.6667,0.0,0.0,0.89849174,Yerushalmi
TgO_Genesis,49,8,0.0,0.0,0.0,0.76,0.0,0.0,0.0,25.0,3.0,0.0,0.0,0.9792055,Yerushalmi
TgO_Genesis,49,9,0.0,0.0,0.0,0.7727,0.0,0.0,0.0,22.0,2.7826,0.0,0.0,0.98783344,Yerushalmi
TgO_Genesis,49,10,0.0,0.0,0.0,0.7895,0.0,0.0,0.0,19.0,2.9,0.0,0.0,0.9850415,Yerushalmi
TgO_Genesis,49,11,0.0,0.0,0.0,0.7083,0.0,0.0,0.0,24.0,3.84,0.0,0.0,0.94128925,Yerushalmi
TgO_Genesis,49,12,0.0,0.0,0.0,0.8182,0.0,0.0,0.0,11.0,2.4167,0.0,0.0,0.89344126,Yerushalmi
TgO_Genesis,49,13,0.0,0.0,0.0,0.7059,0.0,0.0,0.0,17.0,2.8889,0.0,0.0,0.97576267,Yerushalmi
TgO_Genesis,49,14,0.0,0.0,0.0,0.8333,0.0,0.0,0.0,6.0,4.0,0.0,0.0,0.7550043,Yerushalmi
TgO_Genesis,49,15,0.0,0.0,0.0,0.7083,0.0,0.0,0.0,24.0,2.56,0.0,0.0,0.9882327,Yerushalmi
TgO_Genesis,49,16,0.0,0.0,0.0,0.7692,0.0,0.0,0.0,13.0,2.9286,0.0,0.0,0.94080895,Yerushalmi
TgO_Genesis,49,17,0.0,0.0,0.0,0.7714,0.0,0.0,0.0,35.0,2.9167,0.0,0.0,0.9350746,Yerushalmi
TgO_Genesis,49,18,0.0,0.0,0.0,0.5,0.0,0.0,0.0,3.0,2.75,0.0,0.0,0.41929463,Bavli
TgO_Genesis,49,19,0.0,0.0,0.0,0.9375,0.0,0.0,0.0,16.0,2.5882,0.0,0.0,0.9888737,Yerushalmi
TgO_Genesis,49,20,0.0,0.0,0.0,0.8571,0.0,0.0,0.0,7.0,3.375,0.0,0.0,0.80107063,Yerushalmi
TgO_Genesis,49,21,0.0,0.0,0.0,0.7692,0.0,0.0,0.0,13.0,2.7857,0.0,0.0,0.9395822,Yerushalmi
TgO_Genesis,49,22,0.0,0.0,0.0,0.8824,0.0,0.0,0.0,17.0,2.8333,0.0,0.0,0.9866481,Yerushalmi
TgO_Genesis,49,23,0.0,0.0,0.0,0.7778,0.0,0.0,0.0,9.0,2.7,0.0,0.0,0.7978281,Yerushalmi
TgO_Genesis,49,24,0.0,0.0,0.0,0.7188,0.0,0.0,0.0,32.0,3.5152,0.0,0.0,0.88212895,Yerushalmi
TgO_Genesis,49,25,0.0,0.0,0.0,0.7143,0.0,0.0,0.0,21.0,3.0455,0.0,0.0,0.98004484,Yerushalmi
TgO_Genesis,49,26,0.0,0.0,0.0,0.7619,0.0,0.0,0.0,21.0,3.1818,0.0,0.0,0.9795071,Yerushalmi
TgO_Genesis,49,27,0.0,0.0,0.0,0.7619,0.0,0.0,0.0,21.0,3.1818,0.0,0.0,0.9795071,Yerushalmi
TgO_Genesis,49,28,0.0,0.0,0.0,0.75,0.0,0.0,0.0,16.0,3.0588,0.0,0.0,0.97115177,Yerushalmi
TgO_Genesis,49,29,0.0,0.0,0.0,0.6667,0.0,0.0,0.0,15.0,2.8125,0.0,0.0,0.9606037,Yerushalmi
TgO_Genesis,49,30,0.0,0.0,0.0,0.625,0.0,0.0,0.0,16.0,4.0588,0.0,0.0,0.94541,Yerushalmi
TgO_Genesis,49,31,0.0,0.0,0.0,0.2778,0.0,0.0,0.0,18.0,3.5263,0.0,0.0,0.9764453,Yerushalmi
TgO_Genesis,49,32,0.0,0.0,0.0,1.0,0.0,0.0,0.0,7.0,2.375,0.0,0.0,0.88718,Yerushalmi
TgO_Genesis,49,33,0.0,0.0,0.0,0.6364,0.0,0.0,0.0,11.0,2.5,0.0,0.0,0.8379304,Yerushalmi
TgO_Genesis,50,1,0.0,0.0,0.0,0.5,0.0,0.0,0.0,8.0,3.0,0.0,0.0,0.71837,Yerushalmi
TgO_Genesis,50,2,0.0,0.0,0.0,0.4615,0.0,0.0,0.0,13.0,2.7857,0.0,0.0,0.9297979,Yerushalmi
TgO_Genesis,50,3,0.0,0.0,0.0,0.7143,0.0,0.0,0.0,14.0,3.2,0.0,0.0,0.95117754,Yerushalmi
TgO_Genesis,50,4,0.0,0.0,0.0,0.7368,0.0,0.0,0.0,19.0,2.9,0.0,0.0,0.98256314,Yerushalmi
TgO_Genesis,50,5,0.0,0.0,0.0,0.7143,0.0,0.0,0.0,21.0,2.6364,0.0,0.0,0.9878504,Yerushalmi
TgO_Genesis,50,6,0.0,0.0,0.0,0.8889,0.0,0.0,0.0,9.0,2.6,0.0,0.0,0.8691275,Yerushalmi
TgO_Genesis,50,7,0.0,0.0,0.0,0.6875,0.0,0.0,0.0,16.0,2.9412,0.0,0.0,0.96895856,Yerushalmi
TgO_Genesis,50,8,0.0,0.0,0.0,0.5,0.0,0.0,0.0,12.0,3.0,0.0,0.0,0.90944016,Yerushalmi
TgO_Genesis,50,9,0.0,0.0,0.0,0.8,0.0,0.0,0.0,10.0,2.5455,0.0,0.0,0.8493569,Yerushalmi
TgO_Genesis,50,10,0.0,0.0,0.0,0.7647,0.0,0.0,0.0,17.0,3.0,0.0,0.0,0.97736657,Yerushalmi
TgO_Genesis,50,11,0.0,0.0,0.0,0.75,0.0,0.0,0.0,20.0,3.1905,0.0,0.0,0.97868407,Yerushalmi
TgO_Genesis,50,12,0.0,0.0,0.0,0.8333,0.0,0.0,0.0,6.0,2.7143,0.0,0.0,0.6784378,Yerushalmi
TgO_Genesis,50,13,0.0,0.0,0.0,0.619,0.0,0.0,0.0,21.0,3.7273,0.0,0.0,0.9548913,Yerushalmi
TgO_Genesis,50,14,0.0,0.0,0.0,0.5,0.0,0.0,0.0,16.0,2.8235,0.0,0.0,0.9671947,Yerushalmi
TgO_Genesis,50,15,0.0,0.0,0.0,0.65,0.0,0.0,0.0,20.0,3.0952,0.0,0.0,0.9761642,Yerushalmi
TgO_Genesis,50,16,0.0,0.0,0.0,0.7,0.0,0.0,0.0,10.0,3.4545,0.0,0.0,0.86003834,Yerushalmi
TgO_Genesis,50,17,0.0,0.0,0.0,0.6957,0.0,0.0,0.0,23.0,3.0417,0.0,0.0,0.9773772,Yerushalmi
TgO_Genesis,50,18,0.0,0.0,0.0,0.75,0.0,0.0,0.0,12.0,2.4615,0.0,0.0,0.90518856,Yerushalmi
TgO_Genesis,50,19,0.0,0.0,0.0,0.5833,0.0,0.0,0.0,12.0,3.3846,0.0,0.0,0.9162197,Yerushalmi
TgO_Genesis,50,20,0.0,0.0,0.0,0.9333,0.0,0.0,0.0,15.0,2.9375,0.0,0.0,0.9825429,Yerushalmi
TgO_Genesis,50,21,0.0,0.0,0.0,0.7143,0.0,0.0,0.0,14.0,2.4667,0.0,0.0,0.95100784,Yerushalmi
TgO_Genesis,50,22,0.0,0.0,0.0,0.5,0.0,0.0,0.0,10.0,2.8182,0.0,0.0,0.81158257,Yerushalmi
TgO_Genesis,50,23,0.0,0.0,0.0,0.3846,0.0,0.0,0.0,13.0,4.0,0.0,0.0,0.9466741,Yerushalmi
TgO_Genesis,50,24,0.0,0.0,0.0,0.5263,0.0,0.0,0.0,19.0,3.2,0.0,0.0,0.9716,Yerushalmi
TgO_Genesis,50,25,0.0,0.0,0.0,0.5714,0.0,0.0,0.0,14.0,2.8667,0.0,0.0,0.94544536,Yerushalmi
TgO_Genesis,50,26,0.0,0.0,0.0,0.5455,0.0,0.0,0.0,11.0,2.3333,0.0,0.0,0.8201412,Yerushalmi
TgO_Exodus,1,1,0.0,0.0,0.0,0.5833,0.0,0.0,0.0,12.0,3.5385,0.0,0.0,0.91845405,Yerushalmi
TgO_Exodus,1,2,0.0,0.0,0.0,0.25,0.0,0.0,0.0,4.0,4.2,0.0,0.0,0.78390396,Yerushalmi
TgO_Exodus,1,3,0.0,0.0,0.0,0.5,0.0,0.0,0.0,3.0,4.25,0.0,0.0,0.6388352,Yerushalmi
TgO_Exodus,1,4,0.0,0.0,0.0,0.25,0.0,0.0,0.0,4.0,2.0,0.0,0.0,0.5302229,Yerushalmi
TgO_Exodus,1,5,0.0,0.0,0.0,0.6667,0.0,0.0,0.0,12.0,3.4615,0.0,0.0,0.91677713,Yerushalmi
TgO_Exodus,1,6,0.0,0.0,0.0,0.5714,0.0,0.0,0.0,7.0,2.5,0.0,0.0,0.56024456,Yerushalmi
TgO_Exodus,1,7,0.0,0.0,0.0,0.4545,0.0,0.0,0.0,11.0,2.8333,0.0,0.0,0.869748,Yerushalmi
TgO_Exodus,1,8,0.0,0.0,0.0,0.7778,0.0,0.0,0.0,9.0,3.5,0.0,0.0,0.8446041,Yerushalmi
TgO_Exodus,1,9,0.0,0.0,0.0,0.6667,0.0,0.0,0.0,9.0,2.5,0.0,0.0,0.7250514,Yerushalmi
TgO_Exodus,1,10,0.0,0.0,0.0,0.75,0.0,0.0,0.0,20.0,2.7143,0.0,0.0,0.987293,Yerushalmi
TgO_Exodus,1,11,0.0,0.0,0.0,0.7333,0.0,0.0,0.0,15.0,3.6875,0.0,0.0,0.9559491,Yerushalmi
TgO_Exodus,1,12,0.0,0.0,0.0,0.75,0.0,0.0,0.0,12.0,3.1538,0.0,0.0,0.9200816,Yerushalmi
TgO_Exodus,1,13,0.0,0.0,0.0,0.8333,0.0,0.0,0.0,6.0,3.2857,0.0,0.0,0.7277734,Yerushalmi
TgO_Exodus,1,14,0.0,0.0,0.0,0.5625,0.0,0.0,0.0,16.0,2.6471,0.0,0.0,0.968103,Yerushalmi
TgO_Exodus,1,15,0.0,0.0,0.0,0.6364,0.0,0.0,0.0,11.0,3.75,0.0,0.0,0.89395213,Yerushalmi
TgO_Exodus,1,16,0.0,0.0,0.0,0.7778,0.0,0.0,0.0,18.0,2.4737,0.0,0.0,0.9879986,Yerushalmi
TgO_Exodus,1,17,0.0,0.0,0.0,0.7857,0.0,0.0,0.0,14.0,3.3333,0.0,0.0,0.957177,Yerushalmi
TgO_Exodus,1,18,0.0,0.0,0.0,0.7692,0.0,0.0,0.0,13.0,4.0,0.0,0.0,0.93628377,Yerushalmi
TgO_Exodus,1,19,0.0,0.0,0.0,0.8125,0.0,0.0,0.0,16.0,3.0588,0.0,0.0,0.97569495,Yerushalmi
TgO_Exodus,1,20,0.0,0.0,0.0,0.7143,0.0,0.0,0.0,7.0,2.25,0.0,0.0,0.58821553,Yerushalmi
TgO_Exodus,1,21,0.0,0.0,0.0,0.7778,0.0,0.0,0.0,9.0,3.0,0.0,0.0,0.8185603,Yerushalmi
TgO_Exodus,1,22,0.0,0.0,0.0,0.8571,0.0,0.0,0.0,14.0,2.5333,0.0,0.0,0.968719,Yerushalmi
TgO_Exodus,2,1,0.0,0.0,0.0,0.625,0.0,0.0,0.0,8.0,2.7778,0.0,0.0,0.6782497,Yerushalmi
TgO_Exodus,2,2,0.0,0.0,0.0,0.8333,0.0,0.0,0.0,12.0,2.3846,0.0,0.0,0.92849815,Yerushalmi
TgO_Exodus,2,3,0.0,0.0,0.0,0.6842,0.0,0.0,0.0,19.0,2.65,0.0,0.0,0.98446053,Yerushalmi
TgO_Exodus,2,4,0.0,0.0,0.0,0.8571,0.0,0.0,0.0,7.0,3.125,0.0,0.0,0.78852284,Yerushalmi
TgO_Exodus,2,5,0.0,0.0,0.0,0.6842,0.0,0.0,0.0,19.0,2.7,0.0,0.0,0.98369443,Yerushalmi
TgO_Exodus,2,6,0.0,0.0,0.0,0.7143,0.0,0.0,0.0,14.0,2.4667,0.0,0.0,0.95100784,Yerushalmi
TgO_Exodus,2,7,0.0,0.0,0.0,0.7333,0.0,0.0,0.0,15.0,3.0,0.0,0.0,0.9634973,Yerushalmi
TgO_Exodus,2,8,0.0,0.0,0.0,0.7273,0.0,0.0,0.0,11.0,2.5833,0.0,0.0,0.8634533,Yerushalmi
TgO_Exodus,2,9,0.0,0.0,0.0,0.5789,0.0,0.0,0.0,19.0,2.65,0.0,0.0,0.98157275,Yerushalmi
TgO_Exodus,2,10,0.0,0.0,0.0,0.625,0.0,0.0,0.0,16.0,2.5882,0.0,0.0,0.9700416,Yerushalmi
TgO_Exodus,2,11,0.0,0.0,0.0,0.5882,0.0,0.0,0.0,17.0,2.6667,0.0,0.0,0.9747631,Yerushalmi
TgO_Exodus,2,12,0.0,0.0,0.0,0.6667,0.0,0.0,0.0,12.0,2.3077,0.0,0.0,0.88410246,Yerushalmi
TgO_Exodus,2,13,0.0,0.0,0.0,0.8571,0.0,0.0,0.0,14.0,2.8,0.0,0.0,0.96759135,Yerushalmi
TgO_Exodus,2,14,0.0,0.0,0.0,0.8,0.0,0.0,0.0,20.0,2.8571,0.0,0.0,0.9872554,Yerushalmi
TgO_Exodus,2,15,0.0,0.0,0.0,0.5263,0.0,0.0,0.0,19.0,3.2,0.0,0.0,0.9716,Yerushalmi
TgO_Exodus,2,16,0.0,0.0,0.0,0.5,0.0,0.0,0.0,16.0,2.4706,0.0,0.0,0.9690341,Yerushalmi
TgO_Exodus,2,17,0.0,0.0,0.0,0.4444,0.0,0.0,0.0,9.0,2.2,0.0,0.0,0.6827694,Yerushalmi
TgO_Exodus,2,18,0.0,0.0,0.0,0.7,0.0,0.0,0.0,10.0,3.2727,0.0,0.0,0.8518169,Yerushalmi
TgO_Exodus,2,19,0.0,0.0,0.0,0.6923,0.0,0.0,0.0,13.0,2.6429,0.0,0.0,0.92738307,Yerushalmi
TgO_Exodus,2,20,0.0,0.0,0.0,0.7692,0.0,0.0,0.0,13.0,2.5714,0.0,0.0,0.93816614,Yerushalmi
TgO_Exodus,2,21,0.0,0.0,0.0,0.6,0.0,0.0,0.0,10.0,3.3636,0.0,0.0,0.84996885,Yerushalmi
TgO_Exodus,2,22,0.0,0.0,0.0,0.8333,0.0,0.0,0.0,12.0,3.7692,0.0,0.0,0.93815225,Yerushalmi
TgO_Exodus,2,23,0.0,0.0,0.0,0.6364,0.0,0.0,0.0,22.0,3.3043,0.0,0.0,0.96769327,Yerushalmi
TgO_Exodus,2,24,0.0,0.0,0.0,0.4667,0.0,0.0,0.0,15.0,3.3125,0.0,0.0,0.9612815,Yerushalmi
TgO_Exodus,2,25,0.0,0.0,0.0,0.7,0.0,0.0,0.0,10.0,3.0,0.0,0.0,0.8350402,Yerushalmi
TgO_Exodus,3,1,0.0,0.0,0.0,0.6522,0.0,0.0,0.0,23.0,3.1667,0.0,0.0,0.9708376,Yerushalmi
TgO_Exodus,3,2,0.0,0.0,0.0,0.625,0.0,0.0,0.0,16.0,2.7059,0.0,0.0,0.96891135,Yerushalmi
TgO_Exodus,3,3,0.0,0.0,0.0,0.8462,0.0,0.0,0.0,13.0,2.7143,0.0,0.0,0.9530798,Yerushalmi
TgO_Exodus,3,4,0.0,0.0,0.0,0.5625,0.0,0.0,0.0,16.0,3.0,0.0,0.0,0.9657054,Yerushalmi
TgO_Exodus,3,5,0.0,0.0,0.0,0.9375,0.0,0.0,0.0,16.0,2.7647,0.0,0.0,0.98770195,Yerushalmi
TgO_Exodus,3,6,0.0,0.0,0.0,0.5789,0.0,0.0,0.0,19.0,3.6,0.0,0.0,0.962331,Yerushalmi
TgO_Exodus,3,7,0.0,0.0,0.0,0.7368,0.0,0.0,0.0,19.0,3.0,0.0,0.0,0.9808588,Yerushalmi
TgO_Exodus,3,8,0.0,0.0,0.0,0.5455,0.0,0.0,0.0,22.0,2.6087,0.0,0.0,0.98362446,Yerushalmi
TgO_Exodus,3,9,0.0,0.0,0.0,0.7857,0.0,0.0,0.0,14.0,3.4667,0.0,0.0,0.956315,Yerushalmi
TgO_Exodus,3,10,0.0,0.0,0.0,0.6667,0.0,0.0,0.0,12.0,3.1538,0.0,0.0,0.910629,Yerushalmi
TgO_Exodus,3,11,0.0,0.0,0.0,0.75,0.0,0.0,0.0,16.0,2.9412,0.0,0.0,0.972438,Yerushalmi
TgO_Exodus,3,12,0.0,0.0,0.0,0.8095,0.0,0.0,0.0,21.0,2.5,0.0,0.0,0.9926898,Yerushalmi
TgO_Exodus,3,13,0.0,0.0,0.0,0.6364,0.0,0.0,0.0,22.0,3.0,0.0,0.0,0.977019,Yerushalmi
TgO_Exodus,3,14,0.0,0.0,0.0,0.7143,0.0,0.0,0.0,14.0,3.7895,0.0,0.0,0.9455861,Yerushalmi
TgO_Exodus,3,15,0.0,0.0,0.0,0.5926,0.0,0.0,0.0,27.0,3.4643,0.0,0.0,0.92531997,Yerushalmi
TgO_Exodus,3,16,0.0,0.0,0.0,0.5,0.0,0.0,0.0,24.0,3.0,0.0,0.0,0.968066,Yerushalmi
TgO_Exodus,3,17,0.0,0.0,0.0,0.625,0.0,0.0,0.0,16.0,2.8235,0.0,0.0,0.96784574,Yerushalmi
TgO_Exodus,3,18,0.0,0.0,0.0,0.6296,0.0,0.0,0.0,27.0,2.8929,0.0,0.0,0.966837,Yerushalmi
TgO_Exodus,3,19,0.0,0.0,0.0,0.8462,0.0,0.0,0.0,13.0,3.0714,0.0,0.0,0.9543686,Yerushalmi
TgO_Exodus,3,20,0.0,0.0,0.0,0.75,0.0,0.0,0.0,16.0,2.6471,0.0,0.0,0.97564054,Yerushalmi
TgO_Exodus,3,21,0.0,0.0,0.0,0.8462,0.0,0.0,0.0,13.0,2.6429,0.0,0.0,0.9529439,Yerushalmi
TgO_Exodus,3,22,0.0,0.0,0.0,0.6667,0.0,0.0,0.0,18.0,2.3158,0.0,0.0,0.9858131,Yerushalmi
TgO_Exodus,4,1,0.0,0.0,0.0,0.5625,0.0,0.0,0.0,16.0,2.5882,0.0,0.0,0.9685601,Yerushalmi
TgO_Exodus,4,2,0.0,0.0,0.0,0.7143,0.0,0.0,0.0,7.0,2.625,0.0,0.0,0.62642825,Yerushalmi
TgO_Exodus,4,3,0.0,0.0,0.0,0.5,0.0,0.0,0.0,10.0,3.0,0.0,0.0,0.83137417,Yerushalmi
TgO_Exodus,4,4,0.0,0.0,0.0,0.4286,0.0,0.0,0.0,14.0,2.4667,0.0,0.0,0.9451771,Yerushalmi
TgO_Exodus,4,5,0.0,0.0,0.0,0.5714,0.0,0.0,0.0,14.0,3.8667,0.0,0.0,0.9422759,Yerushalmi
TgO_Exodus,4,6,0.0,0.0,0.0,0.5625,0.0,0.0,0.0,16.0,2.2941,0.0,0.0,0.97126853,Yerushalmi
TgO_Exodus,4,7,0.0,0.0,0.0,0.5385,0.0,0.0,0.0,13.0,2.2143,0.0,0.0,0.91118145,Yerushalmi
TgO_Exodus,4,8,0.0,0.0,0.0,0.6429,0.0,0.0,0.0,14.0,2.4,0.0,0.0,0.94492286,Yerushalmi
TgO_Exodus,4,9,0.0,0.0,0.0,0.6667,0.0,0.0,0.0,24.0,2.44,0.0,0.0,0.9888916,Yerushalmi
TgO_Exodus,4,10,0.0,0.0,0.0,0.72,0.0,0.0,0.0,25.0,3.0385,0.0,0.0,0.97492063,Yerushalmi
TgO_Exodus,4,11,0.0,0.0,0.0,0.65,0.0,0.0,0.0,20.0,2.6667,0.0,0.0,0.9845666,Yerushalmi
TgO_Exodus,4,12,0.0,0.0,0.0,0.7778,0.0,0.0,0.0,9.0,2.2,0.0,0.0,0.77154744,Yerushalmi
TgO_Exodus,4,13,0.0,0.0,0.0,0.8889,0.0,0.0,0.0,9.0,2.5,0.0,0.0,0.86600816,Yerushalmi
TgO_Exodus,4,14,0.0,0.0,0.0,0.6522,0.0,0.0,0.0,23.0,2.875,0.0,0.0,0.97984606,Yerushalmi
TgO_Exodus,4,15,0.0,0.0,0.0,0.5,0.0,0.0,0.0,16.0,2.2353,0.0,0.0,0.9709254,Yerushalmi
TgO_Exodus,4,16,0.0,0.0,0.0,0.4286,0.0,0.0,0.0,14.0,2.7333,0.0,0.0,0.94932675,Yerushalmi
TgO_Exodus,4,17,0.0,0.0,0.0,0.8889,0.0,0.0,0.0,9.0,2.3,0.0,0.0,0.86117077,Yerushalmi
TgO_Exodus,4,18,0.0,0.0,0.0,0.4583,0.0,0.0,0.0,24.0,3.0,0.0,0.0,0.96765,Yerushalmi
TgO_Exodus,4,19,0.0,0.0,0.0,0.8462,0.0,0.0,0.0,13.0,3.0714,0.0,0.0,0.9543686,Yerushalmi
TgO_Exodus,4,20,0.0,0.0,0.0,0.5909,0.0,0.0,0.0,22.0,2.913,0.0,0.0,0.9777521,Yerushalmi
TgO_Exodus,4,21,0.0,0.0,0.0,0.6522,0.0,0.0,0.0,23.0,2.75,0.0,0.0,0.98297346,Yerushalmi
TgO_Exodus,4,22,0.0,0.0,0.0,0.875,0.0,0.0,0.0,8.0,3.1111,0.0,0.0,0.84429294,Yerushalmi
TgO_Exodus,4,23,0.0,0.0,0.0,0.6471,0.0,0.0,0.0,17.0,2.4444,0.0,0.0,0.9792185,Yerushalmi
TgO_Exodus,4,24,0.0,0.0,0.0,0.6,0.0,0.0,0.0,10.0,2.6364,0.0,0.0,0.78728515,Yerushalmi
TgO_Exodus,4,25,0.0,0.0,0.0,0.6875,0.0,0.0,0.0,16.0,3.1176,0.0,0.0,0.96708137,Yerushalmi
TgO_Exodus,4,26,0.0,0.0,0.0,1.0,0.0,0.0,0.0,11.0,3.0,0.0,0.0,0.9644913,Yerushalmi
TgO_Exodus,4,27,0.0,0.0,0.0,0.5625,0.0,0.0,0.0,16.0,3.2941,0.0,0.0,0.96331936,Yerushalmi
TgO_Exodus,4,28,0.0,0.0,0.0,0.6667,0.0,0.0,0.0,12.0,3.0,0.0,0.0,0.90587974,Yerushalmi
TgO_Exodus,4,29,0.0,0.0,0.0,0.5556,0.0,0.0,0.0,9.0,2.5,0.0,0.0,0.70380384,Yerushalmi
TgO_Exodus,4,30,0.0,0.0,0.0,0.6923,0.0,0.0,0.0,13.0,2.8571,0.0,0.0,0.93051803,Yerushalmi
TgO_Exodus,4,31,0.0,0.0,0.0,0.625,0.0,0.0,0.0,16.0,2.5294,0.0,0.0,0.9706363,Yerushalmi
TgO_Exodus,5,1,0.0,0.0,0.0,0.7778,0.0,0.0,0.0,18.0,2.8421,0.0,0.0,0.98334914,Yerushalmi
TgO_Exodus,5,2,0.0,0.0,0.0,0.4545,0.0,0.0,0.0,22.0,2.7391,0.0,0.0,0.97981787,Yerushalmi
TgO_Exodus,5,3,0.0,0.0,0.0,0.8,0.0,0.0,0.0,20.0,2.7143,0.0,0.0,0.98924166,Yerushalmi
TgO_Exodus,5,4,0.0,0.0,0.0,0.6923,0.0,0.0,0.0,13.0,3.1429,0.0,0.0,0.9344983,Yerushalmi
TgO_Exodus,5,5,0.0,0.0,0.0,0.9,0.0,0.0,0.0,10.0,2.2727,0.0,0.0,0.90127015,Yerushalmi
TgO_Exodus,5,6,0.0,0.0,0.0,0.9,0.0,0.0,0.0,10.0,2.6364,0.0,0.0,0.9066342,Yerushalmi
TgO_Exodus,5,7,0.0,0.0,0.0,0.7857,0.0,0.0,0.0,14.0,2.6667,0.0,0.0,0.95862967,Yerushalmi
TgO_Exodus,5,8,0.0,0.0,0.0,0.7917,0.0,0.0,0.0,24.0,2.92,0.0,0.0,0.9848786,Yerushalmi
TgO_Exodus,5,9,0.0,0.0,0.0,0.8,0.0,0.0,0.0,10.0,2.5455,0.0,0.0,0.8493569,Yerushalmi
TgO_Exodus,5,10,0.0,0.0,0.0,0.6667,0.0,0.0,0.0,15.0,2.9375,0.0,0.0,0.9600436,Yerushalmi
TgO_Exodus,5,11,0.0,0.0,0.0,0.8333,0.0,0.0,0.0,12.0,3.0,0.0,0.0,0.934886,Yerushalmi
TgO_Exodus,5,12,0.0,0.0,0.0,0.875,0.0,0.0,0.0,8.0,2.5556,0.0,0.0,0.81735134,Yerushalmi
TgO_Exodus,5,13,0.0,0.0,0.0,0.9333,0.0,0.0,0.0,15.0,3.1875,0.0,0.0,0.9812414,Yerushalmi
TgO_Exodus,5,14,0.0,0.0,0.0,0.8182,0.0,0.0,0.0,22.0,3.0,0.0,0.0,0.9861587,Yerushalmi
TgO_Exodus,5,15,0.0,0.0,0.0,0.75,0.0,0.0,0.0,12.0,2.8462,0.0,0.0,0.9131392,Yerushalmi
TgO_Exodus,5,16,0.0,0.0,0.0,0.6429,0.0,0.0,0.0,14.0,2.5333,0.0,0.0,0.9450091,Yerushalmi
TgO_Exodus,5,17,0.0,0.0,0.0,0.75,0.0,0.0,0.0,12.0,3.3846,0.0,0.0,0.9236052,Yerushalmi
TgO_Exodus,5,18,0.0,0.0,0.0,0.7,0.0,0.0,0.0,10.0,2.5455,0.0,0.0,0.8027061,Yerushalmi
TgO_Exodus,5,19,0.0,0.0,0.0,0.9231,0.0,0.0,0.0,13.0,2.6429,0.0,0.0,0.9675288,Yerushalmi
TgO_Exodus,5,20,0.0,0.0,0.0,0.7,0.0,0.0,0.0,10.0,3.5455,0.0,0.0,0.86310315,Yerushalmi
TgO_Exodus,5,21,0.0,0.0,0.0,0.7647,0.0,0.0,0.0,17.0,2.6667,0.0,0.0,0.9816608,Yerushalmi
TgO_Exodus,5,22,0.0,0.0,0.0,0.6923,0.0,0.0,0.0,13.0,2.7857,0.0,0.0,0.9294282,Yerushalmi
TgO_Exodus,5,23,0.0,0.0,0.0,0.8571,0.0,0.0,0.0,14.0,2.4667,0.0,0.0,0.9691166,Yerushalmi
TgO_Exodus,6,1,0.0,0.0,0.0,0.8,0.0,0.0,0.0,15.0,3.0,0.0,0.0,0.969055,Yerushalmi
TgO_Exodus,6,2,0.0,0.0,0.0,0.5,0.0,0.0,0.0,8.0,2.6667,0.0,0.0,0.66361916,Yerushalmi
TgO_Exodus,6,3,0.0,0.0,0.0,0.5455,0.0,0.0,0.0,11.0,3.1667,0.0,0.0,0.8813401,Yerushalmi
TgO_Exodus,6,4,0.0,0.0,0.0,0.6667,0.0,0.0,0.0,15.0,3.0625,0.0,0.0,0.9594627,Yerushalmi
TgO_Exodus,6,5,0.0,0.0,0.0,0.7692,0.0,0.0,0.0,13.0,2.9286,0.0,0.0,0.94080895,Yerushalmi
TgO_Exodus,6,6,0.0,0.0,0.0,0.7143,0.0,0.0,0.0,21.0,2.8636,0.0,0.0,0.9838801,Yerushalmi
TgO_Exodus,6,7,0.0,0.0,0.0,0.7222,0.0,0.0,0.0,18.0,3.0,0.0,0.0,0.97822416,Yerushalmi
TgO_Exodus,6,8,0.0,0.0,0.0,0.5625,0.0,0.0,0.0,16.0,3.0,0.0,0.0,0.9657054,Yerushalmi
TgO_Exodus,6,9,0.0,0.0,0.0,0.625,0.0,0.0,0.0,16.0,2.6471,0.0,0.0,0.9694665,Yerushalmi
TgO_Exodus,6,10,0.0,0.0,0.0,0.8,0.0,0.0,0.0,5.0,2.5,0.0,0.0,0.55580723,Yerushalmi
TgO_Exodus,6,11,0.0,0.0,0.0,0.8182,0.0,0.0,0.0,11.0,2.8333,0.0,0.0,0.90289456,Yerushalmi
TgO_Exodus,6,12,0.0,0.0,0.0,0.6667,0.0,0.0,0.0,18.0,2.7895,0.0,0.0,0.97927284,Yerushalmi
TgO_Exodus,6,13,0.0,0.0,0.0,0.5263,0.0,0.0,0.0,19.0,3.05,0.0,0.0,0.97434527,Yerushalmi
TgO_Exodus,6,14,0.0,0.0,0.0,0.5,0.0,0.0,0.0,14.0,4.4,0.0,0.0,0.92322195,Yerushalmi
TgO_Exodus,6,15,0.0,0.0,0.0,0.3846,0.0,0.0,0.0,13.0,3.2857,0.0,0.0,0.9504996,Yerushalmi
TgO_Exodus,6,16,0.0,0.0,0.0,0.4667,0.0,0.0,0.0,15.0,3.0625,0.0,0.0,0.9610967,Yerushalmi
TgO_Exodus,6,17,0.0,0.0,0.0,0.6,0.0,0.0,0.0,5.0,2.8333,0.0,0.0,0.49175924,Bavli
TgO_Exodus,6,18,0.0,0.0,0.0,0.3077,0.0,0.0,0.0,13.0,2.8571,0.0,0.0,0.94969237,Yerushalmi
TgO_Exodus,6,19,0.0,0.0,0.0,0.625,0.0,0.0,0.0,8.0,3.7778,0.0,0.0,0.78205246,Yerushalmi
TgO_Exodus,6,20,0.0,0.0,0.0,0.381,0.0,0.0,0.0,21.0,3.1818,0.0,0.0,0.9728536,Yerushalmi
TgO_Exodus,6,21,0.0,0.0,0.0,0.2,0.0,0.0,0.0,5.0,2.1667,0.0,0.0,0.6376342,Yerushalmi
TgO_Exodus,6,22,0.0,0.0,0.0,0.2,0.0,0.0,0.0,5.0,2.6667,0.0,0.0,0.71519446,Yerushalmi
TgO_Exodus,6,23,0.0,0.0,0.0,0.25,0.0,0.0,0.0,20.0,4.381,0.0,0.0,0.95236444,Yerushalmi
TgO_Exodus,6,24,0.0,0.0,0.0,0.375,0.0,0.0,0.0,8.0,3.2222,0.0,0.0,0.7967279,Yerushalmi
TgO_Exodus,6,25,0.0,0.0,0.0,0.6111,0.0,0.0,0.0,18.0,3.4211,0.0,0.0,0.9667486,Yerushalmi
TgO_Exodus,6,26,0.0,0.0,0.0,0.7143,0.0,0.0,0.0,14.0,3.1333,0.0,0.0,0.95121104,Yerushalmi
TgO_Exodus,6,27,0.0,0.0,0.0,0.7857,0.0,0.0,0.0,14.0,3.0667,0.0,0.0,0.95796883,Yerushalmi
TgO_Exodus,6,28,0.0,0.0,0.0,0.625,0.0,0.0,0.0,8.0,3.3333,0.0,0.0,0.74933076,Yerushalmi
TgO_Exodus,6,29,0.0,0.0,0.0,0.5882,0.0,0.0,0.0,17.0,2.8333,0.0,0.0,0.9727917,Yerushalmi
TgO_Exodus,6,30,0.0,0.0,0.0,0.8182,0.0,0.0,0.0,11.0,2.9167,0.0,0.0,0.9051865,Yerushalmi
TgO_Exodus,7,1,0.0,0.0,0.0,0.8182,0.0,0.0,0.0,11.0,2.9167,0.0,0.0,0.9051865,Yerushalmi
TgO_Exodus,7,2,0.0,0.0,0.0,0.7333,0.0,0.0,0.0,15.0,2.4375,0.0,0.0,0.9676838,Yerushalmi
TgO_Exodus,7,3,0.0,0.0,0.0,0.6667,0.0,0.0,0.0,12.0,2.9231,0.0,0.0,0.9032338,Yerushalmi
TgO_Exodus,7,4,0.0,0.0,0.0,0.65,0.0,0.0,0.0,20.0,2.6667,0.0,0.0,0.9845666,Yerushalmi
TgO_Exodus,7,5,0.0,0.0,0.0,0.7647,0.0,0.0,0.0,17.0,3.3333,0.0,0.0,0.9725206,Yerushalmi
TgO_Exodus,7,6,0.0,0.0,0.0,0.7778,0.0,0.0,0.0,9.0,2.8,0.0,0.0,0.8047859,Yerushalmi
TgO_Exodus,7,7,0.0,0.0,0.0,0.5833,0.0,0.0,0.0,12.0,2.6154,0.0,0.0,0.8858679,Yerushalmi
TgO_Exodus,7,8,0.0,0.0,0.0,0.6,0.0,0.0,0.0,5.0,2.8333,0.0,0.0,0.49175924,Bavli
TgO_Exodus,7,9,0.0,0.0,0.0,0.7778,0.0,0.0,0.0,18.0,3.0526,0.0,0.0,0.98028946,Yerushalmi
TgO_Exodus,7,10,0.0,0.0,0.0,0.6,0.0,0.0,0.0,20.0,2.9524,0.0,0.0,0.97780323,Yerushalmi
TgO_Exodus,7,11,0.0,0.0,0.0,0.6667,0.0,0.0,0.0,12.0,2.8462,0.0,0.0,0.9004834,Yerushalmi
TgO_Exodus,7,12,0.0,0.0,0.0,0.5,0.0,0.0,0.0,10.0,2.9091,0.0,0.0,0.8217435,Yerushalmi
TgO_Exodus,7,13,0.0,0.0,0.0,0.8889,0.0,0.0,0.0,9.0,2.7,0.0,0.0,0.8725188,Yerushalmi
TgO_Exodus,7,14,0.0,0.0,0.0,0.8889,0.0,0.0,0.0,9.0,2.9,0.0,0.0,0.87952256,Yerushalmi
TgO_Exodus,7,15,0.0,0.0,0.0,0.8235,0.0,0.0,0.0,17.0,3.1111,0.0,0.0,0.97973424,Yerushalmi
TgO_Exodus,7,16,0.0,0.0,0.0,0.7895,0.0,0.0,0.0,19.0,2.6,0.0,0.0,0.98906106,Yerushalmi
TgO_Exodus,7,17,0.0,0.0,0.0,0.7059,0.0,0.0,0.0,17.0,2.5556,0.0,0.0,0.98016435,Yerushalmi
TgO_Exodus,7,18,0.0,0.0,0.0,0.7273,0.0,0.0,0.0,11.0,2.5,0.0,0.0,0.86028135,Yerushalmi
TgO_Exodus,7,19,0.0,0.0,0.0,0.5588,0.0,0.0,0.0,34.0,3.0286,0.0,0.0,0.8681755,Yerushalmi
TgO_Exodus,7,20,0.0,0.0,0.0,0.5909,0.0,0.0,0.0,22.0,2.6957,0.0,0.0,0.9828897,Yerushalmi
TgO_Exodus,7,21,0.0,0.0,0.0,0.6471,0.0,0.0,0.0,17.0,2.7222,0.0,0.0,0.9756448,Yerushalmi
TgO_Exodus,7,22,0.0,0.0,0.0,0.7857,0.0,0.0,0.0,14.0,2.7333,0.0,0.0,0.95845544,Yerushalmi
TgO_Exodus,7,23,0.0,0.0,0.0,0.7778,0.0,0.0,0.0,9.0,2.1,0.0,0.0,0.7694729,Yerushalmi
TgO_Exodus,7,24,0.0,0.0,0.0,0.9231,0.0,0.0,0.0,13.0,2.7143,0.0,0.0,0.96750855,Yerushalmi
TgO_Exodus,7,25,0.0,0.0,0.0,1.0,0.0,0.0,0.0,8.0,2.4444,0.0,0.0,0.91344357,Yerushalmi
TgO_Exodus,7,26,0.0,0.0,0.0,0.6875,0.0,0.0,0.0,16.0,2.9412,0.0,0.0,0.96895856,Yerushalmi
TgO_Exodus,7,27,0.0,0.0,0.0,1.0,0.0,0.0,0.0,10.0,2.4545,0.0,0.0,0.94902813,Yerushalmi
TgO_Exodus,7,28,0.0,0.0,0.0,0.4375,0.0,0.0,0.0,16.0,3.0,0.0,0.0,0.96838504,Yerushalmi
TgO_Exodus,7,29,0.0,0.0,0.0,0.6667,0.0,0.0,0.0,6.0,2.5714,0.0,0.0,0.52504134,Yerushalmi
TgO_Exodus,8,1,0.0,0.0,0.0,0.619,0.0,0.0,0.0,21.0,3.0455,0.0,0.0,0.97608584,Yerushalmi
TgO_Exodus,8,2,0.0,0.0,0.0,0.6154,0.0,0.0,0.0,13.0,3.2143,0.0,0.0,0.9328975,Yerushalmi
TgO_Exodus,8,3,0.0,0.0,0.0,0.8,0.0,0.0,0.0,10.0,2.8182,0.0,0.0,0.86120784,Yerushalmi
TgO_Exodus,8,4,0.0,0.0,0.0,0.5,0.0,0.0,0.0,18.0,2.5789,0.0,0.0,0.97897995,Yerushalmi
TgO_Exodus,8,5,0.0,0.0,0.0,0.7391,0.0,0.0,0.0,23.0,3.0,0.0,0.0,0.9810389,Yerushalmi
TgO_Exodus,8,6,0.0,0.0,0.0,0.8,0.0,0.0,0.0,10.0,2.4545,0.0,0.0,0.8460815,Yerushalmi
TgO_Exodus,8,7,0.0,0.0,0.0,0.6667,0.0,0.0,0.0,9.0,2.5,0.0,0.0,0.7250514,Yerushalmi
TgO_Exodus,8,8,0.0,0.0,0.0,0.6154,0.0,0.0,0.0,13.0,3.7143,0.0,0.0,0.9335997,Yerushalmi
TgO_Exodus,8,9,0.0,0.0,0.0,0.6667,0.0,0.0,0.0,12.0,2.7692,0.0,0.0,0.8976908,Yerushalmi
TgO_Exodus,8,10,0.0,0.0,0.0,0.8571,0.0,0.0,0.0,7.0,2.5,0.0,0.0,0.7466897,Yerushalmi
TgO_Exodus,8,11,0.0,0.0,0.0,0.8571,0.0,0.0,0.0,14.0,2.7333,0.0,0.0,0.9678134,Yerushalmi
TgO_Exodus,8,12,0.0,0.0,0.0,0.5882,0.0,0.0,0.0,17.0,3.3889,0.0,0.0,0.9653649,Yerushalmi
TgO_Exodus,8,13,0.0,0.0,0.0,0.4348,0.0,0.0,0.0,23.0,2.7917,0.0,0.0,0.9770881,Yerushalmi
TgO_Exodus,8,14,0.0,0.0,0.0,0.6154,0.0,0.0,0.0,13.0,2.3571,0.0,0.0,0.9163392,Yerushalmi
TgO_Exodus,8,15,0.0,0.0,0.0,0.75,0.0,0.0,0.0,16.0,3.0588,0.0,0.0,0.97115177,Yerushalmi
TgO_Exodus,8,16,0.0,0.0,0.0,0.6,0.0,0.0,0.0,20.0,2.9048,0.0,0.0,0.97878015,Yerushalmi
TgO_Exodus,8,17,0.0,0.0,0.0,0.6087,0.0,0.0,0.0,23.0,2.6667,0.0,0.0,0.9833422,Yerushalmi
TgO_Exodus,8,18,0.0,0.0,0.0,0.8636,0.0,0.0,0.0,22.0,3.0435,0.0,0.0,0.9878097,Yerushalmi
TgO_Exodus,8,19,0.0,0.0,0.0,0.8182,0.0,0.0,0.0,11.0,2.5,0.0,0.0,0.89482194,Yerushalmi
TgO_Exodus,8,20,0.0,0.0,0.0,0.6471,0.0,0.0,0.0,17.0,3.1111,0.0,0.0,0.970452,Yerushalmi
TgO_Exodus,8,21,0.0,0.0,0.0,0.7,0.0,0.0,0.0,10.0,2.5455,0.0,0.0,0.8027061,Yerushalmi
TgO_Exodus,8,22,0.0,0.0,0.0,0.7419,0.0,0.0,0.0,31.0,3.0,0.0,0.0,0.95261246,Yerushalmi
TgO_Exodus,8,23,0.0,0.0,0.0,0.9167,0.0,0.0,0.0,12.0,3.1538,0.0,0.0,0.9563634,Yerushalmi
TgO_Exodus,8,24,0.0,0.0,0.0,0.8889,0.0,0.0,0.0,18.0,2.5789,0.0,0.0,0.99150676,Yerushalmi
TgO_Exodus,8,25,0.0,0.0,0.0,0.6667,0.0,0.0,0.0,27.0,2.8571,0.0,0.0,0.97154135,Yerushalmi
TgO_Exodus,8,26,0.0,0.0,0.0,0.7143,0.0,0.0,0.0,7.0,3.125,0.0,0.0,0.6899445,Yerushalmi
TgO_Exodus,8,27,0.0,0.0,0.0,0.6667,0.0,0.0,0.0,12.0,2.5385,0.0,0.0,0.889806,Yerushalmi
TgO_Exodus,8,28,0.0,0.0,0.0,0.8182,0.0,0.0,0.0,11.0,2.1667,0.0,0.0,0.8917569,Yerushalmi
TgO_Exodus,9,1,0.0,0.0,0.0,0.7222,0.0,0.0,0.0,18.0,2.9474,0.0,0.0,0.97906256,Yerushalmi
TgO_Exodus,9,2,0.0,0.0,0.0,0.9167,0.0,0.0,0.0,12.0,2.3846,0.0,0.0,0.95280653,Yerushalmi
TgO_Exodus,9,3,0.0,0.0,0.0,0.7333,0.0,0.0,0.0,15.0,2.6875,0.0,0.0,0.96557283,Yerushalmi
TgO_Exodus,9,4,0.0,0.0,0.0,0.6429,0.0,0.0,0.0,14.0,3.0667,0.0,0.0,0.9475758,Yerushalmi
TgO_Exodus,9,5,0.0,0.0,0.0,0.9,0.0,0.0,0.0,10.0,2.6364,0.0,0.0,0.9066342,Yerushalmi
TgO_Exodus,9,6,0.0,0.0,0.0,0.8235,0.0,0.0,0.0,17.0,2.6111,0.0,0.0,0.9855225,Yerushalmi
TgO_Exodus,9,7,0.0,0.0,0.0,0.6875,0.0,0.0,0.0,16.0,2.4706,0.0,0.0,0.9740231,Yerushalmi
TgO_Exodus,9,8,0.0,0.0,0.0,0.75,0.0,0.0,0.0,16.0,3.5294,0.0,0.0,0.96483374,Yerushalmi
TgO_Exodus,9,9,0.0,0.0,0.0,0.6471,0.0,0.0,0.0,17.0,3.2778,0.0,0.0,0.96794516,Yerushalmi
TgO_Exodus,9,10,0.0,0.0,0.0,0.6667,0.0,0.0,0.0,18.0,3.0526,0.0,0.0,0.97505844,Yerushalmi
TgO_Exodus,9,11,0.0,0.0,0.0,0.7857,0.0,0.0,0.0,14.0,3.2,0.0,0.0,0.9576888,Yerushalmi
TgO_Exodus,9,12,0.0,0.0,0.0,0.7692,0.0,0.0,0.0,13.0,2.8571,0.0,0.0,0.9401855,Yerushalmi
TgO_Exodus,9,13,0.0,0.0,0.0,0.6,0.0,0.0,0.0,20.0,2.8095,0.0,0.0,0.98064554,Yerushalmi
TgO_Exodus,9,14,0.0,0.0,0.0,0.7895,0.0,0.0,0.0,19.0,2.7,0.0,0.0,0.98781794,Yerushalmi
TgO_Exodus,9,15,0.0,0.0,0.0,0.8824,0.0,0.0,0.0,17.0,2.6111,0.0,0.0,0.9886863,Yerushalmi
TgO_Exodus,9,16,0.0,0.0,0.0,0.8667,0.0,0.0,0.0,15.0,2.6875,0.0,0.0,0.97774965,Yerushalmi
TgO_Exodus,9,17,0.0,0.0,0.0,0.8889,0.0,0.0,0.0,9.0,2.6,0.0,0.0,0.8691275,Yerushalmi
TgO_Exodus,9,18,0.0,0.0,0.0,1.0,0.0,0.0,0.0,18.0,2.7895,0.0,0.0,0.994228,Yerushalmi
TgO_Exodus,9,19,0.0,0.0,0.0,0.5714,0.0,0.0,0.0,21.0,2.4091,0.0,0.0,0.98745304,Yerushalmi
TgO_Exodus,9,20,0.0,0.0,0.0,1.0,0.0,0.0,0.0,11.0,2.6667,0.0,0.0,0.9625831,Yerushalmi
TgO_Exodus,9,21,0.0,0.0,0.0,0.9091,0.0,0.0,0.0,11.0,2.5,0.0,0.0,0.93215793,Yerushalmi
TgO_Exodus,9,22,0.0,0.0,0.0,0.6957,0.0,0.0,0.0,23.0,3.125,0.0,0.0,0.97484475,Yerushalmi
TgO_Exodus,9,23,0.0,0.0,0.0,0.6,0.0,0.0,0.0,20.0,2.9524,0.0,0.0,0.97780323,Yerushalmi
TgO_Exodus,9,24,0.0,0.0,0.0,0.7647,0.0,0.0,0.0,17.0,3.3333,0.0,0.0,0.9725206,Yerushalmi
TgO_Exodus,9,25,0.0,0.0,0.0,0.5909,0.0,0.0,0.0,22.0,2.6522,0.0,0.0,0.9837911,Yerushalmi
TgO_Exodus,9,26,0.0,0.0,0.0,0.7778,0.0,0.0,0.0,9.0,3.2,0.0,0.0,0.83091044,Yerushalmi
TgO_Exodus,9,27,0.0,0.0,0.0,0.5333,0.0,0.0,0.0,15.0,2.9375,0.0,0.0,0.9585892,Yerushalmi
TgO_Exodus,9,28,0.0,0.0,0.0,0.75,0.0,0.0,0.0,20.0,2.619,0.0,0.0,0.9886477,Yerushalmi
TgO_Exodus,9,29,0.0,0.0,0.0,0.7826,0.0,0.0,0.0,23.0,2.625,0.0,0.0,0.9904498,Yerushalmi
TgO_Exodus,9,30,0.0,0.0,0.0,0.9091,0.0,0.0,0.0,11.0,2.9167,0.0,0.0,0.93712085,Yerushalmi
TgO_Exodus,9,31,0.0,0.0,0.0,0.75,0.0,0.0,0.0,8.0,2.7778,0.0,0.0,0.7313284,Yerushalmi
TgO_Exodus,9,32,0.0,0.0,0.0,0.8571,0.0,0.0,0.0,7.0,2.375,0.0,0.0,0.7393304,Yerushalmi
TgO_Exodus,9,33,0.0,0.0,0.0,0.7619,0.0,0.0,0.0,21.0,2.6818,0.0,0.0,0.98886544,Yerushalmi
TgO_Exodus,9,34,0.0,0.0,0.0,0.5625,0.0,0.0,0.0,16.0,2.2941,0.0,0.0,0.97126853,Yerushalmi
TgO_Exodus,9,35,0.0,0.0,0.0,0.7692,0.0,0.0,0.0,13.0,3.1429,0.0,0.0,0.9425089,Yerushalmi
TgO_Exodus,10,1,0.0,0.0,0.0,0.8421,0.0,0.0,0.0,19.0,2.75,0.0,0.0,0.9894366,Yerushalmi
TgO_Exodus,10,2,0.0,0.0,0.0,0.7222,0.0,0.0,0.0,18.0,2.4211,0.0,0.0,0.986445,Yerushalmi
TgO_Exodus,10,3,0.0,0.0,0.0,0.7727,0.0,0.0,0.0,22.0,3.1304,0.0,0.0,0.98079056,Yerushalmi
TgO_Exodus,10,4,0.0,0.0,0.0,1.0,0.0,0.0,0.0,12.0,2.4615,0.0,0.0,0.97183883,Yerushalmi
TgO_Exodus,10,5,0.0,0.0,0.0,0.5769,0.0,0.0,0.0,26.0,2.8148,0.0,0.0,0.9709601,Yerushalmi
TgO_Exodus,10,6,0.0,0.0,0.0,0.7083,0.0,0.0,0.0,24.0,2.48,0.0,0.0,0.98958933,Yerushalmi
TgO_Exodus,10,7,0.0,0.0,0.0,0.8333,0.0,0.0,0.0,24.0,3.12,0.0,0.0,0.9828709,Yerushalmi
TgO_Exodus,10,8,0.0,0.0,0.0,0.6,0.0,0.0,0.0,15.0,2.875,0.0,0.0,0.95838374,Yerushalmi
TgO_Exodus,10,9,0.0,0.0,0.0,0.5333,0.0,0.0,0.0,15.0,2.6875,0.0,0.0,0.95823306,Yerushalmi
TgO_Exodus,10,10,0.0,0.0,0.0,0.9091,0.0,0.0,0.0,22.0,3.0,0.0,0.0,0.9906826,Yerushalmi
TgO_Exodus,10,11,0.0,0.0,0.0,0.875,0.0,0.0,0.0,16.0,2.8824,0.0,0.0,0.9823149,Yerushalmi
TgO_Exodus,10,12,0.0,0.0,0.0,0.5417,0.0,0.0,0.0,24.0,2.68,0.0,0.0,0.9796838,Yerushalmi
TgO_Exodus,10,13,0.0,0.0,0.0,0.6667,0.0,0.0,0.0,24.0,3.32,0.0,0.0,0.96257675,Yerushalmi
TgO_Exodus,10,14,0.0,0.0,0.0,0.6364,0.0,0.0,0.0,22.0,3.0,0.0,0.0,0.977019,Yerushalmi
TgO_Exodus,10,15,0.0,0.0,0.0,0.4828,0.0,0.0,0.0,29.0,2.6333,0.0,0.0,0.960948,Yerushalmi
TgO_Exodus,10,16,0.0,0.0,0.0,0.6364,0.0,0.0,0.0,11.0,2.8333,0.0,0.0,0.8587063,Yerushalmi
TgO_Exodus,10,17,0.0,0.0,0.0,0.8824,0.0,0.0,0.0,17.0,2.6111,0.0,0.0,0.9886863,Yerushalmi
TgO_Exodus,10,18,0.0,0.0,0.0,0.8333,0.0,0.0,0.0,6.0,2.8571,0.0,0.0,0.6916717,Yerushalmi
TgO_Exodus,10,19,0.0,0.0,0.0,0.7368,0.0,0.0,0.0,19.0,3.05,0.0,0.0,0.97996753,Yerushalmi
TgO_Exodus,10,20,0.0,0.0,0.0,0.7,0.0,0.0,0.0,10.0,2.5455,0.0,0.0,0.8027061,Yerushalmi
TgO_Exodus,10,21,0.0,0.0,0.0,0.8125,0.0,0.0,0.0,16.0,3.1765,0.0,0.0,0.9744415,Yerushalmi
TgO_Exodus,10,22,0.0,0.0,0.0,0.7857,0.0,0.0,0.0,14.0,3.1333,0.0,0.0,0.9578503,Yerushalmi
TgO_Exodus,10,23,0.0,0.0,0.0,0.8824,0.0,0.0,0.0,17.0,2.8333,0.0,0.0,0.9866481,Yerushalmi
TgO_Exodus,10,24,0.0,0.0,0.0,0.75,0.0,0.0,0.0,16.0,2.6471,0.0,0.0,0.97564054,Yerushalmi
TgO_Exodus,10,25,0.0,0.0,0.0,0.7692,0.0,0.0,0.0,13.0,2.5714,0.0,0.0,0.93816614,Yerushalmi
TgO_Exodus,10,26,0.0,0.0,0.0,0.7586,0.0,0.0,0.0,29.0,2.8,0.0,0.0,0.97532797,Yerushalmi
TgO_Exodus,10,27,0.0,0.0,0.0,0.875,0.0,0.0,0.0,8.0,2.3333,0.0,0.0,0.8081155,Yerushalmi
TgO_Exodus,10,28,0.0,0.0,0.0,0.75,0.0,0.0,0.0,16.0,3.1765,0.0,0.0,0.96980566,Yerushalmi
TgO_Exodus,10,29,0.0,0.0,0.0,0.8889,0.0,0.0,0.0,9.0,2.7,0.0,0.0,0.8725188,Yerushalmi
TgO_Exodus,11,1,0.0,0.0,0.0,0.7727,0.0,0.0,0.0,22.0,2.8261,0.0,0.0,0.9870849,Yerushalmi
TgO_Exodus,11,2,0.0,0.0,0.0,0.8,0.0,0.0,0.0,15.0,2.5,0.0,0.0,0.9729429,Yerushalmi
TgO_Exodus,11,3,0.0,0.0,0.0,0.7,0.0,0.0,0.0,20.0,3.0476,0.0,0.0,0.9792161,Yerushalmi
TgO_Exodus,11,4,0.0,0.0,0.0,0.7273,0.0,0.0,0.0,11.0,3.25,0.0,0.0,0.89147127,Yerushalmi
TgO_Exodus,11,5,0.0,0.0,0.0,0.75,0.0,0.0,0.0,20.0,3.0476,0.0,0.0,0.981597,Yerushalmi
TgO_Exodus,11,6,0.0,0.0,0.0,0.75,0.0,0.0,0.0,12.0,2.7692,0.0,0.0,0.91129965,Yerushalmi
TgO_Exodus,11,7,0.0,0.0,0.0,0.7895,0.0,0.0,0.0,19.0,2.9,0.0,0.0,0.9850415,Yerushalmi
TgO_Exodus,11,8,0.0,0.0,0.0,0.7143,0.0,0.0,0.0,21.0,2.6364,0.0,0.0,0.9878504,Yerushalmi
TgO_Exodus,11,9,0.0,0.0,0.0,0.8333,0.0,0.0,0.0,12.0,3.3077,0.0,0.0,0.93831164,Yerushalmi
TgO_Exodus,11,10,0.0,0.0,0.0,0.65,0.0,0.0,0.0,20.0,2.619,0.0,0.0,0.98534447,Yerushalmi
TgO_Exodus,12,1,0.0,0.0,0.0,0.5714,0.0,0.0,0.0,7.0,3.125,0.0,0.0,0.6634026,Yerushalmi
TgO_Exodus,12,2,0.0,0.0,0.0,0.6,0.0,0.0,0.0,10.0,3.2727,0.0,0.0,0.84423506,Yerushalmi
TgO_Exodus,12,3,0.0,0.0,0.0,0.7059,0.0,0.0,0.0,17.0,3.2778,0.0,0.0,0.97008395,Yerushalmi
TgO_Exodus,12,4,0.0,0.0,0.0,0.7368,0.0,0.0,0.0,19.0,2.6,0.0,0.0,0.98706406,Yerushalmi
TgO_Exodus,12,5,0.0,0.0,0.0,0.7692,0.0,0.0,0.0,13.0,3.2143,0.0,0.0,0.9429296,Yerushalmi
TgO_Exodus,12,6,0.0,0.0,0.0,0.8125,0.0,0.0,0.0,16.0,3.3529,0.0,0.0,0.97238,Yerushalmi
TgO_Exodus,12,7,0.0,0.0,0.0,0.7857,0.0,0.0,0.0,14.0,2.1333,0.0,0.0,0.9623645,Yerushalmi
TgO_Exodus,12,8,0.0,0.0,0.0,0.9091,0.0,0.0,0.0,11.0,2.3333,0.0,0.0,0.9312848,Yerushalmi
TgO_Exodus,12,9,0.0,0.0,0.0,0.7895,0.0,0.0,0.0,19.0,2.35,0.0,0.0,0.9917465,Yerushalmi
TgO_Exodus,12,10,0.0,0.0,0.0,0.6364,0.0,0.0,0.0,11.0,2.1667,0.0,0.0,0.8240225,Yerushalmi
TgO_Exodus,12,11,0.0,0.0,0.0,0.7647,0.0,0.0,0.0,17.0,2.6111,0.0,0.0,0.9823466,Yerushalmi
TgO_Exodus,12,12,0.0,0.0,0.0,0.65,0.0,0.0,0.0,20.0,2.8571,0.0,0.0,0.9811501,Yerushalmi
TgO_Exodus,12,13,0.0,0.0,0.0,0.5714,0.0,0.0,0.0,21.0,2.6364,0.0,0.0,0.9837166,Yerushalmi
TgO_Exodus,12,14,0.0,0.0,0.0,0.8571,0.0,0.0,0.0,14.0,2.8,0.0,0.0,0.96759135,Yerushalmi
TgO_Exodus,12,15,0.0,0.0,0.0,0.7826,0.0,0.0,0.0,23.0,3.1667,0.0,0.0,0.9794577,Yerushalmi
TgO_Exodus,12,16,0.0,0.0,0.0,0.68,0.0,0.0,0.0,25.0,3.3462,0.0,0.0,0.95802486,Yerushalmi
TgO_Exodus,12,17,0.0,0.0,0.0,0.6842,0.0,0.0,0.0,19.0,2.75,0.0,0.0,0.9829031,Yerushalmi
TgO_Exodus,12,18,0.0,0.0,0.0,0.6,0.0,0.0,0.0,15.0,2.5,0.0,0.0,0.95942557,Yerushalmi
TgO_Exodus,12,19,0.0,0.0,0.0,0.8333,0.0,0.0,0.0,18.0,2.8421,0.0,0.0,0.98623055,Yerushalmi
TgO_Exodus,12,20,0.0,0.0,0.0,0.875,0.0,0.0,0.0,8.0,2.6667,0.0,0.0,0.82280314,Yerushalmi
TgO_Exodus,12,21,0.0,0.0,0.0,0.5625,0.0,0.0,0.0,16.0,3.1176,0.0,0.0,0.9648693,Yerushalmi
TgO_Exodus,12,22,0.0,0.0,0.0,0.7619,0.0,0.0,0.0,21.0,2.4091,0.0,0.0,0.9922871,Yerushalmi
TgO_Exodus,12,23,0.0,0.0,0.0,0.6522,0.0,0.0,0.0,23.0,2.5,0.0,0.0,0.9880038,Yerushalmi
TgO_Exodus,12,24,0.0,0.0,0.0,0.7778,0.0,0.0,0.0,9.0,2.4,0.0,0.0,0.7794367,Yerushalmi
TgO_Exodus,12,25,0.0,0.0,0.0,0.8462,0.0,0.0,0.0,13.0,3.1429,0.0,0.0,0.95460397,Yerushalmi
TgO_Exodus,12,26,0.0,0.0,0.0,0.7778,0.0,0.0,0.0,9.0,3.3,0.0,0.0,0.8362059,Yerushalmi
TgO_Exodus,12,27,0.0,0.0,0.0,0.7727,0.0,0.0,0.0,22.0,2.5217,0.0,0.0,0.9916013,Yerushalmi
TgO_Exodus,12,28,0.0,0.0,0.0,0.6667,0.0,0.0,0.0,12.0,2.8462,0.0,0.0,0.9004834,Yerushalmi
TgO_Exodus,12,29,0.0,0.0,0.0,0.625,0.0,0.0,0.0,24.0,3.84,0.0,0.0,0.9336786,Yerushalmi
TgO_Exodus,12,30,0.0,0.0,0.0,0.75,0.0,0.0,0.0,20.0,2.5238,0.0,0.0,0.9898833,Yerushalmi
TgO_Exodus,12,31,0.0,0.0,0.0,0.7143,0.0,0.0,0.0,21.0,2.9091,0.0,0.0,0.98297644,Yerushalmi
TgO_Exodus,12,32,0.0,0.0,0.0,0.7273,0.0,0.0,0.0,11.0,2.4167,0.0,0.0,0.8575214,Yerushalmi
TgO_Exodus,12,33,0.0,0.0,0.0,1.0,0.0,0.0,0.0,12.0,2.4615,0.0,0.0,0.97183883,Yerushalmi
TgO_Exodus,12,34,0.0,0.0,0.0,0.9231,0.0,0.0,0.0,13.0,2.6429,0.0,0.0,0.9675288,Yerushalmi
TgO_Exodus,12,35,0.0,0.0,0.0,0.5833,0.0,0.0,0.0,12.0,2.7692,0.0,0.0,0.89319664,Yerushalmi
TgO_Exodus,12,36,0.0,0.0,0.0,0.7273,0.0,0.0,0.0,11.0,3.0833,0.0,0.0,0.88535494,Yerushalmi
TgO_Exodus,12,37,0.0,0.0,0.0,0.8333,0.0,0.0,0.0,12.0,3.2308,0.0,0.0,0.9376378,Yerushalmi
TgO_Exodus,12,38,0.0,0.0,0.0,0.7,0.0,0.0,0.0,10.0,2.7273,0.0,0.0,0.81535673,Yerushalmi
TgO_Exodus,12,39,0.0,0.0,0.0,0.7143,0.0,0.0,0.0,21.0,2.8182,0.0,0.0,0.9847451,Yerushalmi
TgO_Exodus,12,40,0.0,0.0,0.0,0.6364,0.0,0.0,0.0,11.0,2.4167,0.0,0.0,0.8335055,Yerushalmi
TgO_Exodus,12,41,0.0,0.0,0.0,0.8125,0.0,0.0,0.0,16.0,2.8824,0.0,0.0,0.9774992,Yerushalmi
TgO_Exodus,12,42,0.0,0.0,0.0,0.6111,0.0,0.0,0.0,18.0,3.0526,0.0,0.0,0.97353745,Yerushalmi
TgO_Exodus,12,43,0.0,0.0,0.0,0.7857,0.0,0.0,0.0,14.0,2.6667,0.0,0.0,0.95862967,Yerushalmi
TgO_Exodus,12,44,0.0,0.0,0.0,0.9,0.0,0.0,0.0,10.0,2.4545,0.0,0.0,0.9032924,Yerushalmi
TgO_Exodus,12,45,0.0,0.0,0.0,1.0,0.0,0.0,0.0,5.0,2.1667,0.0,0.0,0.8122587,Yerushalmi
TgO_Exodus,12,46,0.0,0.0,0.0,0.7857,0.0,0.0,0.0,14.0,2.2667,0.0,0.0,0.961003,Yerushalmi
TgO_Exodus,12,47,0.0,0.0,0.0,0.8,0.0,0.0,0.0,5.0,3.1667,0.0,0.0,0.63189393,Yerushalmi
TgO_Exodus,12,48,0.0,0.0,0.0,0.7826,0.0,0.0,0.0,23.0,2.5833,0.0,0.0,0.9910339,Yerushalmi
TgO_Exodus,12,49,0.0,0.0,0.0,1.0,0.0,0.0,0.0,7.0,2.75,0.0,0.0,0.8954467,Yerushalmi
TgO_Exodus,12,50,0.0,0.0,0.0,0.6923,0.0,0.0,0.0,13.0,2.9286,0.0,0.0,0.931606,Yerushalmi
TgO_Exodus,12,51,0.0,0.0,0.0,0.8462,0.0,0.0,0.0,13.0,2.9286,0.0,0.0,0.9538124,Yerushalmi
TgO_Exodus,13,1,0.0,0.0,0.0,0.8,0.0,0.0,0.0,5.0,2.1667,0.0,0.0,0.5289073,Yerushalmi
TgO_Exodus,13,2,0.0,0.0,0.0,0.7692,0.0,0.0,0.0,13.0,2.7143,0.0,0.0,0.93902683,Yerushalmi
TgO_Exodus,13,3,0.0,0.0,0.0,0.7273,0.0,0.0,0.0,22.0,2.7826,0.0,0.0,0.985921,Yerushalmi
TgO_Exodus,13,4,0.0,0.0,0.0,1.0,0.0,0.0,0.0,6.0,3.1429,0.0,0.0,0.8715836,Yerushalmi
TgO_Exodus,13,5,0.0,0.0,0.0,0.6667,0.0,0.0,0.0,24.0,2.76,0.0,0.0,0.98215866,Yerushalmi
TgO_Exodus,13,6,0.0,0.0,0.0,1.0,0.0,0.0,0.0,9.0,2.8,0.0,0.0,0.9378219,Yerushalmi
TgO_Exodus,13,7,0.0,0.0,0.0,0.7333,0.0,0.0,0.0,15.0,2.8125,0.0,0.0,0.9647012,Yerushalmi
TgO_Exodus,13,8,0.0,0.0,0.0,0.8333,0.0,0.0,0.0,12.0,2.4615,0.0,0.0,0.9287864,Yerushalmi
TgO_Exodus,13,9,0.0,0.0,0.0,0.7143,0.0,0.0,0.0,21.0,2.5909,0.0,0.0,0.9885406,Yerushalmi
TgO_Exodus,13,10,0.0,0.0,0.0,0.7778,0.0,0.0,0.0,9.0,2.3,0.0,0.0,0.7749181,Yerushalmi
TgO_Exodus,13,11,0.0,0.0,0.0,0.6667,0.0,0.0,0.0,12.0,3.0,0.0,0.0,0.90587974,Yerushalmi
TgO_Exodus,13,12,0.0,0.0,0.0,0.5625,0.0,0.0,0.0,16.0,3.0,0.0,0.0,0.9657054,Yerushalmi
TgO_Exodus,13,13,0.0,0.0,0.0,0.4667,0.0,0.0,0.0,15.0,2.8125,0.0,0.0,0.96006936,Yerushalmi
TgO_Exodus,13,14,0.0,0.0,0.0,0.8235,0.0,0.0,0.0,17.0,2.4444,0.0,0.0,0.9872734,Yerushalmi
TgO_Exodus,13,15,0.0,0.0,0.0,0.6667,0.0,0.0,0.0,30.0,3.0,0.0,0.0,0.9465919,Yerushalmi
TgO_Exodus,13,16,0.0,0.0,0.0,0.8,0.0,0.0,0.0,15.0,2.3125,0.0,0.0,0.9747808,Yerushalmi
TgO_Exodus,13,17,0.0,0.0,0.0,0.72,0.0,0.0,0.0,25.0,2.9231,0.0,0.0,0.97875625,Yerushalmi
TgO_Exodus,13,18,0.0,0.0,0.0,0.7143,0.0,0.0,0.0,14.0,3.0,0.0,0.0,0.95110416,Yerushalmi
TgO_Exodus,13,19,0.0,0.0,0.0,0.5,0.0,0.0,0.0,22.0,2.6522,0.0,0.0,0.9820095,Yerushalmi
TgO_Exodus,13,20,0.0,0.0,0.0,0.8333,0.0,0.0,0.0,6.0,2.2857,0.0,0.0,0.64398795,Yerushalmi
TgO_Exodus,13,21,0.0,0.0,0.0,0.5,0.0,0.0,0.0,16.0,2.5294,0.0,0.0,0.968651,Yerushalmi
TgO_Exodus,13,22,0.0,0.0,0.0,0.75,0.0,0.0,0.0,12.0,2.7692,0.0,0.0,0.91129965,Yerushalmi
TgO_Exodus,14,1,0.0,0.0,0.0,0.8,0.0,0.0,0.0,5.0,2.1667,0.0,0.0,0.5289073,Yerushalmi
TgO_Exodus,14,2,0.0,0.0,0.0,0.6,0.0,0.0,0.0,20.0,3.1905,0.0,0.0,0.9724532,Yerushalmi
TgO_Exodus,14,3,0.0,0.0,0.0,0.8182,0.0,0.0,0.0,11.0,2.8333,0.0,0.0,0.90289456,Yerushalmi
TgO_Exodus,14,4,0.0,0.0,0.0,0.7059,0.0,0.0,0.0,17.0,2.4444,0.0,0.0,0.98158073,Yerushalmi
TgO_Exodus,14,5,0.0,0.0,0.0,0.7,0.0,0.0,0.0,20.0,2.7619,0.0,0.0,0.9846361,Yerushalmi
TgO_Exodus,14,6,0.0,0.0,0.0,0.7143,0.0,0.0,0.0,7.0,2.125,0.0,0.0,0.5802706,Yerushalmi
TgO_Exodus,14,7,0.0,0.0,0.0,0.75,0.0,0.0,0.0,12.0,2.6154,0.0,0.0,0.907887,Yerushalmi
TgO_Exodus,14,8,0.0,0.0,0.0,0.6875,0.0,0.0,0.0,16.0,2.9412,0.0,0.0,0.96895856,Yerushalmi
TgO_Exodus,14,9,0.0,0.0,0.0,0.7143,0.0,0.0,0.0,21.0,2.9545,0.0,0.0,0.98203784,Yerushalmi
TgO_Exodus,14,10,0.0,0.0,0.0,0.6111,0.0,0.0,0.0,18.0,2.7368,0.0,0.0,0.97841936,Yerushalmi
TgO_Exodus,14,11,0.0,0.0,0.0,0.7857,0.0,0.0,0.0,14.0,2.7333,0.0,0.0,0.95845544,Yerushalmi
TgO_Exodus,14,12,0.0,0.0,0.0,0.75,0.0,0.0,0.0,20.0,2.6667,0.0,0.0,0.98798454,Yerushalmi
TgO_Exodus,14,13,0.0,0.0,0.0,0.6667,0.0,0.0,0.0,27.0,3.2143,0.0,0.0,0.9525727,Yerushalmi
TgO_Exodus,14,14,0.0,0.0,0.0,0.8571,0.0,0.0,0.0,7.0,2.75,0.0,0.0,0.7636805,Yerushalmi
TgO_Exodus,14,15,0.0,0.0,0.0,0.7,0.0,0.0,0.0,10.0,2.9091,0.0,0.0,0.8286201,Yerushalmi
TgO_Exodus,14,16,0.0,0.0,0.0,0.6875,0.0,0.0,0.0,16.0,2.3529,0.0,0.0,0.97540724,Yerushalmi
TgO_Exodus,14,17,0.0,0.0,0.0,0.6429,0.0,0.0,0.0,14.0,2.3333,0.0,0.0,0.9450414,Yerushalmi
TgO_Exodus,14,18,0.0,0.0,0.0,0.6667,0.0,0.0,0.0,9.0,2.3,0.0,0.0,0.7088188,Yerushalmi
TgO_Exodus,14,19,0.0,0.0,0.0,0.6667,0.0,0.0,0.0,15.0,3.5625,0.0,0.0,0.95487976,Yerushalmi
TgO_Exodus,14,20,0.0,0.0,0.0,0.5,0.0,0.0,0.0,22.0,2.913,0.0,0.0,0.9759707,Yerushalmi
TgO_Exodus,14,21,0.0,0.0,0.0,0.619,0.0,0.0,0.0,21.0,2.5455,0.0,0.0,0.98641956,Yerushalmi
TgO_Exodus,14,22,0.0,0.0,0.0,0.6364,0.0,0.0,0.0,11.0,2.5833,0.0,0.0,0.8427974,Yerushalmi
TgO_Exodus,14,23,0.0,0.0,0.0,0.8182,0.0,0.0,0.0,11.0,2.6667,0.0,0.0,0.89849174,Yerushalmi
TgO_Exodus,14,24,0.0,0.0,0.0,0.5714,0.0,0.0,0.0,14.0,2.6,0.0,0.0,0.9428404,Yerushalmi
TgO_Exodus,14,25,0.0,0.0,0.0,0.7143,0.0,0.0,0.0,21.0,3.7273,0.0,0.0,0.9601163,Yerushalmi
TgO_Exodus,14,26,0.0,0.0,0.0,0.6875,0.0,0.0,0.0,16.0,2.7059,0.0,0.0,0.9714099,Yerushalmi
TgO_Exodus,14,27,0.0,0.0,0.0,0.65,0.0,0.0,0.0,20.0,2.6667,0.0,0.0,0.9845666,Yerushalmi
TgO_Exodus,14,28,0.0,0.0,0.0,0.8333,0.0,0.0,0.0,18.0,2.5263,0.0,0.0,0.98972034,Yerushalmi
TgO_Exodus,14,29,0.0,0.0,0.0,0.6364,0.0,0.0,0.0,11.0,2.6667,0.0,0.0,0.8479792,Yerushalmi
TgO_Exodus,14,30,0.0,0.0,0.0,0.6667,0.0,0.0,0.0,15.0,3.0,0.0,0.0,0.95976186,Yerushalmi
TgO_Exodus,14,31,0.0,0.0,0.0,0.5263,0.0,0.0,0.0,19.0,2.85,0.0,0.0,0.97769785,Yerushalmi
TgO_Exodus,15,1,0.0,0.0,0.0,0.6667,0.0,0.0,0.0,27.0,3.0,0.0,0.0,0.9648104,Yerushalmi
TgO_Exodus,15,2,0.0,0.0,0.0,0.6667,0.0,0.0,0.0,18.0,2.7368,0.0,0.0,0.98006636,Yerushalmi
TgO_Exodus,15,3,0.0,0.0,0.0,0.8333,0.0,0.0,0.0,6.0,2.5714,0.0,0.0,0.66558635,Yerushalmi
TgO_Exodus,15,4,0.0,0.0,0.0,0.7,0.0,0.0,0.0,10.0,2.9091,0.0,0.0,0.8286201,Yerushalmi
TgO_Exodus,15,5,0.0,0.0,0.0,1.0,0.0,0.0,0.0,6.0,2.5714,0.0,0.0,0.8607938,Yerushalmi
TgO_Exodus,15,6,0.0,0.0,0.0,0.75,0.0,0.0,0.0,8.0,2.8889,0.0,0.0,0.74229336,Yerushalmi
TgO_Exodus,15,7,0.0,0.0,0.0,1.0,0.0,0.0,0.0,11.0,2.5833,0.0,0.0,0.96217364,Yerushalmi
TgO_Exodus,15,8,0.0,0.0,0.0,1.0,0.0,0.0,0.0,11.0,2.5833,0.0,0.0,0.96217364,Yerushalmi
TgO_Exodus,15,9,0.0,0.0,0.0,1.0,0.0,0.0,0.0,14.0,2.7333,0.0,0.0,0.9849245,Yerushalmi
TgO_Exodus,15,10,0.0,0.0,0.0,0.8889,0.0,0.0,0.0,9.0,2.3,0.0,0.0,0.86117077,Yerushalmi
TgO_Exodus,15,11,0.0,0.0,0.0,0.8125,0.0,0.0,0.0,16.0,3.2941,0.0,0.0,0.9731004,Yerushalmi
TgO_Exodus,15,12,0.0,0.0,0.0,1.0,0.0,0.0,0.0,4.0,2.6,0.0,0.0,0.7757333,Yerushalmi
TgO_Exodus,15,13,0.0,0.0,0.0,0.7778,0.0,0.0,0.0,9.0,2.5,0.0,0.0,0.78491235,Yerushalmi
TgO_Exodus,15,14,0.0,0.0,0.0,1.0,0.0,0.0,0.0,8.0,2.4444,0.0,0.0,0.91344357,Yerushalmi
TgO_Exodus,15,15,0.0,0.0,0.0,0.8462,0.0,0.0,0.0,13.0,3.1429,0.0,0.0,0.95460397,Yerushalmi
TgO_Exodus,15,16,0.0,0.0,0.0,0.8095,0.0,0.0,0.0,21.0,2.6364,0.0,0.0,0.99117386,Yerushalmi
TgO_Exodus,15,17,0.0,0.0,0.0,0.7143,0.0,0.0,0.0,14.0,3.6667,0.0,0.0,0.94777477,Yerushalmi
TgO_Exodus,15,18,0.0,0.0,0.0,0.8333,0.0,0.0,0.0,6.0,2.5714,0.0,0.0,0.66558635,Yerushalmi
TgO_Exodus,15,19,0.0,0.0,0.0,0.6842,0.0,0.0,0.0,19.0,2.6,0.0,0.0,0.98520136,Yerushalmi
TgO_Exodus,15,20,0.0,0.0,0.0,0.6429,0.0,0.0,0.0,14.0,2.8,0.0,0.0,0.9461393,Yerushalmi
TgO_Exodus,15,21,0.0,0.0,0.0,0.7778,0.0,0.0,0.0,18.0,3.5789,0.0,0.0,0.9707616,Yerushalmi
TgO_Exodus,15,22,0.0,0.0,0.0,0.5882,0.0,0.0,0.0,17.0,3.2222,0.0,0.0,0.9679184,Yerushalmi
TgO_Exodus,15,23,0.0,0.0,0.0,0.7333,0.0,0.0,0.0,15.0,3.375,0.0,0.0,0.96050423,Yerushalmi
TgO_Exodus,15,24,0.0,0.0,0.0,0.8571,0.0,0.0,0.0,7.0,2.125,0.0,0.0,0.72910273,Yerushalmi
TgO_Exodus,15,25,0.0,0.0,0.0,0.5294,0.0,0.0,0.0,17.0,2.6111,0.0,0.0,0.9745968,Yerushalmi
TgO_Exodus,15,26,0.0,0.0,0.0,0.7308,0.0,0.0,0.0,26.0,2.5926,0.0,0.0,0.9863638,Yerushalmi
TgO_Exodus,15,27,0.0,0.0,0.0,0.5833,0.0,0.0,0.0,12.0,3.3077,0.0,0.0,0.9144691,Yerushalmi
TgO_Exodus,16,1,0.0,0.0,0.0,0.6,0.0,0.0,0.0,20.0,3.381,0.0,0.0,0.96758616,Yerushalmi
TgO_Exodus,16,2,0.0,0.0,0.0,0.6,0.0,0.0,0.0,10.0,2.6364,0.0,0.0,0.78728515,Yerushalmi
TgO_Exodus,16,3,0.0,0.0,0.0,0.6857,0.0,0.0,0.0,35.0,2.9722,0.0,0.0,0.9018824,Yerushalmi
TgO_Exodus,16,4,0.0,0.0,0.0,0.7619,0.0,0.0,0.0,21.0,2.7273,0.0,0.0,0.9881856,Yerushalmi
TgO_Exodus,16,5,0.0,0.0,0.0,0.7143,0.0,0.0,0.0,14.0,2.4667,0.0,0.0,0.95100784,Yerushalmi
TgO_Exodus,16,6,0.0,0.0,0.0,0.6429,0.0,0.0,0.0,14.0,2.6667,0.0,0.0,0.94545585,Yerushalmi
TgO_Exodus,16,7,0.0,0.0,0.0,0.7857,0.0,0.0,0.0,14.0,2.7333,0.0,0.0,0.95845544,Yerushalmi
TgO_Exodus,16,8,0.0,0.0,0.0,0.6207,0.0,0.0,0.0,29.0,3.1333,0.0,0.0,0.9365751,Yerushalmi
TgO_Exodus,16,9,0.0,0.0,0.0,0.7333,0.0,0.0,0.0,15.0,3.4375,0.0,0.0,0.9597972,Yerushalmi
TgO_Exodus,16,10,0.0,0.0,0.0,0.75,0.0,0.0,0.0,16.0,2.7059,0.0,0.0,0.97499007,Yerushalmi
TgO_Exodus,16,11,0.0,0.0,0.0,0.8,0.0,0.0,0.0,5.0,2.1667,0.0,0.0,0.5289073,Yerushalmi
TgO_Exodus,16,12,0.0,0.0,0.0,0.9,0.0,0.0,0.0,20.0,2.9048,0.0,0.0,0.9910785,Yerushalmi
TgO_Exodus,16,13,0.0,0.0,0.0,0.6923,0.0,0.0,0.0,13.0,2.8571,0.0,0.0,0.93051803,Yerushalmi
TgO_Exodus,16,14,0.0,0.0,0.0,0.8462,0.0,0.0,0.0,13.0,2.8571,0.0,0.0,0.9535334,Yerushalmi
TgO_Exodus,16,15,0.0,0.0,0.0,0.6364,0.0,0.0,0.0,22.0,3.0,0.0,0.0,0.977019,Yerushalmi
TgO_Exodus,16,16,0.0,0.0,0.0,0.9375,0.0,0.0,0.0,16.0,3.0588,0.0,0.0,0.9857456,Yerushalmi
TgO_Exodus,16,17,0.0,0.0,0.0,0.5714,0.0,0.0,0.0,7.0,2.25,0.0,0.0,0.5279235,Yerushalmi
TgO_Exodus,16,18,0.0,0.0,0.0,0.8333,0.0,0.0,0.0,12.0,2.5385,0.0,0.0,0.92928636,Yerushalmi
TgO_Exodus,16,19,0.0,0.0,0.0,0.7778,0.0,0.0,0.0,9.0,2.8,0.0,0.0,0.8047859,Yerushalmi
TgO_Exodus,16,20,0.0,0.0,0.0,0.5333,0.0,0.0,0.0,15.0,2.5625,0.0,0.0,0.958229,Yerushalmi
TgO_Exodus,16,21,0.0,0.0,0.0,0.8824,0.0,0.0,0.0,17.0,2.6667,0.0,0.0,0.98818916,Yerushalmi
TgO_Exodus,16,22,0.0,0.0,0.0,0.7059,0.0,0.0,0.0,17.0,2.9444,0.0,0.0,0.97500426,Yerushalmi
TgO_Exodus,16,23,0.0,0.0,0.0,0.6552,0.0,0.0,0.0,29.0,3.2,0.0,0.0,0.93656105,Yerushalmi
TgO_Exodus,16,24,0.0,0.0,0.0,0.7692,0.0,0.0,0.0,13.0,2.6429,0.0,0.0,0.9385465,Yerushalmi
TgO_Exodus,16,25,0.0,0.0,0.0,0.625,0.0,0.0,0.0,16.0,3.1765,0.0,0.0,0.9645968,Yerushalmi
TgO_Exodus,16,26,0.0,0.0,0.0,1.0,0.0,0.0,0.0,9.0,2.5,0.0,0.0,0.933833,Yerushalmi
TgO_Exodus,16,27,0.0,0.0,0.0,0.8889,0.0,0.0,0.0,9.0,2.4,0.0,0.0,0.86330986,Yerushalmi
TgO_Exodus,16,28,0.0,0.0,0.0,0.8,0.0,0.0,0.0,10.0,2.9091,0.0,0.0,0.865382,Yerushalmi
TgO_Exodus,16,29,0.0,0.0,0.0,0.76,0.0,0.0,0.0,25.0,3.3077,0.0,0.0,0.9681507,Yerushalmi
TgO_Exodus,16,30,0.0,0.0,0.0,1.0,0.0,0.0,0.0,4.0,2.2,0.0,0.0,0.7667365,Yerushalmi
TgO_Exodus,16,31,0.0,0.0,0.0,0.6429,0.0,0.0,0.0,14.0,2.4,0.0,0.0,0.94492286,Yerushalmi
TgO_Exodus,16,32,0.0,0.0,0.0,0.7727,0.0,0.0,0.0,22.0,2.9565,0.0,0.0,0.9846191,Yerushalmi
TgO_Exodus,16,33,0.0,0.0,0.0,0.7647,0.0,0.0,0.0,17.0,2.7778,0.0,0.0,0.9802651,Yerushalmi
TgO_Exodus,16,34,0.0,0.0,0.0,0.7778,0.0,0.0,0.0,9.0,3.7,0.0,0.0,0.8497626,Yerushalmi
TgO_Exodus,16,35,0.0,0.0,0.0,0.6316,0.0,0.0,0.0,19.0,3.05,0.0,0.0,0.9758367,Yerushalmi
TgO_Exodus,16,36,0.0,0.0,0.0,1.0,0.0,0.0,0.0,7.0,2.125,0.0,0.0,0.88292325,Yerushalmi
TgO_Exodus,17,1,0.0,0.0,0.0,0.7647,0.0,0.0,0.0,17.0,2.8889,0.0,0.0,0.97883576,Yerushalmi
TgO_Exodus,17,2,0.0,0.0,0.0,0.4762,0.0,0.0,0.0,21.0,3.0,0.0,0.0,0.9750825,Yerushalmi
TgO_Exodus,17,3,0.0,0.0,0.0,0.7,0.0,0.0,0.0,20.0,2.4762,0.0,0.0,0.98892415,Yerushalmi
TgO_Exodus,17,4,0.0,0.0,0.0,0.8462,0.0,0.0,0.0,13.0,2.7143,0.0,0.0,0.9530798,Yerushalmi
TgO_Exodus,17,5,0.0,0.0,0.0,0.6111,0.0,0.0,0.0,18.0,2.7895,0.0,0.0,0.9776402,Yerushalmi
TgO_Exodus,17,6,0.0,0.0,0.0,0.7,0.0,0.0,0.0,20.0,2.7143,0.0,0.0,0.9854279,Yerushalmi
TgO_Exodus,17,7,0.0,0.0,0.0,0.8095,0.0,0.0,0.0,21.0,2.9091,0.0,0.0,0.98736143,Yerushalmi
TgO_Exodus,17,8,0.0,0.0,0.0,0.5714,0.0,0.0,0.0,7.0,2.875,0.0,0.0,0.6218225,Yerushalmi
TgO_Exodus,17,9,0.0,0.0,0.0,0.6957,0.0,0.0,0.0,23.0,3.1667,0.0,0.0,0.9735055,Yerushalmi
TgO_Exodus,17,10,0.0,0.0,0.0,0.6,0.0,0.0,0.0,15.0,3.375,0.0,0.0,0.9564892,Yerushalmi
TgO_Exodus,17,11,0.0,0.0,0.0,0.5,0.0,0.0,0.0,14.0,2.9333,0.0,0.0,0.9482592,Yerushalmi
TgO_Exodus,17,12,0.0,0.0,0.0,0.5833,0.0,0.0,0.0,24.0,2.36,0.0,0.0,0.9879114,Yerushalmi
TgO_Exodus,17,13,0.0,0.0,0.0,0.625,0.0,0.0,0.0,8.0,3.8889,0.0,0.0,0.785798,Yerushalmi
TgO_Exodus,17,14,0.0,0.0,0.0,0.6667,0.0,0.0,0.0,18.0,3.6316,0.0,0.0,0.9631377,Yerushalmi
TgO_Exodus,17,15,0.0,0.0,0.0,0.7,0.0,0.0,0.0,10.0,2.7273,0.0,0.0,0.81535673,Yerushalmi
TgO_Exodus,17,16,0.0,0.0,0.0,0.9,0.0,0.0,0.0,20.0,3.2857,0.0,0.0,0.9862707,Yerushalmi
TgO_Exodus,18,1,0.0,0.0,0.0,0.5789,0.0,0.0,0.0,19.0,3.15,0.0,0.0,0.97278756,Yerushalmi
TgO_Exodus,18,2,0.0,0.0,0.0,0.6,0.0,0.0,0.0,10.0,3.4545,0.0,0.0,0.8548252,Yerushalmi
TgO_Exodus,18,3,0.0,0.0,0.0,0.9167,0.0,0.0,0.0,12.0,2.9231,0.0,0.0,0.95492274,Yerushalmi
TgO_Exodus,18,4,0.0,0.0,0.0,0.8182,0.0,0.0,0.0,11.0,2.9167,0.0,0.0,0.9051865,Yerushalmi
TgO_Exodus,18,5,0.0,0.0,0.0,0.7059,0.0,0.0,0.0,17.0,3.1111,0.0,0.0,0.9726456,Yerushalmi
TgO_Exodus,18,6,0.0,0.0,0.0,0.6364,0.0,0.0,0.0,11.0,2.8333,0.0,0.0,0.8587063,Yerushalmi
TgO_Exodus,18,7,0.0,0.0,0.0,0.5385,0.0,0.0,0.0,13.0,2.8571,0.0,0.0,0.92694676,Yerushalmi
TgO_Exodus,18,8,0.0,0.0,0.0,0.6111,0.0,0.0,0.0,18.0,2.8421,0.0,0.0,0.9768499,Yerushalmi
TgO_Exodus,18,9,0.0,0.0,0.0,0.8182,0.0,0.0,0.0,11.0,3.0,0.0,0.0,0.90743756,Yerushalmi
TgO_Exodus,18,10,0.0,0.0,0.0,0.6875,0.0,0.0,0.0,16.0,3.2353,0.0,0.0,0.9657102,Yerushalmi
TgO_Exodus,18,11,0.0,0.0,0.0,0.7647,0.0,0.0,0.0,17.0,3.0,0.0,0.0,0.97736657,Yerushalmi
TgO_Exodus,18,12,0.0,0.0,0.0,0.4762,0.0,0.0,0.0,21.0,3.1818,0.0,0.0,0.97074014,Yerushalmi
TgO_Exodus,18,13,0.0,0.0,0.0,0.6875,0.0,0.0,0.0,16.0,2.7647,0.0,0.0,0.97078806,Yerushalmi
TgO_Exodus,18,14,0.0,0.0,0.0,0.7407,0.0,0.0,0.0,27.0,2.8571,0.0,0.0,0.9776247,Yerushalmi
TgO_Exodus,18,15,0.0,0.0,0.0,0.9091,0.0,0.0,0.0,11.0,3.1667,0.0,0.0,0.94026935,Yerushalmi
TgO_Exodus,18,16,0.0,0.0,0.0,0.7778,0.0,0.0,0.0,18.0,3.0,0.0,0.0,0.9810825,Yerushalmi
TgO_Exodus,18,17,0.0,0.0,0.0,0.7778,0.0,0.0,0.0,9.0,3.0,0.0,0.0,0.8185603,Yerushalmi
TgO_Exodus,18,18,0.0,0.0,0.0,0.8125,0.0,0.0,0.0,16.0,2.7647,0.0,0.0,0.9786956,Yerushalmi
TgO_Exodus,18,19,0.0,0.0,0.0,0.8182,0.0,0.0,0.0,22.0,3.0,0.0,0.0,0.9861587,Yerushalmi
TgO_Exodus,18,20,0.0,0.0,0.0,0.6,0.0,0.0,0.0,15.0,2.75,0.0,0.0,0.95860046,Yerushalmi
TgO_Exodus,18,21,0.0,0.0,0.0,0.7826,0.0,0.0,0.0,23.0,2.75,0.0,0.0,0.9884948,Yerushalmi
TgO_Exodus,18,22,0.0,0.0,0.0,0.75,0.0,0.0,0.0,20.0,2.5238,0.0,0.0,0.9898833,Yerushalmi
TgO_Exodus,18,23,0.0,0.0,0.0,0.8235,0.0,0.0,0.0,17.0,2.3889,0.0,0.0,0.98783195,Yerushalmi
TgO_Exodus,18,24,0.0,0.0,0.0,0.5714,0.0,0.0,0.0,7.0,2.375,0.0,0.0,0.5427698,Yerushalmi
TgO_Exodus,18,25,0.0,0.0,0.0,0.6842,0.0,0.0,0.0,19.0,2.75,0.0,0.0,0.9829031,Yerushalmi
TgO_Exodus,18,26,0.0,0.0,0.0,0.75,0.0,0.0,0.0,16.0,2.8235,0.0,0.0,0.97370857,Yerushalmi
TgO_Exodus,18,27,0.0,0.0,0.0,0.5714,0.0,0.0,0.0,7.0,2.5,0.0,0.0,0.56024456,Yerushalmi
TgO_Exodus,19,1,0.0,0.0,0.0,0.6667,0.0,0.0,0.0,12.0,3.6154,0.0,0.0,0.9177438,Yerushalmi
TgO_Exodus,19,2,0.0,0.0,0.0,0.5833,0.0,0.0,0.0,12.0,3.0769,0.0,0.0,0.9069514,Yerushalmi
TgO_Exodus,19,3,0.0,0.0,0.0,0.5882,0.0,0.0,0.0,17.0,3.0556,0.0,0.0,0.9701149,Yerushalmi
TgO_Exodus,19,4,0.0,0.0,0.0,0.8462,0.0,0.0,0.0,13.0,2.7857,0.0,0.0,0.95328254,Yerushalmi
TgO_Exodus,19,5,0.0,0.0,0.0,0.8235,0.0,0.0,0.0,17.0,2.5556,0.0,0.0,0.98611665,Yerushalmi
TgO_Exodus,19,6,0.0,0.0,0.0,0.8462,0.0,0.0,0.0,13.0,2.9286,0.0,0.0,0.9538124,Yerushalmi
TgO_Exodus,19,7,0.0,0.0,0.0,0.7692,0.0,0.0,0.0,13.0,2.5714,0.0,0.0,0.93816614,Yerushalmi
TgO_Exodus,19,8,0.0,0.0,0.0,0.625,0.0,0.0,0.0,16.0,2.5294,0.0,0.0,0.9706363,Yerushalmi
TgO_Exodus,19,9,0.0,0.0,0.0,0.6,0.0,0.0,0.0,25.0,2.8846,0.0,0.0,0.972747,Yerushalmi
TgO_Exodus,19,10,0.0,0.0,0.0,0.5833,0.0,0.0,0.0,12.0,2.7692,0.0,0.0,0.89319664,Yerushalmi
TgO_Exodus,19,11,0.0,0.0,0.0,0.8667,0.0,0.0,0.0,15.0,3.1875,0.0,0.0,0.9744031,Yerushalmi
TgO_Exodus,19,12,0.0,0.0,0.0,0.6875,0.0,0.0,0.0,16.0,2.8235,0.0,0.0,0.9701749,Yerushalmi
TgO_Exodus,19,13,0.0,0.0,0.0,0.7273,0.0,0.0,0.0,22.0,2.6087,0.0,0.0,0.98890704,Yerushalmi
TgO_Exodus,19,14,0.0,0.0,0.0,0.6364,0.0,0.0,0.0,11.0,2.4167,0.0,0.0,0.8335055,Yerushalmi
TgO_Exodus,19,15,0.0,0.0,0.0,1.0,0.0,0.0,0.0,10.0,2.6364,0.0,0.0,0.95049316,Yerushalmi
TgO_Exodus,19,16,0.0,0.0,0.0,0.65,0.0,0.0,0.0,20.0,2.619,0.0,0.0,0.98534447,Yerushalmi
TgO_Exodus,19,17,0.0,0.0,0.0,0.8333,0.0,0.0,0.0,12.0,2.6923,0.0,0.0,0.9308034,Yerushalmi
TgO_Exodus,19,18,0.0,0.0,0.0,0.7059,0.0,0.0,0.0,17.0,3.0,0.0,0.0,0.9742331,Yerushalmi
TgO_Exodus,19,19,0.0,0.0,0.0,0.6923,0.0,0.0,0.0,13.0,2.7857,0.0,0.0,0.9294282,Yerushalmi
TgO_Exodus,19,20,0.0,0.0,0.0,0.4286,0.0,0.0,0.0,14.0,3.2667,0.0,0.0,0.95646465,Yerushalmi
TgO_Exodus,19,21,0.0,0.0,0.0,0.7857,0.0,0.0,0.0,14.0,2.8667,0.0,0.0,0.9582229,Yerushalmi
TgO_Exodus,19,22,0.0,0.0,0.0,0.9091,0.0,0.0,0.0,11.0,2.75,0.0,0.0,0.93486756,Yerushalmi
TgO_Exodus,19,23,0.0,0.0,0.0,0.8421,0.0,0.0,0.0,19.0,2.95,0.0,0.0,0.98697543,Yerushalmi
TgO_Exodus,19,24,0.0,0.0,0.0,0.6842,0.0,0.0,0.0,19.0,2.6,0.0,0.0,0.98520136,Yerushalmi
TgO_Exodus,19,25,0.0,0.0,0.0,0.5,0.0,0.0,0.0,6.0,3.0,0.0,0.0,0.59687686,Yerushalmi
TgO_Exodus,20,1,0.0,0.0,0.0,1.0,0.0,0.0,0.0,7.0,2.5,0.0,0.0,0.8898935,Yerushalmi
TgO_Exodus,20,2,0.0,0.0,0.0,0.875,0.0,0.0,0.0,8.0,3.0,0.0,0.0,0.8394017,Yerushalmi
TgO_Exodus,20,3,0.0,0.0,0.0,0.8333,0.0,0.0,0.0,6.0,3.0,0.0,0.0,0.70465755,Yerushalmi
TgO_Exodus,20,4,0.0,0.0,0.0,0.6923,0.0,0.0,0.0,13.0,3.2857,0.0,0.0,0.93581104,Yerushalmi
TgO_Exodus,20,5,0.0,0.0,0.0,0.7742,0.0,0.0,0.0,31.0,2.7188,0.0,0.0,0.9732742,Yerushalmi
TgO_Exodus,20,6,0.0,0.0,0.0,0.8571,0.0,0.0,0.0,7.0,2.5,0.0,0.0,0.7466897,Yerushalmi
TgO_Exodus,20,7,0.0,0.0,0.0,0.75,0.0,0.0,0.0,16.0,2.4706,0.0,0.0,0.9776381,Yerushalmi
TgO_Exodus,20,8,0.0,0.0,0.0,1.0,0.0,0.0,0.0,6.0,2.4286,0.0,0.0,0.85711557,Yerushalmi
TgO_Exodus,20,9,0.0,0.0,0.0,1.0,0.0,0.0,0.0,6.0,2.4286,0.0,0.0,0.85711557,Yerushalmi
TgO_Exodus,20,10,0.0,0.0,0.0,0.6667,0.0,0.0,0.0,18.0,2.5263,0.0,0.0,0.9830773,Yerushalmi
TgO_Exodus,20,11,0.0,0.0,0.0,0.64,0.0,0.0,0.0,25.0,2.6538,0.0,0.0,0.98215467,Yerushalmi
TgO_Exodus,20,12,0.0,0.0,0.0,0.9286,0.0,0.0,0.0,14.0,2.6,0.0,0.0,0.9776493,Yerushalmi
TgO_Exodus,20,13,0.0,0.0,0.0,0.5,0.0,0.0,0.0,3.0,2.0,0.0,0.0,0.31692523,Bavli
TgO_Exodus,20,14,0.0,0.0,0.0,0.5,0.0,0.0,0.0,2.0,1.6667,0.0,0.0,0.27968746,Bavli
TgO_Exodus,20,15,0.0,0.0,0.0,0.5,0.0,0.0,0.0,3.0,2.0,0.0,0.0,0.31692523,Bavli
TgO_Exodus,20,16,0.0,0.0,0.0,1.0,0.0,0.0,0.0,5.0,2.3333,0.0,0.0,0.81596005,Yerushalmi
TgO_Exodus,20,17,0.0,0.0,0.0,0.4286,0.0,0.0,0.0,14.0,2.3333,0.0,0.0,0.9435899,Yerushalmi
TgO_Exodus,20,18,0.0,0.0,0.0,0.5556,0.0,0.0,0.0,18.0,2.5263,0.0,0.0,0.980237,Yerushalmi
TgO_Exodus,20,19,0.0,0.0,0.0,0.6154,0.0,0.0,0.0,13.0,3.0714,0.0,0.0,0.93057895,Yerushalmi
TgO_Exodus,20,20,0.0,0.0,0.0,0.75,0.0,0.0,0.0,20.0,3.0952,0.0,0.0,0.98065907,Yerushalmi
TgO_Exodus,20,21,0.0,0.0,0.0,0.9,0.0,0.0,0.0,10.0,3.0909,0.0,0.0,0.916656,Yerushalmi
TgO_Exodus,20,22,0.0,0.0,0.0,0.8571,0.0,0.0,0.0,14.0,3.2,0.0,0.0,0.9664907,Yerushalmi
TgO_Exodus,20,23,0.0,0.0,0.0,0.8571,0.0,0.0,0.0,7.0,3.0,0.0,0.0,0.78080404,Yerushalmi
TgO_Exodus,20,24,0.0,0.0,0.0,0.84,0.0,0.0,0.0,25.0,2.8077,0.0,0.0,0.98870677,Yerushalmi
TgO_Exodus,20,25,0.0,0.0,0.0,0.8571,0.0,0.0,0.0,14.0,2.6,0.0,0.0,0.96837133,Yerushalmi
TgO_Exodus,20,26,0.0,0.0,0.0,0.8889,0.0,0.0,0.0,9.0,2.4,0.0,0.0,0.86330986,Yerushalmi
TgO_Exodus,21,1,0.0,0.0,0.0,1.0,0.0,0.0,0.0,4.0,2.2,0.0,0.0,0.7667365,Yerushalmi
TgO_Exodus,21,2,0.0,0.0,0.0,0.8571,0.0,0.0,0.0,14.0,3.4667,0.0,0.0,0.9651264,Yerushalmi
TgO_Exodus,21,3,0.0,0.0,0.0,0.75,0.0,0.0,0.0,12.0,3.0769,0.0,0.0,0.9185073,Yerushalmi
TgO_Exodus,21,4,0.0,0.0,0.0,0.6471,0.0,0.0,0.0,17.0,3.0,0.0,0.0,0.9719918,Yerushalmi
TgO_Exodus,21,5,0.0,0.0,0.0,0.7333,0.0,0.0,0.0,15.0,3.1875,0.0,0.0,0.96219796,Yerushalmi
TgO_Exodus,21,6,0.0,0.0,0.0,0.7,0.0,0.0,0.0,20.0,2.8095,0.0,0.0,0.98381287,Yerushalmi
TgO_Exodus,21,7,0.0,0.0,0.0,1.0,0.0,0.0,0.0,10.0,2.4545,0.0,0.0,0.94902813,Yerushalmi
TgO_Exodus,21,8,0.0,0.0,0.0,0.7333,0.0,0.0,0.0,15.0,2.875,0.0,0.0,0.96429396,Yerushalmi
TgO_Exodus,21,9,0.0,0.0,0.0,0.75,0.0,0.0,0.0,8.0,2.6667,0.0,0.0,0.720481,Yerushalmi
TgO_Exodus,21,10,0.0,0.0,0.0,0.8889,0.0,0.0,0.0,9.0,2.8,0.0,0.0,0.8760315,Yerushalmi
TgO_Exodus,21,11,0.0,0.0,0.0,0.8,0.0,0.0,0.0,10.0,2.5455,0.0,0.0,0.8493569,Yerushalmi
TgO_Exodus,21,12,0.0,0.0,0.0,0.6,0.0,0.0,0.0,5.0,2.5,0.0,0.0,0.43624836,Bavli
TgO_Exodus,21,13,0.0,0.0,0.0,0.6667,0.0,0.0,0.0,12.0,2.5385,0.0,0.0,0.889806,Yerushalmi
TgO_Exodus,21,14,0.0,0.0,0.0,0.9091,0.0,0.0,0.0,11.0,2.5,0.0,0.0,0.93215793,Yerushalmi
TgO_Exodus,21,15,0.0,0.0,0.0,0.6,0.0,0.0,0.0,5.0,2.0,0.0,0.0,0.3842999,Bavli
TgO_Exodus,21,16,0.0,0.0,0.0,0.6667,0.0,0.0,0.0,9.0,2.5,0.0,0.0,0.7250514,Yerushalmi
TgO_Exodus,21,17,0.0,0.0,0.0,0.6,0.0,0.0,0.0,5.0,2.0,0.0,0.0,0.3842999,Bavli
TgO_Exodus,21,18,0.0,0.0,0.0,0.6429,0.0,0.0,0.0,14.0,2.3333,0.0,0.0,0.9450414,Yerushalmi
TgO_Exodus,21,19,0.0,0.0,0.0,0.8667,0.0,0.0,0.0,15.0,2.5625,0.0,0.0,0.9786922,Yerushalmi
TgO_Exodus,21,20,0.0,0.0,0.0,0.7857,0.0,0.0,0.0,14.0,2.4,0.0,0.0,0.9599286,Yerushalmi
TgO_Exodus,21,21,0.0,0.0,0.0,0.9167,0.0,0.0,0.0,12.0,2.6154,0.0,0.0,0.953167,Yerushalmi
TgO_Exodus,21,22,0.0,0.0,0.0,0.7143,0.0,0.0,0.0,21.0,2.8636,0.0,0.0,0.9838801,Yerushalmi
TgO_Exodus,21,23,0.0,0.0,0.0,0.7143,0.0,0.0,0.0,7.0,2.5,0.0,0.0,0.6118091,Yerushalmi
TgO_Exodus,21,24,0.0,0.0,0.0,0.4167,0.0,0.0,0.0,12.0,2.7692,0.0,0.0,0.90802956,Yerushalmi
TgO_Exodus,21,25,0.0,0.0,0.0,0.4444,0.0,0.0,0.0,9.0,3.6,0.0,0.0,0.8486542,Yerushalmi
TgO_Exodus,21,26,0.0,0.0,0.0,0.75,0.0,0.0,0.0,16.0,3.1765,0.0,0.0,0.96980566,Yerushalmi
TgO_Exodus,21,27,0.0,0.0,0.0,0.75,0.0,0.0,0.0,12.0,3.1538,0.0,0.0,0.9200816,Yerushalmi
TgO_Exodus,21,28,0.0,0.0,0.0,0.6,0.0,0.0,0.0,20.0,2.5238,0.0,0.0,0.985527,Yerushalmi
TgO_Exodus,21,29,0.0,0.0,0.0,0.6842,0.0,0.0,0.0,19.0,2.45,0.0,0.0,0.98727083,Yerushalmi
TgO_Exodus,21,30,0.0,0.0,0.0,0.8,0.0,0.0,0.0,10.0,2.5455,0.0,0.0,0.8493569,Yerushalmi
TgO_Exodus,21,31,0.0,0.0,0.0,0.6154,0.0,0.0,0.0,13.0,2.9286,0.0,0.0,0.9276772,Yerushalmi
TgO_Exodus,21,32,0.0,0.0,0.0,1.0,0.0,0.0,0.0,13.0,2.7857,0.0,0.0,0.9794546,Yerushalmi
TgO_Exodus,21,33,0.0,0.0,0.0,0.6875,0.0,0.0,0.0,16.0,2.5294,0.0,0.0,0.9733499,Yerushalmi
TgO_Exodus,21,34,0.0,0.0,0.0,0.8889,0.0,0.0,0.0,9.0,2.7,0.0,0.0,0.8725188,Yerushalmi
TgO_Exodus,21,35,0.0,0.0,0.0,0.55,0.0,0.0,0.0,20.0,2.3333,0.0,0.0,0.98724097,Yerushalmi
TgO_Exodus,21,36,0.0,0.0,0.0,0.7368,0.0,0.0,0.0,19.0,2.7,0.0,0.0,0.9856656,Yerushalmi
TgO_Exodus,21,37,0.0,0.0,0.0,0.6667,0.0,0.0,0.0,18.0,2.6842,0.0,0.0,0.98084277,Yerushalmi
TgO_Exodus,22,1,0.0,0.0,0.0,0.7778,0.0,0.0,0.0,9.0,2.3,0.0,0.0,0.7749181,Yerushalmi
TgO_Exodus,22,2,0.0,0.0,0.0,0.7143,0.0,0.0,0.0,14.0,2.5333,0.0,0.0,0.95082396,Yerushalmi
TgO_Exodus,22,3,0.0,0.0,0.0,0.875,0.0,0.0,0.0,16.0,2.5882,0.0,0.0,0.9848627,Yerushalmi
TgO_Exodus,22,4,0.0,0.0,0.0,0.7647,0.0,0.0,0.0,17.0,2.6667,0.0,0.0,0.9816608,Yerushalmi
TgO_Exodus,22,5,0.0,0.0,0.0,0.8125,0.0,0.0,0.0,16.0,2.7059,0.0,0.0,0.9792972,Yerushalmi
TgO_Exodus,22,6,0.0,0.0,0.0,0.9444,0.0,0.0,0.0,18.0,2.5789,0.0,0.0,0.99357474,Yerushalmi
TgO_Exodus,22,7,0.0,0.0,0.0,0.8235,0.0,0.0,0.0,17.0,2.5,0.0,0.0,0.98670095,Yerushalmi
TgO_Exodus,22,8,0.0,0.0,0.0,0.5806,0.0,0.0,0.0,31.0,2.7812,0.0,0.0,0.9435379,Yerushalmi
TgO_Exodus,22,9,0.0,0.0,0.0,0.7895,0.0,0.0,0.0,19.0,2.6,0.0,0.0,0.98906106,Yerushalmi
TgO_Exodus,22,10,0.0,0.0,0.0,0.8421,0.0,0.0,0.0,19.0,2.8,0.0,0.0,0.9888539,Yerushalmi
TgO_Exodus,22,11,0.0,0.0,0.0,0.8333,0.0,0.0,0.0,6.0,2.4286,0.0,0.0,0.6538595,Yerushalmi
TgO_Exodus,22,12,0.0,0.0,0.0,0.75,0.0,0.0,0.0,8.0,2.4444,0.0,0.0,0.7006843,Yerushalmi
TgO_Exodus,22,13,0.0,0.0,0.0,0.8462,0.0,0.0,0.0,13.0,2.4286,0.0,0.0,0.9530908,Yerushalmi
TgO_Exodus,22,14,0.0,0.0,0.0,0.9,0.0,0.0,0.0,10.0,2.3636,0.0,0.0,0.90208375,Yerushalmi
TgO_Exodus,22,15,0.0,0.0,0.0,0.75,0.0,0.0,0.0,12.0,2.7692,0.0,0.0,0.91129965,Yerushalmi
TgO_Exodus,22,16,0.0,0.0,0.0,0.8182,0.0,0.0,0.0,11.0,2.6667,0.0,0.0,0.89849174,Yerushalmi
TgO_Exodus,22,17,0.0,0.0,0.0,0.5,0.0,0.0,0.0,3.0,2.25,0.0,0.0,0.34189633,Bavli
TgO_Exodus,22,18,0.0,0.0,0.0,0.8333,0.0,0.0,0.0,6.0,2.4286,0.0,0.0,0.6538595,Yerushalmi
TgO_Exodus,22,19,0.0,0.0,0.0,1.0,0.0,0.0,0.0,8.0,2.8889,0.0,0.0,0.9211936,Yerushalmi
TgO_Exodus,22,20,0.0,0.0,0.0,0.8,0.0,0.0,0.0,10.0,2.7273,0.0,0.0,0.8570557,Yerushalmi
TgO_Exodus,22,21,0.0,0.0,0.0,1.0,0.0,0.0,0.0,5.0,2.3333,0.0,0.0,0.81596005,Yerushalmi
TgO_Exodus,22,22,0.0,0.0,0.0,0.5833,0.0,0.0,0.0,12.0,2.6923,0.0,0.0,0.8895039,Yerushalmi
TgO_Exodus,22,23,0.0,0.0,0.0,0.7,0.0,0.0,0.0,10.0,2.5455,0.0,0.0,0.8027061,Yerushalmi
TgO_Exodus,22,24,0.0,0.0,0.0,0.8571,0.0,0.0,0.0,14.0,2.6,0.0,0.0,0.96837133,Yerushalmi
TgO_Exodus,22,25,0.0,0.0,0.0,0.9,0.0,0.0,0.0,10.0,2.9091,0.0,0.0,0.91276056,Yerushalmi
TgO_Exodus,22,26,0.0,0.0,0.0,0.7778,0.0,0.0,0.0,18.0,3.0,0.0,0.0,0.9810825,Yerushalmi
TgO_Exodus,22,27,0.0,0.0,0.0,0.8571,0.0,0.0,0.0,7.0,2.125,0.0,0.0,0.72910273,Yerushalmi
TgO_Exodus,22,28,0.0,0.0,0.0,1.0,0.0,0.0,0.0,8.0,3.0,0.0,0.0,0.9227511,Yerushalmi
TgO_Exodus,22,29,0.0,0.0,0.0,1.0,0.0,0.0,0.0,13.0,2.5714,0.0,0.0,0.9795857,Yerushalmi
TgO_Exodus,22,30,0.0,0.0,0.0,0.8571,0.0,0.0,0.0,14.0,2.8667,0.0,0.0,0.96739733,Yerushalmi
TgO_Exodus,23,1,0.0,0.0,0.0,0.7692,0.0,0.0,0.0,13.0,2.5714,0.0,0.0,0.93816614,Yerushalmi
TgO_Exodus,23,2,0.0,0.0,0.0,0.7647,0.0,0.0,0.0,17.0,2.7222,0.0,0.0,0.98096764,Yerushalmi
TgO_Exodus,23,3,0.0,0.0,0.0,1.0,0.0,0.0,0.0,5.0,2.1667,0.0,0.0,0.8122587,Yerushalmi
TgO_Exodus,23,4,0.0,0.0,0.0,0.8,0.0,0.0,0.0,10.0,2.8182,0.0,0.0,0.86120784,Yerushalmi
TgO_Exodus,23,5,0.0,0.0,0.0,0.8235,0.0,0.0,0.0,17.0,2.5556,0.0,0.0,0.98611665,Yerushalmi
TgO_Exodus,23,6,0.0,0.0,0.0,1.0,0.0,0.0,0.0,5.0,2.3333,0.0,0.0,0.81596005,Yerushalmi
TgO_Exodus,23,7,0.0,0.0,0.0,0.7647,0.0,0.0,0.0,17.0,2.5556,0.0,0.0,0.98302215,Yerushalmi
TgO_Exodus,23,8,0.0,0.0,0.0,0.9091,0.0,0.0,0.0,11.0,2.8333,0.0,0.0,0.9359795,Yerushalmi
TgO_Exodus,23,9,0.0,0.0,0.0,0.8462,0.0,0.0,0.0,13.0,2.7857,0.0,0.0,0.95328254,Yerushalmi
TgO_Exodus,23,10,0.0,0.0,0.0,0.75,0.0,0.0,0.0,8.0,2.3333,0.0,0.0,0.6925343,Yerushalmi
TgO_Exodus,23,11,0.0,0.0,0.0,0.8571,0.0,0.0,0.0,14.0,2.4667,0.0,0.0,0.9691166,Yerushalmi
TgO_Exodus,23,12,0.0,0.0,0.0,0.8,0.0,0.0,0.0,15.0,2.75,0.0,0.0,0.97085124,Yerushalmi
TgO_Exodus,23,13,0.0,0.0,0.0,0.7692,0.0,0.0,0.0,13.0,2.5714,0.0,0.0,0.93816614,Yerushalmi
TgO_Exodus,23,14,0.0,0.0,0.0,1.0,0.0,0.0,0.0,5.0,2.3333,0.0,0.0,0.81596005,Yerushalmi
TgO_Exodus,23,15,0.0,0.0,0.0,0.9524,0.0,0.0,0.0,21.0,2.9545,0.0,0.0,0.9929873,Yerushalmi
TgO_Exodus,23,16,0.0,0.0,0.0,0.7333,0.0,0.0,0.0,15.0,2.75,0.0,0.0,0.96512526,Yerushalmi
TgO_Exodus,23,17,0.0,0.0,0.0,1.0,0.0,0.0,0.0,10.0,2.7273,0.0,0.0,0.9513331,Yerushalmi
TgO_Exodus,23,18,0.0,0.0,0.0,0.9375,0.0,0.0,0.0,16.0,2.7647,0.0,0.0,0.98770195,Yerushalmi
TgO_Exodus,23,19,0.0,0.0,0.0,1.0,0.0,0.0,0.0,11.0,3.3333,0.0,0.0,0.9656923,Yerushalmi
TgO_Exodus,23,20,0.0,0.0,0.0,1.0,0.0,0.0,0.0,9.0,2.7,0.0,0.0,0.93647635,Yerushalmi
TgO_Exodus,23,21,0.0,0.0,0.0,0.7857,0.0,0.0,0.0,14.0,3.0667,0.0,0.0,0.95796883,Yerushalmi
TgO_Exodus,23,22,0.0,0.0,0.0,0.7143,0.0,0.0,0.0,14.0,2.5333,0.0,0.0,0.95082396,Yerushalmi
TgO_Exodus,23,23,0.0,0.0,0.0,0.6154,0.0,0.0,0.0,13.0,2.6429,0.0,0.0,0.9212985,Yerushalmi
TgO_Exodus,23,24,0.0,0.0,0.0,0.75,0.0,0.0,0.0,16.0,2.5294,0.0,0.0,0.9769655,Yerushalmi
TgO_Exodus,23,25,0.0,0.0,0.0,0.7692,0.0,0.0,0.0,13.0,3.0,0.0,0.0,0.94142205,Yerushalmi
TgO_Exodus,23,26,0.0,0.0,0.0,1.0,0.0,0.0,0.0,9.0,2.4,0.0,0.0,0.9326747,Yerushalmi
TgO_Exodus,23,27,0.0,0.0,0.0,0.75,0.0,0.0,0.0,20.0,2.619,0.0,0.0,0.9886477,Yerushalmi
TgO_Exodus,23,28,0.0,0.0,0.0,0.6667,0.0,0.0,0.0,12.0,3.0,0.0,0.0,0.90587974,Yerushalmi
TgO_Exodus,23,29,0.0,0.0,0.0,1.0,0.0,0.0,0.0,13.0,2.7143,0.0,0.0,0.9794695,Yerushalmi
TgO_Exodus,23,30,0.0,0.0,0.0,0.8889,0.0,0.0,0.0,9.0,3.0,0.0,0.0,0.88286275,Yerushalmi
TgO_Exodus,23,31,0.0,0.0,0.0,0.6842,0.0,0.0,0.0,19.0,2.85,0.0,0.0,0.98124486,Yerushalmi
TgO_Exodus,23,32,0.0,0.0,0.0,0.8,0.0,0.0,0.0,5.0,2.6667,0.0,0.0,0.5737003,Yerushalmi
TgO_Exodus,23,33,0.0,0.0,0.0,0.8,0.0,0.0,0.0,15.0,2.6875,0.0,0.0,0.97133744,Yerushalmi
TgO_Exodus,24,1,0.0,0.0,0.0,0.5714,0.0,0.0,0.0,14.0,3.0,0.0,0.0,0.9467515,Yerushalmi
TgO_Exodus,24,2,0.0,0.0,0.0,0.6667,0.0,0.0,0.0,15.0,3.0625,0.0,0.0,0.9594627,Yerushalmi
TgO_Exodus,24,3,0.0,0.0,0.0,0.5,0.0,0.0,0.0,22.0,2.4348,0.0,0.0,0.9860334,Yerushalmi
TgO_Exodus,24,4,0.0,0.0,0.0,0.6471,0.0,0.0,0.0,17.0,3.1667,0.0,0.0,0.96964777,Yerushalmi
TgO_Exodus,24,5,0.0,0.0,0.0,0.7692,0.0,0.0,0.0,13.0,2.7857,0.0,0.0,0.9395822,Yerushalmi
TgO_Exodus,24,6,0.0,0.0,0.0,0.6364,0.0,0.0,0.0,11.0,2.5,0.0,0.0,0.8379304,Yerushalmi
TgO_Exodus,24,7,0.0,0.0,0.0,0.75,0.0,0.0,0.0,12.0,2.3077,0.0,0.0,0.9035847,Yerushalmi
TgO_Exodus,24,8,0.0,0.0,0.0,0.6818,0.0,0.0,0.0,22.0,2.4348,0.0,0.0,0.99004537,Yerushalmi
TgO_Exodus,24,9,0.0,0.0,0.0,0.25,0.0,0.0,0.0,8.0,2.8889,0.0,0.0,0.81882864,Yerushalmi
TgO_Exodus,24,10,0.0,0.0,0.0,0.7143,0.0,0.0,0.0,14.0,3.0667,0.0,0.0,0.95118046,Yerushalmi
TgO_Exodus,24,11,0.0,0.0,0.0,0.6842,0.0,0.0,0.0,19.0,2.6,0.0,0.0,0.98520136,Yerushalmi
TgO_Exodus,24,12,0.0,0.0,0.0,0.6471,0.0,0.0,0.0,17.0,2.7778,0.0,0.0,0.9749242,Yerushalmi
TgO_Exodus,24,13,0.0,0.0,0.0,0.6364,0.0,0.0,0.0,11.0,2.9167,0.0,0.0,0.8640002,Yerushalmi
TgO_Exodus,24,14,0.0,0.0,0.0,0.7222,0.0,0.0,0.0,18.0,2.7895,0.0,0.0,0.98146766,Yerushalmi
TgO_Exodus,24,15,0.0,0.0,0.0,0.5714,0.0,0.0,0.0,7.0,2.5,0.0,0.0,0.56024456,Yerushalmi
TgO_Exodus,24,16,0.0,0.0,0.0,0.6875,0.0,0.0,0.0,16.0,3.2353,0.0,0.0,0.9657102,Yerushalmi
TgO_Exodus,24,17,0.0,0.0,0.0,0.9091,0.0,0.0,0.0,11.0,2.75,0.0,0.0,0.93486756,Yerushalmi
TgO_Exodus,24,18,0.0,0.0,0.0,0.6154,0.0,0.0,0.0,13.0,2.9286,0.0,0.0,0.9276772,Yerushalmi
TgO_Exodus,25,1,0.0,0.0,0.0,0.8,0.0,0.0,0.0,5.0,2.1667,0.0,0.0,0.5289073,Yerushalmi
TgO_Exodus,25,2,0.0,0.0,0.0,0.8667,0.0,0.0,0.0,15.0,3.5,0.0,0.0,0.97175527,Yerushalmi
TgO_Exodus,25,3,0.0,0.0,0.0,0.7143,0.0,0.0,0.0,7.0,3.125,0.0,0.0,0.6899445,Yerushalmi
TgO_Exodus,25,4,0.0,0.0,0.0,0.3333,0.0,0.0,0.0,6.0,2.1429,0.0,0.0,0.5406207,Yerushalmi
TgO_Exodus,25,5,0.0,0.0,0.0,0.7143,0.0,0.0,0.0,7.0,2.5,0.0,0.0,0.6118091,Yerushalmi
TgO_Exodus,25,6,0.0,0.0,0.0,0.7143,0.0,0.0,0.0,7.0,2.75,0.0,0.0,0.64213824,Yerushalmi
TgO_Exodus,25,7,0.0,0.0,0.0,0.8571,0.0,0.0,0.0,7.0,2.625,0.0,0.0,0.7549598,Yerushalmi
TgO_Exodus,25,8,0.0,0.0,0.0,0.8333,0.0,0.0,0.0,6.0,2.7143,0.0,0.0,0.6784378,Yerushalmi
TgO_Exodus,25,9,0.0,0.0,0.0,0.7692,0.0,0.0,0.0,13.0,2.4286,0.0,0.0,0.93779385,Yerushalmi
TgO_Exodus,25,10,0.0,0.0,0.0,0.6429,0.0,0.0,0.0,14.0,2.6,0.0,0.0,0.9451942,Yerushalmi
TgO_Exodus,25,11,0.0,0.0,0.0,0.75,0.0,0.0,0.0,12.0,2.9231,0.0,0.0,0.91498816,Yerushalmi
TgO_Exodus,25,12,0.0,0.0,0.0,0.4737,0.0,0.0,0.0,19.0,2.8,0.0,0.0,0.97838557,Yerushalmi
TgO_Exodus,25,13,0.0,0.0,0.0,0.8571,0.0,0.0,0.0,7.0,2.25,0.0,0.0,0.7333341,Yerushalmi
TgO_Exodus,25,14,0.0,0.0,0.0,0.7273,0.0,0.0,0.0,11.0,2.5,0.0,0.0,0.86028135,Yerushalmi
TgO_Exodus,25,15,0.0,0.0,0.0,1.0,0.0,0.0,0.0,7.0,2.5,0.0,0.0,0.8898935,Yerushalmi
TgO_Exodus,25,16,0.0,0.0,0.0,0.8333,0.0,0.0,0.0,6.0,2.4286,0.0,0.0,0.6538595,Yerushalmi
TgO_Exodus,25,17,0.0,0.0,0.0,0.7273,0.0,0.0,0.0,11.0,2.8333,0.0,0.0,0.8744153,Yerushalmi
TgO_Exodus,25,18,0.0,0.0,0.0,1.0,0.0,0.0,0.0,10.0,2.9091,0.0,0.0,0.9530253,Yerushalmi
TgO_Exodus,25,19,0.0,0.0,0.0,0.5882,0.0,0.0,0.0,17.0,2.5,0.0,0.0,0.976768,Yerushalmi
TgO_Exodus,25,20,0.0,0.0,0.0,0.7222,0.0,0.0,0.0,18.0,3.2105,0.0,0.0,0.97464764,Yerushalmi
TgO_Exodus,25,21,0.0,0.0,0.0,0.6667,0.0,0.0,0.0,12.0,3.0769,0.0,0.0,0.90836203,Yerushalmi
TgO_Exodus,25,22,0.0,0.0,0.0,0.8095,0.0,0.0,0.0,21.0,3.3636,0.0,0.0,0.9784143,Yerushalmi
TgO_Exodus,25,23,0.0,0.0,0.0,0.75,0.0,0.0,0.0,12.0,2.6923,0.0,0.0,0.90953076,Yerushalmi
TgO_Exodus,25,24,0.0,0.0,0.0,0.6667,0.0,0.0,0.0,9.0,3.1,0.0,0.0,0.7860252,Yerushalmi
TgO_Exodus,25,25,0.0,0.0,0.0,0.6364,0.0,0.0,0.0,11.0,3.8333,0.0,0.0,0.89380324,Yerushalmi
TgO_Exodus,25,26,0.0,0.0,0.0,0.6154,0.0,0.0,0.0,13.0,2.9286,0.0,0.0,0.9276772,Yerushalmi
TgO_Exodus,25,27,0.0,0.0,0.0,1.0,0.0,0.0,0.0,9.0,3.2,0.0,0.0,0.941888,Yerushalmi
TgO_Exodus,25,28,0.0,0.0,0.0,0.6923,0.0,0.0,0.0,13.0,2.3571,0.0,0.0,0.9247568,Yerushalmi
TgO_Exodus,25,29,0.0,0.0,0.0,0.8182,0.0,0.0,0.0,11.0,2.5,0.0,0.0,0.89482194,Yerushalmi
TgO_Exodus,25,30,0.0,0.0,0.0,1.0,0.0,0.0,0.0,7.0,2.75,0.0,0.0,0.8954467,Yerushalmi
TgO_Exodus,25,31,0.0,0.0,0.0,0.7857,0.0,0.0,0.0,14.0,2.8,0.0,0.0,0.9583237,Yerushalmi
TgO_Exodus,25,32,0.0,0.0,0.0,0.6429,0.0,0.0,0.0,14.0,2.6,0.0,0.0,0.9451942,Yerushalmi
TgO_Exodus,25,33,0.0,0.0,0.0,0.65,0.0,0.0,0.0,20.0,2.619,0.0,0.0,0.98534447,Yerushalmi
TgO_Exodus,25,34,0.0,0.0,0.0,0.8333,0.0,0.0,0.0,6.0,2.7143,0.0,0.0,0.6784378,Yerushalmi
TgO_Exodus,25,35,0.0,0.0,0.0,0.4,0.0,0.0,0.0,20.0,2.8095,0.0,0.0,0.97964936,Yerushalmi
TgO_Exodus,25,36,0.0,0.0,0.0,1.0,0.0,0.0,0.0,9.0,2.5,0.0,0.0,0.933833,Yerushalmi
TgO_Exodus,25,37,0.0,0.0,0.0,0.6667,0.0,0.0,0.0,12.0,2.6923,0.0,0.0,0.8949337,Yerushalmi
TgO_Exodus,25,38,0.0,0.0,0.0,1.0,0.0,0.0,0.0,4.0,2.6,0.0,0.0,0.7757333,Yerushalmi
TgO_Exodus,25,39,0.0,0.0,0.0,0.8889,0.0,0.0,0.0,9.0,2.5,0.0,0.0,0.86600816,Yerushalmi
TgO_Exodus,25,40,0.0,0.0,0.0,0.6667,0.0,0.0,0.0,6.0,2.0,0.0,0.0,0.47040844,Bavli
TgO_Exodus,26,1,0.0,0.0,0.0,0.7647,0.0,0.0,0.0,17.0,3.1111,0.0,0.0,0.97584254,Yerushalmi
TgO_Exodus,26,2,0.0,0.0,0.0,0.6,0.0,0.0,0.0,15.0,3.125,0.0,0.0,0.95787144,Yerushalmi
TgO_Exodus,26,3,0.0,0.0,0.0,0.5385,0.0,0.0,0.0,13.0,2.5714,0.0,0.0,0.91871345,Yerushalmi
TgO_Exodus,26,4,0.0,0.0,0.0,0.8,0.0,0.0,0.0,15.0,3.3125,0.0,0.0,0.9666183,Yerushalmi
TgO_Exodus,26,5,0.0,0.0,0.0,0.6471,0.0,0.0,0.0,17.0,3.3333,0.0,0.0,0.967034,Yerushalmi
TgO_Exodus,26,6,0.0,0.0,0.0,0.7143,0.0,0.0,0.0,14.0,2.6,0.0,0.0,0.95072126,Yerushalmi
TgO_Exodus,26,7,0.0,0.0,0.0,0.9,0.0,0.0,0.0,10.0,3.2727,0.0,0.0,0.9197801,Yerushalmi
TgO_Exodus,26,8,0.0,0.0,0.0,0.6429,0.0,0.0,0.0,14.0,3.4667,0.0,0.0,0.94737524,Yerushalmi
TgO_Exodus,26,9,0.0,0.0,0.0,0.625,0.0,0.0,0.0,16.0,3.2941,0.0,0.0,0.9632836,Yerushalmi
TgO_Exodus,26,10,0.0,0.0,0.0,0.625,0.0,0.0,0.0,16.0,3.5882,0.0,0.0,0.9587602,Yerushalmi
TgO_Exodus,26,11,0.0,0.0,0.0,0.6154,0.0,0.0,0.0,13.0,2.5714,0.0,0.0,0.9198251,Yerushalmi
TgO_Exodus,26,12,0.0,0.0,0.0,0.9091,0.0,0.0,0.0,11.0,3.1667,0.0,0.0,0.94026935,Yerushalmi
TgO_Exodus,26,13,0.0,0.0,0.0,0.6875,0.0,0.0,0.0,16.0,2.5294,0.0,0.0,0.9733499,Yerushalmi
TgO_Exodus,26,14,0.0,0.0,0.0,0.8,0.0,0.0,0.0,10.0,3.3636,0.0,0.0,0.88282704,Yerushalmi
TgO_Exodus,26,15,0.0,0.0,0.0,1.0,0.0,0.0,0.0,7.0,2.25,0.0,0.0,0.8847896,Yerushalmi
TgO_Exodus,26,16,0.0,0.0,0.0,0.7,0.0,0.0,0.0,10.0,2.4545,0.0,0.0,0.79707956,Yerushalmi
TgO_Exodus,26,17,0.0,0.0,0.0,0.7692,0.0,0.0,0.0,13.0,2.5714,0.0,0.0,0.93816614,Yerushalmi
TgO_Exodus,26,18,0.0,0.0,0.0,0.8889,0.0,0.0,0.0,9.0,2.7,0.0,0.0,0.8725188,Yerushalmi
TgO_Exodus,26,19,0.0,0.0,0.0,0.4762,0.0,0.0,0.0,21.0,2.9091,0.0,0.0,0.97707784,Yerushalmi
TgO_Exodus,26,20,0.0,0.0,0.0,1.0,0.0,0.0,0.0,7.0,3.0,0.0,0.0,0.8999139,Yerushalmi
TgO_Exodus,26,21,0.0,0.0,0.0,0.5385,0.0,0.0,0.0,13.0,2.5714,0.0,0.0,0.91871345,Yerushalmi
TgO_Exodus,26,22,0.0,0.0,0.0,1.0,0.0,0.0,0.0,6.0,2.4286,0.0,0.0,0.85711557,Yerushalmi
TgO_Exodus,26,23,0.0,0.0,0.0,1.0,0.0,0.0,0.0,6.0,2.2857,0.0,0.0,0.85368323,Yerushalmi
TgO_Exodus,26,24,0.0,0.0,0.0,0.6875,0.0,0.0,0.0,16.0,2.7647,0.0,0.0,0.97078806,Yerushalmi
TgO_Exodus,26,25,0.0,0.0,0.0,0.5294,0.0,0.0,0.0,17.0,2.7778,0.0,0.0,0.9728954,Yerushalmi
TgO_Exodus,26,26,0.0,0.0,0.0,1.0,0.0,0.0,0.0,9.0,2.4,0.0,0.0,0.9326747,Yerushalmi
TgO_Exodus,26,27,0.0,0.0,0.0,0.6154,0.0,0.0,0.0,13.0,2.7857,0.0,0.0,0.9244733,Yerushalmi
TgO_Exodus,26,28,0.0,0.0,0.0,0.875,0.0,0.0,0.0,8.0,2.5556,0.0,0.0,0.81735134,Yerushalmi
TgO_Exodus,26,29,0.0,0.0,0.0,0.6429,0.0,0.0,0.0,14.0,2.5333,0.0,0.0,0.9450091,Yerushalmi
TgO_Exodus,26,30,0.0,0.0,0.0,0.8571,0.0,0.0,0.0,7.0,2.25,0.0,0.0,0.7333341,Yerushalmi
TgO_Exodus,26,31,0.0,0.0,0.0,0.7857,0.0,0.0,0.0,14.0,3.1333,0.0,0.0,0.9578503,Yerushalmi
TgO_Exodus,26,32,0.0,0.0,0.0,0.7857,0.0,0.0,0.0,14.0,2.6667,0.0,0.0,0.95862967,Yerushalmi
TgO_Exodus,26,33,0.0,0.0,0.0,0.55,0.0,0.0,0.0,20.0,3.381,0.0,0.0,0.9669749,Yerushalmi
TgO_Exodus,26,34,0.0,0.0,0.0,1.0,0.0,0.0,0.0,8.0,2.7778,0.0,0.0,0.9193815,Yerushalmi
TgO_Exodus,26,35,0.0,0.0,0.0,0.7222,0.0,0.0,0.0,18.0,3.3684,0.0,0.0,0.9716602,Yerushalmi
TgO_Exodus,26,36,0.0,0.0,0.0,0.75,0.0,0.0,0.0,12.0,3.0,0.0,0.0,0.9167943,Yerushalmi
TgO_Exodus,26,37,0.0,0.0,0.0,0.6667,0.0,0.0,0.0,15.0,2.75,0.0,0.0,0.9609039,Yerushalmi
TgO_Exodus,27,1,0.0,0.0,0.0,0.7059,0.0,0.0,0.0,17.0,2.8333,0.0,0.0,0.97651327,Yerushalmi
TgO_Exodus,27,2,0.0,0.0,0.0,0.8182,0.0,0.0,0.0,11.0,2.4167,0.0,0.0,0.89344126,Yerushalmi
TgO_Exodus,27,3,0.0,0.0,0.0,0.8333,0.0,0.0,0.0,12.0,3.0769,0.0,0.0,0.9358937,Yerushalmi
TgO_Exodus,27,4,0.0,0.0,0.0,0.6,0.0,0.0,0.0,15.0,3.0,0.0,0.0,0.9581778,Yerushalmi
TgO_Exodus,27,5,0.0,0.0,0.0,0.8182,0.0,0.0,0.0,11.0,3.1667,0.0,0.0,0.9115733,Yerushalmi
TgO_Exodus,27,6,0.0,0.0,0.0,0.7778,0.0,0.0,0.0,9.0,2.6,0.0,0.0,0.79112285,Yerushalmi
TgO_Exodus,27,7,0.0,0.0,0.0,0.7273,0.0,0.0,0.0,11.0,2.5833,0.0,0.0,0.8634533,Yerushalmi
TgO_Exodus,27,8,0.0,0.0,0.0,0.8,0.0,0.0,0.0,10.0,2.7273,0.0,0.0,0.8570557,Yerushalmi
TgO_Exodus,27,9,0.0,0.0,0.0,0.875,0.0,0.0,0.0,16.0,2.8824,0.0,0.0,0.9823149,Yerushalmi
TgO_Exodus,27,10,0.0,0.0,0.0,0.625,0.0,0.0,0.0,8.0,2.5556,0.0,0.0,0.6480939,Yerushalmi
TgO_Exodus,27,11,0.0,0.0,0.0,0.6875,0.0,0.0,0.0,16.0,2.8824,0.0,0.0,0.96956587,Yerushalmi
TgO_Exodus,27,12,0.0,0.0,0.0,0.8182,0.0,0.0,0.0,11.0,2.9167,0.0,0.0,0.9051865,Yerushalmi
TgO_Exodus,27,13,0.0,0.0,0.0,1.0,0.0,0.0,0.0,7.0,3.0,0.0,0.0,0.8999139,Yerushalmi
TgO_Exodus,27,14,0.0,0.0,0.0,0.75,0.0,0.0,0.0,8.0,2.5556,0.0,0.0,0.7101355,Yerushalmi
TgO_Exodus,27,15,0.0,0.0,0.0,0.75,0.0,0.0,0.0,8.0,3.1111,0.0,0.0,0.7632309,Yerushalmi
TgO_Exodus,27,16,0.0,0.0,0.0,0.7059,0.0,0.0,0.0,17.0,3.1667,0.0,0.0,0.97182,Yerushalmi
TgO_Exodus,27,17,0.0,0.0,0.0,0.9,0.0,0.0,0.0,10.0,3.0909,0.0,0.0,0.916656,Yerushalmi
TgO_Exodus,27,18,0.0,0.0,0.0,0.7857,0.0,0.0,0.0,14.0,2.8,0.0,0.0,0.9583237,Yerushalmi
TgO_Exodus,27,19,0.0,0.0,0.0,0.8182,0.0,0.0,0.0,11.0,2.6667,0.0,0.0,0.89849174,Yerushalmi
TgO_Exodus,27,20,0.0,0.0,0.0,0.8,0.0,0.0,0.0,15.0,2.9375,0.0,0.0,0.969493,Yerushalmi
TgO_Exodus,27,21,0.0,0.0,0.0,0.8571,0.0,0.0,0.0,21.0,3.0455,0.0,0.0,0.9875635,Yerushalmi
TgO_Exodus,28,1,0.0,0.0,0.0,0.4762,0.0,0.0,0.0,21.0,3.0909,0.0,0.0,0.9729704,Yerushalmi
TgO_Exodus,28,2,0.0,0.0,0.0,0.7143,0.0,0.0,0.0,7.0,3.25,0.0,0.0,0.704414,Yerushalmi
TgO_Exodus,28,3,0.0,0.0,0.0,0.8235,0.0,0.0,0.0,17.0,2.6667,0.0,0.0,0.9849171,Yerushalmi
TgO_Exodus,28,4,0.0,0.0,0.0,0.5556,0.0,0.0,0.0,18.0,2.8421,0.0,0.0,0.97594184,Yerushalmi
TgO_Exodus,28,5,0.0,0.0,0.0,0.6923,0.0,0.0,0.0,13.0,2.7143,0.0,0.0,0.92837125,Yerushalmi
TgO_Exodus,28,6,0.0,0.0,0.0,0.75,0.0,0.0,0.0,12.0,2.9231,0.0,0.0,0.91498816,Yerushalmi
TgO_Exodus,28,7,0.0,0.0,0.0,0.75,0.0,0.0,0.0,8.0,2.8889,0.0,0.0,0.74229336,Yerushalmi
TgO_Exodus,28,8,0.0,0.0,0.0,0.7692,0.0,0.0,0.0,13.0,2.6429,0.0,0.0,0.9385465,Yerushalmi
TgO_Exodus,28,9,0.0,0.0,0.0,0.8,0.0,0.0,0.0,10.0,2.6364,0.0,0.0,0.8530592,Yerushalmi
TgO_Exodus,28,10,0.0,0.0,0.0,0.7857,0.0,0.0,0.0,14.0,2.2667,0.0,0.0,0.961003,Yerushalmi
TgO_Exodus,28,11,0.0,0.0,0.0,0.8571,0.0,0.0,0.0,21.0,2.9091,0.0,0.0,0.9895427,Yerushalmi
TgO_Exodus,28,12,0.0,0.0,0.0,0.5714,0.0,0.0,0.0,21.0,2.9545,0.0,0.0,0.9770468,Yerushalmi
TgO_Exodus,28,13,0.0,0.0,0.0,0.5,0.0,0.0,0.0,3.0,2.0,0.0,0.0,0.31692523,Bavli
TgO_Exodus,28,14,0.0,0.0,0.0,0.8667,0.0,0.0,0.0,15.0,3.0,0.0,0.0,0.9756479,Yerushalmi
TgO_Exodus,28,15,0.0,0.0,0.0,0.7647,0.0,0.0,0.0,17.0,2.9444,0.0,0.0,0.9781075,Yerushalmi
TgO_Exodus,28,16,0.0,0.0,0.0,1.0,0.0,0.0,0.0,7.0,2.875,0.0,0.0,0.8978971,Yerushalmi
TgO_Exodus,28,17,0.0,0.0,0.0,0.7333,0.0,0.0,0.0,15.0,2.875,0.0,0.0,0.96429396,Yerushalmi
TgO_Exodus,28,18,0.0,0.0,0.0,0.8,0.0,0.0,0.0,5.0,3.0,0.0,0.0,0.6127869,Yerushalmi
TgO_Exodus,28,19,0.0,0.0,0.0,1.0,0.0,0.0,0.0,5.0,4.1667,0.0,0.0,0.80543727,Yerushalmi
TgO_Exodus,28,20,0.0,0.0,0.0,0.7,0.0,0.0,0.0,10.0,2.4545,0.0,0.0,0.79707956,Yerushalmi
TgO_Exodus,28,21,0.0,0.0,0.0,0.6316,0.0,0.0,0.0,19.0,3.0,0.0,0.0,0.9767954,Yerushalmi
TgO_Exodus,28,22,0.0,0.0,0.0,1.0,0.0,0.0,0.0,9.0,3.0,0.0,0.0,0.94022983,Yerushalmi
TgO_Exodus,28,23,0.0,0.0,0.0,0.5714,0.0,0.0,0.0,14.0,2.9333,0.0,0.0,0.94611764,Yerushalmi
TgO_Exodus,28,24,0.0,0.0,0.0,0.9,0.0,0.0,0.0,10.0,2.9091,0.0,0.0,0.91276056,Yerushalmi
TgO_Exodus,28,25,0.0,0.0,0.0,0.6875,0.0,0.0,0.0,16.0,3.1765,0.0,0.0,0.9664125,Yerushalmi
TgO_Exodus,28,26,0.0,0.0,0.0,0.8,0.0,0.0,0.0,15.0,2.8125,0.0,0.0,0.9703849,Yerushalmi
TgO_Exodus,28,27,0.0,0.0,0.0,0.8333,0.0,0.0,0.0,18.0,3.6316,0.0,0.0,0.9741668,Yerushalmi
TgO_Exodus,28,28,0.0,0.0,0.0,0.7647,0.0,0.0,0.0,17.0,3.1111,0.0,0.0,0.97584254,Yerushalmi
TgO_Exodus,28,29,0.0,0.0,0.0,0.8125,0.0,0.0,0.0,16.0,2.7647,0.0,0.0,0.9786956,Yerushalmi
TgO_Exodus,28,30,0.0,0.0,0.0,0.52,0.0,0.0,0.0,25.0,2.9231,0.0,0.0,0.9677838,Yerushalmi
TgO_Exodus,28,31,0.0,0.0,0.0,1.0,0.0,0.0,0.0,6.0,2.8571,0.0,0.0,0.8675133,Yerushalmi
TgO_Exodus,28,32,0.0,0.0,0.0,0.8333,0.0,0.0,0.0,18.0,3.1579,0.0,0.0,0.98212343,Yerushalmi
TgO_Exodus,28,33,0.0,0.0,0.0,0.6,0.0,0.0,0.0,15.0,3.5625,0.0,0.0,0.95434266,Yerushalmi
TgO_Exodus,28,34,0.0,0.0,0.0,0.7,0.0,0.0,0.0,10.0,3.0,0.0,0.0,0.8350402,Yerushalmi
TgO_Exodus,28,35,0.0,0.0,0.0,0.6923,0.0,0.0,0.0,13.0,2.5,0.0,0.0,0.9257467,Yerushalmi
TgO_Exodus,28,36,0.0,0.0,0.0,0.9,0.0,0.0,0.0,10.0,2.6364,0.0,0.0,0.9066342,Yerushalmi
TgO_Exodus,28,37,0.0,0.0,0.0,0.75,0.0,0.0,0.0,12.0,3.0,0.0,0.0,0.9167943,Yerushalmi
TgO_Exodus,28,38,0.0,0.0,0.0,0.6087,0.0,0.0,0.0,23.0,3.75,0.0,0.0,0.94410515,Yerushalmi
TgO_Exodus,28,39,0.0,0.0,0.0,0.7,0.0,0.0,0.0,10.0,2.9091,0.0,0.0,0.8286201,Yerushalmi
TgO_Exodus,28,40,0.0,0.0,0.0,0.4167,0.0,0.0,0.0,12.0,3.1538,0.0,0.0,0.926841,Yerushalmi
TgO_Exodus,28,41,0.0,0.0,0.0,0.4118,0.0,0.0,0.0,17.0,2.3889,0.0,0.0,0.97702855,Yerushalmi
TgO_Exodus,28,42,0.0,0.0,0.0,0.8182,0.0,0.0,0.0,11.0,3.6667,0.0,0.0,0.91783553,Yerushalmi
TgO_Exodus,28,43,0.0,0.0,0.0,0.6522,0.0,0.0,0.0,23.0,2.625,0.0,0.0,0.9856822,Yerushalmi
TgO_Exodus,29,1,0.0,0.0,0.0,0.8125,0.0,0.0,0.0,16.0,2.8235,0.0,0.0,0.978097,Yerushalmi
TgO_Exodus,29,2,0.0,0.0,0.0,0.6429,0.0,0.0,0.0,14.0,2.6667,0.0,0.0,0.94545585,Yerushalmi
TgO_Exodus,29,3,0.0,0.0,0.0,0.6923,0.0,0.0,0.0,13.0,2.1429,0.0,0.0,0.9248215,Yerushalmi
TgO_Exodus,29,4,0.0,0.0,0.0,0.7273,0.0,0.0,0.0,11.0,2.6667,0.0,0.0,0.8669412,Yerushalmi
TgO_Exodus,29,5,0.0,0.0,0.0,0.4211,0.0,0.0,0.0,19.0,2.8,0.0,0.0,0.97880965,Yerushalmi
TgO_Exodus,29,6,0.0,0.0,0.0,0.7,0.0,0.0,0.0,10.0,2.8182,0.0,0.0,0.8220039,Yerushalmi
TgO_Exodus,29,7,0.0,0.0,0.0,0.6667,0.0,0.0,0.0,9.0,2.1,0.0,0.0,0.69842035,Yerushalmi
TgO_Exodus,29,8,0.0,0.0,0.0,0.8,0.0,0.0,0.0,5.0,2.1667,0.0,0.0,0.5289073,Yerushalmi
TgO_Exodus,29,9,0.0,0.0,0.0,0.5,0.0,0.0,0.0,18.0,3.2105,0.0,0.0,0.9709063,Yerushalmi
TgO_Exodus,29,10,0.0,0.0,0.0,0.6429,0.0,0.0,0.0,14.0,2.7333,0.0,0.0,0.9457768,Yerushalmi
TgO_Exodus,29,11,0.0,0.0,0.0,1.0,0.0,0.0,0.0,8.0,2.4444,0.0,0.0,0.91344357,Yerushalmi
TgO_Exodus,29,12,0.0,0.0,0.0,0.7857,0.0,0.0,0.0,14.0,2.4667,0.0,0.0,0.95950115,Yerushalmi
TgO_Exodus,29,13,0.0,0.0,0.0,0.6316,0.0,0.0,0.0,19.0,2.5,0.0,0.0,0.98505574,Yerushalmi
TgO_Exodus,29,14,0.0,0.0,0.0,0.8462,0.0,0.0,0.0,13.0,3.1429,0.0,0.0,0.95460397,Yerushalmi
TgO_Exodus,29,15,0.0,0.0,0.0,0.6667,0.0,0.0,0.0,12.0,2.3077,0.0,0.0,0.88410246,Yerushalmi
TgO_Exodus,29,16,0.0,0.0,0.0,0.7,0.0,0.0,0.0,10.0,2.7273,0.0,0.0,0.81535673,Yerushalmi
TgO_Exodus,29,17,0.0,0.0,0.0,0.5833,0.0,0.0,0.0,12.0,2.2308,0.0,0.0,0.8714415,Yerushalmi
TgO_Exodus,29,18,0.0,0.0,0.0,0.8,0.0,0.0,0.0,15.0,2.75,0.0,0.0,0.97085124,Yerushalmi
TgO_Exodus,29,19,0.0,0.0,0.0,0.5833,0.0,0.0,0.0,12.0,2.3846,0.0,0.0,0.87614924,Yerushalmi
TgO_Exodus,29,20,0.0,0.0,0.0,0.4828,0.0,0.0,0.0,29.0,2.9667,0.0,0.0,0.93591356,Yerushalmi
TgO_Exodus,29,21,0.0,0.0,0.0,0.4,0.0,0.0,0.0,25.0,2.3077,0.0,0.0,0.9847986,Yerushalmi
TgO_Exodus,29,22,0.0,0.0,0.0,0.64,0.0,0.0,0.0,25.0,2.6538,0.0,0.0,0.98215467,Yerushalmi
TgO_Exodus,29,23,0.0,0.0,0.0,0.6154,0.0,0.0,0.0,13.0,2.3571,0.0,0.0,0.9163392,Yerushalmi
TgO_Exodus,29,24,0.0,0.0,0.0,0.6923,0.0,0.0,0.0,13.0,2.2857,0.0,0.0,0.92455935,Yerushalmi
TgO_Exodus,29,25,0.0,0.0,0.0,0.8,0.0,0.0,0.0,15.0,2.625,0.0,0.0,0.9718469,Yerushalmi
TgO_Exodus,29,26,0.0,0.0,0.0,0.6429,0.0,0.0,0.0,14.0,3.1333,0.0,0.0,0.9478222,Yerushalmi
TgO_Exodus,29,27,0.0,0.0,0.0,0.6923,0.0,0.0,0.0,13.0,3.0,0.0,0.0,0.9326533,Yerushalmi
TgO_Exodus,29,28,0.0,0.0,0.0,0.5714,0.0,0.0,0.0,21.0,3.5455,0.0,0.0,0.9601018,Yerushalmi
TgO_Exodus,29,29,0.0,0.0,0.0,0.75,0.0,0.0,0.0,12.0,2.7692,0.0,0.0,0.91129965,Yerushalmi
TgO_Exodus,29,30,0.0,0.0,0.0,1.0,0.0,0.0,0.0,12.0,2.7692,0.0,0.0,0.97229165,Yerushalmi
TgO_Exodus,29,31,0.0,0.0,0.0,0.8889,0.0,0.0,0.0,9.0,2.6,0.0,0.0,0.8691275,Yerushalmi
TgO_Exodus,29,32,0.0,0.0,0.0,0.6667,0.0,0.0,0.0,12.0,2.6923,0.0,0.0,0.8949337,Yerushalmi
TgO_Exodus,29,33,0.0,0.0,0.0,0.8,0.0,0.0,0.0,15.0,2.625,0.0,0.0,0.9718469,Yerushalmi
TgO_Exodus,29,34,0.0,0.0,0.0,0.8235,0.0,0.0,0.0,17.0,2.5556,0.0,0.0,0.98611665,Yerushalmi
TgO_Exodus,29,35,0.0,0.0,0.0,0.8182,0.0,0.0,0.0,11.0,2.8333,0.0,0.0,0.90289456,Yerushalmi
TgO_Exodus,29,36,0.0,0.0,0.0,0.7143,0.0,0.0,0.0,14.0,2.5333,0.0,0.0,0.95082396,Yerushalmi
TgO_Exodus,29,37,0.0,0.0,0.0,0.8,0.0,0.0,0.0,15.0,2.6875,0.0,0.0,0.97133744,Yerushalmi
TgO_Exodus,29,38,0.0,0.0,0.0,1.0,0.0,0.0,0.0,10.0,2.7273,0.0,0.0,0.9513331,Yerushalmi
TgO_Exodus,29,39,0.0,0.0,0.0,0.8182,0.0,0.0,0.0,11.0,2.5,0.0,0.0,0.89482194,Yerushalmi
TgO_Exodus,29,40,0.0,0.0,0.0,0.8462,0.0,0.0,0.0,13.0,2.7143,0.0,0.0,0.9530798,Yerushalmi
TgO_Exodus,29,41,0.0,0.0,0.0,0.8125,0.0,0.0,0.0,16.0,3.2353,0.0,0.0,0.9737852,Yerushalmi
TgO_Exodus,29,42,0.0,0.0,0.0,0.8,0.0,0.0,0.0,15.0,3.0,0.0,0.0,0.969055,Yerushalmi
TgO_Exodus,29,43,0.0,0.0,0.0,0.7143,0.0,0.0,0.0,7.0,2.5,0.0,0.0,0.6118091,Yerushalmi
TgO_Exodus,29,44,0.0,0.0,0.0,0.6923,0.0,0.0,0.0,13.0,2.5714,0.0,0.0,0.92649686,Yerushalmi
TgO_Exodus,29,45,0.0,0.0,0.0,0.625,0.0,0.0,0.0,8.0,3.1111,0.0,0.0,0.7235854,Yerushalmi
TgO_Exodus,29,46,0.0,0.0,0.0,0.7333,0.0,0.0,0.0,15.0,3.0,0.0,0.0,0.9634973,Yerushalmi
TgO_Exodus,30,1,0.0,0.0,0.0,1.0,0.0,0.0,0.0,10.0,2.6364,0.0,0.0,0.95049316,Yerushalmi
TgO_Exodus,30,2,0.0,0.0,0.0,0.8182,0.0,0.0,0.0,11.0,2.75,0.0,0.0,0.9006388,Yerushalmi
TgO_Exodus,30,3,0.0,0.0,0.0,0.5625,0.0,0.0,0.0,16.0,3.2941,0.0,0.0,0.96331936,Yerushalmi
TgO_Exodus,30,4,0.0,0.0,0.0,0.75,0.0,0.0,0.0,20.0,2.9524,0.0,0.0,0.9833784,Yerushalmi
TgO_Exodus,30,5,0.0,0.0,0.0,0.75,0.0,0.0,0.0,8.0,2.2222,0.0,0.0,0.6860276,Yerushalmi
TgO_Exodus,30,6,0.0,0.0,0.0,0.7333,0.0,0.0,0.0,15.0,3.0625,0.0,0.0,0.96308875,Yerushalmi
TgO_Exodus,30,7,0.0,0.0,0.0,0.7273,0.0,0.0,0.0,11.0,2.6667,0.0,0.0,0.8669412,Yerushalmi
TgO_Exodus,30,8,0.0,0.0,0.0,0.9091,0.0,0.0,0.0,11.0,3.25,0.0,0.0,0.9410969,Yerushalmi
TgO_Exodus,30,9,0.0,0.0,0.0,0.6667,0.0,0.0,0.0,12.0,2.5385,0.0,0.0,0.889806,Yerushalmi
TgO_Exodus,30,10,0.0,0.0,0.0,0.7368,0.0,0.0,0.0,19.0,2.7,0.0,0.0,0.9856656,Yerushalmi
TgO_Exodus,30,11,0.0,0.0,0.0,0.8,0.0,0.0,0.0,5.0,2.1667,0.0,0.0,0.5289073,Yerushalmi
TgO_Exodus,30,12,0.0,0.0,0.0,0.7391,0.0,0.0,0.0,23.0,2.7917,0.0,0.0,0.98579377,Yerushalmi
TgO_Exodus,30,13,0.0,0.0,0.0,0.8333,0.0,0.0,0.0,18.0,3.4211,0.0,0.0,0.9780837,Yerushalmi
TgO_Exodus,30,14,0.0,0.0,0.0,1.0,0.0,0.0,0.0,12.0,3.3077,0.0,0.0,0.97349155,Yerushalmi
TgO_Exodus,30,15,0.0,0.0,0.0,0.9375,0.0,0.0,0.0,16.0,3.0,0.0,0.0,0.98614115,Yerushalmi
TgO_Exodus,30,16,0.0,0.0,0.0,0.6818,0.0,0.0,0.0,22.0,2.913,0.0,0.0,0.9811752,Yerushalmi
TgO_Exodus,30,17,0.0,0.0,0.0,0.8,0.0,0.0,0.0,5.0,2.1667,0.0,0.0,0.5289073,Yerushalmi
TgO_Exodus,30,18,0.0,0.0,0.0,0.6875,0.0,0.0,0.0,16.0,2.7647,0.0,0.0,0.97078806,Yerushalmi
TgO_Exodus,30,19,0.0,0.0,0.0,0.625,0.0,0.0,0.0,8.0,2.1111,0.0,0.0,0.6047491,Yerushalmi
TgO_Exodus,30,20,0.0,0.0,0.0,0.9333,0.0,0.0,0.0,15.0,2.875,0.0,0.0,0.9828661,Yerushalmi
TgO_Exodus,30,21,0.0,0.0,0.0,0.5,0.0,0.0,0.0,12.0,2.5385,0.0,0.0,0.88440406,Yerushalmi
TgO_Exodus,30,22,0.0,0.0,0.0,0.8,0.0,0.0,0.0,5.0,2.1667,0.0,0.0,0.5289073,Yerushalmi
TgO_Exodus,30,23,0.0,0.0,0.0,0.5238,0.0,0.0,0.0,21.0,3.0,0.0,0.0,0.9752312,Yerushalmi
TgO_Exodus,30,24,0.0,0.0,0.0,0.9,0.0,0.0,0.0,10.0,2.6364,0.0,0.0,0.9066342,Yerushalmi
TgO_Exodus,30,25,0.0,0.0,0.0,0.6923,0.0,0.0,0.0,13.0,3.0,0.0,0.0,0.9326533,Yerushalmi
TgO_Exodus,30,26,0.0,0.0,0.0,0.875,0.0,0.0,0.0,8.0,2.5556,0.0,0.0,0.81735134,Yerushalmi
TgO_Exodus,30,27,0.0,0.0,0.0,0.6154,0.0,0.0,0.0,13.0,2.7143,0.0,0.0,0.9228613,Yerushalmi
TgO_Exodus,30,28,0.0,0.0,0.0,0.7,0.0,0.0,0.0,10.0,2.5455,0.0,0.0,0.8027061,Yerushalmi
TgO_Exodus,30,29,0.0,0.0,0.0,0.7778,0.0,0.0,0.0,9.0,2.4,0.0,0.0,0.7794367,Yerushalmi
TgO_Exodus,30,30,0.0,0.0,0.0,0.6667,0.0,0.0,0.0,9.0,2.3,0.0,0.0,0.7088188,Yerushalmi
TgO_Exodus,30,31,0.0,0.0,0.0,0.9167,0.0,0.0,0.0,12.0,2.7692,0.0,0.0,0.9539356,Yerushalmi
TgO_Exodus,30,32,0.0,0.0,0.0,0.7857,0.0,0.0,0.0,14.0,2.9333,0.0,0.0,0.95814,Yerushalmi
TgO_Exodus,30,33,0.0,0.0,0.0,0.7778,0.0,0.0,0.0,9.0,2.7,0.0,0.0,0.7978281,Yerushalmi
TgO_Exodus,30,34,0.0,0.0,0.0,0.6667,0.0,0.0,0.0,15.0,3.125,0.0,0.0,0.9591333,Yerushalmi
TgO_Exodus,30,35,0.0,0.0,0.0,0.8182,0.0,0.0,0.0,11.0,3.0833,0.0,0.0,0.909585,Yerushalmi
TgO_Exodus,30,36,0.0,0.0,0.0,0.6111,0.0,0.0,0.0,18.0,3.0,0.0,0.0,0.97439116,Yerushalmi
TgO_Exodus,30,37,0.0,0.0,0.0,0.75,0.0,0.0,0.0,12.0,2.8462,0.0,0.0,0.9131392,Yerushalmi
TgO_Exodus,30,38,0.0,0.0,0.0,1.0,0.0,0.0,0.0,7.0,2.5,0.0,0.0,0.8898935,Yerushalmi
TgO_Exodus,31,1,0.0,0.0,0.0,0.8,0.0,0.0,0.0,5.0,2.1667,0.0,0.0,0.5289073,Yerushalmi
TgO_Exodus,31,2,0.0,0.0,0.0,0.5,0.0,0.0,0.0,10.0,3.6364,0.0,0.0,0.87461996,Yerushalmi
TgO_Exodus,31,3,0.0,0.0,0.0,0.7273,0.0,0.0,0.0,11.0,2.9167,0.0,0.0,0.87819785,Yerushalmi
TgO_Exodus,31,4,0.0,0.0,0.0,0.8333,0.0,0.0,0.0,6.0,2.4286,0.0,0.0,0.6538595,Yerushalmi
TgO_Exodus,31,5,0.0,0.0,0.0,0.8889,0.0,0.0,0.0,9.0,2.4,0.0,0.0,0.86330986,Yerushalmi
TgO_Exodus,31,6,0.0,0.0,0.0,0.6,0.0,0.0,0.0,20.0,3.1905,0.0,0.0,0.9724532,Yerushalmi
TgO_Exodus,31,7,0.0,0.0,0.0,0.7692,0.0,0.0,0.0,13.0,2.7857,0.0,0.0,0.9395822,Yerushalmi
TgO_Exodus,31,8,0.0,0.0,0.0,0.7143,0.0,0.0,0.0,14.0,2.7333,0.0,0.0,0.9507176,Yerushalmi
TgO_Exodus,31,9,0.0,0.0,0.0,0.7,0.0,0.0,0.0,10.0,2.5455,0.0,0.0,0.8027061,Yerushalmi
TgO_Exodus,31,10,0.0,0.0,0.0,0.5833,0.0,0.0,0.0,12.0,3.0,0.0,0.0,0.90380836,Yerushalmi
TgO_Exodus,31,11,0.0,0.0,0.0,0.9,0.0,0.0,0.0,10.0,2.7273,0.0,0.0,0.90861034,Yerushalmi
TgO_Exodus,31,12,0.0,0.0,0.0,0.75,0.0,0.0,0.0,4.0,3.0,0.0,0.0,0.51565367,Yerushalmi
TgO_Exodus,31,13,0.0,0.0,0.0,0.875,0.0,0.0,0.0,24.0,2.8,0.0,0.0,0.99116296,Yerushalmi
TgO_Exodus,31,14,0.0,0.0,0.0,0.8,0.0,0.0,0.0,20.0,3.0,0.0,0.0,0.9850125,Yerushalmi
TgO_Exodus,31,15,0.0,0.0,0.0,0.7222,0.0,0.0,0.0,18.0,3.0,0.0,0.0,0.97822416,Yerushalmi
TgO_Exodus,31,16,0.0,0.0,0.0,0.7273,0.0,0.0,0.0,11.0,2.5,0.0,0.0,0.86028135,Yerushalmi
TgO_Exodus,31,17,0.0,0.0,0.0,0.8095,0.0,0.0,0.0,21.0,2.8182,0.0,0.0,0.9887538,Yerushalmi
TgO_Exodus,31,18,0.0,0.0,0.0,0.75,0.0,0.0,0.0,16.0,3.2353,0.0,0.0,0.96909463,Yerushalmi
TgO_Exodus,32,1,0.0,0.0,0.0,0.625,0.0,0.0,0.0,32.0,3.1212,0.0,0.0,0.9045551,Yerushalmi
TgO_Exodus,32,2,0.0,0.0,0.0,0.7273,0.0,0.0,0.0,11.0,2.9167,0.0,0.0,0.87819785,Yerushalmi
TgO_Exodus,32,3,0.0,0.0,0.0,0.7778,0.0,0.0,0.0,9.0,2.9,0.0,0.0,0.81176597,Yerushalmi
TgO_Exodus,32,4,0.0,0.0,0.0,0.6,0.0,0.0,0.0,15.0,2.875,0.0,0.0,0.95838374,Yerushalmi
TgO_Exodus,32,5,0.0,0.0,0.0,0.5,0.0,0.0,0.0,12.0,2.6154,0.0,0.0,0.88866305,Yerushalmi
TgO_Exodus,32,6,0.0,0.0,0.0,0.6154,0.0,0.0,0.0,13.0,2.3571,0.0,0.0,0.9163392,Yerushalmi
TgO_Exodus,32,7,0.0,0.0,0.0,0.75,0.0,0.0,0.0,12.0,2.9231,0.0,0.0,0.91498816,Yerushalmi
TgO_Exodus,32,8,0.0,0.0,0.0,0.6,0.0,0.0,0.0,20.0,3.4286,0.0,0.0,0.96628183,Yerushalmi
TgO_Exodus,32,9,0.0,0.0,0.0,0.75,0.0,0.0,0.0,12.0,2.7692,0.0,0.0,0.91129965,Yerushalmi
TgO_Exodus,32,10,0.0,0.0,0.0,0.75,0.0,0.0,0.0,12.0,2.6154,0.0,0.0,0.907887,Yerushalmi
TgO_Exodus,32,11,0.0,0.0,0.0,0.6667,0.0,0.0,0.0,18.0,2.8947,0.0,0.0,0.97764075,Yerushalmi
TgO_Exodus,32,12,0.0,0.0,0.0,0.8636,0.0,0.0,0.0,22.0,3.0,0.0,0.0,0.988505,Yerushalmi
TgO_Exodus,32,13,0.0,0.0,0.0,0.6667,0.0,0.0,0.0,24.0,2.96,0.0,0.0,0.9763647,Yerushalmi
TgO_Exodus,32,14,0.0,0.0,0.0,1.0,0.0,0.0,0.0,7.0,2.375,0.0,0.0,0.88718,Yerushalmi
TgO_Exodus,32,15,0.0,0.0,0.0,0.5882,0.0,0.0,0.0,17.0,2.5,0.0,0.0,0.976768,Yerushalmi
TgO_Exodus,32,16,0.0,0.0,0.0,0.8182,0.0,0.0,0.0,11.0,2.6667,0.0,0.0,0.89849174,Yerushalmi
TgO_Exodus,32,17,0.0,0.0,0.0,0.6667,0.0,0.0,0.0,12.0,2.9231,0.0,0.0,0.9032338,Yerushalmi
TgO_Exodus,32,18,0.0,0.0,0.0,0.7333,0.0,0.0,0.0,15.0,2.375,0.0,0.0,0.96830124,Yerushalmi
TgO_Exodus,32,19,0.0,0.0,0.0,0.5789,0.0,0.0,0.0,19.0,2.55,0.0,0.0,0.98308074,Yerushalmi
TgO_Exodus,32,20,0.0,0.0,0.0,0.6471,0.0,0.0,0.0,17.0,2.7222,0.0,0.0,0.9756448,Yerushalmi
TgO_Exodus,32,21,0.0,0.0,0.0,0.7692,0.0,0.0,0.0,13.0,2.7857,0.0,0.0,0.9395822,Yerushalmi
TgO_Exodus,32,22,0.0,0.0,0.0,0.9231,0.0,0.0,0.0,13.0,2.7857,0.0,0.0,0.9675359,Yerushalmi
TgO_Exodus,32,23,0.0,0.0,0.0,0.7368,0.0,0.0,0.0,19.0,3.15,0.0,0.0,0.9781032,Yerushalmi
TgO_Exodus,32,24,0.0,0.0,0.0,0.5833,0.0,0.0,0.0,12.0,2.5385,0.0,0.0,0.88237476,Yerushalmi
TgO_Exodus,32,25,0.0,0.0,0.0,0.7857,0.0,0.0,0.0,14.0,2.9333,0.0,0.0,0.95814,Yerushalmi
TgO_Exodus,32,26,0.0,0.0,0.0,0.6667,0.0,0.0,0.0,15.0,2.75,0.0,0.0,0.9609039,Yerushalmi
TgO_Exodus,32,27,0.0,0.0,0.0,0.6296,0.0,0.0,0.0,27.0,2.8214,0.0,0.0,0.9702071,Yerushalmi
TgO_Exodus,32,28,0.0,0.0,0.0,0.6923,0.0,0.0,0.0,13.0,2.7143,0.0,0.0,0.92837125,Yerushalmi
TgO_Exodus,32,29,0.0,0.0,0.0,0.6667,0.0,0.0,0.0,18.0,3.1053,0.0,0.0,0.97415495,Yerushalmi
TgO_Exodus,32,30,0.0,0.0,0.0,0.7895,0.0,0.0,0.0,19.0,2.7,0.0,0.0,0.98781794,Yerushalmi
TgO_Exodus,32,31,0.0,0.0,0.0,0.7333,0.0,0.0,0.0,15.0,3.0625,0.0,0.0,0.96308875,Yerushalmi
TgO_Exodus,32,32,0.0,0.0,0.0,0.9,0.0,0.0,0.0,10.0,2.2727,0.0,0.0,0.90127015,Yerushalmi
TgO_Exodus,32,33,0.0,0.0,0.0,0.75,0.0,0.0,0.0,8.0,2.4444,0.0,0.0,0.7006843,Yerushalmi
TgO_Exodus,32,34,0.0,0.0,0.0,0.8235,0.0,0.0,0.0,17.0,2.5,0.0,0.0,0.98670095,Yerushalmi
TgO_Exodus,32,35,0.0,0.0,0.0,0.8889,0.0,0.0,0.0,9.0,3.1,0.0,0.0,0.8859406,Yerushalmi
TgO_Exodus,33,1,0.0,0.0,0.0,0.6,0.0,0.0,0.0,20.0,3.0476,0.0,0.0,0.97575784,Yerushalmi
TgO_Exodus,33,2,0.0,0.0,0.0,0.5455,0.0,0.0,0.0,11.0,2.5833,0.0,0.0,0.83793676,Yerushalmi
TgO_Exodus,33,3,0.0,0.0,0.0,0.9412,0.0,0.0,0.0,17.0,3.1667,0.0,0.0,0.98743844,Yerushalmi
TgO_Exodus,33,4,0.0,0.0,0.0,0.8462,0.0,0.0,0.0,13.0,2.5,0.0,0.0,0.95293677,Yerushalmi
TgO_Exodus,33,5,0.0,0.0,0.0,0.8077,0.0,0.0,0.0,26.0,3.1481,0.0,0.0,0.97605675,Yerushalmi
TgO_Exodus,33,6,0.0,0.0,0.0,0.75,0.0,0.0,0.0,8.0,3.3333,0.0,0.0,0.7811212,Yerushalmi
TgO_Exodus,33,7,0.0,0.0,0.0,0.5517,0.0,0.0,0.0,29.0,4.2667,0.0,0.0,0.8433674,Yerushalmi
TgO_Exodus,33,8,0.0,0.0,0.0,0.6667,0.0,0.0,0.0,18.0,2.8947,0.0,0.0,0.97764075,Yerushalmi
TgO_Exodus,33,9,0.0,0.0,0.0,0.6429,0.0,0.0,0.0,14.0,2.9333,0.0,0.0,0.9469036,Yerushalmi
TgO_Exodus,33,10,0.0,0.0,0.0,0.625,0.0,0.0,0.0,16.0,2.4118,0.0,0.0,0.9718892,Yerushalmi
TgO_Exodus,33,11,0.0,0.0,0.0,0.6522,0.0,0.0,0.0,23.0,3.2917,0.0,0.0,0.96626776,Yerushalmi
TgO_Exodus,33,12,0.0,0.0,0.0,0.6296,0.0,0.0,0.0,27.0,2.7143,0.0,0.0,0.97471374,Yerushalmi
TgO_Exodus,33,13,0.0,0.0,0.0,0.6522,0.0,0.0,0.0,23.0,2.8333,0.0,0.0,0.9809375,Yerushalmi
TgO_Exodus,33,14,0.0,0.0,0.0,0.6,0.0,0.0,0.0,5.0,2.6667,0.0,0.0,0.4626238,Bavli
TgO_Exodus,33,15,0.0,0.0,0.0,1.0,0.0,0.0,0.0,10.0,2.5455,0.0,0.0,0.9497119,Yerushalmi
TgO_Exodus,33,16,0.0,0.0,0.0,0.7391,0.0,0.0,0.0,23.0,3.0,0.0,0.0,0.9810389,Yerushalmi
TgO_Exodus,33,17,0.0,0.0,0.0,0.8667,0.0,0.0,0.0,15.0,2.75,0.0,0.0,0.9773049,Yerushalmi
TgO_Exodus,33,18,0.0,0.0,0.0,1.0,0.0,0.0,0.0,5.0,2.1667,0.0,0.0,0.8122587,Yerushalmi
TgO_Exodus,33,19,0.0,0.0,0.0,0.7647,0.0,0.0,0.0,17.0,2.5,0.0,0.0,0.98368895,Yerushalmi
TgO_Exodus,33,20,0.0,0.0,0.0,0.75,0.0,0.0,0.0,12.0,2.6154,0.0,0.0,0.907887,Yerushalmi
TgO_Exodus,33,21,0.0,0.0,0.0,0.8889,0.0,0.0,0.0,9.0,2.4,0.0,0.0,0.86330986,Yerushalmi
TgO_Exodus,33,22,0.0,0.0,0.0,0.6364,0.0,0.0,0.0,11.0,2.1667,0.0,0.0,0.8240225,Yerushalmi
TgO_Exodus,33,23,0.0,0.0,0.0,0.7,0.0,0.0,0.0,10.0,2.2727,0.0,0.0,0.7881429,Yerushalmi
TgO_Exodus,34,1,0.0,0.0,0.0,0.6842,0.0,0.0,0.0,19.0,2.75,0.0,0.0,0.9829031,Yerushalmi
TgO_Exodus,34,2,0.0,0.0,0.0,0.6923,0.0,0.0,0.0,13.0,2.7857,0.0,0.0,0.9294282,Yerushalmi
TgO_Exodus,34,3,0.0,0.0,0.0,0.7222,0.0,0.0,0.0,18.0,2.4737,0.0,0.0,0.9857915,Yerushalmi
TgO_Exodus,34,4,0.0,0.0,0.0,0.55,0.0,0.0,0.0,20.0,2.9048,0.0,0.0,0.9778489,Yerushalmi
TgO_Exodus,34,5,0.0,0.0,0.0,0.5556,0.0,0.0,0.0,9.0,2.1,0.0,0.0,0.66584396,Yerushalmi
TgO_Exodus,34,6,0.0,0.0,0.0,0.625,0.0,0.0,0.0,16.0,2.9412,0.0,0.0,0.9668076,Yerushalmi
TgO_Exodus,34,7,0.0,0.0,0.0,0.6667,0.0,0.0,0.0,30.0,2.6774,0.0,0.0,0.96758133,Yerushalmi
TgO_Exodus,34,8,0.0,0.0,0.0,0.5,0.0,0.0,0.0,6.0,2.2857,0.0,0.0,0.47083044,Bavli
TgO_Exodus,34,9,0.0,0.0,0.0,0.7826,0.0,0.0,0.0,23.0,2.8333,0.0,0.0,0.9870109,Yerushalmi
TgO_Exodus,34,10,0.0,0.0,0.0,0.7333,0.0,0.0,0.0,30.0,2.5806,0.0,0.0,0.9781156,Yerushalmi
TgO_Exodus,34,11,0.0,0.0,0.0,0.5,0.0,0.0,0.0,18.0,2.9474,0.0,0.0,0.97444427,Yerushalmi
TgO_Exodus,34,12,0.0,0.0,0.0,0.8571,0.0,0.0,0.0,14.0,2.9333,0.0,0.0,0.9672224,Yerushalmi
TgO_Exodus,34,13,0.0,0.0,0.0,0.9,0.0,0.0,0.0,10.0,2.6364,0.0,0.0,0.9066342,Yerushalmi
TgO_Exodus,34,14,0.0,0.0,0.0,0.8333,0.0,0.0,0.0,12.0,2.4615,0.0,0.0,0.9287864,Yerushalmi
TgO_Exodus,34,15,0.0,0.0,0.0,0.6429,0.0,0.0,0.0,14.0,2.5333,0.0,0.0,0.9450091,Yerushalmi
TgO_Exodus,34,16,0.0,0.0,0.0,0.5833,0.0,0.0,0.0,12.0,2.2308,0.0,0.0,0.8714415,Yerushalmi
TgO_Exodus,34,17,0.0,0.0,0.0,0.8,0.0,0.0,0.0,5.0,2.8333,0.0,0.0,0.59305096,Yerushalmi
TgO_Exodus,34,18,0.0,0.0,0.0,0.8824,0.0,0.0,0.0,17.0,2.8333,0.0,0.0,0.9866481,Yerushalmi
TgO_Exodus,34,19,0.0,0.0,0.0,0.8333,0.0,0.0,0.0,12.0,3.0,0.0,0.0,0.934886,Yerushalmi
TgO_Exodus,34,20,0.0,0.0,0.0,0.6875,0.0,0.0,0.0,16.0,2.4706,0.0,0.0,0.9740231,Yerushalmi
TgO_Exodus,34,21,0.0,0.0,0.0,0.7778,0.0,0.0,0.0,9.0,2.5,0.0,0.0,0.78491235,Yerushalmi
TgO_Exodus,34,22,0.0,0.0,0.0,0.8182,0.0,0.0,0.0,11.0,2.9167,0.0,0.0,0.9051865,Yerushalmi
TgO_Exodus,34,23,0.0,0.0,0.0,0.9167,0.0,0.0,0.0,12.0,3.1538,0.0,0.0,0.9563634,Yerushalmi
TgO_Exodus,34,24,0.0,0.0,0.0,0.85,0.0,0.0,0.0,20.0,2.7619,0.0,0.0,0.9906249,Yerushalmi
TgO_Exodus,34,25,0.0,0.0,0.0,0.875,0.0,0.0,0.0,16.0,2.8235,0.0,0.0,0.98282254,Yerushalmi
TgO_Exodus,34,26,0.0,0.0,0.0,1.0,0.0,0.0,0.0,11.0,3.3333,0.0,0.0,0.9656923,Yerushalmi
TgO_Exodus,34,27,0.0,0.0,0.0,0.6667,0.0,0.0,0.0,18.0,3.0526,0.0,0.0,0.97505844,Yerushalmi
TgO_Exodus,34,28,0.0,0.0,0.0,0.7727,0.0,0.0,0.0,22.0,2.8261,0.0,0.0,0.9870849,Yerushalmi
TgO_Exodus,34,29,0.0,0.0,0.0,0.6667,0.0,0.0,0.0,24.0,2.96,0.0,0.0,0.9763647,Yerushalmi
TgO_Exodus,34,30,0.0,0.0,0.0,0.6,0.0,0.0,0.0,15.0,2.75,0.0,0.0,0.95860046,Yerushalmi
TgO_Exodus,34,31,0.0,0.0,0.0,0.4167,0.0,0.0,0.0,12.0,2.8462,0.0,0.0,0.91236037,Yerushalmi
TgO_Exodus,34,32,0.0,0.0,0.0,0.7143,0.0,0.0,0.0,14.0,3.6,0.0,0.0,0.948702,Yerushalmi
TgO_Exodus,34,33,0.0,0.0,0.0,0.75,0.0,0.0,0.0,8.0,3.0,0.0,0.0,0.7530272,Yerushalmi
TgO_Exodus,34,34,0.0,0.0,0.0,0.6842,0.0,0.0,0.0,19.0,2.9,0.0,0.0,0.98037785,Yerushalmi
TgO_Exodus,34,35,0.0,0.0,0.0,0.6364,0.0,0.0,0.0,22.0,3.2174,0.0,0.0,0.970561,Yerushalmi
TgO_Exodus,35,1,0.0,0.0,0.0,0.6667,0.0,0.0,0.0,15.0,3.125,0.0,0.0,0.9591333,Yerushalmi
TgO_Exodus,35,2,0.0,0.0,0.0,0.7778,0.0,0.0,0.0,18.0,3.1579,0.0,0.0,0.9786378,Yerushalmi
TgO_Exodus,35,3,0.0,0.0,0.0,0.8571,0.0,0.0,0.0,7.0,2.375,0.0,0.0,0.7393304,Yerushalmi
TgO_Exodus,35,4,0.0,0.0,0.0,0.75,0.0,0.0,0.0,12.0,2.9231,0.0,0.0,0.91498816,Yerushalmi
TgO_Exodus,35,5,0.0,0.0,0.0,0.75,0.0,0.0,0.0,16.0,3.4118,0.0,0.0,0.96671295,Yerushalmi
TgO_Exodus,35,6,0.0,0.0,0.0,0.3333,0.0,0.0,0.0,6.0,2.1429,0.0,0.0,0.5406207,Yerushalmi
TgO_Exodus,35,7,0.0,0.0,0.0,0.7143,0.0,0.0,0.0,7.0,2.5,0.0,0.0,0.6118091,Yerushalmi
TgO_Exodus,35,8,0.0,0.0,0.0,0.7143,0.0,0.0,0.0,7.0,2.5,0.0,0.0,0.6118091,Yerushalmi
TgO_Exodus,35,9,0.0,0.0,0.0,0.7143,0.0,0.0,0.0,7.0,2.5,0.0,0.0,0.6118091,Yerushalmi
TgO_Exodus,35,10,0.0,0.0,0.0,0.9,0.0,0.0,0.0,10.0,2.2727,0.0,0.0,0.90127015,Yerushalmi
TgO_Exodus,35,11,0.0,0.0,0.0,0.8182,0.0,0.0,0.0,11.0,2.75,0.0,0.0,0.9006388,Yerushalmi
TgO_Exodus,35,12,0.0,0.0,0.0,0.7778,0.0,0.0,0.0,9.0,2.9,0.0,0.0,0.81176597,Yerushalmi
TgO_Exodus,35,13,0.0,0.0,0.0,0.8,0.0,0.0,0.0,10.0,2.5455,0.0,0.0,0.8493569,Yerushalmi
TgO_Exodus,35,14,0.0,0.0,0.0,0.7,0.0,0.0,0.0,10.0,3.0909,0.0,0.0,0.84112144,Yerushalmi
TgO_Exodus,35,15,0.0,0.0,0.0,0.5882,0.0,0.0,0.0,17.0,2.9444,0.0,0.0,0.9714724,Yerushalmi
TgO_Exodus,35,16,0.0,0.0,0.0,0.75,0.0,0.0,0.0,16.0,2.7059,0.0,0.0,0.97499007,Yerushalmi
TgO_Exodus,35,17,0.0,0.0,0.0,0.7273,0.0,0.0,0.0,11.0,2.5,0.0,0.0,0.86028135,Yerushalmi
TgO_Exodus,35,18,0.0,0.0,0.0,0.75,0.0,0.0,0.0,8.0,2.5556,0.0,0.0,0.7101355,Yerushalmi
TgO_Exodus,35,19,0.0,0.0,0.0,0.6429,0.0,0.0,0.0,14.0,3.2,0.0,0.0,0.9479816,Yerushalmi
TgO_Exodus,35,20,0.0,0.0,0.0,0.7143,0.0,0.0,0.0,7.0,3.625,0.0,0.0,0.7384428,Yerushalmi
TgO_Exodus,35,21,0.0,0.0,0.0,0.8571,0.0,0.0,0.0,21.0,3.0455,0.0,0.0,0.9875635,Yerushalmi
TgO_Exodus,35,22,0.0,0.0,0.0,0.7273,0.0,0.0,0.0,22.0,2.6522,0.0,0.0,0.98821574,Yerushalmi
TgO_Exodus,35,23,0.0,0.0,0.0,0.625,0.0,0.0,0.0,16.0,2.6471,0.0,0.0,0.9694665,Yerushalmi
TgO_Exodus,35,24,0.0,0.0,0.0,0.8421,0.0,0.0,0.0,19.0,3.15,0.0,0.0,0.98415923,Yerushalmi
TgO_Exodus,35,25,0.0,0.0,0.0,0.7222,0.0,0.0,0.0,18.0,2.7895,0.0,0.0,0.98146766,Yerushalmi
TgO_Exodus,35,26,0.0,0.0,0.0,1.0,0.0,0.0,0.0,9.0,2.4,0.0,0.0,0.9326747,Yerushalmi
TgO_Exodus,35,27,0.0,0.0,0.0,0.7273,0.0,0.0,0.0,11.0,2.5833,0.0,0.0,0.8634533,Yerushalmi
TgO_Exodus,35,28,0.0,0.0,0.0,0.5556,0.0,0.0,0.0,9.0,2.5,0.0,0.0,0.70380384,Yerushalmi
TgO_Exodus,35,29,0.0,0.0,0.0,0.75,0.0,0.0,0.0,20.0,2.9524,0.0,0.0,0.9833784,Yerushalmi
TgO_Exodus,35,30,0.0,0.0,0.0,0.4667,0.0,0.0,0.0,15.0,3.5625,0.0,0.0,0.95968866,Yerushalmi
TgO_Exodus,35,31,0.0,0.0,0.0,0.7273,0.0,0.0,0.0,11.0,2.9167,0.0,0.0,0.87819785,Yerushalmi
TgO_Exodus,35,32,0.0,0.0,0.0,0.6667,0.0,0.0,0.0,6.0,2.2857,0.0,0.0,0.49042806,Bavli
TgO_Exodus,35,33,0.0,0.0,0.0,0.9,0.0,0.0,0.0,10.0,2.6364,0.0,0.0,0.9066342,Yerushalmi
TgO_Exodus,35,34,0.0,0.0,0.0,0.6667,0.0,0.0,0.0,9.0,3.3,0.0,0.0,0.8031602,Yerushalmi
TgO_Exodus,35,35,0.0,0.0,0.0,0.619,0.0,0.0,0.0,21.0,2.8182,0.0,0.0,0.9813393,Yerushalmi
TgO_Exodus,36,1,0.0,0.0,0.0,0.7273,0.0,0.0,0.0,22.0,3.0,0.0,0.0,0.9813066,Yerushalmi
TgO_Exodus,36,2,0.0,0.0,0.0,0.7368,0.0,0.0,0.0,19.0,3.05,0.0,0.0,0.97996753,Yerushalmi
TgO_Exodus,36,3,0.0,0.0,0.0,0.619,0.0,0.0,0.0,21.0,3.4545,0.0,0.0,0.96431756,Yerushalmi
TgO_Exodus,36,4,0.0,0.0,0.0,0.7692,0.0,0.0,0.0,13.0,2.7857,0.0,0.0,0.9395822,Yerushalmi
TgO_Exodus,36,5,0.0,0.0,0.0,0.9231,0.0,0.0,0.0,13.0,2.9286,0.0,0.0,0.9676854,Yerushalmi
TgO_Exodus,36,6,0.0,0.0,0.0,0.7647,0.0,0.0,0.0,17.0,3.1667,0.0,0.0,0.9750519,Yerushalmi
TgO_Exodus,36,7,0.0,0.0,0.0,0.875,0.0,0.0,0.0,8.0,2.4444,0.0,0.0,0.8123636,Yerushalmi
TgO_Exodus,36,8,0.0,0.0,0.0,0.8182,0.0,0.0,0.0,22.0,3.0435,0.0,0.0,0.9853404,Yerushalmi
TgO_Exodus,36,9,0.0,0.0,0.0,0.6,0.0,0.0,0.0,15.0,3.125,0.0,0.0,0.95787144,Yerushalmi
TgO_Exodus,36,10,0.0,0.0,0.0,0.5385,0.0,0.0,0.0,13.0,2.4286,0.0,0.0,0.9150867,Yerushalmi
TgO_Exodus,36,11,0.0,0.0,0.0,0.8125,0.0,0.0,0.0,16.0,3.4118,0.0,0.0,0.97161514,Yerushalmi
TgO_Exodus,36,12,0.0,0.0,0.0,0.6471,0.0,0.0,0.0,17.0,3.3333,0.0,0.0,0.967034,Yerushalmi
TgO_Exodus,36,13,0.0,0.0,0.0,0.7143,0.0,0.0,0.0,14.0,2.6,0.0,0.0,0.95072126,Yerushalmi
TgO_Exodus,36,14,0.0,0.0,0.0,0.9,0.0,0.0,0.0,10.0,3.2727,0.0,0.0,0.9197801,Yerushalmi
TgO_Exodus,36,15,0.0,0.0,0.0,0.6429,0.0,0.0,0.0,14.0,3.4667,0.0,0.0,0.94737524,Yerushalmi
TgO_Exodus,36,16,0.0,0.0,0.0,0.6667,0.0,0.0,0.0,9.0,2.9,0.0,0.0,0.76605195,Yerushalmi
TgO_Exodus,36,17,0.0,0.0,0.0,0.625,0.0,0.0,0.0,16.0,3.6471,0.0,0.0,0.9575633,Yerushalmi
TgO_Exodus,36,18,0.0,0.0,0.0,1.0,0.0,0.0,0.0,9.0,2.8,0.0,0.0,0.9378219,Yerushalmi
TgO_Exodus,36,19,0.0,0.0,0.0,0.8,0.0,0.0,0.0,10.0,3.3636,0.0,0.0,0.88282704,Yerushalmi
TgO_Exodus,36,20,0.0,0.0,0.0,1.0,0.0,0.0,0.0,7.0,2.25,0.0,0.0,0.8847896,Yerushalmi
TgO_Exodus,36,21,0.0,0.0,0.0,0.7,0.0,0.0,0.0,10.0,2.4545,0.0,0.0,0.79707956,Yerushalmi
TgO_Exodus,36,22,0.0,0.0,0.0,0.7692,0.0,0.0,0.0,13.0,2.5714,0.0,0.0,0.93816614,Yerushalmi
TgO_Exodus,36,23,0.0,0.0,0.0,0.8889,0.0,0.0,0.0,9.0,2.7,0.0,0.0,0.8725188,Yerushalmi
TgO_Exodus,36,24,0.0,0.0,0.0,0.4762,0.0,0.0,0.0,21.0,2.9091,0.0,0.0,0.97707784,Yerushalmi
TgO_Exodus,36,25,0.0,0.0,0.0,1.0,0.0,0.0,0.0,8.0,3.0,0.0,0.0,0.9227511,Yerushalmi
TgO_Exodus,36,26,0.0,0.0,0.0,0.5385,0.0,0.0,0.0,13.0,2.5714,0.0,0.0,0.91871345,Yerushalmi
TgO_Exodus,36,27,0.0,0.0,0.0,1.0,0.0,0.0,0.0,6.0,2.4286,0.0,0.0,0.85711557,Yerushalmi
TgO_Exodus,36,28,0.0,0.0,0.0,1.0,0.0,0.0,0.0,6.0,2.2857,0.0,0.0,0.85368323,Yerushalmi
TgO_Exodus,36,29,0.0,0.0,0.0,0.7143,0.0,0.0,0.0,14.0,2.7333,0.0,0.0,0.9507176,Yerushalmi
TgO_Exodus,36,30,0.0,0.0,0.0,0.6429,0.0,0.0,0.0,14.0,2.9333,0.0,0.0,0.9469036,Yerushalmi
TgO_Exodus,36,31,0.0,0.0,0.0,1.0,0.0,0.0,0.0,9.0,2.4,0.0,0.0,0.9326747,Yerushalmi
TgO_Exodus,36,32,0.0,0.0,0.0,0.6667,0.0,0.0,0.0,12.0,2.7692,0.0,0.0,0.8976908,Yerushalmi
TgO_Exodus,36,33,0.0,0.0,0.0,0.8,0.0,0.0,0.0,10.0,2.5455,0.0,0.0,0.8493569,Yerushalmi
TgO_Exodus,36,34,0.0,0.0,0.0,0.6429,0.0,0.0,0.0,14.0,2.5333,0.0,0.0,0.9450091,Yerushalmi
TgO_Exodus,36,35,0.0,0.0,0.0,0.7333,0.0,0.0,0.0,15.0,3.0625,0.0,0.0,0.96308875,Yerushalmi
TgO_Exodus,36,36,0.0,0.0,0.0,0.5714,0.0,0.0,0.0,14.0,2.9333,0.0,0.0,0.94611764,Yerushalmi
TgO_Exodus,36,37,0.0,0.0,0.0,0.75,0.0,0.0,0.0,12.0,3.0,0.0,0.0,0.9167943,Yerushalmi
TgO_Exodus,36,38,0.0,0.0,0.0,0.5833,0.0,0.0,0.0,12.0,2.3846,0.0,0.0,0.87614924,Yerushalmi
TgO_Exodus,37,1,0.0,0.0,0.0,0.625,0.0,0.0,0.0,16.0,2.8824,0.0,0.0,0.9673255,Yerushalmi
TgO_Exodus,37,2,0.0,0.0,0.0,0.6,0.0,0.0,0.0,10.0,3.1818,0.0,0.0,0.8376771,Yerushalmi
TgO_Exodus,37,3,0.0,0.0,0.0,0.5,0.0,0.0,0.0,18.0,2.8421,0.0,0.0,0.9757593,Yerushalmi
TgO_Exodus,37,4,0.0,0.0,0.0,0.8571,0.0,0.0,0.0,7.0,2.25,0.0,0.0,0.7333341,Yerushalmi
TgO_Exodus,37,5,0.0,0.0,0.0,0.8,0.0,0.0,0.0,10.0,2.5455,0.0,0.0,0.8493569,Yerushalmi
TgO_Exodus,37,6,0.0,0.0,0.0,0.7273,0.0,0.0,0.0,11.0,2.8333,0.0,0.0,0.8744153,Yerushalmi
TgO_Exodus,37,7,0.0,0.0,0.0,0.9,0.0,0.0,0.0,10.0,3.0909,0.0,0.0,0.916656,Yerushalmi
TgO_Exodus,37,8,0.0,0.0,0.0,0.5333,0.0,0.0,0.0,15.0,2.4375,0.0,0.0,0.9584476,Yerushalmi
TgO_Exodus,37,9,0.0,0.0,0.0,0.7222,0.0,0.0,0.0,18.0,3.2105,0.0,0.0,0.97464764,Yerushalmi
TgO_Exodus,37,10,0.0,0.0,0.0,0.7692,0.0,0.0,0.0,13.0,2.6429,0.0,0.0,0.9385465,Yerushalmi
TgO_Exodus,37,11,0.0,0.0,0.0,0.6667,0.0,0.0,0.0,9.0,3.1,0.0,0.0,0.7860252,Yerushalmi
TgO_Exodus,37,12,0.0,0.0,0.0,0.6364,0.0,0.0,0.0,11.0,3.8333,0.0,0.0,0.89380324,Yerushalmi
TgO_Exodus,37,13,0.0,0.0,0.0,0.6154,0.0,0.0,0.0,13.0,2.9286,0.0,0.0,0.9276772,Yerushalmi
TgO_Exodus,37,14,0.0,0.0,0.0,1.0,0.0,0.0,0.0,9.0,3.2,0.0,0.0,0.941888,Yerushalmi
TgO_Exodus,37,15,0.0,0.0,0.0,0.7273,0.0,0.0,0.0,11.0,2.4167,0.0,0.0,0.8575214,Yerushalmi
TgO_Exodus,37,16,0.0,0.0,0.0,0.7647,0.0,0.0,0.0,17.0,2.7222,0.0,0.0,0.98096764,Yerushalmi
TgO_Exodus,37,17,0.0,0.0,0.0,0.75,0.0,0.0,0.0,16.0,2.7059,0.0,0.0,0.97499007,Yerushalmi
TgO_Exodus,37,18,0.0,0.0,0.0,0.5714,0.0,0.0,0.0,14.0,2.6,0.0,0.0,0.9428404,Yerushalmi
TgO_Exodus,37,19,0.0,0.0,0.0,0.65,0.0,0.0,0.0,20.0,2.619,0.0,0.0,0.98534447,Yerushalmi
TgO_Exodus,37,20,0.0,0.0,0.0,0.8333,0.0,0.0,0.0,6.0,2.7143,0.0,0.0,0.6784378,Yerushalmi
TgO_Exodus,37,21,0.0,0.0,0.0,0.3684,0.0,0.0,0.0,19.0,2.75,0.0,0.0,0.98022795,Yerushalmi
TgO_Exodus,37,22,0.0,0.0,0.0,1.0,0.0,0.0,0.0,9.0,2.5,0.0,0.0,0.933833,Yerushalmi
TgO_Exodus,37,23,0.0,0.0,0.0,1.0,0.0,0.0,0.0,8.0,2.7778,0.0,0.0,0.9193815,Yerushalmi
TgO_Exodus,37,24,0.0,0.0,0.0,1.0,0.0,0.0,0.0,8.0,2.3333,0.0,0.0,0.9116889,Yerushalmi
TgO_Exodus,37,25,0.0,0.0,0.0,0.8333,0.0,0.0,0.0,18.0,2.8421,0.0,0.0,0.98623055,Yerushalmi
TgO_Exodus,37,26,0.0,0.0,0.0,0.5625,0.0,0.0,0.0,16.0,3.2941,0.0,0.0,0.96331936,Yerushalmi
TgO_Exodus,37,27,0.0,0.0,0.0,0.8333,0.0,0.0,0.0,18.0,3.0,0.0,0.0,0.9842577,Yerushalmi
TgO_Exodus,37,28,0.0,0.0,0.0,0.75,0.0,0.0,0.0,8.0,2.2222,0.0,0.0,0.6860276,Yerushalmi
TgO_Exodus,37,29,0.0,0.0,0.0,0.9091,0.0,0.0,0.0,11.0,3.0,0.0,0.0,0.93824345,Yerushalmi
TgO_Exodus,38,1,0.0,0.0,0.0,0.75,0.0,0.0,0.0,16.0,2.7647,0.0,0.0,0.9743466,Yerushalmi
TgO_Exodus,38,2,0.0,0.0,0.0,0.8182,0.0,0.0,0.0,11.0,2.4167,0.0,0.0,0.89344126,Yerushalmi
TgO_Exodus,38,3,0.0,0.0,0.0,0.6316,0.0,0.0,0.0,19.0,2.95,0.0,0.0,0.9777286,Yerushalmi
TgO_Exodus,38,4,0.0,0.0,0.0,1.0,0.0,0.0,0.0,11.0,3.25,0.0,0.0,0.96553576,Yerushalmi
TgO_Exodus,38,5,0.0,0.0,0.0,1.0,0.0,0.0,0.0,9.0,2.8,0.0,0.0,0.9378219,Yerushalmi
TgO_Exodus,38,6,0.0,0.0,0.0,0.75,0.0,0.0,0.0,8.0,2.2222,0.0,0.0,0.6860276,Yerushalmi
TgO_Exodus,38,7,0.0,0.0,0.0,0.7857,0.0,0.0,0.0,14.0,2.5333,0.0,0.0,0.9591458,Yerushalmi
TgO_Exodus,38,8,0.0,0.0,0.0,0.7857,0.0,0.0,0.0,14.0,2.7333,0.0,0.0,0.95845544,Yerushalmi
TgO_Exodus,38,9,0.0,0.0,0.0,0.9167,0.0,0.0,0.0,12.0,2.7692,0.0,0.0,0.9539356,Yerushalmi
TgO_Exodus,38,10,0.0,0.0,0.0,0.5556,0.0,0.0,0.0,9.0,3.0,0.0,0.0,0.76933444,Yerushalmi
TgO_Exodus,38,11,0.0,0.0,0.0,0.6154,0.0,0.0,0.0,13.0,3.0,0.0,0.0,0.9291847,Yerushalmi
TgO_Exodus,38,12,0.0,0.0,0.0,0.6154,0.0,0.0,0.0,13.0,2.8571,0.0,0.0,0.9260919,Yerushalmi
TgO_Exodus,38,13,0.0,0.0,0.0,1.0,0.0,0.0,0.0,5.0,3.0,0.0,0.0,0.83132786,Yerushalmi
TgO_Exodus,38,14,0.0,0.0,0.0,0.875,0.0,0.0,0.0,8.0,3.1111,0.0,0.0,0.84429294,Yerushalmi
TgO_Exodus,38,15,0.0,0.0,0.0,0.7692,0.0,0.0,0.0,13.0,2.9286,0.0,0.0,0.94080895,Yerushalmi
TgO_Exodus,38,16,0.0,0.0,0.0,1.0,0.0,0.0,0.0,6.0,3.4286,0.0,0.0,0.87161726,Yerushalmi
TgO_Exodus,38,17,0.0,0.0,0.0,0.5,0.0,0.0,0.0,16.0,2.6471,0.0,0.0,0.96798724,Yerushalmi
TgO_Exodus,38,18,0.0,0.0,0.0,0.6667,0.0,0.0,0.0,21.0,2.9545,0.0,0.0,0.9800028,Yerushalmi
TgO_Exodus,38,19,0.0,0.0,0.0,0.5455,0.0,0.0,0.0,11.0,2.5,0.0,0.0,0.83154994,Yerushalmi
TgO_Exodus,38,20,0.0,0.0,0.0,0.8333,0.0,0.0,0.0,6.0,3.2857,0.0,0.0,0.7277734,Yerushalmi
TgO_Exodus,38,21,0.0,0.0,0.0,0.75,0.0,0.0,0.0,16.0,4.0588,0.0,0.0,0.95129853,Yerushalmi
TgO_Exodus,38,22,0.0,0.0,0.0,0.5714,0.0,0.0,0.0,14.0,3.0667,0.0,0.0,0.94732183,Yerushalmi
TgO_Exodus,38,23,0.0,0.0,0.0,0.4286,0.0,0.0,0.0,14.0,3.4667,0.0,0.0,0.95703715,Yerushalmi
TgO_Exodus,38,24,0.0,0.0,0.0,0.6316,0.0,0.0,0.0,19.0,2.95,0.0,0.0,0.9777286,Yerushalmi
TgO_Exodus,38,25,0.0,0.0,0.0,0.6154,0.0,0.0,0.0,13.0,2.6429,0.0,0.0,0.9212985,Yerushalmi
TgO_Exodus,38,26,0.0,0.0,0.0,0.8095,0.0,0.0,0.0,21.0,2.8182,0.0,0.0,0.9887538,Yerushalmi
TgO_Exodus,38,27,0.0,0.0,0.0,0.5294,0.0,0.0,0.0,17.0,2.8333,0.0,0.0,0.972343,Yerushalmi
TgO_Exodus,38,28,0.0,0.0,0.0,0.6154,0.0,0.0,0.0,13.0,2.2857,0.0,0.0,0.91559345,Yerushalmi
TgO_Exodus,38,29,0.0,0.0,0.0,0.7778,0.0,0.0,0.0,9.0,2.7,0.0,0.0,0.7978281,Yerushalmi
TgO_Exodus,38,30,0.0,0.0,0.0,0.7222,0.0,0.0,0.0,18.0,2.6842,0.0,0.0,0.9829826,Yerushalmi
TgO_Exodus,38,31,0.0,0.0,0.0,0.4706,0.0,0.0,0.0,17.0,3.2222,0.0,0.0,0.9696076,Yerushalmi
TgO_Exodus,39,1,0.0,0.0,0.0,0.65,0.0,0.0,0.0,20.0,3.4286,0.0,0.0,0.9677824,Yerushalmi
TgO_Exodus,39,2,0.0,0.0,0.0,0.7,0.0,0.0,0.0,10.0,2.7273,0.0,0.0,0.81535673,Yerushalmi
TgO_Exodus,39,3,0.0,0.0,0.0,0.7778,0.0,0.0,0.0,18.0,2.8421,0.0,0.0,0.98334914,Yerushalmi
TgO_Exodus,39,4,0.0,0.0,0.0,0.75,0.0,0.0,0.0,8.0,2.7778,0.0,0.0,0.7313284,Yerushalmi
TgO_Exodus,39,5,0.0,0.0,0.0,0.7778,0.0,0.0,0.0,18.0,3.0,0.0,0.0,0.9810825,Yerushalmi
TgO_Exodus,39,6,0.0,0.0,0.0,0.9286,0.0,0.0,0.0,14.0,3.0,0.0,0.0,0.97638756,Yerushalmi
TgO_Exodus,39,7,0.0,0.0,0.0,0.7857,0.0,0.0,0.0,14.0,3.2,0.0,0.0,0.9576888,Yerushalmi
TgO_Exodus,39,8,0.0,0.0,0.0,0.7857,0.0,0.0,0.0,14.0,2.9333,0.0,0.0,0.95814,Yerushalmi
TgO_Exodus,39,9,0.0,0.0,0.0,0.9091,0.0,0.0,0.0,11.0,2.9167,0.0,0.0,0.93712085,Yerushalmi
TgO_Exodus,39,10,0.0,0.0,0.0,0.7692,0.0,0.0,0.0,13.0,2.7143,0.0,0.0,0.93902683,Yerushalmi
TgO_Exodus,39,11,0.0,0.0,0.0,0.8,0.0,0.0,0.0,5.0,3.0,0.0,0.0,0.6127869,Yerushalmi
TgO_Exodus,39,12,0.0,0.0,0.0,1.0,0.0,0.0,0.0,5.0,4.1667,0.0,0.0,0.80543727,Yerushalmi
TgO_Exodus,39,13,0.0,0.0,0.0,0.7,0.0,0.0,0.0,10.0,2.4545,0.0,0.0,0.79707956,Yerushalmi
TgO_Exodus,39,14,0.0,0.0,0.0,0.6667,0.0,0.0,0.0,18.0,3.0526,0.0,0.0,0.97505844,Yerushalmi
TgO_Exodus,39,15,0.0,0.0,0.0,1.0,0.0,0.0,0.0,9.0,3.0,0.0,0.0,0.94022983,Yerushalmi
TgO_Exodus,39,16,0.0,0.0,0.0,0.6,0.0,0.0,0.0,15.0,2.875,0.0,0.0,0.95838374,Yerushalmi
TgO_Exodus,39,17,0.0,0.0,0.0,0.8,0.0,0.0,0.0,10.0,3.0,0.0,0.0,0.86945534,Yerushalmi
TgO_Exodus,39,18,0.0,0.0,0.0,0.6875,0.0,0.0,0.0,16.0,3.2353,0.0,0.0,0.9657102,Yerushalmi
TgO_Exodus,39,19,0.0,0.0,0.0,0.7857,0.0,0.0,0.0,14.0,2.8667,0.0,0.0,0.9582229,Yerushalmi
TgO_Exodus,39,20,0.0,0.0,0.0,0.8824,0.0,0.0,0.0,17.0,3.7778,0.0,0.0,0.9748463,Yerushalmi
TgO_Exodus,39,21,0.0,0.0,0.0,0.7273,0.0,0.0,0.0,22.0,3.3043,0.0,0.0,0.97310466,Yerushalmi
TgO_Exodus,39,22,0.0,0.0,0.0,1.0,0.0,0.0,0.0,8.0,3.0,0.0,0.0,0.9227511,Yerushalmi
TgO_Exodus,39,23,0.0,0.0,0.0,1.0,0.0,0.0,0.0,12.0,3.1538,0.0,0.0,0.9733142,Yerushalmi
TgO_Exodus,39,24,0.0,0.0,0.0,0.8,0.0,0.0,0.0,10.0,3.0,0.0,0.0,0.86945534,Yerushalmi
TgO_Exodus,39,25,0.0,0.0,0.0,0.7778,0.0,0.0,0.0,9.0,2.5,0.0,0.0,0.78491235,Yerushalmi
TgO_Exodus,39,26,0.0,0.0,0.0,0.7857,0.0,0.0,0.0,14.0,3.4667,0.0,0.0,0.956315,Yerushalmi
TgO_Exodus,39,27,0.0,0.0,0.0,0.75,0.0,0.0,0.0,8.0,2.7778,0.0,0.0,0.7313284,Yerushalmi
TgO_Exodus,39,28,0.0,0.0,0.0,0.5833,0.0,0.0,0.0,12.0,3.6154,0.0,0.0,0.9189074,Yerushalmi
TgO_Exodus,39,29,0.0,0.0,0.0,0.7333,0.0,0.0,0.0,15.0,3.25,0.0,0.0,0.9616928,Yerushalmi
TgO_Exodus,39,30,0.0,0.0,0.0,0.8462,0.0,0.0,0.0,13.0,2.7857,0.0,0.0,0.95328254,Yerushalmi
TgO_Exodus,39,31,0.0,0.0,0.0,0.8462,0.0,0.0,0.0,13.0,3.4286,0.0,0.0,0.9547954,Yerushalmi
TgO_Exodus,39,32,0.0,0.0,0.0,0.75,0.0,0.0,0.0,16.0,2.7647,0.0,0.0,0.9743466,Yerushalmi
TgO_Exodus,39,33,0.0,0.0,0.0,0.6,0.0,0.0,0.0,15.0,2.625,0.0,0.0,0.9589236,Yerushalmi
TgO_Exodus,39,34,0.0,0.0,0.0,0.6667,0.0,0.0,0.0,12.0,3.1538,0.0,0.0,0.910629,Yerushalmi
TgO_Exodus,39,35,0.0,0.0,0.0,0.8571,0.0,0.0,0.0,7.0,2.875,0.0,0.0,0.7724205,Yerushalmi
TgO_Exodus,39,36,0.0,0.0,0.0,0.875,0.0,0.0,0.0,8.0,2.4444,0.0,0.0,0.8123636,Yerushalmi
TgO_Exodus,39,37,0.0,0.0,0.0,0.7692,0.0,0.0,0.0,13.0,2.9286,0.0,0.0,0.94080895,Yerushalmi
TgO_Exodus,39,38,0.0,0.0,0.0,0.7692,0.0,0.0,0.0,13.0,2.7857,0.0,0.0,0.9395822,Yerushalmi
TgO_Exodus,39,39,0.0,0.0,0.0,0.6875,0.0,0.0,0.0,16.0,2.7059,0.0,0.0,0.9714099,Yerushalmi
TgO_Exodus,39,40,0.0,0.0,0.0,0.6667,0.0,0.0,0.0,21.0,2.7727,0.0,0.0,0.9838109,Yerushalmi
TgO_Exodus,39,41,0.0,0.0,0.0,0.5714,0.0,0.0,0.0,14.0,2.9333,0.0,0.0,0.94611764,Yerushalmi
TgO_Exodus,39,42,0.0,0.0,0.0,0.75,0.0,0.0,0.0,12.0,2.7692,0.0,0.0,0.91129965,Yerushalmi
TgO_Exodus,39,43,0.0,0.0,0.0,0.5625,0.0,0.0,0.0,16.0,2.9412,0.0,0.0,0.9660953,Yerushalmi
TgO_Exodus,40,1,0.0,0.0,0.0,0.8,0.0,0.0,0.0,5.0,2.1667,0.0,0.0,0.5289073,Yerushalmi
TgO_Exodus,40,2,0.0,0.0,0.0,0.7,0.0,0.0,0.0,10.0,2.7273,0.0,0.0,0.81535673,Yerushalmi
TgO_Exodus,40,3,0.0,0.0,0.0,0.7,0.0,0.0,0.0,10.0,2.7273,0.0,0.0,0.81535673,Yerushalmi
TgO_Exodus,40,4,0.0,0.0,0.0,0.5,0.0,0.0,0.0,12.0,2.4615,0.0,0.0,0.8803157,Yerushalmi
TgO_Exodus,40,5,0.0,0.0,0.0,0.8571,0.0,0.0,0.0,14.0,2.9333,0.0,0.0,0.9672224,Yerushalmi
TgO_Exodus,40,6,0.0,0.0,0.0,0.8889,0.0,0.0,0.0,9.0,2.8,0.0,0.0,0.8760315,Yerushalmi
TgO_Exodus,40,7,0.0,0.0,0.0,0.8182,0.0,0.0,0.0,11.0,2.75,0.0,0.0,0.9006388,Yerushalmi
TgO_Exodus,40,8,0.0,0.0,0.0,0.6667,0.0,0.0,0.0,9.0,2.9,0.0,0.0,0.76605195,Yerushalmi
TgO_Exodus,40,9,0.0,0.0,0.0,0.5294,0.0,0.0,0.0,17.0,2.2778,0.0,0.0,0.97826725,Yerushalmi
TgO_Exodus,40,10,0.0,0.0,0.0,0.5,0.0,0.0,0.0,14.0,2.6667,0.0,0.0,0.94452155,Yerushalmi
TgO_Exodus,40,11,0.0,0.0,0.0,0.5714,0.0,0.0,0.0,7.0,2.25,0.0,0.0,0.5279235,Yerushalmi
TgO_Exodus,40,12,0.0,0.0,0.0,0.6364,0.0,0.0,0.0,11.0,2.3333,0.0,0.0,0.8296412,Yerushalmi
TgO_Exodus,40,13,0.0,0.0,0.0,0.4167,0.0,0.0,0.0,12.0,2.3846,0.0,0.0,0.8856688,Yerushalmi
TgO_Exodus,40,14,0.0,0.0,0.0,0.8333,0.0,0.0,0.0,6.0,2.1429,0.0,0.0,0.63668144,Yerushalmi
TgO_Exodus,40,15,0.0,0.0,0.0,0.7333,0.0,0.0,0.0,15.0,2.875,0.0,0.0,0.96429396,Yerushalmi
TgO_Exodus,40,16,0.0,0.0,0.0,0.875,0.0,0.0,0.0,8.0,2.4444,0.0,0.0,0.8123636,Yerushalmi
TgO_Exodus,40,17,0.0,0.0,0.0,0.7778,0.0,0.0,0.0,9.0,2.6,0.0,0.0,0.79112285,Yerushalmi
TgO_Exodus,40,18,0.0,0.0,0.0,0.4375,0.0,0.0,0.0,16.0,2.4118,0.0,0.0,0.9699541,Yerushalmi
TgO_Exodus,40,19,0.0,0.0,0.0,0.625,0.0,0.0,0.0,16.0,3.2353,0.0,0.0,0.9639656,Yerushalmi
TgO_Exodus,40,20,0.0,0.0,0.0,0.5625,0.0,0.0,0.0,16.0,2.8235,0.0,0.0,0.96686536,Yerushalmi
TgO_Exodus,40,21,0.0,0.0,0.0,0.6471,0.0,0.0,0.0,17.0,3.1111,0.0,0.0,0.970452,Yerushalmi
TgO_Exodus,40,22,0.0,0.0,0.0,1.0,0.0,0.0,0.0,11.0,3.25,0.0,0.0,0.96553576,Yerushalmi
TgO_Exodus,40,23,0.0,0.0,0.0,0.8182,0.0,0.0,0.0,11.0,3.0,0.0,0.0,0.90743756,Yerushalmi
TgO_Exodus,40,24,0.0,0.0,0.0,1.0,0.0,0.0,0.0,11.0,2.8333,0.0,0.0,0.96353114,Yerushalmi
TgO_Exodus,40,25,0.0,0.0,0.0,0.7778,0.0,0.0,0.0,9.0,3.3,0.0,0.0,0.8362059,Yerushalmi
TgO_Exodus,40,26,0.0,0.0,0.0,1.0,0.0,0.0,0.0,8.0,2.6667,0.0,0.0,0.9174113,Yerushalmi
TgO_Exodus,40,27,0.0,0.0,0.0,0.8889,0.0,0.0,0.0,9.0,3.2,0.0,0.0,0.8886643,Yerushalmi
TgO_Exodus,40,28,0.0,0.0,0.0,1.0,0.0,0.0,0.0,5.0,2.3333,0.0,0.0,0.81596005,Yerushalmi
TgO_Exodus,40,29,0.0,0.0,0.0,0.6842,0.0,0.0,0.0,19.0,3.0,0.0,0.0,0.97856706,Yerushalmi
TgO_Exodus,40,30,0.0,0.0,0.0,0.8333,0.0,0.0,0.0,12.0,2.8462,0.0,0.0,0.9327764,Yerushalmi
TgO_Exodus,40,31,0.0,0.0,0.0,0.5556,0.0,0.0,0.0,9.0,2.2,0.0,0.0,0.6727806,Yerushalmi
TgO_Exodus,40,32,0.0,0.0,0.0,0.9091,0.0,0.0,0.0,11.0,3.1667,0.0,0.0,0.94026935,Yerushalmi
TgO_Exodus,40,33,0.0,0.0,0.0,0.5333,0.0,0.0,0.0,15.0,2.9375,0.0,0.0,0.9585892,Yerushalmi
TgO_Exodus,40,34,0.0,0.0,0.0,0.7778,0.0,0.0,0.0,9.0,2.6,0.0,0.0,0.79112285,Yerushalmi
TgO_Exodus,40,35,0.0,0.0,0.0,0.8,0.0,0.0,0.0,15.0,2.8125,0.0,0.0,0.9703849,Yerushalmi
TgO_Exodus,40,36,0.0,0.0,0.0,0.8889,0.0,0.0,0.0,9.0,3.4,0.0,0.0,0.89276993,Yerushalmi
TgO_Exodus,40,37,0.0,0.0,0.0,0.7778,0.0,0.0,0.0,9.0,2.3,0.0,0.0,0.7749181,Yerushalmi
TgO_Exodus,40,38,0.0,0.0,0.0,0.7895,0.0,0.0,0.0,19.0,2.85,0.0,0.0,0.98577183,Yerushalmi
TgO_Leviticus,1,1,0.0,0.0,0.0,0.75,0.0,0.0,0.0,8.0,2.6667,0.0,0.0,0.720481,Yerushalmi
TgO_Leviticus,1,2,0.0,0.0,0.0,0.6818,0.0,0.0,0.0,22.0,3.0435,0.0,0.0,0.97788894,Yerushalmi
TgO_Leviticus,1,3,0.0,0.0,0.0,0.8824,0.0,0.0,0.0,17.0,2.9444,0.0,0.0,0.9855796,Yerushalmi
TgO_Leviticus,1,4,0.0,0.0,0.0,0.7778,0.0,0.0,0.0,9.0,2.4,0.0,0.0,0.7794367,Yerushalmi
TgO_Leviticus,1,5,0.0,0.0,0.0,0.6667,0.0,0.0,0.0,21.0,2.7273,0.0,0.0,0.9846683,Yerushalmi
TgO_Leviticus,1,6,0.0,0.0,0.0,0.6667,0.0,0.0,0.0,6.0,2.0,0.0,0.0,0.47040844,Bavli
TgO_Leviticus,1,7,0.0,0.0,0.0,0.6364,0.0,0.0,0.0,11.0,2.6667,0.0,0.0,0.8479792,Yerushalmi
TgO_Leviticus,1,8,0.0,0.0,0.0,0.6875,0.0,0.0,0.0,16.0,2.4118,0.0,0.0,0.9747089,Yerushalmi
TgO_Leviticus,1,9,0.0,0.0,0.0,0.8,0.0,0.0,0.0,15.0,2.5625,0.0,0.0,0.97238165,Yerushalmi
TgO_Leviticus,1,10,0.0,0.0,0.0,0.8571,0.0,0.0,0.0,14.0,2.4,0.0,0.0,0.9695671,Yerushalmi
TgO_Leviticus,1,11,0.0,0.0,0.0,0.7059,0.0,0.0,0.0,17.0,3.0556,0.0,0.0,0.97344756,Yerushalmi
TgO_Leviticus,1,12,0.0,0.0,0.0,0.625,0.0,0.0,0.0,16.0,2.2941,0.0,0.0,0.9732222,Yerushalmi
TgO_Leviticus,1,13,0.0,0.0,0.0,0.7647,0.0,0.0,0.0,17.0,2.5556,0.0,0.0,0.98302215,Yerushalmi
TgO_Leviticus,1,14,0.0,0.0,0.0,0.7333,0.0,0.0,0.0,15.0,3.0,0.0,0.0,0.9634973,Yerushalmi
TgO_Leviticus,1,15,0.0,0.0,0.0,0.7692,0.0,0.0,0.0,13.0,2.7143,0.0,0.0,0.93902683,Yerushalmi
TgO_Leviticus,1,16,0.0,0.0,0.0,0.75,0.0,0.0,0.0,12.0,2.5385,0.0,0.0,0.90642315,Yerushalmi
TgO_Leviticus,1,17,0.0,0.0,0.0,0.8,0.0,0.0,0.0,20.0,2.5238,0.0,0.0,0.99150705,Yerushalmi
TgO_Leviticus,2,1,0.0,0.0,0.0,0.75,0.0,0.0,0.0,16.0,3.0,0.0,0.0,0.9717993,Yerushalmi
TgO_Leviticus,2,2,0.0,0.0,0.0,0.7917,0.0,0.0,0.0,24.0,2.96,0.0,0.0,0.9839684,Yerushalmi
TgO_Leviticus,2,3,0.0,0.0,0.0,0.5556,0.0,0.0,0.0,9.0,2.8,0.0,0.0,0.7432492,Yerushalmi
TgO_Leviticus,2,4,0.0,0.0,0.0,0.8,0.0,0.0,0.0,15.0,3.1875,0.0,0.0,0.9676794,Yerushalmi
TgO_Leviticus,2,5,0.0,0.0,0.0,1.0,0.0,0.0,0.0,10.0,3.0909,0.0,0.0,0.9544723,Yerushalmi
TgO_Leviticus,2,6,0.0,0.0,0.0,1.0,0.0,0.0,0.0,8.0,2.5556,0.0,0.0,0.91539276,Yerushalmi
TgO_Leviticus,2,7,0.0,0.0,0.0,1.0,0.0,0.0,0.0,7.0,2.875,0.0,0.0,0.8978971,Yerushalmi
TgO_Leviticus,2,8,0.0,0.0,0.0,0.8182,0.0,0.0,0.0,11.0,2.5833,0.0,0.0,0.8965268,Yerushalmi
TgO_Leviticus,2,9,0.0,0.0,0.0,0.9231,0.0,0.0,0.0,13.0,2.8571,0.0,0.0,0.96759915,Yerushalmi
TgO_Leviticus,2,10,0.0,0.0,0.0,0.5556,0.0,0.0,0.0,9.0,3.2,0.0,0.0,0.7924281,Yerushalmi
TgO_Leviticus,2,11,0.0,0.0,0.0,0.7895,0.0,0.0,0.0,19.0,2.8,0.0,0.0,0.986478,Yerushalmi
TgO_Leviticus,2,12,0.0,0.0,0.0,1.0,0.0,0.0,0.0,11.0,2.6667,0.0,0.0,0.9625831,Yerushalmi
TgO_Leviticus,2,13,0.0,0.0,0.0,0.7059,0.0,0.0,0.0,17.0,2.8889,0.0,0.0,0.97576267,Yerushalmi
TgO_Leviticus,2,14,0.0,0.0,0.0,0.8,0.0,0.0,0.0,15.0,3.5625,0.0,0.0,0.9637811,Yerushalmi
TgO_Leviticus,2,15,0.0,0.0,0.0,0.75,0.0,0.0,0.0,8.0,2.5556,0.0,0.0,0.7101355,Yerushalmi
TgO_Leviticus,2,16,0.0,0.0,0.0,0.9167,0.0,0.0,0.0,12.0,2.7692,0.0,0.0,0.9539356,Yerushalmi
TgO_Leviticus,3,1,0.0,0.0,0.0,0.8235,0.0,0.0,0.0,17.0,2.8333,0.0,0.0,0.98304814,Yerushalmi
TgO_Leviticus,3,2,0.0,0.0,0.0,0.7778,0.0,0.0,0.0,18.0,2.8947,0.0,0.0,0.9826124,Yerushalmi
TgO_Leviticus,3,3,0.0,0.0,0.0,0.75,0.0,0.0,0.0,16.0,2.4706,0.0,0.0,0.9776381,Yerushalmi
TgO_Leviticus,3,4,0.0,0.0,0.0,0.6,0.0,0.0,0.0,15.0,2.6875,0.0,0.0,0.9587436,Yerushalmi
TgO_Leviticus,3,5,0.0,0.0,0.0,0.8125,0.0,0.0,0.0,16.0,2.5882,0.0,0.0,0.98051274,Yerushalmi
TgO_Leviticus,3,6,0.0,0.0,0.0,1.0,0.0,0.0,0.0,13.0,2.8571,0.0,0.0,0.97945964,Yerushalmi
TgO_Leviticus,3,7,0.0,0.0,0.0,0.9,0.0,0.0,0.0,10.0,2.5455,0.0,0.0,0.9048351,Yerushalmi
TgO_Leviticus,3,8,0.0,0.0,0.0,0.6842,0.0,0.0,0.0,19.0,2.85,0.0,0.0,0.98124486,Yerushalmi
TgO_Leviticus,3,9,0.0,0.0,0.0,0.7727,0.0,0.0,0.0,22.0,2.7826,0.0,0.0,0.98783344,Yerushalmi
TgO_Leviticus,3,10,0.0,0.0,0.0,0.6,0.0,0.0,0.0,15.0,2.6875,0.0,0.0,0.9587436,Yerushalmi
TgO_Leviticus,3,11,0.0,0.0,0.0,1.0,0.0,0.0,0.0,7.0,3.0,0.0,0.0,0.8999139,Yerushalmi
TgO_Leviticus,3,12,0.0,0.0,0.0,0.875,0.0,0.0,0.0,8.0,2.3333,0.0,0.0,0.8081155,Yerushalmi
TgO_Leviticus,3,13,0.0,0.0,0.0,0.6667,0.0,0.0,0.0,18.0,2.8947,0.0,0.0,0.97764075,Yerushalmi
TgO_Leviticus,3,14,0.0,0.0,0.0,0.6875,0.0,0.0,0.0,16.0,2.5294,0.0,0.0,0.9733499,Yerushalmi
TgO_Leviticus,3,15,0.0,0.0,0.0,0.6,0.0,0.0,0.0,15.0,2.6875,0.0,0.0,0.9587436,Yerushalmi
TgO_Leviticus,3,16,0.0,0.0,0.0,1.0,0.0,0.0,0.0,11.0,2.75,0.0,0.0,0.9630434,Yerushalmi
TgO_Leviticus,3,17,0.0,0.0,0.0,1.0,0.0,0.0,0.0,11.0,2.3333,0.0,0.0,0.9614604,Yerushalmi
TgO_Leviticus,4,1,0.0,0.0,0.0,0.8,0.0,0.0,0.0,5.0,2.1667,0.0,0.0,0.5289073,Yerushalmi
TgO_Leviticus,4,2,0.0,0.0,0.0,0.8421,0.0,0.0,0.0,19.0,2.55,0.0,0.0,0.99155134,Yerushalmi
TgO_Leviticus,4,3,0.0,0.0,0.0,0.8235,0.0,0.0,0.0,17.0,2.6667,0.0,0.0,0.9849171,Yerushalmi
TgO_Leviticus,4,4,0.0,0.0,0.0,0.6316,0.0,0.0,0.0,19.0,2.55,0.0,0.0,0.98433566,Yerushalmi
TgO_Leviticus,4,5,0.0,0.0,0.0,0.8889,0.0,0.0,0.0,9.0,2.3,0.0,0.0,0.86117077,Yerushalmi
TgO_Leviticus,4,6,0.0,0.0,0.0,0.8667,0.0,0.0,0.0,15.0,2.6875,0.0,0.0,0.97774965,Yerushalmi
TgO_Leviticus,4,7,0.0,0.0,0.0,0.7917,0.0,0.0,0.0,24.0,2.76,0.0,0.0,0.9881022,Yerushalmi
TgO_Leviticus,4,8,0.0,0.0,0.0,0.6471,0.0,0.0,0.0,17.0,2.3333,0.0,0.0,0.980626,Yerushalmi
TgO_Leviticus,4,9,0.0,0.0,0.0,0.6,0.0,0.0,0.0,15.0,2.6875,0.0,0.0,0.9587436,Yerushalmi
TgO_Leviticus,4,10,0.0,0.0,0.0,1.0,0.0,0.0,0.0,10.0,3.0,0.0,0.0,0.9537979,Yerushalmi
TgO_Leviticus,4,11,0.0,0.0,0.0,0.6667,0.0,0.0,0.0,12.0,2.2308,0.0,0.0,0.8829576,Yerushalmi
TgO_Leviticus,4,12,0.0,0.0,0.0,0.6522,0.0,0.0,0.0,23.0,2.6667,0.0,0.0,0.98482335,Yerushalmi
TgO_Leviticus,4,13,0.0,0.0,0.0,0.7368,0.0,0.0,0.0,19.0,2.95,0.0,0.0,0.9817239,Yerushalmi
TgO_Leviticus,4,14,0.0,0.0,0.0,0.8,0.0,0.0,0.0,15.0,2.6875,0.0,0.0,0.97133744,Yerushalmi
TgO_Leviticus,4,15,0.0,0.0,0.0,0.6667,0.0,0.0,0.0,15.0,2.5,0.0,0.0,0.9624331,Yerushalmi
TgO_Leviticus,4,16,0.0,0.0,0.0,1.0,0.0,0.0,0.0,7.0,2.375,0.0,0.0,0.88718,Yerushalmi
TgO_Leviticus,4,17,0.0,0.0,0.0,0.8333,0.0,0.0,0.0,12.0,2.6923,0.0,0.0,0.9308034,Yerushalmi
TgO_Leviticus,4,18,0.0,0.0,0.0,0.8,0.0,0.0,0.0,20.0,2.7143,0.0,0.0,0.98924166,Yerushalmi
TgO_Leviticus,4,19,0.0,0.0,0.0,0.8571,0.0,0.0,0.0,7.0,2.25,0.0,0.0,0.7333341,Yerushalmi
TgO_Leviticus,4,20,0.0,0.0,0.0,0.5714,0.0,0.0,0.0,14.0,3.0667,0.0,0.0,0.94732183,Yerushalmi
TgO_Leviticus,4,21,0.0,0.0,0.0,0.75,0.0,0.0,0.0,16.0,3.1176,0.0,0.0,0.9704898,Yerushalmi
TgO_Leviticus,4,22,0.0,0.0,0.0,0.9286,0.0,0.0,0.0,14.0,2.3333,0.0,0.0,0.9790581,Yerushalmi
TgO_Leviticus,4,23,0.0,0.0,0.0,0.9286,0.0,0.0,0.0,14.0,2.7333,0.0,0.0,0.9771418,Yerushalmi
TgO_Leviticus,4,24,0.0,0.0,0.0,0.8667,0.0,0.0,0.0,15.0,2.5,0.0,0.0,0.9791911,Yerushalmi
TgO_Leviticus,4,25,0.0,0.0,0.0,0.75,0.0,0.0,0.0,16.0,2.6471,0.0,0.0,0.97564054,Yerushalmi
TgO_Leviticus,4,26,0.0,0.0,0.0,0.7857,0.0,0.0,0.0,14.0,2.6667,0.0,0.0,0.95862967,Yerushalmi
TgO_Leviticus,4,27,0.0,0.0,0.0,0.7333,0.0,0.0,0.0,15.0,2.25,0.0,0.0,0.96963984,Yerushalmi
TgO_Leviticus,4,28,0.0,0.0,0.0,0.7857,0.0,0.0,0.0,14.0,3.0667,0.0,0.0,0.95796883,Yerushalmi
TgO_Leviticus,4,29,0.0,0.0,0.0,0.7273,0.0,0.0,0.0,11.0,2.3333,0.0,0.0,0.8552606,Yerushalmi
TgO_Leviticus,4,30,0.0,0.0,0.0,0.8,0.0,0.0,0.0,15.0,2.5,0.0,0.0,0.9729429,Yerushalmi
TgO_Leviticus,4,31,0.0,0.0,0.0,0.6957,0.0,0.0,0.0,23.0,2.9167,0.0,0.0,0.9808187,Yerushalmi
TgO_Leviticus,4,32,0.0,0.0,0.0,0.875,0.0,0.0,0.0,8.0,3.0,0.0,0.0,0.8394017,Yerushalmi
TgO_Leviticus,4,33,0.0,0.0,0.0,0.6923,0.0,0.0,0.0,13.0,2.3571,0.0,0.0,0.9247568,Yerushalmi
TgO_Leviticus,4,34,0.0,0.0,0.0,0.8125,0.0,0.0,0.0,16.0,2.5882,0.0,0.0,0.98051274,Yerushalmi
TgO_Leviticus,4,35,0.0,0.0,0.0,0.64,0.0,0.0,0.0,25.0,2.8846,0.0,0.0,0.97495943,Yerushalmi
TgO_Leviticus,5,1,0.0,0.0,0.0,0.7059,0.0,0.0,0.0,17.0,2.4444,0.0,0.0,0.98158073,Yerushalmi
TgO_Leviticus,5,2,0.0,0.0,0.0,0.4583,0.0,0.0,0.0,24.0,2.8,0.0,0.0,0.974601,Yerushalmi
TgO_Leviticus,5,3,0.0,0.0,0.0,0.8,0.0,0.0,0.0,15.0,2.4375,0.0,0.0,0.9735306,Yerushalmi
TgO_Leviticus,5,4,0.0,0.0,0.0,0.6667,0.0,0.0,0.0,21.0,2.4545,0.0,0.0,0.98907167,Yerushalmi
TgO_Leviticus,5,5,0.0,0.0,0.0,0.75,0.0,0.0,0.0,8.0,2.3333,0.0,0.0,0.6925343,Yerushalmi
TgO_Leviticus,5,6,0.0,0.0,0.0,0.8,0.0,0.0,0.0,20.0,2.7619,0.0,0.0,0.9886075,Yerushalmi
TgO_Leviticus,5,7,0.0,0.0,0.0,0.8571,0.0,0.0,0.0,21.0,3.0455,0.0,0.0,0.9875635,Yerushalmi
TgO_Leviticus,5,8,0.0,0.0,0.0,0.7333,0.0,0.0,0.0,15.0,2.8125,0.0,0.0,0.9647012,Yerushalmi
TgO_Leviticus,5,9,0.0,0.0,0.0,0.7692,0.0,0.0,0.0,13.0,2.8571,0.0,0.0,0.9401855,Yerushalmi
TgO_Leviticus,5,10,0.0,0.0,0.0,0.75,0.0,0.0,0.0,12.0,2.5385,0.0,0.0,0.90642315,Yerushalmi
TgO_Leviticus,5,11,0.0,0.0,0.0,0.8065,0.0,0.0,0.0,31.0,2.9688,0.0,0.0,0.9653969,Yerushalmi
TgO_Leviticus,5,12,0.0,0.0,0.0,0.8824,0.0,0.0,0.0,17.0,2.9444,0.0,0.0,0.9855796,Yerushalmi
TgO_Leviticus,5,13,0.0,0.0,0.0,0.5385,0.0,0.0,0.0,13.0,2.3571,0.0,0.0,0.9135446,Yerushalmi
TgO_Leviticus,5,14,0.0,0.0,0.0,0.8,0.0,0.0,0.0,5.0,2.1667,0.0,0.0,0.5289073,Yerushalmi
TgO_Leviticus,5,15,0.0,0.0,0.0,0.6957,0.0,0.0,0.0,23.0,2.5833,0.0,0.0,0.987983,Yerushalmi
TgO_Leviticus,5,16,0.0,0.0,0.0,0.6842,0.0,0.0,0.0,19.0,2.55,0.0,0.0,0.9859167,Yerushalmi
TgO_Leviticus,5,17,0.0,0.0,0.0,0.7059,0.0,0.0,0.0,17.0,2.4444,0.0,0.0,0.98158073,Yerushalmi
TgO_Leviticus,5,18,0.0,0.0,0.0,0.7,0.0,0.0,0.0,20.0,2.4762,0.0,0.0,0.98892415,Yerushalmi
TgO_Leviticus,5,19,0.0,0.0,0.0,0.8,0.0,0.0,0.0,10.0,2.7273,0.0,0.0,0.8570557,Yerushalmi
TgO_Leviticus,5,20,0.0,0.0,0.0,0.8,0.0,0.0,0.0,5.0,2.1667,0.0,0.0,0.5289073,Yerushalmi
TgO_Leviticus,5,21,0.0,0.0,0.0,0.6842,0.0,0.0,0.0,19.0,2.3,0.0,0.0,0.9891109,Yerushalmi
TgO_Leviticus,5,22,0.0,0.0,0.0,0.8,0.0,0.0,0.0,15.0,2.375,0.0,0.0,0.9741438,Yerushalmi
TgO_Leviticus,5,23,0.0,0.0,0.0,0.6667,0.0,0.0,0.0,21.0,2.6818,0.0,0.0,0.9854909,Yerushalmi
TgO_Leviticus,5,24,0.0,0.0,0.0,0.7368,0.0,0.0,0.0,19.0,2.75,0.0,0.0,0.98492813,Yerushalmi
TgO_Leviticus,5,25,0.0,0.0,0.0,0.9231,0.0,0.0,0.0,13.0,2.5714,0.0,0.0,0.96760696,Yerushalmi
TgO_Leviticus,5,26,0.0,0.0,0.0,0.7692,0.0,0.0,0.0,13.0,2.3571,0.0,0.0,0.93783504,Yerushalmi
TgO_Leviticus,6,1,0.0,0.0,0.0,0.8,0.0,0.0,0.0,5.0,2.1667,0.0,0.0,0.5289073,Yerushalmi
TgO_Leviticus,6,2,0.0,0.0,0.0,0.7826,0.0,0.0,0.0,23.0,2.75,0.0,0.0,0.9884948,Yerushalmi
TgO_Leviticus,6,3,0.0,0.0,0.0,0.7143,0.0,0.0,0.0,21.0,2.8182,0.0,0.0,0.9847451,Yerushalmi
TgO_Leviticus,6,4,0.0,0.0,0.0,0.6923,0.0,0.0,0.0,13.0,3.2857,0.0,0.0,0.93581104,Yerushalmi
TgO_Leviticus,6,5,0.0,0.0,0.0,0.6364,0.0,0.0,0.0,22.0,2.4348,0.0,0.0,0.9888208,Yerushalmi
TgO_Leviticus,6,6,0.0,0.0,0.0,1.0,0.0,0.0,0.0,8.0,2.6667,0.0,0.0,0.9174113,Yerushalmi
TgO_Leviticus,6,7,0.0,0.0,0.0,0.9091,0.0,0.0,0.0,11.0,3.25,0.0,0.0,0.9410969,Yerushalmi
TgO_Leviticus,6,8,0.0,0.0,0.0,0.6667,0.0,0.0,0.0,18.0,2.6842,0.0,0.0,0.98084277,Yerushalmi
TgO_Leviticus,6,9,0.0,0.0,0.0,0.6154,0.0,0.0,0.0,13.0,2.7143,0.0,0.0,0.9228613,Yerushalmi
TgO_Leviticus,6,10,0.0,0.0,0.0,0.9167,0.0,0.0,0.0,12.0,2.6923,0.0,0.0,0.9535119,Yerushalmi
TgO_Leviticus,6,11,0.0,0.0,0.0,0.7857,0.0,0.0,0.0,14.0,2.7333,0.0,0.0,0.95845544,Yerushalmi
TgO_Leviticus,6,12,0.0,0.0,0.0,0.8,0.0,0.0,0.0,5.0,2.1667,0.0,0.0,0.5289073,Yerushalmi
TgO_Leviticus,6,13,0.0,0.0,0.0,0.7727,0.0,0.0,0.0,22.0,2.8261,0.0,0.0,0.9870849,Yerushalmi
TgO_Leviticus,6,14,0.0,0.0,0.0,0.9286,0.0,0.0,0.0,14.0,3.2,0.0,0.0,0.9758405,Yerushalmi
TgO_Leviticus,6,15,0.0,0.0,0.0,1.0,0.0,0.0,0.0,12.0,2.6923,0.0,0.0,0.9721075,Yerushalmi
TgO_Leviticus,6,16,0.0,0.0,0.0,1.0,0.0,0.0,0.0,7.0,2.625,0.0,0.0,0.89271754,Yerushalmi
TgO_Leviticus,6,17,0.0,0.0,0.0,0.8,0.0,0.0,0.0,5.0,2.1667,0.0,0.0,0.5289073,Yerushalmi
TgO_Leviticus,6,18,0.0,0.0,0.0,0.7895,0.0,0.0,0.0,19.0,3.1,0.0,0.0,0.9818746,Yerushalmi
TgO_Leviticus,6,19,0.0,0.0,0.0,0.75,0.0,0.0,0.0,12.0,2.6154,0.0,0.0,0.907887,Yerushalmi
TgO_Leviticus,6,20,0.0,0.0,0.0,0.8462,0.0,0.0,0.0,13.0,2.4286,0.0,0.0,0.9530908,Yerushalmi
TgO_Leviticus,6,21,0.0,0.0,0.0,0.5,0.0,0.0,0.0,12.0,2.2308,0.0,0.0,0.87001455,Yerushalmi
TgO_Leviticus,6,22,0.0,0.0,0.0,0.875,0.0,0.0,0.0,8.0,2.6667,0.0,0.0,0.82280314,Yerushalmi
TgO_Leviticus,6,23,0.0,0.0,0.0,0.9167,0.0,0.0,0.0,12.0,2.5385,0.0,0.0,0.95292276,Yerushalmi
TgO_Leviticus,7,1,0.0,0.0,0.0,0.8333,0.0,0.0,0.0,6.0,3.0,0.0,0.0,0.70465755,Yerushalmi
TgO_Leviticus,7,2,0.0,0.0,0.0,0.8462,0.0,0.0,0.0,13.0,2.8571,0.0,0.0,0.9535334,Yerushalmi
TgO_Leviticus,7,3,0.0,0.0,0.0,0.75,0.0,0.0,0.0,12.0,2.3077,0.0,0.0,0.9035847,Yerushalmi
TgO_Leviticus,7,4,0.0,0.0,0.0,0.6,0.0,0.0,0.0,15.0,2.6875,0.0,0.0,0.9587436,Yerushalmi
TgO_Leviticus,7,5,0.0,0.0,0.0,1.0,0.0,0.0,0.0,9.0,2.8,0.0,0.0,0.9378219,Yerushalmi
TgO_Leviticus,7,6,0.0,0.0,0.0,0.7,0.0,0.0,0.0,10.0,2.8182,0.0,0.0,0.8220039,Yerushalmi
TgO_Leviticus,7,7,0.0,0.0,0.0,0.8182,0.0,0.0,0.0,11.0,2.9167,0.0,0.0,0.9051865,Yerushalmi
TgO_Leviticus,7,8,0.0,0.0,0.0,0.9091,0.0,0.0,0.0,11.0,2.6667,0.0,0.0,0.93383014,Yerushalmi
TgO_Leviticus,7,9,0.0,0.0,0.0,0.7857,0.0,0.0,0.0,14.0,2.6667,0.0,0.0,0.95862967,Yerushalmi
TgO_Leviticus,7,10,0.0,0.0,0.0,0.75,0.0,0.0,0.0,12.0,2.6923,0.0,0.0,0.90953076,Yerushalmi
TgO_Leviticus,7,11,0.0,0.0,0.0,1.0,0.0,0.0,0.0,7.0,3.0,0.0,0.0,0.8999139,Yerushalmi
TgO_Leviticus,7,12,0.0,0.0,0.0,0.5714,0.0,0.0,0.0,21.0,2.9091,0.0,0.0,0.9781059,Yerushalmi
TgO_Leviticus,7,13,0.0,0.0,0.0,0.9,0.0,0.0,0.0,10.0,3.2727,0.0,0.0,0.9197801,Yerushalmi
TgO_Leviticus,7,14,0.0,0.0,0.0,0.9375,0.0,0.0,0.0,16.0,3.2353,0.0,0.0,0.98450917,Yerushalmi
TgO_Leviticus,7,15,0.0,0.0,0.0,1.0,0.0,0.0,0.0,12.0,2.7692,0.0,0.0,0.97229165,Yerushalmi
TgO_Leviticus,7,16,0.0,0.0,0.0,0.75,0.0,0.0,0.0,16.0,2.7059,0.0,0.0,0.97499007,Yerushalmi
TgO_Leviticus,7,17,0.0,0.0,0.0,0.8571,0.0,0.0,0.0,7.0,2.5,0.0,0.0,0.7466897,Yerushalmi
TgO_Leviticus,7,18,0.0,0.0,0.0,0.6957,0.0,0.0,0.0,23.0,2.8333,0.0,0.0,0.9828782,Yerushalmi
TgO_Leviticus,7,19,0.0,0.0,0.0,0.6111,0.0,0.0,0.0,18.0,2.7368,0.0,0.0,0.97841936,Yerushalmi
TgO_Leviticus,7,20,0.0,0.0,0.0,0.7692,0.0,0.0,0.0,13.0,2.5,0.0,0.0,0.9379091,Yerushalmi
TgO_Leviticus,7,21,0.0,0.0,0.0,0.5833,0.0,0.0,0.0,24.0,2.68,0.0,0.0,0.98093146,Yerushalmi
TgO_Leviticus,7,22,0.0,0.0,0.0,0.8,0.0,0.0,0.0,5.0,2.1667,0.0,0.0,0.5289073,Yerushalmi
TgO_Leviticus,7,23,0.0,0.0,0.0,0.8333,0.0,0.0,0.0,12.0,2.4615,0.0,0.0,0.9287864,Yerushalmi
TgO_Leviticus,7,24,0.0,0.0,0.0,0.8,0.0,0.0,0.0,10.0,2.7273,0.0,0.0,0.8570557,Yerushalmi
TgO_Leviticus,7,25,0.0,0.0,0.0,0.8,0.0,0.0,0.0,15.0,2.6875,0.0,0.0,0.97133744,Yerushalmi
TgO_Leviticus,7,26,0.0,0.0,0.0,0.875,0.0,0.0,0.0,8.0,2.2222,0.0,0.0,0.80484766,Yerushalmi
TgO_Leviticus,7,27,0.0,0.0,0.0,0.7778,0.0,0.0,0.0,9.0,2.3,0.0,0.0,0.7749181,Yerushalmi
TgO_Leviticus,7,28,0.0,0.0,0.0,0.8,0.0,0.0,0.0,5.0,2.1667,0.0,0.0,0.5289073,Yerushalmi
TgO_Leviticus,7,29,0.0,0.0,0.0,0.7778,0.0,0.0,0.0,18.0,3.0,0.0,0.0,0.9810825,Yerushalmi
TgO_Leviticus,7,30,0.0,0.0,0.0,0.5882,0.0,0.0,0.0,17.0,2.6111,0.0,0.0,0.9754273,Yerushalmi
TgO_Leviticus,7,31,0.0,0.0,0.0,0.6667,0.0,0.0,0.0,9.0,3.0,0.0,0.0,0.7763013,Yerushalmi
TgO_Leviticus,7,32,0.0,0.0,0.0,1.0,0.0,0.0,0.0,8.0,3.4444,0.0,0.0,0.92500573,Yerushalmi
TgO_Leviticus,7,33,0.0,0.0,0.0,0.9286,0.0,0.0,0.0,14.0,2.8667,0.0,0.0,0.9767358,Yerushalmi
TgO_Leviticus,7,34,0.0,0.0,0.0,0.6087,0.0,0.0,0.0,23.0,3.125,0.0,0.0,0.97007537,Yerushalmi
TgO_Leviticus,7,35,0.0,0.0,0.0,0.8462,0.0,0.0,0.0,13.0,2.4286,0.0,0.0,0.9530908,Yerushalmi
TgO_Leviticus,7,36,0.0,0.0,0.0,0.8462,0.0,0.0,0.0,13.0,2.7857,0.0,0.0,0.95328254,Yerushalmi
TgO_Leviticus,7,37,0.0,0.0,0.0,0.6667,0.0,0.0,0.0,9.0,2.6,0.0,0.0,0.73470247,Yerushalmi
TgO_Leviticus,7,38,0.0,0.0,0.0,0.4444,0.0,0.0,0.0,18.0,4.1053,0.0,0.0,0.9515144,Yerushalmi
TgO_Leviticus,8,1,0.0,0.0,0.0,0.8,0.0,0.0,0.0,5.0,2.1667,0.0,0.0,0.5289073,Yerushalmi
TgO_Leviticus,8,2,0.0,0.0,0.0,0.7,0.0,0.0,0.0,20.0,2.7619,0.0,0.0,0.9846361,Yerushalmi
TgO_Leviticus,8,3,0.0,0.0,0.0,1.0,0.0,0.0,0.0,7.0,2.75,0.0,0.0,0.8954467,Yerushalmi
TgO_Leviticus,8,4,0.0,0.0,0.0,0.8182,0.0,0.0,0.0,11.0,3.1667,0.0,0.0,0.9115733,Yerushalmi
TgO_Leviticus,8,5,0.0,0.0,0.0,0.875,0.0,0.0,0.0,8.0,3.1111,0.0,0.0,0.84429294,Yerushalmi
TgO_Leviticus,8,6,0.0,0.0,0.0,0.4444,0.0,0.0,0.0,9.0,2.3,0.0,0.0,0.6939074,Yerushalmi
TgO_Leviticus,8,7,0.0,0.0,0.0,0.3182,0.0,0.0,0.0,22.0,2.3478,0.0,0.0,0.9868738,Yerushalmi
TgO_Leviticus,8,8,0.0,0.0,0.0,0.7,0.0,0.0,0.0,10.0,2.5455,0.0,0.0,0.8027061,Yerushalmi
TgO_Leviticus,8,9,0.0,0.0,0.0,0.7,0.0,0.0,0.0,20.0,3.2381,0.0,0.0,0.9749511,Yerushalmi
TgO_Leviticus,8,10,0.0,0.0,0.0,0.5385,0.0,0.0,0.0,13.0,2.3571,0.0,0.0,0.9135446,Yerushalmi
TgO_Leviticus,8,11,0.0,0.0,0.0,0.7059,0.0,0.0,0.0,17.0,2.5556,0.0,0.0,0.98016435,Yerushalmi
TgO_Leviticus,8,12,0.0,0.0,0.0,0.7778,0.0,0.0,0.0,9.0,2.4,0.0,0.0,0.7794367,Yerushalmi
TgO_Leviticus,8,13,0.0,0.0,0.0,0.5,0.0,0.0,0.0,18.0,3.1053,0.0,0.0,0.9723845,Yerushalmi
TgO_Leviticus,8,14,0.0,0.0,0.0,0.5385,0.0,0.0,0.0,13.0,2.5,0.0,0.0,0.9168221,Yerushalmi
TgO_Leviticus,8,15,0.0,0.0,0.0,0.5,0.0,0.0,0.0,22.0,2.8261,0.0,0.0,0.9781366,Yerushalmi
TgO_Leviticus,8,16,0.0,0.0,0.0,0.625,0.0,0.0,0.0,16.0,2.6471,0.0,0.0,0.9694665,Yerushalmi
TgO_Leviticus,8,17,0.0,0.0,0.0,0.7647,0.0,0.0,0.0,17.0,3.2778,0.0,0.0,0.9733958,Yerushalmi
TgO_Leviticus,8,18,0.0,0.0,0.0,0.5833,0.0,0.0,0.0,12.0,2.3077,0.0,0.0,0.8735739,Yerushalmi
TgO_Leviticus,8,19,0.0,0.0,0.0,0.75,0.0,0.0,0.0,8.0,3.1111,0.0,0.0,0.7632309,Yerushalmi
TgO_Leviticus,8,20,0.0,0.0,0.0,0.5833,0.0,0.0,0.0,12.0,2.5385,0.0,0.0,0.88237476,Yerushalmi
TgO_Leviticus,8,21,0.0,0.0,0.0,0.68,0.0,0.0,0.0,25.0,2.8846,0.0,0.0,0.97738856,Yerushalmi
TgO_Leviticus,8,22,0.0,0.0,0.0,0.5714,0.0,0.0,0.0,14.0,2.8,0.0,0.0,0.94475687,Yerushalmi
TgO_Leviticus,8,23,0.0,0.0,0.0,0.5,0.0,0.0,0.0,18.0,3.0,0.0,0.0,0.97377336,Yerushalmi
TgO_Leviticus,8,24,0.0,0.0,0.0,0.5385,0.0,0.0,0.0,26.0,3.1111,0.0,0.0,0.9537376,Yerushalmi
TgO_Leviticus,8,25,0.0,0.0,0.0,0.6,0.0,0.0,0.0,20.0,2.5238,0.0,0.0,0.985527,Yerushalmi
TgO_Leviticus,8,26,0.0,0.0,0.0,0.7,0.0,0.0,0.0,20.0,2.619,0.0,0.0,0.9869192,Yerushalmi
TgO_Leviticus,8,27,0.0,0.0,0.0,0.6429,0.0,0.0,0.0,14.0,2.2,0.0,0.0,0.94562876,Yerushalmi
TgO_Leviticus,8,28,0.0,0.0,0.0,0.8235,0.0,0.0,0.0,17.0,2.9444,0.0,0.0,0.9817566,Yerushalmi
TgO_Leviticus,8,29,0.0,0.0,0.0,0.6667,0.0,0.0,0.0,18.0,3.2632,0.0,0.0,0.9712874,Yerushalmi
TgO_Leviticus,8,30,0.0,0.0,0.0,0.3333,0.0,0.0,0.0,30.0,2.6129,0.0,0.0,0.953008,Yerushalmi
TgO_Leviticus,8,31,0.0,0.0,0.0,0.5652,0.0,0.0,0.0,23.0,2.875,0.0,0.0,0.9765971,Yerushalmi
TgO_Leviticus,8,32,0.0,0.0,0.0,0.6,0.0,0.0,0.0,5.0,1.8333,0.0,0.0,0.37828696,Bavli
TgO_Leviticus,8,33,0.0,0.0,0.0,0.7059,0.0,0.0,0.0,17.0,2.9444,0.0,0.0,0.97500426,Yerushalmi
TgO_Leviticus,8,34,0.0,0.0,0.0,0.8889,0.0,0.0,0.0,9.0,2.8,0.0,0.0,0.8760315,Yerushalmi
TgO_Leviticus,8,35,0.0,0.0,0.0,0.8333,0.0,0.0,0.0,18.0,2.7368,0.0,0.0,0.98746276,Yerushalmi
TgO_Leviticus,8,36,0.0,0.0,0.0,0.7,0.0,0.0,0.0,10.0,2.9091,0.0,0.0,0.8286201,Yerushalmi
TgO_Leviticus,9,1,0.0,0.0,0.0,0.4444,0.0,0.0,0.0,9.0,3.7,0.0,0.0,0.85296994,Yerushalmi
TgO_Leviticus,9,2,0.0,0.0,0.0,0.7143,0.0,0.0,0.0,14.0,2.7333,0.0,0.0,0.9507176,Yerushalmi
TgO_Leviticus,9,3,0.0,0.0,0.0,0.6875,0.0,0.0,0.0,16.0,2.8235,0.0,0.0,0.9701749,Yerushalmi
TgO_Leviticus,9,4,0.0,0.0,0.0,0.7059,0.0,0.0,0.0,17.0,3.1111,0.0,0.0,0.9726456,Yerushalmi
TgO_Leviticus,9,5,0.0,0.0,0.0,0.7692,0.0,0.0,0.0,13.0,2.8571,0.0,0.0,0.9401855,Yerushalmi
TgO_Leviticus,9,6,0.0,0.0,0.0,0.6364,0.0,0.0,0.0,11.0,3.0833,0.0,0.0,0.87384886,Yerushalmi
TgO_Leviticus,9,7,0.0,0.0,0.0,0.5217,0.0,0.0,0.0,23.0,2.7917,0.0,0.0,0.9779118,Yerushalmi
TgO_Leviticus,9,8,0.0,0.0,0.0,0.75,0.0,0.0,0.0,8.0,2.7778,0.0,0.0,0.7313284,Yerushalmi
TgO_Leviticus,9,9,0.0,0.0,0.0,0.6111,0.0,0.0,0.0,18.0,2.6316,0.0,0.0,0.9799387,Yerushalmi
TgO_Leviticus,9,10,0.0,0.0,0.0,0.7647,0.0,0.0,0.0,17.0,3.0556,0.0,0.0,0.97661203,Yerushalmi
TgO_Leviticus,9,11,0.0,0.0,0.0,0.875,0.0,0.0,0.0,8.0,3.1111,0.0,0.0,0.84429294,Yerushalmi
TgO_Leviticus,9,12,0.0,0.0,0.0,0.6154,0.0,0.0,0.0,13.0,2.8571,0.0,0.0,0.9260919,Yerushalmi
TgO_Leviticus,9,13,0.0,0.0,0.0,0.7,0.0,0.0,0.0,10.0,2.5455,0.0,0.0,0.8027061,Yerushalmi
TgO_Leviticus,9,14,0.0,0.0,0.0,0.7778,0.0,0.0,0.0,9.0,2.2,0.0,0.0,0.77154744,Yerushalmi
TgO_Leviticus,9,15,0.0,0.0,0.0,0.6154,0.0,0.0,0.0,13.0,2.3571,0.0,0.0,0.9163392,Yerushalmi
TgO_Leviticus,9,16,0.0,0.0,0.0,0.8,0.0,0.0,0.0,5.0,1.8333,0.0,0.0,0.52004945,Yerushalmi
TgO_Leviticus,9,17,0.0,0.0,0.0,0.8333,0.0,0.0,0.0,12.0,2.5385,0.0,0.0,0.92928636,Yerushalmi
TgO_Leviticus,9,18,0.0,0.0,0.0,0.6667,0.0,0.0,0.0,18.0,2.8947,0.0,0.0,0.97764075,Yerushalmi
TgO_Leviticus,9,19,0.0,0.0,0.0,0.6364,0.0,0.0,0.0,11.0,2.25,0.0,0.0,0.8264533,Yerushalmi
TgO_Leviticus,9,20,0.0,0.0,0.0,0.75,0.0,0.0,0.0,8.0,2.3333,0.0,0.0,0.6925343,Yerushalmi
TgO_Leviticus,9,21,0.0,0.0,0.0,0.6923,0.0,0.0,0.0,13.0,3.3571,0.0,0.0,0.93620604,Yerushalmi
TgO_Leviticus,9,22,0.0,0.0,0.0,0.6667,0.0,0.0,0.0,12.0,2.3846,0.0,0.0,0.8856563,Yerushalmi
TgO_Leviticus,9,23,0.0,0.0,0.0,0.5714,0.0,0.0,0.0,14.0,2.2667,0.0,0.0,0.9413339,Yerushalmi
TgO_Leviticus,9,24,0.0,0.0,0.0,0.6667,0.0,0.0,0.0,18.0,2.5789,0.0,0.0,0.9823493,Yerushalmi
TgO_Leviticus,10,1,0.0,0.0,0.0,0.6818,0.0,0.0,0.0,22.0,2.913,0.0,0.0,0.9811752,Yerushalmi
TgO_Leviticus,10,2,0.0,0.0,0.0,0.6667,0.0,0.0,0.0,9.0,2.7,0.0,0.0,0.74496305,Yerushalmi
TgO_Leviticus,10,3,0.0,0.0,0.0,0.625,0.0,0.0,0.0,16.0,3.1176,0.0,0.0,0.9651881,Yerushalmi
TgO_Leviticus,10,4,0.0,0.0,0.0,0.6111,0.0,0.0,0.0,18.0,4.1053,0.0,0.0,0.9460114,Yerushalmi
TgO_Leviticus,10,5,0.0,0.0,0.0,0.75,0.0,0.0,0.0,8.0,3.6667,0.0,0.0,0.7994878,Yerushalmi
TgO_Leviticus,10,6,0.0,0.0,0.0,0.6207,0.0,0.0,0.0,29.0,2.8667,0.0,0.0,0.9568377,Yerushalmi
TgO_Leviticus,10,7,0.0,0.0,0.0,0.8667,0.0,0.0,0.0,15.0,3.0625,0.0,0.0,0.9752431,Yerushalmi
TgO_Leviticus,10,8,0.0,0.0,0.0,0.75,0.0,0.0,0.0,4.0,2.6,0.0,0.0,0.45944044,Bavli
TgO_Leviticus,10,9,0.0,0.0,0.0,0.8667,0.0,0.0,0.0,15.0,2.4375,0.0,0.0,0.97970796,Yerushalmi
TgO_Leviticus,10,10,0.0,0.0,0.0,0.6667,0.0,0.0,0.0,9.0,2.5,0.0,0.0,0.7250514,Yerushalmi
TgO_Leviticus,10,11,0.0,0.0,0.0,0.6667,0.0,0.0,0.0,12.0,3.0769,0.0,0.0,0.90836203,Yerushalmi
TgO_Leviticus,10,12,0.0,0.0,0.0,0.6667,0.0,0.0,0.0,24.0,3.4,0.0,0.0,0.95897776,Yerushalmi
TgO_Leviticus,10,13,0.0,0.0,0.0,0.8571,0.0,0.0,0.0,14.0,2.4667,0.0,0.0,0.9691166,Yerushalmi
TgO_Leviticus,10,14,0.0,0.0,0.0,0.7273,0.0,0.0,0.0,22.0,3.0,0.0,0.0,0.9813066,Yerushalmi
TgO_Leviticus,10,15,0.0,0.0,0.0,0.7619,0.0,0.0,0.0,21.0,3.2273,0.0,0.0,0.9784409,Yerushalmi
TgO_Leviticus,10,16,0.0,0.0,0.0,0.5294,0.0,0.0,0.0,17.0,3.5,0.0,0.0,0.9641917,Yerushalmi
TgO_Leviticus,10,17,0.0,0.0,0.0,0.8636,0.0,0.0,0.0,22.0,3.0435,0.0,0.0,0.9878097,Yerushalmi
TgO_Leviticus,10,18,0.0,0.0,0.0,0.8462,0.0,0.0,0.0,13.0,3.0,0.0,0.0,0.95409787,Yerushalmi
TgO_Leviticus,10,19,0.0,0.0,0.0,0.5926,0.0,0.0,0.0,27.0,2.9643,0.0,0.0,0.9600014,Yerushalmi
TgO_Leviticus,10,20,0.0,0.0,0.0,0.5,0.0,0.0,0.0,4.0,2.2,0.0,0.0,0.365453,Bavli
TgO_Leviticus,11,1,0.0,0.0,0.0,0.5714,0.0,0.0,0.0,7.0,3.0,0.0,0.0,0.6430127,Yerushalmi
TgO_Leviticus,11,2,0.0,0.0,0.0,0.8462,0.0,0.0,0.0,13.0,2.8571,0.0,0.0,0.9535334,Yerushalmi
TgO_Leviticus,11,3,0.0,0.0,0.0,0.9091,0.0,0.0,0.0,11.0,2.5833,0.0,0.0,0.93291193,Yerushalmi
TgO_Leviticus,11,4,0.0,0.0,0.0,0.7143,0.0,0.0,0.0,21.0,2.8636,0.0,0.0,0.9838801,Yerushalmi
TgO_Leviticus,11,5,0.0,0.0,0.0,0.75,0.0,0.0,0.0,12.0,2.9231,0.0,0.0,0.91498816,Yerushalmi
TgO_Leviticus,11,6,0.0,0.0,0.0,0.75,0.0,0.0,0.0,12.0,3.0,0.0,0.0,0.9167943,Yerushalmi
TgO_Leviticus,11,7,0.0,0.0,0.0,0.625,0.0,0.0,0.0,16.0,3.0588,0.0,0.0,0.9657471,Yerushalmi
TgO_Leviticus,11,8,0.0,0.0,0.0,0.7778,0.0,0.0,0.0,9.0,2.9,0.0,0.0,0.81176597,Yerushalmi
TgO_Leviticus,11,9,0.0,0.0,0.0,0.5714,0.0,0.0,0.0,14.0,2.4,0.0,0.0,0.9415895,Yerushalmi
TgO_Leviticus,11,10,0.0,0.0,0.0,0.6471,0.0,0.0,0.0,17.0,2.7778,0.0,0.0,0.9749242,Yerushalmi
TgO_Leviticus,11,11,0.0,0.0,0.0,0.7778,0.0,0.0,0.0,9.0,2.8,0.0,0.0,0.8047859,Yerushalmi
TgO_Leviticus,11,12,0.0,0.0,0.0,0.7778,0.0,0.0,0.0,9.0,2.9,0.0,0.0,0.81176597,Yerushalmi
TgO_Leviticus,11,13,0.0,0.0,0.0,0.75,0.0,0.0,0.0,12.0,2.5385,0.0,0.0,0.90642315,Yerushalmi
TgO_Leviticus,11,14,0.0,0.0,0.0,0.5,0.0,0.0,0.0,3.0,2.0,0.0,0.0,0.31692523,Bavli
TgO_Leviticus,11,15,0.0,0.0,0.0,1.0,0.0,0.0,0.0,4.0,2.0,0.0,0.0,0.76409745,Yerushalmi
TgO_Leviticus,11,16,0.0,0.0,0.0,0.5714,0.0,0.0,0.0,7.0,2.125,0.0,0.0,0.51622057,Yerushalmi
TgO_Leviticus,11,17,0.0,0.0,0.0,0.5,0.0,0.0,0.0,3.0,1.5,0.0,0.0,0.3017109,Bavli
TgO_Leviticus,11,18,0.0,0.0,0.0,0.5,0.0,0.0,0.0,3.0,2.5,0.0,0.0,0.3767586,Bavli
TgO_Leviticus,11,19,0.0,0.0,0.0,0.5,0.0,0.0,0.0,6.0,2.4286,0.0,0.0,0.49168858,Bavli
TgO_Leviticus,11,20,0.0,0.0,0.0,0.8889,0.0,0.0,0.0,9.0,3.0,0.0,0.0,0.88286275,Yerushalmi
TgO_Leviticus,11,21,0.0,0.0,0.0,0.8889,0.0,0.0,0.0,18.0,3.0526,0.0,0.0,0.9869116,Yerushalmi
TgO_Leviticus,11,22,0.0,0.0,0.0,0.625,0.0,0.0,0.0,16.0,2.4118,0.0,0.0,0.9718892,Yerushalmi
TgO_Leviticus,11,23,0.0,0.0,0.0,0.7778,0.0,0.0,0.0,9.0,3.4,0.0,0.0,0.84079087,Yerushalmi
TgO_Leviticus,11,24,0.0,0.0,0.0,1.0,0.0,0.0,0.0,9.0,2.4,0.0,0.0,0.9326747,Yerushalmi
TgO_Leviticus,11,25,0.0,0.0,0.0,0.8889,0.0,0.0,0.0,9.0,2.5,0.0,0.0,0.86600816,Yerushalmi
TgO_Leviticus,11,26,0.0,0.0,0.0,0.7368,0.0,0.0,0.0,19.0,3.0,0.0,0.0,0.9808588,Yerushalmi
TgO_Leviticus,11,27,0.0,0.0,0.0,0.7368,0.0,0.0,0.0,19.0,2.8,0.0,0.0,0.9841652,Yerushalmi
TgO_Leviticus,11,28,0.0,0.0,0.0,0.75,0.0,0.0,0.0,12.0,3.2308,0.0,0.0,0.9214793,Yerushalmi
TgO_Leviticus,11,29,0.0,0.0,0.0,0.7273,0.0,0.0,0.0,11.0,2.6667,0.0,0.0,0.8669412,Yerushalmi
TgO_Leviticus,11,30,0.0,0.0,0.0,0.6,0.0,0.0,0.0,5.0,1.8333,0.0,0.0,0.37828696,Bavli
TgO_Leviticus,11,31,0.0,0.0,0.0,0.6923,0.0,0.0,0.0,13.0,2.8571,0.0,0.0,0.93051803,Yerushalmi
TgO_Leviticus,11,32,0.0,0.0,0.0,0.6786,0.0,0.0,0.0,28.0,2.5517,0.0,0.0,0.9806961,Yerushalmi
TgO_Leviticus,11,33,0.0,0.0,0.0,0.9091,0.0,0.0,0.0,11.0,2.3333,0.0,0.0,0.9312848,Yerushalmi
TgO_Leviticus,11,34,0.0,0.0,0.0,0.8667,0.0,0.0,0.0,15.0,2.875,0.0,0.0,0.9764591,Yerushalmi
TgO_Leviticus,11,35,0.0,0.0,0.0,0.6429,0.0,0.0,0.0,14.0,3.0,0.0,0.0,0.94726235,Yerushalmi
TgO_Leviticus,11,36,0.0,0.0,0.0,0.8333,0.0,0.0,0.0,12.0,2.8462,0.0,0.0,0.9327764,Yerushalmi
TgO_Leviticus,11,37,0.0,0.0,0.0,1.0,0.0,0.0,0.0,10.0,2.8182,0.0,0.0,0.9521907,Yerushalmi
TgO_Leviticus,11,38,0.0,0.0,0.0,0.7273,0.0,0.0,0.0,11.0,3.0833,0.0,0.0,0.88535494,Yerushalmi
TgO_Leviticus,11,39,0.0,0.0,0.0,0.9231,0.0,0.0,0.0,13.0,2.9286,0.0,0.0,0.9676854,Yerushalmi
TgO_Leviticus,11,40,0.0,0.0,0.0,0.5294,0.0,0.0,0.0,17.0,2.7222,0.0,0.0,0.97345424,Yerushalmi
TgO_Leviticus,11,41,0.0,0.0,0.0,0.8889,0.0,0.0,0.0,9.0,2.4,0.0,0.0,0.86330986,Yerushalmi
TgO_Leviticus,11,42,0.0,0.0,0.0,0.7273,0.0,0.0,0.0,22.0,2.6957,0.0,0.0,0.9874879,Yerushalmi
TgO_Leviticus,11,43,0.0,0.0,0.0,0.6923,0.0,0.0,0.0,13.0,2.3571,0.0,0.0,0.9247568,Yerushalmi
TgO_Leviticus,11,44,0.0,0.0,0.0,0.6842,0.0,0.0,0.0,19.0,2.65,0.0,0.0,0.98446053,Yerushalmi
TgO_Leviticus,11,45,0.0,0.0,0.0,0.6667,0.0,0.0,0.0,15.0,3.1875,0.0,0.0,0.95876056,Yerushalmi
TgO_Leviticus,11,46,0.0,0.0,0.0,0.7143,0.0,0.0,0.0,14.0,2.5333,0.0,0.0,0.95082396,Yerushalmi
TgO_Leviticus,11,47,0.0,0.0,0.0,0.6667,0.0,0.0,0.0,12.0,2.5385,0.0,0.0,0.889806,Yerushalmi
TgO_Leviticus,12,1,0.0,0.0,0.0,0.8,0.0,0.0,0.0,5.0,2.1667,0.0,0.0,0.5289073,Yerushalmi
TgO_Leviticus,12,2,0.0,0.0,0.0,0.8421,0.0,0.0,0.0,19.0,3.05,0.0,0.0,0.9856133,Yerushalmi
TgO_Leviticus,12,3,0.0,0.0,0.0,1.0,0.0,0.0,0.0,5.0,2.8333,0.0,0.0,0.8284717,Yerushalmi
TgO_Leviticus,12,4,0.0,0.0,0.0,0.6471,0.0,0.0,0.0,17.0,2.4444,0.0,0.0,0.9792185,Yerushalmi
TgO_Leviticus,12,5,0.0,0.0,0.0,0.7857,0.0,0.0,0.0,14.0,2.8,0.0,0.0,0.9583237,Yerushalmi
TgO_Leviticus,12,6,0.0,0.0,0.0,0.9,0.0,0.0,0.0,20.0,3.381,0.0,0.0,0.98481655,Yerushalmi
TgO_Leviticus,12,7,0.0,0.0,0.0,0.8571,0.0,0.0,0.0,14.0,2.5333,0.0,0.0,0.968719,Yerushalmi
TgO_Leviticus,12,8,0.0,0.0,0.0,0.75,0.0,0.0,0.0,20.0,2.8571,0.0,0.0,0.9850372,Yerushalmi
TgO_Leviticus,13,1,0.0,0.0,0.0,0.6667,0.0,0.0,0.0,6.0,2.4286,0.0,0.0,0.5062307,Yerushalmi
TgO_Leviticus,13,2,0.0,0.0,0.0,0.6667,0.0,0.0,0.0,24.0,2.88,0.0,0.0,0.97884154,Yerushalmi
TgO_Leviticus,13,3,0.0,0.0,0.0,0.5909,0.0,0.0,0.0,22.0,2.7391,0.0,0.0,0.98194903,Yerushalmi
TgO_Leviticus,13,4,0.0,0.0,0.0,0.8095,0.0,0.0,0.0,21.0,2.6364,0.0,0.0,0.99117386,Yerushalmi
TgO_Leviticus,13,5,0.0,0.0,0.0,0.8333,0.0,0.0,0.0,18.0,3.0,0.0,0.0,0.9842577,Yerushalmi
TgO_Leviticus,13,6,0.0,0.0,0.0,0.65,0.0,0.0,0.0,20.0,2.9048,0.0,0.0,0.9802152,Yerushalmi
TgO_Leviticus,13,7,0.0,0.0,0.0,0.75,0.0,0.0,0.0,12.0,2.8462,0.0,0.0,0.9131392,Yerushalmi
TgO_Leviticus,13,8,0.0,0.0,0.0,0.8,0.0,0.0,0.0,10.0,2.7273,0.0,0.0,0.8570557,Yerushalmi
TgO_Leviticus,13,9,0.0,0.0,0.0,1.0,0.0,0.0,0.0,8.0,2.8889,0.0,0.0,0.9211936,Yerushalmi
TgO_Leviticus,13,10,0.0,0.0,0.0,0.6429,0.0,0.0,0.0,14.0,2.3333,0.0,0.0,0.9450414,Yerushalmi
TgO_Leviticus,13,11,0.0,0.0,0.0,1.0,0.0,0.0,0.0,12.0,2.9231,0.0,0.0,0.9727253,Yerushalmi
TgO_Leviticus,13,12,0.0,0.0,0.0,0.7222,0.0,0.0,0.0,18.0,2.6842,0.0,0.0,0.9829826,Yerushalmi
TgO_Leviticus,13,13,0.0,0.0,0.0,0.75,0.0,0.0,0.0,16.0,2.5882,0.0,0.0,0.97629976,Yerushalmi
TgO_Leviticus,13,14,0.0,0.0,0.0,1.0,0.0,0.0,0.0,7.0,2.375,0.0,0.0,0.88718,Yerushalmi
TgO_Leviticus,13,15,0.0,0.0,0.0,0.8333,0.0,0.0,0.0,12.0,2.6923,0.0,0.0,0.9308034,Yerushalmi
TgO_Leviticus,13,16,0.0,0.0,0.0,0.9,0.0,0.0,0.0,10.0,2.3636,0.0,0.0,0.90208375,Yerushalmi
TgO_Leviticus,13,17,0.0,0.0,0.0,0.75,0.0,0.0,0.0,12.0,2.6923,0.0,0.0,0.90953076,Yerushalmi
TgO_Leviticus,13,18,0.0,0.0,0.0,0.7143,0.0,0.0,0.0,7.0,2.25,0.0,0.0,0.58821553,Yerushalmi
TgO_Leviticus,13,19,0.0,0.0,0.0,0.8182,0.0,0.0,0.0,11.0,2.5833,0.0,0.0,0.8965268,Yerushalmi
TgO_Leviticus,13,20,0.0,0.0,0.0,0.8235,0.0,0.0,0.0,17.0,2.8333,0.0,0.0,0.98304814,Yerushalmi
TgO_Leviticus,13,21,0.0,0.0,0.0,0.7222,0.0,0.0,0.0,18.0,2.5263,0.0,0.0,0.9851181,Yerushalmi
TgO_Leviticus,13,22,0.0,0.0,0.0,0.7778,0.0,0.0,0.0,9.0,2.4,0.0,0.0,0.7794367,Yerushalmi
TgO_Leviticus,13,23,0.0,0.0,0.0,1.0,0.0,0.0,0.0,11.0,2.75,0.0,0.0,0.9630434,Yerushalmi
TgO_Leviticus,13,24,0.0,0.0,0.0,0.8,0.0,0.0,0.0,15.0,2.6875,0.0,0.0,0.97133744,Yerushalmi
TgO_Leviticus,13,25,0.0,0.0,0.0,0.6818,0.0,0.0,0.0,22.0,2.8261,0.0,0.0,0.98314875,Yerushalmi
TgO_Leviticus,13,26,0.0,0.0,0.0,0.7778,0.0,0.0,0.0,18.0,2.6316,0.0,0.0,0.98611814,Yerushalmi
TgO_Leviticus,13,27,0.0,0.0,0.0,0.7857,0.0,0.0,0.0,14.0,2.8,0.0,0.0,0.9583237,Yerushalmi
TgO_Leviticus,13,28,0.0,0.0,0.0,0.7778,0.0,0.0,0.0,18.0,2.6842,0.0,0.0,0.9854535,Yerushalmi
TgO_Leviticus,13,29,0.0,0.0,0.0,0.7,0.0,0.0,0.0,10.0,2.3636,0.0,0.0,0.7921738,Yerushalmi
TgO_Leviticus,13,30,0.0,0.0,0.0,0.7391,0.0,0.0,0.0,23.0,2.8333,0.0,0.0,0.9849309,Yerushalmi
TgO_Leviticus,13,31,0.0,0.0,0.0,0.6522,0.0,0.0,0.0,23.0,2.75,0.0,0.0,0.98297346,Yerushalmi
TgO_Leviticus,13,32,0.0,0.0,0.0,0.7619,0.0,0.0,0.0,21.0,2.6818,0.0,0.0,0.98886544,Yerushalmi
TgO_Leviticus,13,33,0.0,0.0,0.0,0.7143,0.0,0.0,0.0,14.0,2.8667,0.0,0.0,0.95089024,Yerushalmi
TgO_Leviticus,13,34,0.0,0.0,0.0,0.6364,0.0,0.0,0.0,22.0,2.6087,0.0,0.0,0.9859212,Yerushalmi
TgO_Leviticus,13,35,0.0,0.0,0.0,0.8571,0.0,0.0,0.0,7.0,2.375,0.0,0.0,0.7393304,Yerushalmi
TgO_Leviticus,13,36,0.0,0.0,0.0,0.9231,0.0,0.0,0.0,13.0,2.7143,0.0,0.0,0.96750855,Yerushalmi
TgO_Leviticus,13,37,0.0,0.0,0.0,0.8,0.0,0.0,0.0,15.0,2.6875,0.0,0.0,0.97133744,Yerushalmi
TgO_Leviticus,13,38,0.0,0.0,0.0,0.9,0.0,0.0,0.0,10.0,2.7273,0.0,0.0,0.90861034,Yerushalmi
TgO_Leviticus,13,39,0.0,0.0,0.0,0.7857,0.0,0.0,0.0,14.0,2.6,0.0,0.0,0.9588571,Yerushalmi
TgO_Leviticus,13,40,0.0,0.0,0.0,0.8889,0.0,0.0,0.0,9.0,2.6,0.0,0.0,0.8691275,Yerushalmi
TgO_Leviticus,13,41,0.0,0.0,0.0,0.9,0.0,0.0,0.0,10.0,3.0,0.0,0.0,0.9147757,Yerushalmi
TgO_Leviticus,13,42,0.0,0.0,0.0,0.7143,0.0,0.0,0.0,14.0,2.6,0.0,0.0,0.95072126,Yerushalmi
TgO_Leviticus,13,43,0.0,0.0,0.0,0.8667,0.0,0.0,0.0,15.0,2.6875,0.0,0.0,0.97774965,Yerushalmi
TgO_Leviticus,13,44,0.0,0.0,0.0,0.8,0.0,0.0,0.0,10.0,2.9091,0.0,0.0,0.865382,Yerushalmi
TgO_Leviticus,13,45,0.0,0.0,0.0,0.6667,0.0,0.0,0.0,18.0,2.5789,0.0,0.0,0.9823493,Yerushalmi
TgO_Leviticus,13,46,0.0,0.0,0.0,0.8462,0.0,0.0,0.0,13.0,4.1429,0.0,0.0,0.94442904,Yerushalmi
TgO_Leviticus,13,47,0.0,0.0,0.0,0.8182,0.0,0.0,0.0,11.0,2.5833,0.0,0.0,0.8965268,Yerushalmi
TgO_Leviticus,13,48,0.0,0.0,0.0,0.5,0.0,0.0,0.0,12.0,2.2308,0.0,0.0,0.87001455,Yerushalmi
TgO_Leviticus,13,49,0.0,0.0,0.0,0.5238,0.0,0.0,0.0,21.0,2.5909,0.0,0.0,0.983686,Yerushalmi
TgO_Leviticus,13,50,0.0,0.0,0.0,0.6667,0.0,0.0,0.0,9.0,2.5,0.0,0.0,0.7250514,Yerushalmi
TgO_Leviticus,13,51,0.0,0.0,0.0,0.6667,0.0,0.0,0.0,24.0,2.84,0.0,0.0,0.97999954,Yerushalmi
TgO_Leviticus,13,52,0.0,0.0,0.0,0.6538,0.0,0.0,0.0,26.0,2.5185,0.0,0.0,0.9845117,Yerushalmi
TgO_Leviticus,13,53,0.0,0.0,0.0,0.625,0.0,0.0,0.0,16.0,2.2941,0.0,0.0,0.9732222,Yerushalmi
TgO_Leviticus,13,54,0.0,0.0,0.0,0.8182,0.0,0.0,0.0,11.0,2.75,0.0,0.0,0.9006388,Yerushalmi
TgO_Leviticus,13,55,0.0,0.0,0.0,0.76,0.0,0.0,0.0,25.0,2.5769,0.0,0.0,0.9891252,Yerushalmi
TgO_Leviticus,13,56,0.0,0.0,0.0,0.6364,0.0,0.0,0.0,22.0,2.4348,0.0,0.0,0.9888208,Yerushalmi
TgO_Leviticus,13,57,0.0,0.0,0.0,0.6316,0.0,0.0,0.0,19.0,2.35,0.0,0.0,0.9870724,Yerushalmi
TgO_Leviticus,13,58,0.0,0.0,0.0,0.6875,0.0,0.0,0.0,16.0,2.5294,0.0,0.0,0.9733499,Yerushalmi
TgO_Leviticus,13,59,0.0,0.0,0.0,0.7895,0.0,0.0,0.0,19.0,2.8,0.0,0.0,0.986478,Yerushalmi
TgO_Leviticus,14,1,0.0,0.0,0.0,0.8,0.0,0.0,0.0,5.0,2.5,0.0,0.0,0.55580723,Yerushalmi
TgO_Leviticus,14,2,0.0,0.0,0.0,1.0,0.0,0.0,0.0,9.0,2.7,0.0,0.0,0.93647635,Yerushalmi
TgO_Leviticus,14,3,0.0,0.0,0.0,0.75,0.0,0.0,0.0,12.0,3.2308,0.0,0.0,0.9214793,Yerushalmi
TgO_Leviticus,14,4,0.0,0.0,0.0,0.6923,0.0,0.0,0.0,13.0,2.7857,0.0,0.0,0.9294282,Yerushalmi
TgO_Leviticus,14,5,0.0,0.0,0.0,0.9091,0.0,0.0,0.0,11.0,2.5,0.0,0.0,0.93215793,Yerushalmi
TgO_Leviticus,14,6,0.0,0.0,0.0,0.625,0.0,0.0,0.0,24.0,2.6,0.0,0.0,0.9843459,Yerushalmi
TgO_Leviticus,14,7,0.0,0.0,0.0,0.8571,0.0,0.0,0.0,14.0,2.7333,0.0,0.0,0.9678134,Yerushalmi
TgO_Leviticus,14,8,0.0,0.0,0.0,0.7,0.0,0.0,0.0,20.0,2.7619,0.0,0.0,0.9846361,Yerushalmi
TgO_Leviticus,14,9,0.0,0.0,0.0,0.5,0.0,0.0,0.0,26.0,2.4815,0.0,0.0,0.98004365,Yerushalmi
TgO_Leviticus,14,10,0.0,0.0,0.0,0.7,0.0,0.0,0.0,20.0,2.9524,0.0,0.0,0.98115027,Yerushalmi
TgO_Leviticus,14,11,0.0,0.0,0.0,0.8333,0.0,0.0,0.0,12.0,2.5385,0.0,0.0,0.92928636,Yerushalmi
TgO_Leviticus,14,12,0.0,0.0,0.0,0.6875,0.0,0.0,0.0,16.0,2.3529,0.0,0.0,0.97540724,Yerushalmi
TgO_Leviticus,14,13,0.0,0.0,0.0,0.7368,0.0,0.0,0.0,19.0,2.7,0.0,0.0,0.9856656,Yerushalmi
TgO_Leviticus,14,14,0.0,0.0,0.0,0.6316,0.0,0.0,0.0,19.0,2.85,0.0,0.0,0.97952163,Yerushalmi
TgO_Leviticus,14,15,0.0,0.0,0.0,0.7778,0.0,0.0,0.0,9.0,2.3,0.0,0.0,0.7749181,Yerushalmi
TgO_Leviticus,14,16,0.0,0.0,0.0,0.8333,0.0,0.0,0.0,18.0,2.5789,0.0,0.0,0.9891828,Yerushalmi
TgO_Leviticus,14,17,0.0,0.0,0.0,0.6364,0.0,0.0,0.0,22.0,2.7826,0.0,0.0,0.9823928,Yerushalmi
TgO_Leviticus,14,18,0.0,0.0,0.0,0.7143,0.0,0.0,0.0,14.0,2.3333,0.0,0.0,0.951648,Yerushalmi
TgO_Leviticus,14,19,0.0,0.0,0.0,0.7692,0.0,0.0,0.0,13.0,2.2857,0.0,0.0,0.93804306,Yerushalmi
TgO_Leviticus,14,20,0.0,0.0,0.0,0.6364,0.0,0.0,0.0,11.0,2.4167,0.0,0.0,0.8335055,Yerushalmi
TgO_Leviticus,14,21,0.0,0.0,0.0,0.7619,0.0,0.0,0.0,21.0,2.5455,0.0,0.0,0.9907108,Yerushalmi
TgO_Leviticus,14,22,0.0,0.0,0.0,0.8333,0.0,0.0,0.0,12.0,2.9231,0.0,0.0,0.933834,Yerushalmi
TgO_Leviticus,14,23,0.0,0.0,0.0,1.0,0.0,0.0,0.0,12.0,2.8462,0.0,0.0,0.9725026,Yerushalmi
TgO_Leviticus,14,24,0.0,0.0,0.0,0.7143,0.0,0.0,0.0,14.0,2.4667,0.0,0.0,0.95100784,Yerushalmi
TgO_Leviticus,14,25,0.0,0.0,0.0,0.6364,0.0,0.0,0.0,22.0,2.7826,0.0,0.0,0.9823928,Yerushalmi
TgO_Leviticus,14,26,0.0,0.0,0.0,0.875,0.0,0.0,0.0,8.0,2.4444,0.0,0.0,0.8123636,Yerushalmi
TgO_Leviticus,14,27,0.0,0.0,0.0,1.0,0.0,0.0,0.0,13.0,2.5714,0.0,0.0,0.9795857,Yerushalmi
TgO_Leviticus,14,28,0.0,0.0,0.0,0.6522,0.0,0.0,0.0,23.0,2.75,0.0,0.0,0.98297346,Yerushalmi
TgO_Leviticus,14,29,0.0,0.0,0.0,0.8571,0.0,0.0,0.0,14.0,2.4,0.0,0.0,0.9695671,Yerushalmi
TgO_Leviticus,14,30,0.0,0.0,0.0,0.8,0.0,0.0,0.0,10.0,2.5455,0.0,0.0,0.8493569,Yerushalmi
TgO_Leviticus,14,31,0.0,0.0,0.0,0.7647,0.0,0.0,0.0,17.0,2.4444,0.0,0.0,0.98434484,Yerushalmi
TgO_Leviticus,14,32,0.0,0.0,0.0,0.8889,0.0,0.0,0.0,9.0,2.7,0.0,0.0,0.8725188,Yerushalmi
TgO_Leviticus,14,33,0.0,0.0,0.0,0.6667,0.0,0.0,0.0,6.0,2.4286,0.0,0.0,0.5062307,Yerushalmi
TgO_Leviticus,14,34,0.0,0.0,0.0,0.7143,0.0,0.0,0.0,14.0,3.6667,0.0,0.0,0.94777477,Yerushalmi
TgO_Leviticus,14,35,0.0,0.0,0.0,0.8,0.0,0.0,0.0,10.0,2.3636,0.0,0.0,0.843367,Yerushalmi
TgO_Leviticus,14,36,0.0,0.0,0.0,0.5217,0.0,0.0,0.0,23.0,2.5,0.0,0.0,0.9847225,Yerushalmi
TgO_Leviticus,14,37,0.0,0.0,0.0,0.7333,0.0,0.0,0.0,15.0,2.875,0.0,0.0,0.96429396,Yerushalmi
TgO_Leviticus,14,38,0.0,0.0,0.0,0.7273,0.0,0.0,0.0,11.0,2.1667,0.0,0.0,0.85253036,Yerushalmi
TgO_Leviticus,14,39,0.0,0.0,0.0,0.7,0.0,0.0,0.0,10.0,2.4545,0.0,0.0,0.79707956,Yerushalmi
TgO_Leviticus,14,40,0.0,0.0,0.0,0.7692,0.0,0.0,0.0,13.0,2.9286,0.0,0.0,0.94080895,Yerushalmi
TgO_Leviticus,14,41,0.0,0.0,0.0,0.8462,0.0,0.0,0.0,13.0,3.5,0.0,0.0,0.9545682,Yerushalmi
TgO_Leviticus,14,42,0.0,0.0,0.0,0.5833,0.0,0.0,0.0,12.0,2.5385,0.0,0.0,0.88237476,Yerushalmi
TgO_Leviticus,14,43,0.0,0.0,0.0,0.7333,0.0,0.0,0.0,15.0,2.375,0.0,0.0,0.96830124,Yerushalmi
TgO_Leviticus,14,44,0.0,0.0,0.0,0.7692,0.0,0.0,0.0,13.0,2.7143,0.0,0.0,0.93902683,Yerushalmi
TgO_Leviticus,14,45,0.0,0.0,0.0,0.6875,0.0,0.0,0.0,16.0,2.6471,0.0,0.0,0.9720431,Yerushalmi
TgO_Leviticus,14,46,0.0,0.0,0.0,0.9,0.0,0.0,0.0,10.0,3.0,0.0,0.0,0.9147757,Yerushalmi
TgO_Leviticus,14,47,0.0,0.0,0.0,0.5,0.0,0.0,0.0,10.0,2.3636,0.0,0.0,0.7608011,Yerushalmi
TgO_Leviticus,14,48,0.0,0.0,0.0,0.65,0.0,0.0,0.0,20.0,2.5238,0.0,0.0,0.9868051,Yerushalmi
TgO_Leviticus,14,49,0.0,0.0,0.0,0.7273,0.0,0.0,0.0,11.0,2.5,0.0,0.0,0.86028135,Yerushalmi
TgO_Leviticus,14,50,0.0,0.0,0.0,1.0,0.0,0.0,0.0,9.0,2.5,0.0,0.0,0.933833,Yerushalmi
TgO_Leviticus,14,51,0.0,0.0,0.0,0.6522,0.0,0.0,0.0,23.0,2.625,0.0,0.0,0.9856822,Yerushalmi
TgO_Leviticus,14,52,0.0,0.0,0.0,0.6429,0.0,0.0,0.0,14.0,2.3333,0.0,0.0,0.9450414,Yerushalmi
TgO_Leviticus,14,53,0.0,0.0,0.0,0.8333,0.0,0.0,0.0,12.0,2.9231,0.0,0.0,0.933834,Yerushalmi
TgO_Leviticus,14,54,0.0,0.0,0.0,1.0,0.0,0.0,0.0,6.0,2.8571,0.0,0.0,0.8675133,Yerushalmi
TgO_Leviticus,14,55,0.0,0.0,0.0,0.5,0.0,0.0,0.0,3.0,2.75,0.0,0.0,0.41929463,Bavli
TgO_Leviticus,14,56,0.0,0.0,0.0,0.5,0.0,0.0,0.0,3.0,1.5,0.0,0.0,0.3017109,Bavli
TgO_Leviticus,14,57,0.0,0.0,0.0,1.0,0.0,0.0,0.0,8.0,2.8889,0.0,0.0,0.9211936,Yerushalmi
TgO_Leviticus,15,1,0.0,0.0,0.0,0.6667,0.0,0.0,0.0,6.0,2.1429,0.0,0.0,0.47832653,Bavli
TgO_Leviticus,15,2,0.0,0.0,0.0,0.7333,0.0,0.0,0.0,15.0,2.9375,0.0,0.0,0.9638957,Yerushalmi
TgO_Leviticus,15,3,0.0,0.0,0.0,0.8571,0.0,0.0,0.0,14.0,2.7333,0.0,0.0,0.9678134,Yerushalmi
TgO_Leviticus,15,4,0.0,0.0,0.0,0.7692,0.0,0.0,0.0,13.0,2.7857,0.0,0.0,0.9395822,Yerushalmi
TgO_Leviticus,15,5,0.0,0.0,0.0,0.7273,0.0,0.0,0.0,11.0,2.4167,0.0,0.0,0.8575214,Yerushalmi
TgO_Leviticus,15,6,0.0,0.0,0.0,0.7857,0.0,0.0,0.0,14.0,2.5333,0.0,0.0,0.9591458,Yerushalmi
TgO_Leviticus,15,7,0.0,0.0,0.0,0.7273,0.0,0.0,0.0,11.0,2.5,0.0,0.0,0.86028135,Yerushalmi
TgO_Leviticus,15,8,0.0,0.0,0.0,0.6667,0.0,0.0,0.0,12.0,2.5385,0.0,0.0,0.889806,Yerushalmi
TgO_Leviticus,15,9,0.0,0.0,0.0,1.0,0.0,0.0,0.0,7.0,2.875,0.0,0.0,0.8978971,Yerushalmi
TgO_Leviticus,15,10,0.0,0.0,0.0,0.5789,0.0,0.0,0.0,19.0,2.6,0.0,0.0,0.98233676,Yerushalmi
TgO_Leviticus,15,11,0.0,0.0,0.0,0.625,0.0,0.0,0.0,16.0,2.4118,0.0,0.0,0.9718892,Yerushalmi
TgO_Leviticus,15,12,0.0,0.0,0.0,0.8182,0.0,0.0,0.0,11.0,2.4167,0.0,0.0,0.89344126,Yerushalmi
TgO_Leviticus,15,13,0.0,0.0,0.0,0.6875,0.0,0.0,0.0,16.0,2.6471,0.0,0.0,0.9720431,Yerushalmi
TgO_Leviticus,15,14,0.0,0.0,0.0,0.7647,0.0,0.0,0.0,17.0,3.3333,0.0,0.0,0.9725206,Yerushalmi
TgO_Leviticus,15,15,0.0,0.0,0.0,0.7692,0.0,0.0,0.0,13.0,2.3571,0.0,0.0,0.93783504,Yerushalmi
TgO_Leviticus,15,16,0.0,0.0,0.0,0.8667,0.0,0.0,0.0,15.0,2.4375,0.0,0.0,0.97970796,Yerushalmi
TgO_Leviticus,15,17,0.0,0.0,0.0,0.7857,0.0,0.0,0.0,14.0,2.5333,0.0,0.0,0.9591458,Yerushalmi
TgO_Leviticus,15,18,0.0,0.0,0.0,0.8333,0.0,0.0,0.0,12.0,2.4615,0.0,0.0,0.9287864,Yerushalmi
TgO_Leviticus,15,19,0.0,0.0,0.0,0.6316,0.0,0.0,0.0,19.0,2.55,0.0,0.0,0.98433566,Yerushalmi
TgO_Leviticus,15,20,0.0,0.0,0.0,0.6364,0.0,0.0,0.0,11.0,2.5,0.0,0.0,0.8379304,Yerushalmi
TgO_Leviticus,15,21,0.0,0.0,0.0,0.7273,0.0,0.0,0.0,11.0,2.4167,0.0,0.0,0.8575214,Yerushalmi
TgO_Leviticus,15,22,0.0,0.0,0.0,0.7857,0.0,0.0,0.0,14.0,2.4667,0.0,0.0,0.95950115,Yerushalmi
TgO_Leviticus,15,23,0.0,0.0,0.0,0.8125,0.0,0.0,0.0,16.0,2.4706,0.0,0.0,0.9817396,Yerushalmi
TgO_Leviticus,15,24,0.0,0.0,0.0,0.6111,0.0,0.0,0.0,18.0,2.7895,0.0,0.0,0.9776402,Yerushalmi
TgO_Leviticus,15,25,0.0,0.0,0.0,0.7083,0.0,0.0,0.0,24.0,3.2,0.0,0.0,0.9708107,Yerushalmi
TgO_Leviticus,15,26,0.0,0.0,0.0,0.6842,0.0,0.0,0.0,19.0,3.1,0.0,0.0,0.9766503,Yerushalmi
TgO_Leviticus,15,27,0.0,0.0,0.0,0.6154,0.0,0.0,0.0,13.0,2.5,0.0,0.0,0.9184851,Yerushalmi
TgO_Leviticus,15,28,0.0,0.0,0.0,0.6,0.0,0.0,0.0,10.0,2.2727,0.0,0.0,0.75705874,Yerushalmi
TgO_Leviticus,15,29,0.0,0.0,0.0,0.8125,0.0,0.0,0.0,16.0,3.2353,0.0,0.0,0.9737852,Yerushalmi
TgO_Leviticus,15,30,0.0,0.0,0.0,0.7333,0.0,0.0,0.0,15.0,2.5,0.0,0.0,0.9671028,Yerushalmi
TgO_Leviticus,15,31,0.0,0.0,0.0,0.75,0.0,0.0,0.0,12.0,2.6154,0.0,0.0,0.907887,Yerushalmi
TgO_Leviticus,15,32,0.0,0.0,0.0,1.0,0.0,0.0,0.0,9.0,2.7,0.0,0.0,0.93647635,Yerushalmi
TgO_Leviticus,15,33,0.0,0.0,0.0,0.8182,0.0,0.0,0.0,11.0,2.4167,0.0,0.0,0.89344126,Yerushalmi
TgO_Leviticus,16,1,0.0,0.0,0.0,0.7333,0.0,0.0,0.0,15.0,3.0625,0.0,0.0,0.96308875,Yerushalmi
TgO_Leviticus,16,2,0.0,0.0,0.0,0.7857,0.0,0.0,0.0,28.0,3.2414,0.0,0.0,0.9619364,Yerushalmi
TgO_Leviticus,16,3,0.0,0.0,0.0,0.8182,0.0,0.0,0.0,11.0,2.6667,0.0,0.0,0.89849174,Yerushalmi
TgO_Leviticus,16,4,0.0,0.0,0.0,0.5833,0.0,0.0,0.0,24.0,2.72,0.0,0.0,0.97984,Yerushalmi
TgO_Leviticus,16,5,0.0,0.0,0.0,0.8333,0.0,0.0,0.0,12.0,2.9231,0.0,0.0,0.933834,Yerushalmi
TgO_Leviticus,16,6,0.0,0.0,0.0,0.7273,0.0,0.0,0.0,11.0,2.5,0.0,0.0,0.86028135,Yerushalmi
TgO_Leviticus,16,7,0.0,0.0,0.0,0.8182,0.0,0.0,0.0,11.0,2.5833,0.0,0.0,0.8965268,Yerushalmi
TgO_Leviticus,16,8,0.0,0.0,0.0,0.6,0.0,0.0,0.0,15.0,3.125,0.0,0.0,0.95787144,Yerushalmi
TgO_Leviticus,16,9,0.0,0.0,0.0,0.8462,0.0,0.0,0.0,13.0,2.7143,0.0,0.0,0.9530798,Yerushalmi
TgO_Leviticus,16,10,0.0,0.0,0.0,0.8125,0.0,0.0,0.0,16.0,3.3529,0.0,0.0,0.97238,Yerushalmi
TgO_Leviticus,16,11,0.0,0.0,0.0,0.5,0.0,0.0,0.0,16.0,2.6471,0.0,0.0,0.96798724,Yerushalmi
TgO_Leviticus,16,12,0.0,0.0,0.0,0.8824,0.0,0.0,0.0,17.0,3.6111,0.0,0.0,0.977724,Yerushalmi
TgO_Leviticus,16,13,0.0,0.0,0.0,0.7059,0.0,0.0,0.0,17.0,2.8333,0.0,0.0,0.97651327,Yerushalmi
TgO_Leviticus,16,14,0.0,0.0,0.0,0.6875,0.0,0.0,0.0,16.0,2.8235,0.0,0.0,0.9701749,Yerushalmi
TgO_Leviticus,16,15,0.0,0.0,0.0,0.5652,0.0,0.0,0.0,23.0,2.7917,0.0,0.0,0.9789362,Yerushalmi
TgO_Leviticus,16,16,0.0,0.0,0.0,0.8235,0.0,0.0,0.0,17.0,2.7222,0.0,0.0,0.9843034,Yerushalmi
TgO_Leviticus,16,17,0.0,0.0,0.0,0.65,0.0,0.0,0.0,20.0,2.6667,0.0,0.0,0.9845666,Yerushalmi
TgO_Leviticus,16,18,0.0,0.0,0.0,0.625,0.0,0.0,0.0,16.0,2.8824,0.0,0.0,0.9673255,Yerushalmi
TgO_Leviticus,16,19,0.0,0.0,0.0,0.8333,0.0,0.0,0.0,12.0,2.4615,0.0,0.0,0.9287864,Yerushalmi
TgO_Leviticus,16,20,0.0,0.0,0.0,0.7692,0.0,0.0,0.0,13.0,2.5,0.0,0.0,0.9379091,Yerushalmi
TgO_Leviticus,16,21,0.0,0.0,0.0,0.5625,0.0,0.0,0.0,32.0,2.6061,0.0,0.0,0.9478675,Yerushalmi
TgO_Leviticus,16,22,0.0,0.0,0.0,0.7692,0.0,0.0,0.0,13.0,2.3571,0.0,0.0,0.93783504,Yerushalmi
TgO_Leviticus,16,23,0.0,0.0,0.0,0.7692,0.0,0.0,0.0,13.0,2.7143,0.0,0.0,0.93902683,Yerushalmi
TgO_Leviticus,16,24,0.0,0.0,0.0,0.5,0.0,0.0,0.0,20.0,2.2381,0.0,0.0,0.9877313,Yerushalmi
TgO_Leviticus,16,25,0.0,0.0,0.0,1.0,0.0,0.0,0.0,5.0,2.6667,0.0,0.0,0.82465345,Yerushalmi
TgO_Leviticus,16,26,0.0,0.0,0.0,0.7143,0.0,0.0,0.0,14.0,3.0,0.0,0.0,0.95110416,Yerushalmi
TgO_Leviticus,16,27,0.0,0.0,0.0,0.7143,0.0,0.0,0.0,21.0,2.9091,0.0,0.0,0.98297644,Yerushalmi
TgO_Leviticus,16,28,0.0,0.0,0.0,0.75,0.0,0.0,0.0,12.0,2.3846,0.0,0.0,0.9042308,Yerushalmi
TgO_Leviticus,16,29,0.0,0.0,0.0,0.7895,0.0,0.0,0.0,19.0,2.9,0.0,0.0,0.9850415,Yerushalmi
TgO_Leviticus,16,30,0.0,0.0,0.0,0.9167,0.0,0.0,0.0,12.0,2.4615,0.0,0.0,0.95279753,Yerushalmi
TgO_Leviticus,16,31,0.0,0.0,0.0,0.7778,0.0,0.0,0.0,9.0,2.9,0.0,0.0,0.81176597,Yerushalmi
TgO_Leviticus,16,32,0.0,0.0,0.0,0.6875,0.0,0.0,0.0,16.0,2.7647,0.0,0.0,0.97078806,Yerushalmi
TgO_Leviticus,16,33,0.0,0.0,0.0,0.7059,0.0,0.0,0.0,17.0,2.6111,0.0,0.0,0.97944665,Yerushalmi
TgO_Leviticus,16,34,0.0,0.0,0.0,0.7895,0.0,0.0,0.0,19.0,2.95,0.0,0.0,0.9842869,Yerushalmi
TgO_Leviticus,17,1,0.0,0.0,0.0,0.8,0.0,0.0,0.0,5.0,2.1667,0.0,0.0,0.5289073,Yerushalmi
TgO_Leviticus,17,2,0.0,0.0,0.0,0.625,0.0,0.0,0.0,16.0,2.8235,0.0,0.0,0.96784574,Yerushalmi
TgO_Leviticus,17,3,0.0,0.0,0.0,0.6667,0.0,0.0,0.0,15.0,3.0,0.0,0.0,0.95976186,Yerushalmi
TgO_Leviticus,17,4,0.0,0.0,0.0,0.7391,0.0,0.0,0.0,23.0,2.9583,0.0,0.0,0.98207915,Yerushalmi
TgO_Leviticus,17,5,0.0,0.0,0.0,0.7917,0.0,0.0,0.0,24.0,3.12,0.0,0.0,0.9798785,Yerushalmi
TgO_Leviticus,17,6,0.0,0.0,0.0,0.8125,0.0,0.0,0.0,16.0,2.5294,0.0,0.0,0.981125,Yerushalmi
TgO_Leviticus,17,7,0.0,0.0,0.0,0.8667,0.0,0.0,0.0,15.0,2.75,0.0,0.0,0.9773049,Yerushalmi
TgO_Leviticus,17,8,0.0,0.0,0.0,0.8,0.0,0.0,0.0,15.0,2.875,0.0,0.0,0.96993405,Yerushalmi
TgO_Leviticus,17,9,0.0,0.0,0.0,0.9231,0.0,0.0,0.0,13.0,2.5714,0.0,0.0,0.96760696,Yerushalmi
TgO_Leviticus,17,10,0.0,0.0,0.0,0.6667,0.0,0.0,0.0,21.0,2.5909,0.0,0.0,0.9870264,Yerushalmi
TgO_Leviticus,17,11,0.0,0.0,0.0,0.6316,0.0,0.0,0.0,19.0,2.75,0.0,0.0,0.9812198,Yerushalmi
TgO_Leviticus,17,12,0.0,0.0,0.0,0.7059,0.0,0.0,0.0,17.0,2.8333,0.0,0.0,0.97651327,Yerushalmi
TgO_Leviticus,17,13,0.0,0.0,0.0,0.8421,0.0,0.0,0.0,19.0,2.6,0.0,0.0,0.99105513,Yerushalmi
TgO_Leviticus,17,14,0.0,0.0,0.0,0.5417,0.0,0.0,0.0,24.0,2.56,0.0,0.0,0.9827622,Yerushalmi
TgO_Leviticus,17,15,0.0,0.0,0.0,0.5625,0.0,0.0,0.0,16.0,2.4706,0.0,0.0,0.9695565,Yerushalmi
TgO_Leviticus,17,16,0.0,0.0,0.0,0.625,0.0,0.0,0.0,8.0,2.1111,0.0,0.0,0.6047491,Yerushalmi
TgO_Leviticus,18,1,0.0,0.0,0.0,0.8,0.0,0.0,0.0,5.0,2.1667,0.0,0.0,0.5289073,Yerushalmi
TgO_Leviticus,18,2,0.0,0.0,0.0,0.7778,0.0,0.0,0.0,9.0,2.9,0.0,0.0,0.81176597,Yerushalmi
TgO_Leviticus,18,3,0.0,0.0,0.0,0.619,0.0,0.0,0.0,21.0,2.7727,0.0,0.0,0.9822781,Yerushalmi
TgO_Leviticus,18,4,0.0,0.0,0.0,1.0,0.0,0.0,0.0,11.0,2.5,0.0,0.0,0.96183795,Yerushalmi
TgO_Leviticus,18,5,0.0,0.0,0.0,0.8,0.0,0.0,0.0,15.0,2.375,0.0,0.0,0.9741438,Yerushalmi
TgO_Leviticus,18,6,0.0,0.0,0.0,0.9091,0.0,0.0,0.0,11.0,2.75,0.0,0.0,0.93486756,Yerushalmi
TgO_Leviticus,18,7,0.0,0.0,0.0,0.6364,0.0,0.0,0.0,11.0,2.4167,0.0,0.0,0.8335055,Yerushalmi
TgO_Leviticus,18,8,0.0,0.0,0.0,0.75,0.0,0.0,0.0,8.0,2.6667,0.0,0.0,0.720481,Yerushalmi
TgO_Leviticus,18,9,0.0,0.0,0.0,0.6818,0.0,0.0,0.0,22.0,3.2609,0.0,0.0,0.9715575,Yerushalmi
TgO_Leviticus,18,10,0.0,0.0,0.0,0.6667,0.0,0.0,0.0,12.0,3.9231,0.0,0.0,0.9149074,Yerushalmi
TgO_Leviticus,18,11,0.0,0.0,0.0,0.8333,0.0,0.0,0.0,12.0,2.6923,0.0,0.0,0.9308034,Yerushalmi
TgO_Leviticus,18,12,0.0,0.0,0.0,0.875,0.0,0.0,0.0,8.0,2.5556,0.0,0.0,0.81735134,Yerushalmi
TgO_Leviticus,18,13,0.0,0.0,0.0,0.8889,0.0,0.0,0.0,9.0,2.6,0.0,0.0,0.8691275,Yerushalmi
TgO_Leviticus,18,14,0.0,0.0,0.0,0.7,0.0,0.0,0.0,10.0,2.8182,0.0,0.0,0.8220039,Yerushalmi
TgO_Leviticus,18,15,0.0,0.0,0.0,0.7,0.0,0.0,0.0,10.0,2.7273,0.0,0.0,0.81535673,Yerushalmi
TgO_Leviticus,18,16,0.0,0.0,0.0,0.75,0.0,0.0,0.0,8.0,2.6667,0.0,0.0,0.720481,Yerushalmi
TgO_Leviticus,18,17,0.0,0.0,0.0,0.75,0.0,0.0,0.0,20.0,3.5714,0.0,0.0,0.96932393,Yerushalmi
TgO_Leviticus,18,18,0.0,0.0,0.0,0.9091,0.0,0.0,0.0,11.0,2.4167,0.0,0.0,0.93160504,Yerushalmi
TgO_Leviticus,18,19,0.0,0.0,0.0,1.0,0.0,0.0,0.0,7.0,2.625,0.0,0.0,0.89271754,Yerushalmi
TgO_Leviticus,18,20,0.0,0.0,0.0,1.0,0.0,0.0,0.0,8.0,2.4444,0.0,0.0,0.91344357,Yerushalmi
TgO_Leviticus,18,21,0.0,0.0,0.0,0.8333,0.0,0.0,0.0,12.0,2.7692,0.0,0.0,0.9317518,Yerushalmi
TgO_Leviticus,18,22,0.0,0.0,0.0,1.0,0.0,0.0,0.0,8.0,3.0,0.0,0.0,0.9227511,Yerushalmi
TgO_Leviticus,18,23,0.0,0.0,0.0,0.75,0.0,0.0,0.0,16.0,2.6471,0.0,0.0,0.97564054,Yerushalmi
TgO_Leviticus,18,24,0.0,0.0,0.0,0.8182,0.0,0.0,0.0,11.0,2.8333,0.0,0.0,0.90289456,Yerushalmi
TgO_Leviticus,18,25,0.0,0.0,0.0,0.7778,0.0,0.0,0.0,9.0,2.4,0.0,0.0,0.7794367,Yerushalmi
TgO_Leviticus,18,26,0.0,0.0,0.0,0.8,0.0,0.0,0.0,15.0,2.8125,0.0,0.0,0.9703849,Yerushalmi
TgO_Leviticus,18,27,0.0,0.0,0.0,0.9091,0.0,0.0,0.0,11.0,2.75,0.0,0.0,0.93486756,Yerushalmi
TgO_Leviticus,18,28,0.0,0.0,0.0,0.7273,0.0,0.0,0.0,11.0,2.6667,0.0,0.0,0.8669412,Yerushalmi
TgO_Leviticus,18,29,0.0,0.0,0.0,0.9091,0.0,0.0,0.0,11.0,2.8333,0.0,0.0,0.9359795,Yerushalmi
TgO_Leviticus,18,30,0.0,0.0,0.0,0.8824,0.0,0.0,0.0,17.0,2.7778,0.0,0.0,0.98716956,Yerushalmi
TgO_Leviticus,19,1,0.0,0.0,0.0,0.8,0.0,0.0,0.0,5.0,2.1667,0.0,0.0,0.5289073,Yerushalmi
TgO_Leviticus,19,2,0.0,0.0,0.0,0.8,0.0,0.0,0.0,15.0,3.125,0.0,0.0,0.96815705,Yerushalmi
TgO_Leviticus,19,3,0.0,0.0,0.0,0.9333,0.0,0.0,0.0,15.0,2.5625,0.0,0.0,0.9846204,Yerushalmi
TgO_Leviticus,19,4,0.0,0.0,0.0,0.8333,0.0,0.0,0.0,12.0,2.8462,0.0,0.0,0.9327764,Yerushalmi
TgO_Leviticus,19,5,0.0,0.0,0.0,0.7778,0.0,0.0,0.0,9.0,3.2,0.0,0.0,0.83091044,Yerushalmi
TgO_Leviticus,19,6,0.0,0.0,0.0,0.7692,0.0,0.0,0.0,13.0,2.5,0.0,0.0,0.9379091,Yerushalmi
TgO_Leviticus,19,7,0.0,0.0,0.0,0.9,0.0,0.0,0.0,10.0,2.8182,0.0,0.0,0.91067976,Yerushalmi
TgO_Leviticus,19,8,0.0,0.0,0.0,1.0,0.0,0.0,0.0,12.0,2.6923,0.0,0.0,0.9721075,Yerushalmi
TgO_Leviticus,19,9,0.0,0.0,0.0,0.6923,0.0,0.0,0.0,13.0,2.5,0.0,0.0,0.9257467,Yerushalmi
TgO_Leviticus,19,10,0.0,0.0,0.0,0.7857,0.0,0.0,0.0,14.0,2.4,0.0,0.0,0.9599286,Yerushalmi
TgO_Leviticus,19,11,0.0,0.0,0.0,0.875,0.0,0.0,0.0,8.0,2.2222,0.0,0.0,0.80484766,Yerushalmi
TgO_Leviticus,19,12,0.0,0.0,0.0,0.9,0.0,0.0,0.0,10.0,2.2727,0.0,0.0,0.90127015,Yerushalmi
TgO_Leviticus,19,13,0.0,0.0,0.0,0.9231,0.0,0.0,0.0,13.0,2.5,0.0,0.0,0.9677508,Yerushalmi
TgO_Leviticus,19,14,0.0,0.0,0.0,0.7143,0.0,0.0,0.0,14.0,2.4,0.0,0.0,0.95128095,Yerushalmi
TgO_Leviticus,19,15,0.0,0.0,0.0,0.8667,0.0,0.0,0.0,15.0,2.8125,0.0,0.0,0.97687566,Yerushalmi
TgO_Leviticus,19,16,0.0,0.0,0.0,0.9091,0.0,0.0,0.0,11.0,2.5,0.0,0.0,0.93215793,Yerushalmi
TgO_Leviticus,19,17,0.0,0.0,0.0,0.8571,0.0,0.0,0.0,14.0,2.4667,0.0,0.0,0.9691166,Yerushalmi
TgO_Leviticus,19,18,0.0,0.0,0.0,0.9167,0.0,0.0,0.0,12.0,2.4615,0.0,0.0,0.95279753,Yerushalmi
TgO_Leviticus,19,19,0.0,0.0,0.0,0.7647,0.0,0.0,0.0,17.0,3.0,0.0,0.0,0.97736657,Yerushalmi
TgO_Leviticus,19,20,0.0,0.0,0.0,0.6897,0.0,0.0,0.0,29.0,2.7,0.0,0.0,0.97293615,Yerushalmi
TgO_Leviticus,19,21,0.0,0.0,0.0,0.9,0.0,0.0,0.0,10.0,2.7273,0.0,0.0,0.90861034,Yerushalmi
TgO_Leviticus,19,22,0.0,0.0,0.0,0.7143,0.0,0.0,0.0,14.0,2.5333,0.0,0.0,0.95082396,Yerushalmi
TgO_Leviticus,19,23,0.0,0.0,0.0,0.8421,0.0,0.0,0.0,19.0,2.8,0.0,0.0,0.9888539,Yerushalmi
TgO_Leviticus,19,24,0.0,0.0,0.0,1.0,0.0,0.0,0.0,9.0,3.0,0.0,0.0,0.94022983,Yerushalmi
TgO_Leviticus,19,25,0.0,0.0,0.0,0.9091,0.0,0.0,0.0,11.0,3.0,0.0,0.0,0.93824345,Yerushalmi
TgO_Leviticus,19,26,0.0,0.0,0.0,0.875,0.0,0.0,0.0,8.0,2.1111,0.0,0.0,0.80276513,Yerushalmi
TgO_Leviticus,19,27,0.0,0.0,0.0,0.7778,0.0,0.0,0.0,9.0,2.4,0.0,0.0,0.7794367,Yerushalmi
TgO_Leviticus,19,28,0.0,0.0,0.0,0.6923,0.0,0.0,0.0,13.0,2.2857,0.0,0.0,0.92455935,Yerushalmi
TgO_Leviticus,19,29,0.0,0.0,0.0,0.75,0.0,0.0,0.0,12.0,2.5385,0.0,0.0,0.90642315,Yerushalmi
TgO_Leviticus,19,30,0.0,0.0,0.0,1.0,0.0,0.0,0.0,10.0,2.6364,0.0,0.0,0.95049316,Yerushalmi
TgO_Leviticus,19,31,0.0,0.0,0.0,0.9167,0.0,0.0,0.0,12.0,2.6154,0.0,0.0,0.953167,Yerushalmi
TgO_Leviticus,19,32,0.0,0.0,0.0,0.9091,0.0,0.0,0.0,11.0,2.75,0.0,0.0,0.93486756,Yerushalmi
TgO_Leviticus,19,33,0.0,0.0,0.0,1.0,0.0,0.0,0.0,8.0,2.2222,0.0,0.0,0.9102431,Yerushalmi
TgO_Leviticus,19,34,0.0,0.0,0.0,0.7778,0.0,0.0,0.0,18.0,3.3158,0.0,0.0,0.9759677,Yerushalmi
TgO_Leviticus,19,35,0.0,0.0,0.0,0.8571,0.0,0.0,0.0,7.0,2.125,0.0,0.0,0.72910273,Yerushalmi
TgO_Leviticus,19,36,0.0,0.0,0.0,0.7059,0.0,0.0,0.0,17.0,3.8333,0.0,0.0,0.9579736,Yerushalmi
TgO_Leviticus,19,37,0.0,0.0,0.0,0.6364,0.0,0.0,0.0,11.0,2.1667,0.0,0.0,0.8240225,Yerushalmi
TgO_Leviticus,20,1,0.0,0.0,0.0,0.8,0.0,0.0,0.0,5.0,2.1667,0.0,0.0,0.5289073,Yerushalmi
TgO_Leviticus,20,2,0.0,0.0,0.0,0.5909,0.0,0.0,0.0,22.0,3.0,0.0,0.0,0.9753912,Yerushalmi
TgO_Leviticus,20,3,0.0,0.0,0.0,0.7273,0.0,0.0,0.0,22.0,2.913,0.0,0.0,0.9832753,Yerushalmi
TgO_Leviticus,20,4,0.0,0.0,0.0,0.7222,0.0,0.0,0.0,18.0,2.8947,0.0,0.0,0.97988343,Yerushalmi
TgO_Leviticus,20,5,0.0,0.0,0.0,0.6111,0.0,0.0,0.0,18.0,2.7368,0.0,0.0,0.97841936,Yerushalmi
TgO_Leviticus,20,6,0.0,0.0,0.0,0.6875,0.0,0.0,0.0,16.0,2.7059,0.0,0.0,0.9714099,Yerushalmi
TgO_Leviticus,20,7,0.0,0.0,0.0,0.8571,0.0,0.0,0.0,7.0,2.5,0.0,0.0,0.7466897,Yerushalmi
TgO_Leviticus,20,8,0.0,0.0,0.0,0.75,0.0,0.0,0.0,8.0,2.2222,0.0,0.0,0.6860276,Yerushalmi
TgO_Leviticus,20,9,0.0,0.0,0.0,0.6,0.0,0.0,0.0,15.0,2.4375,0.0,0.0,0.9597586,Yerushalmi
TgO_Leviticus,20,10,0.0,0.0,0.0,0.6923,0.0,0.0,0.0,13.0,2.7857,0.0,0.0,0.9294282,Yerushalmi
TgO_Leviticus,20,11,0.0,0.0,0.0,0.7692,0.0,0.0,0.0,13.0,2.7143,0.0,0.0,0.93902683,Yerushalmi
TgO_Leviticus,20,12,0.0,0.0,0.0,0.8182,0.0,0.0,0.0,11.0,2.6667,0.0,0.0,0.89849174,Yerushalmi
TgO_Leviticus,20,13,0.0,0.0,0.0,0.8462,0.0,0.0,0.0,13.0,3.0714,0.0,0.0,0.9543686,Yerushalmi
TgO_Leviticus,20,14,0.0,0.0,0.0,0.6667,0.0,0.0,0.0,18.0,2.5789,0.0,0.0,0.9823493,Yerushalmi
TgO_Leviticus,20,15,0.0,0.0,0.0,0.6667,0.0,0.0,0.0,9.0,2.6,0.0,0.0,0.73470247,Yerushalmi
TgO_Leviticus,20,16,0.0,0.0,0.0,0.6875,0.0,0.0,0.0,16.0,2.6471,0.0,0.0,0.9720431,Yerushalmi
TgO_Leviticus,20,17,0.0,0.0,0.0,0.6296,0.0,0.0,0.0,27.0,3.1786,0.0,0.0,0.950413,Yerushalmi
TgO_Leviticus,20,18,0.0,0.0,0.0,0.65,0.0,0.0,0.0,20.0,2.7619,0.0,0.0,0.98292106,Yerushalmi
TgO_Leviticus,20,19,0.0,0.0,0.0,0.8462,0.0,0.0,0.0,13.0,2.4286,0.0,0.0,0.9530908,Yerushalmi
TgO_Leviticus,20,20,0.0,0.0,0.0,0.9231,0.0,0.0,0.0,13.0,2.7857,0.0,0.0,0.9675359,Yerushalmi
TgO_Leviticus,20,21,0.0,0.0,0.0,0.9231,0.0,0.0,0.0,13.0,2.6429,0.0,0.0,0.9675288,Yerushalmi
TgO_Leviticus,20,22,0.0,0.0,0.0,0.6316,0.0,0.0,0.0,19.0,2.35,0.0,0.0,0.9870724,Yerushalmi
TgO_Leviticus,20,23,0.0,0.0,0.0,0.8667,0.0,0.0,0.0,15.0,2.75,0.0,0.0,0.9773049,Yerushalmi
TgO_Leviticus,20,24,0.0,0.0,0.0,0.6364,0.0,0.0,0.0,22.0,2.8696,0.0,0.0,0.98037356,Yerushalmi
TgO_Leviticus,20,25,0.0,0.0,0.0,0.619,0.0,0.0,0.0,21.0,2.9091,0.0,0.0,0.9793514,Yerushalmi
TgO_Leviticus,20,26,0.0,0.0,0.0,0.7857,0.0,0.0,0.0,14.0,2.6,0.0,0.0,0.9588571,Yerushalmi
TgO_Leviticus,20,27,0.0,0.0,0.0,0.75,0.0,0.0,0.0,16.0,2.7647,0.0,0.0,0.9743466,Yerushalmi
TgO_Leviticus,21,1,0.0,0.0,0.0,0.7143,0.0,0.0,0.0,14.0,3.1333,0.0,0.0,0.95121104,Yerushalmi
TgO_Leviticus,21,2,0.0,0.0,0.0,0.4444,0.0,0.0,0.0,9.0,2.6,0.0,0.0,0.73507446,Yerushalmi
TgO_Leviticus,21,3,0.0,0.0,0.0,0.7778,0.0,0.0,0.0,9.0,2.9,0.0,0.0,0.81176597,Yerushalmi
TgO_Leviticus,21,4,0.0,0.0,0.0,0.8,0.0,0.0,0.0,5.0,2.0,0.0,0.0,0.5218728,Yerushalmi
TgO_Leviticus,21,5,0.0,0.0,0.0,0.6667,0.0,0.0,0.0,12.0,2.3846,0.0,0.0,0.8856563,Yerushalmi
TgO_Leviticus,21,6,0.0,0.0,0.0,0.7222,0.0,0.0,0.0,18.0,3.0,0.0,0.0,0.97822416,Yerushalmi
TgO_Leviticus,21,7,0.0,0.0,0.0,0.8667,0.0,0.0,0.0,15.0,2.6875,0.0,0.0,0.97774965,Yerushalmi
TgO_Leviticus,21,8,0.0,0.0,0.0,0.7333,0.0,0.0,0.0,15.0,3.0,0.0,0.0,0.9634973,Yerushalmi
TgO_Leviticus,21,9,0.0,0.0,0.0,1.0,0.0,0.0,0.0,12.0,2.4615,0.0,0.0,0.97183883,Yerushalmi
TgO_Leviticus,21,10,0.0,0.0,0.0,0.6818,0.0,0.0,0.0,22.0,2.6522,0.0,0.0,0.9865987,Yerushalmi
TgO_Leviticus,21,11,0.0,0.0,0.0,0.8,0.0,0.0,0.0,10.0,2.1818,0.0,0.0,0.8400263,Yerushalmi
TgO_Leviticus,21,12,0.0,0.0,0.0,0.8235,0.0,0.0,0.0,17.0,2.7222,0.0,0.0,0.9843034,Yerushalmi
TgO_Leviticus,21,13,0.0,0.0,0.0,1.0,0.0,0.0,0.0,4.0,2.2,0.0,0.0,0.7667365,Yerushalmi
TgO_Leviticus,21,14,0.0,0.0,0.0,0.8462,0.0,0.0,0.0,13.0,2.9286,0.0,0.0,0.9538124,Yerushalmi
TgO_Leviticus,21,15,0.0,0.0,0.0,1.0,0.0,0.0,0.0,8.0,2.4444,0.0,0.0,0.91344357,Yerushalmi
TgO_Leviticus,21,16,0.0,0.0,0.0,0.8,0.0,0.0,0.0,5.0,2.1667,0.0,0.0,0.5289073,Yerushalmi
TgO_Leviticus,21,17,0.0,0.0,0.0,0.875,0.0,0.0,0.0,16.0,2.8824,0.0,0.0,0.9823149,Yerushalmi
TgO_Leviticus,21,18,0.0,0.0,0.0,0.8,0.0,0.0,0.0,15.0,2.8125,0.0,0.0,0.9703849,Yerushalmi
TgO_Leviticus,21,19,0.0,0.0,0.0,0.7778,0.0,0.0,0.0,9.0,2.3,0.0,0.0,0.7749181,Yerushalmi
TgO_Leviticus,21,20,0.0,0.0,0.0,0.6429,0.0,0.0,0.0,14.0,2.7333,0.0,0.0,0.9457768,Yerushalmi
TgO_Leviticus,21,21,0.0,0.0,0.0,0.5714,0.0,0.0,0.0,21.0,2.7727,0.0,0.0,0.9810718,Yerushalmi
TgO_Leviticus,21,22,0.0,0.0,0.0,0.8571,0.0,0.0,0.0,7.0,2.875,0.0,0.0,0.7724205,Yerushalmi
TgO_Leviticus,21,23,0.0,0.0,0.0,0.8333,0.0,0.0,0.0,18.0,2.6842,0.0,0.0,0.9880531,Yerushalmi
TgO_Leviticus,21,24,0.0,0.0,0.0,0.4,0.0,0.0,0.0,10.0,2.9091,0.0,0.0,0.84586084,Yerushalmi
TgO_Leviticus,22,1,0.0,0.0,0.0,0.8,0.0,0.0,0.0,5.0,2.1667,0.0,0.0,0.5289073,Yerushalmi
TgO_Leviticus,22,2,0.0,0.0,0.0,0.7368,0.0,0.0,0.0,19.0,2.8,0.0,0.0,0.9841652,Yerushalmi
TgO_Leviticus,22,3,0.0,0.0,0.0,0.8182,0.0,0.0,0.0,22.0,3.0435,0.0,0.0,0.9853404,Yerushalmi
TgO_Leviticus,22,4,0.0,0.0,0.0,0.6957,0.0,0.0,0.0,23.0,2.7917,0.0,0.0,0.9838364,Yerushalmi
TgO_Leviticus,22,5,0.0,0.0,0.0,0.6154,0.0,0.0,0.0,13.0,2.7143,0.0,0.0,0.9228613,Yerushalmi
TgO_Leviticus,22,6,0.0,0.0,0.0,0.8667,0.0,0.0,0.0,15.0,2.625,0.0,0.0,0.97821176,Yerushalmi
TgO_Leviticus,22,7,0.0,0.0,0.0,0.8182,0.0,0.0,0.0,11.0,2.4167,0.0,0.0,0.89344126,Yerushalmi
TgO_Leviticus,22,8,0.0,0.0,0.0,1.0,0.0,0.0,0.0,8.0,2.5556,0.0,0.0,0.91539276,Yerushalmi
TgO_Leviticus,22,9,0.0,0.0,0.0,0.8667,0.0,0.0,0.0,15.0,2.625,0.0,0.0,0.97821176,Yerushalmi
TgO_Leviticus,22,10,0.0,0.0,0.0,0.6364,0.0,0.0,0.0,11.0,2.9167,0.0,0.0,0.8640002,Yerushalmi
TgO_Leviticus,22,11,0.0,0.0,0.0,0.8571,0.0,0.0,0.0,14.0,2.6667,0.0,0.0,0.9680709,Yerushalmi
TgO_Leviticus,22,12,0.0,0.0,0.0,1.0,0.0,0.0,0.0,11.0,2.8333,0.0,0.0,0.96353114,Yerushalmi
TgO_Leviticus,22,13,0.0,0.0,0.0,0.6667,0.0,0.0,0.0,21.0,2.5455,0.0,0.0,0.9877409,Yerushalmi
TgO_Leviticus,22,14,0.0,0.0,0.0,0.75,0.0,0.0,0.0,12.0,2.5385,0.0,0.0,0.90642315,Yerushalmi
TgO_Leviticus,22,15,0.0,0.0,0.0,0.8,0.0,0.0,0.0,10.0,2.6364,0.0,0.0,0.8530592,Yerushalmi
TgO_Leviticus,22,16,0.0,0.0,0.0,0.8333,0.0,0.0,0.0,12.0,2.4615,0.0,0.0,0.9287864,Yerushalmi
TgO_Leviticus,22,17,0.0,0.0,0.0,0.8,0.0,0.0,0.0,5.0,2.1667,0.0,0.0,0.5289073,Yerushalmi
TgO_Leviticus,22,18,0.0,0.0,0.0,0.5714,0.0,0.0,0.0,28.0,2.8966,0.0,0.0,0.95636237,Yerushalmi
TgO_Leviticus,22,19,0.0,0.0,0.0,0.7143,0.0,0.0,0.0,7.0,2.75,0.0,0.0,0.64213824,Yerushalmi
TgO_Leviticus,22,20,0.0,0.0,0.0,0.8,0.0,0.0,0.0,10.0,2.8182,0.0,0.0,0.86120784,Yerushalmi
TgO_Leviticus,22,21,0.0,0.0,0.0,0.8182,0.0,0.0,0.0,22.0,2.6957,0.0,0.0,0.99092865,Yerushalmi
TgO_Leviticus,22,22,0.0,0.0,0.0,0.7083,0.0,0.0,0.0,24.0,2.84,0.0,0.0,0.9821576,Yerushalmi
TgO_Leviticus,22,23,0.0,0.0,0.0,0.7273,0.0,0.0,0.0,11.0,2.5,0.0,0.0,0.86028135,Yerushalmi
TgO_Leviticus,22,24,0.0,0.0,0.0,0.6364,0.0,0.0,0.0,11.0,2.25,0.0,0.0,0.8264533,Yerushalmi
TgO_Leviticus,22,25,0.0,0.0,0.0,0.7895,0.0,0.0,0.0,19.0,3.45,0.0,0.0,0.9752385,Yerushalmi
TgO_Leviticus,22,26,0.0,0.0,0.0,0.8,0.0,0.0,0.0,5.0,2.1667,0.0,0.0,0.5289073,Yerushalmi
TgO_Leviticus,22,27,0.0,0.0,0.0,0.85,0.0,0.0,0.0,20.0,2.7143,0.0,0.0,0.99116176,Yerushalmi
TgO_Leviticus,22,28,0.0,0.0,0.0,0.7778,0.0,0.0,0.0,9.0,2.2,0.0,0.0,0.77154744,Yerushalmi
TgO_Leviticus,22,29,0.0,0.0,0.0,0.7778,0.0,0.0,0.0,9.0,3.2,0.0,0.0,0.83091044,Yerushalmi
TgO_Leviticus,22,30,0.0,0.0,0.0,1.0,0.0,0.0,0.0,10.0,2.4545,0.0,0.0,0.94902813,Yerushalmi
TgO_Leviticus,22,31,0.0,0.0,0.0,0.8333,0.0,0.0,0.0,6.0,2.2857,0.0,0.0,0.64398795,Yerushalmi
TgO_Leviticus,22,32,0.0,0.0,0.0,0.8333,0.0,0.0,0.0,12.0,2.8462,0.0,0.0,0.9327764,Yerushalmi
TgO_Leviticus,22,33,0.0,0.0,0.0,0.7778,0.0,0.0,0.0,9.0,3.2,0.0,0.0,0.83091044,Yerushalmi
TgO_Leviticus,23,1,0.0,0.0,0.0,0.8,0.0,0.0,0.0,5.0,2.1667,0.0,0.0,0.5289073,Yerushalmi
TgO_Leviticus,23,2,0.0,0.0,0.0,0.8,0.0,0.0,0.0,15.0,3.25,0.0,0.0,0.9671699,Yerushalmi
TgO_Leviticus,23,3,0.0,0.0,0.0,0.8,0.0,0.0,0.0,20.0,3.0476,0.0,0.0,0.9842074,Yerushalmi
TgO_Leviticus,23,4,0.0,0.0,0.0,1.0,0.0,0.0,0.0,8.0,2.8889,0.0,0.0,0.9211936,Yerushalmi
TgO_Leviticus,23,5,0.0,0.0,0.0,0.8889,0.0,0.0,0.0,9.0,2.6,0.0,0.0,0.8691275,Yerushalmi
TgO_Leviticus,23,6,0.0,0.0,0.0,0.8333,0.0,0.0,0.0,12.0,2.7692,0.0,0.0,0.9317518,Yerushalmi
TgO_Leviticus,23,7,0.0,0.0,0.0,0.9091,0.0,0.0,0.0,11.0,3.3333,0.0,0.0,0.94175863,Yerushalmi
TgO_Leviticus,23,8,0.0,0.0,0.0,1.0,0.0,0.0,0.0,15.0,3.1875,0.0,0.0,0.9871845,Yerushalmi
TgO_Leviticus,23,9,0.0,0.0,0.0,0.8,0.0,0.0,0.0,5.0,2.1667,0.0,0.0,0.5289073,Yerushalmi
TgO_Leviticus,23,10,0.0,0.0,0.0,0.6818,0.0,0.0,0.0,22.0,2.913,0.0,0.0,0.9811752,Yerushalmi
TgO_Leviticus,23,11,0.0,0.0,0.0,0.8333,0.0,0.0,0.0,12.0,3.5385,0.0,0.0,0.93924594,Yerushalmi
TgO_Leviticus,23,12,0.0,0.0,0.0,0.9167,0.0,0.0,0.0,12.0,3.0769,0.0,0.0,0.95592237,Yerushalmi
TgO_Leviticus,23,13,0.0,0.0,0.0,0.8667,0.0,0.0,0.0,15.0,3.0,0.0,0.0,0.9756479,Yerushalmi
TgO_Leviticus,23,14,0.0,0.0,0.0,0.8421,0.0,0.0,0.0,19.0,2.55,0.0,0.0,0.99155134,Yerushalmi
TgO_Leviticus,23,15,0.0,0.0,0.0,0.8571,0.0,0.0,0.0,14.0,3.5333,0.0,0.0,0.9645944,Yerushalmi
TgO_Leviticus,23,16,0.0,0.0,0.0,1.0,0.0,0.0,0.0,12.0,3.3846,0.0,0.0,0.9734729,Yerushalmi
TgO_Leviticus,23,17,0.0,0.0,0.0,0.9333,0.0,0.0,0.0,15.0,3.5625,0.0,0.0,0.9786508,Yerushalmi
TgO_Leviticus,23,18,0.0,0.0,0.0,0.72,0.0,0.0,0.0,25.0,2.6154,0.0,0.0,0.986675,Yerushalmi
TgO_Leviticus,23,19,0.0,0.0,0.0,0.8333,0.0,0.0,0.0,12.0,2.6154,0.0,0.0,0.92996943,Yerushalmi
TgO_Leviticus,23,20,0.0,0.0,0.0,0.7647,0.0,0.0,0.0,17.0,2.9444,0.0,0.0,0.9781075,Yerushalmi
TgO_Leviticus,23,21,0.0,0.0,0.0,0.9444,0.0,0.0,0.0,18.0,3.1579,0.0,0.0,0.98911166,Yerushalmi
TgO_Leviticus,23,22,0.0,0.0,0.0,0.75,0.0,0.0,0.0,20.0,2.5238,0.0,0.0,0.9898833,Yerushalmi
TgO_Leviticus,23,23,0.0,0.0,0.0,0.8,0.0,0.0,0.0,5.0,2.1667,0.0,0.0,0.5289073,Yerushalmi
TgO_Leviticus,23,24,0.0,0.0,0.0,0.8125,0.0,0.0,0.0,16.0,3.2941,0.0,0.0,0.9731004,Yerushalmi
TgO_Leviticus,23,25,0.0,0.0,0.0,1.0,0.0,0.0,0.0,9.0,3.0,0.0,0.0,0.94022983,Yerushalmi
TgO_Leviticus,23,26,0.0,0.0,0.0,0.8,0.0,0.0,0.0,5.0,2.1667,0.0,0.0,0.5289073,Yerushalmi
TgO_Leviticus,23,27,0.0,0.0,0.0,0.9474,0.0,0.0,0.0,19.0,3.25,0.0,0.0,0.98919755,Yerushalmi
TgO_Leviticus,23,28,0.0,0.0,0.0,0.9375,0.0,0.0,0.0,16.0,2.9412,0.0,0.0,0.98653287,Yerushalmi
TgO_Leviticus,23,29,0.0,0.0,0.0,1.0,0.0,0.0,0.0,10.0,2.4545,0.0,0.0,0.94902813,Yerushalmi
TgO_Leviticus,23,30,0.0,0.0,0.0,0.8571,0.0,0.0,0.0,14.0,2.8667,0.0,0.0,0.96739733,Yerushalmi
TgO_Leviticus,23,31,0.0,0.0,0.0,1.0,0.0,0.0,0.0,9.0,2.6,0.0,0.0,0.9351234,Yerushalmi
TgO_Leviticus,23,32,0.0,0.0,0.0,0.8,0.0,0.0,0.0,15.0,2.6875,0.0,0.0,0.97133744,Yerushalmi
TgO_Leviticus,23,33,0.0,0.0,0.0,0.8,0.0,0.0,0.0,5.0,2.1667,0.0,0.0,0.5289073,Yerushalmi
TgO_Leviticus,23,34,0.0,0.0,0.0,0.875,0.0,0.0,0.0,16.0,2.8824,0.0,0.0,0.9823149,Yerushalmi
TgO_Leviticus,23,35,0.0,0.0,0.0,1.0,0.0,0.0,0.0,9.0,3.1,0.0,0.0,0.941177,Yerushalmi
TgO_Leviticus,23,36,0.0,0.0,0.0,0.7826,0.0,0.0,0.0,23.0,3.3333,0.0,0.0,0.97463983,Yerushalmi
TgO_Leviticus,23,37,0.0,0.0,0.0,0.8947,0.0,0.0,0.0,19.0,3.1,0.0,0.0,0.987898,Yerushalmi
TgO_Leviticus,23,38,0.0,0.0,0.0,0.7143,0.0,0.0,0.0,14.0,2.7333,0.0,0.0,0.9507176,Yerushalmi
TgO_Leviticus,23,39,0.0,0.0,0.0,0.7727,0.0,0.0,0.0,22.0,2.8261,0.0,0.0,0.9870849,Yerushalmi
TgO_Leviticus,23,40,0.0,0.0,0.0,0.7647,0.0,0.0,0.0,17.0,2.9444,0.0,0.0,0.9781075,Yerushalmi
TgO_Leviticus,23,41,0.0,0.0,0.0,0.8667,0.0,0.0,0.0,15.0,2.5,0.0,0.0,0.9791911,Yerushalmi
TgO_Leviticus,23,42,0.0,0.0,0.0,0.6667,0.0,0.0,0.0,9.0,2.4,0.0,0.0,0.7163257,Yerushalmi
TgO_Leviticus,23,43,0.0,0.0,0.0,0.7647,0.0,0.0,0.0,17.0,2.8333,0.0,0.0,0.9795554,Yerushalmi
TgO_Leviticus,23,44,0.0,0.0,0.0,0.6667,0.0,0.0,0.0,9.0,2.7,0.0,0.0,0.74496305,Yerushalmi
TgO_Leviticus,24,1,0.0,0.0,0.0,0.8,0.0,0.0,0.0,5.0,2.1667,0.0,0.0,0.5289073,Yerushalmi
TgO_Leviticus,24,2,0.0,0.0,0.0,0.8571,0.0,0.0,0.0,14.0,3.0,0.0,0.0,0.9670556,Yerushalmi
TgO_Leviticus,24,3,0.0,0.0,0.0,0.9412,0.0,0.0,0.0,17.0,3.3333,0.0,0.0,0.9860083,Yerushalmi
TgO_Leviticus,24,4,0.0,0.0,0.0,1.0,0.0,0.0,0.0,9.0,2.9,0.0,0.0,0.9390935,Yerushalmi
TgO_Leviticus,24,5,0.0,0.0,0.0,0.8333,0.0,0.0,0.0,12.0,3.4615,0.0,0.0,0.9391366,Yerushalmi
TgO_Leviticus,24,6,0.0,0.0,0.0,0.9091,0.0,0.0,0.0,11.0,2.5833,0.0,0.0,0.93291193,Yerushalmi
TgO_Leviticus,24,7,0.0,0.0,0.0,0.9091,0.0,0.0,0.0,11.0,3.0,0.0,0.0,0.93824345,Yerushalmi
TgO_Leviticus,24,8,0.0,0.0,0.0,0.7692,0.0,0.0,0.0,13.0,2.7143,0.0,0.0,0.93902683,Yerushalmi
TgO_Leviticus,24,9,0.0,0.0,0.0,0.6667,0.0,0.0,0.0,15.0,2.875,0.0,0.0,0.9603205,Yerushalmi
TgO_Leviticus,24,10,0.0,0.0,0.0,0.381,0.0,0.0,0.0,21.0,2.9545,0.0,0.0,0.97717756,Yerushalmi
TgO_Leviticus,24,11,0.0,0.0,0.0,0.4737,0.0,0.0,0.0,19.0,3.2,0.0,0.0,0.97221524,Yerushalmi
TgO_Leviticus,24,12,0.0,0.0,0.0,0.9,0.0,0.0,0.0,10.0,3.0,0.0,0.0,0.9147757,Yerushalmi
TgO_Leviticus,24,13,0.0,0.0,0.0,0.8,0.0,0.0,0.0,5.0,2.1667,0.0,0.0,0.5289073,Yerushalmi
TgO_Leviticus,24,14,0.0,0.0,0.0,0.75,0.0,0.0,0.0,16.0,2.7647,0.0,0.0,0.9743466,Yerushalmi
TgO_Leviticus,24,15,0.0,0.0,0.0,0.7692,0.0,0.0,0.0,13.0,2.7143,0.0,0.0,0.93902683,Yerushalmi
TgO_Leviticus,24,16,0.0,0.0,0.0,0.6667,0.0,0.0,0.0,15.0,2.6875,0.0,0.0,0.9612301,Yerushalmi
TgO_Leviticus,24,17,0.0,0.0,0.0,0.75,0.0,0.0,0.0,8.0,2.4444,0.0,0.0,0.7006843,Yerushalmi
TgO_Leviticus,24,18,0.0,0.0,0.0,0.7143,0.0,0.0,0.0,7.0,2.75,0.0,0.0,0.64213824,Yerushalmi
TgO_Leviticus,24,19,0.0,0.0,0.0,0.8,0.0,0.0,0.0,10.0,2.9091,0.0,0.0,0.865382,Yerushalmi
TgO_Leviticus,24,20,0.0,0.0,0.0,0.5625,0.0,0.0,0.0,16.0,2.8824,0.0,0.0,0.966479,Yerushalmi
TgO_Leviticus,24,21,0.0,0.0,0.0,0.8571,0.0,0.0,0.0,7.0,2.5,0.0,0.0,0.7466897,Yerushalmi
TgO_Leviticus,24,22,0.0,0.0,0.0,0.7273,0.0,0.0,0.0,11.0,2.75,0.0,0.0,0.87062985,Yerushalmi
TgO_Leviticus,24,23,0.0,0.0,0.0,0.5714,0.0,0.0,0.0,21.0,3.2273,0.0,0.0,0.9699323,Yerushalmi
TgO_Leviticus,25,1,0.0,0.0,0.0,0.7143,0.0,0.0,0.0,7.0,2.875,0.0,0.0,0.6583322,Yerushalmi
TgO_Leviticus,25,2,0.0,0.0,0.0,0.7059,0.0,0.0,0.0,17.0,3.1667,0.0,0.0,0.97182,Yerushalmi
TgO_Leviticus,25,3,0.0,0.0,0.0,0.8182,0.0,0.0,0.0,11.0,2.5,0.0,0.0,0.89482194,Yerushalmi
TgO_Leviticus,25,4,0.0,0.0,0.0,0.8667,0.0,0.0,0.0,15.0,2.8125,0.0,0.0,0.97687566,Yerushalmi
TgO_Leviticus,25,5,0.0,0.0,0.0,0.75,0.0,0.0,0.0,16.0,2.6471,0.0,0.0,0.97564054,Yerushalmi
TgO_Leviticus,25,6,0.0,0.0,0.0,0.5,0.0,0.0,0.0,12.0,2.7692,0.0,0.0,0.8973337,Yerushalmi
TgO_Leviticus,25,7,0.0,0.0,0.0,0.8571,0.0,0.0,0.0,7.0,2.25,0.0,0.0,0.7333341,Yerushalmi
TgO_Leviticus,25,8,0.0,0.0,0.0,0.3889,0.0,0.0,0.0,18.0,3.0526,0.0,0.0,0.9755778,Yerushalmi
TgO_Leviticus,25,9,0.0,0.0,0.0,0.6923,0.0,0.0,0.0,13.0,2.9286,0.0,0.0,0.931606,Yerushalmi
TgO_Leviticus,25,10,0.0,0.0,0.0,0.75,0.0,0.0,0.0,20.0,3.0,0.0,0.0,0.98250335,Yerushalmi
TgO_Leviticus,25,11,0.0,0.0,0.0,0.7647,0.0,0.0,0.0,17.0,2.8333,0.0,0.0,0.9795554,Yerushalmi
TgO_Leviticus,25,12,0.0,0.0,0.0,0.9091,0.0,0.0,0.0,11.0,3.0833,0.0,0.0,0.93930566,Yerushalmi
TgO_Leviticus,25,13,0.0,0.0,0.0,1.0,0.0,0.0,0.0,6.0,2.8571,0.0,0.0,0.8675133,Yerushalmi
TgO_Leviticus,25,14,0.0,0.0,0.0,0.8462,0.0,0.0,0.0,13.0,2.4286,0.0,0.0,0.9530908,Yerushalmi
TgO_Leviticus,25,15,0.0,0.0,0.0,0.6667,0.0,0.0,0.0,12.0,2.7692,0.0,0.0,0.8976908,Yerushalmi
TgO_Leviticus,25,16,0.0,0.0,0.0,0.8125,0.0,0.0,0.0,16.0,3.3529,0.0,0.0,0.97238,Yerushalmi
TgO_Leviticus,25,17,0.0,0.0,0.0,0.9091,0.0,0.0,0.0,11.0,2.4167,0.0,0.0,0.93160504,Yerushalmi
TgO_Leviticus,25,18,0.0,0.0,0.0,0.6667,0.0,0.0,0.0,12.0,2.4615,0.0,0.0,0.8875747,Yerushalmi
TgO_Leviticus,25,19,0.0,0.0,0.0,0.75,0.0,0.0,0.0,8.0,2.4444,0.0,0.0,0.7006843,Yerushalmi
TgO_Leviticus,25,20,0.0,0.0,0.0,0.9231,0.0,0.0,0.0,13.0,2.5,0.0,0.0,0.9677508,Yerushalmi
TgO_Leviticus,25,21,0.0,0.0,0.0,0.7273,0.0,0.0,0.0,11.0,2.9167,0.0,0.0,0.87819785,Yerushalmi
TgO_Leviticus,25,22,0.0,0.0,0.0,0.6875,0.0,0.0,0.0,16.0,2.9412,0.0,0.0,0.96895856,Yerushalmi
TgO_Leviticus,25,23,0.0,0.0,0.0,0.8333,0.0,0.0,0.0,12.0,3.0769,0.0,0.0,0.9358937,Yerushalmi
TgO_Leviticus,25,24,0.0,0.0,0.0,0.8333,0.0,0.0,0.0,6.0,3.0,0.0,0.0,0.70465755,Yerushalmi
TgO_Leviticus,25,25,0.0,0.0,0.0,0.6923,0.0,0.0,0.0,13.0,2.6429,0.0,0.0,0.92738307,Yerushalmi
TgO_Leviticus,25,26,0.0,0.0,0.0,0.7273,0.0,0.0,0.0,11.0,2.6667,0.0,0.0,0.8669412,Yerushalmi
TgO_Leviticus,25,27,0.0,0.0,0.0,0.6667,0.0,0.0,0.0,12.0,2.7692,0.0,0.0,0.8976908,Yerushalmi
TgO_Leviticus,25,28,0.0,0.0,0.0,0.7368,0.0,0.0,0.0,19.0,2.65,0.0,0.0,0.9863776,Yerushalmi
TgO_Leviticus,25,29,0.0,0.0,0.0,0.8889,0.0,0.0,0.0,18.0,3.0526,0.0,0.0,0.9869116,Yerushalmi
TgO_Leviticus,25,30,0.0,0.0,0.0,0.75,0.0,0.0,0.0,20.0,2.8571,0.0,0.0,0.9850372,Yerushalmi
TgO_Leviticus,25,31,0.0,0.0,0.0,0.875,0.0,0.0,0.0,16.0,3.5882,0.0,0.0,0.97517365,Yerushalmi
TgO_Leviticus,25,32,0.0,0.0,0.0,0.8889,0.0,0.0,0.0,9.0,3.2,0.0,0.0,0.8886643,Yerushalmi
TgO_Leviticus,25,33,0.0,0.0,0.0,0.6667,0.0,0.0,0.0,18.0,3.1579,0.0,0.0,0.9732286,Yerushalmi
TgO_Leviticus,25,34,0.0,0.0,0.0,0.9,0.0,0.0,0.0,10.0,3.1818,0.0,0.0,0.91834116,Yerushalmi
TgO_Leviticus,25,35,0.0,0.0,0.0,0.5833,0.0,0.0,0.0,12.0,2.0769,0.0,0.0,0.86868674,Yerushalmi
TgO_Leviticus,25,36,0.0,0.0,0.0,0.7,0.0,0.0,0.0,10.0,2.2727,0.0,0.0,0.7881429,Yerushalmi
TgO_Leviticus,25,37,0.0,0.0,0.0,0.7,0.0,0.0,0.0,10.0,2.4545,0.0,0.0,0.79707956,Yerushalmi
TgO_Leviticus,25,38,0.0,0.0,0.0,0.5333,0.0,0.0,0.0,15.0,3.75,0.0,0.0,0.9529497,Yerushalmi
TgO_Leviticus,25,39,0.0,0.0,0.0,0.8182,0.0,0.0,0.0,11.0,2.5,0.0,0.0,0.89482194,Yerushalmi
TgO_Leviticus,25,40,0.0,0.0,0.0,0.7778,0.0,0.0,0.0,9.0,2.3,0.0,0.0,0.7749181,Yerushalmi
TgO_Leviticus,25,41,0.0,0.0,0.0,0.7,0.0,0.0,0.0,10.0,2.2727,0.0,0.0,0.7881429,Yerushalmi
TgO_Leviticus,25,42,0.0,0.0,0.0,0.8182,0.0,0.0,0.0,11.0,3.25,0.0,0.0,0.91334784,Yerushalmi
TgO_Leviticus,25,43,0.0,0.0,0.0,1.0,0.0,0.0,0.0,6.0,2.2857,0.0,0.0,0.85368323,Yerushalmi
TgO_Leviticus,25,44,0.0,0.0,0.0,0.5833,0.0,0.0,0.0,12.0,2.1538,0.0,0.0,0.86979914,Yerushalmi
TgO_Leviticus,25,45,0.0,0.0,0.0,0.6667,0.0,0.0,0.0,15.0,2.6875,0.0,0.0,0.9612301,Yerushalmi
TgO_Leviticus,25,46,0.0,0.0,0.0,0.6667,0.0,0.0,0.0,18.0,2.8421,0.0,0.0,0.97846496,Yerushalmi
TgO_Leviticus,25,47,0.0,0.0,0.0,0.6471,0.0,0.0,0.0,17.0,2.3889,0.0,0.0,0.97992426,Yerushalmi
TgO_Leviticus,25,48,0.0,0.0,0.0,0.875,0.0,0.0,0.0,8.0,2.7778,0.0,0.0,0.8284565,Yerushalmi
TgO_Leviticus,25,49,0.0,0.0,0.0,0.6,0.0,0.0,0.0,15.0,2.25,0.0,0.0,0.961115,Yerushalmi
TgO_Leviticus,25,50,0.0,0.0,0.0,0.7222,0.0,0.0,0.0,18.0,2.6316,0.0,0.0,0.9837125,Yerushalmi
TgO_Leviticus,25,51,0.0,0.0,0.0,1.0,0.0,0.0,0.0,9.0,2.9,0.0,0.0,0.9390935,Yerushalmi
TgO_Leviticus,25,52,0.0,0.0,0.0,0.7857,0.0,0.0,0.0,14.0,2.7333,0.0,0.0,0.95845544,Yerushalmi
TgO_Leviticus,25,53,0.0,0.0,0.0,0.9,0.0,0.0,0.0,10.0,2.5455,0.0,0.0,0.9048351,Yerushalmi
TgO_Leviticus,25,54,0.0,0.0,0.0,0.7,0.0,0.0,0.0,10.0,2.1818,0.0,0.0,0.78511876,Yerushalmi
TgO_Leviticus,25,55,0.0,0.0,0.0,0.7857,0.0,0.0,0.0,14.0,3.3333,0.0,0.0,0.957177,Yerushalmi
TgO_Leviticus,26,1,0.0,0.0,0.0,0.65,0.0,0.0,0.0,20.0,2.7619,0.0,0.0,0.98292106,Yerushalmi
TgO_Leviticus,26,2,0.0,0.0,0.0,1.0,0.0,0.0,0.0,10.0,2.6364,0.0,0.0,0.95049316,Yerushalmi
TgO_Leviticus,26,3,0.0,0.0,0.0,0.875,0.0,0.0,0.0,8.0,2.2222,0.0,0.0,0.80484766,Yerushalmi
TgO_Leviticus,26,4,0.0,0.0,0.0,0.8,0.0,0.0,0.0,10.0,2.3636,0.0,0.0,0.843367,Yerushalmi
TgO_Leviticus,26,5,0.0,0.0,0.0,0.7143,0.0,0.0,0.0,14.0,3.0667,0.0,0.0,0.95118046,Yerushalmi
TgO_Leviticus,26,6,0.0,0.0,0.0,0.625,0.0,0.0,0.0,16.0,2.2353,0.0,0.0,0.97391295,Yerushalmi
TgO_Leviticus,26,7,0.0,0.0,0.0,0.8333,0.0,0.0,0.0,6.0,2.5714,0.0,0.0,0.66558635,Yerushalmi
TgO_Leviticus,26,8,0.0,0.0,0.0,0.75,0.0,0.0,0.0,12.0,2.6154,0.0,0.0,0.907887,Yerushalmi
TgO_Leviticus,26,9,0.0,0.0,0.0,0.5,0.0,0.0,0.0,12.0,2.3077,0.0,0.0,0.87304187,Yerushalmi
TgO_Leviticus,26,10,0.0,0.0,0.0,0.7143,0.0,0.0,0.0,7.0,3.125,0.0,0.0,0.6899445,Yerushalmi
TgO_Leviticus,26,11,0.0,0.0,0.0,0.8571,0.0,0.0,0.0,7.0,2.5,0.0,0.0,0.7466897,Yerushalmi
TgO_Leviticus,26,12,0.0,0.0,0.0,0.7,0.0,0.0,0.0,10.0,2.8182,0.0,0.0,0.8220039,Yerushalmi
TgO_Leviticus,26,13,0.0,0.0,0.0,0.7059,0.0,0.0,0.0,17.0,2.9444,0.0,0.0,0.97500426,Yerushalmi
TgO_Leviticus,26,14,0.0,0.0,0.0,0.9,0.0,0.0,0.0,10.0,2.5455,0.0,0.0,0.9048351,Yerushalmi
TgO_Leviticus,26,15,0.0,0.0,0.0,0.8235,0.0,0.0,0.0,17.0,2.5,0.0,0.0,0.98670095,Yerushalmi
TgO_Leviticus,26,16,0.0,0.0,0.0,0.7368,0.0,0.0,0.0,19.0,2.9,0.0,0.0,0.98256314,Yerushalmi
TgO_Leviticus,26,17,0.0,0.0,0.0,0.6154,0.0,0.0,0.0,13.0,2.5,0.0,0.0,0.9184851,Yerushalmi
TgO_Leviticus,26,18,0.0,0.0,0.0,0.9167,0.0,0.0,0.0,12.0,2.4615,0.0,0.0,0.95279753,Yerushalmi
TgO_Leviticus,26,19,0.0,0.0,0.0,0.7222,0.0,0.0,0.0,18.0,2.7368,0.0,0.0,0.9822347,Yerushalmi
TgO_Leviticus,26,20,0.0,0.0,0.0,0.6923,0.0,0.0,0.0,13.0,2.6429,0.0,0.0,0.92738307,Yerushalmi
TgO_Leviticus,26,21,0.0,0.0,0.0,0.8571,0.0,0.0,0.0,14.0,2.6667,0.0,0.0,0.9680709,Yerushalmi
TgO_Leviticus,26,22,0.0,0.0,0.0,0.5,0.0,0.0,0.0,14.0,2.2,0.0,0.0,0.9403883,Yerushalmi
TgO_Leviticus,26,23,0.0,0.0,0.0,0.875,0.0,0.0,0.0,8.0,2.5556,0.0,0.0,0.81735134,Yerushalmi
TgO_Leviticus,26,24,0.0,0.0,0.0,0.75,0.0,0.0,0.0,12.0,2.3846,0.0,0.0,0.9042308,Yerushalmi
TgO_Leviticus,26,25,0.0,0.0,0.0,0.7,0.0,0.0,0.0,20.0,2.9524,0.0,0.0,0.98115027,Yerushalmi
TgO_Leviticus,26,26,0.0,0.0,0.0,0.6875,0.0,0.0,0.0,16.0,2.7059,0.0,0.0,0.9714099,Yerushalmi
TgO_Leviticus,26,27,0.0,0.0,0.0,0.875,0.0,0.0,0.0,8.0,2.5556,0.0,0.0,0.81735134,Yerushalmi
TgO_Leviticus,26,28,0.0,0.0,0.0,0.9091,0.0,0.0,0.0,11.0,2.25,0.0,0.0,0.93122184,Yerushalmi
TgO_Leviticus,26,29,0.0,0.0,0.0,0.8333,0.0,0.0,0.0,6.0,2.1429,0.0,0.0,0.63668144,Yerushalmi
TgO_Leviticus,26,30,0.0,0.0,0.0,0.6,0.0,0.0,0.0,15.0,2.5,0.0,0.0,0.95942557,Yerushalmi
TgO_Leviticus,26,31,0.0,0.0,0.0,0.75,0.0,0.0,0.0,12.0,2.9231,0.0,0.0,0.91498816,Yerushalmi
TgO_Leviticus,26,32,0.0,0.0,0.0,0.8889,0.0,0.0,0.0,9.0,2.5,0.0,0.0,0.86600816,Yerushalmi
TgO_Leviticus,26,33,0.0,0.0,0.0,0.7857,0.0,0.0,0.0,14.0,2.5333,0.0,0.0,0.9591458,Yerushalmi
TgO_Leviticus,26,34,0.0,0.0,0.0,0.6471,0.0,0.0,0.0,17.0,3.2778,0.0,0.0,0.96794516,Yerushalmi
TgO_Leviticus,26,35,0.0,0.0,0.0,0.8333,0.0,0.0,0.0,12.0,2.8462,0.0,0.0,0.9327764,Yerushalmi
TgO_Leviticus,26,36,0.0,0.0,0.0,0.619,0.0,0.0,0.0,21.0,2.5455,0.0,0.0,0.98641956,Yerushalmi
TgO_Leviticus,26,37,0.0,0.0,0.0,0.7333,0.0,0.0,0.0,15.0,3.25,0.0,0.0,0.9616928,Yerushalmi
TgO_Leviticus,26,38,0.0,0.0,0.0,0.8571,0.0,0.0,0.0,7.0,2.5,0.0,0.0,0.7466897,Yerushalmi
TgO_Leviticus,26,39,0.0,0.0,0.0,0.5385,0.0,0.0,0.0,13.0,2.2143,0.0,0.0,0.91118145,Yerushalmi
TgO_Leviticus,26,40,0.0,0.0,0.0,0.6923,0.0,0.0,0.0,13.0,2.5,0.0,0.0,0.9257467,Yerushalmi
TgO_Leviticus,26,41,0.0,0.0,0.0,0.8889,0.0,0.0,0.0,18.0,2.6842,0.0,0.0,0.9905873,Yerushalmi
TgO_Leviticus,26,42,0.0,0.0,0.0,0.3,0.0,0.0,0.0,20.0,2.9524,0.0,0.0,0.9801105,Yerushalmi
TgO_Leviticus,26,43,0.0,0.0,0.0,0.7826,0.0,0.0,0.0,23.0,2.6667,0.0,0.0,0.98983234,Yerushalmi
TgO_Leviticus,26,44,0.0,0.0,0.0,0.36,0.0,0.0,0.0,50.0,3.037,0.0,0.0,0.4059484,Bavli
TgO_Leviticus,26,45,0.0,0.0,0.0,0.8,0.0,0.0,0.0,15.0,3.3125,0.0,0.0,0.9666183,Yerushalmi
TgO_Leviticus,26,46,0.0,0.0,0.0,0.6,0.0,0.0,0.0,15.0,3.3125,0.0,0.0,0.9569669,Yerushalmi
TgO_Leviticus,27,1,0.0,0.0,0.0,0.8,0.0,0.0,0.0,5.0,2.5,0.0,0.0,0.55580723,Yerushalmi
TgO_Leviticus,27,2,0.0,0.0,0.0,0.8571,0.0,0.0,0.0,14.0,2.8667,0.0,0.0,0.96739733,Yerushalmi
TgO_Leviticus,27,3,0.0,0.0,0.0,0.7647,0.0,0.0,0.0,17.0,3.0556,0.0,0.0,0.97661203,Yerushalmi
TgO_Leviticus,27,4,0.0,0.0,0.0,0.8571,0.0,0.0,0.0,7.0,3.0,0.0,0.0,0.78080404,Yerushalmi
TgO_Leviticus,27,5,0.0,0.0,0.0,0.625,0.0,0.0,0.0,16.0,2.8235,0.0,0.0,0.96784574,Yerushalmi
TgO_Leviticus,27,6,0.0,0.0,0.0,0.6111,0.0,0.0,0.0,18.0,2.7368,0.0,0.0,0.97841936,Yerushalmi
TgO_Leviticus,27,7,0.0,0.0,0.0,0.7143,0.0,0.0,0.0,14.0,2.9333,0.0,0.0,0.95100105,Yerushalmi
TgO_Leviticus,27,8,0.0,0.0,0.0,0.8235,0.0,0.0,0.0,17.0,2.8333,0.0,0.0,0.98304814,Yerushalmi
TgO_Leviticus,27,9,0.0,0.0,0.0,0.7857,0.0,0.0,0.0,14.0,2.8,0.0,0.0,0.9583237,Yerushalmi
TgO_Leviticus,27,10,0.0,0.0,0.0,0.65,0.0,0.0,0.0,20.0,2.4286,0.0,0.0,0.98814577,Yerushalmi
TgO_Leviticus,27,11,0.0,0.0,0.0,0.8,0.0,0.0,0.0,15.0,2.75,0.0,0.0,0.97085124,Yerushalmi
TgO_Leviticus,27,12,0.0,0.0,0.0,0.8182,0.0,0.0,0.0,11.0,2.25,0.0,0.0,0.8918695,Yerushalmi
TgO_Leviticus,27,13,0.0,0.0,0.0,0.7143,0.0,0.0,0.0,7.0,2.625,0.0,0.0,0.62642825,Yerushalmi
TgO_Leviticus,27,14,0.0,0.0,0.0,0.8,0.0,0.0,0.0,20.0,2.7143,0.0,0.0,0.98924166,Yerushalmi
TgO_Leviticus,27,15,0.0,0.0,0.0,0.75,0.0,0.0,0.0,12.0,2.6923,0.0,0.0,0.90953076,Yerushalmi
TgO_Leviticus,27,16,0.0,0.0,0.0,0.8889,0.0,0.0,0.0,18.0,2.8947,0.0,0.0,0.9885734,Yerushalmi
TgO_Leviticus,27,17,0.0,0.0,0.0,1.0,0.0,0.0,0.0,7.0,2.375,0.0,0.0,0.88718,Yerushalmi
TgO_Leviticus,27,18,0.0,0.0,0.0,0.6842,0.0,0.0,0.0,19.0,2.9,0.0,0.0,0.98037785,Yerushalmi
TgO_Leviticus,27,19,0.0,0.0,0.0,0.6429,0.0,0.0,0.0,14.0,2.7333,0.0,0.0,0.9457768,Yerushalmi
TgO_Leviticus,27,20,0.0,0.0,0.0,0.6429,0.0,0.0,0.0,14.0,2.5333,0.0,0.0,0.9450091,Yerushalmi
TgO_Leviticus,27,21,0.0,0.0,0.0,0.9167,0.0,0.0,0.0,12.0,2.6923,0.0,0.0,0.9535119,Yerushalmi
TgO_Leviticus,27,22,0.0,0.0,0.0,1.0,0.0,0.0,0.0,10.0,2.6364,0.0,0.0,0.95049316,Yerushalmi
TgO_Leviticus,27,23,0.0,0.0,0.0,0.7647,0.0,0.0,0.0,17.0,3.0,0.0,0.0,0.97736657,Yerushalmi
TgO_Leviticus,27,24,0.0,0.0,0.0,1.0,0.0,0.0,0.0,9.0,2.9,0.0,0.0,0.9390935,Yerushalmi
TgO_Leviticus,27,25,0.0,0.0,0.0,0.8889,0.0,0.0,0.0,9.0,3.0,0.0,0.0,0.88286275,Yerushalmi
TgO_Leviticus,27,26,0.0,0.0,0.0,0.875,0.0,0.0,0.0,16.0,2.7059,0.0,0.0,0.98383915,Yerushalmi
TgO_Leviticus,27,27,0.0,0.0,0.0,0.6154,0.0,0.0,0.0,13.0,2.3571,0.0,0.0,0.9163392,Yerushalmi
TgO_Leviticus,27,28,0.0,0.0,0.0,0.5833,0.0,0.0,0.0,24.0,2.84,0.0,0.0,0.9762382,Yerushalmi
TgO_Leviticus,27,29,0.0,0.0,0.0,0.7778,0.0,0.0,0.0,9.0,2.4,0.0,0.0,0.7794367,Yerushalmi
TgO_Leviticus,27,30,0.0,0.0,0.0,0.6429,0.0,0.0,0.0,14.0,2.7333,0.0,0.0,0.9457768,Yerushalmi
TgO_Leviticus,27,31,0.0,0.0,0.0,0.875,0.0,0.0,0.0,8.0,2.4444,0.0,0.0,0.8123636,Yerushalmi
TgO_Leviticus,27,32,0.0,0.0,0.0,0.9231,0.0,0.0,0.0,13.0,3.0,0.0,0.0,0.96778023,Yerushalmi
TgO_Leviticus,27,33,0.0,0.0,0.0,0.6471,0.0,0.0,0.0,17.0,2.5,0.0,0.0,0.97850746,Yerushalmi
TgO_Leviticus,27,34,0.0,0.0,0.0,0.7273,0.0,0.0,0.0,11.0,3.75,0.0,0.0,0.8999373,Yerushalmi
TgO_Numbers,1,1,0.0,0.0,0.0,0.5882,0.0,0.0,0.0,17.0,3.3333,0.0,0.0,0.9662683,Yerushalmi
TgO_Numbers,1,2,0.0,0.0,0.0,0.8571,0.0,0.0,0.0,14.0,3.4,0.0,0.0,0.96557033,Yerushalmi
TgO_Numbers,1,3,0.0,0.0,0.0,0.8462,0.0,0.0,0.0,13.0,2.5,0.0,0.0,0.95293677,Yerushalmi
TgO_Numbers,1,4,0.0,0.0,0.0,0.7778,0.0,0.0,0.0,9.0,2.9,0.0,0.0,0.81176597,Yerushalmi
TgO_Numbers,1,5,0.0,0.0,0.0,0.6667,0.0,0.0,0.0,9.0,3.9,0.0,0.0,0.8292539,Yerushalmi
TgO_Numbers,1,6,0.0,0.0,0.0,0.25,0.0,0.0,0.0,4.0,6.6,0.0,0.0,0.49519807,Bavli
TgO_Numbers,1,7,0.0,0.0,0.0,0.25,0.0,0.0,0.0,4.0,5.6,0.0,0.0,0.63841033,Yerushalmi
TgO_Numbers,1,8,0.0,0.0,0.0,0.25,0.0,0.0,0.0,4.0,5.6,0.0,0.0,0.63841033,Yerushalmi
TgO_Numbers,1,9,0.0,0.0,0.0,0.25,0.0,0.0,0.0,4.0,5.2,0.0,0.0,0.70907456,Yerushalmi
TgO_Numbers,1,10,0.0,0.0,0.0,0.1,0.0,0.0,0.0,10.0,6.0,0.0,0.0,0.66439295,Yerushalmi
TgO_Numbers,1,11,0.0,0.0,0.0,0.25,0.0,0.0,0.0,4.0,6.0,0.0,0.0,0.5687706,Yerushalmi
TgO_Numbers,1,12,0.0,0.0,0.0,0.25,0.0,0.0,0.0,4.0,5.6,0.0,0.0,0.63841033,Yerushalmi
TgO_Numbers,1,13,0.0,0.0,0.0,0.25,0.0,0.0,0.0,4.0,5.0,0.0,0.0,0.73731494,Yerushalmi
TgO_Numbers,1,14,0.0,0.0,0.0,0.25,0.0,0.0,0.0,4.0,4.6,0.0,0.0,0.7732091,Yerushalmi
TgO_Numbers,1,15,0.0,0.0,0.0,0.25,0.0,0.0,0.0,4.0,5.4,0.0,0.0,0.67520595,Yerushalmi
TgO_Numbers,1,16,0.0,0.0,0.0,0.9,0.0,0.0,0.0,10.0,3.3636,0.0,0.0,0.9209301,Yerushalmi
TgO_Numbers,1,17,0.0,0.0,0.0,0.75,0.0,0.0,0.0,8.0,2.5556,0.0,0.0,0.7101355,Yerushalmi
TgO_Numbers,1,18,0.0,0.0,0.0,0.8333,0.0,0.0,0.0,18.0,3.0,0.0,0.0,0.9842577,Yerushalmi
TgO_Numbers,1,19,0.0,0.0,0.0,0.75,0.0,0.0,0.0,8.0,3.5556,0.0,0.0,0.79462117,Yerushalmi
TgO_Numbers,1,20,0.0,0.0,0.0,0.8,0.0,0.0,0.0,20.0,3.4762,0.0,0.0,0.97551537,Yerushalmi
TgO_Numbers,1,21,0.0,0.0,0.0,0.75,0.0,0.0,0.0,8.0,3.4444,0.0,0.0,0.7884736,Yerushalmi
TgO_Numbers,1,22,0.0,0.0,0.0,0.8889,0.0,0.0,0.0,18.0,3.3684,0.0,0.0,0.9831135,Yerushalmi
TgO_Numbers,1,23,0.0,0.0,0.0,0.75,0.0,0.0,0.0,8.0,3.4444,0.0,0.0,0.7884736,Yerushalmi
TgO_Numbers,1,24,0.0,0.0,0.0,0.9286,0.0,0.0,0.0,14.0,2.9333,0.0,0.0,0.97655797,Yerushalmi
TgO_Numbers,1,25,0.0,0.0,0.0,0.6667,0.0,0.0,0.0,9.0,3.0,0.0,0.0,0.7763013,Yerushalmi
TgO_Numbers,1,26,0.0,0.0,0.0,0.9333,0.0,0.0,0.0,15.0,3.375,0.0,0.0,0.9801112,Yerushalmi
TgO_Numbers,1,27,0.0,0.0,0.0,0.75,0.0,0.0,0.0,8.0,3.3333,0.0,0.0,0.7811212,Yerushalmi
TgO_Numbers,1,28,0.0,0.0,0.0,0.9286,0.0,0.0,0.0,14.0,3.4,0.0,0.0,0.97504777,Yerushalmi
TgO_Numbers,1,29,0.0,0.0,0.0,0.75,0.0,0.0,0.0,8.0,3.7778,0.0,0.0,0.8030435,Yerushalmi
TgO_Numbers,1,30,0.0,0.0,0.0,0.9286,0.0,0.0,0.0,14.0,3.2,0.0,0.0,0.9758405,Yerushalmi
TgO_Numbers,1,31,0.0,0.0,0.0,0.75,0.0,0.0,0.0,8.0,3.3333,0.0,0.0,0.7811212,Yerushalmi
TgO_Numbers,1,32,0.0,0.0,0.0,0.8125,0.0,0.0,0.0,16.0,3.3529,0.0,0.0,0.97238,Yerushalmi
TgO_Numbers,1,33,0.0,0.0,0.0,0.8571,0.0,0.0,0.0,7.0,3.875,0.0,0.0,0.8111644,Yerushalmi
TgO_Numbers,1,34,0.0,0.0,0.0,0.9286,0.0,0.0,0.0,14.0,3.2,0.0,0.0,0.9758405,Yerushalmi
TgO_Numbers,1,35,0.0,0.0,0.0,0.7143,0.0,0.0,0.0,7.0,3.375,0.0,0.0,0.71749115,Yerushalmi
TgO_Numbers,1,36,0.0,0.0,0.0,0.9286,0.0,0.0,0.0,14.0,3.3333,0.0,0.0,0.97535545,Yerushalmi
TgO_Numbers,1,37,0.0,0.0,0.0,0.75,0.0,0.0,0.0,8.0,3.6667,0.0,0.0,0.7994878,Yerushalmi
TgO_Numbers,1,38,0.0,0.0,0.0,0.9286,0.0,0.0,0.0,14.0,2.9333,0.0,0.0,0.97655797,Yerushalmi
TgO_Numbers,1,39,0.0,0.0,0.0,0.75,0.0,0.0,0.0,8.0,2.8889,0.0,0.0,0.74229336,Yerushalmi
TgO_Numbers,1,40,0.0,0.0,0.0,0.9286,0.0,0.0,0.0,14.0,3.0667,0.0,0.0,0.97621685,Yerushalmi
TgO_Numbers,1,41,0.0,0.0,0.0,0.75,0.0,0.0,0.0,8.0,3.3333,0.0,0.0,0.7811212,Yerushalmi
TgO_Numbers,1,42,0.0,0.0,0.0,0.9286,0.0,0.0,0.0,14.0,3.2667,0.0,0.0,0.97561616,Yerushalmi
TgO_Numbers,1,43,0.0,0.0,0.0,0.75,0.0,0.0,0.0,8.0,3.5556,0.0,0.0,0.79462117,Yerushalmi
TgO_Numbers,1,44,0.0,0.0,0.0,0.6923,0.0,0.0,0.0,13.0,3.5714,0.0,0.0,0.93611586,Yerushalmi
TgO_Numbers,1,45,0.0,0.0,0.0,0.7857,0.0,0.0,0.0,14.0,2.9333,0.0,0.0,0.95814,Yerushalmi
TgO_Numbers,1,46,0.0,0.0,0.0,0.6,0.0,0.0,0.0,10.0,2.2727,0.0,0.0,0.75705874,Yerushalmi
TgO_Numbers,1,47,0.0,0.0,0.0,1.0,0.0,0.0,0.0,6.0,2.1429,0.0,0.0,0.85086775,Yerushalmi
TgO_Numbers,1,48,0.0,0.0,0.0,0.8,0.0,0.0,0.0,5.0,2.1667,0.0,0.0,0.5289073,Yerushalmi
TgO_Numbers,1,49,0.0,0.0,0.0,0.7692,0.0,0.0,0.0,13.0,3.1429,0.0,0.0,0.9425089,Yerushalmi
TgO_Numbers,1,50,0.0,0.0,0.0,0.52,0.0,0.0,0.0,25.0,2.7692,0.0,0.0,0.9738546,Yerushalmi
TgO_Numbers,1,51,0.0,0.0,0.0,0.6154,0.0,0.0,0.0,13.0,2.7143,0.0,0.0,0.9228613,Yerushalmi
TgO_Numbers,1,52,0.0,0.0,0.0,0.7,0.0,0.0,0.0,10.0,2.7273,0.0,0.0,0.81535673,Yerushalmi
TgO_Numbers,1,53,0.0,0.0,0.0,0.7222,0.0,0.0,0.0,18.0,3.4737,0.0,0.0,0.96946555,Yerushalmi
TgO_Numbers,1,54,0.0,0.0,0.0,0.8,0.0,0.0,0.0,10.0,2.7273,0.0,0.0,0.8570557,Yerushalmi
TgO_Numbers,2,1,0.0,0.0,0.0,0.5714,0.0,0.0,0.0,7.0,3.5,0.0,0.0,0.7145542,Yerushalmi
TgO_Numbers,2,2,0.0,0.0,0.0,0.7857,0.0,0.0,0.0,14.0,3.6667,0.0,0.0,0.9541299,Yerushalmi
TgO_Numbers,2,3,0.0,0.0,0.0,0.5385,0.0,0.0,0.0,13.0,4.2143,0.0,0.0,0.92228293,Yerushalmi
TgO_Numbers,2,4,0.0,0.0,0.0,0.5714,0.0,0.0,0.0,7.0,2.375,0.0,0.0,0.5427698,Yerushalmi
TgO_Numbers,2,5,0.0,0.0,0.0,0.4545,0.0,0.0,0.0,11.0,4.1667,0.0,0.0,0.9044272,Yerushalmi
TgO_Numbers,2,6,0.0,0.0,0.0,0.5714,0.0,0.0,0.0,7.0,2.375,0.0,0.0,0.5427698,Yerushalmi
TgO_Numbers,2,7,0.0,0.0,0.0,0.375,0.0,0.0,0.0,8.0,4.4444,0.0,0.0,0.82682383,Yerushalmi
TgO_Numbers,2,8,0.0,0.0,0.0,0.5714,0.0,0.0,0.0,7.0,2.375,0.0,0.0,0.5427698,Yerushalmi
TgO_Numbers,2,9,0.0,0.0,0.0,0.7692,0.0,0.0,0.0,13.0,3.2143,0.0,0.0,0.9429296,Yerushalmi
TgO_Numbers,2,10,0.0,0.0,0.0,0.5455,0.0,0.0,0.0,11.0,4.3333,0.0,0.0,0.88339067,Yerushalmi
TgO_Numbers,2,11,0.0,0.0,0.0,0.7143,0.0,0.0,0.0,7.0,2.5,0.0,0.0,0.6118091,Yerushalmi
TgO_Numbers,2,12,0.0,0.0,0.0,0.4545,0.0,0.0,0.0,11.0,4.5833,0.0,0.0,0.87578255,Yerushalmi
TgO_Numbers,2,13,0.0,0.0,0.0,0.5714,0.0,0.0,0.0,7.0,2.375,0.0,0.0,0.5427698,Yerushalmi
TgO_Numbers,2,14,0.0,0.0,0.0,0.25,0.0,0.0,0.0,8.0,3.5556,0.0,0.0,0.87627894,Yerushalmi
TgO_Numbers,2,15,0.0,0.0,0.0,0.5,0.0,0.0,0.0,8.0,2.4444,0.0,0.0,0.62847424,Yerushalmi
TgO_Numbers,2,16,0.0,0.0,0.0,0.6429,0.0,0.0,0.0,14.0,2.8,0.0,0.0,0.9461393,Yerushalmi
TgO_Numbers,2,17,0.0,0.0,0.0,0.9333,0.0,0.0,0.0,15.0,3.125,0.0,0.0,0.9815772,Yerushalmi
TgO_Numbers,2,18,0.0,0.0,0.0,0.5455,0.0,0.0,0.0,11.0,4.6667,0.0,0.0,0.8579359,Yerushalmi
TgO_Numbers,2,19,0.0,0.0,0.0,0.6667,0.0,0.0,0.0,6.0,2.5714,0.0,0.0,0.52504134,Yerushalmi
TgO_Numbers,2,20,0.0,0.0,0.0,0.4,0.0,0.0,0.0,10.0,4.0,0.0,0.0,0.89771956,Yerushalmi
TgO_Numbers,2,21,0.0,0.0,0.0,0.5,0.0,0.0,0.0,6.0,2.2857,0.0,0.0,0.47083044,Bavli
TgO_Numbers,2,22,0.0,0.0,0.0,0.25,0.0,0.0,0.0,8.0,4.8889,0.0,0.0,0.8255203,Yerushalmi
TgO_Numbers,2,23,0.0,0.0,0.0,0.5714,0.0,0.0,0.0,7.0,2.375,0.0,0.0,0.5427698,Yerushalmi
TgO_Numbers,2,24,0.0,0.0,0.0,0.8182,0.0,0.0,0.0,11.0,3.0,0.0,0.0,0.90743756,Yerushalmi
TgO_Numbers,2,25,0.0,0.0,0.0,0.5455,0.0,0.0,0.0,11.0,4.0833,0.0,0.0,0.8947283,Yerushalmi
TgO_Numbers,2,26,0.0,0.0,0.0,0.5714,0.0,0.0,0.0,7.0,2.25,0.0,0.0,0.5279235,Yerushalmi
TgO_Numbers,2,27,0.0,0.0,0.0,0.4545,0.0,0.0,0.0,11.0,3.75,0.0,0.0,0.91279763,Yerushalmi
TgO_Numbers,2,28,0.0,0.0,0.0,0.5714,0.0,0.0,0.0,7.0,2.5,0.0,0.0,0.56024456,Yerushalmi
TgO_Numbers,2,29,0.0,0.0,0.0,0.25,0.0,0.0,0.0,8.0,4.5556,0.0,0.0,0.8631846,Yerushalmi
TgO_Numbers,2,30,0.0,0.0,0.0,0.5714,0.0,0.0,0.0,7.0,2.375,0.0,0.0,0.5427698,Yerushalmi
TgO_Numbers,2,31,0.0,0.0,0.0,0.6923,0.0,0.0,0.0,13.0,3.0,0.0,0.0,0.9326533,Yerushalmi
TgO_Numbers,2,32,0.0,0.0,0.0,0.6875,0.0,0.0,0.0,16.0,3.0588,0.0,0.0,0.967723,Yerushalmi
TgO_Numbers,2,33,0.0,0.0,0.0,0.8182,0.0,0.0,0.0,11.0,3.1667,0.0,0.0,0.9115733,Yerushalmi
TgO_Numbers,2,34,0.0,0.0,0.0,0.8235,0.0,0.0,0.0,17.0,3.0,0.0,0.0,0.98109496,Yerushalmi
TgO_Numbers,3,1,0.0,0.0,0.0,0.5455,0.0,0.0,0.0,11.0,3.25,0.0,0.0,0.8859285,Yerushalmi
TgO_Numbers,3,2,0.0,0.0,0.0,0.4444,0.0,0.0,0.0,9.0,3.1,0.0,0.0,0.8054389,Yerushalmi
TgO_Numbers,3,3,0.0,0.0,0.0,0.8,0.0,0.0,0.0,10.0,2.9091,0.0,0.0,0.865382,Yerushalmi
TgO_Numbers,3,4,0.0,0.0,0.0,0.4545,0.0,0.0,0.0,22.0,3.5217,0.0,0.0,0.9577641,Yerushalmi
TgO_Numbers,3,5,0.0,0.0,0.0,0.8,0.0,0.0,0.0,5.0,2.1667,0.0,0.0,0.5289073,Yerushalmi
TgO_Numbers,3,6,0.0,0.0,0.0,0.5455,0.0,0.0,0.0,11.0,2.75,0.0,0.0,0.85129356,Yerushalmi
TgO_Numbers,3,7,0.0,0.0,0.0,0.7333,0.0,0.0,0.0,15.0,3.0625,0.0,0.0,0.96308875,Yerushalmi
TgO_Numbers,3,8,0.0,0.0,0.0,0.7143,0.0,0.0,0.0,14.0,2.9333,0.0,0.0,0.95100105,Yerushalmi
TgO_Numbers,3,9,0.0,0.0,0.0,0.6667,0.0,0.0,0.0,12.0,3.0769,0.0,0.0,0.90836203,Yerushalmi
TgO_Numbers,3,10,0.0,0.0,0.0,0.6364,0.0,0.0,0.0,11.0,2.5,0.0,0.0,0.8379304,Yerushalmi
TgO_Numbers,3,11,0.0,0.0,0.0,0.8,0.0,0.0,0.0,5.0,2.1667,0.0,0.0,0.5289073,Yerushalmi
TgO_Numbers,3,12,0.0,0.0,0.0,0.7368,0.0,0.0,0.0,19.0,3.25,0.0,0.0,0.976122,Yerushalmi
TgO_Numbers,3,13,0.0,0.0,0.0,0.6364,0.0,0.0,0.0,22.0,2.913,0.0,0.0,0.979301,Yerushalmi
TgO_Numbers,3,14,0.0,0.0,0.0,0.7143,0.0,0.0,0.0,7.0,3.125,0.0,0.0,0.6899445,Yerushalmi
TgO_Numbers,3,15,0.0,0.0,0.0,0.8333,0.0,0.0,0.0,12.0,2.9231,0.0,0.0,0.933834,Yerushalmi
TgO_Numbers,3,16,0.0,0.0,0.0,0.875,0.0,0.0,0.0,8.0,3.0,0.0,0.0,0.8394017,Yerushalmi
TgO_Numbers,3,17,0.0,0.0,0.0,0.5,0.0,0.0,0.0,8.0,3.0,0.0,0.0,0.71837,Yerushalmi
TgO_Numbers,3,18,0.0,0.0,0.0,0.5714,0.0,0.0,0.0,7.0,3.25,0.0,0.0,0.6824204,Yerushalmi
TgO_Numbers,3,19,0.0,0.0,0.0,0.2857,0.0,0.0,0.0,7.0,3.5,0.0,0.0,0.8250874,Yerushalmi
TgO_Numbers,3,20,0.0,0.0,0.0,0.5,0.0,0.0,0.0,10.0,4.0,0.0,0.0,0.87694526,Yerushalmi
TgO_Numbers,3,21,0.0,0.0,0.0,0.4444,0.0,0.0,0.0,9.0,4.9,0.0,0.0,0.7880517,Yerushalmi
TgO_Numbers,3,22,0.0,0.0,0.0,0.8333,0.0,0.0,0.0,12.0,2.6154,0.0,0.0,0.92996943,Yerushalmi
TgO_Numbers,3,23,0.0,0.0,0.0,0.8333,0.0,0.0,0.0,6.0,4.0,0.0,0.0,0.7550043,Yerushalmi
TgO_Numbers,3,24,0.0,0.0,0.0,0.4286,0.0,0.0,0.0,7.0,6.375,0.0,0.0,0.51469857,Yerushalmi
TgO_Numbers,3,25,0.0,0.0,0.0,0.5833,0.0,0.0,0.0,12.0,3.0769,0.0,0.0,0.9069514,Yerushalmi
TgO_Numbers,3,26,0.0,0.0,0.0,0.7333,0.0,0.0,0.0,15.0,3.125,0.0,0.0,0.96265936,Yerushalmi
TgO_Numbers,3,27,0.0,0.0,0.0,0.3077,0.0,0.0,0.0,13.0,4.0714,0.0,0.0,0.95333207,Yerushalmi
TgO_Numbers,3,28,0.0,0.0,0.0,0.9231,0.0,0.0,0.0,13.0,2.7143,0.0,0.0,0.96750855,Yerushalmi
TgO_Numbers,3,29,0.0,0.0,0.0,0.875,0.0,0.0,0.0,8.0,2.8889,0.0,0.0,0.83406234,Yerushalmi
TgO_Numbers,3,30,0.0,0.0,0.0,0.4286,0.0,0.0,0.0,7.0,6.875,0.0,0.0,0.46048227,Bavli
TgO_Numbers,3,31,0.0,0.0,0.0,0.6667,0.0,0.0,0.0,12.0,2.7692,0.0,0.0,0.8976908,Yerushalmi
TgO_Numbers,3,32,0.0,0.0,0.0,0.8,0.0,0.0,0.0,15.0,3.3125,0.0,0.0,0.9666183,Yerushalmi
TgO_Numbers,3,33,0.0,0.0,0.0,0.4444,0.0,0.0,0.0,9.0,4.5,0.0,0.0,0.83339614,Yerushalmi
TgO_Numbers,3,34,0.0,0.0,0.0,0.8,0.0,0.0,0.0,10.0,2.1818,0.0,0.0,0.8400263,Yerushalmi
TgO_Numbers,3,35,0.0,0.0,0.0,0.6667,0.0,0.0,0.0,12.0,5.4615,0.0,0.0,0.7788174,Yerushalmi
TgO_Numbers,3,36,0.0,0.0,0.0,0.5385,0.0,0.0,0.0,13.0,2.7143,0.0,0.0,0.9227911,Yerushalmi
TgO_Numbers,3,37,0.0,0.0,0.0,0.6667,0.0,0.0,0.0,6.0,3.1429,0.0,0.0,0.61370337,Yerushalmi
TgO_Numbers,3,38,0.0,0.0,0.0,0.5909,0.0,0.0,0.0,22.0,3.1739,0.0,0.0,0.9701608,Yerushalmi
TgO_Numbers,3,39,0.0,0.0,0.0,0.7778,0.0,0.0,0.0,18.0,2.8421,0.0,0.0,0.98334914,Yerushalmi
TgO_Numbers,3,40,0.0,0.0,0.0,0.75,0.0,0.0,0.0,16.0,2.9412,0.0,0.0,0.972438,Yerushalmi
TgO_Numbers,3,41,0.0,0.0,0.0,0.55,0.0,0.0,0.0,20.0,3.2381,0.0,0.0,0.97056395,Yerushalmi
TgO_Numbers,3,42,0.0,0.0,0.0,0.7273,0.0,0.0,0.0,11.0,3.3333,0.0,0.0,0.8939906,Yerushalmi
TgO_Numbers,3,43,0.0,0.0,0.0,0.75,0.0,0.0,0.0,16.0,2.6471,0.0,0.0,0.97564054,Yerushalmi
TgO_Numbers,3,44,0.0,0.0,0.0,0.8,0.0,0.0,0.0,5.0,2.5,0.0,0.0,0.55580723,Yerushalmi
TgO_Numbers,3,45,0.0,0.0,0.0,0.6842,0.0,0.0,0.0,19.0,3.15,0.0,0.0,0.97565,Yerushalmi
TgO_Numbers,3,46,0.0,0.0,0.0,0.7273,0.0,0.0,0.0,11.0,3.0833,0.0,0.0,0.88535494,Yerushalmi
TgO_Numbers,3,47,0.0,0.0,0.0,0.8182,0.0,0.0,0.0,11.0,3.0833,0.0,0.0,0.909585,Yerushalmi
TgO_Numbers,3,48,0.0,0.0,0.0,0.7143,0.0,0.0,0.0,7.0,2.875,0.0,0.0,0.6583322,Yerushalmi
TgO_Numbers,3,49,0.0,0.0,0.0,0.9,0.0,0.0,0.0,10.0,2.9091,0.0,0.0,0.91276056,Yerushalmi
TgO_Numbers,3,50,0.0,0.0,0.0,0.8,0.0,0.0,0.0,15.0,2.6875,0.0,0.0,0.97133744,Yerushalmi
TgO_Numbers,3,51,0.0,0.0,0.0,0.6,0.0,0.0,0.0,15.0,3.375,0.0,0.0,0.9564892,Yerushalmi
TgO_Numbers,4,1,0.0,0.0,0.0,0.5,0.0,0.0,0.0,8.0,3.0,0.0,0.0,0.71837,Yerushalmi
TgO_Numbers,4,2,0.0,0.0,0.0,0.7,0.0,0.0,0.0,10.0,3.5455,0.0,0.0,0.86310315,Yerushalmi
TgO_Numbers,4,3,0.0,0.0,0.0,0.8824,0.0,0.0,0.0,17.0,2.9444,0.0,0.0,0.9855796,Yerushalmi
TgO_Numbers,4,4,0.0,0.0,0.0,0.75,0.0,0.0,0.0,8.0,3.1111,0.0,0.0,0.7632309,Yerushalmi
TgO_Numbers,4,5,0.0,0.0,0.0,0.5714,0.0,0.0,0.0,14.0,2.8667,0.0,0.0,0.94544536,Yerushalmi
TgO_Numbers,4,6,0.0,0.0,0.0,0.8333,0.0,0.0,0.0,12.0,3.3846,0.0,0.0,0.9388187,Yerushalmi
TgO_Numbers,4,7,0.0,0.0,0.0,0.6667,0.0,0.0,0.0,24.0,3.04,0.0,0.0,0.97367054,Yerushalmi
TgO_Numbers,4,8,0.0,0.0,0.0,0.7692,0.0,0.0,0.0,13.0,2.7143,0.0,0.0,0.93902683,Yerushalmi
TgO_Numbers,4,9,0.0,0.0,0.0,0.7,0.0,0.0,0.0,20.0,2.9048,0.0,0.0,0.98206913,Yerushalmi
TgO_Numbers,4,10,0.0,0.0,0.0,0.8182,0.0,0.0,0.0,11.0,2.5833,0.0,0.0,0.8965268,Yerushalmi
TgO_Numbers,4,11,0.0,0.0,0.0,0.7857,0.0,0.0,0.0,14.0,2.8,0.0,0.0,0.9583237,Yerushalmi
TgO_Numbers,4,12,0.0,0.0,0.0,0.6842,0.0,0.0,0.0,19.0,2.6,0.0,0.0,0.98520136,Yerushalmi
TgO_Numbers,4,13,0.0,0.0,0.0,0.875,0.0,0.0,0.0,8.0,2.6667,0.0,0.0,0.82280314,Yerushalmi
TgO_Numbers,4,14,0.0,0.0,0.0,0.6154,0.0,0.0,0.0,26.0,2.8519,0.0,0.0,0.9716291,Yerushalmi
TgO_Numbers,4,15,0.0,0.0,0.0,0.5667,0.0,0.0,0.0,30.0,2.7742,0.0,0.0,0.9505437,Yerushalmi
TgO_Numbers,4,16,0.0,0.0,0.0,0.6,0.0,0.0,0.0,20.0,3.1429,0.0,0.0,0.9735858,Yerushalmi
TgO_Numbers,4,17,0.0,0.0,0.0,0.5,0.0,0.0,0.0,8.0,3.3333,0.0,0.0,0.76421714,Yerushalmi
TgO_Numbers,4,18,0.0,0.0,0.0,0.875,0.0,0.0,0.0,8.0,3.2222,0.0,0.0,0.8485919,Yerushalmi
TgO_Numbers,4,19,0.0,0.0,0.0,0.55,0.0,0.0,0.0,20.0,2.8571,0.0,0.0,0.9787778,Yerushalmi
TgO_Numbers,4,20,0.0,0.0,0.0,0.8182,0.0,0.0,0.0,11.0,2.4167,0.0,0.0,0.89344126,Yerushalmi
TgO_Numbers,4,21,0.0,0.0,0.0,0.8,0.0,0.0,0.0,5.0,2.5,0.0,0.0,0.55580723,Yerushalmi
TgO_Numbers,4,22,0.0,0.0,0.0,0.8889,0.0,0.0,0.0,9.0,3.5,0.0,0.0,0.894049,Yerushalmi
TgO_Numbers,4,23,0.0,0.0,0.0,0.9,0.0,0.0,0.0,20.0,2.9048,0.0,0.0,0.9910785,Yerushalmi
TgO_Numbers,4,24,0.0,0.0,0.0,0.8571,0.0,0.0,0.0,7.0,3.375,0.0,0.0,0.80107063,Yerushalmi
TgO_Numbers,4,25,0.0,0.0,0.0,0.6471,0.0,0.0,0.0,17.0,3.2222,0.0,0.0,0.96881527,Yerushalmi
TgO_Numbers,4,26,0.0,0.0,0.0,0.6,0.0,0.0,0.0,25.0,3.1538,0.0,0.0,0.9609233,Yerushalmi
TgO_Numbers,4,27,0.0,0.0,0.0,0.5263,0.0,0.0,0.0,19.0,2.95,0.0,0.0,0.9760593,Yerushalmi
TgO_Numbers,4,28,0.0,0.0,0.0,0.6154,0.0,0.0,0.0,13.0,3.7143,0.0,0.0,0.9335997,Yerushalmi
TgO_Numbers,4,29,0.0,0.0,0.0,0.8333,0.0,0.0,0.0,6.0,3.4286,0.0,0.0,0.737139,Yerushalmi
TgO_Numbers,4,30,0.0,0.0,0.0,0.8824,0.0,0.0,0.0,17.0,2.8889,0.0,0.0,0.98611754,Yerushalmi
TgO_Numbers,4,31,0.0,0.0,0.0,0.75,0.0,0.0,0.0,12.0,2.6154,0.0,0.0,0.907887,Yerushalmi
TgO_Numbers,4,32,0.0,0.0,0.0,0.6875,0.0,0.0,0.0,16.0,3.0588,0.0,0.0,0.967723,Yerushalmi
TgO_Numbers,4,33,0.0,0.0,0.0,0.5714,0.0,0.0,0.0,14.0,3.6,0.0,0.0,0.9471502,Yerushalmi
TgO_Numbers,4,34,0.0,0.0,0.0,0.6,0.0,0.0,0.0,10.0,3.0,0.0,0.0,0.8224188,Yerushalmi
TgO_Numbers,4,35,0.0,0.0,0.0,0.8571,0.0,0.0,0.0,14.0,2.8,0.0,0.0,0.96759135,Yerushalmi
TgO_Numbers,4,36,0.0,0.0,0.0,0.875,0.0,0.0,0.0,8.0,2.7778,0.0,0.0,0.8284565,Yerushalmi
TgO_Numbers,4,37,0.0,0.0,0.0,0.75,0.0,0.0,0.0,16.0,3.2941,0.0,0.0,0.96834797,Yerushalmi
TgO_Numbers,4,38,0.0,0.0,0.0,0.8,0.0,0.0,0.0,5.0,3.6667,0.0,0.0,0.67744863,Yerushalmi
TgO_Numbers,4,39,0.0,0.0,0.0,0.8571,0.0,0.0,0.0,14.0,2.8,0.0,0.0,0.96759135,Yerushalmi
TgO_Numbers,4,40,0.0,0.0,0.0,0.7778,0.0,0.0,0.0,9.0,3.0,0.0,0.0,0.8185603,Yerushalmi
TgO_Numbers,4,41,0.0,0.0,0.0,0.8667,0.0,0.0,0.0,15.0,3.1875,0.0,0.0,0.9744031,Yerushalmi
TgO_Numbers,4,42,0.0,0.0,0.0,0.6667,0.0,0.0,0.0,6.0,3.5714,0.0,0.0,0.67088926,Yerushalmi
TgO_Numbers,4,43,0.0,0.0,0.0,0.8571,0.0,0.0,0.0,14.0,2.8,0.0,0.0,0.96759135,Yerushalmi
TgO_Numbers,4,44,0.0,0.0,0.0,0.8333,0.0,0.0,0.0,6.0,2.5714,0.0,0.0,0.66558635,Yerushalmi
TgO_Numbers,4,45,0.0,0.0,0.0,0.7692,0.0,0.0,0.0,13.0,3.4286,0.0,0.0,0.9434315,Yerushalmi
TgO_Numbers,4,46,0.0,0.0,0.0,0.7273,0.0,0.0,0.0,11.0,3.3333,0.0,0.0,0.8939906,Yerushalmi
TgO_Numbers,4,47,0.0,0.0,0.0,0.7647,0.0,0.0,0.0,17.0,2.9444,0.0,0.0,0.9781075,Yerushalmi
TgO_Numbers,4,48,0.0,0.0,0.0,0.7143,0.0,0.0,0.0,7.0,2.5,0.0,0.0,0.6118091,Yerushalmi
TgO_Numbers,4,49,0.0,0.0,0.0,0.5714,0.0,0.0,0.0,21.0,3.3636,0.0,0.0,0.96591324,Yerushalmi
TgO_Numbers,5,1,0.0,0.0,0.0,0.8,0.0,0.0,0.0,5.0,2.1667,0.0,0.0,0.5289073,Yerushalmi
TgO_Numbers,5,2,0.0,0.0,0.0,0.8125,0.0,0.0,0.0,16.0,2.7059,0.0,0.0,0.9792972,Yerushalmi
TgO_Numbers,5,3,0.0,0.0,0.0,0.8571,0.0,0.0,0.0,14.0,3.2,0.0,0.0,0.9664907,Yerushalmi
TgO_Numbers,5,4,0.0,0.0,0.0,0.6667,0.0,0.0,0.0,18.0,3.4737,0.0,0.0,0.9669487,Yerushalmi
TgO_Numbers,5,5,0.0,0.0,0.0,0.8,0.0,0.0,0.0,5.0,2.1667,0.0,0.0,0.5289073,Yerushalmi
TgO_Numbers,5,6,0.0,0.0,0.0,0.8421,0.0,0.0,0.0,19.0,2.85,0.0,0.0,0.9882494,Yerushalmi
TgO_Numbers,5,7,0.0,0.0,0.0,0.6429,0.0,0.0,0.0,14.0,2.4667,0.0,0.0,0.944915,Yerushalmi
TgO_Numbers,5,8,0.0,0.0,0.0,0.8333,0.0,0.0,0.0,18.0,3.1053,0.0,0.0,0.98285407,Yerushalmi
TgO_Numbers,5,9,0.0,0.0,0.0,0.9,0.0,0.0,0.0,10.0,3.6364,0.0,0.0,0.922319,Yerushalmi
TgO_Numbers,5,10,0.0,0.0,0.0,0.8182,0.0,0.0,0.0,11.0,2.9167,0.0,0.0,0.9051865,Yerushalmi
TgO_Numbers,5,11,0.0,0.0,0.0,0.8,0.0,0.0,0.0,5.0,2.1667,0.0,0.0,0.5289073,Yerushalmi
TgO_Numbers,5,12,0.0,0.0,0.0,0.7143,0.0,0.0,0.0,14.0,2.9333,0.0,0.0,0.95100105,Yerushalmi
TgO_Numbers,5,13,0.0,0.0,0.0,0.7778,0.0,0.0,0.0,18.0,2.4737,0.0,0.0,0.9879986,Yerushalmi
TgO_Numbers,5,14,0.0,0.0,0.0,0.5,0.0,0.0,0.0,20.0,2.619,0.0,0.0,0.98238844,Yerushalmi
TgO_Numbers,5,15,0.0,0.0,0.0,0.8182,0.0,0.0,0.0,33.0,2.8824,0.0,0.0,0.96215576,Yerushalmi
TgO_Numbers,5,16,0.0,0.0,0.0,1.0,0.0,0.0,0.0,7.0,2.375,0.0,0.0,0.88718,Yerushalmi
TgO_Numbers,5,17,0.0,0.0,0.0,0.6667,0.0,0.0,0.0,15.0,2.75,0.0,0.0,0.9609039,Yerushalmi
TgO_Numbers,5,18,0.0,0.0,0.0,0.68,0.0,0.0,0.0,25.0,2.9231,0.0,0.0,0.97609437,Yerushalmi
TgO_Numbers,5,19,0.0,0.0,0.0,0.8182,0.0,0.0,0.0,22.0,2.7391,0.0,0.0,0.9903454,Yerushalmi
TgO_Numbers,5,20,0.0,0.0,0.0,0.7143,0.0,0.0,0.0,14.0,2.8,0.0,0.0,0.9507898,Yerushalmi
TgO_Numbers,5,21,0.0,0.0,0.0,0.625,0.0,0.0,0.0,24.0,2.68,0.0,0.0,0.98243374,Yerushalmi
TgO_Numbers,5,22,0.0,0.0,0.0,0.8462,0.0,0.0,0.0,13.0,3.0714,0.0,0.0,0.9543686,Yerushalmi
TgO_Numbers,5,23,0.0,0.0,0.0,0.8889,0.0,0.0,0.0,9.0,2.6,0.0,0.0,0.8691275,Yerushalmi
TgO_Numbers,5,24,0.0,0.0,0.0,0.6154,0.0,0.0,0.0,13.0,2.9286,0.0,0.0,0.9276772,Yerushalmi
TgO_Numbers,5,25,0.0,0.0,0.0,0.5882,0.0,0.0,0.0,17.0,2.8333,0.0,0.0,0.9727917,Yerushalmi
TgO_Numbers,5,26,0.0,0.0,0.0,0.7333,0.0,0.0,0.0,15.0,2.6875,0.0,0.0,0.96557283,Yerushalmi
TgO_Numbers,5,27,0.0,0.0,0.0,0.7391,0.0,0.0,0.0,23.0,2.7083,0.0,0.0,0.9873998,Yerushalmi
TgO_Numbers,5,28,0.0,0.0,0.0,0.7,0.0,0.0,0.0,10.0,2.5455,0.0,0.0,0.8027061,Yerushalmi
TgO_Numbers,5,29,0.0,0.0,0.0,1.0,0.0,0.0,0.0,8.0,3.1111,0.0,0.0,0.92397296,Yerushalmi
TgO_Numbers,5,30,0.0,0.0,0.0,0.7619,0.0,0.0,0.0,21.0,2.7273,0.0,0.0,0.9881856,Yerushalmi
TgO_Numbers,5,31,0.0,0.0,0.0,0.8889,0.0,0.0,0.0,9.0,2.4,0.0,0.0,0.86330986,Yerushalmi
TgO_Numbers,6,1,0.0,0.0,0.0,0.8,0.0,0.0,0.0,5.0,2.1667,0.0,0.0,0.5289073,Yerushalmi
TgO_Numbers,6,2,0.0,0.0,0.0,0.8235,0.0,0.0,0.0,17.0,3.1111,0.0,0.0,0.97973424,Yerushalmi
TgO_Numbers,6,3,0.0,0.0,0.0,0.5909,0.0,0.0,0.0,22.0,2.6087,0.0,0.0,0.9846518,Yerushalmi
TgO_Numbers,6,4,0.0,0.0,0.0,0.8333,0.0,0.0,0.0,12.0,2.8462,0.0,0.0,0.9327764,Yerushalmi
TgO_Numbers,6,5,0.0,0.0,0.0,0.8571,0.0,0.0,0.0,21.0,3.1818,0.0,0.0,0.98532075,Yerushalmi
TgO_Numbers,6,6,0.0,0.0,0.0,0.8333,0.0,0.0,0.0,12.0,3.0769,0.0,0.0,0.9358937,Yerushalmi
TgO_Numbers,6,7,0.0,0.0,0.0,0.8462,0.0,0.0,0.0,13.0,2.2143,0.0,0.0,0.9542689,Yerushalmi
TgO_Numbers,6,8,0.0,0.0,0.0,0.8571,0.0,0.0,0.0,7.0,3.375,0.0,0.0,0.80107063,Yerushalmi
TgO_Numbers,6,9,0.0,0.0,0.0,0.7857,0.0,0.0,0.0,14.0,2.7333,0.0,0.0,0.95845544,Yerushalmi
TgO_Numbers,6,10,0.0,0.0,0.0,0.9231,0.0,0.0,0.0,13.0,3.4286,0.0,0.0,0.967708,Yerushalmi
TgO_Numbers,6,11,0.0,0.0,0.0,0.75,0.0,0.0,0.0,16.0,2.3529,0.0,0.0,0.97900015,Yerushalmi
TgO_Numbers,6,12,0.0,0.0,0.0,0.7647,0.0,0.0,0.0,17.0,3.0556,0.0,0.0,0.97661203,Yerushalmi
TgO_Numbers,6,13,0.0,0.0,0.0,1.0,0.0,0.0,0.0,12.0,2.9231,0.0,0.0,0.9727253,Yerushalmi
TgO_Numbers,6,14,0.0,0.0,0.0,0.6364,0.0,0.0,0.0,22.0,3.1739,0.0,0.0,0.9719371,Yerushalmi
TgO_Numbers,6,15,0.0,0.0,0.0,0.4667,0.0,0.0,0.0,15.0,2.8125,0.0,0.0,0.96006936,Yerushalmi
TgO_Numbers,6,16,0.0,0.0,0.0,0.6667,0.0,0.0,0.0,9.0,2.8,0.0,0.0,0.7555142,Yerushalmi
TgO_Numbers,6,17,0.0,0.0,0.0,0.875,0.0,0.0,0.0,16.0,2.7059,0.0,0.0,0.98383915,Yerushalmi
TgO_Numbers,6,18,0.0,0.0,0.0,0.75,0.0,0.0,0.0,20.0,2.7619,0.0,0.0,0.98657143,Yerushalmi
TgO_Numbers,6,19,0.0,0.0,0.0,0.6957,0.0,0.0,0.0,23.0,2.5,0.0,0.0,0.98935795,Yerushalmi
TgO_Numbers,6,20,0.0,0.0,0.0,0.85,0.0,0.0,0.0,20.0,3.0952,0.0,0.0,0.98616344,Yerushalmi
TgO_Numbers,6,21,0.0,0.0,0.0,0.6818,0.0,0.0,0.0,22.0,3.0,0.0,0.0,0.97902757,Yerushalmi
TgO_Numbers,6,22,0.0,0.0,0.0,0.8,0.0,0.0,0.0,5.0,2.1667,0.0,0.0,0.5289073,Yerushalmi
TgO_Numbers,6,23,0.0,0.0,0.0,0.6429,0.0,0.0,0.0,14.0,3.2,0.0,0.0,0.9479816,Yerushalmi
TgO_Numbers,6,24,0.0,0.0,0.0,0.5,0.0,0.0,0.0,3.0,5.0,0.0,0.0,0.62922645,Yerushalmi
TgO_Numbers,6,25,0.0,0.0,0.0,1.0,0.0,0.0,0.0,6.0,4.25,0.0,0.0,0.8419484,Yerushalmi
TgO_Numbers,6,26,0.0,0.0,0.0,0.8571,0.0,0.0,0.0,7.0,4.4,0.0,0.0,0.79753256,Yerushalmi
TgO_Numbers,6,27,0.0,0.0,0.0,0.8,0.0,0.0,0.0,10.0,2.6364,0.0,0.0,0.8530592,Yerushalmi
TgO_Numbers,7,1,0.0,0.0,0.0,0.4091,0.0,0.0,0.0,22.0,2.4348,0.0,0.0,0.9853352,Yerushalmi
TgO_Numbers,7,2,0.0,0.0,0.0,0.75,0.0,0.0,0.0,12.0,3.1538,0.0,0.0,0.9200816,Yerushalmi
TgO_Numbers,7,3,0.0,0.0,0.0,0.7143,0.0,0.0,0.0,21.0,2.7273,0.0,0.0,0.9863685,Yerushalmi
TgO_Numbers,7,4,0.0,0.0,0.0,0.8,0.0,0.0,0.0,5.0,3.0,0.0,0.0,0.6127869,Yerushalmi
TgO_Numbers,7,5,0.0,0.0,0.0,0.7857,0.0,0.0,0.0,14.0,2.9333,0.0,0.0,0.95814,Yerushalmi
TgO_Numbers,7,6,0.0,0.0,0.0,0.5556,0.0,0.0,0.0,9.0,2.6,0.0,0.0,0.7165121,Yerushalmi
TgO_Numbers,7,7,0.0,0.0,0.0,0.9091,0.0,0.0,0.0,11.0,3.4167,0.0,0.0,0.9422276,Yerushalmi
TgO_Numbers,7,8,0.0,0.0,0.0,0.6875,0.0,0.0,0.0,16.0,3.5882,0.0,0.0,0.9602606,Yerushalmi
TgO_Numbers,7,9,0.0,0.0,0.0,0.9,0.0,0.0,0.0,10.0,2.8182,0.0,0.0,0.91067976,Yerushalmi
TgO_Numbers,7,10,0.0,0.0,0.0,0.6429,0.0,0.0,0.0,14.0,2.7333,0.0,0.0,0.9457768,Yerushalmi
TgO_Numbers,7,11,0.0,0.0,0.0,0.7143,0.0,0.0,0.0,14.0,3.0,0.0,0.0,0.95110416,Yerushalmi
TgO_Numbers,7,12,0.0,0.0,0.0,0.7273,0.0,0.0,0.0,11.0,4.0833,0.0,0.0,0.8958371,Yerushalmi
TgO_Numbers,7,13,0.0,0.0,0.0,0.7391,0.0,0.0,0.0,23.0,3.0833,0.0,0.0,0.9788243,Yerushalmi
TgO_Numbers,7,14,0.0,0.0,0.0,1.0,0.0,0.0,0.0,10.0,3.0,0.0,0.0,0.9537979,Yerushalmi
TgO_Numbers,7,15,0.0,0.0,0.0,0.6364,0.0,0.0,0.0,11.0,3.0,0.0,0.0,0.8690789,Yerushalmi
TgO_Numbers,7,16,0.0,0.0,0.0,1.0,0.0,0.0,0.0,5.0,2.3333,0.0,0.0,0.81596005,Yerushalmi
TgO_Numbers,7,17,0.0,0.0,0.0,0.7059,0.0,0.0,0.0,17.0,3.6667,0.0,0.0,0.96243733,Yerushalmi
TgO_Numbers,7,18,0.0,0.0,0.0,0.6,0.0,0.0,0.0,10.0,4.6364,0.0,0.0,0.8336795,Yerushalmi
TgO_Numbers,7,19,0.0,0.0,0.0,0.8,0.0,0.0,0.0,25.0,3.1538,0.0,0.0,0.9775997,Yerushalmi
TgO_Numbers,7,20,0.0,0.0,0.0,1.0,0.0,0.0,0.0,10.0,3.0,0.0,0.0,0.9537979,Yerushalmi
TgO_Numbers,7,21,0.0,0.0,0.0,0.6364,0.0,0.0,0.0,11.0,3.0,0.0,0.0,0.8690789,Yerushalmi
TgO_Numbers,7,22,0.0,0.0,0.0,1.0,0.0,0.0,0.0,5.0,2.3333,0.0,0.0,0.81596005,Yerushalmi
TgO_Numbers,7,23,0.0,0.0,0.0,0.7059,0.0,0.0,0.0,17.0,3.3889,0.0,0.0,0.9681942,Yerushalmi
TgO_Numbers,7,24,0.0,0.0,0.0,0.5,0.0,0.0,0.0,8.0,3.7778,0.0,0.0,0.7996253,Yerushalmi
TgO_Numbers,7,25,0.0,0.0,0.0,0.7826,0.0,0.0,0.0,23.0,3.2083,0.0,0.0,0.9783221,Yerushalmi
TgO_Numbers,7,26,0.0,0.0,0.0,1.0,0.0,0.0,0.0,10.0,3.0,0.0,0.0,0.9537979,Yerushalmi
TgO_Numbers,7,27,0.0,0.0,0.0,0.6364,0.0,0.0,0.0,11.0,2.8333,0.0,0.0,0.8587063,Yerushalmi
TgO_Numbers,7,28,0.0,0.0,0.0,1.0,0.0,0.0,0.0,5.0,2.3333,0.0,0.0,0.81596005,Yerushalmi
TgO_Numbers,7,29,0.0,0.0,0.0,0.7059,0.0,0.0,0.0,17.0,3.1111,0.0,0.0,0.9726456,Yerushalmi
TgO_Numbers,7,30,0.0,0.0,0.0,0.5,0.0,0.0,0.0,8.0,3.4444,0.0,0.0,0.77609026,Yerushalmi
TgO_Numbers,7,31,0.0,0.0,0.0,0.7826,0.0,0.0,0.0,23.0,3.2083,0.0,0.0,0.9783221,Yerushalmi
TgO_Numbers,7,32,0.0,0.0,0.0,1.0,0.0,0.0,0.0,10.0,3.0,0.0,0.0,0.9537979,Yerushalmi
TgO_Numbers,7,33,0.0,0.0,0.0,0.6364,0.0,0.0,0.0,11.0,2.8333,0.0,0.0,0.8587063,Yerushalmi
TgO_Numbers,7,34,0.0,0.0,0.0,1.0,0.0,0.0,0.0,5.0,2.3333,0.0,0.0,0.81596005,Yerushalmi
TgO_Numbers,7,35,0.0,0.0,0.0,0.7059,0.0,0.0,0.0,17.0,3.3333,0.0,0.0,0.9691623,Yerushalmi
TgO_Numbers,7,36,0.0,0.0,0.0,0.5,0.0,0.0,0.0,8.0,3.5556,0.0,0.0,0.78600264,Yerushalmi
TgO_Numbers,7,37,0.0,0.0,0.0,0.7826,0.0,0.0,0.0,23.0,3.2083,0.0,0.0,0.9783221,Yerushalmi
TgO_Numbers,7,38,0.0,0.0,0.0,1.0,0.0,0.0,0.0,10.0,3.0,0.0,0.0,0.9537979,Yerushalmi
TgO_Numbers,7,39,0.0,0.0,0.0,0.6364,0.0,0.0,0.0,11.0,2.8333,0.0,0.0,0.8587063,Yerushalmi
TgO_Numbers,7,40,0.0,0.0,0.0,1.0,0.0,0.0,0.0,5.0,2.3333,0.0,0.0,0.81596005,Yerushalmi
TgO_Numbers,7,41,0.0,0.0,0.0,0.7059,0.0,0.0,0.0,17.0,3.3889,0.0,0.0,0.9681942,Yerushalmi
TgO_Numbers,7,42,0.0,0.0,0.0,0.5,0.0,0.0,0.0,8.0,2.8889,0.0,0.0,0.7005652,Yerushalmi
TgO_Numbers,7,43,0.0,0.0,0.0,0.7826,0.0,0.0,0.0,23.0,3.2083,0.0,0.0,0.9783221,Yerushalmi
TgO_Numbers,7,44,0.0,0.0,0.0,1.0,0.0,0.0,0.0,10.0,3.0,0.0,0.0,0.9537979,Yerushalmi
TgO_Numbers,7,45,0.0,0.0,0.0,0.6364,0.0,0.0,0.0,11.0,2.8333,0.0,0.0,0.8587063,Yerushalmi
TgO_Numbers,7,46,0.0,0.0,0.0,1.0,0.0,0.0,0.0,5.0,2.3333,0.0,0.0,0.81596005,Yerushalmi
TgO_Numbers,7,47,0.0,0.0,0.0,0.7059,0.0,0.0,0.0,17.0,3.2222,0.0,0.0,0.97096896,Yerushalmi
TgO_Numbers,7,48,0.0,0.0,0.0,0.5,0.0,0.0,0.0,8.0,3.4444,0.0,0.0,0.77609026,Yerushalmi
TgO_Numbers,7,49,0.0,0.0,0.0,0.7826,0.0,0.0,0.0,23.0,3.2083,0.0,0.0,0.9783221,Yerushalmi
TgO_Numbers,7,50,0.0,0.0,0.0,1.0,0.0,0.0,0.0,10.0,3.0,0.0,0.0,0.9537979,Yerushalmi
TgO_Numbers,7,51,0.0,0.0,0.0,0.6364,0.0,0.0,0.0,11.0,2.8333,0.0,0.0,0.8587063,Yerushalmi
TgO_Numbers,7,52,0.0,0.0,0.0,1.0,0.0,0.0,0.0,5.0,2.3333,0.0,0.0,0.81596005,Yerushalmi
TgO_Numbers,7,53,0.0,0.0,0.0,0.7059,0.0,0.0,0.0,17.0,3.3333,0.0,0.0,0.9691623,Yerushalmi
TgO_Numbers,7,54,0.0,0.0,0.0,0.5,0.0,0.0,0.0,8.0,3.3333,0.0,0.0,0.76421714,Yerushalmi
TgO_Numbers,7,55,0.0,0.0,0.0,0.7826,0.0,0.0,0.0,23.0,3.2083,0.0,0.0,0.9783221,Yerushalmi
TgO_Numbers,7,56,0.0,0.0,0.0,1.0,0.0,0.0,0.0,10.0,3.0,0.0,0.0,0.9537979,Yerushalmi
TgO_Numbers,7,57,0.0,0.0,0.0,0.6364,0.0,0.0,0.0,11.0,2.8333,0.0,0.0,0.8587063,Yerushalmi
TgO_Numbers,7,58,0.0,0.0,0.0,1.0,0.0,0.0,0.0,5.0,2.3333,0.0,0.0,0.81596005,Yerushalmi
TgO_Numbers,7,59,0.0,0.0,0.0,0.7059,0.0,0.0,0.0,17.0,3.3333,0.0,0.0,0.9691623,Yerushalmi
TgO_Numbers,7,60,0.0,0.0,0.0,0.5,0.0,0.0,0.0,8.0,3.3333,0.0,0.0,0.76421714,Yerushalmi
TgO_Numbers,7,61,0.0,0.0,0.0,0.7826,0.0,0.0,0.0,23.0,3.2083,0.0,0.0,0.9783221,Yerushalmi
TgO_Numbers,7,62,0.0,0.0,0.0,1.0,0.0,0.0,0.0,10.0,3.0,0.0,0.0,0.9537979,Yerushalmi
TgO_Numbers,7,63,0.0,0.0,0.0,0.6364,0.0,0.0,0.0,11.0,2.8333,0.0,0.0,0.8587063,Yerushalmi
TgO_Numbers,7,64,0.0,0.0,0.0,1.0,0.0,0.0,0.0,5.0,2.3333,0.0,0.0,0.81596005,Yerushalmi
TgO_Numbers,7,65,0.0,0.0,0.0,0.7059,0.0,0.0,0.0,17.0,3.2778,0.0,0.0,0.97008395,Yerushalmi
TgO_Numbers,7,66,0.0,0.0,0.0,0.5,0.0,0.0,0.0,8.0,3.2222,0.0,0.0,0.7505012,Yerushalmi
TgO_Numbers,7,67,0.0,0.0,0.0,0.7826,0.0,0.0,0.0,23.0,3.2083,0.0,0.0,0.9783221,Yerushalmi
TgO_Numbers,7,68,0.0,0.0,0.0,1.0,0.0,0.0,0.0,10.0,3.0,0.0,0.0,0.9537979,Yerushalmi
TgO_Numbers,7,69,0.0,0.0,0.0,0.6364,0.0,0.0,0.0,11.0,2.8333,0.0,0.0,0.8587063,Yerushalmi
TgO_Numbers,7,70,0.0,0.0,0.0,1.0,0.0,0.0,0.0,5.0,2.3333,0.0,0.0,0.81596005,Yerushalmi
TgO_Numbers,7,71,0.0,0.0,0.0,0.7059,0.0,0.0,0.0,17.0,3.3889,0.0,0.0,0.9681942,Yerushalmi
TgO_Numbers,7,72,0.0,0.0,0.0,0.5556,0.0,0.0,0.0,9.0,3.8,0.0,0.0,0.8317809,Yerushalmi
TgO_Numbers,7,73,0.0,0.0,0.0,0.7826,0.0,0.0,0.0,23.0,3.2083,0.0,0.0,0.9783221,Yerushalmi
TgO_Numbers,7,74,0.0,0.0,0.0,1.0,0.0,0.0,0.0,10.0,3.0,0.0,0.0,0.9537979,Yerushalmi
TgO_Numbers,7,75,0.0,0.0,0.0,0.6364,0.0,0.0,0.0,11.0,2.8333,0.0,0.0,0.8587063,Yerushalmi
TgO_Numbers,7,76,0.0,0.0,0.0,1.0,0.0,0.0,0.0,5.0,2.3333,0.0,0.0,0.81596005,Yerushalmi
TgO_Numbers,7,77,0.0,0.0,0.0,0.7059,0.0,0.0,0.0,17.0,3.2222,0.0,0.0,0.97096896,Yerushalmi
TgO_Numbers,7,78,0.0,0.0,0.0,0.5556,0.0,0.0,0.0,9.0,3.3,0.0,0.0,0.8023442,Yerushalmi
TgO_Numbers,7,79,0.0,0.0,0.0,0.7826,0.0,0.0,0.0,23.0,3.2083,0.0,0.0,0.9783221,Yerushalmi
TgO_Numbers,7,80,0.0,0.0,0.0,1.0,0.0,0.0,0.0,10.0,3.0,0.0,0.0,0.9537979,Yerushalmi
TgO_Numbers,7,81,0.0,0.0,0.0,0.6364,0.0,0.0,0.0,11.0,2.8333,0.0,0.0,0.8587063,Yerushalmi
TgO_Numbers,7,82,0.0,0.0,0.0,1.0,0.0,0.0,0.0,5.0,2.3333,0.0,0.0,0.81596005,Yerushalmi
TgO_Numbers,7,83,0.0,0.0,0.0,0.7059,0.0,0.0,0.0,17.0,3.1667,0.0,0.0,0.97182,Yerushalmi
TgO_Numbers,7,84,0.0,0.0,0.0,0.7778,0.0,0.0,0.0,18.0,3.6842,0.0,0.0,0.96829265,Yerushalmi
TgO_Numbers,7,85,0.0,0.0,0.0,0.7143,0.0,0.0,0.0,21.0,2.8182,0.0,0.0,0.9847451,Yerushalmi
TgO_Numbers,7,86,0.0,0.0,0.0,0.7895,0.0,0.0,0.0,19.0,3.3,0.0,0.0,0.97828007,Yerushalmi
TgO_Numbers,7,87,0.0,0.0,0.0,0.6667,0.0,0.0,0.0,18.0,3.4737,0.0,0.0,0.9669487,Yerushalmi
TgO_Numbers,7,88,0.0,0.0,0.0,0.8095,0.0,0.0,0.0,21.0,3.0909,0.0,0.0,0.98419243,Yerushalmi
TgO_Numbers,7,89,0.0,0.0,0.0,0.7273,0.0,0.0,0.0,22.0,3.2609,0.0,0.0,0.97440016,Yerushalmi
TgO_Numbers,8,1,0.0,0.0,0.0,0.8,0.0,0.0,0.0,5.0,2.1667,0.0,0.0,0.5289073,Yerushalmi
TgO_Numbers,8,2,0.0,0.0,0.0,0.8,0.0,0.0,0.0,15.0,3.375,0.0,0.0,0.9660143,Yerushalmi
TgO_Numbers,8,3,0.0,0.0,0.0,0.8462,0.0,0.0,0.0,13.0,3.3571,0.0,0.0,0.9548963,Yerushalmi
TgO_Numbers,8,4,0.0,0.0,0.0,0.75,0.0,0.0,0.0,20.0,2.8571,0.0,0.0,0.9850372,Yerushalmi
TgO_Numbers,8,5,0.0,0.0,0.0,0.8,0.0,0.0,0.0,5.0,2.1667,0.0,0.0,0.5289073,Yerushalmi
TgO_Numbers,8,6,0.0,0.0,0.0,0.75,0.0,0.0,0.0,8.0,2.8889,0.0,0.0,0.74229336,Yerushalmi
TgO_Numbers,8,7,0.0,0.0,0.0,0.6875,0.0,0.0,0.0,16.0,2.8235,0.0,0.0,0.9701749,Yerushalmi
TgO_Numbers,8,8,0.0,0.0,0.0,0.6429,0.0,0.0,0.0,14.0,2.6,0.0,0.0,0.9451942,Yerushalmi
TgO_Numbers,8,9,0.0,0.0,0.0,0.75,0.0,0.0,0.0,12.0,3.0,0.0,0.0,0.9167943,Yerushalmi
TgO_Numbers,8,10,0.0,0.0,0.0,0.6667,0.0,0.0,0.0,12.0,2.6154,0.0,0.0,0.8922812,Yerushalmi
TgO_Numbers,8,11,0.0,0.0,0.0,0.6667,0.0,0.0,0.0,15.0,2.9375,0.0,0.0,0.9600436,Yerushalmi
TgO_Numbers,8,12,0.0,0.0,0.0,0.7368,0.0,0.0,0.0,19.0,2.45,0.0,0.0,0.9889697,Yerushalmi
TgO_Numbers,8,13,0.0,0.0,0.0,0.5833,0.0,0.0,0.0,12.0,2.5385,0.0,0.0,0.88237476,Yerushalmi
TgO_Numbers,8,14,0.0,0.0,0.0,0.7,0.0,0.0,0.0,10.0,3.0,0.0,0.0,0.8350402,Yerushalmi
TgO_Numbers,8,15,0.0,0.0,0.0,0.7143,0.0,0.0,0.0,14.0,2.6667,0.0,0.0,0.95069,Yerushalmi
TgO_Numbers,8,16,0.0,0.0,0.0,0.7895,0.0,0.0,0.0,19.0,3.2,0.0,0.0,0.9801357,Yerushalmi
TgO_Numbers,8,17,0.0,0.0,0.0,0.6471,0.0,0.0,0.0,17.0,2.8889,0.0,0.0,0.97347313,Yerushalmi
TgO_Numbers,8,18,0.0,0.0,0.0,0.875,0.0,0.0,0.0,8.0,3.0,0.0,0.0,0.8394017,Yerushalmi
TgO_Numbers,8,19,0.0,0.0,0.0,0.5,0.0,0.0,0.0,30.0,3.1935,0.0,0.0,0.90121526,Yerushalmi
TgO_Numbers,8,20,0.0,0.0,0.0,0.5263,0.0,0.0,0.0,19.0,3.25,0.0,0.0,0.97062844,Yerushalmi
TgO_Numbers,8,21,0.0,0.0,0.0,0.6429,0.0,0.0,0.0,14.0,2.9333,0.0,0.0,0.9469036,Yerushalmi
TgO_Numbers,8,22,0.0,0.0,0.0,0.6957,0.0,0.0,0.0,23.0,3.2083,0.0,0.0,0.9721226,Yerushalmi
TgO_Numbers,8,23,0.0,0.0,0.0,0.8,0.0,0.0,0.0,5.0,2.1667,0.0,0.0,0.5289073,Yerushalmi
TgO_Numbers,8,24,0.0,0.0,0.0,0.8,0.0,0.0,0.0,15.0,2.6875,0.0,0.0,0.97133744,Yerushalmi
TgO_Numbers,8,25,0.0,0.0,0.0,0.8889,0.0,0.0,0.0,9.0,2.8,0.0,0.0,0.8760315,Yerushalmi
TgO_Numbers,8,26,0.0,0.0,0.0,0.8571,0.0,0.0,0.0,14.0,2.5333,0.0,0.0,0.968719,Yerushalmi
TgO_Numbers,9,1,0.0,0.0,0.0,0.6429,0.0,0.0,0.0,14.0,3.0667,0.0,0.0,0.9475758,Yerushalmi
TgO_Numbers,9,2,0.0,0.0,0.0,0.8571,0.0,0.0,0.0,7.0,2.75,0.0,0.0,0.7636805,Yerushalmi
TgO_Numbers,9,3,0.0,0.0,0.0,0.7059,0.0,0.0,0.0,17.0,2.6667,0.0,0.0,0.97872156,Yerushalmi
TgO_Numbers,9,4,0.0,0.0,0.0,0.7143,0.0,0.0,0.0,7.0,2.875,0.0,0.0,0.6583322,Yerushalmi
TgO_Numbers,9,5,0.0,0.0,0.0,0.7,0.0,0.0,0.0,20.0,2.9524,0.0,0.0,0.98115027,Yerushalmi
TgO_Numbers,9,6,0.0,0.0,0.0,0.65,0.0,0.0,0.0,20.0,3.0,0.0,0.0,0.9782539,Yerushalmi
TgO_Numbers,9,7,0.0,0.0,0.0,0.9048,0.0,0.0,0.0,21.0,3.1818,0.0,0.0,0.9881048,Yerushalmi
TgO_Numbers,9,8,0.0,0.0,0.0,0.7333,0.0,0.0,0.0,15.0,3.3125,0.0,0.0,0.96113217,Yerushalmi
TgO_Numbers,9,9,0.0,0.0,0.0,0.8,0.0,0.0,0.0,5.0,2.1667,0.0,0.0,0.5289073,Yerushalmi
TgO_Numbers,9,10,0.0,0.0,0.0,0.8261,0.0,0.0,0.0,23.0,3.0,0.0,0.0,0.9860555,Yerushalmi
TgO_Numbers,9,11,0.0,0.0,0.0,0.9167,0.0,0.0,0.0,12.0,2.5385,0.0,0.0,0.95292276,Yerushalmi
TgO_Numbers,9,12,0.0,0.0,0.0,0.9286,0.0,0.0,0.0,14.0,2.4,0.0,0.0,0.9786545,Yerushalmi
TgO_Numbers,9,13,0.0,0.0,0.0,0.7391,0.0,0.0,0.0,23.0,2.6667,0.0,0.0,0.9881412,Yerushalmi
TgO_Numbers,9,14,0.0,0.0,0.0,0.6667,0.0,0.0,0.0,21.0,2.6818,0.0,0.0,0.9854909,Yerushalmi
TgO_Numbers,9,15,0.0,0.0,0.0,0.7222,0.0,0.0,0.0,18.0,2.7368,0.0,0.0,0.9822347,Yerushalmi
TgO_Numbers,9,16,0.0,0.0,0.0,0.8889,0.0,0.0,0.0,9.0,2.6,0.0,0.0,0.8691275,Yerushalmi
TgO_Numbers,9,17,0.0,0.0,0.0,0.5882,0.0,0.0,0.0,17.0,3.1111,0.0,0.0,0.96941096,Yerushalmi
TgO_Numbers,9,18,0.0,0.0,0.0,0.5882,0.0,0.0,0.0,17.0,3.2778,0.0,0.0,0.96711594,Yerushalmi
TgO_Numbers,9,19,0.0,0.0,0.0,0.8667,0.0,0.0,0.0,15.0,2.875,0.0,0.0,0.9764591,Yerushalmi
TgO_Numbers,9,20,0.0,0.0,0.0,0.5238,0.0,0.0,0.0,21.0,2.9091,0.0,0.0,0.9773386,Yerushalmi
TgO_Numbers,9,21,0.0,0.0,0.0,0.5625,0.0,0.0,0.0,16.0,2.2941,0.0,0.0,0.97126853,Yerushalmi
TgO_Numbers,9,22,0.0,0.0,0.0,0.6667,0.0,0.0,0.0,21.0,2.7273,0.0,0.0,0.9846683,Yerushalmi
TgO_Numbers,9,23,0.0,0.0,0.0,0.5556,0.0,0.0,0.0,18.0,3.1053,0.0,0.0,0.97208107,Yerushalmi
TgO_Numbers,10,1,0.0,0.0,0.0,0.8,0.0,0.0,0.0,5.0,2.1667,0.0,0.0,0.5289073,Yerushalmi
TgO_Numbers,10,2,0.0,0.0,0.0,0.6667,0.0,0.0,0.0,15.0,3.0625,0.0,0.0,0.9594627,Yerushalmi
TgO_Numbers,10,3,0.0,0.0,0.0,0.8889,0.0,0.0,0.0,9.0,2.6,0.0,0.0,0.8691275,Yerushalmi
TgO_Numbers,10,4,0.0,0.0,0.0,0.7778,0.0,0.0,0.0,9.0,2.9,0.0,0.0,0.81176597,Yerushalmi
TgO_Numbers,10,5,0.0,0.0,0.0,0.8333,0.0,0.0,0.0,6.0,2.7143,0.0,0.0,0.6784378,Yerushalmi
TgO_Numbers,10,6,0.0,0.0,0.0,0.8,0.0,0.0,0.0,10.0,3.2727,0.0,0.0,0.88007176,Yerushalmi
TgO_Numbers,10,7,0.0,0.0,0.0,0.8333,0.0,0.0,0.0,6.0,2.1429,0.0,0.0,0.63668144,Yerushalmi
TgO_Numbers,10,8,0.0,0.0,0.0,0.8,0.0,0.0,0.0,10.0,2.8182,0.0,0.0,0.86120784,Yerushalmi
TgO_Numbers,10,9,0.0,0.0,0.0,0.6842,0.0,0.0,0.0,19.0,2.7,0.0,0.0,0.98369443,Yerushalmi
TgO_Numbers,10,10,0.0,0.0,0.0,0.65,0.0,0.0,0.0,20.0,2.8571,0.0,0.0,0.9811501,Yerushalmi
TgO_Numbers,10,11,0.0,0.0,0.0,0.6667,0.0,0.0,0.0,12.0,2.9231,0.0,0.0,0.9032338,Yerushalmi
TgO_Numbers,10,12,0.0,0.0,0.0,0.6,0.0,0.0,0.0,10.0,3.6364,0.0,0.0,0.86178285,Yerushalmi
TgO_Numbers,10,13,0.0,0.0,0.0,0.8571,0.0,0.0,0.0,7.0,3.5,0.0,0.0,0.805594,Yerushalmi
TgO_Numbers,10,14,0.0,0.0,0.0,0.5,0.0,0.0,0.0,12.0,4.1538,0.0,0.0,0.9159234,Yerushalmi
TgO_Numbers,10,15,0.0,0.0,0.0,0.5,0.0,0.0,0.0,8.0,4.0,0.0,0.0,0.8048271,Yerushalmi
TgO_Numbers,10,16,0.0,0.0,0.0,0.5,0.0,0.0,0.0,8.0,3.7778,0.0,0.0,0.7996253,Yerushalmi
TgO_Numbers,10,17,0.0,0.0,0.0,0.4444,0.0,0.0,0.0,9.0,3.4,0.0,0.0,0.8356197,Yerushalmi
TgO_Numbers,10,18,0.0,0.0,0.0,0.5,0.0,0.0,0.0,10.0,3.8182,0.0,0.0,0.8778889,Yerushalmi
TgO_Numbers,10,19,0.0,0.0,0.0,0.5,0.0,0.0,0.0,8.0,4.5556,0.0,0.0,0.78200376,Yerushalmi
TgO_Numbers,10,20,0.0,0.0,0.0,0.5,0.0,0.0,0.0,8.0,3.4444,0.0,0.0,0.77609026,Yerushalmi
TgO_Numbers,10,21,0.0,0.0,0.0,0.8,0.0,0.0,0.0,10.0,2.6364,0.0,0.0,0.8530592,Yerushalmi
TgO_Numbers,10,22,0.0,0.0,0.0,0.4545,0.0,0.0,0.0,11.0,4.0833,0.0,0.0,0.90764964,Yerushalmi
TgO_Numbers,10,23,0.0,0.0,0.0,0.5,0.0,0.0,0.0,8.0,4.2222,0.0,0.0,0.8016403,Yerushalmi
TgO_Numbers,10,24,0.0,0.0,0.0,0.5,0.0,0.0,0.0,8.0,4.1111,0.0,0.0,0.80427015,Yerushalmi
TgO_Numbers,10,25,0.0,0.0,0.0,0.5,0.0,0.0,0.0,14.0,3.7333,0.0,0.0,0.94922894,Yerushalmi
TgO_Numbers,10,26,0.0,0.0,0.0,0.5,0.0,0.0,0.0,8.0,3.6667,0.0,0.0,0.7938587,Yerushalmi
TgO_Numbers,10,27,0.0,0.0,0.0,0.5,0.0,0.0,0.0,8.0,3.8889,0.0,0.0,0.8032825,Yerushalmi
TgO_Numbers,10,28,0.0,0.0,0.0,0.8333,0.0,0.0,0.0,6.0,3.0,0.0,0.0,0.70465755,Yerushalmi
TgO_Numbers,10,29,0.0,0.0,0.0,0.6296,0.0,0.0,0.0,27.0,3.6429,0.0,0.0,0.9165685,Yerushalmi
TgO_Numbers,10,30,0.0,0.0,0.0,0.625,0.0,0.0,0.0,8.0,2.5556,0.0,0.0,0.6480939,Yerushalmi
TgO_Numbers,10,31,0.0,0.0,0.0,0.8235,0.0,0.0,0.0,17.0,2.6667,0.0,0.0,0.9849171,Yerushalmi
TgO_Numbers,10,32,0.0,0.0,0.0,0.6667,0.0,0.0,0.0,12.0,2.4615,0.0,0.0,0.8875747,Yerushalmi
TgO_Numbers,10,33,0.0,0.0,0.0,0.7143,0.0,0.0,0.0,21.0,3.2273,0.0,0.0,0.97561276,Yerushalmi
TgO_Numbers,10,34,0.0,0.0,0.0,0.8889,0.0,0.0,0.0,9.0,2.6,0.0,0.0,0.8691275,Yerushalmi
TgO_Numbers,10,35,0.0,0.0,0.0,0.6667,0.0,0.0,0.0,12.0,3.1538,0.0,0.0,0.910629,Yerushalmi
TgO_Numbers,10,36,0.0,0.0,0.0,0.9091,0.0,0.0,0.0,11.0,3.3333,0.0,0.0,0.94175863,Yerushalmi
TgO_Numbers,11,1,0.0,0.0,0.0,0.6,0.0,0.0,0.0,20.0,2.7143,0.0,0.0,0.98238957,Yerushalmi
TgO_Numbers,11,2,0.0,0.0,0.0,0.6,0.0,0.0,0.0,10.0,3.0,0.0,0.0,0.8224188,Yerushalmi
TgO_Numbers,11,3,0.0,0.0,0.0,0.9091,0.0,0.0,0.0,11.0,2.9167,0.0,0.0,0.93712085,Yerushalmi
TgO_Numbers,11,4,0.0,0.0,0.0,0.6154,0.0,0.0,0.0,13.0,2.5,0.0,0.0,0.9184851,Yerushalmi
TgO_Numbers,11,5,0.0,0.0,0.0,0.8,0.0,0.0,0.0,15.0,2.75,0.0,0.0,0.97085124,Yerushalmi
TgO_Numbers,11,6,0.0,0.0,0.0,0.8889,0.0,0.0,0.0,9.0,3.2,0.0,0.0,0.8886643,Yerushalmi
TgO_Numbers,11,7,0.0,0.0,0.0,0.7143,0.0,0.0,0.0,7.0,2.25,0.0,0.0,0.58821553,Yerushalmi
TgO_Numbers,11,8,0.0,0.0,0.0,0.5714,0.0,0.0,0.0,21.0,2.4545,0.0,0.0,0.98677117,Yerushalmi
TgO_Numbers,11,9,0.0,0.0,0.0,0.7778,0.0,0.0,0.0,9.0,2.2,0.0,0.0,0.77154744,Yerushalmi
TgO_Numbers,11,10,0.0,0.0,0.0,0.75,0.0,0.0,0.0,16.0,2.9412,0.0,0.0,0.972438,Yerushalmi
TgO_Numbers,11,11,0.0,0.0,0.0,0.8421,0.0,0.0,0.0,19.0,2.75,0.0,0.0,0.9894366,Yerushalmi
TgO_Numbers,11,12,0.0,0.0,0.0,0.9048,0.0,0.0,0.0,21.0,2.8636,0.0,0.0,0.99207807,Yerushalmi
TgO_Numbers,11,13,0.0,0.0,0.0,0.8,0.0,0.0,0.0,15.0,2.6875,0.0,0.0,0.97133744,Yerushalmi
TgO_Numbers,11,14,0.0,0.0,0.0,0.9231,0.0,0.0,0.0,13.0,2.7857,0.0,0.0,0.9675359,Yerushalmi
TgO_Numbers,11,15,0.0,0.0,0.0,0.7333,0.0,0.0,0.0,15.0,2.6875,0.0,0.0,0.96557283,Yerushalmi
TgO_Numbers,11,16,0.0,0.0,0.0,0.6818,0.0,0.0,0.0,22.0,2.9565,0.0,0.0,0.980123,Yerushalmi
TgO_Numbers,11,17,0.0,0.0,0.0,0.5556,0.0,0.0,0.0,18.0,2.3684,0.0,0.0,0.98228127,Yerushalmi
TgO_Numbers,11,18,0.0,0.0,0.0,0.5652,0.0,0.0,0.0,23.0,2.7917,0.0,0.0,0.9789362,Yerushalmi
TgO_Numbers,11,19,0.0,0.0,0.0,0.5625,0.0,0.0,0.0,16.0,2.6471,0.0,0.0,0.968103,Yerushalmi
TgO_Numbers,11,20,0.0,0.0,0.0,0.7917,0.0,0.0,0.0,24.0,2.92,0.0,0.0,0.9848786,Yerushalmi
TgO_Numbers,11,21,0.0,0.0,0.0,0.7778,0.0,0.0,0.0,18.0,2.8947,0.0,0.0,0.9826124,Yerushalmi
TgO_Numbers,11,22,0.0,0.0,0.0,0.6667,0.0,0.0,0.0,15.0,3.125,0.0,0.0,0.9591333,Yerushalmi
TgO_Numbers,11,23,0.0,0.0,0.0,0.75,0.0,0.0,0.0,12.0,2.7692,0.0,0.0,0.91129965,Yerushalmi
TgO_Numbers,11,24,0.0,0.0,0.0,0.5714,0.0,0.0,0.0,21.0,3.0,0.0,0.0,0.9759492,Yerushalmi
TgO_Numbers,11,25,0.0,0.0,0.0,0.6087,0.0,0.0,0.0,23.0,2.4167,0.0,0.0,0.98819256,Yerushalmi
TgO_Numbers,11,26,0.0,0.0,0.0,0.5714,0.0,0.0,0.0,21.0,2.8182,0.0,0.0,0.98011833,Yerushalmi
TgO_Numbers,11,27,0.0,0.0,0.0,0.4444,0.0,0.0,0.0,9.0,3.0,0.0,0.0,0.79283905,Yerushalmi
TgO_Numbers,11,28,0.0,0.0,0.0,0.5455,0.0,0.0,0.0,11.0,3.6667,0.0,0.0,0.8990895,Yerushalmi
TgO_Numbers,11,29,0.0,0.0,0.0,0.8095,0.0,0.0,0.0,21.0,3.0,0.0,0.0,0.98584217,Yerushalmi
TgO_Numbers,11,30,0.0,0.0,0.0,0.5,0.0,0.0,0.0,6.0,3.2857,0.0,0.0,0.6480876,Yerushalmi
TgO_Numbers,11,31,0.0,0.0,0.0,0.76,0.0,0.0,0.0,25.0,3.1923,0.0,0.0,0.9727094,Yerushalmi
TgO_Numbers,11,32,0.0,0.0,0.0,0.6818,0.0,0.0,0.0,22.0,3.5217,0.0,0.0,0.96262014,Yerushalmi
TgO_Numbers,11,33,0.0,0.0,0.0,0.8235,0.0,0.0,0.0,17.0,2.7222,0.0,0.0,0.9843034,Yerushalmi
TgO_Numbers,11,34,0.0,0.0,0.0,0.7692,0.0,0.0,0.0,13.0,2.5,0.0,0.0,0.9379091,Yerushalmi
TgO_Numbers,11,35,0.0,0.0,0.0,0.8571,0.0,0.0,0.0,7.0,3.125,0.0,0.0,0.78852284,Yerushalmi
TgO_Numbers,12,1,0.0,0.0,0.0,0.6154,0.0,0.0,0.0,13.0,3.4286,0.0,0.0,0.9347963,Yerushalmi
TgO_Numbers,12,2,0.0,0.0,0.0,0.6667,0.0,0.0,0.0,15.0,2.5,0.0,0.0,0.9624331,Yerushalmi
TgO_Numbers,12,3,0.0,0.0,0.0,0.875,0.0,0.0,0.0,8.0,3.3333,0.0,0.0,0.8521892,Yerushalmi
TgO_Numbers,12,4,0.0,0.0,0.0,0.5833,0.0,0.0,0.0,12.0,3.0,0.0,0.0,0.90380836,Yerushalmi
TgO_Numbers,12,5,0.0,0.0,0.0,0.5385,0.0,0.0,0.0,13.0,2.5,0.0,0.0,0.9168221,Yerushalmi
TgO_Numbers,12,6,0.0,0.0,0.0,0.7222,0.0,0.0,0.0,18.0,2.9474,0.0,0.0,0.97906256,Yerushalmi
TgO_Numbers,12,7,0.0,0.0,0.0,0.875,0.0,0.0,0.0,8.0,2.6667,0.0,0.0,0.82280314,Yerushalmi
TgO_Numbers,12,8,0.0,0.0,0.0,0.5556,0.0,0.0,0.0,18.0,2.4211,0.0,0.0,0.9816082,Yerushalmi
TgO_Numbers,12,9,0.0,0.0,0.0,0.8,0.0,0.0,0.0,5.0,2.1667,0.0,0.0,0.5289073,Yerushalmi
TgO_Numbers,12,10,0.0,0.0,0.0,0.5333,0.0,0.0,0.0,15.0,3.875,0.0,0.0,0.94986945,Yerushalmi
TgO_Numbers,12,11,0.0,0.0,0.0,0.75,0.0,0.0,0.0,12.0,3.3077,0.0,0.0,0.9226626,Yerushalmi
TgO_Numbers,12,12,0.0,0.0,0.0,0.9375,0.0,0.0,0.0,16.0,2.8824,0.0,0.0,0.98692274,Yerushalmi
TgO_Numbers,12,13,0.0,0.0,0.0,0.9,0.0,0.0,0.0,10.0,2.8182,0.0,0.0,0.91067976,Yerushalmi
TgO_Numbers,12,14,0.0,0.0,0.0,0.7,0.0,0.0,0.0,20.0,3.0952,0.0,0.0,0.9782003,Yerushalmi
TgO_Numbers,12,15,0.0,0.0,0.0,0.75,0.0,0.0,0.0,12.0,3.5385,0.0,0.0,0.9246783,Yerushalmi
TgO_Numbers,12,16,0.0,0.0,0.0,0.75,0.0,0.0,0.0,8.0,2.6667,0.0,0.0,0.720481,Yerushalmi
TgO_Numbers,13,1,0.0,0.0,0.0,0.8,0.0,0.0,0.0,5.0,2.1667,0.0,0.0,0.5289073,Yerushalmi
TgO_Numbers,13,2,0.0,0.0,0.0,0.6667,0.0,0.0,0.0,21.0,2.9545,0.0,0.0,0.9800028,Yerushalmi
TgO_Numbers,13,3,0.0,0.0,0.0,0.7857,0.0,0.0,0.0,14.0,3.2,0.0,0.0,0.9576888,Yerushalmi
TgO_Numbers,13,4,0.0,0.0,0.0,0.5714,0.0,0.0,0.0,7.0,3.625,0.0,0.0,0.72703743,Yerushalmi
TgO_Numbers,13,5,0.0,0.0,0.0,0.4,0.0,0.0,0.0,5.0,4.3333,0.0,0.0,0.7304351,Yerushalmi
TgO_Numbers,13,6,0.0,0.0,0.0,0.4,0.0,0.0,0.0,5.0,4.3333,0.0,0.0,0.7304351,Yerushalmi
TgO_Numbers,13,7,0.0,0.0,0.0,0.4,0.0,0.0,0.0,5.0,5.0,0.0,0.0,0.6775761,Yerushalmi
TgO_Numbers,13,8,0.0,0.0,0.0,0.4,0.0,0.0,0.0,5.0,3.6667,0.0,0.0,0.7028976,Yerushalmi
TgO_Numbers,13,9,0.0,0.0,0.0,0.4,0.0,0.0,0.0,5.0,4.6667,0.0,0.0,0.7129985,Yerushalmi
TgO_Numbers,13,10,0.0,0.0,0.0,0.4,0.0,0.0,0.0,5.0,4.6667,0.0,0.0,0.7129985,Yerushalmi
TgO_Numbers,13,11,0.0,0.0,0.0,0.2857,0.0,0.0,0.0,7.0,4.375,0.0,0.0,0.83619803,Yerushalmi
TgO_Numbers,13,12,0.0,0.0,0.0,0.4,0.0,0.0,0.0,5.0,4.3333,0.0,0.0,0.7304351,Yerushalmi
TgO_Numbers,13,13,0.0,0.0,0.0,0.4,0.0,0.0,0.0,5.0,4.3333,0.0,0.0,0.7304351,Yerushalmi
TgO_Numbers,13,14,0.0,0.0,0.0,0.4,0.0,0.0,0.0,5.0,4.6667,0.0,0.0,0.7129985,Yerushalmi
TgO_Numbers,13,15,0.0,0.0,0.0,0.4,0.0,0.0,0.0,5.0,3.8333,0.0,0.0,0.7175609,Yerushalmi
TgO_Numbers,13,16,0.0,0.0,0.0,0.6429,0.0,0.0,0.0,14.0,3.6,0.0,0.0,0.94610536,Yerushalmi
TgO_Numbers,13,17,0.0,0.0,0.0,0.5714,0.0,0.0,0.0,14.0,2.9333,0.0,0.0,0.94611764,Yerushalmi
TgO_Numbers,13,18,0.0,0.0,0.0,0.8235,0.0,0.0,0.0,17.0,2.3889,0.0,0.0,0.98783195,Yerushalmi
TgO_Numbers,13,19,0.0,0.0,0.0,0.5882,0.0,0.0,0.0,17.0,2.3889,0.0,0.0,0.978123,Yerushalmi
TgO_Numbers,13,20,0.0,0.0,0.0,0.7368,0.0,0.0,0.0,19.0,2.7,0.0,0.0,0.9856656,Yerushalmi
TgO_Numbers,13,21,0.0,0.0,0.0,0.6,0.0,0.0,0.0,10.0,3.0909,0.0,0.0,0.83037066,Yerushalmi
TgO_Numbers,13,22,0.0,0.0,0.0,0.5,0.0,0.0,0.0,18.0,3.6842,0.0,0.0,0.9619254,Yerushalmi
TgO_Numbers,13,23,0.0,0.0,0.0,0.6471,0.0,0.0,0.0,17.0,2.5556,0.0,0.0,0.97779363,Yerushalmi
TgO_Numbers,13,24,0.0,0.0,0.0,0.8182,0.0,0.0,0.0,11.0,3.5,0.0,0.0,0.9170262,Yerushalmi
TgO_Numbers,13,25,0.0,0.0,0.0,0.8571,0.0,0.0,0.0,7.0,2.5,0.0,0.0,0.7466897,Yerushalmi
TgO_Numbers,13,26,0.0,0.0,0.0,0.4074,0.0,0.0,0.0,27.0,3.6071,0.0,0.0,0.9081718,Yerushalmi
TgO_Numbers,13,27,0.0,0.0,0.0,0.6154,0.0,0.0,0.0,13.0,2.4286,0.0,0.0,0.91731286,Yerushalmi
TgO_Numbers,13,28,0.0,0.0,0.0,0.9333,0.0,0.0,0.0,15.0,2.75,0.0,0.0,0.98353493,Yerushalmi
TgO_Numbers,13,29,0.0,0.0,0.0,0.5333,0.0,0.0,0.0,15.0,2.5,0.0,0.0,0.95830697,Yerushalmi
TgO_Numbers,13,30,0.0,0.0,0.0,0.4667,0.0,0.0,0.0,15.0,2.9375,0.0,0.0,0.9606267,Yerushalmi
TgO_Numbers,13,31,0.0,0.0,0.0,0.8462,0.0,0.0,0.0,13.0,2.5,0.0,0.0,0.95293677,Yerushalmi
TgO_Numbers,13,32,0.0,0.0,0.0,0.7308,0.0,0.0,0.0,26.0,2.6667,0.0,0.0,0.9846555,Yerushalmi
TgO_Numbers,13,33,0.0,0.0,0.0,0.6667,0.0,0.0,0.0,15.0,2.5,0.0,0.0,0.9624331,Yerushalmi
TgO_Numbers,14,1,0.0,0.0,0.0,0.8,0.0,0.0,0.0,10.0,2.2727,0.0,0.0,0.8413194,Yerushalmi
TgO_Numbers,14,2,0.0,0.0,0.0,0.4762,0.0,0.0,0.0,21.0,3.1818,0.0,0.0,0.97074014,Yerushalmi
TgO_Numbers,14,3,0.0,0.0,0.0,0.8235,0.0,0.0,0.0,17.0,3.1667,0.0,0.0,0.9790292,Yerushalmi
TgO_Numbers,14,4,0.0,0.0,0.0,0.7143,0.0,0.0,0.0,7.0,3.25,0.0,0.0,0.704414,Yerushalmi
TgO_Numbers,14,5,0.0,0.0,0.0,0.7273,0.0,0.0,0.0,11.0,3.0833,0.0,0.0,0.88535494,Yerushalmi
TgO_Numbers,14,6,0.0,0.0,0.0,0.6667,0.0,0.0,0.0,12.0,2.7692,0.0,0.0,0.8976908,Yerushalmi
TgO_Numbers,14,7,0.0,0.0,0.0,0.8,0.0,0.0,0.0,15.0,2.875,0.0,0.0,0.96993405,Yerushalmi
TgO_Numbers,14,8,0.0,0.0,0.0,0.75,0.0,0.0,0.0,16.0,2.8824,0.0,0.0,0.9730727,Yerushalmi
TgO_Numbers,14,9,0.0,0.0,0.0,0.6667,0.0,0.0,0.0,24.0,2.48,0.0,0.0,0.98820066,Yerushalmi
TgO_Numbers,14,10,0.0,0.0,0.0,0.6667,0.0,0.0,0.0,15.0,2.625,0.0,0.0,0.96158993,Yerushalmi
TgO_Numbers,14,11,0.0,0.0,0.0,0.8421,0.0,0.0,0.0,19.0,2.8,0.0,0.0,0.9888539,Yerushalmi
TgO_Numbers,14,12,0.0,0.0,0.0,0.7778,0.0,0.0,0.0,9.0,1.9,0.0,0.0,0.76955384,Yerushalmi
TgO_Numbers,14,13,0.0,0.0,0.0,0.8462,0.0,0.0,0.0,13.0,3.0714,0.0,0.0,0.9543686,Yerushalmi
TgO_Numbers,14,14,0.0,0.0,0.0,0.6471,0.0,0.0,0.0,34.0,2.8286,0.0,0.0,0.9213038,Yerushalmi
TgO_Numbers,14,15,0.0,0.0,0.0,0.7143,0.0,0.0,0.0,14.0,2.3333,0.0,0.0,0.951648,Yerushalmi
TgO_Numbers,14,16,0.0,0.0,0.0,0.9231,0.0,0.0,0.0,13.0,2.7857,0.0,0.0,0.9675359,Yerushalmi
TgO_Numbers,14,17,0.0,0.0,0.0,1.0,0.0,0.0,0.0,9.0,2.9,0.0,0.0,0.9390935,Yerushalmi
TgO_Numbers,14,18,0.0,0.0,0.0,0.7333,0.0,0.0,0.0,30.0,2.7419,0.0,0.0,0.9715619,Yerushalmi
TgO_Numbers,14,19,0.0,0.0,0.0,0.6429,0.0,0.0,0.0,14.0,2.4,0.0,0.0,0.94492286,Yerushalmi
TgO_Numbers,14,20,0.0,0.0,0.0,1.0,0.0,0.0,0.0,4.0,2.0,0.0,0.0,0.76409745,Yerushalmi
TgO_Numbers,14,21,0.0,0.0,0.0,0.8889,0.0,0.0,0.0,9.0,2.3,0.0,0.0,0.86117077,Yerushalmi
TgO_Numbers,14,22,0.0,0.0,0.0,0.8421,0.0,0.0,0.0,19.0,2.5,0.0,0.0,0.992026,Yerushalmi
TgO_Numbers,14,23,0.0,0.0,0.0,0.9091,0.0,0.0,0.0,11.0,2.3333,0.0,0.0,0.9312848,Yerushalmi
TgO_Numbers,14,24,0.0,0.0,0.0,0.75,0.0,0.0,0.0,16.0,2.9412,0.0,0.0,0.972438,Yerushalmi
TgO_Numbers,14,25,0.0,0.0,0.0,0.75,0.0,0.0,0.0,12.0,2.9231,0.0,0.0,0.91498816,Yerushalmi
TgO_Numbers,14,26,0.0,0.0,0.0,0.5714,0.0,0.0,0.0,7.0,3.5,0.0,0.0,0.7145542,Yerushalmi
TgO_Numbers,14,27,0.0,0.0,0.0,0.7368,0.0,0.0,0.0,19.0,3.15,0.0,0.0,0.9781032,Yerushalmi
TgO_Numbers,14,28,0.0,0.0,0.0,0.7857,0.0,0.0,0.0,14.0,3.2667,0.0,0.0,0.9574692,Yerushalmi
TgO_Numbers,14,29,0.0,0.0,0.0,0.9286,0.0,0.0,0.0,14.0,2.7333,0.0,0.0,0.9771418,Yerushalmi
TgO_Numbers,14,30,0.0,0.0,0.0,0.6875,0.0,0.0,0.0,16.0,3.0,0.0,0.0,0.96834636,Yerushalmi
TgO_Numbers,14,31,0.0,0.0,0.0,0.7273,0.0,0.0,0.0,11.0,2.25,0.0,0.0,0.85357904,Yerushalmi
TgO_Numbers,14,32,0.0,0.0,0.0,1.0,0.0,0.0,0.0,5.0,2.3333,0.0,0.0,0.81596005,Yerushalmi
TgO_Numbers,14,33,0.0,0.0,0.0,0.8462,0.0,0.0,0.0,13.0,2.5714,0.0,0.0,0.95289147,Yerushalmi
TgO_Numbers,14,34,0.0,0.0,0.0,0.6,0.0,0.0,0.0,20.0,2.8571,0.0,0.0,0.9797289,Yerushalmi
TgO_Numbers,14,35,0.0,0.0,0.0,0.9,0.0,0.0,0.0,20.0,2.5238,0.0,0.0,0.9945054,Yerushalmi
TgO_Numbers,14,36,0.0,0.0,0.0,0.6471,0.0,0.0,0.0,17.0,2.5556,0.0,0.0,0.97779363,Yerushalmi
TgO_Numbers,14,37,0.0,0.0,0.0,0.9091,0.0,0.0,0.0,11.0,2.4167,0.0,0.0,0.93160504,Yerushalmi
TgO_Numbers,14,38,0.0,0.0,0.0,0.7143,0.0,0.0,0.0,14.0,2.7333,0.0,0.0,0.9507176,Yerushalmi
TgO_Numbers,14,39,0.0,0.0,0.0,0.5714,0.0,0.0,0.0,14.0,2.7333,0.0,0.0,0.9440775,Yerushalmi
TgO_Numbers,14,40,0.0,0.0,0.0,0.8571,0.0,0.0,0.0,14.0,2.6667,0.0,0.0,0.9680709,Yerushalmi
TgO_Numbers,14,41,0.0,0.0,0.0,0.8462,0.0,0.0,0.0,13.0,3.0,0.0,0.0,0.95409787,Yerushalmi
TgO_Numbers,14,42,0.0,0.0,0.0,1.0,0.0,0.0,0.0,11.0,3.0,0.0,0.0,0.9644913,Yerushalmi
TgO_Numbers,14,43,0.0,0.0,0.0,0.7222,0.0,0.0,0.0,18.0,3.1053,0.0,0.0,0.9764832,Yerushalmi
TgO_Numbers,14,44,0.0,0.0,0.0,0.8333,0.0,0.0,0.0,12.0,2.6923,0.0,0.0,0.9308034,Yerushalmi
TgO_Numbers,14,45,0.0,0.0,0.0,0.6,0.0,0.0,0.0,10.0,2.8182,0.0,0.0,0.8051442,Yerushalmi
TgO_Numbers,15,1,0.0,0.0,0.0,0.8,0.0,0.0,0.0,5.0,2.1667,0.0,0.0,0.5289073,Yerushalmi
TgO_Numbers,15,2,0.0,0.0,0.0,0.7692,0.0,0.0,0.0,13.0,3.3571,0.0,0.0,0.94341093,Yerushalmi
TgO_Numbers,15,3,0.0,0.0,0.0,0.6667,0.0,0.0,0.0,24.0,2.6,0.0,0.0,0.98588234,Yerushalmi
TgO_Numbers,15,4,0.0,0.0,0.0,1.0,0.0,0.0,0.0,12.0,3.0769,0.0,0.0,0.97314626,Yerushalmi
TgO_Numbers,15,5,0.0,0.0,0.0,1.0,0.0,0.0,0.0,12.0,2.6923,0.0,0.0,0.9721075,Yerushalmi
TgO_Numbers,15,6,0.0,0.0,0.0,1.0,0.0,0.0,0.0,11.0,3.0833,0.0,0.0,0.9649146,Yerushalmi
TgO_Numbers,15,7,0.0,0.0,0.0,1.0,0.0,0.0,0.0,9.0,2.6,0.0,0.0,0.9351234,Yerushalmi
TgO_Numbers,15,8,0.0,0.0,0.0,0.8125,0.0,0.0,0.0,16.0,2.7647,0.0,0.0,0.9786956,Yerushalmi
TgO_Numbers,15,9,0.0,0.0,0.0,1.0,0.0,0.0,0.0,12.0,2.8462,0.0,0.0,0.9725026,Yerushalmi
TgO_Numbers,15,10,0.0,0.0,0.0,1.0,0.0,0.0,0.0,10.0,2.8182,0.0,0.0,0.9521907,Yerushalmi
TgO_Numbers,15,11,0.0,0.0,0.0,0.6923,0.0,0.0,0.0,13.0,2.2857,0.0,0.0,0.92455935,Yerushalmi
TgO_Numbers,15,12,0.0,0.0,0.0,0.6667,0.0,0.0,0.0,6.0,2.2857,0.0,0.0,0.49042806,Bavli
TgO_Numbers,15,13,0.0,0.0,0.0,1.0,0.0,0.0,0.0,12.0,2.9231,0.0,0.0,0.9727253,Yerushalmi
TgO_Numbers,15,14,0.0,0.0,0.0,0.8333,0.0,0.0,0.0,18.0,2.7368,0.0,0.0,0.98746276,Yerushalmi
TgO_Numbers,15,15,0.0,0.0,0.0,0.8125,0.0,0.0,0.0,16.0,2.8824,0.0,0.0,0.9774992,Yerushalmi
TgO_Numbers,15,16,0.0,0.0,0.0,0.6667,0.0,0.0,0.0,9.0,2.7,0.0,0.0,0.74496305,Yerushalmi
TgO_Numbers,15,17,0.0,0.0,0.0,0.8,0.0,0.0,0.0,5.0,2.1667,0.0,0.0,0.5289073,Yerushalmi
TgO_Numbers,15,18,0.0,0.0,0.0,0.8333,0.0,0.0,0.0,12.0,3.0769,0.0,0.0,0.9358937,Yerushalmi
TgO_Numbers,15,19,0.0,0.0,0.0,1.0,0.0,0.0,0.0,8.0,3.2222,0.0,0.0,0.92479193,Yerushalmi
TgO_Numbers,15,20,0.0,0.0,0.0,0.8333,0.0,0.0,0.0,12.0,3.3846,0.0,0.0,0.9388187,Yerushalmi
TgO_Numbers,15,21,0.0,0.0,0.0,1.0,0.0,0.0,0.0,7.0,3.375,0.0,0.0,0.9022474,Yerushalmi
TgO_Numbers,15,22,0.0,0.0,0.0,0.8333,0.0,0.0,0.0,12.0,2.7692,0.0,0.0,0.9317518,Yerushalmi
TgO_Numbers,15,23,0.0,0.0,0.0,0.7692,0.0,0.0,0.0,13.0,2.6429,0.0,0.0,0.9385465,Yerushalmi
TgO_Numbers,15,24,0.0,0.0,0.0,0.6923,0.0,0.0,0.0,26.0,2.5185,0.0,0.0,0.9862047,Yerushalmi
TgO_Numbers,15,25,0.0,0.0,0.0,0.5833,0.0,0.0,0.0,24.0,3.0,0.0,0.0,0.9706443,Yerushalmi
TgO_Numbers,15,26,0.0,0.0,0.0,0.75,0.0,0.0,0.0,12.0,2.8462,0.0,0.0,0.9131392,Yerushalmi
TgO_Numbers,15,27,0.0,0.0,0.0,0.8,0.0,0.0,0.0,10.0,2.5455,0.0,0.0,0.8493569,Yerushalmi
TgO_Numbers,15,28,0.0,0.0,0.0,0.6923,0.0,0.0,0.0,13.0,2.5,0.0,0.0,0.9257467,Yerushalmi
TgO_Numbers,15,29,0.0,0.0,0.0,0.75,0.0,0.0,0.0,12.0,3.1538,0.0,0.0,0.9200816,Yerushalmi
TgO_Numbers,15,30,0.0,0.0,0.0,0.8824,0.0,0.0,0.0,17.0,2.7778,0.0,0.0,0.98716956,Yerushalmi
TgO_Numbers,15,31,0.0,0.0,0.0,0.9286,0.0,0.0,0.0,14.0,2.9333,0.0,0.0,0.97655797,Yerushalmi
TgO_Numbers,15,32,0.0,0.0,0.0,0.7273,0.0,0.0,0.0,11.0,2.4167,0.0,0.0,0.8575214,Yerushalmi
TgO_Numbers,15,33,0.0,0.0,0.0,0.6429,0.0,0.0,0.0,14.0,2.8,0.0,0.0,0.9461393,Yerushalmi
TgO_Numbers,15,34,0.0,0.0,0.0,0.8182,0.0,0.0,0.0,11.0,2.8333,0.0,0.0,0.90289456,Yerushalmi
TgO_Numbers,15,35,0.0,0.0,0.0,0.8462,0.0,0.0,0.0,13.0,3.4286,0.0,0.0,0.9547954,Yerushalmi
TgO_Numbers,15,36,0.0,0.0,0.0,0.6667,0.0,0.0,0.0,15.0,3.25,0.0,0.0,0.958331,Yerushalmi
TgO_Numbers,15,37,0.0,0.0,0.0,0.8,0.0,0.0,0.0,5.0,3.0,0.0,0.0,0.6127869,Yerushalmi
TgO_Numbers,15,38,0.0,0.0,0.0,0.5238,0.0,0.0,0.0,21.0,3.3636,0.0,0.0,0.96549183,Yerushalmi
TgO_Numbers,15,39,0.0,0.0,0.0,0.5652,0.0,0.0,0.0,23.0,2.875,0.0,0.0,0.9765971,Yerushalmi
TgO_Numbers,15,40,0.0,0.0,0.0,0.9,0.0,0.0,0.0,10.0,2.6364,0.0,0.0,0.9066342,Yerushalmi
TgO_Numbers,15,41,0.0,0.0,0.0,0.5385,0.0,0.0,0.0,13.0,3.1429,0.0,0.0,0.9341135,Yerushalmi
TgO_Numbers,16,1,0.0,0.0,0.0,0.1176,0.0,0.0,0.0,17.0,3.4444,0.0,0.0,0.984769,Yerushalmi
TgO_Numbers,16,2,0.0,0.0,0.0,0.7143,0.0,0.0,0.0,14.0,3.0667,0.0,0.0,0.95118046,Yerushalmi
TgO_Numbers,16,3,0.0,0.0,0.0,0.5417,0.0,0.0,0.0,24.0,3.32,0.0,0.0,0.95511764,Yerushalmi
TgO_Numbers,16,4,0.0,0.0,0.0,0.6,0.0,0.0,0.0,5.0,2.5,0.0,0.0,0.43624836,Bavli
TgO_Numbers,16,5,0.0,0.0,0.0,0.6818,0.0,0.0,0.0,22.0,2.7826,0.0,0.0,0.9840732,Yerushalmi
TgO_Numbers,16,6,0.0,0.0,0.0,0.75,0.0,0.0,0.0,8.0,3.2222,0.0,0.0,0.7726594,Yerushalmi
TgO_Numbers,16,7,0.0,0.0,0.0,0.7143,0.0,0.0,0.0,21.0,2.9545,0.0,0.0,0.98203784,Yerushalmi
TgO_Numbers,16,8,0.0,0.0,0.0,0.5714,0.0,0.0,0.0,7.0,3.5,0.0,0.0,0.7145542,Yerushalmi
TgO_Numbers,16,9,0.0,0.0,0.0,0.7619,0.0,0.0,0.0,21.0,3.5455,0.0,0.0,0.96987724,Yerushalmi
TgO_Numbers,16,10,0.0,0.0,0.0,0.6875,0.0,0.0,0.0,16.0,2.6471,0.0,0.0,0.9720431,Yerushalmi
TgO_Numbers,16,11,0.0,0.0,0.0,0.8462,0.0,0.0,0.0,13.0,2.6429,0.0,0.0,0.9529439,Yerushalmi
TgO_Numbers,16,12,0.0,0.0,0.0,0.5,0.0,0.0,0.0,10.0,3.0909,0.0,0.0,0.8403136,Yerushalmi
TgO_Numbers,16,13,0.0,0.0,0.0,0.9286,0.0,0.0,0.0,14.0,2.6,0.0,0.0,0.9776493,Yerushalmi
TgO_Numbers,16,14,0.0,0.0,0.0,0.7895,0.0,0.0,0.0,19.0,2.75,0.0,0.0,0.98716,Yerushalmi
TgO_Numbers,16,15,0.0,0.0,0.0,0.65,0.0,0.0,0.0,20.0,3.0476,0.0,0.0,0.97722524,Yerushalmi
TgO_Numbers,16,16,0.0,0.0,0.0,0.5714,0.0,0.0,0.0,14.0,3.0,0.0,0.0,0.9467515,Yerushalmi
TgO_Numbers,16,17,0.0,0.0,0.0,0.5263,0.0,0.0,0.0,19.0,3.0,0.0,0.0,0.9752125,Yerushalmi
TgO_Numbers,16,18,0.0,0.0,0.0,0.625,0.0,0.0,0.0,16.0,2.5294,0.0,0.0,0.9706363,Yerushalmi
TgO_Numbers,16,19,0.0,0.0,0.0,0.7143,0.0,0.0,0.0,14.0,2.8667,0.0,0.0,0.95089024,Yerushalmi
TgO_Numbers,16,20,0.0,0.0,0.0,0.5,0.0,0.0,0.0,8.0,3.0,0.0,0.0,0.71837,Yerushalmi
TgO_Numbers,16,21,0.0,0.0,0.0,1.0,0.0,0.0,0.0,7.0,2.75,0.0,0.0,0.8954467,Yerushalmi
TgO_Numbers,16,22,0.0,0.0,0.0,0.8235,0.0,0.0,0.0,17.0,2.6111,0.0,0.0,0.9855225,Yerushalmi
TgO_Numbers,16,23,0.0,0.0,0.0,0.8,0.0,0.0,0.0,5.0,2.1667,0.0,0.0,0.5289073,Yerushalmi
TgO_Numbers,16,24,0.0,0.0,0.0,0.8,0.0,0.0,0.0,10.0,3.9091,0.0,0.0,0.8884043,Yerushalmi
TgO_Numbers,16,25,0.0,0.0,0.0,0.4,0.0,0.0,0.0,10.0,3.0,0.0,0.0,0.8553146,Yerushalmi
TgO_Numbers,16,26,0.0,0.0,0.0,0.8947,0.0,0.0,0.0,19.0,3.05,0.0,0.0,0.98848534,Yerushalmi
TgO_Numbers,16,27,0.0,0.0,0.0,0.4375,0.0,0.0,0.0,16.0,3.3529,0.0,0.0,0.96704906,Yerushalmi
TgO_Numbers,16,28,0.0,0.0,0.0,0.8667,0.0,0.0,0.0,15.0,2.5625,0.0,0.0,0.9786922,Yerushalmi
TgO_Numbers,16,29,0.0,0.0,0.0,0.8571,0.0,0.0,0.0,14.0,2.4,0.0,0.0,0.9695671,Yerushalmi
TgO_Numbers,16,30,0.0,0.0,0.0,0.7083,0.0,0.0,0.0,24.0,2.76,0.0,0.0,0.98412067,Yerushalmi
TgO_Numbers,16,31,0.0,0.0,0.0,0.9091,0.0,0.0,0.0,11.0,2.6667,0.0,0.0,0.93383014,Yerushalmi
TgO_Numbers,16,32,0.0,0.0,0.0,0.5,0.0,0.0,0.0,16.0,2.5882,0.0,0.0,0.968303,Yerushalmi
TgO_Numbers,16,33,0.0,0.0,0.0,0.7692,0.0,0.0,0.0,13.0,2.7143,0.0,0.0,0.93902683,Yerushalmi
TgO_Numbers,16,34,0.0,0.0,0.0,0.9,0.0,0.0,0.0,10.0,3.1818,0.0,0.0,0.91834116,Yerushalmi
TgO_Numbers,16,35,0.0,0.0,0.0,0.8333,0.0,0.0,0.0,12.0,3.0769,0.0,0.0,0.9358937,Yerushalmi
TgO_Numbers,17,1,0.0,0.0,0.0,0.8,0.0,0.0,0.0,5.0,2.1667,0.0,0.0,0.5289073,Yerushalmi
TgO_Numbers,17,2,0.0,0.0,0.0,0.8125,0.0,0.0,0.0,16.0,3.8235,0.0,0.0,0.9643397,Yerushalmi
TgO_Numbers,17,3,0.0,0.0,0.0,0.7391,0.0,0.0,0.0,23.0,2.9167,0.0,0.0,0.98307216,Yerushalmi
TgO_Numbers,17,4,0.0,0.0,0.0,0.8182,0.0,0.0,0.0,11.0,3.3333,0.0,0.0,0.91486967,Yerushalmi
TgO_Numbers,17,5,0.0,0.0,0.0,0.7407,0.0,0.0,0.0,27.0,3.5357,0.0,0.0,0.94252247,Yerushalmi
TgO_Numbers,17,6,0.0,0.0,0.0,0.7647,0.0,0.0,0.0,17.0,3.1667,0.0,0.0,0.9750519,Yerushalmi
TgO_Numbers,17,7,0.0,0.0,0.0,0.625,0.0,0.0,0.0,16.0,2.9412,0.0,0.0,0.9668076,Yerushalmi
TgO_Numbers,17,8,0.0,0.0,0.0,0.6667,0.0,0.0,0.0,6.0,2.8571,0.0,0.0,0.56845844,Yerushalmi
TgO_Numbers,17,9,0.0,0.0,0.0,0.8,0.0,0.0,0.0,5.0,2.1667,0.0,0.0,0.5289073,Yerushalmi
TgO_Numbers,17,10,0.0,0.0,0.0,0.9,0.0,0.0,0.0,10.0,2.7273,0.0,0.0,0.90861034,Yerushalmi
TgO_Numbers,17,11,0.0,0.0,0.0,0.7308,0.0,0.0,0.0,26.0,3.3704,0.0,0.0,0.9574672,Yerushalmi
TgO_Numbers,17,12,0.0,0.0,0.0,0.6842,0.0,0.0,0.0,19.0,3.0,0.0,0.0,0.97856706,Yerushalmi
TgO_Numbers,17,13,0.0,0.0,0.0,0.7143,0.0,0.0,0.0,7.0,2.5,0.0,0.0,0.6118091,Yerushalmi
TgO_Numbers,17,14,0.0,0.0,0.0,0.75,0.0,0.0,0.0,12.0,3.5385,0.0,0.0,0.9246783,Yerushalmi
TgO_Numbers,17,15,0.0,0.0,0.0,0.6,0.0,0.0,0.0,10.0,3.4545,0.0,0.0,0.8548252,Yerushalmi
TgO_Numbers,17,16,0.0,0.0,0.0,0.8,0.0,0.0,0.0,5.0,2.1667,0.0,0.0,0.5289073,Yerushalmi
TgO_Numbers,17,17,0.0,0.0,0.0,0.6818,0.0,0.0,0.0,22.0,3.1304,0.0,0.0,0.9754852,Yerushalmi
TgO_Numbers,17,18,0.0,0.0,0.0,0.75,0.0,0.0,0.0,12.0,3.6154,0.0,0.0,0.92477244,Yerushalmi
TgO_Numbers,17,19,0.0,0.0,0.0,0.7778,0.0,0.0,0.0,9.0,3.0,0.0,0.0,0.8185603,Yerushalmi
TgO_Numbers,17,20,0.0,0.0,0.0,0.8667,0.0,0.0,0.0,15.0,3.1875,0.0,0.0,0.9744031,Yerushalmi
TgO_Numbers,17,21,0.0,0.0,0.0,0.4545,0.0,0.0,0.0,22.0,3.1304,0.0,0.0,0.9700409,Yerushalmi
TgO_Numbers,17,22,0.0,0.0,0.0,0.875,0.0,0.0,0.0,8.0,2.7778,0.0,0.0,0.8284565,Yerushalmi
TgO_Numbers,17,23,0.0,0.0,0.0,0.5789,0.0,0.0,0.0,19.0,2.95,0.0,0.0,0.97656685,Yerushalmi
TgO_Numbers,17,24,0.0,0.0,0.0,0.5333,0.0,0.0,0.0,15.0,3.0,0.0,0.0,0.9586735,Yerushalmi
TgO_Numbers,17,25,0.0,0.0,0.0,0.7778,0.0,0.0,0.0,18.0,3.6842,0.0,0.0,0.96829265,Yerushalmi
TgO_Numbers,17,26,0.0,0.0,0.0,0.875,0.0,0.0,0.0,8.0,2.6667,0.0,0.0,0.82280314,Yerushalmi
TgO_Numbers,17,27,0.0,0.0,0.0,0.6471,0.0,0.0,0.0,17.0,2.7222,0.0,0.0,0.9756448,Yerushalmi
TgO_Numbers,17,28,0.0,0.0,0.0,0.9,0.0,0.0,0.0,10.0,2.9091,0.0,0.0,0.91276056,Yerushalmi
TgO_Numbers,18,1,0.0,0.0,0.0,0.5,0.0,0.0,0.0,18.0,2.6316,0.0,0.0,0.97833824,Yerushalmi
TgO_Numbers,18,2,0.0,0.0,0.0,0.6667,0.0,0.0,0.0,18.0,2.6316,0.0,0.0,0.9816033,Yerushalmi
TgO_Numbers,18,3,0.0,0.0,0.0,0.7647,0.0,0.0,0.0,17.0,2.7222,0.0,0.0,0.98096764,Yerushalmi
TgO_Numbers,18,4,0.0,0.0,0.0,0.7857,0.0,0.0,0.0,14.0,2.6667,0.0,0.0,0.95862967,Yerushalmi
TgO_Numbers,18,5,0.0,0.0,0.0,0.7143,0.0,0.0,0.0,14.0,3.0,0.0,0.0,0.95110416,Yerushalmi
TgO_Numbers,18,6,0.0,0.0,0.0,0.8421,0.0,0.0,0.0,19.0,3.2,0.0,0.0,0.9833956,Yerushalmi
TgO_Numbers,18,7,0.0,0.0,0.0,0.6667,0.0,0.0,0.0,21.0,2.9091,0.0,0.0,0.9810105,Yerushalmi
TgO_Numbers,18,8,0.0,0.0,0.0,0.6364,0.0,0.0,0.0,22.0,3.8696,0.0,0.0,0.94580084,Yerushalmi
TgO_Numbers,18,9,0.0,0.0,0.0,0.6957,0.0,0.0,0.0,23.0,2.9583,0.0,0.0,0.979721,Yerushalmi
TgO_Numbers,18,10,0.0,0.0,0.0,0.7,0.0,0.0,0.0,10.0,2.8182,0.0,0.0,0.8220039,Yerushalmi
TgO_Numbers,18,11,0.0,0.0,0.0,0.7,0.0,0.0,0.0,20.0,3.0476,0.0,0.0,0.9792161,Yerushalmi
TgO_Numbers,18,12,0.0,0.0,0.0,0.7692,0.0,0.0,0.0,13.0,2.7143,0.0,0.0,0.93902683,Yerushalmi
TgO_Numbers,18,13,0.0,0.0,0.0,0.9167,0.0,0.0,0.0,12.0,2.9231,0.0,0.0,0.95492274,Yerushalmi
TgO_Numbers,18,14,0.0,0.0,0.0,1.0,0.0,0.0,0.0,5.0,2.3333,0.0,0.0,0.81596005,Yerushalmi
TgO_Numbers,18,15,0.0,0.0,0.0,0.6957,0.0,0.0,0.0,23.0,2.9167,0.0,0.0,0.9808187,Yerushalmi
TgO_Numbers,18,16,0.0,0.0,0.0,0.9231,0.0,0.0,0.0,13.0,2.7143,0.0,0.0,0.96750855,Yerushalmi
TgO_Numbers,18,17,0.0,0.0,0.0,0.8846,0.0,0.0,0.0,26.0,2.8519,0.0,0.0,0.9892145,Yerushalmi
TgO_Numbers,18,18,0.0,0.0,0.0,0.6667,0.0,0.0,0.0,9.0,2.7,0.0,0.0,0.74496305,Yerushalmi
TgO_Numbers,18,19,0.0,0.0,0.0,0.5833,0.0,0.0,0.0,24.0,3.08,0.0,0.0,0.9675095,Yerushalmi
TgO_Numbers,18,20,0.0,0.0,0.0,0.65,0.0,0.0,0.0,20.0,2.9524,0.0,0.0,0.9792505,Yerushalmi
TgO_Numbers,18,21,0.0,0.0,0.0,0.875,0.0,0.0,0.0,16.0,3.2353,0.0,0.0,0.97917175,Yerushalmi
TgO_Numbers,18,22,0.0,0.0,0.0,0.9,0.0,0.0,0.0,10.0,3.0,0.0,0.0,0.9147757,Yerushalmi
TgO_Numbers,18,23,0.0,0.0,0.0,0.8421,0.0,0.0,0.0,19.0,3.0,0.0,0.0,0.98630553,Yerushalmi
TgO_Numbers,18,24,0.0,0.0,0.0,0.7619,0.0,0.0,0.0,21.0,3.8182,0.0,0.0,0.9606841,Yerushalmi
TgO_Numbers,18,25,0.0,0.0,0.0,0.8,0.0,0.0,0.0,5.0,2.1667,0.0,0.0,0.5289073,Yerushalmi
TgO_Numbers,18,26,0.0,0.0,0.0,0.5385,0.0,0.0,0.0,26.0,3.2222,0.0,0.0,0.9469232,Yerushalmi
TgO_Numbers,18,27,0.0,0.0,0.0,0.6667,0.0,0.0,0.0,9.0,3.5,0.0,0.0,0.8163796,Yerushalmi
TgO_Numbers,18,28,0.0,0.0,0.0,0.6818,0.0,0.0,0.0,22.0,3.5217,0.0,0.0,0.96262014,Yerushalmi
TgO_Numbers,18,29,0.0,0.0,0.0,0.7143,0.0,0.0,0.0,14.0,3.1333,0.0,0.0,0.95121104,Yerushalmi
TgO_Numbers,18,30,0.0,0.0,0.0,0.75,0.0,0.0,0.0,12.0,2.7692,0.0,0.0,0.91129965,Yerushalmi
TgO_Numbers,18,31,0.0,0.0,0.0,0.8,0.0,0.0,0.0,15.0,2.9375,0.0,0.0,0.969493,Yerushalmi
TgO_Numbers,18,32,0.0,0.0,0.0,0.8125,0.0,0.0,0.0,16.0,2.6471,0.0,0.0,0.97990257,Yerushalmi
TgO_Numbers,19,1,0.0,0.0,0.0,0.5,0.0,0.0,0.0,8.0,3.0,0.0,0.0,0.71837,Yerushalmi
TgO_Numbers,19,2,0.0,0.0,0.0,0.9091,0.0,0.0,0.0,22.0,2.9565,0.0,0.0,0.9912302,Yerushalmi
TgO_Numbers,19,3,0.0,0.0,0.0,0.5455,0.0,0.0,0.0,11.0,3.3333,0.0,0.0,0.8898978,Yerushalmi
TgO_Numbers,19,4,0.0,0.0,0.0,0.7143,0.0,0.0,0.0,14.0,3.0,0.0,0.0,0.95110416,Yerushalmi
TgO_Numbers,19,5,0.0,0.0,0.0,0.7692,0.0,0.0,0.0,13.0,2.5,0.0,0.0,0.9379091,Yerushalmi
TgO_Numbers,19,6,0.0,0.0,0.0,0.7273,0.0,0.0,0.0,11.0,2.6667,0.0,0.0,0.8669412,Yerushalmi
TgO_Numbers,19,7,0.0,0.0,0.0,0.7333,0.0,0.0,0.0,15.0,2.5,0.0,0.0,0.9671028,Yerushalmi
TgO_Numbers,19,8,0.0,0.0,0.0,0.75,0.0,0.0,0.0,12.0,2.3077,0.0,0.0,0.9035847,Yerushalmi
TgO_Numbers,19,9,0.0,0.0,0.0,0.8,0.0,0.0,0.0,20.0,3.381,0.0,0.0,0.9776948,Yerushalmi
TgO_Numbers,19,10,0.0,0.0,0.0,0.7368,0.0,0.0,0.0,19.0,2.7,0.0,0.0,0.9856656,Yerushalmi
TgO_Numbers,19,11,0.0,0.0,0.0,1.0,0.0,0.0,0.0,10.0,2.4545,0.0,0.0,0.94902813,Yerushalmi
TgO_Numbers,19,12,0.0,0.0,0.0,0.5,0.0,0.0,0.0,18.0,2.7895,0.0,0.0,0.9764075,Yerushalmi
TgO_Numbers,19,13,0.0,0.0,0.0,0.8148,0.0,0.0,0.0,27.0,2.7143,0.0,0.0,0.9867394,Yerushalmi
TgO_Numbers,19,14,0.0,0.0,0.0,0.9333,0.0,0.0,0.0,15.0,2.8125,0.0,0.0,0.98319596,Yerushalmi
TgO_Numbers,19,15,0.0,0.0,0.0,1.0,0.0,0.0,0.0,11.0,2.75,0.0,0.0,0.9630434,Yerushalmi
TgO_Numbers,19,16,0.0,0.0,0.0,0.7059,0.0,0.0,0.0,17.0,2.5556,0.0,0.0,0.98016435,Yerushalmi
TgO_Numbers,19,17,0.0,0.0,0.0,0.9,0.0,0.0,0.0,10.0,2.7273,0.0,0.0,0.90861034,Yerushalmi
TgO_Numbers,19,18,0.0,0.0,0.0,0.5385,0.0,0.0,0.0,26.0,2.3704,0.0,0.0,0.9840189,Yerushalmi
TgO_Numbers,19,19,0.0,0.0,0.0,0.4706,0.0,0.0,0.0,17.0,2.7222,0.0,0.0,0.97367805,Yerushalmi
TgO_Numbers,19,20,0.0,0.0,0.0,0.7391,0.0,0.0,0.0,23.0,2.8333,0.0,0.0,0.9849309,Yerushalmi
TgO_Numbers,19,21,0.0,0.0,0.0,0.75,0.0,0.0,0.0,16.0,2.9412,0.0,0.0,0.972438,Yerushalmi
TgO_Numbers,19,22,0.0,0.0,0.0,0.6154,0.0,0.0,0.0,13.0,2.5,0.0,0.0,0.9184851,Yerushalmi
TgO_Numbers,20,1,0.0,0.0,0.0,0.5294,0.0,0.0,0.0,17.0,3.0556,0.0,0.0,0.970106,Yerushalmi
TgO_Numbers,20,2,0.0,0.0,0.0,0.5556,0.0,0.0,0.0,9.0,3.3,0.0,0.0,0.8023442,Yerushalmi
TgO_Numbers,20,3,0.0,0.0,0.0,0.75,0.0,0.0,0.0,12.0,2.4615,0.0,0.0,0.90518856,Yerushalmi
TgO_Numbers,20,4,0.0,0.0,0.0,0.9091,0.0,0.0,0.0,11.0,2.75,0.0,0.0,0.93486756,Yerushalmi
TgO_Numbers,20,5,0.0,0.0,0.0,0.7273,0.0,0.0,0.0,22.0,2.4783,0.0,0.0,0.99077135,Yerushalmi
TgO_Numbers,20,6,0.0,0.0,0.0,0.6667,0.0,0.0,0.0,15.0,3.25,0.0,0.0,0.958331,Yerushalmi
TgO_Numbers,20,7,0.0,0.0,0.0,0.8,0.0,0.0,0.0,5.0,2.1667,0.0,0.0,0.5289073,Yerushalmi
TgO_Numbers,20,8,0.0,0.0,0.0,0.52,0.0,0.0,0.0,25.0,2.8462,0.0,0.0,0.9709461,Yerushalmi
TgO_Numbers,20,9,0.0,0.0,0.0,0.875,0.0,0.0,0.0,8.0,3.5556,0.0,0.0,0.8569781,Yerushalmi
TgO_Numbers,20,10,0.0,0.0,0.0,0.6667,0.0,0.0,0.0,18.0,3.0526,0.0,0.0,0.97505844,Yerushalmi
TgO_Numbers,20,11,0.0,0.0,0.0,0.6875,0.0,0.0,0.0,16.0,2.7059,0.0,0.0,0.9714099,Yerushalmi
TgO_Numbers,20,12,0.0,0.0,0.0,0.7619,0.0,0.0,0.0,21.0,3.1818,0.0,0.0,0.9795071,Yerushalmi
TgO_Numbers,20,13,0.0,0.0,0.0,0.9,0.0,0.0,0.0,10.0,2.9091,0.0,0.0,0.91276056,Yerushalmi
TgO_Numbers,20,14,0.0,0.0,0.0,0.7778,0.0,0.0,0.0,18.0,3.2632,0.0,0.0,0.97688675,Yerushalmi
TgO_Numbers,20,15,0.0,0.0,0.0,0.5455,0.0,0.0,0.0,11.0,2.75,0.0,0.0,0.85129356,Yerushalmi
TgO_Numbers,20,16,0.0,0.0,0.0,0.7333,0.0,0.0,0.0,15.0,2.75,0.0,0.0,0.96512526,Yerushalmi
TgO_Numbers,20,17,0.0,0.0,0.0,0.6667,0.0,0.0,0.0,21.0,2.5909,0.0,0.0,0.9870264,Yerushalmi
TgO_Numbers,20,18,0.0,0.0,0.0,0.7273,0.0,0.0,0.0,11.0,2.9167,0.0,0.0,0.87819785,Yerushalmi
TgO_Numbers,20,19,0.0,0.0,0.0,0.7,0.0,0.0,0.0,20.0,3.0476,0.0,0.0,0.9792161,Yerushalmi
TgO_Numbers,20,20,0.0,0.0,0.0,0.8,0.0,0.0,0.0,10.0,2.7273,0.0,0.0,0.8570557,Yerushalmi
TgO_Numbers,20,21,0.0,0.0,0.0,0.6667,0.0,0.0,0.0,12.0,3.2308,0.0,0.0,0.912639,Yerushalmi
TgO_Numbers,20,22,0.0,0.0,0.0,0.6667,0.0,0.0,0.0,9.0,3.0,0.0,0.0,0.7763013,Yerushalmi
TgO_Numbers,20,23,0.0,0.0,0.0,0.7273,0.0,0.0,0.0,11.0,3.0,0.0,0.0,0.8818715,Yerushalmi
TgO_Numbers,20,24,0.0,0.0,0.0,0.875,0.0,0.0,0.0,16.0,3.1765,0.0,0.0,0.9797239,Yerushalmi
TgO_Numbers,20,25,0.0,0.0,0.0,0.5,0.0,0.0,0.0,10.0,3.3636,0.0,0.0,0.8619206,Yerushalmi
TgO_Numbers,20,26,0.0,0.0,0.0,0.4615,0.0,0.0,0.0,13.0,2.7143,0.0,0.0,0.92742413,Yerushalmi
TgO_Numbers,20,27,0.0,0.0,0.0,0.7273,0.0,0.0,0.0,11.0,3.4167,0.0,0.0,0.89610004,Yerushalmi
TgO_Numbers,20,28,0.0,0.0,0.0,0.381,0.0,0.0,0.0,21.0,3.0,0.0,0.0,0.97635114,Yerushalmi
TgO_Numbers,20,29,0.0,0.0,0.0,0.6429,0.0,0.0,0.0,14.0,3.2667,0.0,0.0,0.94803405,Yerushalmi
TgO_Numbers,21,1,0.0,0.0,0.0,0.7647,0.0,0.0,0.0,17.0,3.2222,0.0,0.0,0.9742388,Yerushalmi
TgO_Numbers,21,2,0.0,0.0,0.0,0.6875,0.0,0.0,0.0,16.0,2.5882,0.0,0.0,0.9726902,Yerushalmi
TgO_Numbers,21,3,0.0,0.0,0.0,0.5333,0.0,0.0,0.0,15.0,3.0625,0.0,0.0,0.95872575,Yerushalmi
TgO_Numbers,21,4,0.0,0.0,0.0,0.8571,0.0,0.0,0.0,14.0,2.8667,0.0,0.0,0.96739733,Yerushalmi
TgO_Numbers,21,5,0.0,0.0,0.0,0.7308,0.0,0.0,0.0,26.0,2.7407,0.0,0.0,0.9827609,Yerushalmi
TgO_Numbers,21,6,0.0,0.0,0.0,0.6923,0.0,0.0,0.0,13.0,2.2143,0.0,0.0,0.9245784,Yerushalmi
TgO_Numbers,21,7,0.0,0.0,0.0,0.5833,0.0,0.0,0.0,24.0,2.92,0.0,0.0,0.9735553,Yerushalmi
TgO_Numbers,21,8,0.0,0.0,0.0,0.5625,0.0,0.0,0.0,16.0,2.4706,0.0,0.0,0.9695565,Yerushalmi
TgO_Numbers,21,9,0.0,0.0,0.0,0.6471,0.0,0.0,0.0,17.0,2.5556,0.0,0.0,0.97779363,Yerushalmi
TgO_Numbers,21,10,0.0,0.0,0.0,0.6,0.0,0.0,0.0,5.0,2.3333,0.0,0.0,0.41381857,Bavli
TgO_Numbers,21,11,0.0,0.0,0.0,0.7,0.0,0.0,0.0,10.0,3.0,0.0,0.0,0.8350402,Yerushalmi
TgO_Numbers,21,12,0.0,0.0,0.0,0.8,0.0,0.0,0.0,5.0,2.8333,0.0,0.0,0.59305096,Yerushalmi
TgO_Numbers,21,13,0.0,0.0,0.0,0.5882,0.0,0.0,0.0,17.0,3.4444,0.0,0.0,0.96440125,Yerushalmi
TgO_Numbers,21,14,0.0,0.0,0.0,0.9231,0.0,0.0,0.0,13.0,2.8571,0.0,0.0,0.96759915,Yerushalmi
TgO_Numbers,21,15,0.0,0.0,0.0,0.625,0.0,0.0,0.0,8.0,3.6667,0.0,0.0,0.77649826,Yerushalmi
TgO_Numbers,21,16,0.0,0.0,0.0,0.6667,0.0,0.0,0.0,15.0,3.25,0.0,0.0,0.958331,Yerushalmi
TgO_Numbers,21,17,0.0,0.0,0.0,0.7,0.0,0.0,0.0,10.0,3.5455,0.0,0.0,0.86310315,Yerushalmi
TgO_Numbers,21,18,0.0,0.0,0.0,0.9091,0.0,0.0,0.0,11.0,2.75,0.0,0.0,0.93486756,Yerushalmi
TgO_Numbers,21,19,0.0,0.0,0.0,0.7778,0.0,0.0,0.0,9.0,2.7,0.0,0.0,0.7978281,Yerushalmi
TgO_Numbers,21,20,0.0,0.0,0.0,0.6364,0.0,0.0,0.0,11.0,3.4167,0.0,0.0,0.8884224,Yerushalmi
TgO_Numbers,21,21,0.0,0.0,0.0,0.75,0.0,0.0,0.0,8.0,3.7778,0.0,0.0,0.8030435,Yerushalmi
TgO_Numbers,21,22,0.0,0.0,0.0,0.75,0.0,0.0,0.0,16.0,2.5294,0.0,0.0,0.9769655,Yerushalmi
TgO_Numbers,21,23,0.0,0.0,0.0,0.4762,0.0,0.0,0.0,21.0,3.5,0.0,0.0,0.9619976,Yerushalmi
TgO_Numbers,21,24,0.0,0.0,0.0,0.6667,0.0,0.0,0.0,18.0,3.4737,0.0,0.0,0.9669487,Yerushalmi
TgO_Numbers,21,25,0.0,0.0,0.0,0.5714,0.0,0.0,0.0,14.0,3.0667,0.0,0.0,0.94732183,Yerushalmi
TgO_Numbers,21,26,0.0,0.0,0.0,0.8,0.0,0.0,0.0,20.0,3.5238,0.0,0.0,0.9743616,Yerushalmi
TgO_Numbers,21,27,0.0,0.0,0.0,0.7778,0.0,0.0,0.0,9.0,4.2,0.0,0.0,0.84757996,Yerushalmi
TgO_Numbers,21,28,0.0,0.0,0.0,0.8182,0.0,0.0,0.0,22.0,3.2174,0.0,0.0,0.9817021,Yerushalmi
TgO_Numbers,21,29,0.0,0.0,0.0,0.8667,0.0,0.0,0.0,15.0,3.3125,0.0,0.0,0.973472,Yerushalmi
TgO_Numbers,21,30,0.0,0.0,0.0,0.75,0.0,0.0,0.0,12.0,3.3077,0.0,0.0,0.9226626,Yerushalmi
TgO_Numbers,21,31,0.0,0.0,0.0,0.75,0.0,0.0,0.0,4.0,3.0,0.0,0.0,0.51565367,Yerushalmi
TgO_Numbers,21,32,0.0,0.0,0.0,0.5455,0.0,0.0,0.0,11.0,3.0,0.0,0.0,0.870495,Yerushalmi
TgO_Numbers,21,33,0.0,0.0,0.0,0.6,0.0,0.0,0.0,15.0,3.5625,0.0,0.0,0.95434266,Yerushalmi
TgO_Numbers,21,34,0.0,0.0,0.0,0.7083,0.0,0.0,0.0,24.0,3.04,0.0,0.0,0.9763744,Yerushalmi
TgO_Numbers,21,35,0.0,0.0,0.0,0.6667,0.0,0.0,0.0,15.0,2.25,0.0,0.0,0.96468276,Yerushalmi
TgO_Numbers,22,1,0.0,0.0,0.0,0.5556,0.0,0.0,0.0,9.0,4.0,0.0,0.0,0.83359045,Yerushalmi
TgO_Numbers,22,2,0.0,0.0,0.0,0.6667,0.0,0.0,0.0,9.0,3.3,0.0,0.0,0.8031602,Yerushalmi
TgO_Numbers,22,3,0.0,0.0,0.0,0.6923,0.0,0.0,0.0,13.0,3.9286,0.0,0.0,0.93088603,Yerushalmi
TgO_Numbers,22,4,0.0,0.0,0.0,0.75,0.0,0.0,0.0,24.0,3.28,0.0,0.0,0.97134656,Yerushalmi
TgO_Numbers,22,5,0.0,0.0,0.0,0.6,0.0,0.0,0.0,30.0,3.6452,0.0,0.0,0.8664627,Yerushalmi
TgO_Numbers,22,6,0.0,0.0,0.0,0.7037,0.0,0.0,0.0,27.0,2.6786,0.0,0.0,0.98077613,Yerushalmi
TgO_Numbers,22,7,0.0,0.0,0.0,0.4286,0.0,0.0,0.0,14.0,3.8,0.0,0.0,0.9538153,Yerushalmi
TgO_Numbers,22,8,0.0,0.0,0.0,0.6471,0.0,0.0,0.0,17.0,3.1667,0.0,0.0,0.96964777,Yerushalmi
TgO_Numbers,22,9,0.0,0.0,0.0,0.75,0.0,0.0,0.0,12.0,3.6923,0.0,0.0,0.9245528,Yerushalmi
TgO_Numbers,22,10,0.0,0.0,0.0,0.6364,0.0,0.0,0.0,11.0,3.6667,0.0,0.0,0.8934825,Yerushalmi
TgO_Numbers,22,11,0.0,0.0,0.0,0.8,0.0,0.0,0.0,20.0,2.7619,0.0,0.0,0.9886075,Yerushalmi
TgO_Numbers,22,12,0.0,0.0,0.0,0.7692,0.0,0.0,0.0,13.0,2.7857,0.0,0.0,0.9395822,Yerushalmi
TgO_Numbers,22,13,0.0,0.0,0.0,0.7647,0.0,0.0,0.0,17.0,2.8333,0.0,0.0,0.9795554,Yerushalmi
TgO_Numbers,22,14,0.0,0.0,0.0,0.5455,0.0,0.0,0.0,11.0,3.0,0.0,0.0,0.870495,Yerushalmi
TgO_Numbers,22,15,0.0,0.0,0.0,0.75,0.0,0.0,0.0,8.0,2.4444,0.0,0.0,0.7006843,Yerushalmi
TgO_Numbers,22,16,0.0,0.0,0.0,0.6,0.0,0.0,0.0,15.0,3.125,0.0,0.0,0.95787144,Yerushalmi
TgO_Numbers,22,17,0.0,0.0,0.0,0.8,0.0,0.0,0.0,15.0,2.625,0.0,0.0,0.9718469,Yerushalmi
TgO_Numbers,22,18,0.0,0.0,0.0,0.6667,0.0,0.0,0.0,27.0,3.0,0.0,0.0,0.9648104,Yerushalmi
TgO_Numbers,22,19,0.0,0.0,0.0,0.9231,0.0,0.0,0.0,13.0,2.5,0.0,0.0,0.9677508,Yerushalmi
TgO_Numbers,22,20,0.0,0.0,0.0,0.68,0.0,0.0,0.0,25.0,3.1154,0.0,0.0,0.9687449,Yerushalmi
TgO_Numbers,22,21,0.0,0.0,0.0,0.6,0.0,0.0,0.0,10.0,2.7273,0.0,0.0,0.79618114,Yerushalmi
TgO_Numbers,22,22,0.0,0.0,0.0,0.7368,0.0,0.0,0.0,19.0,2.7,0.0,0.0,0.9856656,Yerushalmi
TgO_Numbers,22,23,0.0,0.0,0.0,0.4783,0.0,0.0,0.0,23.0,2.625,0.0,0.0,0.9814097,Yerushalmi
TgO_Numbers,22,24,0.0,0.0,0.0,0.7273,0.0,0.0,0.0,11.0,2.5833,0.0,0.0,0.8634533,Yerushalmi
TgO_Numbers,22,25,0.0,0.0,0.0,0.625,0.0,0.0,0.0,16.0,2.8235,0.0,0.0,0.96784574,Yerushalmi
TgO_Numbers,22,26,0.0,0.0,0.0,0.8333,0.0,0.0,0.0,12.0,2.6154,0.0,0.0,0.92996943,Yerushalmi
TgO_Numbers,22,27,0.0,0.0,0.0,0.5333,0.0,0.0,0.0,15.0,3.0625,0.0,0.0,0.95872575,Yerushalmi
TgO_Numbers,22,28,0.0,0.0,0.0,0.8125,0.0,0.0,0.0,16.0,2.8235,0.0,0.0,0.978097,Yerushalmi
TgO_Numbers,22,29,0.0,0.0,0.0,0.7857,0.0,0.0,0.0,14.0,2.8,0.0,0.0,0.9583237,Yerushalmi
TgO_Numbers,22,30,0.0,0.0,0.0,0.7895,0.0,0.0,0.0,19.0,2.8,0.0,0.0,0.986478,Yerushalmi
TgO_Numbers,22,31,0.0,0.0,0.0,0.5294,0.0,0.0,0.0,17.0,2.6667,0.0,0.0,0.9740201,Yerushalmi
TgO_Numbers,22,32,0.0,0.0,0.0,0.9583,0.0,0.0,0.0,24.0,2.8,0.0,0.0,0.9942362,Yerushalmi
TgO_Numbers,22,33,0.0,0.0,0.0,0.8947,0.0,0.0,0.0,19.0,3.0,0.0,0.0,0.98905325,Yerushalmi
TgO_Numbers,22,34,0.0,0.0,0.0,0.7895,0.0,0.0,0.0,19.0,2.85,0.0,0.0,0.98577183,Yerushalmi
TgO_Numbers,22,35,0.0,0.0,0.0,0.5263,0.0,0.0,0.0,19.0,3.05,0.0,0.0,0.97434527,Yerushalmi
TgO_Numbers,22,36,0.0,0.0,0.0,0.6429,0.0,0.0,0.0,14.0,3.7333,0.0,0.0,0.94405085,Yerushalmi
TgO_Numbers,22,37,0.0,0.0,0.0,0.7619,0.0,0.0,0.0,21.0,3.0,0.0,0.0,0.98340136,Yerushalmi
TgO_Numbers,22,38,0.0,0.0,0.0,0.7778,0.0,0.0,0.0,18.0,3.0526,0.0,0.0,0.98028946,Yerushalmi
TgO_Numbers,22,39,0.0,0.0,0.0,0.5714,0.0,0.0,0.0,7.0,2.875,0.0,0.0,0.6218225,Yerushalmi
TgO_Numbers,22,40,0.0,0.0,0.0,0.375,0.0,0.0,0.0,8.0,2.8889,0.0,0.0,0.7494533,Yerushalmi
TgO_Numbers,22,41,0.0,0.0,0.0,0.5714,0.0,0.0,0.0,14.0,2.6,0.0,0.0,0.9428404,Yerushalmi
TgO_Numbers,23,1,0.0,0.0,0.0,0.4667,0.0,0.0,0.0,15.0,3.125,0.0,0.0,0.96126014,Yerushalmi
TgO_Numbers,23,2,0.0,0.0,0.0,0.5714,0.0,0.0,0.0,14.0,3.0667,0.0,0.0,0.94732183,Yerushalmi
TgO_Numbers,23,3,0.0,0.0,0.0,0.6316,0.0,0.0,0.0,19.0,3.5,0.0,0.0,0.96579456,Yerushalmi
TgO_Numbers,23,4,0.0,0.0,0.0,0.7222,0.0,0.0,0.0,18.0,3.5263,0.0,0.0,0.9682938,Yerushalmi
TgO_Numbers,23,5,0.0,0.0,0.0,0.6667,0.0,0.0,0.0,12.0,3.0,0.0,0.0,0.90587974,Yerushalmi
TgO_Numbers,23,6,0.0,0.0,0.0,0.6364,0.0,0.0,0.0,11.0,2.75,0.0,0.0,0.8533255,Yerushalmi
TgO_Numbers,23,7,0.0,0.0,0.0,0.5,0.0,0.0,0.0,20.0,3.4286,0.0,0.0,0.9660743,Yerushalmi
TgO_Numbers,23,8,0.0,0.0,0.0,0.7,0.0,0.0,0.0,10.0,2.2727,0.0,0.0,0.7881429,Yerushalmi
TgO_Numbers,23,9,0.0,0.0,0.0,0.9375,0.0,0.0,0.0,16.0,2.8235,0.0,0.0,0.98731256,Yerushalmi
TgO_Numbers,23,10,0.0,0.0,0.0,0.8261,0.0,0.0,0.0,23.0,3.1667,0.0,0.0,0.9824733,Yerushalmi
TgO_Numbers,23,11,0.0,0.0,0.0,0.5385,0.0,0.0,0.0,13.0,3.1429,0.0,0.0,0.9341135,Yerushalmi
TgO_Numbers,23,12,0.0,0.0,0.0,0.8,0.0,0.0,0.0,10.0,2.2727,0.0,0.0,0.8413194,Yerushalmi
TgO_Numbers,23,13,0.0,0.0,0.0,0.5789,0.0,0.0,0.0,19.0,2.8,0.0,0.0,0.97916126,Yerushalmi
TgO_Numbers,23,14,0.0,0.0,0.0,0.7143,0.0,0.0,0.0,14.0,2.5333,0.0,0.0,0.95082396,Yerushalmi
TgO_Numbers,23,15,0.0,0.0,0.0,0.8,0.0,0.0,0.0,10.0,2.6364,0.0,0.0,0.8530592,Yerushalmi
TgO_Numbers,23,16,0.0,0.0,0.0,0.6,0.0,0.0,0.0,15.0,3.3125,0.0,0.0,0.9569669,Yerushalmi
TgO_Numbers,23,17,0.0,0.0,0.0,0.625,0.0,0.0,0.0,16.0,2.8235,0.0,0.0,0.96784574,Yerushalmi
TgO_Numbers,23,18,0.0,0.0,0.0,0.6,0.0,0.0,0.0,10.0,3.0,0.0,0.0,0.8224188,Yerushalmi
TgO_Numbers,23,19,0.0,0.0,0.0,0.6,0.0,0.0,0.0,25.0,3.2308,0.0,0.0,0.95701766,Yerushalmi
TgO_Numbers,23,20,0.0,0.0,0.0,0.7778,0.0,0.0,0.0,9.0,3.0,0.0,0.0,0.8185603,Yerushalmi
TgO_Numbers,23,21,0.0,0.0,0.0,0.7143,0.0,0.0,0.0,21.0,3.0909,0.0,0.0,0.9789944,Yerushalmi
TgO_Numbers,23,22,0.0,0.0,0.0,1.0,0.0,0.0,0.0,6.0,2.4286,0.0,0.0,0.85711557,Yerushalmi
TgO_Numbers,23,23,0.0,0.0,0.0,0.6818,0.0,0.0,0.0,22.0,3.0,0.0,0.0,0.97902757,Yerushalmi
TgO_Numbers,23,24,0.0,0.0,0.0,0.8,0.0,0.0,0.0,15.0,2.3125,0.0,0.0,0.9747808,Yerushalmi
TgO_Numbers,23,25,0.0,0.0,0.0,0.4545,0.0,0.0,0.0,11.0,2.9167,0.0,0.0,0.8766296,Yerushalmi
TgO_Numbers,23,26,0.0,0.0,0.0,0.6923,0.0,0.0,0.0,13.0,2.9286,0.0,0.0,0.931606,Yerushalmi
TgO_Numbers,23,27,0.0,0.0,0.0,0.75,0.0,0.0,0.0,16.0,3.5882,0.0,0.0,0.9637792,Yerushalmi
TgO_Numbers,23,28,0.0,0.0,0.0,0.7273,0.0,0.0,0.0,11.0,3.6667,0.0,0.0,0.8996987,Yerushalmi
TgO_Numbers,23,29,0.0,0.0,0.0,0.4667,0.0,0.0,0.0,15.0,3.125,0.0,0.0,0.96126014,Yerushalmi
TgO_Numbers,23,30,0.0,0.0,0.0,0.6364,0.0,0.0,0.0,11.0,3.0833,0.0,0.0,0.87384886,Yerushalmi
TgO_Numbers,24,1,0.0,0.0,0.0,0.7391,0.0,0.0,0.0,23.0,3.2083,0.0,0.0,0.9751554,Yerushalmi
TgO_Numbers,24,2,0.0,0.0,0.0,0.6667,0.0,0.0,0.0,15.0,3.1875,0.0,0.0,0.95876056,Yerushalmi
TgO_Numbers,24,3,0.0,0.0,0.0,0.6364,0.0,0.0,0.0,11.0,3.0,0.0,0.0,0.8690789,Yerushalmi
TgO_Numbers,24,4,0.0,0.0,0.0,0.8333,0.0,0.0,0.0,12.0,3.4615,0.0,0.0,0.9391366,Yerushalmi
TgO_Numbers,24,5,0.0,0.0,0.0,0.6667,0.0,0.0,0.0,6.0,4.2857,0.0,0.0,0.70827717,Yerushalmi
TgO_Numbers,24,6,0.0,0.0,0.0,0.6154,0.0,0.0,0.0,13.0,2.4286,0.0,0.0,0.91731286,Yerushalmi
TgO_Numbers,24,7,0.0,0.0,0.0,0.5833,0.0,0.0,0.0,12.0,2.3846,0.0,0.0,0.87614924,Yerushalmi
TgO_Numbers,24,8,0.0,0.0,0.0,0.8235,0.0,0.0,0.0,17.0,2.8333,0.0,0.0,0.98304814,Yerushalmi
TgO_Numbers,24,9,0.0,0.0,0.0,0.7857,0.0,0.0,0.0,14.0,2.8,0.0,0.0,0.9583237,Yerushalmi
TgO_Numbers,24,10,0.0,0.0,0.0,0.5263,0.0,0.0,0.0,19.0,4.1,0.0,0.0,0.9463589,Yerushalmi
TgO_Numbers,24,11,0.0,0.0,0.0,0.6154,0.0,0.0,0.0,13.0,2.5,0.0,0.0,0.9184851,Yerushalmi
TgO_Numbers,24,12,0.0,0.0,0.0,0.75,0.0,0.0,0.0,12.0,3.3846,0.0,0.0,0.9236052,Yerushalmi
TgO_Numbers,24,13,0.0,0.0,0.0,0.8,0.0,0.0,0.0,25.0,2.8462,0.0,0.0,0.9857991,Yerushalmi
TgO_Numbers,24,14,0.0,0.0,0.0,0.6471,0.0,0.0,0.0,17.0,2.3333,0.0,0.0,0.980626,Yerushalmi
TgO_Numbers,24,15,0.0,0.0,0.0,0.6364,0.0,0.0,0.0,11.0,3.0,0.0,0.0,0.8690789,Yerushalmi
TgO_Numbers,24,16,0.0,0.0,0.0,0.75,0.0,0.0,0.0,16.0,3.5294,0.0,0.0,0.96483374,Yerushalmi
TgO_Numbers,24,17,0.0,0.0,0.0,0.6364,0.0,0.0,0.0,22.0,3.4783,0.0,0.0,0.96151215,Yerushalmi
TgO_Numbers,24,18,0.0,0.0,0.0,0.6,0.0,0.0,0.0,10.0,3.5455,0.0,0.0,0.8587731,Yerushalmi
TgO_Numbers,24,19,0.0,0.0,0.0,0.625,0.0,0.0,0.0,8.0,2.2222,0.0,0.0,0.61240464,Yerushalmi
TgO_Numbers,24,20,0.0,0.0,0.0,0.6429,0.0,0.0,0.0,14.0,3.1333,0.0,0.0,0.9478222,Yerushalmi
TgO_Numbers,24,21,0.0,0.0,0.0,0.6667,0.0,0.0,0.0,12.0,3.0,0.0,0.0,0.90587974,Yerushalmi
TgO_Numbers,24,22,0.0,0.0,0.0,1.0,0.0,0.0,0.0,9.0,2.8,0.0,0.0,0.9378219,Yerushalmi
TgO_Numbers,24,23,0.0,0.0,0.0,0.9091,0.0,0.0,0.0,11.0,2.4167,0.0,0.0,0.93160504,Yerushalmi
TgO_Numbers,24,24,0.0,0.0,0.0,0.6923,0.0,0.0,0.0,13.0,2.8571,0.0,0.0,0.93051803,Yerushalmi
TgO_Numbers,24,25,0.0,0.0,0.0,0.4444,0.0,0.0,0.0,9.0,2.9,0.0,0.0,0.77922595,Yerushalmi
TgO_Numbers,25,1,0.0,0.0,0.0,0.6667,0.0,0.0,0.0,9.0,3.0,0.0,0.0,0.7763013,Yerushalmi
TgO_Numbers,25,2,0.0,0.0,0.0,0.5,0.0,0.0,0.0,8.0,2.1111,0.0,0.0,0.5888257,Yerushalmi
TgO_Numbers,25,3,0.0,0.0,0.0,0.6667,0.0,0.0,0.0,9.0,2.9,0.0,0.0,0.76605195,Yerushalmi
TgO_Numbers,25,4,0.0,0.0,0.0,0.7143,0.0,0.0,0.0,21.0,2.9091,0.0,0.0,0.98297644,Yerushalmi
TgO_Numbers,25,5,0.0,0.0,0.0,0.7,0.0,0.0,0.0,10.0,3.1818,0.0,0.0,0.8467451,Yerushalmi
TgO_Numbers,25,6,0.0,0.0,0.0,0.7273,0.0,0.0,0.0,22.0,3.0435,0.0,0.0,0.98025995,Yerushalmi
TgO_Numbers,25,7,0.0,0.0,0.0,0.5385,0.0,0.0,0.0,13.0,3.5714,0.0,0.0,0.93823653,Yerushalmi
TgO_Numbers,25,8,0.0,0.0,0.0,0.5238,0.0,0.0,0.0,21.0,3.0455,0.0,0.0,0.9741265,Yerushalmi
TgO_Numbers,25,9,0.0,0.0,0.0,0.8333,0.0,0.0,0.0,6.0,2.4286,0.0,0.0,0.6538595,Yerushalmi
TgO_Numbers,25,10,0.0,0.0,0.0,0.8,0.0,0.0,0.0,5.0,2.5,0.0,0.0,0.55580723,Yerushalmi
TgO_Numbers,25,11,0.0,0.0,0.0,0.5455,0.0,0.0,0.0,22.0,3.4783,0.0,0.0,0.95850694,Yerushalmi
TgO_Numbers,25,12,0.0,0.0,0.0,0.875,0.0,0.0,0.0,8.0,2.5556,0.0,0.0,0.81735134,Yerushalmi
TgO_Numbers,25,13,0.0,0.0,0.0,0.7333,0.0,0.0,0.0,15.0,3.0,0.0,0.0,0.9634973,Yerushalmi
TgO_Numbers,25,14,0.0,0.0,0.0,0.6,0.0,0.0,0.0,15.0,5.0,0.0,0.0,0.8733723,Yerushalmi
TgO_Numbers,25,15,0.0,0.0,0.0,0.8333,0.0,0.0,0.0,12.0,3.3846,0.0,0.0,0.9388187,Yerushalmi
TgO_Numbers,25,16,0.0,0.0,0.0,0.8,0.0,0.0,0.0,5.0,2.1667,0.0,0.0,0.5289073,Yerushalmi
TgO_Numbers,25,17,0.0,0.0,0.0,0.8,0.0,0.0,0.0,5.0,2.8333,0.0,0.0,0.59305096,Yerushalmi
TgO_Numbers,25,18,0.0,0.0,0.0,0.65,0.0,0.0,0.0,20.0,3.9048,0.0,0.0,0.952186,Yerushalmi
TgO_Numbers,26,1,0.0,0.0,0.0,0.6364,0.0,0.0,0.0,11.0,2.9167,0.0,0.0,0.8640002,Yerushalmi
TgO_Numbers,26,2,0.0,0.0,0.0,0.875,0.0,0.0,0.0,16.0,3.1176,0.0,0.0,0.98026,Yerushalmi
TgO_Numbers,26,3,0.0,0.0,0.0,0.6154,0.0,0.0,0.0,13.0,3.4286,0.0,0.0,0.9347963,Yerushalmi
TgO_Numbers,26,4,0.0,0.0,0.0,0.7143,0.0,0.0,0.0,14.0,3.4667,0.0,0.0,0.950061,Yerushalmi
TgO_Numbers,26,5,0.0,0.0,0.0,0.2727,0.0,0.0,0.0,11.0,5.0833,0.0,0.0,0.8446951,Yerushalmi
TgO_Numbers,26,6,0.0,0.0,0.0,0.1667,0.0,0.0,0.0,6.0,5.4286,0.0,0.0,0.7346144,Yerushalmi
TgO_Numbers,26,7,0.0,0.0,0.0,0.6364,0.0,0.0,0.0,11.0,3.25,0.0,0.0,0.88215035,Yerushalmi
TgO_Numbers,26,8,0.0,0.0,0.0,0.5,0.0,0.0,0.0,3.0,4.0,0.0,0.0,0.622399,Yerushalmi
TgO_Numbers,26,9,0.0,0.0,0.0,0.4,0.0,0.0,0.0,20.0,3.5714,0.0,0.0,0.9660961,Yerushalmi
TgO_Numbers,26,10,0.0,0.0,0.0,0.6316,0.0,0.0,0.0,19.0,2.6,0.0,0.0,0.9835919,Yerushalmi
TgO_Numbers,26,11,0.0,0.0,0.0,0.75,0.0,0.0,0.0,4.0,2.4,0.0,0.0,0.43618545,Bavli
TgO_Numbers,26,12,0.0,0.0,0.0,0.1667,0.0,0.0,0.0,12.0,5.3077,0.0,0.0,0.8408281,Yerushalmi
TgO_Numbers,26,13,0.0,0.0,0.0,0.1667,0.0,0.0,0.0,6.0,4.7143,0.0,0.0,0.84201115,Yerushalmi
TgO_Numbers,26,14,0.0,0.0,0.0,0.7143,0.0,0.0,0.0,7.0,3.375,0.0,0.0,0.71749115,Yerushalmi
TgO_Numbers,26,15,0.0,0.0,0.0,0.1667,0.0,0.0,0.0,12.0,4.5385,0.0,0.0,0.94287336,Yerushalmi
TgO_Numbers,26,16,0.0,0.0,0.0,0.1667,0.0,0.0,0.0,6.0,5.0,0.0,0.0,0.81081706,Yerushalmi
TgO_Numbers,26,17,0.0,0.0,0.0,0.1667,0.0,0.0,0.0,6.0,5.8571,0.0,0.0,0.6366546,Yerushalmi
TgO_Numbers,26,18,0.0,0.0,0.0,0.8889,0.0,0.0,0.0,9.0,3.1,0.0,0.0,0.8859406,Yerushalmi
TgO_Numbers,26,19,0.0,0.0,0.0,0.3333,0.0,0.0,0.0,9.0,3.2,0.0,0.0,0.8551114,Yerushalmi
TgO_Numbers,26,20,0.0,0.0,0.0,0.2308,0.0,0.0,0.0,13.0,4.5714,0.0,0.0,0.9370961,Yerushalmi
TgO_Numbers,26,21,0.0,0.0,0.0,0.3333,0.0,0.0,0.0,9.0,4.6,0.0,0.0,0.85551596,Yerushalmi
TgO_Numbers,26,22,0.0,0.0,0.0,0.7778,0.0,0.0,0.0,9.0,3.4,0.0,0.0,0.84079087,Yerushalmi
TgO_Numbers,26,23,0.0,0.0,0.0,0.2222,0.0,0.0,0.0,9.0,4.7,0.0,0.0,0.8806915,Yerushalmi
TgO_Numbers,26,24,0.0,0.0,0.0,0.1667,0.0,0.0,0.0,6.0,5.1429,0.0,0.0,0.78932536,Yerushalmi
TgO_Numbers,26,25,0.0,0.0,0.0,0.7778,0.0,0.0,0.0,9.0,3.6,0.0,0.0,0.8476036,Yerushalmi
TgO_Numbers,26,26,0.0,0.0,0.0,0.1667,0.0,0.0,0.0,12.0,5.3846,0.0,0.0,0.82443935,Yerushalmi
TgO_Numbers,26,27,0.0,0.0,0.0,0.875,0.0,0.0,0.0,8.0,3.4444,0.0,0.0,0.85500365,Yerushalmi
TgO_Numbers,26,28,0.0,0.0,0.0,0.6,0.0,0.0,0.0,5.0,3.5,0.0,0.0,0.60831743,Yerushalmi
TgO_Numbers,26,29,0.0,0.0,0.0,0.4167,0.0,0.0,0.0,12.0,4.5385,0.0,0.0,0.90206003,Yerushalmi
TgO_Numbers,26,30,0.0,0.0,0.0,0.3333,0.0,0.0,0.0,9.0,4.9,0.0,0.0,0.8169404,Yerushalmi
TgO_Numbers,26,31,0.0,0.0,0.0,0.3333,0.0,0.0,0.0,6.0,3.8571,0.0,0.0,0.7883806,Yerushalmi
TgO_Numbers,26,32,0.0,0.0,0.0,0.3333,0.0,0.0,0.0,6.0,3.7143,0.0,0.0,0.7805562,Yerushalmi
TgO_Numbers,26,33,0.0,0.0,0.0,0.3529,0.0,0.0,0.0,17.0,3.4444,0.0,0.0,0.9727861,Yerushalmi
TgO_Numbers,26,34,0.0,0.0,0.0,0.6667,0.0,0.0,0.0,9.0,3.2,0.0,0.0,0.79502916,Yerushalmi
TgO_Numbers,26,35,0.0,0.0,0.0,0.2308,0.0,0.0,0.0,13.0,5.0714,0.0,0.0,0.87958366,Yerushalmi
TgO_Numbers,26,36,0.0,0.0,0.0,0.5,0.0,0.0,0.0,6.0,4.0,0.0,0.0,0.72246194,Yerushalmi
TgO_Numbers,26,37,0.0,0.0,0.0,0.5714,0.0,0.0,0.0,14.0,3.5333,0.0,0.0,0.9477925,Yerushalmi
TgO_Numbers,26,38,0.0,0.0,0.0,0.1667,0.0,0.0,0.0,12.0,5.5385,0.0,0.0,0.78883797,Yerushalmi
TgO_Numbers,26,39,0.0,0.0,0.0,0.1667,0.0,0.0,0.0,6.0,4.7143,0.0,0.0,0.84201115,Yerushalmi
TgO_Numbers,26,40,0.0,0.0,0.0,0.3,0.0,0.0,0.0,10.0,4.0,0.0,0.0,0.9195884,Yerushalmi
TgO_Numbers,26,41,0.0,0.0,0.0,0.7,0.0,0.0,0.0,10.0,3.2727,0.0,0.0,0.8518169,Yerushalmi
TgO_Numbers,26,42,0.0,0.0,0.0,0.2727,0.0,0.0,0.0,11.0,3.6667,0.0,0.0,0.9430612,Yerushalmi
TgO_Numbers,26,43,0.0,0.0,0.0,0.7778,0.0,0.0,0.0,9.0,2.9,0.0,0.0,0.81176597,Yerushalmi
TgO_Numbers,26,44,0.0,0.0,0.0,0.1667,0.0,0.0,0.0,12.0,5.3077,0.0,0.0,0.8408281,Yerushalmi
TgO_Numbers,26,45,0.0,0.0,0.0,0.25,0.0,0.0,0.0,8.0,5.6667,0.0,0.0,0.66815215,Yerushalmi
TgO_Numbers,26,46,0.0,0.0,0.0,0.5,0.0,0.0,0.0,4.0,3.4,0.0,0.0,0.57536733,Yerushalmi
TgO_Numbers,26,47,0.0,0.0,0.0,0.8,0.0,0.0,0.0,10.0,3.0909,0.0,0.0,0.87331945,Yerushalmi
TgO_Numbers,26,48,0.0,0.0,0.0,0.2222,0.0,0.0,0.0,9.0,5.0,0.0,0.0,0.84059036,Yerushalmi
TgO_Numbers,26,49,0.0,0.0,0.0,0.1667,0.0,0.0,0.0,6.0,4.7143,0.0,0.0,0.84201115,Yerushalmi
TgO_Numbers,26,50,0.0,0.0,0.0,0.6,0.0,0.0,0.0,10.0,3.4545,0.0,0.0,0.8548252,Yerushalmi
TgO_Numbers,26,51,0.0,0.0,0.0,0.7273,0.0,0.0,0.0,11.0,2.8333,0.0,0.0,0.8744153,Yerushalmi
TgO_Numbers,26,52,0.0,0.0,0.0,0.8,0.0,0.0,0.0,5.0,2.1667,0.0,0.0,0.5289073,Yerushalmi
TgO_Numbers,26,53,0.0,0.0,0.0,0.8333,0.0,0.0,0.0,6.0,2.2857,0.0,0.0,0.64398795,Yerushalmi
TgO_Numbers,26,54,0.0,0.0,0.0,0.7273,0.0,0.0,0.0,11.0,3.3333,0.0,0.0,0.8939906,Yerushalmi
TgO_Numbers,26,55,0.0,0.0,0.0,1.0,0.0,0.0,0.0,9.0,2.3,0.0,0.0,0.93171376,Yerushalmi
TgO_Numbers,26,56,0.0,0.0,0.0,0.875,0.0,0.0,0.0,8.0,3.4444,0.0,0.0,0.85500365,Yerushalmi
TgO_Numbers,26,57,0.0,0.0,0.0,0.3636,0.0,0.0,0.0,11.0,4.4167,0.0,0.0,0.9063866,Yerushalmi
TgO_Numbers,26,58,0.0,0.0,0.0,0.2941,0.0,0.0,0.0,17.0,4.2222,0.0,0.0,0.95946974,Yerushalmi
TgO_Numbers,26,59,0.0,0.0,0.0,0.3684,0.0,0.0,0.0,19.0,3.95,0.0,0.0,0.9606073,Yerushalmi
TgO_Numbers,26,60,0.0,0.0,0.0,0.2,0.0,0.0,0.0,10.0,4.1818,0.0,0.0,0.9348366,Yerushalmi
TgO_Numbers,26,61,0.0,0.0,0.0,0.75,0.0,0.0,0.0,8.0,2.7778,0.0,0.0,0.7313284,Yerushalmi
TgO_Numbers,26,62,0.0,0.0,0.0,0.625,0.0,0.0,0.0,24.0,3.28,0.0,0.0,0.9612743,Yerushalmi
TgO_Numbers,26,63,0.0,0.0,0.0,0.6923,0.0,0.0,0.0,13.0,3.9286,0.0,0.0,0.93088603,Yerushalmi
TgO_Numbers,26,64,0.0,0.0,0.0,0.7143,0.0,0.0,0.0,14.0,3.0667,0.0,0.0,0.95118046,Yerushalmi
TgO_Numbers,26,65,0.0,0.0,0.0,0.6111,0.0,0.0,0.0,18.0,3.1053,0.0,0.0,0.9726606,Yerushalmi
TgO_Numbers,27,1,0.0,0.0,0.0,0.2174,0.0,0.0,0.0,23.0,3.5417,0.0,0.0,0.9679565,Yerushalmi
TgO_Numbers,27,2,0.0,0.0,0.0,0.6429,0.0,0.0,0.0,14.0,3.0667,0.0,0.0,0.9475758,Yerushalmi
TgO_Numbers,27,3,0.0,0.0,0.0,0.6,0.0,0.0,0.0,20.0,2.8095,0.0,0.0,0.98064554,Yerushalmi
TgO_Numbers,27,4,0.0,0.0,0.0,0.8125,0.0,0.0,0.0,16.0,3.0,0.0,0.0,0.97630185,Yerushalmi
TgO_Numbers,27,5,0.0,0.0,0.0,0.8333,0.0,0.0,0.0,6.0,2.7143,0.0,0.0,0.6784378,Yerushalmi
TgO_Numbers,27,6,0.0,0.0,0.0,0.8333,0.0,0.0,0.0,6.0,2.8571,0.0,0.0,0.6916717,Yerushalmi
TgO_Numbers,27,7,0.0,0.0,0.0,0.6471,0.0,0.0,0.0,17.0,3.6111,0.0,0.0,0.9615842,Yerushalmi
TgO_Numbers,27,8,0.0,0.0,0.0,0.7333,0.0,0.0,0.0,15.0,2.875,0.0,0.0,0.96429396,Yerushalmi
TgO_Numbers,27,9,0.0,0.0,0.0,0.75,0.0,0.0,0.0,8.0,2.5556,0.0,0.0,0.7101355,Yerushalmi
TgO_Numbers,27,10,0.0,0.0,0.0,0.6667,0.0,0.0,0.0,9.0,2.4,0.0,0.0,0.7163257,Yerushalmi
TgO_Numbers,27,11,0.0,0.0,0.0,0.6087,0.0,0.0,0.0,23.0,3.0833,0.0,0.0,0.97152907,Yerushalmi
TgO_Numbers,27,12,0.0,0.0,0.0,0.6667,0.0,0.0,0.0,15.0,3.5625,0.0,0.0,0.95487976,Yerushalmi
TgO_Numbers,27,13,0.0,0.0,0.0,0.8,0.0,0.0,0.0,10.0,2.5455,0.0,0.0,0.8493569,Yerushalmi
TgO_Numbers,27,14,0.0,0.0,0.0,0.6316,0.0,0.0,0.0,19.0,3.55,0.0,0.0,0.9644763,Yerushalmi
TgO_Numbers,27,15,0.0,0.0,0.0,0.8,0.0,0.0,0.0,5.0,2.6667,0.0,0.0,0.5737003,Yerushalmi
TgO_Numbers,27,16,0.0,0.0,0.0,0.9,0.0,0.0,0.0,10.0,2.7273,0.0,0.0,0.90861034,Yerushalmi
TgO_Numbers,27,17,0.0,0.0,0.0,0.6429,0.0,0.0,0.0,14.0,2.8,0.0,0.0,0.9461393,Yerushalmi
TgO_Numbers,27,18,0.0,0.0,0.0,0.6471,0.0,0.0,0.0,17.0,3.0556,0.0,0.0,0.9712307,Yerushalmi
TgO_Numbers,27,19,0.0,0.0,0.0,0.6364,0.0,0.0,0.0,11.0,2.8333,0.0,0.0,0.8587063,Yerushalmi
TgO_Numbers,27,20,0.0,0.0,0.0,0.8,0.0,0.0,0.0,10.0,2.8182,0.0,0.0,0.86120784,Yerushalmi
TgO_Numbers,27,21,0.0,0.0,0.0,0.64,0.0,0.0,0.0,25.0,3.1154,0.0,0.0,0.9655977,Yerushalmi
TgO_Numbers,27,22,0.0,0.0,0.0,0.5625,0.0,0.0,0.0,16.0,3.4706,0.0,0.0,0.96115655,Yerushalmi
TgO_Numbers,27,23,0.0,0.0,0.0,0.7778,0.0,0.0,0.0,9.0,3.0,0.0,0.0,0.8185603,Yerushalmi
TgO_Numbers,28,1,0.0,0.0,0.0,0.8,0.0,0.0,0.0,5.0,2.1667,0.0,0.0,0.5289073,Yerushalmi
TgO_Numbers,28,2,0.0,0.0,0.0,0.7059,0.0,0.0,0.0,17.0,3.1111,0.0,0.0,0.9726456,Yerushalmi
TgO_Numbers,28,3,0.0,0.0,0.0,0.9333,0.0,0.0,0.0,15.0,3.125,0.0,0.0,0.9815772,Yerushalmi
TgO_Numbers,28,4,0.0,0.0,0.0,0.8182,0.0,0.0,0.0,11.0,2.5,0.0,0.0,0.89482194,Yerushalmi
TgO_Numbers,28,5,0.0,0.0,0.0,0.9167,0.0,0.0,0.0,12.0,2.7692,0.0,0.0,0.9539356,Yerushalmi
TgO_Numbers,28,6,0.0,0.0,0.0,0.8,0.0,0.0,0.0,10.0,3.2727,0.0,0.0,0.88007176,Yerushalmi
TgO_Numbers,28,7,0.0,0.0,0.0,1.0,0.0,0.0,0.0,12.0,2.8462,0.0,0.0,0.9725026,Yerushalmi
TgO_Numbers,28,8,0.0,0.0,0.0,0.8667,0.0,0.0,0.0,15.0,2.75,0.0,0.0,0.9773049,Yerushalmi
TgO_Numbers,28,9,0.0,0.0,0.0,0.8571,0.0,0.0,0.0,14.0,2.8,0.0,0.0,0.96759135,Yerushalmi
TgO_Numbers,28,10,0.0,0.0,0.0,1.0,0.0,0.0,0.0,8.0,2.4444,0.0,0.0,0.91344357,Yerushalmi
TgO_Numbers,28,11,0.0,0.0,0.0,0.8235,0.0,0.0,0.0,17.0,2.6111,0.0,0.0,0.9855225,Yerushalmi
TgO_Numbers,28,12,0.0,0.0,0.0,0.5625,0.0,0.0,0.0,16.0,2.9412,0.0,0.0,0.9660953,Yerushalmi
TgO_Numbers,28,13,0.0,0.0,0.0,0.9286,0.0,0.0,0.0,14.0,2.9333,0.0,0.0,0.97655797,Yerushalmi
TgO_Numbers,28,14,0.0,0.0,0.0,0.6957,0.0,0.0,0.0,23.0,2.5833,0.0,0.0,0.987983,Yerushalmi
TgO_Numbers,28,15,0.0,0.0,0.0,0.9167,0.0,0.0,0.0,12.0,2.4615,0.0,0.0,0.95279753,Yerushalmi
TgO_Numbers,28,16,0.0,0.0,0.0,1.0,0.0,0.0,0.0,8.0,2.5556,0.0,0.0,0.91539276,Yerushalmi
TgO_Numbers,28,17,0.0,0.0,0.0,0.8889,0.0,0.0,0.0,9.0,2.6,0.0,0.0,0.8691275,Yerushalmi
TgO_Numbers,28,18,0.0,0.0,0.0,1.0,0.0,0.0,0.0,9.0,3.1,0.0,0.0,0.941177,Yerushalmi
TgO_Numbers,28,19,0.0,0.0,0.0,0.7222,0.0,0.0,0.0,18.0,2.8947,0.0,0.0,0.97988343,Yerushalmi
TgO_Numbers,28,20,0.0,0.0,0.0,0.8182,0.0,0.0,0.0,11.0,2.9167,0.0,0.0,0.9051865,Yerushalmi
TgO_Numbers,28,21,0.0,0.0,0.0,0.75,0.0,0.0,0.0,8.0,2.8889,0.0,0.0,0.74229336,Yerushalmi
TgO_Numbers,28,22,0.0,0.0,0.0,1.0,0.0,0.0,0.0,5.0,2.1667,0.0,0.0,0.8122587,Yerushalmi
TgO_Numbers,28,23,0.0,0.0,0.0,0.8182,0.0,0.0,0.0,11.0,3.0,0.0,0.0,0.90743756,Yerushalmi
TgO_Numbers,28,24,0.0,0.0,0.0,0.875,0.0,0.0,0.0,16.0,2.7647,0.0,0.0,0.98333013,Yerushalmi
TgO_Numbers,28,25,0.0,0.0,0.0,0.9091,0.0,0.0,0.0,11.0,3.4167,0.0,0.0,0.9422276,Yerushalmi
TgO_Numbers,28,26,0.0,0.0,0.0,0.8824,0.0,0.0,0.0,17.0,3.3333,0.0,0.0,0.9814594,Yerushalmi
TgO_Numbers,28,27,0.0,0.0,0.0,0.875,0.0,0.0,0.0,16.0,2.5882,0.0,0.0,0.9848627,Yerushalmi
TgO_Numbers,28,28,0.0,0.0,0.0,0.8333,0.0,0.0,0.0,12.0,2.9231,0.0,0.0,0.933834,Yerushalmi
TgO_Numbers,28,29,0.0,0.0,0.0,0.75,0.0,0.0,0.0,8.0,2.8889,0.0,0.0,0.74229336,Yerushalmi
TgO_Numbers,28,30,0.0,0.0,0.0,1.0,0.0,0.0,0.0,6.0,2.1429,0.0,0.0,0.85086775,Yerushalmi
TgO_Numbers,28,31,0.0,0.0,0.0,0.7778,0.0,0.0,0.0,9.0,3.1,0.0,0.0,0.8249905,Yerushalmi
TgO_Numbers,29,1,0.0,0.0,0.0,0.8235,0.0,0.0,0.0,17.0,3.5,0.0,0.0,0.9742175,Yerushalmi
TgO_Numbers,29,2,0.0,0.0,0.0,0.8235,0.0,0.0,0.0,17.0,2.5,0.0,0.0,0.98670095,Yerushalmi
TgO_Numbers,29,3,0.0,0.0,0.0,0.9091,0.0,0.0,0.0,11.0,3.0,0.0,0.0,0.93824345,Yerushalmi
TgO_Numbers,29,4,0.0,0.0,0.0,0.7143,0.0,0.0,0.0,7.0,2.5,0.0,0.0,0.6118091,Yerushalmi
TgO_Numbers,29,5,0.0,0.0,0.0,1.0,0.0,0.0,0.0,7.0,2.125,0.0,0.0,0.88292325,Yerushalmi
TgO_Numbers,29,6,0.0,0.0,0.0,0.75,0.0,0.0,0.0,16.0,2.9412,0.0,0.0,0.972438,Yerushalmi
TgO_Numbers,29,7,0.0,0.0,0.0,0.9412,0.0,0.0,0.0,17.0,3.2222,0.0,0.0,0.9869782,Yerushalmi
TgO_Numbers,29,8,0.0,0.0,0.0,0.7895,0.0,0.0,0.0,19.0,2.75,0.0,0.0,0.98716,Yerushalmi
TgO_Numbers,29,9,0.0,0.0,0.0,0.8333,0.0,0.0,0.0,12.0,2.9231,0.0,0.0,0.933834,Yerushalmi
TgO_Numbers,29,10,0.0,0.0,0.0,0.7143,0.0,0.0,0.0,7.0,2.875,0.0,0.0,0.6583322,Yerushalmi
TgO_Numbers,29,11,0.0,0.0,0.0,0.75,0.0,0.0,0.0,12.0,2.9231,0.0,0.0,0.91498816,Yerushalmi
TgO_Numbers,29,12,0.0,0.0,0.0,0.8421,0.0,0.0,0.0,19.0,3.15,0.0,0.0,0.98415923,Yerushalmi
TgO_Numbers,29,13,0.0,0.0,0.0,0.8947,0.0,0.0,0.0,19.0,3.25,0.0,0.0,0.9860109,Yerushalmi
TgO_Numbers,29,14,0.0,0.0,0.0,0.6875,0.0,0.0,0.0,16.0,3.2353,0.0,0.0,0.9657102,Yerushalmi
TgO_Numbers,29,15,0.0,0.0,0.0,0.8571,0.0,0.0,0.0,7.0,3.125,0.0,0.0,0.78852284,Yerushalmi
TgO_Numbers,29,16,0.0,0.0,0.0,0.9,0.0,0.0,0.0,10.0,2.7273,0.0,0.0,0.90861034,Yerushalmi
TgO_Numbers,29,17,0.0,0.0,0.0,0.8462,0.0,0.0,0.0,13.0,3.3571,0.0,0.0,0.9548963,Yerushalmi
TgO_Numbers,29,18,0.0,0.0,0.0,0.7143,0.0,0.0,0.0,7.0,2.0,0.0,0.0,0.57539964,Yerushalmi
TgO_Numbers,29,19,0.0,0.0,0.0,0.8,0.0,0.0,0.0,10.0,2.5455,0.0,0.0,0.8493569,Yerushalmi
TgO_Numbers,29,20,0.0,0.0,0.0,1.0,0.0,0.0,0.0,11.0,3.5,0.0,0.0,0.9656053,Yerushalmi
TgO_Numbers,29,21,0.0,0.0,0.0,0.7143,0.0,0.0,0.0,7.0,2.0,0.0,0.0,0.57539964,Yerushalmi
TgO_Numbers,29,22,0.0,0.0,0.0,0.75,0.0,0.0,0.0,8.0,2.6667,0.0,0.0,0.720481,Yerushalmi
TgO_Numbers,29,23,0.0,0.0,0.0,1.0,0.0,0.0,0.0,11.0,3.25,0.0,0.0,0.96553576,Yerushalmi
TgO_Numbers,29,24,0.0,0.0,0.0,0.8571,0.0,0.0,0.0,7.0,2.25,0.0,0.0,0.7333341,Yerushalmi
TgO_Numbers,29,25,0.0,0.0,0.0,0.9,0.0,0.0,0.0,10.0,2.7273,0.0,0.0,0.90861034,Yerushalmi
TgO_Numbers,29,26,0.0,0.0,0.0,1.0,0.0,0.0,0.0,11.0,3.25,0.0,0.0,0.96553576,Yerushalmi
TgO_Numbers,29,27,0.0,0.0,0.0,0.7143,0.0,0.0,0.0,7.0,2.0,0.0,0.0,0.57539964,Yerushalmi
TgO_Numbers,29,28,0.0,0.0,0.0,0.75,0.0,0.0,0.0,8.0,2.6667,0.0,0.0,0.720481,Yerushalmi
TgO_Numbers,29,29,0.0,0.0,0.0,1.0,0.0,0.0,0.0,11.0,3.3333,0.0,0.0,0.9656923,Yerushalmi
TgO_Numbers,29,30,0.0,0.0,0.0,0.7143,0.0,0.0,0.0,7.0,2.0,0.0,0.0,0.57539964,Yerushalmi
TgO_Numbers,29,31,0.0,0.0,0.0,0.875,0.0,0.0,0.0,8.0,2.8889,0.0,0.0,0.83406234,Yerushalmi
TgO_Numbers,29,32,0.0,0.0,0.0,1.0,0.0,0.0,0.0,11.0,3.25,0.0,0.0,0.96553576,Yerushalmi
TgO_Numbers,29,33,0.0,0.0,0.0,0.625,0.0,0.0,0.0,8.0,2.5556,0.0,0.0,0.6480939,Yerushalmi
TgO_Numbers,29,34,0.0,0.0,0.0,0.875,0.0,0.0,0.0,8.0,2.8889,0.0,0.0,0.83406234,Yerushalmi
TgO_Numbers,29,35,0.0,0.0,0.0,0.9,0.0,0.0,0.0,10.0,3.2727,0.0,0.0,0.9197801,Yerushalmi
TgO_Numbers,29,36,0.0,0.0,0.0,0.9375,0.0,0.0,0.0,16.0,2.6471,0.0,0.0,0.98848236,Yerushalmi
TgO_Numbers,29,37,0.0,0.0,0.0,0.8571,0.0,0.0,0.0,7.0,2.25,0.0,0.0,0.7333341,Yerushalmi
TgO_Numbers,29,38,0.0,0.0,0.0,0.75,0.0,0.0,0.0,8.0,2.6667,0.0,0.0,0.720481,Yerushalmi
TgO_Numbers,29,39,0.0,0.0,0.0,0.9231,0.0,0.0,0.0,13.0,2.9286,0.0,0.0,0.9676854,Yerushalmi
TgO_Numbers,30,1,0.0,0.0,0.0,0.6667,0.0,0.0,0.0,9.0,3.4,0.0,0.0,0.8103039,Yerushalmi
TgO_Numbers,30,2,0.0,0.0,0.0,0.8333,0.0,0.0,0.0,12.0,3.0,0.0,0.0,0.934886,Yerushalmi
TgO_Numbers,30,3,0.0,0.0,0.0,0.9,0.0,0.0,0.0,20.0,2.7143,0.0,0.0,0.99295384,Yerushalmi
TgO_Numbers,30,4,0.0,0.0,0.0,0.7,0.0,0.0,0.0,10.0,2.3636,0.0,0.0,0.7921738,Yerushalmi
TgO_Numbers,30,5,0.0,0.0,0.0,0.45,0.0,0.0,0.0,20.0,2.3333,0.0,0.0,0.9861063,Yerushalmi
TgO_Numbers,30,6,0.0,0.0,0.0,0.7273,0.0,0.0,0.0,22.0,2.4348,0.0,0.0,0.99132764,Yerushalmi
TgO_Numbers,30,7,0.0,0.0,0.0,0.8333,0.0,0.0,0.0,12.0,2.6154,0.0,0.0,0.92996943,Yerushalmi
TgO_Numbers,30,8,0.0,0.0,0.0,0.6923,0.0,0.0,0.0,13.0,2.4286,0.0,0.0,0.9251591,Yerushalmi
TgO_Numbers,30,9,0.0,0.0,0.0,0.6667,0.0,0.0,0.0,21.0,2.5455,0.0,0.0,0.9877409,Yerushalmi
TgO_Numbers,30,10,0.0,0.0,0.0,0.7778,0.0,0.0,0.0,9.0,2.4,0.0,0.0,0.7794367,Yerushalmi
TgO_Numbers,30,11,0.0,0.0,0.0,0.9,0.0,0.0,0.0,10.0,2.2727,0.0,0.0,0.90127015,Yerushalmi
TgO_Numbers,30,12,0.0,0.0,0.0,0.6875,0.0,0.0,0.0,16.0,2.3529,0.0,0.0,0.97540724,Yerushalmi
TgO_Numbers,30,13,0.0,0.0,0.0,0.7143,0.0,0.0,0.0,21.0,2.6364,0.0,0.0,0.9878504,Yerushalmi
TgO_Numbers,30,14,0.0,0.0,0.0,0.9091,0.0,0.0,0.0,11.0,2.6667,0.0,0.0,0.93383014,Yerushalmi
TgO_Numbers,30,15,0.0,0.0,0.0,0.6522,0.0,0.0,0.0,23.0,2.4167,0.0,0.0,0.98935455,Yerushalmi
TgO_Numbers,30,16,0.0,0.0,0.0,0.6667,0.0,0.0,0.0,9.0,2.3,0.0,0.0,0.7088188,Yerushalmi
TgO_Numbers,30,17,0.0,0.0,0.0,0.8571,0.0,0.0,0.0,14.0,3.0667,0.0,0.0,0.96688604,Yerushalmi
TgO_Numbers,31,1,0.0,0.0,0.0,0.8,0.0,0.0,0.0,5.0,2.1667,0.0,0.0,0.5289073,Yerushalmi
TgO_Numbers,31,2,0.0,0.0,0.0,0.9,0.0,0.0,0.0,10.0,3.0909,0.0,0.0,0.916656,Yerushalmi
TgO_Numbers,31,3,0.0,0.0,0.0,0.7222,0.0,0.0,0.0,18.0,2.8421,0.0,0.0,0.98068446,Yerushalmi
TgO_Numbers,31,4,0.0,0.0,0.0,0.5556,0.0,0.0,0.0,9.0,3.1,0.0,0.0,0.7813699,Yerushalmi
TgO_Numbers,31,5,0.0,0.0,0.0,0.7778,0.0,0.0,0.0,9.0,3.7,0.0,0.0,0.8497626,Yerushalmi
TgO_Numbers,31,6,0.0,0.0,0.0,0.5556,0.0,0.0,0.0,18.0,3.1053,0.0,0.0,0.97208107,Yerushalmi
TgO_Numbers,31,7,0.0,0.0,0.0,0.7273,0.0,0.0,0.0,11.0,3.0833,0.0,0.0,0.88535494,Yerushalmi
TgO_Numbers,31,8,0.0,0.0,0.0,0.3846,0.0,0.0,0.0,26.0,3.2222,0.0,0.0,0.9455368,Yerushalmi
TgO_Numbers,31,9,0.0,0.0,0.0,0.5556,0.0,0.0,0.0,18.0,2.8421,0.0,0.0,0.97594184,Yerushalmi
TgO_Numbers,31,10,0.0,0.0,0.0,0.6667,0.0,0.0,0.0,9.0,2.7,0.0,0.0,0.74496305,Yerushalmi
TgO_Numbers,31,11,0.0,0.0,0.0,0.6667,0.0,0.0,0.0,9.0,2.1,0.0,0.0,0.69842035,Yerushalmi
TgO_Numbers,31,12,0.0,0.0,0.0,0.5909,0.0,0.0,0.0,22.0,3.7391,0.0,0.0,0.9494384,Yerushalmi
TgO_Numbers,31,13,0.0,0.0,0.0,0.7,0.0,0.0,0.0,10.0,3.5455,0.0,0.0,0.86310315,Yerushalmi
TgO_Numbers,31,14,0.0,0.0,0.0,0.7692,0.0,0.0,0.0,13.0,2.5,0.0,0.0,0.9379091,Yerushalmi
TgO_Numbers,31,15,0.0,0.0,0.0,0.6667,0.0,0.0,0.0,6.0,3.0,0.0,0.0,0.5912936,Yerushalmi
TgO_Numbers,31,16,0.0,0.0,0.0,0.7059,0.0,0.0,0.0,17.0,3.2222,0.0,0.0,0.97096896,Yerushalmi
TgO_Numbers,31,17,0.0,0.0,0.0,0.75,0.0,0.0,0.0,12.0,2.7692,0.0,0.0,0.91129965,Yerushalmi
TgO_Numbers,31,18,0.0,0.0,0.0,0.8889,0.0,0.0,0.0,9.0,3.0,0.0,0.0,0.88286275,Yerushalmi
TgO_Numbers,31,19,0.0,0.0,0.0,0.8,0.0,0.0,0.0,20.0,3.0952,0.0,0.0,0.98337275,Yerushalmi
TgO_Numbers,31,20,0.0,0.0,0.0,0.6923,0.0,0.0,0.0,13.0,2.5714,0.0,0.0,0.92649686,Yerushalmi
TgO_Numbers,31,21,0.0,0.0,0.0,0.8571,0.0,0.0,0.0,14.0,3.4,0.0,0.0,0.96557033,Yerushalmi
TgO_Numbers,31,22,0.0,0.0,0.0,0.6923,0.0,0.0,0.0,13.0,2.4286,0.0,0.0,0.9251591,Yerushalmi
TgO_Numbers,31,23,0.0,0.0,0.0,0.5294,0.0,0.0,0.0,17.0,2.7778,0.0,0.0,0.9728954,Yerushalmi
TgO_Numbers,31,24,0.0,0.0,0.0,0.7778,0.0,0.0,0.0,9.0,2.6,0.0,0.0,0.79112285,Yerushalmi
TgO_Numbers,31,25,0.0,0.0,0.0,0.8333,0.0,0.0,0.0,6.0,2.8571,0.0,0.0,0.6916717,Yerushalmi
TgO_Numbers,31,26,0.0,0.0,0.0,0.8462,0.0,0.0,0.0,13.0,2.7143,0.0,0.0,0.9530798,Yerushalmi
TgO_Numbers,31,27,0.0,0.0,0.0,0.9231,0.0,0.0,0.0,13.0,2.7143,0.0,0.0,0.96750855,Yerushalmi
TgO_Numbers,31,28,0.0,0.0,0.0,0.76,0.0,0.0,0.0,25.0,2.5769,0.0,0.0,0.9891252,Yerushalmi
TgO_Numbers,31,29,0.0,0.0,0.0,0.875,0.0,0.0,0.0,8.0,4.1111,0.0,0.0,0.8529844,Yerushalmi
TgO_Numbers,31,30,0.0,0.0,0.0,0.76,0.0,0.0,0.0,25.0,2.7692,0.0,0.0,0.985294,Yerushalmi
TgO_Numbers,31,31,0.0,0.0,0.0,0.6667,0.0,0.0,0.0,9.0,3.2,0.0,0.0,0.79502916,Yerushalmi
TgO_Numbers,31,32,0.0,0.0,0.0,0.8667,0.0,0.0,0.0,15.0,2.5625,0.0,0.0,0.9786922,Yerushalmi
TgO_Numbers,31,33,0.0,0.0,0.0,0.75,0.0,0.0,0.0,4.0,2.4,0.0,0.0,0.43618545,Bavli
TgO_Numbers,31,34,0.0,0.0,0.0,0.75,0.0,0.0,0.0,4.0,2.2,0.0,0.0,0.41828167,Bavli
TgO_Numbers,31,35,0.0,0.0,0.0,0.9231,0.0,0.0,0.0,13.0,2.7857,0.0,0.0,0.9675359,Yerushalmi
TgO_Numbers,31,36,0.0,0.0,0.0,0.7333,0.0,0.0,0.0,15.0,2.625,0.0,0.0,0.9660492,Yerushalmi
TgO_Numbers,31,37,0.0,0.0,0.0,0.8,0.0,0.0,0.0,10.0,2.2727,0.0,0.0,0.8413194,Yerushalmi
TgO_Numbers,31,38,0.0,0.0,0.0,0.7778,0.0,0.0,0.0,9.0,2.7,0.0,0.0,0.7978281,Yerushalmi
TgO_Numbers,31,39,0.0,0.0,0.0,0.7,0.0,0.0,0.0,10.0,2.6364,0.0,0.0,0.8088603,Yerushalmi
TgO_Numbers,31,40,0.0,0.0,0.0,0.8,0.0,0.0,0.0,10.0,2.9091,0.0,0.0,0.865382,Yerushalmi
TgO_Numbers,31,41,0.0,0.0,0.0,0.6429,0.0,0.0,0.0,14.0,4.2,0.0,0.0,0.9294135,Yerushalmi
TgO_Numbers,31,42,0.0,0.0,0.0,0.7778,0.0,0.0,0.0,9.0,3.2,0.0,0.0,0.83091044,Yerushalmi
TgO_Numbers,31,43,0.0,0.0,0.0,0.6667,0.0,0.0,0.0,12.0,2.5385,0.0,0.0,0.889806,Yerushalmi
TgO_Numbers,31,44,0.0,0.0,0.0,0.75,0.0,0.0,0.0,4.0,2.4,0.0,0.0,0.43618545,Bavli
TgO_Numbers,31,45,0.0,0.0,0.0,0.8,0.0,0.0,0.0,5.0,2.5,0.0,0.0,0.55580723,Yerushalmi
TgO_Numbers,31,46,0.0,0.0,0.0,1.0,0.0,0.0,0.0,4.0,2.8,0.0,0.0,0.78004074,Yerushalmi
TgO_Numbers,31,47,0.0,0.0,0.0,0.6538,0.0,0.0,0.0,26.0,3.1852,0.0,0.0,0.9586673,Yerushalmi
TgO_Numbers,31,48,0.0,0.0,0.0,0.6154,0.0,0.0,0.0,13.0,2.6429,0.0,0.0,0.9212985,Yerushalmi
TgO_Numbers,31,49,0.0,0.0,0.0,0.8571,0.0,0.0,0.0,14.0,2.8667,0.0,0.0,0.96739733,Yerushalmi
TgO_Numbers,31,50,0.0,0.0,0.0,0.7619,0.0,0.0,0.0,21.0,2.7727,0.0,0.0,0.9874743,Yerushalmi
TgO_Numbers,31,51,0.0,0.0,0.0,0.8,0.0,0.0,0.0,10.0,2.5455,0.0,0.0,0.8493569,Yerushalmi
TgO_Numbers,31,52,0.0,0.0,0.0,0.7368,0.0,0.0,0.0,19.0,3.05,0.0,0.0,0.97996753,Yerushalmi
TgO_Numbers,31,53,0.0,0.0,0.0,0.6667,0.0,0.0,0.0,6.0,3.2857,0.0,0.0,0.63487077,Yerushalmi
TgO_Numbers,31,54,0.0,0.0,0.0,0.6842,0.0,0.0,0.0,19.0,2.8,0.0,0.0,0.9820866,Yerushalmi
TgO_Numbers,32,1,0.0,0.0,0.0,0.5238,0.0,0.0,0.0,21.0,3.3182,0.0,0.0,0.9668192,Yerushalmi
TgO_Numbers,32,2,0.0,0.0,0.0,0.4167,0.0,0.0,0.0,12.0,3.0769,0.0,0.0,0.9237347,Yerushalmi
TgO_Numbers,32,3,0.0,0.0,0.0,0.4,0.0,0.0,0.0,20.0,3.1429,0.0,0.0,0.9744769,Yerushalmi
TgO_Numbers,32,4,0.0,0.0,0.0,0.8667,0.0,0.0,0.0,15.0,3.5,0.0,0.0,0.97175527,Yerushalmi
TgO_Numbers,32,5,0.0,0.0,0.0,0.9333,0.0,0.0,0.0,15.0,2.75,0.0,0.0,0.98353493,Yerushalmi
TgO_Numbers,32,6,0.0,0.0,0.0,0.5714,0.0,0.0,0.0,14.0,2.8667,0.0,0.0,0.94544536,Yerushalmi
TgO_Numbers,32,7,0.0,0.0,0.0,0.8182,0.0,0.0,0.0,11.0,2.8333,0.0,0.0,0.90289456,Yerushalmi
TgO_Numbers,32,8,0.0,0.0,0.0,0.9,0.0,0.0,0.0,10.0,2.3636,0.0,0.0,0.90208375,Yerushalmi
TgO_Numbers,32,9,0.0,0.0,0.0,0.6842,0.0,0.0,0.0,19.0,2.8,0.0,0.0,0.9820866,Yerushalmi
TgO_Numbers,32,10,0.0,0.0,0.0,0.8571,0.0,0.0,0.0,7.0,2.5,0.0,0.0,0.7466897,Yerushalmi
TgO_Numbers,32,11,0.0,0.0,0.0,0.8,0.0,0.0,0.0,20.0,3.1905,0.0,0.0,0.9816105,Yerushalmi
TgO_Numbers,32,12,0.0,0.0,0.0,0.6923,0.0,0.0,0.0,13.0,3.2857,0.0,0.0,0.93581104,Yerushalmi
TgO_Numbers,32,13,0.0,0.0,0.0,0.875,0.0,0.0,0.0,16.0,2.7059,0.0,0.0,0.98383915,Yerushalmi
TgO_Numbers,32,14,0.0,0.0,0.0,0.9333,0.0,0.0,0.0,15.0,2.75,0.0,0.0,0.98353493,Yerushalmi
TgO_Numbers,32,15,0.0,0.0,0.0,0.9167,0.0,0.0,0.0,12.0,2.6923,0.0,0.0,0.9535119,Yerushalmi
TgO_Numbers,32,16,0.0,0.0,0.0,0.8,0.0,0.0,0.0,10.0,2.4545,0.0,0.0,0.8460815,Yerushalmi
TgO_Numbers,32,17,0.0,0.0,0.0,0.875,0.0,0.0,0.0,16.0,3.0,0.0,0.0,0.98129785,Yerushalmi
TgO_Numbers,32,18,0.0,0.0,0.0,0.8889,0.0,0.0,0.0,9.0,2.8,0.0,0.0,0.8760315,Yerushalmi
TgO_Numbers,32,19,0.0,0.0,0.0,0.7143,0.0,0.0,0.0,14.0,2.9333,0.0,0.0,0.95100105,Yerushalmi
TgO_Numbers,32,20,0.0,0.0,0.0,0.7333,0.0,0.0,0.0,15.0,2.875,0.0,0.0,0.96429396,Yerushalmi
TgO_Numbers,32,21,0.0,0.0,0.0,0.8571,0.0,0.0,0.0,14.0,3.1333,0.0,0.0,0.966702,Yerushalmi
TgO_Numbers,32,22,0.0,0.0,0.0,0.55,0.0,0.0,0.0,20.0,2.7619,0.0,0.0,0.9805511,Yerushalmi
TgO_Numbers,32,23,0.0,0.0,0.0,0.9167,0.0,0.0,0.0,12.0,2.3846,0.0,0.0,0.95280653,Yerushalmi
TgO_Numbers,32,24,0.0,0.0,0.0,0.7778,0.0,0.0,0.0,9.0,2.8,0.0,0.0,0.8047859,Yerushalmi
TgO_Numbers,32,25,0.0,0.0,0.0,0.5833,0.0,0.0,0.0,12.0,3.4615,0.0,0.0,0.9175531,Yerushalmi
TgO_Numbers,32,26,0.0,0.0,0.0,0.8889,0.0,0.0,0.0,9.0,3.1,0.0,0.0,0.8859406,Yerushalmi
TgO_Numbers,32,27,0.0,0.0,0.0,0.9231,0.0,0.0,0.0,13.0,2.8571,0.0,0.0,0.96759915,Yerushalmi
TgO_Numbers,32,28,0.0,0.0,0.0,0.4375,0.0,0.0,0.0,16.0,3.5882,0.0,0.0,0.96461445,Yerushalmi
TgO_Numbers,32,29,0.0,0.0,0.0,0.5185,0.0,0.0,0.0,27.0,3.1429,0.0,0.0,0.94290173,Yerushalmi
TgO_Numbers,32,30,0.0,0.0,0.0,0.7778,0.0,0.0,0.0,9.0,2.8,0.0,0.0,0.8047859,Yerushalmi
TgO_Numbers,32,31,0.0,0.0,0.0,0.6667,0.0,0.0,0.0,12.0,2.6923,0.0,0.0,0.8949337,Yerushalmi
TgO_Numbers,32,32,0.0,0.0,0.0,0.8571,0.0,0.0,0.0,14.0,3.8667,0.0,0.0,0.9601753,Yerushalmi
TgO_Numbers,32,33,0.0,0.0,0.0,0.3929,0.0,0.0,0.0,28.0,4.0345,0.0,0.0,0.875265,Yerushalmi
TgO_Numbers,32,34,0.0,0.0,0.0,0.3333,0.0,0.0,0.0,9.0,3.5,0.0,0.0,0.8767982,Yerushalmi
TgO_Numbers,32,35,0.0,0.0,0.0,0.1667,0.0,0.0,0.0,6.0,3.7143,0.0,0.0,0.8644154,Yerushalmi
TgO_Numbers,32,36,0.0,0.0,0.0,0.5,0.0,0.0,0.0,8.0,4.1111,0.0,0.0,0.80427015,Yerushalmi
TgO_Numbers,32,37,0.0,0.0,0.0,0.3333,0.0,0.0,0.0,9.0,4.4,0.0,0.0,0.87253636,Yerushalmi
TgO_Numbers,32,38,0.0,0.0,0.0,0.5714,0.0,0.0,0.0,14.0,3.1333,0.0,0.0,0.9478052,Yerushalmi
TgO_Numbers,32,39,0.0,0.0,0.0,0.4545,0.0,0.0,0.0,11.0,3.3333,0.0,0.0,0.90301514,Yerushalmi
TgO_Numbers,32,40,0.0,0.0,0.0,0.4444,0.0,0.0,0.0,9.0,3.6,0.0,0.0,0.8486542,Yerushalmi
TgO_Numbers,32,41,0.0,0.0,0.0,0.4545,0.0,0.0,0.0,11.0,2.9167,0.0,0.0,0.8766296,Yerushalmi
TgO_Numbers,32,42,0.0,0.0,0.0,0.4545,0.0,0.0,0.0,11.0,2.5833,0.0,0.0,0.8477016,Yerushalmi
TgO_Numbers,33,1,0.0,0.0,0.0,0.7273,0.0,0.0,0.0,11.0,3.5,0.0,0.0,0.8977661,Yerushalmi
TgO_Numbers,33,2,0.0,0.0,0.0,0.6364,0.0,0.0,0.0,11.0,3.0,0.0,0.0,0.8690789,Yerushalmi
TgO_Numbers,33,3,0.0,0.0,0.0,0.6842,0.0,0.0,0.0,19.0,3.4,0.0,0.0,0.97016335,Yerushalmi
TgO_Numbers,33,4,0.0,0.0,0.0,0.8333,0.0,0.0,0.0,12.0,2.4615,0.0,0.0,0.9287864,Yerushalmi
TgO_Numbers,33,5,0.0,0.0,0.0,0.6667,0.0,0.0,0.0,6.0,2.2857,0.0,0.0,0.49042806,Bavli
TgO_Numbers,33,6,0.0,0.0,0.0,0.8333,0.0,0.0,0.0,6.0,2.2857,0.0,0.0,0.64398795,Yerushalmi
TgO_Numbers,33,7,0.0,0.0,0.0,0.6667,0.0,0.0,0.0,12.0,2.9231,0.0,0.0,0.9032338,Yerushalmi
TgO_Numbers,33,8,0.0,0.0,0.0,0.625,0.0,0.0,0.0,16.0,3.6471,0.0,0.0,0.9575633,Yerushalmi
TgO_Numbers,33,9,0.0,0.0,0.0,0.5833,0.0,0.0,0.0,12.0,3.2308,0.0,0.0,0.91232234,Yerushalmi
TgO_Numbers,33,10,0.0,0.0,0.0,0.8333,0.0,0.0,0.0,6.0,2.1429,0.0,0.0,0.63668144,Yerushalmi
TgO_Numbers,33,11,0.0,0.0,0.0,0.6667,0.0,0.0,0.0,6.0,2.8571,0.0,0.0,0.56845844,Yerushalmi
TgO_Numbers,33,12,0.0,0.0,0.0,0.6,0.0,0.0,0.0,5.0,2.6667,0.0,0.0,0.4626238,Bavli
TgO_Numbers,33,13,0.0,0.0,0.0,0.75,0.0,0.0,0.0,4.0,1.6,0.0,0.0,0.40732074,Bavli
TgO_Numbers,33,14,0.0,0.0,0.0,0.8,0.0,0.0,0.0,10.0,2.2727,0.0,0.0,0.8413194,Yerushalmi
TgO_Numbers,33,15,0.0,0.0,0.0,0.6,0.0,0.0,0.0,5.0,2.8333,0.0,0.0,0.49175924,Bavli
TgO_Numbers,33,16,0.0,0.0,0.0,0.6667,0.0,0.0,0.0,6.0,2.7143,0.0,0.0,0.5460855,Yerushalmi
TgO_Numbers,33,17,0.0,0.0,0.0,0.8,0.0,0.0,0.0,5.0,1.8333,0.0,0.0,0.52004945,Yerushalmi
TgO_Numbers,33,18,0.0,0.0,0.0,0.75,0.0,0.0,0.0,4.0,1.6,0.0,0.0,0.40732074,Bavli
TgO_Numbers,33,19,0.0,0.0,0.0,0.6,0.0,0.0,0.0,5.0,2.3333,0.0,0.0,0.41381857,Bavli
TgO_Numbers,33,20,0.0,0.0,0.0,0.6,0.0,0.0,0.0,5.0,1.8333,0.0,0.0,0.37828696,Bavli
TgO_Numbers,33,21,0.0,0.0,0.0,0.75,0.0,0.0,0.0,4.0,1.6,0.0,0.0,0.40732074,Bavli
TgO_Numbers,33,22,0.0,0.0,0.0,0.75,0.0,0.0,0.0,4.0,1.6,0.0,0.0,0.40732074,Bavli
TgO_Numbers,33,23,0.0,0.0,0.0,0.6,0.0,0.0,0.0,5.0,2.6667,0.0,0.0,0.4626238,Bavli
TgO_Numbers,33,24,0.0,0.0,0.0,0.6,0.0,0.0,0.0,5.0,2.6667,0.0,0.0,0.4626238,Bavli
TgO_Numbers,33,25,0.0,0.0,0.0,0.75,0.0,0.0,0.0,4.0,1.6,0.0,0.0,0.40732074,Bavli
TgO_Numbers,33,26,0.0,0.0,0.0,0.75,0.0,0.0,0.0,4.0,1.6,0.0,0.0,0.40732074,Bavli
TgO_Numbers,33,27,0.0,0.0,0.0,0.75,0.0,0.0,0.0,4.0,1.6,0.0,0.0,0.40732074,Bavli
TgO_Numbers,33,28,0.0,0.0,0.0,0.75,0.0,0.0,0.0,4.0,1.6,0.0,0.0,0.40732074,Bavli
TgO_Numbers,33,29,0.0,0.0,0.0,0.75,0.0,0.0,0.0,4.0,1.6,0.0,0.0,0.40732074,Bavli
TgO_Numbers,33,30,0.0,0.0,0.0,0.75,0.0,0.0,0.0,4.0,1.6,0.0,0.0,0.40732074,Bavli
TgO_Numbers,33,31,0.0,0.0,0.0,0.6,0.0,0.0,0.0,5.0,2.5,0.0,0.0,0.43624836,Bavli
TgO_Numbers,33,32,0.0,0.0,0.0,0.5,0.0,0.0,0.0,6.0,3.1429,0.0,0.0,0.6234329,Yerushalmi
TgO_Numbers,33,33,0.0,0.0,0.0,0.6,0.0,0.0,0.0,5.0,2.3333,0.0,0.0,0.41381857,Bavli
TgO_Numbers,33,34,0.0,0.0,0.0,0.75,0.0,0.0,0.0,4.0,1.6,0.0,0.0,0.40732074,Bavli
TgO_Numbers,33,35,0.0,0.0,0.0,0.75,0.0,0.0,0.0,4.0,1.6,0.0,0.0,0.40732074,Bavli
TgO_Numbers,33,36,0.0,0.0,0.0,0.5714,0.0,0.0,0.0,7.0,2.875,0.0,0.0,0.6218225,Yerushalmi
TgO_Numbers,33,37,0.0,0.0,0.0,0.625,0.0,0.0,0.0,8.0,2.7778,0.0,0.0,0.6782497,Yerushalmi
TgO_Numbers,33,38,0.0,0.0,0.0,0.6667,0.0,0.0,0.0,21.0,3.2727,0.0,0.0,0.9718794,Yerushalmi
TgO_Numbers,33,39,0.0,0.0,0.0,0.8,0.0,0.0,0.0,10.0,2.1818,0.0,0.0,0.8400263,Yerushalmi
TgO_Numbers,33,40,0.0,0.0,0.0,0.5,0.0,0.0,0.0,12.0,3.4615,0.0,0.0,0.9246882,Yerushalmi
TgO_Numbers,33,41,0.0,0.0,0.0,0.8,0.0,0.0,0.0,5.0,1.8333,0.0,0.0,0.52004945,Yerushalmi
TgO_Numbers,33,42,0.0,0.0,0.0,0.75,0.0,0.0,0.0,4.0,1.6,0.0,0.0,0.40732074,Bavli
TgO_Numbers,33,43,0.0,0.0,0.0,0.75,0.0,0.0,0.0,4.0,1.6,0.0,0.0,0.40732074,Bavli
TgO_Numbers,33,44,0.0,0.0,0.0,0.5714,0.0,0.0,0.0,7.0,2.625,0.0,0.0,0.5797179,Yerushalmi
TgO_Numbers,33,45,0.0,0.0,0.0,0.6,0.0,0.0,0.0,5.0,2.0,0.0,0.0,0.3842999,Bavli
TgO_Numbers,33,46,0.0,0.0,0.0,0.5,0.0,0.0,0.0,6.0,3.1429,0.0,0.0,0.6234329,Yerushalmi
TgO_Numbers,33,47,0.0,0.0,0.0,0.625,0.0,0.0,0.0,8.0,3.4444,0.0,0.0,0.7600592,Yerushalmi
TgO_Numbers,33,48,0.0,0.0,0.0,0.6667,0.0,0.0,0.0,9.0,3.6,0.0,0.0,0.82133424,Yerushalmi
TgO_Numbers,33,49,0.0,0.0,0.0,0.7778,0.0,0.0,0.0,9.0,3.3,0.0,0.0,0.8362059,Yerushalmi
TgO_Numbers,33,50,0.0,0.0,0.0,0.7,0.0,0.0,0.0,10.0,3.6364,0.0,0.0,0.8654301,Yerushalmi
TgO_Numbers,33,51,0.0,0.0,0.0,0.7692,0.0,0.0,0.0,13.0,3.5714,0.0,0.0,0.9429471,Yerushalmi
TgO_Numbers,33,52,0.0,0.0,0.0,0.6316,0.0,0.0,0.0,19.0,2.9,0.0,0.0,0.97863716,Yerushalmi
TgO_Numbers,33,53,0.0,0.0,0.0,0.6154,0.0,0.0,0.0,13.0,2.5714,0.0,0.0,0.9198251,Yerushalmi
TgO_Numbers,33,54,0.0,0.0,0.0,0.6667,0.0,0.0,0.0,24.0,2.84,0.0,0.0,0.97999954,Yerushalmi
TgO_Numbers,33,55,0.0,0.0,0.0,0.7083,0.0,0.0,0.0,24.0,3.2,0.0,0.0,0.9708107,Yerushalmi
TgO_Numbers,33,56,0.0,0.0,0.0,0.5714,0.0,0.0,0.0,7.0,3.75,0.0,0.0,0.7368701,Yerushalmi
TgO_Numbers,34,1,0.0,0.0,0.0,0.8,0.0,0.0,0.0,5.0,2.1667,0.0,0.0,0.5289073,Yerushalmi
TgO_Numbers,34,2,0.0,0.0,0.0,0.6316,0.0,0.0,0.0,19.0,3.55,0.0,0.0,0.9644763,Yerushalmi
TgO_Numbers,34,3,0.0,0.0,0.0,0.6471,0.0,0.0,0.0,17.0,3.5,0.0,0.0,0.96397096,Yerushalmi
TgO_Numbers,34,4,0.0,0.0,0.0,0.3158,0.0,0.0,0.0,19.0,4.95,0.0,0.0,0.91387784,Yerushalmi
TgO_Numbers,34,5,0.0,0.0,0.0,0.7778,0.0,0.0,0.0,9.0,2.9,0.0,0.0,0.81176597,Yerushalmi
TgO_Numbers,34,6,0.0,0.0,0.0,0.5833,0.0,0.0,0.0,12.0,3.0769,0.0,0.0,0.9069514,Yerushalmi
TgO_Numbers,34,7,0.0,0.0,0.0,0.75,0.0,0.0,0.0,12.0,3.9231,0.0,0.0,0.92188764,Yerushalmi
TgO_Numbers,34,8,0.0,0.0,0.0,0.7778,0.0,0.0,0.0,9.0,3.3,0.0,0.0,0.8362059,Yerushalmi
TgO_Numbers,34,9,0.0,0.0,0.0,0.5455,0.0,0.0,0.0,11.0,4.5,0.0,0.0,0.8721452,Yerushalmi
TgO_Numbers,34,10,0.0,0.0,0.0,0.6667,0.0,0.0,0.0,6.0,3.7143,0.0,0.0,0.6847628,Yerushalmi
TgO_Numbers,34,11,0.0,0.0,0.0,0.6429,0.0,0.0,0.0,14.0,3.6,0.0,0.0,0.94610536,Yerushalmi
TgO_Numbers,34,12,0.0,0.0,0.0,0.7692,0.0,0.0,0.0,13.0,3.4286,0.0,0.0,0.9434315,Yerushalmi
TgO_Numbers,34,13,0.0,0.0,0.0,0.7222,0.0,0.0,0.0,18.0,2.7368,0.0,0.0,0.9822347,Yerushalmi
TgO_Numbers,34,14,0.0,0.0,0.0,0.4667,0.0,0.0,0.0,15.0,3.5,0.0,0.0,0.9603005,Yerushalmi
TgO_Numbers,34,15,0.0,0.0,0.0,0.8182,0.0,0.0,0.0,11.0,3.5833,0.0,0.0,0.91760904,Yerushalmi
TgO_Numbers,34,16,0.0,0.0,0.0,0.8,0.0,0.0,0.0,5.0,2.1667,0.0,0.0,0.5289073,Yerushalmi
TgO_Numbers,34,17,0.0,0.0,0.0,0.75,0.0,0.0,0.0,12.0,3.2308,0.0,0.0,0.9214793,Yerushalmi
TgO_Numbers,34,18,0.0,0.0,0.0,0.8889,0.0,0.0,0.0,9.0,2.1,0.0,0.0,0.85901636,Yerushalmi
TgO_Numbers,34,19,0.0,0.0,0.0,0.625,0.0,0.0,0.0,8.0,3.6667,0.0,0.0,0.77649826,Yerushalmi
TgO_Numbers,34,20,0.0,0.0,0.0,0.3333,0.0,0.0,0.0,6.0,4.1429,0.0,0.0,0.7937729,Yerushalmi
TgO_Numbers,34,21,0.0,0.0,0.0,0.4,0.0,0.0,0.0,5.0,5.3333,0.0,0.0,0.6325817,Yerushalmi
TgO_Numbers,34,22,0.0,0.0,0.0,0.4286,0.0,0.0,0.0,7.0,2.875,0.0,0.0,0.66240966,Yerushalmi
TgO_Numbers,34,23,0.0,0.0,0.0,0.3333,0.0,0.0,0.0,9.0,3.8,0.0,0.0,0.8870788,Yerushalmi
TgO_Numbers,34,24,0.0,0.0,0.0,0.4286,0.0,0.0,0.0,7.0,3.5,0.0,0.0,0.7572377,Yerushalmi
TgO_Numbers,34,25,0.0,0.0,0.0,0.4286,0.0,0.0,0.0,7.0,3.75,0.0,0.0,0.77792114,Yerushalmi
TgO_Numbers,34,26,0.0,0.0,0.0,0.4286,0.0,0.0,0.0,7.0,4.125,0.0,0.0,0.78749084,Yerushalmi
TgO_Numbers,34,27,0.0,0.0,0.0,0.4286,0.0,0.0,0.0,7.0,3.75,0.0,0.0,0.77792114,Yerushalmi
TgO_Numbers,34,28,0.0,0.0,0.0,0.4286,0.0,0.0,0.0,7.0,4.125,0.0,0.0,0.78749084,Yerushalmi
TgO_Numbers,34,29,0.0,0.0,0.0,0.7778,0.0,0.0,0.0,9.0,3.4,0.0,0.0,0.84079087,Yerushalmi
TgO_Numbers,35,1,0.0,0.0,0.0,0.7,0.0,0.0,0.0,10.0,3.6364,0.0,0.0,0.8654301,Yerushalmi
TgO_Numbers,35,2,0.0,0.0,0.0,0.75,0.0,0.0,0.0,16.0,3.1765,0.0,0.0,0.96980566,Yerushalmi
TgO_Numbers,35,3,0.0,0.0,0.0,0.6,0.0,0.0,0.0,10.0,2.9091,0.0,0.0,0.81395507,Yerushalmi
TgO_Numbers,35,4,0.0,0.0,0.0,0.8,0.0,0.0,0.0,10.0,3.2727,0.0,0.0,0.88007176,Yerushalmi
TgO_Numbers,35,5,0.0,0.0,0.0,0.4167,0.0,0.0,0.0,36.0,3.2162,0.0,0.0,0.7540489,Yerushalmi
TgO_Numbers,35,6,0.0,0.0,0.0,0.6471,0.0,0.0,0.0,17.0,3.1111,0.0,0.0,0.970452,Yerushalmi
TgO_Numbers,35,7,0.0,0.0,0.0,0.8,0.0,0.0,0.0,10.0,2.9091,0.0,0.0,0.865382,Yerushalmi
TgO_Numbers,35,8,0.0,0.0,0.0,0.6667,0.0,0.0,0.0,18.0,2.8421,0.0,0.0,0.97846496,Yerushalmi
TgO_Numbers,35,9,0.0,0.0,0.0,0.8,0.0,0.0,0.0,5.0,2.1667,0.0,0.0,0.5289073,Yerushalmi
TgO_Numbers,35,10,0.0,0.0,0.0,0.7692,0.0,0.0,0.0,13.0,3.3571,0.0,0.0,0.94341093,Yerushalmi
TgO_Numbers,35,11,0.0,0.0,0.0,0.6923,0.0,0.0,0.0,13.0,3.3571,0.0,0.0,0.93620604,Yerushalmi
TgO_Numbers,35,12,0.0,0.0,0.0,0.8462,0.0,0.0,0.0,13.0,3.1429,0.0,0.0,0.95460397,Yerushalmi
TgO_Numbers,35,13,0.0,0.0,0.0,0.8571,0.0,0.0,0.0,7.0,3.25,0.0,0.0,0.7953378,Yerushalmi
TgO_Numbers,35,14,0.0,0.0,0.0,0.6667,0.0,0.0,0.0,15.0,3.25,0.0,0.0,0.958331,Yerushalmi
TgO_Numbers,35,15,0.0,0.0,0.0,0.875,0.0,0.0,0.0,16.0,2.8824,0.0,0.0,0.9823149,Yerushalmi
TgO_Numbers,35,16,0.0,0.0,0.0,0.7,0.0,0.0,0.0,10.0,2.7273,0.0,0.0,0.81535673,Yerushalmi
TgO_Numbers,35,17,0.0,0.0,0.0,0.6667,0.0,0.0,0.0,15.0,2.6875,0.0,0.0,0.9612301,Yerushalmi
TgO_Numbers,35,18,0.0,0.0,0.0,0.6875,0.0,0.0,0.0,16.0,2.6471,0.0,0.0,0.9720431,Yerushalmi
TgO_Numbers,35,19,0.0,0.0,0.0,0.75,0.0,0.0,0.0,12.0,2.9231,0.0,0.0,0.91498816,Yerushalmi
TgO_Numbers,35,20,0.0,0.0,0.0,0.75,0.0,0.0,0.0,8.0,2.0,0.0,0.0,0.6790142,Yerushalmi
TgO_Numbers,35,21,0.0,0.0,0.0,0.6842,0.0,0.0,0.0,19.0,2.8,0.0,0.0,0.9820866,Yerushalmi
TgO_Numbers,35,22,0.0,0.0,0.0,0.8462,0.0,0.0,0.0,13.0,2.8571,0.0,0.0,0.9535334,Yerushalmi
TgO_Numbers,35,23,0.0,0.0,0.0,0.7368,0.0,0.0,0.0,19.0,2.55,0.0,0.0,0.9877249,Yerushalmi
TgO_Numbers,35,24,0.0,0.0,0.0,0.8889,0.0,0.0,0.0,9.0,3.0,0.0,0.0,0.88286275,Yerushalmi
TgO_Numbers,35,25,0.0,0.0,0.0,0.7391,0.0,0.0,0.0,23.0,2.9167,0.0,0.0,0.98307216,Yerushalmi
TgO_Numbers,35,26,0.0,0.0,0.0,0.9,0.0,0.0,0.0,10.0,3.0,0.0,0.0,0.9147757,Yerushalmi
TgO_Numbers,35,27,0.0,0.0,0.0,0.6667,0.0,0.0,0.0,15.0,3.6875,0.0,0.0,0.9526668,Yerushalmi
TgO_Numbers,35,28,0.0,0.0,0.0,0.8125,0.0,0.0,0.0,16.0,2.8235,0.0,0.0,0.978097,Yerushalmi
TgO_Numbers,35,29,0.0,0.0,0.0,0.5,0.0,0.0,0.0,2.0,5.3333,0.0,0.0,0.6095382,Yerushalmi
TgO_Numbers,35,30,0.0,0.0,0.0,0.8,0.0,0.0,0.0,15.0,2.5625,0.0,0.0,0.97238165,Yerushalmi
TgO_Numbers,35,31,0.0,0.0,0.0,0.8571,0.0,0.0,0.0,14.0,2.8667,0.0,0.0,0.96739733,Yerushalmi
TgO_Numbers,35,32,0.0,0.0,0.0,1.0,0.0,0.0,0.0,12.0,2.8462,0.0,0.0,0.9725026,Yerushalmi
TgO_Numbers,35,33,0.0,0.0,0.0,0.6667,0.0,0.0,0.0,24.0,2.56,0.0,0.0,0.9866977,Yerushalmi
TgO_Numbers,35,34,0.0,0.0,0.0,0.7368,0.0,0.0,0.0,19.0,3.3,0.0,0.0,0.97508323,Yerushalmi
TgO_Numbers,36,1,0.0,0.0,0.0,0.3636,0.0,0.0,0.0,22.0,3.3478,0.0,0.0,0.9667853,Yerushalmi
TgO_Numbers,36,2,0.0,0.0,0.0,0.5455,0.0,0.0,0.0,22.0,2.913,0.0,0.0,0.9766242,Yerushalmi
TgO_Numbers,36,3,0.0,0.0,0.0,0.5,0.0,0.0,0.0,22.0,3.0,0.0,0.0,0.97364664,Yerushalmi
TgO_Numbers,36,4,0.0,0.0,0.0,0.4737,0.0,0.0,0.0,19.0,3.2,0.0,0.0,0.97221524,Yerushalmi
TgO_Numbers,36,5,0.0,0.0,0.0,0.7143,0.0,0.0,0.0,14.0,3.1333,0.0,0.0,0.95121104,Yerushalmi
TgO_Numbers,36,6,0.0,0.0,0.0,0.8235,0.0,0.0,0.0,17.0,3.2222,0.0,0.0,0.9783051,Yerushalmi
TgO_Numbers,36,7,0.0,0.0,0.0,0.7333,0.0,0.0,0.0,15.0,3.1875,0.0,0.0,0.96219796,Yerushalmi
TgO_Numbers,36,8,0.0,0.0,0.0,0.65,0.0,0.0,0.0,20.0,3.0476,0.0,0.0,0.97722524,Yerushalmi
TgO_Numbers,36,9,0.0,0.0,0.0,0.8462,0.0,0.0,0.0,13.0,3.2857,0.0,0.0,0.9548863,Yerushalmi
TgO_Numbers,36,10,0.0,0.0,0.0,0.7778,0.0,0.0,0.0,9.0,3.6,0.0,0.0,0.8476036,Yerushalmi
TgO_Numbers,36,11,0.0,0.0,0.0,0.4545,0.0,0.0,0.0,11.0,3.3333,0.0,0.0,0.90301514,Yerushalmi
TgO_Numbers,36,12,0.0,0.0,0.0,0.7692,0.0,0.0,0.0,13.0,3.1429,0.0,0.0,0.9425089,Yerushalmi
TgO_Numbers,36,13,0.0,0.0,0.0,0.6111,0.0,0.0,0.0,18.0,4.0,0.0,0.0,0.9502344,Yerushalmi
TgO_Deuteronomy,1,1,0.0,0.0,0.0,0.697,0.0,0.0,0.0,33.0,2.8529,0.0,0.0,0.9404408,Yerushalmi
TgO_Deuteronomy,1,2,0.0,0.0,0.0,0.7778,0.0,0.0,0.0,9.0,4.5,0.0,0.0,0.83571386,Yerushalmi
TgO_Deuteronomy,1,3,0.0,0.0,0.0,0.7059,0.0,0.0,0.0,17.0,2.6667,0.0,0.0,0.97872156,Yerushalmi
TgO_Deuteronomy,1,4,0.0,0.0,0.0,0.5333,0.0,0.0,0.0,15.0,3.25,0.0,0.0,0.9585344,Yerushalmi
TgO_Deuteronomy,1,5,0.0,0.0,0.0,0.75,0.0,0.0,0.0,12.0,3.4615,0.0,0.0,0.9242835,Yerushalmi
TgO_Deuteronomy,1,6,0.0,0.0,0.0,0.8182,0.0,0.0,0.0,11.0,2.75,0.0,0.0,0.9006388,Yerushalmi
TgO_Deuteronomy,1,7,0.0,0.0,0.0,0.5909,0.0,0.0,0.0,22.0,2.6957,0.0,0.0,0.9828897,Yerushalmi
TgO_Deuteronomy,1,8,0.0,0.0,0.0,0.6316,0.0,0.0,0.0,19.0,3.25,0.0,0.0,0.971722,Yerushalmi
TgO_Deuteronomy,1,9,0.0,0.0,0.0,0.9091,0.0,0.0,0.0,11.0,3.1667,0.0,0.0,0.94026935,Yerushalmi
TgO_Deuteronomy,1,10,0.0,0.0,0.0,0.9,0.0,0.0,0.0,10.0,2.9091,0.0,0.0,0.91276056,Yerushalmi
TgO_Deuteronomy,1,11,0.0,0.0,0.0,0.9231,0.0,0.0,0.0,13.0,3.0,0.0,0.0,0.96778023,Yerushalmi
TgO_Deuteronomy,1,12,0.0,0.0,0.0,0.8333,0.0,0.0,0.0,6.0,3.2857,0.0,0.0,0.7277734,Yerushalmi
TgO_Deuteronomy,1,13,0.0,0.0,0.0,0.8,0.0,0.0,0.0,10.0,2.8182,0.0,0.0,0.86120784,Yerushalmi
TgO_Deuteronomy,1,14,0.0,0.0,0.0,0.8571,0.0,0.0,0.0,7.0,2.375,0.0,0.0,0.7393304,Yerushalmi
TgO_Deuteronomy,1,15,0.0,0.0,0.0,0.5714,0.0,0.0,0.0,21.0,2.5909,0.0,0.0,0.9845305,Yerushalmi
TgO_Deuteronomy,1,16,0.0,0.0,0.0,0.7647,0.0,0.0,0.0,17.0,2.6111,0.0,0.0,0.9823466,Yerushalmi
TgO_Deuteronomy,1,17,0.0,0.0,0.0,0.9091,0.0,0.0,0.0,22.0,3.0435,0.0,0.0,0.9901084,Yerushalmi
TgO_Deuteronomy,1,18,0.0,0.0,0.0,0.875,0.0,0.0,0.0,8.0,2.3333,0.0,0.0,0.8081155,Yerushalmi
TgO_Deuteronomy,1,19,0.0,0.0,0.0,0.7619,0.0,0.0,0.0,21.0,3.2273,0.0,0.0,0.9784409,Yerushalmi
TgO_Deuteronomy,1,20,0.0,0.0,0.0,0.8,0.0,0.0,0.0,10.0,3.2727,0.0,0.0,0.88007176,Yerushalmi
TgO_Deuteronomy,1,21,0.0,0.0,0.0,0.8421,0.0,0.0,0.0,19.0,2.8,0.0,0.0,0.9888539,Yerushalmi
TgO_Deuteronomy,1,22,0.0,0.0,0.0,0.6364,0.0,0.0,0.0,22.0,2.8261,0.0,0.0,0.9814049,Yerushalmi
TgO_Deuteronomy,1,23,0.0,0.0,0.0,0.8,0.0,0.0,0.0,10.0,2.7273,0.0,0.0,0.8570557,Yerushalmi
TgO_Deuteronomy,1,24,0.0,0.0,0.0,0.6667,0.0,0.0,0.0,9.0,2.2,0.0,0.0,0.70278394,Yerushalmi
TgO_Deuteronomy,1,25,0.0,0.0,0.0,0.625,0.0,0.0,0.0,16.0,2.7059,0.0,0.0,0.96891135,Yerushalmi
TgO_Deuteronomy,1,26,0.0,0.0,0.0,0.875,0.0,0.0,0.0,8.0,2.4444,0.0,0.0,0.8123636,Yerushalmi
TgO_Deuteronomy,1,27,0.0,0.0,0.0,0.7143,0.0,0.0,0.0,14.0,2.7333,0.0,0.0,0.9507176,Yerushalmi
TgO_Deuteronomy,1,28,0.0,0.0,0.0,0.8261,0.0,0.0,0.0,23.0,2.7917,0.0,0.0,0.9896854,Yerushalmi
TgO_Deuteronomy,1,29,0.0,0.0,0.0,0.7143,0.0,0.0,0.0,7.0,2.5,0.0,0.0,0.6118091,Yerushalmi
TgO_Deuteronomy,1,30,0.0,0.0,0.0,0.9167,0.0,0.0,0.0,12.0,2.9231,0.0,0.0,0.95492274,Yerushalmi
TgO_Deuteronomy,1,31,0.0,0.0,0.0,0.8889,0.0,0.0,0.0,18.0,2.8421,0.0,0.0,0.9890981,Yerushalmi
TgO_Deuteronomy,1,32,0.0,0.0,0.0,1.0,0.0,0.0,0.0,7.0,2.625,0.0,0.0,0.89271754,Yerushalmi
TgO_Deuteronomy,1,33,0.0,0.0,0.0,0.6667,0.0,0.0,0.0,18.0,2.9474,0.0,0.0,0.9767978,Yerushalmi
TgO_Deuteronomy,1,34,0.0,0.0,0.0,0.7778,0.0,0.0,0.0,9.0,2.3,0.0,0.0,0.7749181,Yerushalmi
TgO_Deuteronomy,1,35,0.0,0.0,0.0,1.0,0.0,0.0,0.0,14.0,2.4667,0.0,0.0,0.9857039,Yerushalmi
TgO_Deuteronomy,1,36,0.0,0.0,0.0,0.8333,0.0,0.0,0.0,18.0,3.0526,0.0,0.0,0.98356587,Yerushalmi
TgO_Deuteronomy,1,37,0.0,0.0,0.0,0.9231,0.0,0.0,0.0,13.0,2.9286,0.0,0.0,0.9676854,Yerushalmi
TgO_Deuteronomy,1,38,0.0,0.0,0.0,0.7143,0.0,0.0,0.0,14.0,3.6,0.0,0.0,0.948702,Yerushalmi
TgO_Deuteronomy,1,39,0.0,0.0,0.0,0.7222,0.0,0.0,0.0,18.0,2.6842,0.0,0.0,0.9829826,Yerushalmi
TgO_Deuteronomy,1,40,0.0,0.0,0.0,0.625,0.0,0.0,0.0,8.0,3.2222,0.0,0.0,0.7371053,Yerushalmi
TgO_Deuteronomy,1,41,0.0,0.0,0.0,0.6364,0.0,0.0,0.0,22.0,2.6522,0.0,0.0,0.98510015,Yerushalmi
TgO_Deuteronomy,1,42,0.0,0.0,0.0,0.7895,0.0,0.0,0.0,19.0,3.05,0.0,0.0,0.982704,Yerushalmi
TgO_Deuteronomy,1,43,0.0,0.0,0.0,0.6364,0.0,0.0,0.0,11.0,2.25,0.0,0.0,0.8264533,Yerushalmi
TgO_Deuteronomy,1,44,0.0,0.0,0.0,0.6875,0.0,0.0,0.0,16.0,3.2353,0.0,0.0,0.9657102,Yerushalmi
TgO_Deuteronomy,1,45,0.0,0.0,0.0,0.6364,0.0,0.0,0.0,11.0,2.4167,0.0,0.0,0.8335055,Yerushalmi
TgO_Deuteronomy,1,46,0.0,0.0,0.0,1.0,0.0,0.0,0.0,6.0,2.1429,0.0,0.0,0.85086775,Yerushalmi
TgO_Deuteronomy,2,1,0.0,0.0,0.0,0.75,0.0,0.0,0.0,16.0,3.1765,0.0,0.0,0.96980566,Yerushalmi
TgO_Deuteronomy,2,2,0.0,0.0,0.0,0.75,0.0,0.0,0.0,4.0,2.2,0.0,0.0,0.41828167,Bavli
TgO_Deuteronomy,2,3,0.0,0.0,0.0,0.7778,0.0,0.0,0.0,9.0,3.3,0.0,0.0,0.8362059,Yerushalmi
TgO_Deuteronomy,2,4,0.0,0.0,0.0,0.75,0.0,0.0,0.0,16.0,2.5882,0.0,0.0,0.97629976,Yerushalmi
TgO_Deuteronomy,2,5,0.0,0.0,0.0,0.7368,0.0,0.0,0.0,19.0,3.4,0.0,0.0,0.97289747,Yerushalmi
TgO_Deuteronomy,2,6,0.0,0.0,0.0,0.5455,0.0,0.0,0.0,11.0,2.3333,0.0,0.0,0.8201412,Yerushalmi
TgO_Deuteronomy,2,7,0.0,0.0,0.0,0.8,0.0,0.0,0.0,25.0,2.9231,0.0,0.0,0.9840303,Yerushalmi
TgO_Deuteronomy,2,8,0.0,0.0,0.0,0.625,0.0,0.0,0.0,16.0,3.1176,0.0,0.0,0.9651881,Yerushalmi
TgO_Deuteronomy,2,9,0.0,0.0,0.0,0.68,0.0,0.0,0.0,25.0,2.9615,0.0,0.0,0.97474515,Yerushalmi
TgO_Deuteronomy,2,10,0.0,0.0,0.0,0.8889,0.0,0.0,0.0,9.0,2.9,0.0,0.0,0.87952256,Yerushalmi
TgO_Deuteronomy,2,11,0.0,0.0,0.0,0.8889,0.0,0.0,0.0,9.0,3.1,0.0,0.0,0.8859406,Yerushalmi
TgO_Deuteronomy,2,12,0.0,0.0,0.0,0.6842,0.0,0.0,0.0,19.0,3.8,0.0,0.0,0.95897096,Yerushalmi
TgO_Deuteronomy,2,13,0.0,0.0,0.0,0.4545,0.0,0.0,0.0,11.0,3.4167,0.0,0.0,0.9063659,Yerushalmi
TgO_Deuteronomy,2,14,0.0,0.0,0.0,0.8333,0.0,0.0,0.0,24.0,3.2,0.0,0.0,0.9808426,Yerushalmi
TgO_Deuteronomy,2,15,0.0,0.0,0.0,1.0,0.0,0.0,0.0,11.0,3.1667,0.0,0.0,0.96527016,Yerushalmi
TgO_Deuteronomy,2,16,0.0,0.0,0.0,1.0,0.0,0.0,0.0,10.0,2.5455,0.0,0.0,0.9497119,Yerushalmi
TgO_Deuteronomy,2,17,0.0,0.0,0.0,1.0,0.0,0.0,0.0,4.0,2.0,0.0,0.0,0.76409745,Yerushalmi
TgO_Deuteronomy,2,18,0.0,0.0,0.0,0.5556,0.0,0.0,0.0,9.0,3.7,0.0,0.0,0.82872343,Yerushalmi
TgO_Deuteronomy,2,19,0.0,0.0,0.0,0.6,0.0,0.0,0.0,25.0,3.0,0.0,0.0,0.96804917,Yerushalmi
TgO_Deuteronomy,2,20,0.0,0.0,0.0,0.8462,0.0,0.0,0.0,13.0,3.5714,0.0,0.0,0.9541997,Yerushalmi
TgO_Deuteronomy,2,21,0.0,0.0,0.0,0.7273,0.0,0.0,0.0,11.0,2.5,0.0,0.0,0.86028135,Yerushalmi
TgO_Deuteronomy,2,22,0.0,0.0,0.0,0.8125,0.0,0.0,0.0,16.0,3.0588,0.0,0.0,0.97569495,Yerushalmi
TgO_Deuteronomy,2,23,0.0,0.0,0.0,0.7273,0.0,0.0,0.0,11.0,2.75,0.0,0.0,0.87062985,Yerushalmi
TgO_Deuteronomy,2,24,0.0,0.0,0.0,0.7727,0.0,0.0,0.0,22.0,3.1739,0.0,0.0,0.97973317,Yerushalmi
TgO_Deuteronomy,2,25,0.0,0.0,0.0,0.7647,0.0,0.0,0.0,17.0,3.2222,0.0,0.0,0.9742388,Yerushalmi
TgO_Deuteronomy,2,26,0.0,0.0,0.0,0.7273,0.0,0.0,0.0,11.0,4.25,0.0,0.0,0.89062876,Yerushalmi
TgO_Deuteronomy,2,27,0.0,0.0,0.0,0.7778,0.0,0.0,0.0,9.0,2.3,0.0,0.0,0.7749181,Yerushalmi
TgO_Deuteronomy,2,28,0.0,0.0,0.0,0.5385,0.0,0.0,0.0,13.0,2.5,0.0,0.0,0.9168221,Yerushalmi
TgO_Deuteronomy,2,29,0.0,0.0,0.0,0.7368,0.0,0.0,0.0,19.0,3.0,0.0,0.0,0.9808588,Yerushalmi
TgO_Deuteronomy,2,30,0.0,0.0,0.0,0.7727,0.0,0.0,0.0,22.0,3.0,0.0,0.0,0.9837203,Yerushalmi
TgO_Deuteronomy,2,31,0.0,0.0,0.0,0.625,0.0,0.0,0.0,16.0,2.8235,0.0,0.0,0.96784574,Yerushalmi
TgO_Deuteronomy,2,32,0.0,0.0,0.0,0.6667,0.0,0.0,0.0,9.0,3.6,0.0,0.0,0.82133424,Yerushalmi
TgO_Deuteronomy,2,33,0.0,0.0,0.0,0.8182,0.0,0.0,0.0,11.0,2.1667,0.0,0.0,0.8917569,Yerushalmi
TgO_Deuteronomy,2,34,0.0,0.0,0.0,0.625,0.0,0.0,0.0,16.0,2.4706,0.0,0.0,0.97125226,Yerushalmi
TgO_Deuteronomy,2,35,0.0,0.0,0.0,0.8571,0.0,0.0,0.0,7.0,3.125,0.0,0.0,0.78852284,Yerushalmi
TgO_Deuteronomy,2,36,0.0,0.0,0.0,0.8421,0.0,0.0,0.0,19.0,2.9,0.0,0.0,0.98762333,Yerushalmi
TgO_Deuteronomy,2,37,0.0,0.0,0.0,0.8667,0.0,0.0,0.0,15.0,3.0,0.0,0.0,0.9756479,Yerushalmi
TgO_Deuteronomy,3,1,0.0,0.0,0.0,0.5333,0.0,0.0,0.0,15.0,3.8125,0.0,0.0,0.9515095,Yerushalmi
TgO_Deuteronomy,3,2,0.0,0.0,0.0,0.7083,0.0,0.0,0.0,24.0,2.92,0.0,0.0,0.9799979,Yerushalmi
TgO_Deuteronomy,3,3,0.0,0.0,0.0,0.7778,0.0,0.0,0.0,18.0,2.7895,0.0,0.0,0.9840681,Yerushalmi
TgO_Deuteronomy,3,4,0.0,0.0,0.0,0.6667,0.0,0.0,0.0,21.0,3.8182,0.0,0.0,0.95355916,Yerushalmi
TgO_Deuteronomy,3,5,0.0,0.0,0.0,0.9333,0.0,0.0,0.0,15.0,3.0625,0.0,0.0,0.9819027,Yerushalmi
TgO_Deuteronomy,3,6,0.0,0.0,0.0,0.6923,0.0,0.0,0.0,13.0,3.5714,0.0,0.0,0.93611586,Yerushalmi
TgO_Deuteronomy,3,7,0.0,0.0,0.0,0.6667,0.0,0.0,0.0,6.0,3.0,0.0,0.0,0.5912936,Yerushalmi
TgO_Deuteronomy,3,8,0.0,0.0,0.0,0.9375,0.0,0.0,0.0,16.0,3.3529,0.0,0.0,0.9836085,Yerushalmi
TgO_Deuteronomy,3,9,0.0,0.0,0.0,0.5556,0.0,0.0,0.0,9.0,4.0,0.0,0.0,0.83359045,Yerushalmi
TgO_Deuteronomy,3,10,0.0,0.0,0.0,0.5,0.0,0.0,0.0,14.0,3.4667,0.0,0.0,0.951815,Yerushalmi
TgO_Deuteronomy,3,11,0.0,0.0,0.0,0.72,0.0,0.0,0.0,25.0,3.1923,0.0,0.0,0.9690139,Yerushalmi
TgO_Deuteronomy,3,12,0.0,0.0,0.0,0.6842,0.0,0.0,0.0,19.0,3.15,0.0,0.0,0.97565,Yerushalmi
TgO_Deuteronomy,3,13,0.0,0.0,0.0,0.6,0.0,0.0,0.0,20.0,4.6667,0.0,0.0,0.91269165,Yerushalmi
TgO_Deuteronomy,3,14,0.0,0.0,0.0,0.625,0.0,0.0,0.0,24.0,5.12,0.0,0.0,0.86572134,Yerushalmi
TgO_Deuteronomy,3,15,0.0,0.0,0.0,0.75,0.0,0.0,0.0,4.0,2.8,0.0,0.0,0.48650652,Bavli
TgO_Deuteronomy,3,16,0.0,0.0,0.0,0.4737,0.0,0.0,0.0,19.0,3.15,0.0,0.0,0.9730553,Yerushalmi
TgO_Deuteronomy,3,17,0.0,0.0,0.0,0.6154,0.0,0.0,0.0,13.0,2.4286,0.0,0.0,0.91731286,Yerushalmi
TgO_Deuteronomy,3,18,0.0,0.0,0.0,0.8182,0.0,0.0,0.0,22.0,2.8261,0.0,0.0,0.9890821,Yerushalmi
TgO_Deuteronomy,3,19,0.0,0.0,0.0,0.7692,0.0,0.0,0.0,13.0,3.2857,0.0,0.0,0.9432373,Yerushalmi
TgO_Deuteronomy,3,20,0.0,0.0,0.0,0.7619,0.0,0.0,0.0,21.0,3.0455,0.0,0.0,0.98248076,Yerushalmi
TgO_Deuteronomy,3,21,0.0,0.0,0.0,0.8333,0.0,0.0,0.0,24.0,3.04,0.0,0.0,0.98472595,Yerushalmi
TgO_Deuteronomy,3,22,0.0,0.0,0.0,0.8889,0.0,0.0,0.0,9.0,3.0,0.0,0.0,0.88286275,Yerushalmi
TgO_Deuteronomy,3,23,0.0,0.0,0.0,1.0,0.0,0.0,0.0,6.0,2.4286,0.0,0.0,0.85711557,Yerushalmi
TgO_Deuteronomy,3,24,0.0,0.0,0.0,0.75,0.0,0.0,0.0,24.0,2.88,0.0,0.0,0.9834369,Yerushalmi
TgO_Deuteronomy,3,25,0.0,0.0,0.0,0.75,0.0,0.0,0.0,12.0,2.4615,0.0,0.0,0.90518856,Yerushalmi
TgO_Deuteronomy,3,26,0.0,0.0,0.0,0.7619,0.0,0.0,0.0,21.0,2.8182,0.0,0.0,0.9867279,Yerushalmi
TgO_Deuteronomy,3,27,0.0,0.0,0.0,0.7647,0.0,0.0,0.0,17.0,2.5,0.0,0.0,0.98368895,Yerushalmi
TgO_Deuteronomy,3,28,0.0,0.0,0.0,0.6471,0.0,0.0,0.0,17.0,2.7222,0.0,0.0,0.9756448,Yerushalmi
TgO_Deuteronomy,3,29,0.0,0.0,0.0,0.75,0.0,0.0,0.0,4.0,4.2,0.0,0.0,0.64052117,Yerushalmi
TgO_Deuteronomy,4,1,0.0,0.0,0.0,0.75,0.0,0.0,0.0,20.0,2.9048,0.0,0.0,0.9842224,Yerushalmi
TgO_Deuteronomy,4,2,0.0,0.0,0.0,0.7778,0.0,0.0,0.0,18.0,2.5789,0.0,0.0,0.98676515,Yerushalmi
TgO_Deuteronomy,4,3,0.0,0.0,0.0,0.8421,0.0,0.0,0.0,19.0,3.15,0.0,0.0,0.98415923,Yerushalmi
TgO_Deuteronomy,4,4,0.0,0.0,0.0,0.8889,0.0,0.0,0.0,9.0,2.8,0.0,0.0,0.8760315,Yerushalmi
TgO_Deuteronomy,4,5,0.0,0.0,0.0,1.0,0.0,0.0,0.0,17.0,2.9444,0.0,0.0,0.9922351,Yerushalmi
TgO_Deuteronomy,4,6,0.0,0.0,0.0,0.7619,0.0,0.0,0.0,21.0,2.8182,0.0,0.0,0.9867279,Yerushalmi
TgO_Deuteronomy,4,7,0.0,0.0,0.0,0.8421,0.0,0.0,0.0,19.0,3.0,0.0,0.0,0.98630553,Yerushalmi
TgO_Deuteronomy,4,8,0.0,0.0,0.0,0.8,0.0,0.0,0.0,15.0,3.125,0.0,0.0,0.96815705,Yerushalmi
TgO_Deuteronomy,4,9,0.0,0.0,0.0,0.7727,0.0,0.0,0.0,22.0,3.1739,0.0,0.0,0.97973317,Yerushalmi
TgO_Deuteronomy,4,10,0.0,0.0,0.0,0.7241,0.0,0.0,0.0,29.0,2.9,0.0,0.0,0.967102,Yerushalmi
TgO_Deuteronomy,4,11,0.0,0.0,0.0,0.6154,0.0,0.0,0.0,13.0,2.7857,0.0,0.0,0.9244733,Yerushalmi
TgO_Deuteronomy,4,12,0.0,0.0,0.0,0.8571,0.0,0.0,0.0,14.0,2.8667,0.0,0.0,0.96739733,Yerushalmi
TgO_Deuteronomy,4,13,0.0,0.0,0.0,0.7857,0.0,0.0,0.0,14.0,2.8,0.0,0.0,0.9583237,Yerushalmi
TgO_Deuteronomy,4,14,0.0,0.0,0.0,0.8125,0.0,0.0,0.0,16.0,2.6471,0.0,0.0,0.97990257,Yerushalmi
TgO_Deuteronomy,4,15,0.0,0.0,0.0,0.9333,0.0,0.0,0.0,15.0,2.625,0.0,0.0,0.98424643,Yerushalmi
TgO_Deuteronomy,4,16,0.0,0.0,0.0,0.8333,0.0,0.0,0.0,12.0,3.0,0.0,0.0,0.934886,Yerushalmi
TgO_Deuteronomy,4,17,0.0,0.0,0.0,0.7692,0.0,0.0,0.0,13.0,2.6429,0.0,0.0,0.9385465,Yerushalmi
TgO_Deuteronomy,4,18,0.0,0.0,0.0,0.7,0.0,0.0,0.0,10.0,2.6364,0.0,0.0,0.8088603,Yerushalmi
TgO_Deuteronomy,4,19,0.0,0.0,0.0,0.5926,0.0,0.0,0.0,27.0,2.75,0.0,0.0,0.97087,Yerushalmi
TgO_Deuteronomy,4,20,0.0,0.0,0.0,0.8,0.0,0.0,0.0,15.0,2.6875,0.0,0.0,0.97133744,Yerushalmi
TgO_Deuteronomy,4,21,0.0,0.0,0.0,0.7391,0.0,0.0,0.0,23.0,2.75,0.0,0.0,0.9866171,Yerushalmi
TgO_Deuteronomy,4,22,0.0,0.0,0.0,0.7059,0.0,0.0,0.0,17.0,2.5556,0.0,0.0,0.98016435,Yerushalmi
TgO_Deuteronomy,4,23,0.0,0.0,0.0,0.7778,0.0,0.0,0.0,18.0,3.0526,0.0,0.0,0.98028946,Yerushalmi
TgO_Deuteronomy,4,24,0.0,0.0,0.0,1.0,0.0,0.0,0.0,9.0,2.7,0.0,0.0,0.93647635,Yerushalmi
TgO_Deuteronomy,4,25,0.0,0.0,0.0,0.6842,0.0,0.0,0.0,19.0,2.6,0.0,0.0,0.98520136,Yerushalmi
TgO_Deuteronomy,4,26,0.0,0.0,0.0,0.7778,0.0,0.0,0.0,27.0,3.0714,0.0,0.0,0.97301286,Yerushalmi
TgO_Deuteronomy,4,27,0.0,0.0,0.0,0.6923,0.0,0.0,0.0,13.0,2.3571,0.0,0.0,0.9247568,Yerushalmi
TgO_Deuteronomy,4,28,0.0,0.0,0.0,0.7778,0.0,0.0,0.0,18.0,2.4211,0.0,0.0,0.9885853,Yerushalmi
TgO_Deuteronomy,4,29,0.0,0.0,0.0,0.8571,0.0,0.0,0.0,14.0,2.6667,0.0,0.0,0.9680709,Yerushalmi
TgO_Deuteronomy,4,30,0.0,0.0,0.0,0.8,0.0,0.0,0.0,15.0,2.6875,0.0,0.0,0.97133744,Yerushalmi
TgO_Deuteronomy,4,31,0.0,0.0,0.0,0.8125,0.0,0.0,0.0,16.0,2.8235,0.0,0.0,0.978097,Yerushalmi
TgO_Deuteronomy,4,32,0.0,0.0,0.0,0.8462,0.0,0.0,0.0,26.0,2.7778,0.0,0.0,0.9885203,Yerushalmi
TgO_Deuteronomy,4,33,0.0,0.0,0.0,1.0,0.0,0.0,0.0,12.0,2.9231,0.0,0.0,0.9727253,Yerushalmi
TgO_Deuteronomy,4,34,0.0,0.0,0.0,0.5926,0.0,0.0,0.0,27.0,2.6786,0.0,0.0,0.97388744,Yerushalmi
TgO_Deuteronomy,4,35,0.0,0.0,0.0,1.0,0.0,0.0,0.0,10.0,3.0909,0.0,0.0,0.9544723,Yerushalmi
TgO_Deuteronomy,4,36,0.0,0.0,0.0,0.7647,0.0,0.0,0.0,17.0,2.6667,0.0,0.0,0.9816608,Yerushalmi
TgO_Deuteronomy,4,37,0.0,0.0,0.0,0.6923,0.0,0.0,0.0,13.0,2.0714,0.0,0.0,0.9252911,Yerushalmi
TgO_Deuteronomy,4,38,0.0,0.0,0.0,0.9286,0.0,0.0,0.0,14.0,2.8,0.0,0.0,0.9769284,Yerushalmi
TgO_Deuteronomy,4,39,0.0,0.0,0.0,0.8333,0.0,0.0,0.0,18.0,3.2632,0.0,0.0,0.98059255,Yerushalmi
TgO_Deuteronomy,4,40,0.0,0.0,0.0,0.68,0.0,0.0,0.0,25.0,3.1154,0.0,0.0,0.9687449,Yerushalmi
TgO_Deuteronomy,4,41,0.0,0.0,0.0,0.8889,0.0,0.0,0.0,9.0,3.1,0.0,0.0,0.8859406,Yerushalmi
TgO_Deuteronomy,4,42,0.0,0.0,0.0,0.75,0.0,0.0,0.0,20.0,2.7143,0.0,0.0,0.987293,Yerushalmi
TgO_Deuteronomy,4,43,0.0,0.0,0.0,0.2941,0.0,0.0,0.0,17.0,3.3889,0.0,0.0,0.9763955,Yerushalmi
TgO_Deuteronomy,4,44,0.0,0.0,0.0,0.7143,0.0,0.0,0.0,7.0,3.625,0.0,0.0,0.7384428,Yerushalmi
TgO_Deuteronomy,4,45,0.0,0.0,0.0,0.7273,0.0,0.0,0.0,11.0,2.75,0.0,0.0,0.87062985,Yerushalmi
TgO_Deuteronomy,4,46,0.0,0.0,0.0,0.5556,0.0,0.0,0.0,18.0,3.2632,0.0,0.0,0.9695018,Yerushalmi
TgO_Deuteronomy,4,47,0.0,0.0,0.0,0.6667,0.0,0.0,0.0,15.0,3.3125,0.0,0.0,0.95783144,Yerushalmi
TgO_Deuteronomy,4,48,0.0,0.0,0.0,0.7778,0.0,0.0,0.0,9.0,4.0,0.0,0.0,0.85106844,Yerushalmi
TgO_Deuteronomy,4,49,0.0,0.0,0.0,0.8182,0.0,0.0,0.0,11.0,2.9167,0.0,0.0,0.9051865,Yerushalmi
TgO_Deuteronomy,5,1,0.0,0.0,0.0,0.5238,0.0,0.0,0.0,21.0,3.1818,0.0,0.0,0.9706195,Yerushalmi
TgO_Deuteronomy,5,2,0.0,0.0,0.0,1.0,0.0,0.0,0.0,6.0,2.2857,0.0,0.0,0.85368323,Yerushalmi
TgO_Deuteronomy,5,3,0.0,0.0,0.0,0.8235,0.0,0.0,0.0,17.0,2.8333,0.0,0.0,0.98304814,Yerushalmi
TgO_Deuteronomy,5,4,0.0,0.0,0.0,0.7778,0.0,0.0,0.0,9.0,2.8,0.0,0.0,0.8047859,Yerushalmi
TgO_Deuteronomy,5,5,0.0,0.0,0.0,0.8182,0.0,0.0,0.0,22.0,3.087,0.0,0.0,0.984486,Yerushalmi
TgO_Deuteronomy,5,6,0.0,0.0,0.0,0.875,0.0,0.0,0.0,8.0,3.0,0.0,0.0,0.8394017,Yerushalmi
TgO_Deuteronomy,5,7,0.0,0.0,0.0,0.8333,0.0,0.0,0.0,6.0,3.0,0.0,0.0,0.70465755,Yerushalmi
TgO_Deuteronomy,5,8,0.0,0.0,0.0,0.7692,0.0,0.0,0.0,13.0,3.2857,0.0,0.0,0.9432373,Yerushalmi
TgO_Deuteronomy,5,9,0.0,0.0,0.0,0.8,0.0,0.0,0.0,30.0,2.7097,0.0,0.0,0.9794781,Yerushalmi
TgO_Deuteronomy,5,10,0.0,0.0,0.0,0.8571,0.0,0.0,0.0,7.0,2.5,0.0,0.0,0.7466897,Yerushalmi
TgO_Deuteronomy,5,11,0.0,0.0,0.0,0.7143,0.0,0.0,0.0,14.0,2.5333,0.0,0.0,0.95082396,Yerushalmi
TgO_Deuteronomy,5,12,0.0,0.0,0.0,1.0,0.0,0.0,0.0,9.0,2.9,0.0,0.0,0.9390935,Yerushalmi
TgO_Deuteronomy,5,13,0.0,0.0,0.0,1.0,0.0,0.0,0.0,6.0,2.4286,0.0,0.0,0.85711557,Yerushalmi
TgO_Deuteronomy,5,14,0.0,0.0,0.0,0.6154,0.0,0.0,0.0,26.0,2.6296,0.0,0.0,0.9796813,Yerushalmi
TgO_Deuteronomy,5,15,0.0,0.0,0.0,0.6087,0.0,0.0,0.0,23.0,3.125,0.0,0.0,0.97007537,Yerushalmi
TgO_Deuteronomy,5,16,0.0,0.0,0.0,0.7619,0.0,0.0,0.0,21.0,2.8182,0.0,0.0,0.9867279,Yerushalmi
TgO_Deuteronomy,5,17,0.0,0.0,0.0,0.5,0.0,0.0,0.0,3.0,2.0,0.0,0.0,0.31692523,Bavli
TgO_Deuteronomy,5,18,0.0,0.0,0.0,0.5,0.0,0.0,0.0,2.0,1.6667,0.0,0.0,0.27968746,Bavli
TgO_Deuteronomy,5,19,0.0,0.0,0.0,0.5,0.0,0.0,0.0,3.0,2.0,0.0,0.0,0.31692523,Bavli
TgO_Deuteronomy,5,20,0.0,0.0,0.0,0.7143,0.0,0.0,0.0,7.0,2.5,0.0,0.0,0.6118091,Yerushalmi
TgO_Deuteronomy,5,21,0.0,0.0,0.0,0.5333,0.0,0.0,0.0,15.0,2.4375,0.0,0.0,0.9584476,Yerushalmi
TgO_Deuteronomy,5,22,0.0,0.0,0.0,0.8333,0.0,0.0,0.0,24.0,2.68,0.0,0.0,0.9911528,Yerushalmi
TgO_Deuteronomy,5,23,0.0,0.0,0.0,0.8,0.0,0.0,0.0,15.0,2.4375,0.0,0.0,0.9735306,Yerushalmi
TgO_Deuteronomy,5,24,0.0,0.0,0.0,0.7917,0.0,0.0,0.0,24.0,2.68,0.0,0.0,0.98948014,Yerushalmi
TgO_Deuteronomy,5,25,0.0,0.0,0.0,0.9,0.0,0.0,0.0,20.0,2.8571,0.0,0.0,0.9915795,Yerushalmi
TgO_Deuteronomy,5,26,0.0,0.0,0.0,1.0,0.0,0.0,0.0,14.0,2.7333,0.0,0.0,0.9849245,Yerushalmi
TgO_Deuteronomy,5,27,0.0,0.0,0.0,0.5263,0.0,0.0,0.0,19.0,2.35,0.0,0.0,0.98493886,Yerushalmi
TgO_Deuteronomy,5,28,0.0,0.0,0.0,0.5652,0.0,0.0,0.0,23.0,2.5,0.0,0.0,0.9856307,Yerushalmi
TgO_Deuteronomy,5,29,0.0,0.0,0.0,0.7778,0.0,0.0,0.0,18.0,3.4211,0.0,0.0,0.9740204,Yerushalmi
TgO_Deuteronomy,5,30,0.0,0.0,0.0,0.6667,0.0,0.0,0.0,6.0,3.5714,0.0,0.0,0.67088926,Yerushalmi
TgO_Deuteronomy,5,31,0.0,0.0,0.0,0.7222,0.0,0.0,0.0,18.0,2.6842,0.0,0.0,0.9829826,Yerushalmi
TgO_Deuteronomy,5,32,0.0,0.0,0.0,0.9091,0.0,0.0,0.0,11.0,2.75,0.0,0.0,0.93486756,Yerushalmi
TgO_Deuteronomy,5,33,0.0,0.0,0.0,0.8,0.0,0.0,0.0,15.0,2.8125,0.0,0.0,0.9703849,Yerushalmi
TgO_Deuteronomy,6,1,0.0,0.0,0.0,0.9333,0.0,0.0,0.0,15.0,2.875,0.0,0.0,0.9828661,Yerushalmi
TgO_Deuteronomy,6,2,0.0,0.0,0.0,0.7391,0.0,0.0,0.0,23.0,3.0,0.0,0.0,0.9810389,Yerushalmi
TgO_Deuteronomy,6,3,0.0,0.0,0.0,0.6111,0.0,0.0,0.0,18.0,2.8947,0.0,0.0,0.9760462,Yerushalmi
TgO_Deuteronomy,6,4,0.0,0.0,0.0,0.6667,0.0,0.0,0.0,6.0,2.7143,0.0,0.0,0.5460855,Yerushalmi
TgO_Deuteronomy,6,5,0.0,0.0,0.0,0.8,0.0,0.0,0.0,10.0,2.3636,0.0,0.0,0.843367,Yerushalmi
TgO_Deuteronomy,6,6,0.0,0.0,0.0,0.8,0.0,0.0,0.0,10.0,2.9091,0.0,0.0,0.865382,Yerushalmi
TgO_Deuteronomy,6,7,0.0,0.0,0.0,0.4,0.0,0.0,0.0,10.0,1.8182,0.0,0.0,0.7445581,Yerushalmi
TgO_Deuteronomy,6,8,0.0,0.0,0.0,0.875,0.0,0.0,0.0,8.0,2.3333,0.0,0.0,0.8081155,Yerushalmi
TgO_Deuteronomy,6,9,0.0,0.0,0.0,0.7143,0.0,0.0,0.0,7.0,2.125,0.0,0.0,0.5802706,Yerushalmi
TgO_Deuteronomy,6,10,0.0,0.0,0.0,0.7222,0.0,0.0,0.0,18.0,2.8421,0.0,0.0,0.98068446,Yerushalmi
TgO_Deuteronomy,6,11,0.0,0.0,0.0,0.5,0.0,0.0,0.0,16.0,2.2941,0.0,0.0,0.9704008,Yerushalmi
TgO_Deuteronomy,6,12,0.0,0.0,0.0,0.8333,0.0,0.0,0.0,12.0,3.0769,0.0,0.0,0.9358937,Yerushalmi
TgO_Deuteronomy,6,13,0.0,0.0,0.0,0.875,0.0,0.0,0.0,8.0,2.3333,0.0,0.0,0.8081155,Yerushalmi
TgO_Deuteronomy,6,14,0.0,0.0,0.0,0.7778,0.0,0.0,0.0,9.0,2.6,0.0,0.0,0.79112285,Yerushalmi
TgO_Deuteronomy,6,15,0.0,0.0,0.0,0.875,0.0,0.0,0.0,16.0,3.2353,0.0,0.0,0.97917175,Yerushalmi
TgO_Deuteronomy,6,16,0.0,0.0,0.0,0.875,0.0,0.0,0.0,8.0,2.7778,0.0,0.0,0.8284565,Yerushalmi
TgO_Deuteronomy,6,17,0.0,0.0,0.0,0.7778,0.0,0.0,0.0,9.0,2.5,0.0,0.0,0.78491235,Yerushalmi
TgO_Deuteronomy,6,18,0.0,0.0,0.0,0.6875,0.0,0.0,0.0,16.0,2.4706,0.0,0.0,0.9740231,Yerushalmi
TgO_Deuteronomy,6,19,0.0,0.0,0.0,1.0,0.0,0.0,0.0,8.0,3.5556,0.0,0.0,0.92430776,Yerushalmi
TgO_Deuteronomy,6,20,0.0,0.0,0.0,0.9231,0.0,0.0,0.0,13.0,2.5,0.0,0.0,0.9677508,Yerushalmi
TgO_Deuteronomy,6,21,0.0,0.0,0.0,0.7273,0.0,0.0,0.0,11.0,2.75,0.0,0.0,0.87062985,Yerushalmi
TgO_Deuteronomy,6,22,0.0,0.0,0.0,0.6667,0.0,0.0,0.0,12.0,2.0769,0.0,0.0,0.8820133,Yerushalmi
TgO_Deuteronomy,6,23,0.0,0.0,0.0,0.8333,0.0,0.0,0.0,12.0,2.6154,0.0,0.0,0.92996943,Yerushalmi
TgO_Deuteronomy,6,24,0.0,0.0,0.0,0.8333,0.0,0.0,0.0,18.0,3.1579,0.0,0.0,0.98212343,Yerushalmi
TgO_Deuteronomy,6,25,0.0,0.0,0.0,0.9333,0.0,0.0,0.0,15.0,3.125,0.0,0.0,0.9815772,Yerushalmi
TgO_Deuteronomy,7,1,0.0,0.0,0.0,0.6,0.0,0.0,0.0,25.0,2.6538,0.0,0.0,0.98045886,Yerushalmi
TgO_Deuteronomy,7,2,0.0,0.0,0.0,0.7333,0.0,0.0,0.0,15.0,2.625,0.0,0.0,0.9660492,Yerushalmi
TgO_Deuteronomy,7,3,0.0,0.0,0.0,0.7273,0.0,0.0,0.0,11.0,2.1667,0.0,0.0,0.85253036,Yerushalmi
TgO_Deuteronomy,7,4,0.0,0.0,0.0,0.9333,0.0,0.0,0.0,15.0,2.9375,0.0,0.0,0.9825429,Yerushalmi
TgO_Deuteronomy,7,5,0.0,0.0,0.0,0.7857,0.0,0.0,0.0,14.0,2.8,0.0,0.0,0.9583237,Yerushalmi
TgO_Deuteronomy,7,6,0.0,0.0,0.0,0.7368,0.0,0.0,0.0,19.0,2.9,0.0,0.0,0.98256314,Yerushalmi
TgO_Deuteronomy,7,7,0.0,0.0,0.0,0.6667,0.0,0.0,0.0,15.0,2.5625,0.0,0.0,0.96198946,Yerushalmi
TgO_Deuteronomy,7,8,0.0,0.0,0.0,0.6667,0.0,0.0,0.0,21.0,2.7273,0.0,0.0,0.9846683,Yerushalmi
TgO_Deuteronomy,7,9,0.0,0.0,0.0,0.8125,0.0,0.0,0.0,16.0,2.8235,0.0,0.0,0.978097,Yerushalmi
TgO_Deuteronomy,7,10,0.0,0.0,0.0,0.7,0.0,0.0,0.0,20.0,2.9524,0.0,0.0,0.98115027,Yerushalmi
TgO_Deuteronomy,7,11,0.0,0.0,0.0,0.6923,0.0,0.0,0.0,13.0,2.9286,0.0,0.0,0.931606,Yerushalmi
TgO_Deuteronomy,7,12,0.0,0.0,0.0,0.6667,0.0,0.0,0.0,18.0,2.4737,0.0,0.0,0.9837882,Yerushalmi
TgO_Deuteronomy,7,13,0.0,0.0,0.0,0.5714,0.0,0.0,0.0,21.0,2.5,0.0,0.0,0.98605627,Yerushalmi
TgO_Deuteronomy,7,14,0.0,0.0,0.0,0.8,0.0,0.0,0.0,10.0,2.2727,0.0,0.0,0.8413194,Yerushalmi
TgO_Deuteronomy,7,15,0.0,0.0,0.0,0.75,0.0,0.0,0.0,16.0,2.7059,0.0,0.0,0.97499007,Yerushalmi
TgO_Deuteronomy,7,16,0.0,0.0,0.0,0.8,0.0,0.0,0.0,20.0,2.5714,0.0,0.0,0.9909811,Yerushalmi
TgO_Deuteronomy,7,17,0.0,0.0,0.0,1.0,0.0,0.0,0.0,10.0,2.8182,0.0,0.0,0.9521907,Yerushalmi
TgO_Deuteronomy,7,18,0.0,0.0,0.0,0.9167,0.0,0.0,0.0,12.0,2.6154,0.0,0.0,0.953167,Yerushalmi
TgO_Deuteronomy,7,19,0.0,0.0,0.0,0.7727,0.0,0.0,0.0,22.0,2.6957,0.0,0.0,0.98922217,Yerushalmi
TgO_Deuteronomy,7,20,0.0,0.0,0.0,0.9167,0.0,0.0,0.0,12.0,2.7692,0.0,0.0,0.9539356,Yerushalmi
TgO_Deuteronomy,7,21,0.0,0.0,0.0,0.9091,0.0,0.0,0.0,11.0,3.0,0.0,0.0,0.93824345,Yerushalmi
TgO_Deuteronomy,7,22,0.0,0.0,0.0,0.9444,0.0,0.0,0.0,18.0,3.1053,0.0,0.0,0.9895771,Yerushalmi
TgO_Deuteronomy,7,23,0.0,0.0,0.0,0.8889,0.0,0.0,0.0,9.0,2.5,0.0,0.0,0.86600816,Yerushalmi
TgO_Deuteronomy,7,24,0.0,0.0,0.0,0.8667,0.0,0.0,0.0,15.0,2.6875,0.0,0.0,0.97774965,Yerushalmi
TgO_Deuteronomy,7,25,0.0,0.0,0.0,0.85,0.0,0.0,0.0,20.0,2.6667,0.0,0.0,0.9916745,Yerushalmi
TgO_Deuteronomy,7,26,0.0,0.0,0.0,0.7143,0.0,0.0,0.0,14.0,2.6667,0.0,0.0,0.95069,Yerushalmi
TgO_Deuteronomy,8,1,0.0,0.0,0.0,0.7895,0.0,0.0,0.0,19.0,2.9,0.0,0.0,0.9850415,Yerushalmi
TgO_Deuteronomy,8,2,0.0,0.0,0.0,0.9048,0.0,0.0,0.0,21.0,2.7273,0.0,0.0,0.9934241,Yerushalmi
TgO_Deuteronomy,8,3,0.0,0.0,0.0,0.6786,0.0,0.0,0.0,28.0,2.8621,0.0,0.0,0.9684304,Yerushalmi
TgO_Deuteronomy,8,4,0.0,0.0,0.0,0.9,0.0,0.0,0.0,10.0,2.6364,0.0,0.0,0.9066342,Yerushalmi
TgO_Deuteronomy,8,5,0.0,0.0,0.0,0.8462,0.0,0.0,0.0,13.0,2.7143,0.0,0.0,0.9530798,Yerushalmi
TgO_Deuteronomy,8,6,0.0,0.0,0.0,0.8182,0.0,0.0,0.0,11.0,2.4167,0.0,0.0,0.89344126,Yerushalmi
TgO_Deuteronomy,8,7,0.0,0.0,0.0,0.8235,0.0,0.0,0.0,17.0,2.7222,0.0,0.0,0.9843034,Yerushalmi
TgO_Deuteronomy,8,8,0.0,0.0,0.0,0.5385,0.0,0.0,0.0,13.0,2.4286,0.0,0.0,0.9150867,Yerushalmi
TgO_Deuteronomy,8,9,0.0,0.0,0.0,0.7059,0.0,0.0,0.0,17.0,2.8889,0.0,0.0,0.97576267,Yerushalmi
TgO_Deuteronomy,8,10,0.0,0.0,0.0,0.7273,0.0,0.0,0.0,11.0,2.3333,0.0,0.0,0.8552606,Yerushalmi
TgO_Deuteronomy,8,11,0.0,0.0,0.0,0.7895,0.0,0.0,0.0,19.0,3.05,0.0,0.0,0.982704,Yerushalmi
TgO_Deuteronomy,8,12,0.0,0.0,0.0,0.7143,0.0,0.0,0.0,7.0,2.5,0.0,0.0,0.6118091,Yerushalmi
TgO_Deuteronomy,8,13,0.0,0.0,0.0,0.2,0.0,0.0,0.0,10.0,2.4545,0.0,0.0,0.8755942,Yerushalmi
TgO_Deuteronomy,8,14,0.0,0.0,0.0,0.8333,0.0,0.0,0.0,12.0,2.7692,0.0,0.0,0.9317518,Yerushalmi
TgO_Deuteronomy,8,15,0.0,0.0,0.0,0.7222,0.0,0.0,0.0,18.0,2.8947,0.0,0.0,0.97988343,Yerushalmi
TgO_Deuteronomy,8,16,0.0,0.0,0.0,0.7692,0.0,0.0,0.0,13.0,2.2857,0.0,0.0,0.93804306,Yerushalmi
TgO_Deuteronomy,8,17,0.0,0.0,0.0,0.8,0.0,0.0,0.0,10.0,2.5455,0.0,0.0,0.8493569,Yerushalmi
TgO_Deuteronomy,8,18,0.0,0.0,0.0,0.8947,0.0,0.0,0.0,19.0,2.75,0.0,0.0,0.99161303,Yerushalmi
TgO_Deuteronomy,8,19,0.0,0.0,0.0,0.625,0.0,0.0,0.0,24.0,2.84,0.0,0.0,0.97799146,Yerushalmi
TgO_Deuteronomy,8,20,0.0,0.0,0.0,0.8333,0.0,0.0,0.0,12.0,3.0,0.0,0.0,0.934886,Yerushalmi
TgO_Deuteronomy,9,1,0.0,0.0,0.0,0.75,0.0,0.0,0.0,20.0,3.0952,0.0,0.0,0.98065907,Yerushalmi
TgO_Deuteronomy,9,2,0.0,0.0,0.0,0.8,0.0,0.0,0.0,15.0,2.5,0.0,0.0,0.9729429,Yerushalmi
TgO_Deuteronomy,9,3,0.0,0.0,0.0,0.7083,0.0,0.0,0.0,24.0,3.12,0.0,0.0,0.9736973,Yerushalmi
TgO_Deuteronomy,9,4,0.0,0.0,0.0,0.6957,0.0,0.0,0.0,23.0,3.0833,0.0,0.0,0.9761364,Yerushalmi
TgO_Deuteronomy,9,5,0.0,0.0,0.0,0.6786,0.0,0.0,0.0,28.0,3.0,0.0,0.0,0.96114475,Yerushalmi
TgO_Deuteronomy,9,6,0.0,0.0,0.0,0.8889,0.0,0.0,0.0,18.0,2.5263,0.0,0.0,0.9919431,Yerushalmi
TgO_Deuteronomy,9,7,0.0,0.0,0.0,0.76,0.0,0.0,0.0,25.0,2.7692,0.0,0.0,0.985294,Yerushalmi
TgO_Deuteronomy,9,8,0.0,0.0,0.0,0.8,0.0,0.0,0.0,10.0,2.5455,0.0,0.0,0.8493569,Yerushalmi
TgO_Deuteronomy,9,9,0.0,0.0,0.0,0.7727,0.0,0.0,0.0,22.0,2.7391,0.0,0.0,0.9885461,Yerushalmi
TgO_Deuteronomy,9,10,0.0,0.0,0.0,0.7143,0.0,0.0,0.0,21.0,2.6818,0.0,0.0,0.98712766,Yerushalmi
TgO_Deuteronomy,9,11,0.0,0.0,0.0,0.8,0.0,0.0,0.0,15.0,2.9375,0.0,0.0,0.969493,Yerushalmi
TgO_Deuteronomy,9,12,0.0,0.0,0.0,0.75,0.0,0.0,0.0,20.0,3.0476,0.0,0.0,0.981597,Yerushalmi
TgO_Deuteronomy,9,13,0.0,0.0,0.0,0.7692,0.0,0.0,0.0,13.0,2.5,0.0,0.0,0.9379091,Yerushalmi
TgO_Deuteronomy,9,14,0.0,0.0,0.0,0.7059,0.0,0.0,0.0,17.0,2.7778,0.0,0.0,0.9772551,Yerushalmi
TgO_Deuteronomy,9,15,0.0,0.0,0.0,0.8462,0.0,0.0,0.0,13.0,2.3571,0.0,0.0,0.95336187,Yerushalmi
TgO_Deuteronomy,9,16,0.0,0.0,0.0,0.8235,0.0,0.0,0.0,17.0,3.0,0.0,0.0,0.98109496,Yerushalmi
TgO_Deuteronomy,9,17,0.0,0.0,0.0,0.7778,0.0,0.0,0.0,9.0,2.4,0.0,0.0,0.7794367,Yerushalmi
TgO_Deuteronomy,9,18,0.0,0.0,0.0,0.76,0.0,0.0,0.0,25.0,3.0,0.0,0.0,0.9792055,Yerushalmi
TgO_Deuteronomy,9,19,0.0,0.0,0.0,0.8125,0.0,0.0,0.0,16.0,2.9412,0.0,0.0,0.97690207,Yerushalmi
TgO_Deuteronomy,9,20,0.0,0.0,0.0,0.7857,0.0,0.0,0.0,14.0,3.5333,0.0,0.0,0.95571923,Yerushalmi
TgO_Deuteronomy,9,21,0.0,0.0,0.0,0.6667,0.0,0.0,0.0,24.0,2.52,0.0,0.0,0.98746985,Yerushalmi
TgO_Deuteronomy,9,22,0.0,0.0,0.0,0.875,0.0,0.0,0.0,8.0,2.3333,0.0,0.0,0.8081155,Yerushalmi
TgO_Deuteronomy,9,23,0.0,0.0,0.0,0.6087,0.0,0.0,0.0,23.0,2.75,0.0,0.0,0.981373,Yerushalmi
TgO_Deuteronomy,9,24,0.0,0.0,0.0,1.0,0.0,0.0,0.0,7.0,2.375,0.0,0.0,0.88718,Yerushalmi
TgO_Deuteronomy,9,25,0.0,0.0,0.0,0.7333,0.0,0.0,0.0,15.0,3.125,0.0,0.0,0.96265936,Yerushalmi
TgO_Deuteronomy,9,26,0.0,0.0,0.0,0.75,0.0,0.0,0.0,16.0,2.5294,0.0,0.0,0.9769655,Yerushalmi
TgO_Deuteronomy,9,27,0.0,0.0,0.0,0.6667,0.0,0.0,0.0,12.0,3.0769,0.0,0.0,0.90836203,Yerushalmi
TgO_Deuteronomy,9,28,0.0,0.0,0.0,0.7368,0.0,0.0,0.0,19.0,2.9,0.0,0.0,0.98256314,Yerushalmi
TgO_Deuteronomy,9,29,0.0,0.0,0.0,0.75,0.0,0.0,0.0,8.0,2.0,0.0,0.0,0.6790142,Yerushalmi
TgO_Deuteronomy,10,1,0.0,0.0,0.0,0.7778,0.0,0.0,0.0,18.0,2.7895,0.0,0.0,0.9840681,Yerushalmi
TgO_Deuteronomy,10,2,0.0,0.0,0.0,0.8333,0.0,0.0,0.0,12.0,2.5385,0.0,0.0,0.92928636,Yerushalmi
TgO_Deuteronomy,10,3,0.0,0.0,0.0,0.7143,0.0,0.0,0.0,14.0,2.4667,0.0,0.0,0.95100784,Yerushalmi
TgO_Deuteronomy,10,4,0.0,0.0,0.0,0.7895,0.0,0.0,0.0,19.0,2.7,0.0,0.0,0.98781794,Yerushalmi
TgO_Deuteronomy,10,5,0.0,0.0,0.0,0.8571,0.0,0.0,0.0,14.0,2.6,0.0,0.0,0.96837133,Yerushalmi
TgO_Deuteronomy,10,6,0.0,0.0,0.0,0.4375,0.0,0.0,0.0,16.0,3.7647,0.0,0.0,0.96147984,Yerushalmi
TgO_Deuteronomy,10,7,0.0,0.0,0.0,0.7,0.0,0.0,0.0,10.0,4.0,0.0,0.0,0.86722517,Yerushalmi
TgO_Deuteronomy,10,8,0.0,0.0,0.0,0.7619,0.0,0.0,0.0,21.0,2.8636,0.0,0.0,0.9859492,Yerushalmi
TgO_Deuteronomy,10,9,0.0,0.0,0.0,0.7647,0.0,0.0,0.0,17.0,3.4444,0.0,0.0,0.9706435,Yerushalmi
TgO_Deuteronomy,10,10,0.0,0.0,0.0,0.8,0.0,0.0,0.0,20.0,2.8095,0.0,0.0,0.9879455,Yerushalmi
TgO_Deuteronomy,10,11,0.0,0.0,0.0,0.6875,0.0,0.0,0.0,16.0,2.7647,0.0,0.0,0.97078806,Yerushalmi
TgO_Deuteronomy,10,12,0.0,0.0,0.0,0.5926,0.0,0.0,0.0,27.0,2.6786,0.0,0.0,0.97388744,Yerushalmi
TgO_Deuteronomy,10,13,0.0,0.0,0.0,0.7692,0.0,0.0,0.0,13.0,3.0,0.0,0.0,0.94142205,Yerushalmi
TgO_Deuteronomy,10,14,0.0,0.0,0.0,0.7778,0.0,0.0,0.0,9.0,2.5,0.0,0.0,0.78491235,Yerushalmi
TgO_Deuteronomy,10,15,0.0,0.0,0.0,0.9231,0.0,0.0,0.0,13.0,2.3571,0.0,0.0,0.9682579,Yerushalmi
TgO_Deuteronomy,10,16,0.0,0.0,0.0,1.0,0.0,0.0,0.0,8.0,2.3333,0.0,0.0,0.9116889,Yerushalmi
TgO_Deuteronomy,10,17,0.0,0.0,0.0,0.8,0.0,0.0,0.0,20.0,2.7619,0.0,0.0,0.9886075,Yerushalmi
TgO_Deuteronomy,10,18,0.0,0.0,0.0,0.7,0.0,0.0,0.0,10.0,2.7273,0.0,0.0,0.81535673,Yerushalmi
TgO_Deuteronomy,10,19,0.0,0.0,0.0,0.875,0.0,0.0,0.0,8.0,2.8889,0.0,0.0,0.83406234,Yerushalmi
TgO_Deuteronomy,10,20,0.0,0.0,0.0,0.8,0.0,0.0,0.0,10.0,2.3636,0.0,0.0,0.843367,Yerushalmi
TgO_Deuteronomy,10,21,0.0,0.0,0.0,0.9231,0.0,0.0,0.0,13.0,2.7857,0.0,0.0,0.9675359,Yerushalmi
TgO_Deuteronomy,10,22,0.0,0.0,0.0,0.9167,0.0,0.0,0.0,12.0,2.8462,0.0,0.0,0.95441484,Yerushalmi
TgO_Deuteronomy,11,1,0.0,0.0,0.0,0.5833,0.0,0.0,0.0,12.0,3.0769,0.0,0.0,0.9069514,Yerushalmi
TgO_Deuteronomy,11,2,0.0,0.0,0.0,0.6818,0.0,0.0,0.0,22.0,2.6522,0.0,0.0,0.9865987,Yerushalmi
TgO_Deuteronomy,11,3,0.0,0.0,0.0,0.6667,0.0,0.0,0.0,12.0,3.0,0.0,0.0,0.90587974,Yerushalmi
TgO_Deuteronomy,11,4,0.0,0.0,0.0,0.7895,0.0,0.0,0.0,19.0,3.25,0.0,0.0,0.9792234,Yerushalmi
TgO_Deuteronomy,11,5,0.0,0.0,0.0,0.75,0.0,0.0,0.0,8.0,2.5556,0.0,0.0,0.7101355,Yerushalmi
TgO_Deuteronomy,11,6,0.0,0.0,0.0,0.52,0.0,0.0,0.0,25.0,3.0385,0.0,0.0,0.9625623,Yerushalmi
TgO_Deuteronomy,11,7,0.0,0.0,0.0,1.0,0.0,0.0,0.0,9.0,2.5,0.0,0.0,0.933833,Yerushalmi
TgO_Deuteronomy,11,8,0.0,0.0,0.0,0.7368,0.0,0.0,0.0,19.0,3.0,0.0,0.0,0.9808588,Yerushalmi
TgO_Deuteronomy,11,9,0.0,0.0,0.0,0.7333,0.0,0.0,0.0,15.0,2.6875,0.0,0.0,0.96557283,Yerushalmi
TgO_Deuteronomy,11,10,0.0,0.0,0.0,0.8,0.0,0.0,0.0,20.0,2.7619,0.0,0.0,0.9886075,Yerushalmi
TgO_Deuteronomy,11,11,0.0,0.0,0.0,0.9167,0.0,0.0,0.0,12.0,2.9231,0.0,0.0,0.95492274,Yerushalmi
TgO_Deuteronomy,11,12,0.0,0.0,0.0,0.8667,0.0,0.0,0.0,15.0,2.6875,0.0,0.0,0.97774965,Yerushalmi
TgO_Deuteronomy,11,13,0.0,0.0,0.0,0.75,0.0,0.0,0.0,20.0,2.6667,0.0,0.0,0.98798454,Yerushalmi
TgO_Deuteronomy,11,14,0.0,0.0,0.0,0.6,0.0,0.0,0.0,10.0,2.3636,0.0,0.0,0.76335317,Yerushalmi
TgO_Deuteronomy,11,15,0.0,0.0,0.0,0.6667,0.0,0.0,0.0,6.0,2.1429,0.0,0.0,0.47832653,Bavli
TgO_Deuteronomy,11,16,0.0,0.0,0.0,0.6364,0.0,0.0,0.0,11.0,3.0,0.0,0.0,0.8690789,Yerushalmi
TgO_Deuteronomy,11,17,0.0,0.0,0.0,0.6957,0.0,0.0,0.0,23.0,2.8333,0.0,0.0,0.9828782,Yerushalmi
TgO_Deuteronomy,11,18,0.0,0.0,0.0,0.7059,0.0,0.0,0.0,17.0,2.4444,0.0,0.0,0.98158073,Yerushalmi
TgO_Deuteronomy,11,19,0.0,0.0,0.0,0.5,0.0,0.0,0.0,12.0,1.9231,0.0,0.0,0.86330235,Yerushalmi
TgO_Deuteronomy,11,20,0.0,0.0,0.0,0.7143,0.0,0.0,0.0,7.0,2.125,0.0,0.0,0.5802706,Yerushalmi
TgO_Deuteronomy,11,21,0.0,0.0,0.0,0.8125,0.0,0.0,0.0,16.0,2.7647,0.0,0.0,0.9786956,Yerushalmi
TgO_Deuteronomy,11,22,0.0,0.0,0.0,0.8696,0.0,0.0,0.0,23.0,2.7917,0.0,0.0,0.9914748,Yerushalmi
TgO_Deuteronomy,11,23,0.0,0.0,0.0,0.75,0.0,0.0,0.0,12.0,2.5385,0.0,0.0,0.90642315,Yerushalmi
TgO_Deuteronomy,11,24,0.0,0.0,0.0,0.8095,0.0,0.0,0.0,21.0,2.7727,0.0,0.0,0.98940426,Yerushalmi
TgO_Deuteronomy,11,25,0.0,0.0,0.0,0.8889,0.0,0.0,0.0,18.0,3.3158,0.0,0.0,0.9838017,Yerushalmi
TgO_Deuteronomy,11,26,0.0,0.0,0.0,0.875,0.0,0.0,0.0,8.0,3.0,0.0,0.0,0.8394017,Yerushalmi
TgO_Deuteronomy,11,27,0.0,0.0,0.0,0.8333,0.0,0.0,0.0,12.0,3.0,0.0,0.0,0.934886,Yerushalmi
TgO_Deuteronomy,11,28,0.0,0.0,0.0,0.8571,0.0,0.0,0.0,21.0,2.7273,0.0,0.0,0.99179274,Yerushalmi
TgO_Deuteronomy,11,29,0.0,0.0,0.0,0.6667,0.0,0.0,0.0,21.0,3.2727,0.0,0.0,0.9718794,Yerushalmi
TgO_Deuteronomy,11,30,0.0,0.0,0.0,0.7647,0.0,0.0,0.0,17.0,3.8333,0.0,0.0,0.96200585,Yerushalmi
TgO_Deuteronomy,11,31,0.0,0.0,0.0,0.7647,0.0,0.0,0.0,17.0,2.8333,0.0,0.0,0.9795554,Yerushalmi
TgO_Deuteronomy,11,32,0.0,0.0,0.0,0.8333,0.0,0.0,0.0,12.0,2.8462,0.0,0.0,0.9327764,Yerushalmi
TgO_Deuteronomy,12,1,0.0,0.0,0.0,0.8889,0.0,0.0,0.0,18.0,3.1579,0.0,0.0,0.9857251,Yerushalmi
TgO_Deuteronomy,12,2,0.0,0.0,0.0,0.7727,0.0,0.0,0.0,22.0,2.6087,0.0,0.0,0.9904761,Yerushalmi
TgO_Deuteronomy,12,3,0.0,0.0,0.0,0.6667,0.0,0.0,0.0,18.0,2.3684,0.0,0.0,0.98515743,Yerushalmi
TgO_Deuteronomy,12,4,0.0,0.0,0.0,1.0,0.0,0.0,0.0,6.0,2.2857,0.0,0.0,0.85368323,Yerushalmi
TgO_Deuteronomy,12,5,0.0,0.0,0.0,0.8667,0.0,0.0,0.0,15.0,2.9375,0.0,0.0,0.9760514,Yerushalmi
TgO_Deuteronomy,12,6,0.0,0.0,0.0,0.6,0.0,0.0,0.0,15.0,3.0,0.0,0.0,0.9581778,Yerushalmi
TgO_Deuteronomy,12,7,0.0,0.0,0.0,0.7333,0.0,0.0,0.0,15.0,2.9375,0.0,0.0,0.9638957,Yerushalmi
TgO_Deuteronomy,12,8,0.0,0.0,0.0,0.8333,0.0,0.0,0.0,12.0,2.7692,0.0,0.0,0.9317518,Yerushalmi
TgO_Deuteronomy,12,9,0.0,0.0,0.0,0.9167,0.0,0.0,0.0,12.0,2.5385,0.0,0.0,0.95292276,Yerushalmi
TgO_Deuteronomy,12,10,0.0,0.0,0.0,0.625,0.0,0.0,0.0,16.0,2.8824,0.0,0.0,0.9673255,Yerushalmi
TgO_Deuteronomy,12,11,0.0,0.0,0.0,0.75,0.0,0.0,0.0,28.0,2.7241,0.0,0.0,0.9801708,Yerushalmi
TgO_Deuteronomy,12,12,0.0,0.0,0.0,0.5882,0.0,0.0,0.0,17.0,2.5556,0.0,0.0,0.9760949,Yerushalmi
TgO_Deuteronomy,12,13,0.0,0.0,0.0,0.875,0.0,0.0,0.0,8.0,2.6667,0.0,0.0,0.82280314,Yerushalmi
TgO_Deuteronomy,12,14,0.0,0.0,0.0,0.875,0.0,0.0,0.0,16.0,2.6471,0.0,0.0,0.98434985,Yerushalmi
TgO_Deuteronomy,12,15,0.0,0.0,0.0,0.75,0.0,0.0,0.0,20.0,2.6667,0.0,0.0,0.98798454,Yerushalmi
TgO_Deuteronomy,12,16,0.0,0.0,0.0,1.0,0.0,0.0,0.0,8.0,2.3333,0.0,0.0,0.9116889,Yerushalmi
TgO_Deuteronomy,12,17,0.0,0.0,0.0,0.6111,0.0,0.0,0.0,18.0,2.5263,0.0,0.0,0.98141086,Yerushalmi
TgO_Deuteronomy,12,18,0.0,0.0,0.0,0.4583,0.0,0.0,0.0,24.0,2.72,0.0,0.0,0.9770191,Yerushalmi
TgO_Deuteronomy,12,19,0.0,0.0,0.0,0.8,0.0,0.0,0.0,10.0,3.1818,0.0,0.0,0.87688303,Yerushalmi
TgO_Deuteronomy,12,20,0.0,0.0,0.0,0.6818,0.0,0.0,0.0,22.0,2.913,0.0,0.0,0.9811752,Yerushalmi
TgO_Deuteronomy,12,21,0.0,0.0,0.0,0.7391,0.0,0.0,0.0,23.0,2.7917,0.0,0.0,0.98579377,Yerushalmi
TgO_Deuteronomy,12,22,0.0,0.0,0.0,0.75,0.0,0.0,0.0,12.0,2.9231,0.0,0.0,0.91498816,Yerushalmi
TgO_Deuteronomy,12,23,0.0,0.0,0.0,0.8,0.0,0.0,0.0,15.0,2.625,0.0,0.0,0.9718469,Yerushalmi
TgO_Deuteronomy,12,24,0.0,0.0,0.0,1.0,0.0,0.0,0.0,6.0,2.1429,0.0,0.0,0.85086775,Yerushalmi
TgO_Deuteronomy,12,25,0.0,0.0,0.0,0.9167,0.0,0.0,0.0,12.0,2.6923,0.0,0.0,0.9535119,Yerushalmi
TgO_Deuteronomy,12,26,0.0,0.0,0.0,0.8,0.0,0.0,0.0,10.0,2.7273,0.0,0.0,0.8570557,Yerushalmi
TgO_Deuteronomy,12,27,0.0,0.0,0.0,0.6111,0.0,0.0,0.0,18.0,2.7368,0.0,0.0,0.97841936,Yerushalmi
TgO_Deuteronomy,12,28,0.0,0.0,0.0,0.8261,0.0,0.0,0.0,23.0,2.75,0.0,0.0,0.99030817,Yerushalmi
TgO_Deuteronomy,12,29,0.0,0.0,0.0,0.8125,0.0,0.0,0.0,16.0,2.7059,0.0,0.0,0.9792972,Yerushalmi
TgO_Deuteronomy,12,30,0.0,0.0,0.0,0.8182,0.0,0.0,0.0,22.0,3.0435,0.0,0.0,0.9853404,Yerushalmi
TgO_Deuteronomy,12,31,0.0,0.0,0.0,0.7826,0.0,0.0,0.0,23.0,2.5833,0.0,0.0,0.9910339,Yerushalmi
TgO_Deuteronomy,13,1,0.0,0.0,0.0,0.8667,0.0,0.0,0.0,15.0,2.375,0.0,0.0,0.9802414,Yerushalmi
TgO_Deuteronomy,13,2,0.0,0.0,0.0,0.75,0.0,0.0,0.0,12.0,2.5385,0.0,0.0,0.90642315,Yerushalmi
TgO_Deuteronomy,13,3,0.0,0.0,0.0,0.8462,0.0,0.0,0.0,13.0,2.3571,0.0,0.0,0.95336187,Yerushalmi
TgO_Deuteronomy,13,4,0.0,0.0,0.0,0.8,0.0,0.0,0.0,25.0,2.6538,0.0,0.0,0.98950297,Yerushalmi
TgO_Deuteronomy,13,5,0.0,0.0,0.0,0.75,0.0,0.0,0.0,16.0,2.7059,0.0,0.0,0.97499007,Yerushalmi
TgO_Deuteronomy,13,6,0.0,0.0,0.0,0.75,0.0,0.0,0.0,32.0,3.0606,0.0,0.0,0.9421195,Yerushalmi
TgO_Deuteronomy,13,7,0.0,0.0,0.0,0.8,0.0,0.0,0.0,25.0,2.3846,0.0,0.0,0.99323183,Yerushalmi
TgO_Deuteronomy,13,8,0.0,0.0,0.0,0.7143,0.0,0.0,0.0,14.0,2.5333,0.0,0.0,0.95082396,Yerushalmi
TgO_Deuteronomy,13,9,0.0,0.0,0.0,0.6667,0.0,0.0,0.0,15.0,2.375,0.0,0.0,0.9634626,Yerushalmi
TgO_Deuteronomy,13,10,0.0,0.0,0.0,0.8333,0.0,0.0,0.0,12.0,3.0,0.0,0.0,0.934886,Yerushalmi
TgO_Deuteronomy,13,11,0.0,0.0,0.0,0.8571,0.0,0.0,0.0,14.0,2.8,0.0,0.0,0.96759135,Yerushalmi
TgO_Deuteronomy,13,12,0.0,0.0,0.0,0.7273,0.0,0.0,0.0,11.0,2.8333,0.0,0.0,0.8744153,Yerushalmi
TgO_Deuteronomy,13,13,0.0,0.0,0.0,0.9167,0.0,0.0,0.0,12.0,2.6923,0.0,0.0,0.9535119,Yerushalmi
TgO_Deuteronomy,13,14,0.0,0.0,0.0,0.9375,0.0,0.0,0.0,16.0,2.8824,0.0,0.0,0.98692274,Yerushalmi
TgO_Deuteronomy,13,15,0.0,0.0,0.0,0.75,0.0,0.0,0.0,12.0,2.9231,0.0,0.0,0.91498816,Yerushalmi
TgO_Deuteronomy,13,16,0.0,0.0,0.0,0.7059,0.0,0.0,0.0,17.0,3.2222,0.0,0.0,0.97096896,Yerushalmi
TgO_Deuteronomy,13,17,0.0,0.0,0.0,0.7917,0.0,0.0,0.0,24.0,2.64,0.0,0.0,0.99011505,Yerushalmi
TgO_Deuteronomy,13,18,0.0,0.0,0.0,0.75,0.0,0.0,0.0,20.0,2.8095,0.0,0.0,0.9858196,Yerushalmi
TgO_Deuteronomy,13,19,0.0,0.0,0.0,0.7895,0.0,0.0,0.0,19.0,3.0,0.0,0.0,0.9835079,Yerushalmi
TgO_Deuteronomy,14,1,0.0,0.0,0.0,1.0,0.0,0.0,0.0,14.0,2.6667,0.0,0.0,0.98509085,Yerushalmi
TgO_Deuteronomy,14,2,0.0,0.0,0.0,0.7778,0.0,0.0,0.0,18.0,2.8947,0.0,0.0,0.9826124,Yerushalmi
TgO_Deuteronomy,14,3,0.0,0.0,0.0,1.0,0.0,0.0,0.0,4.0,2.2,0.0,0.0,0.7667365,Yerushalmi
TgO_Deuteronomy,14,4,0.0,0.0,0.0,1.0,0.0,0.0,0.0,8.0,2.5556,0.0,0.0,0.91539276,Yerushalmi
TgO_Deuteronomy,14,5,0.0,0.0,0.0,0.2857,0.0,0.0,0.0,7.0,1.875,0.0,0.0,0.60301745,Yerushalmi
TgO_Deuteronomy,14,6,0.0,0.0,0.0,0.7692,0.0,0.0,0.0,13.0,3.0,0.0,0.0,0.94142205,Yerushalmi
TgO_Deuteronomy,14,7,0.0,0.0,0.0,0.6667,0.0,0.0,0.0,27.0,3.0357,0.0,0.0,0.9629492,Yerushalmi
TgO_Deuteronomy,14,8,0.0,0.0,0.0,0.7059,0.0,0.0,0.0,17.0,2.8889,0.0,0.0,0.97576267,Yerushalmi
TgO_Deuteronomy,14,9,0.0,0.0,0.0,0.8,0.0,0.0,0.0,10.0,2.5455,0.0,0.0,0.8493569,Yerushalmi
TgO_Deuteronomy,14,10,0.0,0.0,0.0,0.7,0.0,0.0,0.0,10.0,2.9091,0.0,0.0,0.8286201,Yerushalmi
TgO_Deuteronomy,14,11,0.0,0.0,0.0,1.0,0.0,0.0,0.0,4.0,2.2,0.0,0.0,0.7667365,Yerushalmi
TgO_Deuteronomy,14,12,0.0,0.0,0.0,0.7143,0.0,0.0,0.0,7.0,2.0,0.0,0.0,0.57539964,Yerushalmi
TgO_Deuteronomy,14,13,0.0,0.0,0.0,0.8,0.0,0.0,0.0,5.0,2.1667,0.0,0.0,0.5289073,Yerushalmi
TgO_Deuteronomy,14,14,0.0,0.0,0.0,1.0,0.0,0.0,0.0,4.0,2.0,0.0,0.0,0.76409745,Yerushalmi
TgO_Deuteronomy,14,15,0.0,0.0,0.0,0.5714,0.0,0.0,0.0,7.0,2.125,0.0,0.0,0.51622057,Yerushalmi
TgO_Deuteronomy,14,16,0.0,0.0,0.0,0.5,0.0,0.0,0.0,3.0,1.75,0.0,0.0,0.30329084,Bavli
TgO_Deuteronomy,14,17,0.0,0.0,0.0,0.5,0.0,0.0,0.0,3.0,2.5,0.0,0.0,0.3767586,Bavli
TgO_Deuteronomy,14,18,0.0,0.0,0.0,0.6,0.0,0.0,0.0,5.0,2.0,0.0,0.0,0.3842999,Bavli
TgO_Deuteronomy,14,19,0.0,0.0,0.0,0.875,0.0,0.0,0.0,8.0,2.7778,0.0,0.0,0.8284565,Yerushalmi
TgO_Deuteronomy,14,20,0.0,0.0,0.0,1.0,0.0,0.0,0.0,4.0,2.2,0.0,0.0,0.7667365,Yerushalmi
TgO_Deuteronomy,14,21,0.0,0.0,0.0,0.8261,0.0,0.0,0.0,23.0,2.9583,0.0,0.0,0.9868546,Yerushalmi
TgO_Deuteronomy,14,22,0.0,0.0,0.0,0.8,0.0,0.0,0.0,10.0,2.6364,0.0,0.0,0.8530592,Yerushalmi
TgO_Deuteronomy,14,23,0.0,0.0,0.0,0.7083,0.0,0.0,0.0,24.0,3.2,0.0,0.0,0.9708107,Yerushalmi
TgO_Deuteronomy,14,24,0.0,0.0,0.0,0.7273,0.0,0.0,0.0,22.0,2.8696,0.0,0.0,0.984196,Yerushalmi
TgO_Deuteronomy,14,25,0.0,0.0,0.0,0.6364,0.0,0.0,0.0,11.0,2.25,0.0,0.0,0.8264533,Yerushalmi
TgO_Deuteronomy,14,26,0.0,0.0,0.0,0.5909,0.0,0.0,0.0,22.0,2.3913,0.0,0.0,0.9883805,Yerushalmi
TgO_Deuteronomy,14,27,0.0,0.0,0.0,0.8,0.0,0.0,0.0,10.0,2.4545,0.0,0.0,0.8460815,Yerushalmi
TgO_Deuteronomy,14,28,0.0,0.0,0.0,0.9167,0.0,0.0,0.0,12.0,2.6154,0.0,0.0,0.953167,Yerushalmi
TgO_Deuteronomy,14,29,0.0,0.0,0.0,0.6364,0.0,0.0,0.0,22.0,2.6087,0.0,0.0,0.9859212,Yerushalmi
TgO_Deuteronomy,15,1,0.0,0.0,0.0,1.0,0.0,0.0,0.0,5.0,2.6667,0.0,0.0,0.82465345,Yerushalmi
TgO_Deuteronomy,15,2,0.0,0.0,0.0,0.8571,0.0,0.0,0.0,21.0,2.7273,0.0,0.0,0.99179274,Yerushalmi
TgO_Deuteronomy,15,3,0.0,0.0,0.0,0.8889,0.0,0.0,0.0,9.0,2.7,0.0,0.0,0.8725188,Yerushalmi
TgO_Deuteronomy,15,4,0.0,0.0,0.0,0.7059,0.0,0.0,0.0,17.0,2.8889,0.0,0.0,0.97576267,Yerushalmi
TgO_Deuteronomy,15,5,0.0,0.0,0.0,0.8333,0.0,0.0,0.0,18.0,3.1579,0.0,0.0,0.98212343,Yerushalmi
TgO_Deuteronomy,15,6,0.0,0.0,0.0,0.6842,0.0,0.0,0.0,19.0,2.6,0.0,0.0,0.98520136,Yerushalmi
TgO_Deuteronomy,15,7,0.0,0.0,0.0,0.7083,0.0,0.0,0.0,24.0,2.48,0.0,0.0,0.98958933,Yerushalmi
TgO_Deuteronomy,15,8,0.0,0.0,0.0,0.6667,0.0,0.0,0.0,12.0,3.1538,0.0,0.0,0.910629,Yerushalmi
TgO_Deuteronomy,15,9,0.0,0.0,0.0,0.7143,0.0,0.0,0.0,28.0,2.8621,0.0,0.0,0.97191525,Yerushalmi
TgO_Deuteronomy,15,10,0.0,0.0,0.0,0.75,0.0,0.0,0.0,20.0,3.0952,0.0,0.0,0.98065907,Yerushalmi
TgO_Deuteronomy,15,11,0.0,0.0,0.0,0.85,0.0,0.0,0.0,20.0,2.8571,0.0,0.0,0.9894774,Yerushalmi
TgO_Deuteronomy,15,12,0.0,0.0,0.0,0.7647,0.0,0.0,0.0,17.0,3.1111,0.0,0.0,0.97584254,Yerushalmi
TgO_Deuteronomy,15,13,0.0,0.0,0.0,0.8571,0.0,0.0,0.0,7.0,3.125,0.0,0.0,0.78852284,Yerushalmi
TgO_Deuteronomy,15,14,0.0,0.0,0.0,0.6364,0.0,0.0,0.0,11.0,2.75,0.0,0.0,0.8533255,Yerushalmi
TgO_Deuteronomy,15,15,0.0,0.0,0.0,0.7368,0.0,0.0,0.0,19.0,3.2,0.0,0.0,0.97712797,Yerushalmi
TgO_Deuteronomy,15,16,0.0,0.0,0.0,0.6667,0.0,0.0,0.0,15.0,2.5,0.0,0.0,0.9624331,Yerushalmi
TgO_Deuteronomy,15,17,0.0,0.0,0.0,0.6,0.0,0.0,0.0,15.0,2.4375,0.0,0.0,0.9597586,Yerushalmi
TgO_Deuteronomy,15,18,0.0,0.0,0.0,0.8571,0.0,0.0,0.0,21.0,2.7273,0.0,0.0,0.99179274,Yerushalmi
TgO_Deuteronomy,15,19,0.0,0.0,0.0,0.8333,0.0,0.0,0.0,18.0,2.5789,0.0,0.0,0.9891828,Yerushalmi
TgO_Deuteronomy,15,20,0.0,0.0,0.0,0.8333,0.0,0.0,0.0,12.0,2.4615,0.0,0.0,0.9287864,Yerushalmi
TgO_Deuteronomy,15,21,0.0,0.0,0.0,0.9333,0.0,0.0,0.0,15.0,2.625,0.0,0.0,0.98424643,Yerushalmi
TgO_Deuteronomy,15,22,0.0,0.0,0.0,0.875,0.0,0.0,0.0,8.0,2.5556,0.0,0.0,0.81735134,Yerushalmi
TgO_Deuteronomy,15,23,0.0,0.0,0.0,1.0,0.0,0.0,0.0,9.0,2.3,0.0,0.0,0.93171376,Yerushalmi
TgO_Deuteronomy,16,1,0.0,0.0,0.0,0.65,0.0,0.0,0.0,20.0,3.0,0.0,0.0,0.9782539,Yerushalmi
TgO_Deuteronomy,16,2,0.0,0.0,0.0,0.8333,0.0,0.0,0.0,18.0,2.6316,0.0,0.0,0.9886262,Yerushalmi
TgO_Deuteronomy,16,3,0.0,0.0,0.0,0.6923,0.0,0.0,0.0,26.0,3.4074,0.0,0.0,0.95039374,Yerushalmi
TgO_Deuteronomy,16,4,0.0,0.0,0.0,0.7647,0.0,0.0,0.0,17.0,2.6667,0.0,0.0,0.9816608,Yerushalmi
TgO_Deuteronomy,16,5,0.0,0.0,0.0,0.8462,0.0,0.0,0.0,13.0,2.7143,0.0,0.0,0.9530798,Yerushalmi
TgO_Deuteronomy,16,6,0.0,0.0,0.0,1.0,0.0,0.0,0.0,17.0,2.7778,0.0,0.0,0.99310416,Yerushalmi
TgO_Deuteronomy,16,7,0.0,0.0,0.0,0.5455,0.0,0.0,0.0,11.0,2.25,0.0,0.0,0.8154168,Yerushalmi
TgO_Deuteronomy,16,8,0.0,0.0,0.0,1.0,0.0,0.0,0.0,13.0,3.0,0.0,0.0,0.97949713,Yerushalmi
TgO_Deuteronomy,16,9,0.0,0.0,0.0,0.6923,0.0,0.0,0.0,13.0,2.8571,0.0,0.0,0.93051803,Yerushalmi
TgO_Deuteronomy,16,10,0.0,0.0,0.0,0.8571,0.0,0.0,0.0,14.0,2.9333,0.0,0.0,0.9672224,Yerushalmi
TgO_Deuteronomy,16,11,0.0,0.0,0.0,0.5,0.0,0.0,0.0,22.0,2.4783,0.0,0.0,0.9852968,Yerushalmi
TgO_Deuteronomy,16,12,0.0,0.0,0.0,0.8,0.0,0.0,0.0,10.0,2.3636,0.0,0.0,0.843367,Yerushalmi
TgO_Deuteronomy,16,13,0.0,0.0,0.0,0.7778,0.0,0.0,0.0,9.0,2.4,0.0,0.0,0.7794367,Yerushalmi
TgO_Deuteronomy,16,14,0.0,0.0,0.0,0.25,0.0,0.0,0.0,12.0,1.9231,0.0,0.0,0.9035097,Yerushalmi
TgO_Deuteronomy,16,15,0.0,0.0,0.0,0.7619,0.0,0.0,0.0,21.0,2.7273,0.0,0.0,0.9881856,Yerushalmi
TgO_Deuteronomy,16,16,0.0,0.0,0.0,0.7273,0.0,0.0,0.0,22.0,2.8261,0.0,0.0,0.98507845,Yerushalmi
TgO_Deuteronomy,16,17,0.0,0.0,0.0,0.75,0.0,0.0,0.0,8.0,2.4444,0.0,0.0,0.7006843,Yerushalmi
TgO_Deuteronomy,16,18,0.0,0.0,0.0,0.75,0.0,0.0,0.0,16.0,2.6471,0.0,0.0,0.97564054,Yerushalmi
TgO_Deuteronomy,16,19,0.0,0.0,0.0,0.8235,0.0,0.0,0.0,17.0,3.1667,0.0,0.0,0.9790292,Yerushalmi
TgO_Deuteronomy,16,20,0.0,0.0,0.0,0.7333,0.0,0.0,0.0,15.0,3.1875,0.0,0.0,0.96219796,Yerushalmi
TgO_Deuteronomy,16,21,0.0,0.0,0.0,0.8333,0.0,0.0,0.0,12.0,3.0,0.0,0.0,0.934886,Yerushalmi
TgO_Deuteronomy,16,22,0.0,0.0,0.0,0.7143,0.0,0.0,0.0,7.0,2.5,0.0,0.0,0.6118091,Yerushalmi
TgO_Deuteronomy,17,1,0.0,0.0,0.0,0.7895,0.0,0.0,0.0,19.0,3.05,0.0,0.0,0.982704,Yerushalmi
TgO_Deuteronomy,17,2,0.0,0.0,0.0,0.85,0.0,0.0,0.0,20.0,2.8095,0.0,0.0,0.99006355,Yerushalmi
TgO_Deuteronomy,17,3,0.0,0.0,0.0,0.6667,0.0,0.0,0.0,15.0,3.0625,0.0,0.0,0.9594627,Yerushalmi
TgO_Deuteronomy,17,4,0.0,0.0,0.0,0.6923,0.0,0.0,0.0,13.0,2.8571,0.0,0.0,0.93051803,Yerushalmi
TgO_Deuteronomy,17,5,0.0,0.0,0.0,0.5833,0.0,0.0,0.0,24.0,2.92,0.0,0.0,0.9735553,Yerushalmi
TgO_Deuteronomy,17,6,0.0,0.0,0.0,0.625,0.0,0.0,0.0,16.0,2.7059,0.0,0.0,0.96891135,Yerushalmi
TgO_Deuteronomy,17,7,0.0,0.0,0.0,0.9286,0.0,0.0,0.0,14.0,3.3333,0.0,0.0,0.97535545,Yerushalmi
TgO_Deuteronomy,17,8,0.0,0.0,0.0,0.5926,0.0,0.0,0.0,27.0,3.0,0.0,0.0,0.957921,Yerushalmi
TgO_Deuteronomy,17,9,0.0,0.0,0.0,0.6667,0.0,0.0,0.0,15.0,2.625,0.0,0.0,0.96158993,Yerushalmi
TgO_Deuteronomy,17,10,0.0,0.0,0.0,0.8667,0.0,0.0,0.0,15.0,2.6875,0.0,0.0,0.97774965,Yerushalmi
TgO_Deuteronomy,17,11,0.0,0.0,0.0,0.8235,0.0,0.0,0.0,17.0,2.8333,0.0,0.0,0.98304814,Yerushalmi
TgO_Deuteronomy,17,12,0.0,0.0,0.0,0.7917,0.0,0.0,0.0,24.0,2.6,0.0,0.0,0.9907157,Yerushalmi
TgO_Deuteronomy,17,13,0.0,0.0,0.0,0.7143,0.0,0.0,0.0,7.0,2.125,0.0,0.0,0.5802706,Yerushalmi
TgO_Deuteronomy,17,14,0.0,0.0,0.0,0.7778,0.0,0.0,0.0,18.0,2.4211,0.0,0.0,0.9885853,Yerushalmi
TgO_Deuteronomy,17,15,0.0,0.0,0.0,0.6522,0.0,0.0,0.0,23.0,2.75,0.0,0.0,0.98297346,Yerushalmi
TgO_Deuteronomy,17,16,0.0,0.0,0.0,0.6087,0.0,0.0,0.0,23.0,3.0833,0.0,0.0,0.97152907,Yerushalmi
TgO_Deuteronomy,17,17,0.0,0.0,0.0,0.5385,0.0,0.0,0.0,13.0,2.6429,0.0,0.0,0.9207203,Yerushalmi
TgO_Deuteronomy,17,18,0.0,0.0,0.0,0.8125,0.0,0.0,0.0,16.0,3.2353,0.0,0.0,0.9737852,Yerushalmi
TgO_Deuteronomy,17,19,0.0,0.0,0.0,0.875,0.0,0.0,0.0,24.0,3.04,0.0,0.0,0.98726666,Yerushalmi
TgO_Deuteronomy,17,20,0.0,0.0,0.0,0.7143,0.0,0.0,0.0,21.0,2.9091,0.0,0.0,0.98297644,Yerushalmi
TgO_Deuteronomy,18,1,0.0,0.0,0.0,0.8667,0.0,0.0,0.0,15.0,3.3125,0.0,0.0,0.973472,Yerushalmi
TgO_Deuteronomy,18,2,0.0,0.0,0.0,0.8,0.0,0.0,0.0,15.0,3.3125,0.0,0.0,0.9666183,Yerushalmi
TgO_Deuteronomy,18,3,0.0,0.0,0.0,0.6667,0.0,0.0,0.0,18.0,2.4211,0.0,0.0,0.9844814,Yerushalmi
TgO_Deuteronomy,18,4,0.0,0.0,0.0,0.7778,0.0,0.0,0.0,9.0,2.7,0.0,0.0,0.7978281,Yerushalmi
TgO_Deuteronomy,18,5,0.0,0.0,0.0,0.8,0.0,0.0,0.0,15.0,3.0625,0.0,0.0,0.96861255,Yerushalmi
TgO_Deuteronomy,18,6,0.0,0.0,0.0,0.7647,0.0,0.0,0.0,17.0,2.6667,0.0,0.0,0.9816608,Yerushalmi
TgO_Deuteronomy,18,7,0.0,0.0,0.0,0.7857,0.0,0.0,0.0,14.0,2.6,0.0,0.0,0.9588571,Yerushalmi
TgO_Deuteronomy,18,8,0.0,0.0,0.0,1.0,0.0,0.0,0.0,10.0,2.7273,0.0,0.0,0.9513331,Yerushalmi
TgO_Deuteronomy,18,9,0.0,0.0,0.0,0.9286,0.0,0.0,0.0,14.0,2.6667,0.0,0.0,0.9773806,Yerushalmi
TgO_Deuteronomy,18,10,0.0,0.0,0.0,0.6667,0.0,0.0,0.0,12.0,2.3077,0.0,0.0,0.88410246,Yerushalmi
TgO_Deuteronomy,18,11,0.0,0.0,0.0,0.625,0.0,0.0,0.0,8.0,2.0,0.0,0.0,0.5996928,Yerushalmi
TgO_Deuteronomy,18,12,0.0,0.0,0.0,0.9333,0.0,0.0,0.0,15.0,3.1875,0.0,0.0,0.9812414,Yerushalmi
TgO_Deuteronomy,18,13,0.0,0.0,0.0,1.0,0.0,0.0,0.0,5.0,2.3333,0.0,0.0,0.81596005,Yerushalmi
TgO_Deuteronomy,18,14,0.0,0.0,0.0,0.8889,0.0,0.0,0.0,18.0,2.5789,0.0,0.0,0.99150676,Yerushalmi
TgO_Deuteronomy,18,15,0.0,0.0,0.0,0.8,0.0,0.0,0.0,10.0,3.2727,0.0,0.0,0.88007176,Yerushalmi
TgO_Deuteronomy,18,16,0.0,0.0,0.0,0.8077,0.0,0.0,0.0,26.0,2.7037,0.0,0.0,0.98792654,Yerushalmi
TgO_Deuteronomy,18,17,0.0,0.0,0.0,0.8,0.0,0.0,0.0,5.0,2.3333,0.0,0.0,0.5405156,Yerushalmi
TgO_Deuteronomy,18,18,0.0,0.0,0.0,0.8667,0.0,0.0,0.0,15.0,2.875,0.0,0.0,0.9764591,Yerushalmi
TgO_Deuteronomy,18,19,0.0,0.0,0.0,1.0,0.0,0.0,0.0,10.0,2.5455,0.0,0.0,0.9497119,Yerushalmi
TgO_Deuteronomy,18,20,0.0,0.0,0.0,0.7647,0.0,0.0,0.0,17.0,2.5556,0.0,0.0,0.98302215,Yerushalmi
TgO_Deuteronomy,18,21,0.0,0.0,0.0,1.0,0.0,0.0,0.0,10.0,2.7273,0.0,0.0,0.9513331,Yerushalmi
TgO_Deuteronomy,18,22,0.0,0.0,0.0,0.6,0.0,0.0,0.0,20.0,2.619,0.0,0.0,0.9840173,Yerushalmi
TgO_Deuteronomy,19,1,0.0,0.0,0.0,0.625,0.0,0.0,0.0,16.0,2.4706,0.0,0.0,0.97125226,Yerushalmi
TgO_Deuteronomy,19,2,0.0,0.0,0.0,0.8182,0.0,0.0,0.0,11.0,2.8333,0.0,0.0,0.90289456,Yerushalmi
TgO_Deuteronomy,19,3,0.0,0.0,0.0,0.8667,0.0,0.0,0.0,15.0,2.75,0.0,0.0,0.9773049,Yerushalmi
TgO_Deuteronomy,19,4,0.0,0.0,0.0,0.7647,0.0,0.0,0.0,17.0,2.6111,0.0,0.0,0.9823466,Yerushalmi
TgO_Deuteronomy,19,5,0.0,0.0,0.0,0.5769,0.0,0.0,0.0,26.0,2.5185,0.0,0.0,0.98136437,Yerushalmi
TgO_Deuteronomy,19,6,0.0,0.0,0.0,0.8148,0.0,0.0,0.0,27.0,3.0,0.0,0.0,0.9791379,Yerushalmi
TgO_Deuteronomy,19,7,0.0,0.0,0.0,0.7,0.0,0.0,0.0,10.0,3.1818,0.0,0.0,0.8467451,Yerushalmi
TgO_Deuteronomy,19,8,0.0,0.0,0.0,0.7647,0.0,0.0,0.0,17.0,2.6667,0.0,0.0,0.9816608,Yerushalmi
TgO_Deuteronomy,19,9,0.0,0.0,0.0,0.7667,0.0,0.0,0.0,30.0,3.1613,0.0,0.0,0.95233285,Yerushalmi
TgO_Deuteronomy,19,10,0.0,0.0,0.0,0.875,0.0,0.0,0.0,16.0,2.8235,0.0,0.0,0.98282254,Yerushalmi
TgO_Deuteronomy,19,11,0.0,0.0,0.0,0.7059,0.0,0.0,0.0,17.0,2.6667,0.0,0.0,0.97872156,Yerushalmi
TgO_Deuteronomy,19,12,0.0,0.0,0.0,0.6667,0.0,0.0,0.0,12.0,2.3077,0.0,0.0,0.88410246,Yerushalmi
TgO_Deuteronomy,19,13,0.0,0.0,0.0,0.8182,0.0,0.0,0.0,11.0,2.3333,0.0,0.0,0.8924411,Yerushalmi
TgO_Deuteronomy,19,14,0.0,0.0,0.0,0.8571,0.0,0.0,0.0,14.0,2.7333,0.0,0.0,0.9678134,Yerushalmi
TgO_Deuteronomy,19,15,0.0,0.0,0.0,0.7391,0.0,0.0,0.0,23.0,2.7083,0.0,0.0,0.9873998,Yerushalmi
TgO_Deuteronomy,19,16,0.0,0.0,0.0,0.75,0.0,0.0,0.0,8.0,2.5556,0.0,0.0,0.7101355,Yerushalmi
TgO_Deuteronomy,19,17,0.0,0.0,0.0,0.8462,0.0,0.0,0.0,13.0,2.7857,0.0,0.0,0.95328254,Yerushalmi
TgO_Deuteronomy,19,18,0.0,0.0,0.0,0.6,0.0,0.0,0.0,10.0,2.5455,0.0,0.0,0.77869135,Yerushalmi
TgO_Deuteronomy,19,19,0.0,0.0,0.0,0.7,0.0,0.0,0.0,10.0,3.3636,0.0,0.0,0.85626537,Yerushalmi
TgO_Deuteronomy,19,20,0.0,0.0,0.0,0.8182,0.0,0.0,0.0,11.0,2.4167,0.0,0.0,0.89344126,Yerushalmi
TgO_Deuteronomy,19,21,0.0,0.0,0.0,0.4444,0.0,0.0,0.0,18.0,2.8421,0.0,0.0,0.97625893,Yerushalmi
TgO_Deuteronomy,20,1,0.0,0.0,0.0,0.8261,0.0,0.0,0.0,23.0,3.0833,0.0,0.0,0.9843446,Yerushalmi
TgO_Deuteronomy,20,2,0.0,0.0,0.0,0.6667,0.0,0.0,0.0,9.0,2.1,0.0,0.0,0.69842035,Yerushalmi
TgO_Deuteronomy,20,3,0.0,0.0,0.0,0.6818,0.0,0.0,0.0,22.0,3.3043,0.0,0.0,0.97016877,Yerushalmi
TgO_Deuteronomy,20,4,0.0,0.0,0.0,0.9231,0.0,0.0,0.0,13.0,3.1429,0.0,0.0,0.96793735,Yerushalmi
TgO_Deuteronomy,20,5,0.0,0.0,0.0,0.7143,0.0,0.0,0.0,21.0,2.5455,0.0,0.0,0.9891959,Yerushalmi
TgO_Deuteronomy,20,6,0.0,0.0,0.0,0.7333,0.0,0.0,0.0,15.0,2.625,0.0,0.0,0.9660492,Yerushalmi
TgO_Deuteronomy,20,7,0.0,0.0,0.0,0.7333,0.0,0.0,0.0,15.0,2.6875,0.0,0.0,0.96557283,Yerushalmi
TgO_Deuteronomy,20,8,0.0,0.0,0.0,0.7,0.0,0.0,0.0,20.0,2.2381,0.0,0.0,0.99168825,Yerushalmi
TgO_Deuteronomy,20,9,0.0,0.0,0.0,0.6667,0.0,0.0,0.0,12.0,2.6923,0.0,0.0,0.8949337,Yerushalmi
TgO_Deuteronomy,20,10,0.0,0.0,0.0,0.8,0.0,0.0,0.0,10.0,2.6364,0.0,0.0,0.8530592,Yerushalmi
TgO_Deuteronomy,20,11,0.0,0.0,0.0,0.6875,0.0,0.0,0.0,16.0,2.2941,0.0,0.0,0.9761136,Yerushalmi
TgO_Deuteronomy,20,12,0.0,0.0,0.0,0.6667,0.0,0.0,0.0,9.0,2.0,0.0,0.0,0.6958654,Yerushalmi
TgO_Deuteronomy,20,13,0.0,0.0,0.0,0.9,0.0,0.0,0.0,10.0,2.8182,0.0,0.0,0.91067976,Yerushalmi
TgO_Deuteronomy,20,14,0.0,0.0,0.0,0.6842,0.0,0.0,0.0,19.0,2.65,0.0,0.0,0.98446053,Yerushalmi
TgO_Deuteronomy,20,15,0.0,0.0,0.0,0.9167,0.0,0.0,0.0,12.0,2.8462,0.0,0.0,0.95441484,Yerushalmi
TgO_Deuteronomy,20,16,0.0,0.0,0.0,0.9231,0.0,0.0,0.0,13.0,3.0,0.0,0.0,0.96778023,Yerushalmi
TgO_Deuteronomy,20,17,0.0,0.0,0.0,0.7692,0.0,0.0,0.0,13.0,3.0714,0.0,0.0,0.94199747,Yerushalmi
TgO_Deuteronomy,20,18,0.0,0.0,0.0,0.9231,0.0,0.0,0.0,13.0,2.7143,0.0,0.0,0.96750855,Yerushalmi
TgO_Deuteronomy,20,19,0.0,0.0,0.0,0.8,0.0,0.0,0.0,30.0,2.8387,0.0,0.0,0.9747252,Yerushalmi
TgO_Deuteronomy,20,20,0.0,0.0,0.0,0.9048,0.0,0.0,0.0,21.0,2.8636,0.0,0.0,0.99207807,Yerushalmi
TgO_Deuteronomy,21,1,0.0,0.0,0.0,0.8667,0.0,0.0,0.0,15.0,2.625,0.0,0.0,0.97821176,Yerushalmi
TgO_Deuteronomy,21,2,0.0,0.0,0.0,0.75,0.0,0.0,0.0,8.0,2.5556,0.0,0.0,0.7101355,Yerushalmi
TgO_Deuteronomy,21,3,0.0,0.0,0.0,0.75,0.0,0.0,0.0,16.0,2.7647,0.0,0.0,0.9743466,Yerushalmi
TgO_Deuteronomy,21,4,0.0,0.0,0.0,0.7222,0.0,0.0,0.0,18.0,2.5789,0.0,0.0,0.98442537,Yerushalmi
TgO_Deuteronomy,21,5,0.0,0.0,0.0,0.7619,0.0,0.0,0.0,21.0,2.7273,0.0,0.0,0.9881856,Yerushalmi
TgO_Deuteronomy,21,6,0.0,0.0,0.0,1.0,0.0,0.0,0.0,13.0,2.7143,0.0,0.0,0.9794695,Yerushalmi
TgO_Deuteronomy,21,7,0.0,0.0,0.0,0.7273,0.0,0.0,0.0,11.0,2.0833,0.0,0.0,0.8521519,Yerushalmi
TgO_Deuteronomy,21,8,0.0,0.0,0.0,0.6842,0.0,0.0,0.0,19.0,3.05,0.0,0.0,0.97762233,Yerushalmi
TgO_Deuteronomy,21,9,0.0,0.0,0.0,1.0,0.0,0.0,0.0,11.0,3.0833,0.0,0.0,0.9649146,Yerushalmi
TgO_Deuteronomy,21,10,0.0,0.0,0.0,0.9167,0.0,0.0,0.0,12.0,2.6923,0.0,0.0,0.9535119,Yerushalmi
TgO_Deuteronomy,21,11,0.0,0.0,0.0,0.6,0.0,0.0,0.0,10.0,2.5455,0.0,0.0,0.77869135,Yerushalmi
TgO_Deuteronomy,21,12,0.0,0.0,0.0,0.7778,0.0,0.0,0.0,9.0,2.2,0.0,0.0,0.77154744,Yerushalmi
TgO_Deuteronomy,21,13,0.0,0.0,0.0,0.6818,0.0,0.0,0.0,22.0,2.3478,0.0,0.0,0.99118364,Yerushalmi
TgO_Deuteronomy,21,14,0.0,0.0,0.0,0.6875,0.0,0.0,0.0,16.0,2.3529,0.0,0.0,0.97540724,Yerushalmi
TgO_Deuteronomy,21,15,0.0,0.0,0.0,0.6667,0.0,0.0,0.0,18.0,2.9474,0.0,0.0,0.9767978,Yerushalmi
TgO_Deuteronomy,21,16,0.0,0.0,0.0,0.7368,0.0,0.0,0.0,19.0,2.75,0.0,0.0,0.98492813,Yerushalmi
TgO_Deuteronomy,21,17,0.0,0.0,0.0,0.8,0.0,0.0,0.0,20.0,3.1905,0.0,0.0,0.9816105,Yerushalmi
TgO_Deuteronomy,21,18,0.0,0.0,0.0,0.7647,0.0,0.0,0.0,17.0,2.3333,0.0,0.0,0.9856182,Yerushalmi
TgO_Deuteronomy,21,19,0.0,0.0,0.0,0.6923,0.0,0.0,0.0,13.0,2.7143,0.0,0.0,0.92837125,Yerushalmi
TgO_Deuteronomy,21,20,0.0,0.0,0.0,0.8571,0.0,0.0,0.0,14.0,2.6,0.0,0.0,0.96837133,Yerushalmi
TgO_Deuteronomy,21,21,0.0,0.0,0.0,0.6429,0.0,0.0,0.0,14.0,2.9333,0.0,0.0,0.9469036,Yerushalmi
TgO_Deuteronomy,21,22,0.0,0.0,0.0,0.8182,0.0,0.0,0.0,11.0,2.5,0.0,0.0,0.89482194,Yerushalmi
TgO_Deuteronomy,21,23,0.0,0.0,0.0,0.84,0.0,0.0,0.0,25.0,3.0769,0.0,0.0,0.98295206,Yerushalmi
TgO_Deuteronomy,22,1,0.0,0.0,0.0,0.7857,0.0,0.0,0.0,14.0,2.2667,0.0,0.0,0.961003,Yerushalmi
TgO_Deuteronomy,22,2,0.0,0.0,0.0,0.6842,0.0,0.0,0.0,19.0,2.5,0.0,0.0,0.98660654,Yerushalmi
TgO_Deuteronomy,22,3,0.0,0.0,0.0,0.7222,0.0,0.0,0.0,18.0,2.6316,0.0,0.0,0.9837125,Yerushalmi
TgO_Deuteronomy,22,4,0.0,0.0,0.0,0.9286,0.0,0.0,0.0,14.0,2.2667,0.0,0.0,0.9794938,Yerushalmi
TgO_Deuteronomy,22,5,0.0,0.0,0.0,0.85,0.0,0.0,0.0,20.0,2.9524,0.0,0.0,0.9882284,Yerushalmi
TgO_Deuteronomy,22,6,0.0,0.0,0.0,0.6923,0.0,0.0,0.0,26.0,2.5556,0.0,0.0,0.9853648,Yerushalmi
TgO_Deuteronomy,22,7,0.0,0.0,0.0,0.6923,0.0,0.0,0.0,13.0,2.5,0.0,0.0,0.9257467,Yerushalmi
TgO_Deuteronomy,22,8,0.0,0.0,0.0,0.75,0.0,0.0,0.0,16.0,2.6471,0.0,0.0,0.97564054,Yerushalmi
TgO_Deuteronomy,22,9,0.0,0.0,0.0,0.6364,0.0,0.0,0.0,11.0,2.9167,0.0,0.0,0.8640002,Yerushalmi
TgO_Deuteronomy,22,10,0.0,0.0,0.0,1.0,0.0,0.0,0.0,5.0,2.1667,0.0,0.0,0.8122587,Yerushalmi
TgO_Deuteronomy,22,11,0.0,0.0,0.0,1.0,0.0,0.0,0.0,7.0,2.75,0.0,0.0,0.8954467,Yerushalmi
TgO_Deuteronomy,22,12,0.0,0.0,0.0,0.8889,0.0,0.0,0.0,9.0,2.9,0.0,0.0,0.87952256,Yerushalmi
TgO_Deuteronomy,22,13,0.0,0.0,0.0,1.0,0.0,0.0,0.0,7.0,2.625,0.0,0.0,0.89271754,Yerushalmi
TgO_Deuteronomy,22,14,0.0,0.0,0.0,0.6842,0.0,0.0,0.0,19.0,2.75,0.0,0.0,0.9829031,Yerushalmi
TgO_Deuteronomy,22,15,0.0,0.0,0.0,0.6667,0.0,0.0,0.0,15.0,3.25,0.0,0.0,0.958331,Yerushalmi
TgO_Deuteronomy,22,16,0.0,0.0,0.0,0.9091,0.0,0.0,0.0,11.0,2.5833,0.0,0.0,0.93291193,Yerushalmi
TgO_Deuteronomy,22,17,0.0,0.0,0.0,0.7778,0.0,0.0,0.0,18.0,3.1053,0.0,0.0,0.9794741,Yerushalmi
TgO_Deuteronomy,22,18,0.0,0.0,0.0,0.75,0.0,0.0,0.0,8.0,2.3333,0.0,0.0,0.6925343,Yerushalmi
TgO_Deuteronomy,22,19,0.0,0.0,0.0,0.8,0.0,0.0,0.0,25.0,3.2692,0.0,0.0,0.97369736,Yerushalmi
TgO_Deuteronomy,22,20,0.0,0.0,0.0,1.0,0.0,0.0,0.0,9.0,3.2,0.0,0.0,0.941888,Yerushalmi
TgO_Deuteronomy,22,21,0.0,0.0,0.0,0.6818,0.0,0.0,0.0,22.0,2.7826,0.0,0.0,0.9840732,Yerushalmi
TgO_Deuteronomy,22,22,0.0,0.0,0.0,0.6,0.0,0.0,0.0,20.0,2.7143,0.0,0.0,0.98238957,Yerushalmi
TgO_Deuteronomy,22,23,0.0,0.0,0.0,0.9091,0.0,0.0,0.0,11.0,2.8333,0.0,0.0,0.9359795,Yerushalmi
TgO_Deuteronomy,22,24,0.0,0.0,0.0,0.6667,0.0,0.0,0.0,27.0,3.1786,0.0,0.0,0.95478487,Yerushalmi
TgO_Deuteronomy,22,25,0.0,0.0,0.0,0.5882,0.0,0.0,0.0,17.0,2.6111,0.0,0.0,0.9754273,Yerushalmi
TgO_Deuteronomy,22,26,0.0,0.0,0.0,1.0,0.0,0.0,0.0,20.0,3.0952,0.0,0.0,0.9934389,Yerushalmi
TgO_Deuteronomy,22,27,0.0,0.0,0.0,0.8889,0.0,0.0,0.0,9.0,2.8,0.0,0.0,0.8760315,Yerushalmi
TgO_Deuteronomy,22,28,0.0,0.0,0.0,0.9091,0.0,0.0,0.0,11.0,2.75,0.0,0.0,0.93486756,Yerushalmi
TgO_Deuteronomy,22,29,0.0,0.0,0.0,0.85,0.0,0.0,0.0,20.0,3.4286,0.0,0.0,0.9803428,Yerushalmi
TgO_Deuteronomy,23,1,0.0,0.0,0.0,0.9,0.0,0.0,0.0,10.0,2.3636,0.0,0.0,0.90208375,Yerushalmi
TgO_Deuteronomy,23,2,0.0,0.0,0.0,1.0,0.0,0.0,0.0,10.0,2.4545,0.0,0.0,0.94902813,Yerushalmi
TgO_Deuteronomy,23,3,0.0,0.0,0.0,0.6,0.0,0.0,0.0,15.0,2.6875,0.0,0.0,0.9587436,Yerushalmi
TgO_Deuteronomy,23,4,0.0,0.0,0.0,0.6667,0.0,0.0,0.0,18.0,2.7895,0.0,0.0,0.97927284,Yerushalmi
TgO_Deuteronomy,23,5,0.0,0.0,0.0,0.55,0.0,0.0,0.0,20.0,3.4762,0.0,0.0,0.9644084,Yerushalmi
TgO_Deuteronomy,23,6,0.0,0.0,0.0,0.6111,0.0,0.0,0.0,18.0,2.8421,0.0,0.0,0.9768499,Yerushalmi
TgO_Deuteronomy,23,7,0.0,0.0,0.0,0.8571,0.0,0.0,0.0,7.0,3.25,0.0,0.0,0.7953378,Yerushalmi
TgO_Deuteronomy,23,8,0.0,0.0,0.0,0.7692,0.0,0.0,0.0,13.0,2.7143,0.0,0.0,0.93902683,Yerushalmi
TgO_Deuteronomy,23,9,0.0,0.0,0.0,0.8,0.0,0.0,0.0,10.0,3.1818,0.0,0.0,0.87688303,Yerushalmi
TgO_Deuteronomy,23,10,0.0,0.0,0.0,0.8889,0.0,0.0,0.0,9.0,3.2,0.0,0.0,0.8886643,Yerushalmi
TgO_Deuteronomy,23,11,0.0,0.0,0.0,0.8125,0.0,0.0,0.0,16.0,3.0588,0.0,0.0,0.97569495,Yerushalmi
TgO_Deuteronomy,23,12,0.0,0.0,0.0,0.9,0.0,0.0,0.0,10.0,2.7273,0.0,0.0,0.90861034,Yerushalmi
TgO_Deuteronomy,23,13,0.0,0.0,0.0,0.7778,0.0,0.0,0.0,9.0,3.3,0.0,0.0,0.8362059,Yerushalmi
TgO_Deuteronomy,23,14,0.0,0.0,0.0,0.5714,0.0,0.0,0.0,14.0,2.2,0.0,0.0,0.94140565,Yerushalmi
TgO_Deuteronomy,23,15,0.0,0.0,0.0,0.7826,0.0,0.0,0.0,23.0,3.0833,0.0,0.0,0.9816017,Yerushalmi
TgO_Deuteronomy,23,16,0.0,0.0,0.0,0.9,0.0,0.0,0.0,10.0,3.0909,0.0,0.0,0.916656,Yerushalmi
TgO_Deuteronomy,23,17,0.0,0.0,0.0,0.8333,0.0,0.0,0.0,12.0,2.5385,0.0,0.0,0.92928636,Yerushalmi
TgO_Deuteronomy,23,18,0.0,0.0,0.0,0.7143,0.0,0.0,0.0,14.0,3.0,0.0,0.0,0.95110416,Yerushalmi
TgO_Deuteronomy,23,19,0.0,0.0,0.0,0.8889,0.0,0.0,0.0,18.0,3.0526,0.0,0.0,0.9869116,Yerushalmi
TgO_Deuteronomy,23,20,0.0,0.0,0.0,0.5455,0.0,0.0,0.0,11.0,3.1667,0.0,0.0,0.8813401,Yerushalmi
TgO_Deuteronomy,23,21,0.0,0.0,0.0,0.9444,0.0,0.0,0.0,18.0,3.2105,0.0,0.0,0.9886318,Yerushalmi
TgO_Deuteronomy,23,22,0.0,0.0,0.0,0.7222,0.0,0.0,0.0,18.0,2.7368,0.0,0.0,0.9822347,Yerushalmi
TgO_Deuteronomy,23,23,0.0,0.0,0.0,1.0,0.0,0.0,0.0,7.0,2.25,0.0,0.0,0.8847896,Yerushalmi
TgO_Deuteronomy,23,24,0.0,0.0,0.0,1.0,0.0,0.0,0.0,12.0,3.0,0.0,0.0,0.9729449,Yerushalmi
TgO_Deuteronomy,23,25,0.0,0.0,0.0,0.9091,0.0,0.0,0.0,11.0,2.4167,0.0,0.0,0.93160504,Yerushalmi
TgO_Deuteronomy,23,26,0.0,0.0,0.0,0.7692,0.0,0.0,0.0,13.0,2.3571,0.0,0.0,0.93783504,Yerushalmi
TgO_Deuteronomy,24,1,0.0,0.0,0.0,0.7083,0.0,0.0,0.0,24.0,2.88,0.0,0.0,0.9811028,Yerushalmi
TgO_Deuteronomy,24,2,0.0,0.0,0.0,0.6667,0.0,0.0,0.0,6.0,2.2857,0.0,0.0,0.49042806,Bavli
TgO_Deuteronomy,24,3,0.0,0.0,0.0,0.7368,0.0,0.0,0.0,19.0,2.95,0.0,0.0,0.9817239,Yerushalmi
TgO_Deuteronomy,24,4,0.0,0.0,0.0,0.8519,0.0,0.0,0.0,27.0,3.0357,0.0,0.0,0.9812622,Yerushalmi
TgO_Deuteronomy,24,5,0.0,0.0,0.0,0.8636,0.0,0.0,0.0,22.0,2.6087,0.0,0.0,0.9934392,Yerushalmi
TgO_Deuteronomy,24,6,0.0,0.0,0.0,1.0,0.0,0.0,0.0,11.0,2.6667,0.0,0.0,0.9625831,Yerushalmi
TgO_Deuteronomy,24,7,0.0,0.0,0.0,0.7222,0.0,0.0,0.0,18.0,3.0,0.0,0.0,0.97822416,Yerushalmi
TgO_Deuteronomy,24,8,0.0,0.0,0.0,0.9333,0.0,0.0,0.0,15.0,3.0,0.0,0.0,0.98222303,Yerushalmi
TgO_Deuteronomy,24,9,0.0,0.0,0.0,0.7,0.0,0.0,0.0,10.0,3.6364,0.0,0.0,0.8654301,Yerushalmi
TgO_Deuteronomy,24,10,0.0,0.0,0.0,1.0,0.0,0.0,0.0,10.0,2.7273,0.0,0.0,0.9513331,Yerushalmi
TgO_Deuteronomy,24,11,0.0,0.0,0.0,0.9091,0.0,0.0,0.0,11.0,2.6667,0.0,0.0,0.93383014,Yerushalmi
TgO_Deuteronomy,24,12,0.0,0.0,0.0,1.0,0.0,0.0,0.0,7.0,2.375,0.0,0.0,0.88718,Yerushalmi
TgO_Deuteronomy,24,13,0.0,0.0,0.0,0.75,0.0,0.0,0.0,16.0,2.6471,0.0,0.0,0.97564054,Yerushalmi
TgO_Deuteronomy,24,14,0.0,0.0,0.0,0.8,0.0,0.0,0.0,10.0,2.1818,0.0,0.0,0.8400263,Yerushalmi
TgO_Deuteronomy,24,15,0.0,0.0,0.0,0.7391,0.0,0.0,0.0,23.0,2.5417,0.0,0.0,0.99014413,Yerushalmi
TgO_Deuteronomy,24,16,0.0,0.0,0.0,0.6,0.0,0.0,0.0,15.0,2.75,0.0,0.0,0.95860046,Yerushalmi
TgO_Deuteronomy,24,17,0.0,0.0,0.0,1.0,0.0,0.0,0.0,10.0,3.0,0.0,0.0,0.9537979,Yerushalmi
TgO_Deuteronomy,24,18,0.0,0.0,0.0,0.7778,0.0,0.0,0.0,18.0,2.7895,0.0,0.0,0.9840681,Yerushalmi
TgO_Deuteronomy,24,19,0.0,0.0,0.0,0.8095,0.0,0.0,0.0,21.0,2.6818,0.0,0.0,0.99061364,Yerushalmi
TgO_Deuteronomy,24,20,0.0,0.0,0.0,1.0,0.0,0.0,0.0,10.0,2.6364,0.0,0.0,0.95049316,Yerushalmi
TgO_Deuteronomy,24,21,0.0,0.0,0.0,1.0,0.0,0.0,0.0,10.0,2.6364,0.0,0.0,0.95049316,Yerushalmi
TgO_Deuteronomy,24,22,0.0,0.0,0.0,0.7333,0.0,0.0,0.0,15.0,3.3125,0.0,0.0,0.96113217,Yerushalmi
TgO_Deuteronomy,25,1,0.0,0.0,0.0,0.7143,0.0,0.0,0.0,14.0,2.4667,0.0,0.0,0.95100784,Yerushalmi
TgO_Deuteronomy,25,2,0.0,0.0,0.0,0.8462,0.0,0.0,0.0,13.0,2.6429,0.0,0.0,0.9529439,Yerushalmi
TgO_Deuteronomy,25,3,0.0,0.0,0.0,0.8571,0.0,0.0,0.0,14.0,2.9333,0.0,0.0,0.9672224,Yerushalmi
TgO_Deuteronomy,25,4,0.0,0.0,0.0,1.0,0.0,0.0,0.0,5.0,2.1667,0.0,0.0,0.8122587,Yerushalmi
TgO_Deuteronomy,25,5,0.0,0.0,0.0,0.7917,0.0,0.0,0.0,24.0,2.88,0.0,0.0,0.985746,Yerushalmi
TgO_Deuteronomy,25,6,0.0,0.0,0.0,0.8333,0.0,0.0,0.0,12.0,2.3846,0.0,0.0,0.92849815,Yerushalmi
TgO_Deuteronomy,25,7,0.0,0.0,0.0,0.6923,0.0,0.0,0.0,26.0,2.8519,0.0,0.0,0.97682077,Yerushalmi
TgO_Deuteronomy,25,8,0.0,0.0,0.0,0.6364,0.0,0.0,0.0,11.0,2.3333,0.0,0.0,0.8296412,Yerushalmi
TgO_Deuteronomy,25,9,0.0,0.0,0.0,0.8095,0.0,0.0,0.0,21.0,2.5,0.0,0.0,0.9926898,Yerushalmi
TgO_Deuteronomy,25,10,0.0,0.0,0.0,1.0,0.0,0.0,0.0,6.0,2.0,0.0,0.0,0.84899837,Yerushalmi
TgO_Deuteronomy,25,11,0.0,0.0,0.0,0.7778,0.0,0.0,0.0,18.0,2.8421,0.0,0.0,0.98334914,Yerushalmi
TgO_Deuteronomy,25,12,0.0,0.0,0.0,1.0,0.0,0.0,0.0,6.0,2.0,0.0,0.0,0.84899837,Yerushalmi
TgO_Deuteronomy,25,13,0.0,0.0,0.0,0.6,0.0,0.0,0.0,10.0,2.1818,0.0,0.0,0.75192547,Yerushalmi
TgO_Deuteronomy,25,14,0.0,0.0,0.0,0.75,0.0,0.0,0.0,8.0,2.3333,0.0,0.0,0.6925343,Yerushalmi
TgO_Deuteronomy,25,15,0.0,0.0,0.0,0.6842,0.0,0.0,0.0,19.0,3.05,0.0,0.0,0.97762233,Yerushalmi
TgO_Deuteronomy,25,16,0.0,0.0,0.0,0.8182,0.0,0.0,0.0,11.0,2.75,0.0,0.0,0.9006388,Yerushalmi
TgO_Deuteronomy,25,17,0.0,0.0,0.0,0.6667,0.0,0.0,0.0,9.0,2.7,0.0,0.0,0.74496305,Yerushalmi
TgO_Deuteronomy,25,18,0.0,0.0,0.0,0.7059,0.0,0.0,0.0,17.0,2.7778,0.0,0.0,0.9772551,Yerushalmi
TgO_Deuteronomy,25,19,0.0,0.0,0.0,0.75,0.0,0.0,0.0,24.0,3.32,0.0,0.0,0.9698611,Yerushalmi
TgO_Deuteronomy,26,1,0.0,0.0,0.0,0.8333,0.0,0.0,0.0,12.0,2.6923,0.0,0.0,0.9308034,Yerushalmi
TgO_Deuteronomy,26,2,0.0,0.0,0.0,0.7143,0.0,0.0,0.0,21.0,2.5909,0.0,0.0,0.9885406,Yerushalmi
TgO_Deuteronomy,26,3,0.0,0.0,0.0,0.7727,0.0,0.0,0.0,22.0,3.0435,0.0,0.0,0.98278254,Yerushalmi
TgO_Deuteronomy,26,4,0.0,0.0,0.0,0.9,0.0,0.0,0.0,10.0,2.3636,0.0,0.0,0.90208375,Yerushalmi
TgO_Deuteronomy,26,5,0.0,0.0,0.0,0.6522,0.0,0.0,0.0,23.0,2.75,0.0,0.0,0.98297346,Yerushalmi
TgO_Deuteronomy,26,6,0.0,0.0,0.0,0.625,0.0,0.0,0.0,8.0,2.7778,0.0,0.0,0.6782497,Yerushalmi
TgO_Deuteronomy,26,7,0.0,0.0,0.0,0.6154,0.0,0.0,0.0,13.0,2.4286,0.0,0.0,0.91731286,Yerushalmi
TgO_Deuteronomy,26,8,0.0,0.0,0.0,0.5455,0.0,0.0,0.0,11.0,2.8333,0.0,0.0,0.85794103,Yerushalmi
TgO_Deuteronomy,26,9,0.0,0.0,0.0,0.6667,0.0,0.0,0.0,12.0,2.6154,0.0,0.0,0.8922812,Yerushalmi
TgO_Deuteronomy,26,10,0.0,0.0,0.0,0.6111,0.0,0.0,0.0,18.0,2.5263,0.0,0.0,0.98141086,Yerushalmi
TgO_Deuteronomy,26,11,0.0,0.0,0.0,0.6923,0.0,0.0,0.0,13.0,2.2857,0.0,0.0,0.92455935,Yerushalmi
TgO_Deuteronomy,26,12,0.0,0.0,0.0,0.7368,0.0,0.0,0.0,19.0,2.9,0.0,0.0,0.98256314,Yerushalmi
TgO_Deuteronomy,26,13,0.0,0.0,0.0,0.72,0.0,0.0,0.0,25.0,2.8077,0.0,0.0,0.9821009,Yerushalmi
TgO_Deuteronomy,26,14,0.0,0.0,0.0,0.8421,0.0,0.0,0.0,19.0,2.5,0.0,0.0,0.992026,Yerushalmi
TgO_Deuteronomy,26,15,0.0,0.0,0.0,0.6667,0.0,0.0,0.0,21.0,2.8636,0.0,0.0,0.9819824,Yerushalmi
TgO_Deuteronomy,26,16,0.0,0.0,0.0,0.7368,0.0,0.0,0.0,19.0,2.5,0.0,0.0,0.98836005,Yerushalmi
TgO_Deuteronomy,26,17,0.0,0.0,0.0,0.6667,0.0,0.0,0.0,18.0,2.6842,0.0,0.0,0.98084277,Yerushalmi
TgO_Deuteronomy,26,18,0.0,0.0,0.0,0.7143,0.0,0.0,0.0,14.0,3.1333,0.0,0.0,0.95121104,Yerushalmi
TgO_Deuteronomy,26,19,0.0,0.0,0.0,0.7647,0.0,0.0,0.0,17.0,2.7778,0.0,0.0,0.9802651,Yerushalmi
TgO_Deuteronomy,27,1,0.0,0.0,0.0,0.625,0.0,0.0,0.0,16.0,3.0588,0.0,0.0,0.9657471,Yerushalmi
TgO_Deuteronomy,27,2,0.0,0.0,0.0,0.6471,0.0,0.0,0.0,17.0,2.4444,0.0,0.0,0.9792185,Yerushalmi
TgO_Deuteronomy,27,3,0.0,0.0,0.0,0.76,0.0,0.0,0.0,25.0,2.9231,0.0,0.0,0.9814313,Yerushalmi
TgO_Deuteronomy,27,4,0.0,0.0,0.0,0.5556,0.0,0.0,0.0,18.0,2.8947,0.0,0.0,0.9751983,Yerushalmi
TgO_Deuteronomy,27,5,0.0,0.0,0.0,0.9167,0.0,0.0,0.0,12.0,2.7692,0.0,0.0,0.9539356,Yerushalmi
TgO_Deuteronomy,27,6,0.0,0.0,0.0,0.8462,0.0,0.0,0.0,13.0,2.6429,0.0,0.0,0.9529439,Yerushalmi
TgO_Deuteronomy,27,7,0.0,0.0,0.0,0.7778,0.0,0.0,0.0,9.0,2.6,0.0,0.0,0.79112285,Yerushalmi
TgO_Deuteronomy,27,8,0.0,0.0,0.0,1.0,0.0,0.0,0.0,10.0,2.7273,0.0,0.0,0.9513331,Yerushalmi
TgO_Deuteronomy,27,9,0.0,0.0,0.0,0.6667,0.0,0.0,0.0,18.0,3.0526,0.0,0.0,0.97505844,Yerushalmi
TgO_Deuteronomy,27,10,0.0,0.0,0.0,0.7143,0.0,0.0,0.0,14.0,2.9333,0.0,0.0,0.95100105,Yerushalmi
TgO_Deuteronomy,27,11,0.0,0.0,0.0,0.8571,0.0,0.0,0.0,7.0,2.5,0.0,0.0,0.7466897,Yerushalmi
TgO_Deuteronomy,27,12,0.0,0.0,0.0,0.5882,0.0,0.0,0.0,17.0,3.0,0.0,0.0,0.97080064,Yerushalmi
TgO_Deuteronomy,27,13,0.0,0.0,0.0,0.4167,0.0,0.0,0.0,12.0,3.0,0.0,0.0,0.92026114,Yerushalmi
TgO_Deuteronomy,27,14,0.0,0.0,0.0,0.75,0.0,0.0,0.0,8.0,2.4444,0.0,0.0,0.7006843,Yerushalmi
TgO_Deuteronomy,27,15,0.0,0.0,0.0,0.8333,0.0,0.0,0.0,18.0,2.6316,0.0,0.0,0.9886262,Yerushalmi
TgO_Deuteronomy,27,16,0.0,0.0,0.0,0.875,0.0,0.0,0.0,8.0,2.2222,0.0,0.0,0.80484766,Yerushalmi
TgO_Deuteronomy,27,17,0.0,0.0,0.0,1.0,0.0,0.0,0.0,8.0,2.5556,0.0,0.0,0.91539276,Yerushalmi
TgO_Deuteronomy,27,18,0.0,0.0,0.0,1.0,0.0,0.0,0.0,8.0,2.4444,0.0,0.0,0.91344357,Yerushalmi
TgO_Deuteronomy,27,19,0.0,0.0,0.0,0.9,0.0,0.0,0.0,10.0,2.5455,0.0,0.0,0.9048351,Yerushalmi
TgO_Deuteronomy,27,20,0.0,0.0,0.0,0.8462,0.0,0.0,0.0,13.0,2.5,0.0,0.0,0.95293677,Yerushalmi
TgO_Deuteronomy,27,21,0.0,0.0,0.0,0.7778,0.0,0.0,0.0,9.0,2.4,0.0,0.0,0.7794367,Yerushalmi
TgO_Deuteronomy,27,22,0.0,0.0,0.0,0.7692,0.0,0.0,0.0,13.0,3.5,0.0,0.0,0.943282,Yerushalmi
TgO_Deuteronomy,27,23,0.0,0.0,0.0,0.875,0.0,0.0,0.0,8.0,3.1111,0.0,0.0,0.84429294,Yerushalmi
TgO_Deuteronomy,27,24,0.0,0.0,0.0,1.0,0.0,0.0,0.0,8.0,2.3333,0.0,0.0,0.9116889,Yerushalmi
TgO_Deuteronomy,27,25,0.0,0.0,0.0,1.0,0.0,0.0,0.0,11.0,2.5833,0.0,0.0,0.96217364,Yerushalmi
TgO_Deuteronomy,27,26,0.0,0.0,0.0,0.9231,0.0,0.0,0.0,13.0,2.6429,0.0,0.0,0.9675288,Yerushalmi
TgO_Deuteronomy,28,1,0.0,0.0,0.0,0.72,0.0,0.0,0.0,25.0,2.7692,0.0,0.0,0.9831128,Yerushalmi
TgO_Deuteronomy,28,2,0.0,0.0,0.0,0.9091,0.0,0.0,0.0,11.0,2.6667,0.0,0.0,0.93383014,Yerushalmi
TgO_Deuteronomy,28,3,0.0,0.0,0.0,0.6667,0.0,0.0,0.0,6.0,2.2857,0.0,0.0,0.49042806,Bavli
TgO_Deuteronomy,28,4,0.0,0.0,0.0,0.8182,0.0,0.0,0.0,11.0,2.6667,0.0,0.0,0.89849174,Yerushalmi
TgO_Deuteronomy,28,5,0.0,0.0,0.0,0.5,0.0,0.0,0.0,3.0,2.0,0.0,0.0,0.31692523,Bavli
TgO_Deuteronomy,28,6,0.0,0.0,0.0,0.6667,0.0,0.0,0.0,6.0,2.2857,0.0,0.0,0.49042806,Bavli
TgO_Deuteronomy,28,7,0.0,0.0,0.0,1.0,0.0,0.0,0.0,16.0,3.0588,0.0,0.0,0.9900103,Yerushalmi
TgO_Deuteronomy,28,8,0.0,0.0,0.0,0.6667,0.0,0.0,0.0,15.0,2.9375,0.0,0.0,0.9600436,Yerushalmi
TgO_Deuteronomy,28,9,0.0,0.0,0.0,0.7778,0.0,0.0,0.0,18.0,2.8947,0.0,0.0,0.9826124,Yerushalmi
TgO_Deuteronomy,28,10,0.0,0.0,0.0,0.9091,0.0,0.0,0.0,11.0,2.1667,0.0,0.0,0.9314313,Yerushalmi
TgO_Deuteronomy,28,11,0.0,0.0,0.0,0.6875,0.0,0.0,0.0,16.0,2.6471,0.0,0.0,0.9720431,Yerushalmi
TgO_Deuteronomy,28,12,0.0,0.0,0.0,0.7826,0.0,0.0,0.0,23.0,2.5,0.0,0.0,0.99210596,Yerushalmi
TgO_Deuteronomy,28,13,0.0,0.0,0.0,0.6957,0.0,0.0,0.0,23.0,3.0417,0.0,0.0,0.9773772,Yerushalmi
TgO_Deuteronomy,28,14,0.0,0.0,0.0,0.875,0.0,0.0,0.0,16.0,2.8235,0.0,0.0,0.98282254,Yerushalmi
TgO_Deuteronomy,28,15,0.0,0.0,0.0,0.75,0.0,0.0,0.0,24.0,2.72,0.0,0.0,0.9869393,Yerushalmi
TgO_Deuteronomy,28,16,0.0,0.0,0.0,0.6667,0.0,0.0,0.0,6.0,2.1429,0.0,0.0,0.47832653,Bavli
TgO_Deuteronomy,28,17,0.0,0.0,0.0,0.5,0.0,0.0,0.0,3.0,1.75,0.0,0.0,0.30329084,Bavli
TgO_Deuteronomy,28,18,0.0,0.0,0.0,0.8889,0.0,0.0,0.0,9.0,2.5,0.0,0.0,0.86600816,Yerushalmi
TgO_Deuteronomy,28,19,0.0,0.0,0.0,0.6667,0.0,0.0,0.0,6.0,2.1429,0.0,0.0,0.47832653,Bavli
TgO_Deuteronomy,28,20,0.0,0.0,0.0,0.8696,0.0,0.0,0.0,23.0,3.4583,0.0,0.0,0.9785707,Yerushalmi
TgO_Deuteronomy,28,21,0.0,0.0,0.0,0.9286,0.0,0.0,0.0,14.0,2.6,0.0,0.0,0.9776493,Yerushalmi
TgO_Deuteronomy,28,22,0.0,0.0,0.0,0.5,0.0,0.0,0.0,12.0,2.0769,0.0,0.0,0.865499,Yerushalmi
TgO_Deuteronomy,28,23,0.0,0.0,0.0,0.7857,0.0,0.0,0.0,14.0,2.8,0.0,0.0,0.9583237,Yerushalmi
TgO_Deuteronomy,28,24,0.0,0.0,0.0,1.0,0.0,0.0,0.0,13.0,2.5714,0.0,0.0,0.9795857,Yerushalmi
TgO_Deuteronomy,28,25,0.0,0.0,0.0,0.9444,0.0,0.0,0.0,18.0,2.9474,0.0,0.0,0.9908974,Yerushalmi
TgO_Deuteronomy,28,26,0.0,0.0,0.0,0.8182,0.0,0.0,0.0,11.0,2.75,0.0,0.0,0.9006388,Yerushalmi
TgO_Deuteronomy,28,27,0.0,0.0,0.0,0.7273,0.0,0.0,0.0,11.0,3.0,0.0,0.0,0.8818715,Yerushalmi
TgO_Deuteronomy,28,28,0.0,0.0,0.0,0.8333,0.0,0.0,0.0,6.0,2.0,0.0,0.0,0.6325,Yerushalmi
TgO_Deuteronomy,28,29,0.0,0.0,0.0,0.6316,0.0,0.0,0.0,19.0,3.05,0.0,0.0,0.9758367,Yerushalmi
TgO_Deuteronomy,28,30,0.0,0.0,0.0,0.8571,0.0,0.0,0.0,14.0,2.6667,0.0,0.0,0.9680709,Yerushalmi
TgO_Deuteronomy,28,31,0.0,0.0,0.0,0.75,0.0,0.0,0.0,20.0,3.0476,0.0,0.0,0.981597,Yerushalmi
TgO_Deuteronomy,28,32,0.0,0.0,0.0,0.7143,0.0,0.0,0.0,14.0,2.8667,0.0,0.0,0.95089024,Yerushalmi
TgO_Deuteronomy,28,33,0.0,0.0,0.0,0.7857,0.0,0.0,0.0,14.0,2.9333,0.0,0.0,0.95814,Yerushalmi
TgO_Deuteronomy,28,34,0.0,0.0,0.0,1.0,0.0,0.0,0.0,6.0,2.2857,0.0,0.0,0.85368323,Yerushalmi
TgO_Deuteronomy,28,35,0.0,0.0,0.0,0.9333,0.0,0.0,0.0,15.0,2.625,0.0,0.0,0.98424643,Yerushalmi
TgO_Deuteronomy,28,36,0.0,0.0,0.0,0.7895,0.0,0.0,0.0,19.0,2.35,0.0,0.0,0.9917465,Yerushalmi
TgO_Deuteronomy,28,37,0.0,0.0,0.0,0.8889,0.0,0.0,0.0,9.0,2.3,0.0,0.0,0.86117077,Yerushalmi
TgO_Deuteronomy,28,38,0.0,0.0,0.0,1.0,0.0,0.0,0.0,9.0,2.9,0.0,0.0,0.9390935,Yerushalmi
TgO_Deuteronomy,28,39,0.0,0.0,0.0,0.8182,0.0,0.0,0.0,11.0,2.5833,0.0,0.0,0.8965268,Yerushalmi
TgO_Deuteronomy,28,40,0.0,0.0,0.0,0.8182,0.0,0.0,0.0,11.0,2.5833,0.0,0.0,0.8965268,Yerushalmi
TgO_Deuteronomy,28,41,0.0,0.0,0.0,0.7778,0.0,0.0,0.0,9.0,2.3,0.0,0.0,0.7749181,Yerushalmi
TgO_Deuteronomy,28,42,0.0,0.0,0.0,1.0,0.0,0.0,0.0,6.0,2.4286,0.0,0.0,0.85711557,Yerushalmi
TgO_Deuteronomy,28,43,0.0,0.0,0.0,0.6667,0.0,0.0,0.0,15.0,3.75,0.0,0.0,0.95133764,Yerushalmi
TgO_Deuteronomy,28,44,0.0,0.0,0.0,0.6364,0.0,0.0,0.0,11.0,2.5833,0.0,0.0,0.8427974,Yerushalmi
TgO_Deuteronomy,28,45,0.0,0.0,0.0,0.8421,0.0,0.0,0.0,19.0,2.65,0.0,0.0,0.9905373,Yerushalmi
TgO_Deuteronomy,28,46,0.0,0.0,0.0,0.7143,0.0,0.0,0.0,7.0,1.875,0.0,0.0,0.57381356,Yerushalmi
TgO_Deuteronomy,28,47,0.0,0.0,0.0,1.0,0.0,0.0,0.0,11.0,2.3333,0.0,0.0,0.9614604,Yerushalmi
TgO_Deuteronomy,28,48,0.0,0.0,0.0,0.6842,0.0,0.0,0.0,19.0,2.5,0.0,0.0,0.98660654,Yerushalmi
TgO_Deuteronomy,28,49,0.0,0.0,0.0,0.9286,0.0,0.0,0.0,14.0,2.9333,0.0,0.0,0.97655797,Yerushalmi
TgO_Deuteronomy,28,50,0.0,0.0,0.0,0.8182,0.0,0.0,0.0,11.0,2.5833,0.0,0.0,0.8965268,Yerushalmi
TgO_Deuteronomy,28,51,0.0,0.0,0.0,0.75,0.0,0.0,0.0,20.0,2.5714,0.0,0.0,0.98928,Yerushalmi
TgO_Deuteronomy,28,52,0.0,0.0,0.0,0.56,0.0,0.0,0.0,25.0,2.6538,0.0,0.0,0.9789657,Yerushalmi
TgO_Deuteronomy,28,53,0.0,0.0,0.0,0.7333,0.0,0.0,0.0,15.0,2.5625,0.0,0.0,0.9665584,Yerushalmi
TgO_Deuteronomy,28,54,0.0,0.0,0.0,0.7692,0.0,0.0,0.0,13.0,2.5,0.0,0.0,0.9379091,Yerushalmi
TgO_Deuteronomy,28,55,0.0,0.0,0.0,0.6471,0.0,0.0,0.0,17.0,2.3889,0.0,0.0,0.97992426,Yerushalmi
TgO_Deuteronomy,28,56,0.0,0.0,0.0,0.7778,0.0,0.0,0.0,18.0,2.6316,0.0,0.0,0.98611814,Yerushalmi
TgO_Deuteronomy,28,57,0.0,0.0,0.0,0.6471,0.0,0.0,0.0,17.0,2.2778,0.0,0.0,0.9813195,Yerushalmi
TgO_Deuteronomy,28,58,0.0,0.0,0.0,0.8571,0.0,0.0,0.0,21.0,2.6364,0.0,0.0,0.992761,Yerushalmi
TgO_Deuteronomy,28,59,0.0,0.0,0.0,0.5385,0.0,0.0,0.0,13.0,2.2143,0.0,0.0,0.91118145,Yerushalmi
TgO_Deuteronomy,28,60,0.0,0.0,0.0,0.7,0.0,0.0,0.0,10.0,3.0909,0.0,0.0,0.84112144,Yerushalmi
TgO_Deuteronomy,28,61,0.0,0.0,0.0,1.0,0.0,0.0,0.0,15.0,2.5625,0.0,0.0,0.9895077,Yerushalmi
TgO_Deuteronomy,28,62,0.0,0.0,0.0,1.0,0.0,0.0,0.0,14.0,2.8667,0.0,0.0,0.9846346,Yerushalmi
TgO_Deuteronomy,28,63,0.0,0.0,0.0,0.625,0.0,0.0,0.0,24.0,2.56,0.0,0.0,0.9852299,Yerushalmi
TgO_Deuteronomy,28,64,0.0,0.0,0.0,0.7,0.0,0.0,0.0,20.0,2.3333,0.0,0.0,0.99066615,Yerushalmi
TgO_Deuteronomy,28,65,0.0,0.0,0.0,0.7895,0.0,0.0,0.0,19.0,3.15,0.0,0.0,0.9810189,Yerushalmi
TgO_Deuteronomy,28,66,0.0,0.0,0.0,0.5833,0.0,0.0,0.0,12.0,2.5385,0.0,0.0,0.88237476,Yerushalmi
TgO_Deuteronomy,28,67,0.0,0.0,0.0,0.7222,0.0,0.0,0.0,18.0,2.5789,0.0,0.0,0.98442537,Yerushalmi
TgO_Deuteronomy,28,68,0.0,0.0,0.0,0.6667,0.0,0.0,0.0,18.0,3.0,0.0,0.0,0.9759381,Yerushalmi
TgO_Deuteronomy,28,69,0.0,0.0,0.0,0.6111,0.0,0.0,0.0,18.0,3.2105,0.0,0.0,0.97083277,Yerushalmi
TgO_Deuteronomy,29,1,0.0,0.0,0.0,0.55,0.0,0.0,0.0,20.0,3.1429,0.0,0.0,0.97279257,Yerushalmi
TgO_Deuteronomy,29,2,0.0,0.0,0.0,0.875,0.0,0.0,0.0,8.0,2.2222,0.0,0.0,0.80484766,Yerushalmi
TgO_Deuteronomy,29,3,0.0,0.0,0.0,0.7692,0.0,0.0,0.0,13.0,2.6429,0.0,0.0,0.9385465,Yerushalmi
TgO_Deuteronomy,29,4,0.0,0.0,0.0,0.8571,0.0,0.0,0.0,14.0,2.5333,0.0,0.0,0.968719,Yerushalmi
TgO_Deuteronomy,29,5,0.0,0.0,0.0,0.8571,0.0,0.0,0.0,14.0,2.6667,0.0,0.0,0.9680709,Yerushalmi
TgO_Deuteronomy,29,6,0.0,0.0,0.0,0.5,0.0,0.0,0.0,14.0,3.7333,0.0,0.0,0.94922894,Yerushalmi
TgO_Deuteronomy,29,7,0.0,0.0,0.0,0.4167,0.0,0.0,0.0,12.0,3.3077,0.0,0.0,0.931862,Yerushalmi
TgO_Deuteronomy,29,8,0.0,0.0,0.0,0.75,0.0,0.0,0.0,12.0,2.4615,0.0,0.0,0.90518856,Yerushalmi
TgO_Deuteronomy,29,9,0.0,0.0,0.0,0.8,0.0,0.0,0.0,15.0,3.0625,0.0,0.0,0.96861255,Yerushalmi
TgO_Deuteronomy,29,10,0.0,0.0,0.0,1.0,0.0,0.0,0.0,10.0,2.6364,0.0,0.0,0.95049316,Yerushalmi
TgO_Deuteronomy,29,11,0.0,0.0,0.0,0.7273,0.0,0.0,0.0,11.0,2.8333,0.0,0.0,0.8744153,Yerushalmi
TgO_Deuteronomy,29,12,0.0,0.0,0.0,0.6,0.0,0.0,0.0,20.0,3.2857,0.0,0.0,0.97008944,Yerushalmi
TgO_Deuteronomy,29,13,0.0,0.0,0.0,0.9091,0.0,0.0,0.0,11.0,2.8333,0.0,0.0,0.9359795,Yerushalmi
TgO_Deuteronomy,29,14,0.0,0.0,0.0,0.6842,0.0,0.0,0.0,19.0,2.9,0.0,0.0,0.98037785,Yerushalmi
TgO_Deuteronomy,29,15,0.0,0.0,0.0,0.8333,0.0,0.0,0.0,12.0,2.8462,0.0,0.0,0.9327764,Yerushalmi
TgO_Deuteronomy,29,16,0.0,0.0,0.0,0.7,0.0,0.0,0.0,10.0,2.1818,0.0,0.0,0.78511876,Yerushalmi
TgO_Deuteronomy,29,17,0.0,0.0,0.0,0.7333,0.0,0.0,0.0,30.0,2.9032,0.0,0.0,0.9633128,Yerushalmi
TgO_Deuteronomy,29,18,0.0,0.0,0.0,0.7917,0.0,0.0,0.0,24.0,2.84,0.0,0.0,0.9865716,Yerushalmi
TgO_Deuteronomy,29,19,0.0,0.0,0.0,0.7308,0.0,0.0,0.0,26.0,2.8148,0.0,0.0,0.9806611,Yerushalmi
TgO_Deuteronomy,29,20,0.0,0.0,0.0,0.9231,0.0,0.0,0.0,13.0,3.0,0.0,0.0,0.96778023,Yerushalmi
TgO_Deuteronomy,29,21,0.0,0.0,0.0,0.85,0.0,0.0,0.0,20.0,3.0,0.0,0.0,0.98756623,Yerushalmi
TgO_Deuteronomy,29,22,0.0,0.0,0.0,0.625,0.0,0.0,0.0,24.0,2.76,0.0,0.0,0.9803191,Yerushalmi
TgO_Deuteronomy,29,23,0.0,0.0,0.0,1.0,0.0,0.0,0.0,14.0,2.8,0.0,0.0,0.98477334,Yerushalmi
TgO_Deuteronomy,29,24,0.0,0.0,0.0,0.8571,0.0,0.0,0.0,14.0,2.8667,0.0,0.0,0.96739733,Yerushalmi
TgO_Deuteronomy,29,25,0.0,0.0,0.0,0.5833,0.0,0.0,0.0,12.0,3.6154,0.0,0.0,0.9189074,Yerushalmi
TgO_Deuteronomy,29,26,0.0,0.0,0.0,0.9231,0.0,0.0,0.0,13.0,2.5,0.0,0.0,0.9677508,Yerushalmi
TgO_Deuteronomy,29,27,0.0,0.0,0.0,0.6923,0.0,0.0,0.0,13.0,2.4286,0.0,0.0,0.9251591,Yerushalmi
TgO_Deuteronomy,29,28,0.0,0.0,0.0,0.8667,0.0,0.0,0.0,15.0,2.8125,0.0,0.0,0.97687566,Yerushalmi
TgO_Deuteronomy,30,1,0.0,0.0,0.0,0.8947,0.0,0.0,0.0,19.0,2.6,0.0,0.0,0.9929291,Yerushalmi
TgO_Deuteronomy,30,2,0.0,0.0,0.0,0.7222,0.0,0.0,0.0,18.0,2.7368,0.0,0.0,0.9822347,Yerushalmi
TgO_Deuteronomy,30,3,0.0,0.0,0.0,0.6875,0.0,0.0,0.0,16.0,2.3529,0.0,0.0,0.97540724,Yerushalmi
TgO_Deuteronomy,30,4,0.0,0.0,0.0,1.0,0.0,0.0,0.0,11.0,2.5,0.0,0.0,0.96183795,Yerushalmi
TgO_Deuteronomy,30,5,0.0,0.0,0.0,0.6364,0.0,0.0,0.0,11.0,2.3333,0.0,0.0,0.8296412,Yerushalmi
TgO_Deuteronomy,30,6,0.0,0.0,0.0,0.6,0.0,0.0,0.0,20.0,2.5714,0.0,0.0,0.98478657,Yerushalmi
TgO_Deuteronomy,30,7,0.0,0.0,0.0,0.9167,0.0,0.0,0.0,12.0,2.6923,0.0,0.0,0.9535119,Yerushalmi
TgO_Deuteronomy,30,8,0.0,0.0,0.0,0.7143,0.0,0.0,0.0,14.0,2.8667,0.0,0.0,0.95089024,Yerushalmi
TgO_Deuteronomy,30,9,0.0,0.0,0.0,0.7391,0.0,0.0,0.0,23.0,2.7083,0.0,0.0,0.9873998,Yerushalmi
TgO_Deuteronomy,30,10,0.0,0.0,0.0,0.7619,0.0,0.0,0.0,21.0,2.8636,0.0,0.0,0.9859492,Yerushalmi
TgO_Deuteronomy,30,11,0.0,0.0,0.0,0.8,0.0,0.0,0.0,15.0,3.0625,0.0,0.0,0.96861255,Yerushalmi
TgO_Deuteronomy,30,12,0.0,0.0,0.0,0.8462,0.0,0.0,0.0,13.0,2.7857,0.0,0.0,0.95328254,Yerushalmi
TgO_Deuteronomy,30,13,0.0,0.0,0.0,0.6,0.0,0.0,0.0,15.0,2.625,0.0,0.0,0.9589236,Yerushalmi
TgO_Deuteronomy,30,14,0.0,0.0,0.0,0.875,0.0,0.0,0.0,8.0,2.7778,0.0,0.0,0.8284565,Yerushalmi
TgO_Deuteronomy,30,15,0.0,0.0,0.0,0.7692,0.0,0.0,0.0,13.0,2.8571,0.0,0.0,0.9401855,Yerushalmi
TgO_Deuteronomy,30,16,0.0,0.0,0.0,0.6296,0.0,0.0,0.0,27.0,2.7143,0.0,0.0,0.97471374,Yerushalmi
TgO_Deuteronomy,30,17,0.0,0.0,0.0,0.7,0.0,0.0,0.0,10.0,2.1818,0.0,0.0,0.78511876,Yerushalmi
TgO_Deuteronomy,30,18,0.0,0.0,0.0,0.8421,0.0,0.0,0.0,19.0,3.05,0.0,0.0,0.9856133,Yerushalmi
TgO_Deuteronomy,30,19,0.0,0.0,0.0,0.7,0.0,0.0,0.0,20.0,2.8095,0.0,0.0,0.98381287,Yerushalmi
TgO_Deuteronomy,30,20,0.0,0.0,0.0,0.7917,0.0,0.0,0.0,24.0,3.52,0.0,0.0,0.96627706,Yerushalmi
TgO_Deuteronomy,31,1,0.0,0.0,0.0,0.6667,0.0,0.0,0.0,9.0,3.2,0.0,0.0,0.79502916,Yerushalmi
TgO_Deuteronomy,31,2,0.0,0.0,0.0,0.6957,0.0,0.0,0.0,23.0,2.875,0.0,0.0,0.9818718,Yerushalmi
TgO_Deuteronomy,31,3,0.0,0.0,0.0,0.6842,0.0,0.0,0.0,19.0,3.45,0.0,0.0,0.968952,Yerushalmi
TgO_Deuteronomy,31,4,0.0,0.0,0.0,0.6667,0.0,0.0,0.0,12.0,3.6154,0.0,0.0,0.9177438,Yerushalmi
TgO_Deuteronomy,31,5,0.0,0.0,0.0,0.7778,0.0,0.0,0.0,9.0,2.9,0.0,0.0,0.81176597,Yerushalmi
TgO_Deuteronomy,31,6,0.0,0.0,0.0,0.8235,0.0,0.0,0.0,17.0,2.8333,0.0,0.0,0.98304814,Yerushalmi
TgO_Deuteronomy,31,7,0.0,0.0,0.0,0.6,0.0,0.0,0.0,25.0,3.3462,0.0,0.0,0.95081925,Yerushalmi
TgO_Deuteronomy,31,8,0.0,0.0,0.0,0.8,0.0,0.0,0.0,15.0,2.5,0.0,0.0,0.9729429,Yerushalmi
TgO_Deuteronomy,31,9,0.0,0.0,0.0,0.6471,0.0,0.0,0.0,17.0,3.0,0.0,0.0,0.9719918,Yerushalmi
TgO_Deuteronomy,31,10,0.0,0.0,0.0,0.8333,0.0,0.0,0.0,12.0,2.9231,0.0,0.0,0.933834,Yerushalmi
TgO_Deuteronomy,31,11,0.0,0.0,0.0,0.7059,0.0,0.0,0.0,17.0,3.1667,0.0,0.0,0.97182,Yerushalmi
TgO_Deuteronomy,31,12,0.0,0.0,0.0,0.7391,0.0,0.0,0.0,23.0,2.5833,0.0,0.0,0.98951375,Yerushalmi
TgO_Deuteronomy,31,13,0.0,0.0,0.0,0.8571,0.0,0.0,0.0,21.0,3.1818,0.0,0.0,0.98532075,Yerushalmi
TgO_Deuteronomy,31,14,0.0,0.0,0.0,0.5,0.0,0.0,0.0,20.0,2.9524,0.0,0.0,0.97656155,Yerushalmi
TgO_Deuteronomy,31,15,0.0,0.0,0.0,0.7273,0.0,0.0,0.0,11.0,2.5,0.0,0.0,0.86028135,Yerushalmi
TgO_Deuteronomy,31,16,0.0,0.0,0.0,0.7407,0.0,0.0,0.0,27.0,2.6786,0.0,0.0,0.98311806,Yerushalmi
TgO_Deuteronomy,31,17,0.0,0.0,0.0,0.5556,0.0,0.0,0.0,27.0,2.7143,0.0,0.0,0.97035354,Yerushalmi
TgO_Deuteronomy,31,18,0.0,0.0,0.0,0.9375,0.0,0.0,0.0,16.0,2.7059,0.0,0.0,0.9880919,Yerushalmi
TgO_Deuteronomy,31,19,0.0,0.0,0.0,0.6316,0.0,0.0,0.0,19.0,3.6,0.0,0.0,0.9631056,Yerushalmi
TgO_Deuteronomy,31,20,0.0,0.0,0.0,0.6818,0.0,0.0,0.0,22.0,2.9565,0.0,0.0,0.980123,Yerushalmi
TgO_Deuteronomy,31,21,0.0,0.0,0.0,0.7931,0.0,0.0,0.0,29.0,2.9667,0.0,0.0,0.97212404,Yerushalmi
TgO_Deuteronomy,31,22,0.0,0.0,0.0,0.6364,0.0,0.0,0.0,11.0,3.25,0.0,0.0,0.88215035,Yerushalmi
TgO_Deuteronomy,31,23,0.0,0.0,0.0,0.55,0.0,0.0,0.0,20.0,2.9524,0.0,0.0,0.97689456,Yerushalmi
TgO_Deuteronomy,31,24,0.0,0.0,0.0,0.9231,0.0,0.0,0.0,13.0,2.8571,0.0,0.0,0.96759915,Yerushalmi
TgO_Deuteronomy,31,25,0.0,0.0,0.0,0.8889,0.0,0.0,0.0,9.0,2.9,0.0,0.0,0.87952256,Yerushalmi
TgO_Deuteronomy,31,26,0.0,0.0,0.0,0.875,0.0,0.0,0.0,16.0,2.7059,0.0,0.0,0.98383915,Yerushalmi
TgO_Deuteronomy,31,27,0.0,0.0,0.0,0.8636,0.0,0.0,0.0,22.0,2.8261,0.0,0.0,0.990979,Yerushalmi
TgO_Deuteronomy,31,28,0.0,0.0,0.0,0.7222,0.0,0.0,0.0,18.0,2.4737,0.0,0.0,0.9857915,Yerushalmi
TgO_Deuteronomy,31,29,0.0,0.0,0.0,0.7143,0.0,0.0,0.0,28.0,2.6897,0.0,0.0,0.97860426,Yerushalmi
TgO_Deuteronomy,31,30,0.0,0.0,0.0,0.8333,0.0,0.0,0.0,12.0,3.1538,0.0,0.0,0.9368215,Yerushalmi
TgO_Deuteronomy,32,1,0.0,0.0,0.0,0.8571,0.0,0.0,0.0,7.0,2.625,0.0,0.0,0.7549598,Yerushalmi
TgO_Deuteronomy,32,2,0.0,0.0,0.0,0.8,0.0,0.0,0.0,15.0,2.75,0.0,0.0,0.97085124,Yerushalmi
TgO_Deuteronomy,32,3,0.0,0.0,0.0,1.0,0.0,0.0,0.0,9.0,2.6,0.0,0.0,0.9351234,Yerushalmi
TgO_Deuteronomy,32,4,0.0,0.0,0.0,0.9412,0.0,0.0,0.0,17.0,3.3333,0.0,0.0,0.9860083,Yerushalmi
TgO_Deuteronomy,32,5,0.0,0.0,0.0,0.8182,0.0,0.0,0.0,11.0,2.8333,0.0,0.0,0.90289456,Yerushalmi
TgO_Deuteronomy,32,6,0.0,0.0,0.0,0.8947,0.0,0.0,0.0,19.0,2.8,0.0,0.0,0.9911378,Yerushalmi
TgO_Deuteronomy,32,7,0.0,0.0,0.0,0.7333,0.0,0.0,0.0,15.0,2.375,0.0,0.0,0.96830124,Yerushalmi
TgO_Deuteronomy,32,8,0.0,0.0,0.0,0.7273,0.0,0.0,0.0,11.0,3.4167,0.0,0.0,0.89610004,Yerushalmi
TgO_Deuteronomy,32,9,0.0,0.0,0.0,0.8571,0.0,0.0,0.0,7.0,3.375,0.0,0.0,0.80107063,Yerushalmi
TgO_Deuteronomy,32,10,0.0,0.0,0.0,1.0,0.0,0.0,0.0,18.0,3.4737,0.0,0.0,0.98973083,Yerushalmi
TgO_Deuteronomy,32,11,0.0,0.0,0.0,0.9231,0.0,0.0,0.0,13.0,2.5714,0.0,0.0,0.96760696,Yerushalmi
TgO_Deuteronomy,32,12,0.0,0.0,0.0,0.9231,0.0,0.0,0.0,13.0,3.1429,0.0,0.0,0.96793735,Yerushalmi
TgO_Deuteronomy,32,13,0.0,0.0,0.0,0.8125,0.0,0.0,0.0,16.0,3.0588,0.0,0.0,0.97569495,Yerushalmi
TgO_Deuteronomy,32,14,0.0,0.0,0.0,0.65,0.0,0.0,0.0,20.0,2.7619,0.0,0.0,0.98292106,Yerushalmi
TgO_Deuteronomy,32,15,0.0,0.0,0.0,0.9333,0.0,0.0,0.0,15.0,3.25,0.0,0.0,0.9808894,Yerushalmi
TgO_Deuteronomy,32,16,0.0,0.0,0.0,0.7143,0.0,0.0,0.0,7.0,2.375,0.0,0.0,0.5988852,Yerushalmi
TgO_Deuteronomy,32,17,0.0,0.0,0.0,0.8667,0.0,0.0,0.0,15.0,2.6875,0.0,0.0,0.97774965,Yerushalmi
TgO_Deuteronomy,32,18,0.0,0.0,0.0,1.0,0.0,0.0,0.0,8.0,3.1111,0.0,0.0,0.92397296,Yerushalmi
TgO_Deuteronomy,32,19,0.0,0.0,0.0,0.6667,0.0,0.0,0.0,9.0,2.3,0.0,0.0,0.7088188,Yerushalmi
TgO_Deuteronomy,32,20,0.0,0.0,0.0,0.9412,0.0,0.0,0.0,17.0,2.7222,0.0,0.0,0.99078614,Yerushalmi
TgO_Deuteronomy,32,21,0.0,0.0,0.0,0.625,0.0,0.0,0.0,16.0,2.5882,0.0,0.0,0.9700416,Yerushalmi
TgO_Deuteronomy,32,22,0.0,0.0,0.0,0.8889,0.0,0.0,0.0,18.0,3.1053,0.0,0.0,0.9863263,Yerushalmi
TgO_Deuteronomy,32,23,0.0,0.0,0.0,1.0,0.0,0.0,0.0,6.0,2.5714,0.0,0.0,0.8607938,Yerushalmi
TgO_Deuteronomy,32,24,0.0,0.0,0.0,0.8235,0.0,0.0,0.0,17.0,2.5556,0.0,0.0,0.98611665,Yerushalmi
TgO_Deuteronomy,32,25,0.0,0.0,0.0,0.9231,0.0,0.0,0.0,13.0,2.7857,0.0,0.0,0.9675359,Yerushalmi
TgO_Deuteronomy,32,26,0.0,0.0,0.0,1.0,0.0,0.0,0.0,8.0,2.6667,0.0,0.0,0.9174113,Yerushalmi
TgO_Deuteronomy,32,27,0.0,0.0,0.0,0.9,0.0,0.0,0.0,20.0,3.1905,0.0,0.0,0.98761475,Yerushalmi
TgO_Deuteronomy,32,28,0.0,0.0,0.0,1.0,0.0,0.0,0.0,8.0,3.0,0.0,0.0,0.9227511,Yerushalmi
TgO_Deuteronomy,32,29,0.0,0.0,0.0,0.875,0.0,0.0,0.0,8.0,2.3333,0.0,0.0,0.8081155,Yerushalmi
TgO_Deuteronomy,32,30,0.0,0.0,0.0,0.9167,0.0,0.0,0.0,12.0,2.9231,0.0,0.0,0.95492274,Yerushalmi
TgO_Deuteronomy,32,31,0.0,0.0,0.0,1.0,0.0,0.0,0.0,7.0,2.375,0.0,0.0,0.88718,Yerushalmi
TgO_Deuteronomy,32,32,0.0,0.0,0.0,0.6667,0.0,0.0,0.0,15.0,3.375,0.0,0.0,0.95724887,Yerushalmi
TgO_Deuteronomy,32,33,0.0,0.0,0.0,1.0,0.0,0.0,0.0,9.0,3.0,0.0,0.0,0.94022983,Yerushalmi
TgO_Deuteronomy,32,34,0.0,0.0,0.0,1.0,0.0,0.0,0.0,9.0,2.6,0.0,0.0,0.9351234,Yerushalmi
TgO_Deuteronomy,32,35,0.0,0.0,0.0,0.8571,0.0,0.0,0.0,14.0,3.2,0.0,0.0,0.9664907,Yerushalmi
TgO_Deuteronomy,32,36,0.0,0.0,0.0,0.9,0.0,0.0,0.0,20.0,2.8095,0.0,0.0,0.99205834,Yerushalmi
TgO_Deuteronomy,32,37,0.0,0.0,0.0,1.0,0.0,0.0,0.0,7.0,2.5,0.0,0.0,0.8898935,Yerushalmi
TgO_Deuteronomy,32,38,0.0,0.0,0.0,0.9231,0.0,0.0,0.0,13.0,2.7143,0.0,0.0,0.96750855,Yerushalmi
TgO_Deuteronomy,32,39,0.0,0.0,0.0,0.6667,0.0,0.0,0.0,18.0,2.9474,0.0,0.0,0.9767978,Yerushalmi
TgO_Deuteronomy,32,40,0.0,0.0,0.0,1.0,0.0,0.0,0.0,9.0,2.6,0.0,0.0,0.9351234,Yerushalmi
TgO_Deuteronomy,32,41,0.0,0.0,0.0,0.8571,0.0,0.0,0.0,21.0,2.6818,0.0,0.0,0.99228996,Yerushalmi
TgO_Deuteronomy,32,42,0.0,0.0,0.0,0.7143,0.0,0.0,0.0,14.0,2.4,0.0,0.0,0.95128095,Yerushalmi
TgO_Deuteronomy,32,43,0.0,0.0,0.0,0.75,0.0,0.0,0.0,16.0,2.6471,0.0,0.0,0.97564054,Yerushalmi
TgO_Deuteronomy,32,44,0.0,0.0,0.0,0.7143,0.0,0.0,0.0,14.0,2.8,0.0,0.0,0.9507898,Yerushalmi
TgO_Deuteronomy,32,45,0.0,0.0,0.0,0.7,0.0,0.0,0.0,10.0,2.9091,0.0,0.0,0.8286201,Yerushalmi
TgO_Deuteronomy,32,46,0.0,0.0,0.0,0.7619,0.0,0.0,0.0,21.0,2.9545,0.0,0.0,0.9842863,Yerushalmi
TgO_Deuteronomy,32,47,0.0,0.0,0.0,0.9048,0.0,0.0,0.0,21.0,2.9091,0.0,0.0,0.9915832,Yerushalmi
TgO_Deuteronomy,32,48,0.0,0.0,0.0,0.875,0.0,0.0,0.0,8.0,2.7778,0.0,0.0,0.8284565,Yerushalmi
TgO_Deuteronomy,32,49,0.0,0.0,0.0,0.6316,0.0,0.0,0.0,19.0,3.95,0.0,0.0,0.9517106,Yerushalmi
TgO_Deuteronomy,32,50,0.0,0.0,0.0,0.6667,0.0,0.0,0.0,15.0,2.75,0.0,0.0,0.9609039,Yerushalmi
TgO_Deuteronomy,32,51,0.0,0.0,0.0,0.5556,0.0,0.0,0.0,18.0,3.5263,0.0,0.0,0.9643687,Yerushalmi
TgO_Deuteronomy,32,52,0.0,0.0,0.0,0.8462,0.0,0.0,0.0,13.0,2.7857,0.0,0.0,0.95328254,Yerushalmi
TgO_Deuteronomy,33,1,0.0,0.0,0.0,0.8182,0.0,0.0,0.0,11.0,2.9167,0.0,0.0,0.9051865,Yerushalmi
TgO_Deuteronomy,33,2,0.0,0.0,0.0,0.6667,0.0,0.0,0.0,24.0,3.2,0.0,0.0,0.96763605,Yerushalmi
TgO_Deuteronomy,33,3,0.0,0.0,0.0,0.8824,0.0,0.0,0.0,17.0,3.0,0.0,0.0,0.9850316,Yerushalmi
TgO_Deuteronomy,33,4,0.0,0.0,0.0,0.625,0.0,0.0,0.0,8.0,4.3333,0.0,0.0,0.7833617,Yerushalmi
TgO_Deuteronomy,33,5,0.0,0.0,0.0,0.7778,0.0,0.0,0.0,9.0,2.8,0.0,0.0,0.8047859,Yerushalmi
TgO_Deuteronomy,33,6,0.0,0.0,0.0,0.75,0.0,0.0,0.0,12.0,2.8462,0.0,0.0,0.9131392,Yerushalmi
TgO_Deuteronomy,33,7,0.0,0.0,0.0,0.6087,0.0,0.0,0.0,23.0,3.375,0.0,0.0,0.9604549,Yerushalmi
TgO_Deuteronomy,33,8,0.0,0.0,0.0,0.8421,0.0,0.0,0.0,19.0,2.85,0.0,0.0,0.9882494,Yerushalmi
TgO_Deuteronomy,33,9,0.0,0.0,0.0,0.7727,0.0,0.0,0.0,22.0,2.3913,0.0,0.0,0.99306536,Yerushalmi
TgO_Deuteronomy,33,10,0.0,0.0,0.0,0.8,0.0,0.0,0.0,15.0,3.5625,0.0,0.0,0.9637811,Yerushalmi
TgO_Deuteronomy,33,11,0.0,0.0,0.0,0.9231,0.0,0.0,0.0,13.0,2.5714,0.0,0.0,0.96760696,Yerushalmi
TgO_Deuteronomy,33,12,0.0,0.0,0.0,0.7333,0.0,0.0,0.0,15.0,3.6875,0.0,0.0,0.9559491,Yerushalmi
TgO_Deuteronomy,33,13,0.0,0.0,0.0,0.8333,0.0,0.0,0.0,18.0,3.3158,0.0,0.0,0.9797886,Yerushalmi
TgO_Deuteronomy,33,14,0.0,0.0,0.0,0.7,0.0,0.0,0.0,10.0,2.3636,0.0,0.0,0.7921738,Yerushalmi
TgO_Deuteronomy,33,15,0.0,0.0,0.0,0.8571,0.0,0.0,0.0,7.0,2.375,0.0,0.0,0.7393304,Yerushalmi
TgO_Deuteronomy,33,16,0.0,0.0,0.0,0.6842,0.0,0.0,0.0,19.0,3.1,0.0,0.0,0.9766503,Yerushalmi
TgO_Deuteronomy,33,17,0.0,0.0,0.0,0.7308,0.0,0.0,0.0,26.0,3.2963,0.0,0.0,0.9613512,Yerushalmi
TgO_Deuteronomy,33,18,0.0,0.0,0.0,0.7333,0.0,0.0,0.0,15.0,2.9375,0.0,0.0,0.9638957,Yerushalmi
TgO_Deuteronomy,33,19,0.0,0.0,0.0,0.8947,0.0,0.0,0.0,19.0,3.6,0.0,0.0,0.9806522,Yerushalmi
TgO_Deuteronomy,33,20,0.0,0.0,0.0,0.8182,0.0,0.0,0.0,11.0,2.8333,0.0,0.0,0.90289456,Yerushalmi
TgO_Deuteronomy,33,21,0.0,0.0,0.0,0.6957,0.0,0.0,0.0,23.0,3.25,0.0,0.0,0.9706901,Yerushalmi
TgO_Deuteronomy,33,22,0.0,0.0,0.0,0.7692,0.0,0.0,0.0,13.0,2.8571,0.0,0.0,0.9401855,Yerushalmi
TgO_Deuteronomy,33,23,0.0,0.0,0.0,0.7143,0.0,0.0,0.0,14.0,4.4,0.0,0.0,0.92297304,Yerushalmi
TgO_Deuteronomy,33,24,0.0,0.0,0.0,0.8333,0.0,0.0,0.0,12.0,2.6154,0.0,0.0,0.92996943,Yerushalmi
TgO_Deuteronomy,33,25,0.0,0.0,0.0,0.8333,0.0,0.0,0.0,6.0,2.7143,0.0,0.0,0.6784378,Yerushalmi
TgO_Deuteronomy,33,26,0.0,0.0,0.0,0.6923,0.0,0.0,0.0,13.0,3.2143,0.0,0.0,0.93523425,Yerushalmi
TgO_Deuteronomy,33,27,0.0,0.0,0.0,0.9091,0.0,0.0,0.0,11.0,3.6667,0.0,0.0,0.9422444,Yerushalmi
TgO_Deuteronomy,33,28,0.0,0.0,0.0,0.8333,0.0,0.0,0.0,18.0,3.4737,0.0,0.0,0.9771761,Yerushalmi
TgO_Deuteronomy,33,29,0.0,0.0,0.0,0.8182,0.0,0.0,0.0,22.0,3.3913,0.0,0.0,0.97744393,Yerushalmi
TgO_Deuteronomy,34,1,0.0,0.0,0.0,0.5789,0.0,0.0,0.0,19.0,3.55,0.0,0.0,0.96367157,Yerushalmi
TgO_Deuteronomy,34,2,0.0,0.0,0.0,0.4286,0.0,0.0,0.0,14.0,3.3333,0.0,0.0,0.95683223,Yerushalmi
TgO_Deuteronomy,34,3,0.0,0.0,0.0,0.7,0.0,0.0,0.0,10.0,3.4545,0.0,0.0,0.86003834,Yerushalmi
TgO_Deuteronomy,34,4,0.0,0.0,0.0,0.7059,0.0,0.0,0.0,17.0,2.7778,0.0,0.0,0.9772551,Yerushalmi
TgO_Deuteronomy,34,5,0.0,0.0,0.0,0.7,0.0,0.0,0.0,10.0,3.1818,0.0,0.0,0.8467451,Yerushalmi
TgO_Deuteronomy,34,6,0.0,0.0,0.0,0.6875,0.0,0.0,0.0,16.0,3.0588,0.0,0.0,0.967723,Yerushalmi
TgO_Deuteronomy,34,7,0.0,0.0,0.0,0.8667,0.0,0.0,0.0,15.0,2.5,0.0,0.0,0.9791911,Yerushalmi
TgO_Deuteronomy,34,8,0.0,0.0,0.0,0.5714,0.0,0.0,0.0,14.0,3.5333,0.0,0.0,0.9477925,Yerushalmi
TgO_Deuteronomy,34,9,0.0,0.0,0.0,0.6364,0.0,0.0,0.0,22.0,2.913,0.0,0.0,0.979301,Yerushalmi
TgO_Deuteronomy,34,10,0.0,0.0,0.0,0.8182,0.0,0.0,0.0,11.0,2.5833,0.0,0.0,0.8965268,Yerushalmi
TgO_Deuteronomy,34,11,0.0,0.0,0.0,0.6923,0.0,0.0,0.0,13.0,2.6429,0.0,0.0,0.92738307,Yerushalmi
TgO_Deuteronomy,34,12,0.0,0.0,0.0,0.7273,0.0,0.0,0.0,11.0,3.25,0.0,0.0,0.89147127,Yerushalmi
