masekhet,page,side,line,target,emphatic_ratio,absolute_ratio,function_words_ratio,lexical_diversity,verb_ratio,passive_voice_ratio,plural_ratio,line_length,avg_word_len,v_then_noun_ratio,v_then_prep_ratio
5330015,38,a,52,Yerushalmi,0.1667,0.0,0.4167,0.8333,0.0833,0.0,0.0,12.0,3.5,0.0,1.0
5330015,38,a,53,Yerushalmi,0.2143,0.0,0.4286,0.6429,0.0714,0.0,0.0,14.0,3.8571,0.0,1.0
5330015,38,a,54,Yerushalmi,0.0,0.0,0.0,0.0,0.0,0.0,0.0,5.0,4.4,0.0,0.0
5330015,38,a,55,Yerushalmi,0.0,0.0,0.5,1.0,0.75,0.0,0.0,4.0,3.75,0.0,0.3333
5330015,38,a,56,Yerushalmi,0.0,0.0,0.0,0.0,0.0,0.0,0.0,7.0,4.0,0.0,0.0
5330015,38,a,58,Yerushalmi,0.0,0.0,0.4545,0.9091,0.8182,0.0,0.0,11.0,3.0909,0.1111,0.0
5330015,38,a,59,Yerushalmi,0.0,0.0,0.5556,0.6667,0.7778,0.0,0.0,9.0,4.4444,0.1429,0.1429
5330015,38,b,03,Yerushalmi,0.0,0.0,0.0,0.8333,0.5,0.0,0.0,6.0,3.1667,0.3333,0.0
5330015,38,b,04,Yerushalmi,0.0,0.0,0.4615,0.7692,0.4615,0.0,0.0,13.0,3.2308,0.3333,0.3333
5330015,38,b,08,Yerushalmi,0.3333,0.0,0.6667,0.5,0.6667,0.0,0.0,3.0,4.0,0.0,0.0
5330015,38,b,09,Yerushalmi,0.0769,0.0769,0.4615,0.9231,0.5385,0.0,0.0,13.0,4.0769,0.0,0.1429
5330015,38,c,09,Yerushalmi,0.0,0.25,0.25,0.6875,0.5,0.0,0.0,16.0,3.5625,0.375,0.0
5330015,38,c,10,Yerushalmi,0.0,0.0,0.0769,0.3846,0.9231,0.0,0.0,13.0,3.5385,0.25,0.0
5330015,38,c,11,Yerushalmi,0.0,0.0,0.4286,0.7143,0.8571,0.0,0.0,14.0,3.3571,0.0833,0.25
5330015,38,c,12,Yerushalmi,0.0,0.0909,0.3636,0.3636,0.6364,0.0,0.0,11.0,3.8182,0.0,0.0
5330015,38,c,13,Yerushalmi,0.0,0.0,0.3077,0.3077,0.4615,0.0,0.0,13.0,4.0769,0.0,0.0
5330015,38,c,14,Yerushalmi,0.0,0.0833,0.25,0.3333,0.4167,0.0,0.0,12.0,4.1667,0.0,0.0
5330015,38,c,15,Yerushalmi,0.0,0.0,0.25,0.3333,0.5,0.0,0.0,12.0,3.8333,0.0,0.0
5330015,38,c,20,Yerushalmi,0.0,0.0,0.4,1.0,1.4,0.0,0.0,5.0,3.4,0.0,0.1429
5330015,38,c,21,Yerushalmi,0.0,0.1429,0.3571,0.5714,0.5,0.0,0.0,14.0,3.8571,0.1429,0.1429
5330015,38,c,22,Yerushalmi,0.0,0.0,0.0714,0.3571,0.6429,0.0,0.0,14.0,4.2143,0.0,0.0
5330015,38,c,23,Yerushalmi,0.0,0.0,0.4286,0.7143,0.7143,0.0,0.0,14.0,3.7143,0.1,0.0
5330015,38,c,24,Yerushalmi,0.0,0.0,0.3571,0.5714,0.5,0.0,0.0,14.0,4.2857,0.1429,0.0
5330015,38,c,25,Yerushalmi,0.0,0.0,1.0,0.75,0.75,0.0,0.0,4.0,3.75,0.0,0.0
5330015,38,c,34,Yerushalmi,0.2,0.0,0.3333,0.8667,0.8,0.0,0.0,15.0,3.8,0.25,0.0
5330015,38,c,35,Yerushalmi,0.4,0.2,0.4,1.0,0.4,0.0,0.3333,5.0,3.6,0.0,0.5
5330015,38,c,53,Yerushalmi,0.0,0.1667,0.1667,0.9167,0.5,0.0,0.0,12.0,3.75,0.0,0.0
5330015,38,c,61,Yerushalmi,0.0,0.0,0.5,0.8333,0.8333,0.0,0.0,12.0,4.0833,0.1,0.3
5330015,38,c,62,Yerushalmi,0.0,0.0,1.0,1.0,1.25,0.0,0.0,4.0,3.25,0.0,0.2
5330015,38,d,11,Yerushalmi,0.2857,0.4286,0.2857,0.8571,0.2857,0.0,0.2,7.0,4.4286,0.5,0.0
5330015,38,d,19,Yerushalmi,0.0,0.0833,0.1667,0.75,0.8333,0.0,0.0,12.0,3.4167,0.0,0.0
5330015,38,d,20,Yerushalmi,0.0,0.0,0.2,0.2,0.2,0.0,0.0,5.0,3.8,0.0,0.0
5330015,38,d,25,Yerushalmi,0.1667,0.1667,0.3333,1.0,0.3333,0.0,0.0,6.0,4.8333,0.5,0.0
5330015,38,d,26,Yerushalmi,0.5,0.0,0.5,0.5,1.0,0.0,0.0,2.0,4.5,0.0,0.0
5330015,38,d,48,Yerushalmi,0.1,0.0,0.7,0.8,0.7,0.0,1.0,10.0,3.4,0.0,0.5714
5330015,38,d,50,Yerushalmi,0.0,0.0,0.5,1.0,0.5,0.0,0.0,4.0,4.5,0.0,0.0
5330015,38,d,51,Yerushalmi,0.0,0.0,0.3333,0.6667,0.5556,0.0,0.0,9.0,3.7778,0.2,0.0
5330015,38,d,55,Yerushalmi,0.0,0.0,0.3333,0.6667,0.3333,0.0,0.0,6.0,4.6667,0.0,0.0
5330015,38,d,60,Yerushalmi,0.0,0.0833,0.1667,0.4167,0.3333,0.0,1.0,12.0,4.3333,0.25,0.0
5330015,38,d,61,Yerushalmi,0.0,0.0,0.0,0.5,0.0,0.0,0.0,2.0,5.0,0.0,0.0
5330015,38,d,64,Yerushalmi,0.125,0.0,0.375,0.75,1.0,0.0,0.0,8.0,3.375,0.25,0.125
5330015,39,a,07,Yerushalmi,0.0769,0.0769,0.3846,0.7692,0.6923,0.0,0.5,13.0,4.2308,0.3333,0.1111
5330015,39,a,08,Yerushalmi,0.0833,0.0,0.3333,0.6667,0.5,0.0,0.0,12.0,4.1667,0.3333,0.0
5330015,39,a,09,Yerushalmi,0.0,0.0,0.2222,0.6667,0.6667,0.0,0.0,9.0,4.6667,0.3333,0.0
5330015,39,a,19,Yerushalmi,0.0,0.0,0.0,0.5,1.6667,0.0,0.0,3.0,3.0,0.0,0.0
5330015,39,a,51,Yerushalmi,0.0,0.0,0.4,0.4,0.9,0.0,0.0,10.0,4.1,0.0,0.1111
5330015,39,a,52,Yerushalmi,0.0,0.0714,0.2143,0.5714,0.3571,0.0,0.0,14.0,3.5,0.0,0.0
5330015,39,a,53,Yerushalmi,0.0,0.2308,0.1538,0.3077,0.4615,0.0,0.0,13.0,3.9231,0.0,0.1667
5330015,39,a,54,Yerushalmi,0.0,0.0,0.1538,0.2308,0.3846,0.0,0.0,13.0,4.0,0.0,0.2
5330015,39,a,55,Yerushalmi,0.0,0.25,0.4167,0.3333,0.5,0.0,0.0,12.0,4.1667,0.0,0.0
5330015,39,a,56,Yerushalmi,0.0,0.5,0.0,0.5,0.5,0.0,0.0,2.0,4.0,0.0,0.0
5330015,39,b,12,Yerushalmi,0.0714,0.0,0.5,0.8571,1.0,0.0,1.0,14.0,4.0714,0.0714,0.1429
5330015,39,b,13,Yerushalmi,0.0,1.0,0.0,0.5,0.0,0.0,0.0,1.0,5.0,0.0,0.0
5330015,39,b,54,Yerushalmi,0.0,0.0,0.0,0.5,1.0,0.0,0.0,2.0,3.5,0.0,0.0
5330015,39,b,57,Yerushalmi,0.0,0.0,0.0,1.0,1.25,0.0,0.0,4.0,3.5,0.0,0.0
5330015,39,b,63,Yerushalmi,0.2,0.0,0.6,0.8,0.0,0.0,0.0,5.0,4.8,0.0,0.0
5330015,39,b,64,Yerushalmi,0.1111,0.0,0.3333,0.6667,0.0,0.0,0.0,9.0,4.0,0.0,0.0
5330015,39,c,11,Yerushalmi,0.0,0.0,0.5,1.0,1.0,0.0,0.0,4.0,2.75,0.0,0.25
5330015,39,c,28,Yerushalmi,0.1667,0.0,0.3333,0.8333,0.5,0.0,1.0,6.0,3.5,0.0,0.0
5330015,39,c,29,Yerushalmi,0.0,0.1429,0.2857,0.4286,0.5714,0.0,0.0,14.0,3.6429,0.0,0.375
5330015,39,c,30,Yerushalmi,0.0769,0.0,0.2308,0.6154,0.8462,0.0,1.0,13.0,3.8462,0.1818,0.0
5330015,39,c,31,Yerushalmi,0.0,0.0,0.1667,0.1667,0.0,0.0,0.0,6.0,4.1667,0.0,0.0
5330015,39,c,51,Yerushalmi,0.1667,0.3333,0.0,1.0,0.3333,0.0,0.0,6.0,3.6667,0.5,0.0
5330015,39,c,63,Yerushalmi,0.2,0.2,0.4,1.0,0.0,0.0,0.5,5.0,4.8,0.0,0.0
5330015,39,d,03,Yerushalmi,0.0,0.2,0.4,1.0,0.6,0.0,0.0,5.0,3.4,0.3333,0.3333
5330015,39,d,11,Yerushalmi,0.1429,0.1429,0.2857,0.8571,0.1429,0.0,0.5,7.0,4.2857,0.0,0.0
5330015,39,d,17,Yerushalmi,0.0769,0.1538,0.2308,0.6154,0.4615,0.0,0.0,13.0,4.1538,0.1667,0.1667
5330015,39,d,39,Yerushalmi,0.0,0.0,0.7143,0.8571,0.7143,0.0,0.0,7.0,3.1429,0.0,0.4
5330015,39,d,42,Yerushalmi,0.3333,0.0,0.6667,0.5,0.3333,0.0,0.0,3.0,3.3333,0.0,0.0
5330015,39,d,43,Yerushalmi,0.3333,0.3333,1.0,0.5,0.3333,0.0,1.0,3.0,5.6667,0.0,0.0
5330015,39,d,44,Yerushalmi,0.3333,0.1667,0.8333,1.0,0.3333,0.0,0.6667,6.0,4.5,0.0,0.0
5330015,39,d,55,Yerushalmi,0.0833,0.0833,0.5833,1.0,1.0,0.0,0.0,12.0,3.75,0.0,0.0
5330015,39,d,56,Yerushalmi,0.0,0.0,0.75,1.0,1.25,0.0,0.0,4.0,4.0,0.0,0.0
5330015,40,b,20,Yerushalmi,0.0,0.0,0.0,0.5,0.6667,0.0,0.0,6.0,3.8333,0.0,0.0
5330015,40,b,21,Yerushalmi,0.3333,0.0,0.0,0.5,1.3333,0.0,0.0,3.0,4.6667,0.0,0.0
5330015,40,b,22,Yerushalmi,0.0,0.0,0.7143,0.7143,0.8571,0.0,0.0,7.0,3.1429,0.0,0.0
5330015,40,b,23,Yerushalmi,0.0,0.0,0.25,1.0,1.25,0.0,0.0,4.0,4.5,0.2,0.2
5330015,40,b,24,Yerushalmi,0.0,0.0,0.25,1.0,0.5,0.0,0.0,4.0,3.5,0.0,0.5
5330015,40,b,25,Yerushalmi,0.3,0.0,0.2,0.8,0.4,0.0,0.3333,10.0,4.1,0.0,0.25
5330015,40,b,26,Yerushalmi,0.1429,0.0,0.4286,1.0,0.7143,0.0,0.0,7.0,4.5714,0.2,0.2
5330015,40,b,28,Yerushalmi,0.5,0.0,0.5,1.0,0.5,0.0,0.0,4.0,5.25,0.5,0.0
5330015,40,b,29,Yerushalmi,0.0,0.0,0.0,0.5,1.0,0.0,0.0,2.0,4.0,0.5,0.0
5330015,40,b,32,Yerushalmi,0.0,0.4286,0.4286,1.0,0.4286,0.0,0.3333,7.0,4.1429,0.3333,0.0
5330015,40,b,34,Yerushalmi,0.2,0.0,0.4,0.6,0.4,0.0,0.0,5.0,4.6,0.0,0.5
5330015,40,b,35,Yerushalmi,0.2222,0.1111,0.5556,1.0,0.6667,0.0,0.3333,9.0,4.2222,0.1667,0.0
5330015,40,b,36,Yerushalmi,0.0,0.25,0.6667,0.9167,0.75,0.0,0.6667,12.0,4.75,0.0,0.0
5330015,40,b,37,Yerushalmi,0.1538,0.0769,0.2308,0.8462,0.4615,0.0,0.0,13.0,4.0769,0.0,0.0
5330015,40,b,38,Yerushalmi,0.25,0.25,0.75,1.0,0.0,0.0,0.0,4.0,4.75,0.0,0.0
5330015,40,b,63,Yerushalmi,0.0,0.0,0.6667,0.5,1.3333,0.0,0.0,3.0,3.0,0.0,0.25
5330015,40,c,06,Yerushalmi,0.1429,0.0714,0.2143,0.7857,0.4286,0.0,0.0,14.0,3.6429,0.3333,0.0
5330015,40,c,07,Yerushalmi,0.2308,0.0,0.3846,0.4615,0.3846,0.0,0.0,13.0,3.9231,0.0,0.0
5330015,40,c,17,Yerushalmi,0.3333,0.0,0.6667,0.5,0.6667,0.0,0.0,3.0,5.0,0.0,0.0
5330015,40,c,25,Yerushalmi,0.1111,0.0,0.5556,0.7778,0.7778,0.0,1.0,9.0,4.1111,0.1429,0.1429
5330015,40,c,27,Yerushalmi,0.0,0.0,0.0,0.5,2.0,0.0,0.0,1.0,5.0,0.0,0.0
5330015,40,c,28,Yerushalmi,0.0,0.0,0.0,0.5,0.6667,0.0,0.0,3.0,3.0,0.5,0.0
5330015,40,c,29,Yerushalmi,0.0,0.0,0.0,1.0,1.5,0.0,0.0,4.0,3.0,0.0,0.0
5330015,40,c,30,Yerushalmi,0.0,0.0,0.2308,0.6154,0.3077,0.0,0.0,13.0,3.7692,0.25,0.0
5330015,40,c,31,Yerushalmi,0.0,0.0,0.0714,0.5,0.6429,0.0,0.0,14.0,3.4286,0.2222,0.0
5330015,40,c,32,Yerushalmi,0.1111,0.0,0.1111,0.3333,0.4444,0.0,1.0,9.0,3.7778,0.0,0.0
5330015,40,c,33,Yerushalmi,0.3333,0.0,0.3333,0.5,0.0,0.0,0.0,3.0,4.3333,0.0,0.0
5330015,40,c,37,Yerushalmi,0.0,0.0,0.0,0.5,1.3333,0.0,0.0,3.0,3.3333,0.0,0.0
5330015,40,c,38,Yerushalmi,0.0,0.0,0.2857,0.4286,0.1429,0.0,0.0,7.0,3.8571,0.0,1.0
5330015,40,c,46,Yerushalmi,0.0,0.0,0.6,0.8,0.4,0.0,0.0,5.0,4.0,0.0,0.0
5330015,40,c,47,Yerushalmi,0.0714,0.0714,0.3571,0.8571,0.7143,0.0,0.0,14.0,3.4286,0.2,0.3
5330015,40,c,48,Yerushalmi,0.0667,0.0,0.2667,0.6,0.4667,0.0,0.0,15.0,4.4,0.0,0.1429
5330015,40,c,55,Yerushalmi,0.0,0.0,0.3333,0.3333,0.2222,0.0,0.0,9.0,3.4444,0.0,0.0
5330015,40,c,63,Yerushalmi,0.0,0.0,0.375,0.5,0.625,0.0,0.0,8.0,4.375,0.0,0.4
5330015,40,d,16,Yerushalmi,0.0,0.25,0.25,1.0,0.75,0.0,1.0,4.0,4.75,0.0,0.0
5330015,40,d,18,Yerushalmi,0.0,0.25,0.5,1.0,0.75,0.0,0.0,4.0,4.5,0.3333,0.0
5330015,40,d,20,Yerushalmi,0.0,0.25,0.5,1.0,0.75,0.0,0.0,4.0,4.5,0.3333,0.0
5330015,40,d,31,Yerushalmi,0.1429,0.2857,0.4286,1.0,0.8571,0.0,0.3333,7.0,4.0,0.0,0.1667
5330015,40,d,32,Yerushalmi,0.0,0.0,0.0,0.3333,0.6667,0.0,0.0,6.0,3.8333,0.0,0.0
5330015,40,d,59,Yerushalmi,0.0,0.0,0.0,0.5,1.0,0.0,0.0,2.0,4.0,0.0,0.0
5330015,40,d,60,Yerushalmi,0.2308,0.0,0.5385,0.8462,1.4615,0.0,0.0,13.0,3.8462,0.1053,0.0
5330015,40,d,61,Yerushalmi,0.0,0.0625,0.4375,0.875,0.875,0.0,0.0,16.0,3.75,0.0714,0.2857
5330015,40,d,62,Yerushalmi,0.2143,0.0714,0.4286,1.0,1.0,0.0,0.0,14.0,4.0,0.1429,0.2143
5330015,40,d,63,Yerushalmi,0.0,0.2,0.5333,0.8667,0.8,0.0,0.0,15.0,3.3333,0.0833,0.25
5330015,40,d,64,Yerushalmi,0.0,0.0,0.6,0.6667,1.2667,0.0,0.0,15.0,3.2,0.0526,0.2632
5330015,41,a,01,Yerushalmi,0.0,0.1429,0.7143,1.0,0.8571,0.0,0.0,7.0,4.1429,0.1667,0.0
5330015,41,a,02,Yerushalmi,0.5,0.5,0.5,0.5,0.0,0.0,0.0,2.0,5.0,0.0,0.0
5330015,41,a,03,Yerushalmi,0.0,0.0,0.0,0.5,0.0,0.0,0.0,1.0,6.0,0.0,0.0
5330015,41,a,07,Yerushalmi,0.125,0.125,0.125,0.75,0.25,0.0,0.0,8.0,4.125,0.0,0.0
5330015,41,a,18,Yerushalmi,0.0,0.0,0.0,0.5,0.0,0.0,0.0,1.0,5.0,0.0,0.0
5330015,41,a,19,Yerushalmi,0.2222,0.2222,0.2222,0.8889,0.8889,0.0,0.25,9.0,4.3333,0.25,0.0
5330015,41,a,20,Yerushalmi,0.25,0.25,0.75,1.0,0.0,0.0,0.0,4.0,5.5,0.0,0.0
5330015,41,c,10,Yerushalmi,0.3333,0.0,0.3333,0.5,0.6667,0.0,0.0,3.0,4.0,0.0,0.0
5330015,41,c,32,Yerushalmi,0.0,0.2857,0.4286,0.8571,1.0,0.0,0.0,7.0,3.8571,0.0,0.1429
5330015,41,c,48,Yerushalmi,0.0,0.0,0.2,0.6,0.8,0.0,0.0,5.0,4.4,0.25,0.0
5330015,41,d,04,Yerushalmi,0.0833,0.0,0.3333,0.5833,0.25,0.0,0.0,12.0,4.3333,0.3333,0.3333
5330015,41,d,06,Yerushalmi,0.0,0.0,0.0,0.0,0.0,0.0,0.0,13.0,4.6154,0.0,0.0
5330015,41,d,07,Yerushalmi,0.0714,0.0,0.5,0.6429,0.5714,0.0,0.0,14.0,3.5714,0.125,0.125
5330015,41,d,08,Yerushalmi,0.1667,0.0,0.3333,1.0,1.0,0.0,0.0,6.0,3.3333,0.1667,0.3333
5330015,41,d,44,Yerushalmi,0.0,0.0,0.1429,0.4286,0.4286,0.0,0.0,7.0,3.8571,0.0,0.0
5330015,41,d,61,Yerushalmi,0.0,0.0,0.5,1.0,1.0,0.0,0.0,4.0,2.75,0.0,0.25
5330015,42,a,10,Yerushalmi,0.2,0.2,0.4,1.0,0.0,0.0,0.5,5.0,4.8,0.0,0.0
5330015,42,a,11,Yerushalmi,0.375,0.0,0.625,0.5,0.375,0.0,0.0,8.0,5.625,0.0,0.0
5330015,42,a,12,Yerushalmi,0.0833,0.0,0.1667,0.3333,0.0,0.0,0.0,12.0,4.0,0.0,0.0
5330015,42,a,13,Yerushalmi,0.0,0.0,0.2857,0.4286,0.1429,0.0,0.0,7.0,4.0,0.0,1.0
5330015,42,a,17,Yerushalmi,0.0,0.0,0.25,0.25,0.5,0.0,0.0,4.0,4.5,0.0,0.0
5330015,42,b,01,Yerushalmi,0.0,0.0,0.3333,0.5,1.3333,0.0,0.0,3.0,4.0,0.0,0.0
5330015,42,b,37,Yerushalmi,0.0,0.0,0.4286,0.4286,0.8571,0.0,0.0,7.0,4.4286,0.0,0.1667
5330015,42,b,57,Yerushalmi,0.1429,0.0,1.0,1.0,1.2857,0.0,1.0,7.0,3.7143,0.0,0.2222
5330015,42,c,03,Yerushalmi,0.0,0.0,0.4286,1.0,0.7143,0.0,0.0,7.0,3.4286,0.0,0.0
5330015,42,c,27,Yerushalmi,0.0,0.0,0.3333,0.5556,0.6667,0.0,0.0,9.0,3.5556,0.1667,0.1667
5330015,42,d,21,Yerushalmi,1.0,0.0,0.0,0.5,0.0,0.0,0.0,1.0,7.0,0.0,0.0
5330015,42,d,22,Yerushalmi,0.0,0.0,0.8,0.8,0.4,0.0,0.0,5.0,5.0,0.0,0.0
5330015,42,d,57,Yerushalmi,0.0,0.0,0.5,0.6667,1.3333,0.0,0.0,12.0,3.3333,0.0,0.125
5330015,43,a,30,Yerushalmi,0.5,0.0,0.0,0.5,1.0,0.0,1.0,2.0,5.0,0.0,0.0
5330015,43,a,32,Yerushalmi,0.3333,0.3333,0.0,0.5,0.6667,0.0,0.0,3.0,3.3333,0.0,0.0
5330015,43,a,39,Yerushalmi,0.0,0.0,0.4286,1.0,1.1429,0.0,0.0,7.0,3.0,0.0,0.25
5330015,43,a,40,Yerushalmi,0.2,0.0,0.8,0.7,0.9,0.0,0.5,10.0,4.2,0.0,0.2222
5330015,43,a,41,Yerushalmi,0.0,0.0,0.6667,1.0,1.0,0.0,0.0,6.0,3.5,0.0,0.1667
5330015,43,b,51,Yerushalmi,0.0,0.0,0.0,0.1111,0.2222,0.0,0.0,9.0,4.3333,0.0,0.0
5330015,43,c,21,Yerushalmi,0.0,0.0,0.5714,0.8571,0.7143,0.0,0.0,7.0,3.5714,0.0,0.2
5330015,43,c,22,Yerushalmi,0.0667,0.0,0.4667,0.7333,0.4667,0.0,0.0,15.0,3.4667,0.1429,0.2857
5330015,43,c,23,Yerushalmi,0.0,0.0,0.5,0.5,1.0,0.0,0.0,2.0,4.5,0.0,0.0
5330015,43,d,10,Yerushalmi,0.5,0.0,0.0,0.5,1.0,0.0,0.0,2.0,4.5,0.0,0.0
5330015,43,d,19,Yerushalmi,0.0,0.0,0.6,1.0,0.8,0.0,0.0,5.0,3.6,0.0,0.0
5330015,43,d,20,Yerushalmi,0.0,0.0769,0.5385,0.7692,1.3077,0.0,0.0,13.0,3.6154,0.0,0.1176
5330015,43,d,21,Yerushalmi,0.0714,0.0714,0.5,0.8571,1.1429,0.0,0.0,14.0,3.4286,0.125,0.3125
5330015,43,d,22,Yerushalmi,0.0667,0.1333,0.1333,0.8667,0.8667,0.0,0.0,15.0,3.2667,0.1538,0.0769
5330015,43,d,23,Yerushalmi,0.3333,0.0,0.5,0.8333,1.0,0.0,0.0,12.0,4.1667,0.0833,0.25
5330015,43,d,24,Yerushalmi,0.125,0.0,0.3125,0.8125,1.0625,0.0,0.0,16.0,3.75,0.1176,0.1765
5330015,43,d,25,Yerushalmi,0.1,0.0,0.5,1.0,1.2,0.0,1.0,10.0,4.5,0.1667,0.1667
5330015,43,d,37,Yerushalmi,0.0833,0.0833,0.8333,0.75,0.75,0.0,0.0,12.0,4.9167,0.3333,0.1111
5330015,43,d,38,Yerushalmi,0.0,0.0,0.8571,0.8571,0.7143,0.0,0.0,7.0,4.8571,0.2,0.2
5330015,43,d,39,Yerushalmi,0.0,0.3333,0.6667,0.5,1.0,0.0,0.0,3.0,3.3333,0.0,0.3333
5330015,43,d,41,Yerushalmi,0.0,0.0,0.0,0.0,0.0,0.0,0.0,4.0,4.0,0.0,0.0
5330015,43,d,42,Yerushalmi,0.0,0.0,0.25,0.875,1.0,0.0,0.0,16.0,3.25,0.125,0.125
5330015,43,d,43,Yerushalmi,0.0,0.0,0.0,0.25,0.5,0.0,0.0,4.0,3.75,0.0,0.0
5330015,43,d,45,Yerushalmi,0.0,0.3333,0.3333,0.5,0.0,0.0,0.0,3.0,4.3333,0.0,0.0
5330015,43,d,54,Yerushalmi,0.0,0.0833,0.5,0.75,0.3333,0.0,0.0,12.0,3.5833,0.0,0.5
5330015,43,d,55,Yerushalmi,0.0,0.0,1.0,0.5,2.0,0.0,0.0,1.0,9.0,0.0,0.0
5330015,44,a,21,Yerushalmi,0.0,0.3333,0.0,0.5,0.0,0.0,1.0,3.0,4.6667,0.0,0.0
5330015,44,a,61,Yerushalmi,0.0,0.1429,0.1429,0.3571,0.3571,0.0,0.0,14.0,3.7143,0.0,0.0
5330015,44,a,63,Yerushalmi,0.0769,0.0769,0.1538,0.8462,0.4615,0.0,0.0,13.0,4.0,0.5,0.0
5330015,44,a,64,Yerushalmi,0.0909,0.0909,0.0909,0.4545,0.2727,0.0,0.5,11.0,4.0909,0.3333,0.3333
5330015,44,b,06,Yerushalmi,0.0,0.2,0.4,1.0,0.4,0.0,0.0,5.0,3.4,0.5,0.0
5330015,44,b,07,Yerushalmi,0.25,0.0833,0.5833,1.0,0.6667,0.0,0.25,12.0,4.1667,0.125,0.25
5330015,44,b,08,Yerushalmi,0.0,0.25,0.25,0.875,1.0,0.0,0.0,8.0,3.875,0.0,0.0
5330015,44,b,20,Yerushalmi,0.3333,0.0,0.6667,0.5,0.3333,0.0,0.0,3.0,4.0,0.0,0.0
5330015,44,b,22,Yerushalmi,0.0,0.0,0.5,0.5,0.0,0.0,0.0,2.0,5.0,0.0,0.0
5330015,44,c,26,Yerushalmi,0.0,0.25,0.25,0.75,0.75,0.0,0.0,4.0,3.75,0.3333,0.0
5330015,44,c,27,Yerushalmi,0.0,0.2143,0.2143,0.4286,0.3571,0.0,0.0,14.0,3.9286,0.2,0.0
5330015,44,d,18,Yerushalmi,0.0,0.25,0.5,1.0,1.0,0.0,0.0,4.0,4.0,0.0,0.0
5330015,44,d,22,Yerushalmi,0.25,0.0,0.375,1.0,0.75,0.0,0.0,8.0,3.5,0.3333,0.3333
5330015,44,d,25,Yerushalmi,0.0,0.0,0.0,0.8,0.4,0.0,0.0,5.0,3.2,0.5,0.0
5330015,44,d,41,Yerushalmi,0.0,0.1111,0.1111,0.7778,0.3333,0.0,0.0,9.0,3.0,0.3333,0.3333
5330015,44,d,42,Yerushalmi,0.1333,0.0667,0.4,0.8667,0.8667,0.0,0.0,15.0,3.5333,0.0769,0.3846
5330015,44,d,43,Yerushalmi,0.0714,0.2143,0.2143,0.8571,0.2857,0.0,0.0,14.0,3.7857,0.5,0.25
5330015,44,d,44,Yerushalmi,0.0,0.0,0.3333,0.7333,0.8667,0.0,0.0,15.0,3.6,0.0769,0.3846
5330015,44,d,45,Yerushalmi,0.0769,0.3077,0.4615,0.9231,0.8462,0.0,0.0,13.0,4.0,0.1818,0.1818
5330015,44,d,46,Yerushalmi,0.0667,0.0,0.5333,0.6667,0.6667,0.0,1.0,15.0,3.6,0.1,0.4
5330015,44,d,47,Yerushalmi,0.0,0.0833,0.1667,0.6667,0.5,0.0,0.0,12.0,3.4167,0.1667,0.1667
5330015,44,d,59,Yerushalmi,0.2222,0.0,0.2222,0.8889,1.3333,0.0,0.0,9.0,3.8889,0.1667,0.1667
5330015,44,d,64,Yerushalmi,0.0,0.0,0.2222,0.4444,0.3333,0.0,0.0,9.0,4.1111,0.0,0.0
5330015,45,a,07,Yerushalmi,0.0,0.0,0.4286,1.0,0.7143,0.0,0.0,7.0,2.7143,0.2,0.4
5330015,45,a,10,Yerushalmi,0.4286,0.0,0.4286,1.0,0.5714,0.0,1.0,7.0,6.1429,0.0,0.0
5330015,45,a,27,Yerushalmi,0.6667,0.3333,0.3333,0.5,0.3333,0.0,0.0,3.0,5.0,0.0,0.0
5330015,45,a,34,Yerushalmi,0.0,0.0,0.8,0.8,1.4,0.0,0.0,5.0,3.2,0.0,0.1429
5330015,45,a,56,Yerushalmi,0.25,0.0,0.0,1.0,0.5,0.0,0.0,4.0,4.0,0.5,0.0
5330015,45,a,60,Yerushalmi,0.0,0.0,0.0,0.5,0.0,0.0,0.0,2.0,4.5,0.0,0.0
5330015,45,a,61,Yerushalmi,0.125,0.0625,0.25,0.75,0.6875,0.0,0.3333,16.0,4.125,0.0909,0.1818
5330015,45,a,62,Yerushalmi,0.1667,0.0,0.5833,0.5833,1.0833,0.0,0.0,12.0,4.25,0.0,0.0769
5330015,45,a,63,Yerushalmi,0.0,0.0,0.4167,0.3333,0.5,0.0,0.0,12.0,4.4167,0.0,0.0
5330015,45,b,05,Yerushalmi,0.0,0.0,0.5,1.0,0.875,0.0,0.0,8.0,3.75,0.0,0.0
5330015,45,b,06,Yerushalmi,0.0,0.0,0.4,0.4,0.6,0.0,0.0,5.0,4.6,0.0,0.0
5330015,45,b,12,Yerushalmi,0.0,0.0,0.4,0.6,0.2,0.0,0.0,5.0,4.0,1.0,0.0
5330015,45,b,14,Yerushalmi,0.0,0.0,0.2,1.0,0.4,0.0,0.0,5.0,4.4,0.0,0.5
5330015,45,b,20,Yerushalmi,0.0,0.2,0.2,0.5,0.6,0.0,0.5,10.0,3.7,0.0,0.0
5330015,45,b,21,Yerushalmi,0.0,0.0,0.7143,0.4286,0.8571,0.0,0.0,14.0,3.8571,0.0,0.0833
5330015,45,b,22,Yerushalmi,0.0,0.0,0.5,0.5,2.0,0.0,0.0,2.0,4.0,0.0,0.0
5330015,45,b,27,Yerushalmi,0.0,0.6667,0.0,0.5,1.3333,0.0,0.0,3.0,3.3333,0.0,0.0
5330015,45,b,28,Yerushalmi,0.25,0.0833,0.3333,0.8333,0.6667,0.0,0.0,12.0,4.5,0.125,0.125
5330015,45,b,29,Yerushalmi,0.1538,0.0,0.3846,0.7692,1.0,0.0,0.0,13.0,4.0,0.0769,0.2308
5330015,45,b,30,Yerushalmi,0.3636,0.0,0.1818,0.9091,0.4545,0.0,0.0,11.0,3.8182,0.4,0.0
5330015,45,b,49,Yerushalmi,0.1667,0.0,0.3333,0.8333,0.3333,0.0,0.0,6.0,3.8333,0.5,0.0
5330015,45,b,50,Yerushalmi,0.2,0.2,0.4,0.8,0.8,0.0,0.0,5.0,3.6,0.0,0.25
5330015,45,b,55,Yerushalmi,0.0,0.0,0.0,0.8571,0.8571,0.0,0.0,7.0,3.5714,0.1667,0.0
5330015,45,b,56,Yerushalmi,0.0,0.0,0.0,0.2857,0.2857,0.0,0.0,7.0,4.1429,0.5,0.0
5330015,45,b,58,Yerushalmi,0.0,0.0,0.5,1.0,1.0,0.0,0.0,6.0,3.3333,0.1667,0.1667
5330015,45,b,59,Yerushalmi,0.0,0.0,0.3333,0.3333,0.2222,0.0,0.0,9.0,4.6667,0.0,0.0
5330015,45,c,12,Yerushalmi,0.0,0.0,0.4,0.6,0.6,0.0,0.0,5.0,3.8,0.0,0.3333
5330015,45,c,16,Yerushalmi,0.0,0.0,0.0,0.5,2.0,0.0,0.0,1.0,6.0,0.0,0.0
5330015,45,c,17,Yerushalmi,0.0,0.0,0.3333,0.5,0.3333,0.0,0.0,3.0,3.6667,1.0,0.0
5330015,45,c,19,Yerushalmi,0.1,0.1,0.7,0.9,1.1,0.0,0.0,10.0,3.7,0.0909,0.2727
5330015,45,c,20,Yerushalmi,0.0,0.0,0.5,0.9,1.0,0.0,0.0,10.0,4.5,0.1,0.1
5330015,45,c,23,Yerushalmi,0.125,0.125,0.375,0.875,1.25,0.0,0.0,8.0,4.5,0.1,0.2
5330018,56,a,53,Yerushalmi,0.0,0.0,0.75,0.25,0.5,0.0,0.0,8.0,5.125,0.0,0.0
5330018,56,a,55,Yerushalmi,0.0,0.1111,0.5556,1.0,0.6667,0.0,0.0,9.0,3.6667,0.0,0.3333
5330018,56,a,56,Yerushalmi,0.0,0.0909,0.3636,0.7273,0.1818,0.0,0.0,11.0,3.0909,0.0,0.5
5330018,56,b,01,Yerushalmi,0.0,0.0,0.3333,0.5,1.3333,0.0,0.0,3.0,4.3333,0.25,0.0
5330018,56,b,26,Yerushalmi,0.1667,0.3333,0.3333,0.8333,0.6667,0.0,0.3333,6.0,4.0,0.5,0.0
5330018,56,b,27,Yerushalmi,0.0769,0.0769,0.5385,0.6154,0.0769,0.0,1.0,13.0,4.0769,0.0,0.0
5330018,56,b,28,Yerushalmi,0.0,0.0,0.5385,0.6154,0.5385,0.0,0.0,13.0,4.0769,0.1429,0.0
5330018,56,b,29,Yerushalmi,0.0,0.0,0.3333,0.5,0.0,0.0,0.0,3.0,6.0,0.0,0.0
5330018,56,b,50,Yerushalmi,0.0,0.0,0.0,0.5,2.0,0.0,0.0,2.0,4.0,0.0,0.0
5330018,56,c,03,Yerushalmi,0.0,0.0,0.0,0.5,2.0,0.0,0.0,2.0,4.0,0.0,0.0
5330018,56,c,04,Yerushalmi,0.0,0.0,0.375,0.625,0.5,0.0,0.0,8.0,3.625,0.0,0.0
5330018,56,c,06,Yerushalmi,0.0,0.5,0.0,0.5,0.0,0.0,0.0,2.0,6.0,0.0,0.0
5330018,56,c,08,Yerushalmi,0.0,0.0,1.0,0.5,0.3333,0.0,0.0,3.0,3.0,0.0,0.0
5330018,56,c,43,Yerushalmi,0.1818,0.0,0.1818,0.8182,0.3636,0.0,0.0,11.0,4.0,0.25,0.0
5330018,56,c,44,Yerushalmi,0.0714,0.0,0.0714,0.7143,0.5714,0.0,0.0,14.0,3.6429,0.25,0.0
5330018,56,c,45,Yerushalmi,0.1,0.0,0.1,0.6,0.3,0.0,0.0,10.0,4.5,0.3333,0.0
5330018,56,c,49,Yerushalmi,0.0,0.0,0.1667,0.8333,0.5,0.0,0.0,6.0,3.3333,0.6667,0.0
5330018,56,c,64,Yerushalmi,0.0,0.0,0.1111,0.7778,0.7778,0.0,0.0,9.0,3.4444,0.0,0.0
5330018,56,d,08,Yerushalmi,0.0769,0.0,0.4615,0.9231,0.6923,0.0,0.0,13.0,3.2308,0.2222,0.1111
5330018,56,d,27,Yerushalmi,0.0,0.0,0.0,0.0,0.0,0.0,0.0,6.0,3.8333,0.0,0.0
5330018,56,d,28,Yerushalmi,0.2,0.0,0.3,0.5,0.6,0.0,0.0,10.0,3.8,0.3333,0.1667
5330018,56,d,37,Yerushalmi,0.0,0.0,0.25,0.8125,0.625,0.0,0.0,16.0,3.0,0.2,0.2
5330018,56,d,47,Yerushalmi,0.0,0.125,0.5,0.75,1.0,0.0,0.0,8.0,3.375,0.125,0.125
5330018,56,d,48,Yerushalmi,0.0,0.125,0.3125,0.4375,0.75,0.0,0.0,16.0,3.5625,0.1667,0.0833
5330018,56,d,49,Yerushalmi,0.0,0.0,0.2727,0.1818,0.3636,0.0,0.0,11.0,3.1818,0.0,0.0
5330018,56,d,50,Yerushalmi,0.0,0.0,0.1667,0.6667,0.8333,0.0,0.0,6.0,4.5,0.0,0.0
5330018,57,a,07,Yerushalmi,0.0,0.0,0.5,1.0,0.75,0.0,0.0,4.0,2.75,0.0,0.3333
5330018,57,a,09,Yerushalmi,0.0,0.0,0.0,0.5,2.0,0.0,0.0,2.0,3.5,0.0,0.0
5330018,57,a,10,Yerushalmi,0.0,0.0,0.2857,0.3571,0.4286,0.0,0.0,14.0,3.7143,0.0,0.1667
5330018,57,a,11,Yerushalmi,0.0,0.0,0.0,0.1429,0.0,0.0,0.0,14.0,3.5,0.0,0.0
5330018,57,a,17,Yerushalmi,0.0,0.0,0.5,0.625,1.125,0.0,0.0,8.0,3.125,0.0,0.1111
5330018,57,a,23,Yerushalmi,0.1111,0.0,0.3333,1.0,0.3333,0.0,0.0,9.0,3.8889,0.3333,0.0
5330018,57,a,34,Yerushalmi,0.3333,0.0,1.0,0.5,0.6667,0.0,1.0,3.0,5.0,0.0,0.5
5330018,57,a,46,Yerushalmi,0.1333,0.1333,0.8667,0.8,1.3333,0.0,0.0,15.0,4.9333,0.1,0.0
5330018,57,a,47,Yerushalmi,0.125,0.0625,0.0625,0.3125,0.25,0.0,0.0,16.0,3.9375,0.25,0.0
5330018,57,a,48,Yerushalmi,0.1538,0.0,0.6154,0.6154,0.8462,0.0,0.0,13.0,3.7692,0.1818,0.0
5330018,57,a,49,Yerushalmi,0.1429,0.1429,0.0,1.0,1.0,0.0,0.0,7.0,3.7143,0.1429,0.0
5330018,57,a,63,Yerushalmi,0.0,0.0,0.0,0.0,0.0,0.0,0.0,6.0,3.5,0.0,0.0
5330018,57,a,64,Yerushalmi,0.0,0.0,0.2857,0.7143,0.8571,0.0,0.0,7.0,3.4286,0.0,0.3333
5330018,57,b,26,Yerushalmi,0.0,0.0,0.0,0.0,0.0,0.0,0.0,4.0,3.5,0.0,0.0
5330018,57,b,27,Yerushalmi,0.0769,0.0769,0.3077,0.3077,0.1538,0.0,0.5,13.0,4.3077,0.0,0.5
5330018,57,b,28,Yerushalmi,0.0,0.0,0.0,0.5,0.0,0.0,0.0,1.0,8.0,0.0,0.0
5330018,57,b,46,Yerushalmi,0.0909,0.1818,0.4545,0.6364,0.3636,0.0,0.0,11.0,3.7273,0.0,0.5
5330018,57,b,49,Yerushalmi,0.0909,0.0,0.2727,0.6364,0.5455,0.0,0.0,11.0,3.8182,0.3333,0.0
5330018,57,b,50,Yerushalmi,0.0,0.0714,0.6429,0.8571,0.9286,0.0,0.0,14.0,4.3571,0.0,0.0769
5330018,57,b,51,Yerushalmi,0.4,0.2,0.4,1.0,0.4,0.0,0.3333,5.0,4.2,0.5,0.0
5330018,57,b,52,Yerushalmi,0.1429,0.2857,0.1429,1.0,0.2857,0.0,0.0,7.0,3.1429,0.0,0.0
5330018,57,b,53,Yerushalmi,0.25,0.125,0.375,0.875,0.875,0.0,0.3333,8.0,4.375,0.2857,0.0
5330018,57,c,20,Yerushalmi,0.2222,0.0,0.3333,0.8889,0.7778,0.0,1.0,9.0,4.2222,0.1429,0.1429
5330018,57,c,21,Yerushalmi,0.1667,0.1667,0.25,0.9167,0.25,0.0,0.25,12.0,4.4167,0.3333,0.0
5330018,57,c,22,Yerushalmi,1.0,0.0,0.0,0.5,0.0,0.0,1.0,1.0,8.0,0.0,0.0
5330018,57,d,32,Yerushalmi,0.0,0.0,0.0,0.5,1.0,0.0,0.0,3.0,4.6667,0.3333,0.0
5330018,57,d,35,Yerushalmi,0.25,0.0,0.75,1.0,0.75,0.0,0.0,4.0,4.5,0.0,0.3333
5330018,57,d,41,Yerushalmi,0.0,0.0,0.2,0.6,0.2,0.0,0.0,5.0,3.8,1.0,0.0
5330018,57,d,44,Yerushalmi,0.0,0.0,0.2,0.3,0.1,0.0,0.0,10.0,4.2,0.0,1.0
5330018,57,d,49,Yerushalmi,0.125,0.0,0.0,0.625,0.75,0.0,0.0,8.0,3.75,0.1667,0.0
5330018,57,d,50,Yerushalmi,0.0,0.0,0.4286,0.5,0.7143,0.0,0.0,14.0,3.7143,0.0,0.1
5330018,57,d,51,Yerushalmi,0.0,0.0,0.25,1.0,1.25,0.0,0.0,4.0,4.5,0.2,0.2
5330018,57,d,52,Yerushalmi,0.0,0.0,0.25,1.0,0.5,0.0,0.0,4.0,3.5,0.0,0.5
5330018,57,d,53,Yerushalmi,0.2308,0.0,0.2308,0.6154,0.3846,0.0,0.3333,13.0,3.6154,0.2,0.2
5330018,57,d,54,Yerushalmi,0.2,0.0,0.4,1.0,1.0,0.0,0.0,5.0,4.2,0.2,0.2
5330018,57,d,57,Yerushalmi,0.0,0.0,0.1538,0.3077,0.2308,0.0,0.0,13.0,4.3077,0.0,0.0
5330018,57,d,58,Yerushalmi,0.0909,0.1818,0.1818,0.5455,0.6364,0.0,0.3333,11.0,4.6364,0.2857,0.1429
5330018,57,d,59,Yerushalmi,0.0714,0.1429,0.2857,0.9286,0.4286,0.0,0.0,14.0,3.8571,0.1667,0.1667
5330018,57,d,60,Yerushalmi,0.0,0.0,0.3,0.6,0.9,0.0,0.0,10.0,4.5,0.0,0.2222
5330018,58,a,03,Yerushalmi,0.0,0.0,0.4615,0.6154,0.8462,0.0,0.0,13.0,5.0769,0.0,0.0909
5330018,58,a,04,Yerushalmi,0.0,0.0,0.0,0.0,0.0,0.0,0.0,6.0,4.6667,0.0,0.0
5330018,58,a,07,Yerushalmi,0.0,0.0,0.3636,0.9091,0.7273,0.0,0.0,11.0,3.9091,0.25,0.125
5330018,58,a,08,Yerushalmi,0.0,0.0,0.3846,0.6923,0.4615,0.0,0.0,13.0,3.7692,0.0,0.1667
5330018,58,a,09,Yerushalmi,0.0,0.0,0.0,0.5,2.0,0.0,0.0,1.0,5.0,0.0,0.0
5330018,58,a,15,Yerushalmi,0.0769,0.0,0.1538,0.6154,0.3077,0.0,0.0,13.0,3.5385,0.5,0.0
5330018,58,a,16,Yerushalmi,0.0,0.2143,0.2143,0.7857,1.2143,0.0,0.0,14.0,4.0714,0.2353,0.0
5330018,58,a,17,Yerushalmi,0.0,0.1111,0.6667,0.8889,1.0,0.0,0.0,9.0,3.6667,0.1111,0.1111
5330018,58,a,18,Yerushalmi,0.25,0.0,0.375,0.75,0.5,0.0,1.0,8.0,5.125,0.25,0.0
5330018,58,a,27,Yerushalmi,0.0,0.0,0.1667,0.5,0.1667,0.0,0.0,6.0,4.3333,1.0,0.0
5330018,58,a,34,Yerushalmi,0.0667,0.1333,0.4667,0.8667,0.7333,0.0,0.0,15.0,4.2,0.1818,0.0909
5330018,58,a,35,Yerushalmi,0.0,1.0,0.0,0.5,0.0,0.0,0.0,1.0,4.0,0.0,0.0
5330018,58,a,42,Yerushalmi,0.1429,0.0,0.2857,1.0,0.5714,0.0,0.0,7.0,3.8571,0.0,0.0
5330018,58,a,44,Yerushalmi,0.1667,0.0,1.0,1.0,0.3333,0.0,0.0,6.0,4.8333,0.5,0.0
5330018,58,a,45,Yerushalmi,0.2727,0.0909,0.3636,0.8182,0.8182,0.0,0.0,11.0,3.9091,0.0,0.0
5330018,58,a,47,Yerushalmi,0.1538,0.0769,0.3846,1.0,0.8462,0.0,0.6667,13.0,3.9231,0.1818,0.0909
5330018,58,a,48,Yerushalmi,0.0,0.0,0.6667,0.7778,1.3333,0.0,0.0,9.0,5.0,0.0,0.0833
5330018,58,a,52,Yerushalmi,0.0,0.0,0.1111,0.4444,0.8889,0.0,0.0,9.0,4.0,0.125,0.0
5330018,58,a,53,Yerushalmi,0.0,0.1667,0.4167,0.5833,0.8333,0.0,0.0,12.0,4.8333,0.0,0.0
5330018,58,a,54,Yerushalmi,0.0,0.0,0.4,0.7,0.8,0.0,0.0,10.0,4.7,0.0,0.125
5330018,58,a,60,Yerushalmi,0.0,0.0,0.5,1.0,1.0,0.0,0.0,6.0,3.5,0.0,0.0
5330018,58,b,03,Yerushalmi,0.0,0.0,0.0,0.0,0.0,0.0,0.0,5.0,4.6,0.0,0.0
5330018,58,b,04,Yerushalmi,0.0,0.0,0.0769,0.3846,0.2308,0.0,0.0,13.0,3.6923,0.6667,0.0
5330018,58,b,05,Yerushalmi,0.0,0.0714,0.1429,0.7857,0.2857,0.0,0.0,14.0,3.1429,0.5,0.0
5330018,58,b,06,Yerushalmi,0.0,0.0,0.1429,0.7857,0.5714,0.0,0.0,14.0,4.0714,0.375,0.0
5330018,58,b,07,Yerushalmi,0.0769,0.1538,0.1538,0.6923,0.3077,0.0,0.0,13.0,3.6923,0.25,0.0
5330018,58,b,08,Yerushalmi,0.1333,0.0667,0.1333,0.8667,0.8,0.0,0.0,15.0,3.2667,0.1667,0.0833
5330018,58,b,09,Yerushalmi,0.0625,0.0625,0.5,0.875,0.5,0.0,0.0,16.0,3.6875,0.125,0.25
5330018,58,b,10,Yerushalmi,0.0,0.0,0.3571,0.7857,0.5,0.0,0.0,14.0,4.0,0.1429,0.2857
5330018,58,b,11,Yerushalmi,0.0667,0.0667,0.6,0.8667,0.6,0.0,1.0,15.0,4.1333,0.3333,0.1111
5330018,58,b,12,Yerushalmi,0.0,0.0,0.0,0.0,0.0,0.0,0.0,17.0,3.8824,0.0,0.0
5330018,58,b,13,Yerushalmi,0.0833,0.0833,0.75,0.6667,0.9167,0.0,1.0,12.0,4.75,0.0,0.0909
5330018,58,b,14,Yerushalmi,0.125,0.25,0.5625,0.8125,0.375,0.0,0.1667,16.0,4.5625,0.1667,0.1667
5330018,58,b,15,Yerushalmi,0.0714,0.0714,0.3571,0.5714,0.5,0.0,0.0,14.0,3.6429,0.0,0.0
5330018,58,b,16,Yerushalmi,0.0,0.3077,0.2308,0.5385,0.6154,0.0,0.0,13.0,4.0769,0.0,0.125
5330018,58,b,17,Yerushalmi,0.125,0.1875,0.5625,0.625,1.125,0.0,0.0,16.0,4.625,0.2222,0.0556
5330018,58,b,18,Yerushalmi,0.1538,0.0769,0.6154,0.8462,0.9231,0.0,0.0,13.0,4.3846,0.1667,0.25
5330018,58,b,19,Yerushalmi,0.0,0.0,0.0,0.0,0.0,0.0,0.0,15.0,3.3333,0.0,0.0
5330018,58,b,20,Yerushalmi,0.0,0.0,0.3846,0.3846,0.1538,0.0,0.0,13.0,4.4615,0.0,0.0
5330018,58,b,21,Yerushalmi,0.0,0.0,0.3571,0.5714,0.3571,0.0,0.0,14.0,3.8571,0.0,0.4
5330018,58,b,22,Yerushalmi,0.0,0.0,0.6667,1.0,0.8333,0.0,0.0,6.0,3.6667,0.0,0.2
5330018,58,b,24,Yerushalmi,0.0,0.0,0.4,1.0,0.8,0.0,0.0,5.0,3.4,0.0,0.0
5330018,58,b,25,Yerushalmi,0.0714,0.0714,0.5714,0.6429,1.0,0.0,0.0,14.0,3.7143,0.0714,0.1429
5330018,58,b,26,Yerushalmi,0.0,0.25,0.25,1.0,1.25,0.0,0.0,4.0,4.25,0.0,0.2
5330018,58,b,48,Yerushalmi,0.1429,0.0,0.0,0.8571,0.2857,0.0,0.0,7.0,3.7143,0.0,0.0
5330018,58,b,50,Yerushalmi,0.0,0.0,0.3333,0.5,0.0,0.0,0.0,3.0,5.3333,0.0,0.0
5330018,58,b,52,Yerushalmi,0.25,0.25,0.5,1.0,0.5,0.0,0.0,4.0,4.0,0.0,0.5
5330018,58,b,53,Yerushalmi,0.0,0.25,0.25,1.0,0.75,0.0,1.0,4.0,5.25,0.0,0.3333
5330018,58,b,55,Yerushalmi,0.0,0.0,0.4,0.8,0.8,0.0,0.0,5.0,3.2,0.0,0.0
5330018,58,b,56,Yerushalmi,0.0,0.1429,0.5,0.5,0.1429,0.0,0.0,14.0,3.7143,0.0,0.0
5330018,58,b,57,Yerushalmi,0.0,0.0,0.1333,0.5333,0.6,0.0,0.0,15.0,3.5333,0.2222,0.0
5330018,58,b,58,Yerushalmi,0.0,0.0,0.3571,0.5714,0.2857,0.0,0.0,14.0,3.5,0.25,0.0
5330018,58,b,59,Yerushalmi,0.0,0.0,0.125,0.5,0.5625,0.0,0.0,16.0,3.375,0.2222,0.0
5330018,58,b,60,Yerushalmi,0.0,0.0,0.5625,0.5625,0.5,0.0,0.0,16.0,3.625,0.125,0.0
5330018,58,c,62,Yerushalmi,0.0,0.0833,0.1667,0.9167,0.5833,0.0,0.0,12.0,3.0,0.2857,0.1429
5330018,58,c,63,Yerushalmi,0.25,0.0,0.5,1.0,0.0,0.0,0.0,4.0,3.5,0.0,0.0
5330018,58,d,04,Yerushalmi,0.0,0.5,0.5,0.375,1.5,0.0,0.0,8.0,3.5,0.0,0.0
5330018,58,d,05,Yerushalmi,0.0,0.125,0.5,1.0,1.0,0.0,0.0,16.0,3.5625,0.125,0.125
5330018,58,d,06,Yerushalmi,0.0667,0.2,0.2667,0.8667,0.3333,0.0,0.0,15.0,3.2667,0.0,0.2
5330018,58,d,07,Yerushalmi,0.0,0.1429,0.5714,0.9286,0.7857,0.0,0.0,14.0,3.8571,0.0909,0.1818
5330018,58,d,08,Yerushalmi,0.1429,0.0714,0.5714,0.8571,0.7143,0.0,0.0,14.0,3.6429,0.1,0.2
5330018,58,d,09,Yerushalmi,0.0,0.5,0.5,0.5,0.5,0.0,0.0,2.0,5.5,0.0,0.0
5330018,58,d,13,Yerushalmi,0.125,0.0,0.375,0.875,1.0,0.0,1.0,8.0,4.75,0.0,0.0
5330018,58,d,14,Yerushalmi,0.1,0.0,0.5,0.9,1.0,0.0,1.0,10.0,5.5,0.0,0.1
5330018,58,d,15,Yerushalmi,0.1429,0.0,0.4286,0.8571,1.4286,0.0,0.0,7.0,5.4286,0.0,0.0
5330018,58,d,16,Yerushalmi,0.0,0.0,0.0909,0.4545,0.6364,0.0,0.0,11.0,4.1818,0.0,0.0
5330018,58,d,24,Yerushalmi,0.0,0.0,0.6667,0.5,1.0,0.0,0.0,3.0,4.3333,0.0,0.0
5330018,58,d,26,Yerushalmi,0.2857,0.0,0.5714,0.8571,0.5714,0.0,0.0,7.0,3.8571,0.5,0.0
5330018,58,d,27,Yerushalmi,0.0833,0.0833,0.25,0.6667,0.6667,0.0,0.0,12.0,3.1667,0.125,0.25
5330018,58,d,28,Yerushalmi,0.0,0.0,0.3333,0.5,0.3333,0.0,0.0,3.0,3.6667,1.0,0.0
5330018,58,d,29,Yerushalmi,0.2,0.0,0.4,0.9,0.6,0.0,0.5,10.0,4.6,0.0,0.1667
5330018,58,d,31,Yerushalmi,0.0833,0.0,0.4167,0.4167,0.3333,0.0,1.0,12.0,4.5833,0.0,0.0
5330018,58,d,32,Yerushalmi,0.1,0.1,0.5,0.6,0.2,0.0,0.0,10.0,4.1,0.0,0.0
5330018,59,a,31,Yerushalmi,0.1818,0.0909,0.0909,1.0,0.6364,0.0,0.0,11.0,3.7273,0.4286,0.1429
5330018,59,a,32,Yerushalmi,0.0,0.125,0.25,0.5,0.25,0.0,0.0,8.0,3.875,0.5,0.0
5330018,59,b,21,Yerushalmi,0.0,0.0,0.1429,0.8571,0.2857,0.0,0.0,7.0,3.5714,0.0,0.0
5330018,59,b,22,Yerushalmi,0.0,0.0,0.0,0.5,2.0,0.0,0.0,2.0,5.5,0.0,0.0
5330018,59,b,24,Yerushalmi,0.0,0.0,0.0,0.5,1.0,0.0,0.0,2.0,3.5,0.5,0.0
5330018,59,b,25,Yerushalmi,0.2222,0.0,0.3333,0.8889,1.0,0.0,0.0,9.0,4.0,0.1111,0.1111
5330018,59,b,28,Yerushalmi,0.1538,0.0,0.5385,0.9231,0.9231,0.0,0.5,13.0,4.2308,0.0,0.0833
5330018,59,b,29,Yerushalmi,0.1429,0.1429,0.5714,0.8571,1.0,0.0,0.0,7.0,4.5714,0.1429,0.0
5330018,59,b,48,Yerushalmi,0.0,0.1667,0.1667,0.5,0.3333,0.0,0.0,6.0,3.3333,0.0,0.5
5330018,59,b,62,Yerushalmi,0.0714,0.1429,0.3571,0.7857,0.5,0.0,0.3333,14.0,3.2143,0.1429,0.4286
5330018,59,b,63,Yerushalmi,0.0,0.1765,0.3529,0.7647,0.4706,0.0,0.3333,17.0,3.7647,0.0,0.125
5330018,59,b,64,Yerushalmi,0.0,1.0,1.0,0.5,0.0,0.0,0.0,1.0,5.0,0.0,0.0
5330018,59,c,05,Yerushalmi,0.0769,0.0769,0.6923,0.8462,0.5385,0.0,0.0,13.0,4.5385,0.1429,0.0
5330018,59,c,06,Yerushalmi,0.0,0.0,0.0,0.5,0.6667,0.0,0.0,3.0,5.6667,0.0,0.0
5330018,59,c,31,Yerushalmi,0.1667,0.0,0.75,0.6667,0.6667,0.0,0.0,12.0,4.1667,0.25,0.125
5330018,59,c,32,Yerushalmi,0.0909,0.0909,0.1818,0.4545,0.5455,0.0,0.0,11.0,4.1818,0.1667,0.1667
5330018,59,c,43,Yerushalmi,0.0,0.0,0.5714,0.8571,0.8571,0.0,0.0,7.0,4.4286,0.0,0.1667
5330018,59,c,44,Yerushalmi,0.0,0.0,0.6364,0.6364,1.0909,0.0,0.0,11.0,5.4545,0.0,0.0833
5330018,59,c,45,Yerushalmi,0.1429,0.1429,0.1429,0.5,0.5714,0.0,0.0,14.0,3.0,0.25,0.0
5330018,59,c,50,Yerushalmi,0.3333,0.0,0.0,0.5,0.0,0.0,0.0,3.0,5.0,0.0,0.0
5330018,59,c,62,Yerushalmi,0.0,0.0909,0.1818,0.6364,0.3636,0.0,0.0,11.0,2.9091,0.0,0.25
5330018,59,c,63,Yerushalmi,0.1538,0.1538,0.6923,0.8462,0.4615,0.0,0.25,13.0,4.0769,0.0,0.1667
5330018,59,d,01,Yerushalmi,0.0,0.0,0.5,0.5,0.0,0.0,0.0,2.0,3.5,0.0,0.0
5330018,59,d,02,Yerushalmi,0.2143,0.0714,0.3571,0.5714,0.7143,0.0,0.0,14.0,3.5714,0.4,0.1
5330018,59,d,03,Yerushalmi,0.0,0.0,0.3333,0.5,0.6667,0.0,0.0,3.0,2.6667,0.0,0.5
5330018,59,d,07,Yerushalmi,0.0,0.0,0.6667,0.5,1.0,0.0,0.0,3.0,4.0,0.0,0.0
5330018,59,d,14,Yerushalmi,0.1667,0.3333,0.3333,1.0,0.0,0.0,0.3333,6.0,4.5,0.0,0.0
5330018,59,d,15,Yerushalmi,0.1429,0.2143,0.2857,0.9286,0.7143,0.0,0.4,14.0,4.0,0.2,0.0
5330018,59,d,16,Yerushalmi,0.0,0.0,0.4,0.7333,1.2667,0.0,0.0,15.0,3.9333,0.0,0.1579
5330018,59,d,17,Yerushalmi,0.125,0.1875,0.5625,0.8125,0.375,0.0,0.4,16.0,4.875,0.0,0.0
5330018,59,d,18,Yerushalmi,0.0556,0.1667,0.2778,1.0,0.5556,0.0,0.2,18.0,3.7778,0.3,0.1
5330018,59,d,19,Yerushalmi,0.0,0.2,0.4,0.8,0.4,0.0,0.0,5.0,3.8,0.0,0.5
5330022,75,d,57,Yerushalmi,0.0,0.0,0.6667,0.5,1.3333,0.0,0.0,3.0,3.6667,0.0,0.0
5330022,75,d,58,Yerushalmi,0.3333,0.3333,0.3333,0.5,0.0,0.0,1.0,3.0,4.3333,0.0,0.0
5330022,75,d,62,Yerushalmi,0.0769,0.0769,0.4615,0.6154,0.5385,0.0,1.0,13.0,3.7692,0.1429,0.2857
5330022,76,a,10,Yerushalmi,0.3333,0.0,0.0,0.5,1.3333,0.0,0.0,3.0,4.0,0.25,0.0
5330022,76,a,11,Yerushalmi,0.25,0.0,0.75,0.75,0.25,0.0,0.0,4.0,5.25,0.0,0.0
5330022,76,a,14,Yerushalmi,0.0,0.0,0.6667,1.0,0.8333,0.0,0.0,6.0,3.8333,0.2,0.0
5330022,76,a,20,Yerushalmi,0.0,0.0,0.6667,0.5,1.0,0.0,0.0,3.0,5.0,0.0,0.3333
5330022,76,a,27,Yerushalmi,0.1111,0.0,0.5556,0.8889,1.0,0.0,0.0,9.0,3.7778,0.0,0.1111
5330022,76,b,24,Yerushalmi,0.0,0.1429,0.7143,0.7143,0.4286,0.0,0.0,7.0,3.1429,0.0,0.3333
5330022,76,b,30,Yerushalmi,0.0,0.0,0.3333,1.0,0.8333,0.0,0.0,6.0,3.3333,0.2,0.2
5330022,76,b,31,Yerushalmi,0.0,0.0,0.3,1.0,0.6,0.0,0.0,10.0,3.6,0.0,0.1667
5330022,76,b,39,Yerushalmi,0.0,0.0,0.0,0.5,1.0,0.0,0.0,2.0,5.5,0.5,0.0
5330022,76,b,40,Yerushalmi,0.3333,0.0,0.6667,0.5,0.0,0.0,1.0,3.0,5.0,0.0,0.0
5330022,76,b,58,Yerushalmi,0.0,0.0,0.3,0.4,0.3,0.0,0.0,10.0,3.8,0.0,0.0
5330022,76,b,59,Yerushalmi,0.0,0.0,0.25,0.3333,0.4167,0.0,0.0,12.0,3.5,0.0,0.0
5330022,76,c,26,Yerushalmi,0.0,0.0,0.0,0.5,0.0,0.0,0.0,3.0,3.6667,0.0,0.0
5330022,76,c,27,Yerushalmi,0.0909,0.0,1.0909,0.8182,0.3636,0.0,0.0,11.0,4.4545,0.0,0.25
5330022,76,c,28,Yerushalmi,0.0,0.3846,0.5385,0.7692,0.7692,0.0,0.4,13.0,4.3077,0.2,0.2
5330022,76,c,29,Yerushalmi,0.0,0.0,0.3077,0.5385,0.6154,0.0,1.0,13.0,4.3846,0.0,0.5
5330022,76,c,30,Yerushalmi,0.0,0.0,0.3077,0.7692,0.3077,0.0,1.0,13.0,4.3077,0.0,0.25
5330022,76,c,31,Yerushalmi,0.2,0.0,0.4,1.0,0.4,0.0,1.0,5.0,5.0,0.0,0.5
5330022,76,c,40,Yerushalmi,0.125,0.0,0.375,0.875,0.5,0.0,0.0,8.0,3.875,0.0,0.5
5330022,76,c,41,Yerushalmi,0.0,0.0833,0.4167,0.75,1.0833,0.0,0.0,12.0,4.0,0.1538,0.1538
5330022,76,c,42,Yerushalmi,0.0,0.0,0.0,0.0,0.0,0.0,0.0,5.0,5.6,0.0,0.0
5330022,76,c,44,Yerushalmi,0.0,0.2,0.0,0.2,0.0,0.0,0.0,5.0,3.0,0.0,0.0
5330022,76,c,45,Yerushalmi,0.0625,0.0,0.25,0.75,0.6875,0.0,0.0,16.0,3.5,0.1818,0.1818
5330022,76,c,46,Yerushalmi,0.0,0.1667,0.3333,0.75,1.0,0.0,0.0,12.0,3.5,0.0833,0.1667
5330022,76,c,56,Yerushalmi,0.0,0.0,0.2,0.4,0.3,0.0,0.0,10.0,3.6,0.0,0.0
5330022,76,c,58,Yerushalmi,0.0714,0.0,0.2143,0.5,0.5,0.0,0.0,14.0,4.0714,0.1429,0.1429
5330022,76,c,59,Yerushalmi,0.0556,0.0,0.0556,0.1667,0.1111,0.0,0.0,18.0,3.0556,0.0,0.5
5330022,76,c,60,Yerushalmi,0.0,0.0,0.1667,0.25,0.3333,0.0,0.0,12.0,4.75,0.0,0.0
5330022,76,c,61,Yerushalmi,0.0714,0.0,0.1429,0.2857,0.2143,0.0,0.0,14.0,3.3571,0.3333,0.3333
5330022,76,c,62,Yerushalmi,0.0,0.0,0.4,0.8,0.0,0.0,0.0,5.0,3.2,0.0,0.0
5330022,76,c,63,Yerushalmi,0.0714,0.1429,0.5,0.7857,1.3571,0.0,0.3333,14.0,4.1429,0.1053,0.0526
5330022,76,c,64,Yerushalmi,0.0,0.0,0.3333,0.5,0.6667,0.0,0.0,3.0,6.6667,0.0,0.0
5330022,76,d,02,Yerushalmi,0.0,0.0556,0.3889,0.8333,0.4444,0.0,0.0,18.0,3.3333,0.125,0.5
5330022,76,d,03,Yerushalmi,0.25,0.0833,0.75,0.8333,0.6667,0.0,0.0,12.0,4.75,0.125,0.25
5330022,76,d,04,Yerushalmi,0.0,0.0,0.0,0.0,0.0,0.0,0.0,12.0,4.4167,0.0,0.0
5330022,76,d,05,Yerushalmi,0.125,0.0,0.1875,0.5,0.375,0.0,0.0,16.0,3.4375,0.1667,0.0
5330022,76,d,06,Yerushalmi,0.0,0.0,0.1667,0.1667,0.0,0.0,0.0,6.0,3.6667,0.0,0.0
5330022,76,d,36,Yerushalmi,0.0,0.0,0.8235,0.5882,0.9412,0.0,0.0,17.0,3.2353,0.0,0.1875
5330022,76,d,37,Yerushalmi,0.0,0.0,0.75,0.5833,1.0833,0.0,0.0,12.0,3.3333,0.0,0.1538
5330022,76,d,39,Yerushalmi,0.1,0.1,0.2,0.5,0.4,0.0,0.0,10.0,4.5,0.0,0.25
5330022,77,a,14,Yerushalmi,0.0909,0.0,0.1818,0.1818,0.1818,0.0,0.0,11.0,4.2727,0.0,0.0
5330022,77,a,15,Yerushalmi,0.0,0.0,0.2,0.5,0.4,0.0,0.0,10.0,3.9,0.0,0.0
5330022,77,a,16,Yerushalmi,0.0,0.0,0.0,0.0,0.0,0.0,0.0,4.0,4.0,0.0,0.0
5330022,77,a,19,Yerushalmi,0.0,0.2,0.0,1.0,0.4,0.0,0.0,5.0,2.8,0.5,0.0
5330022,77,a,34,Yerushalmi,0.5,0.0,0.0,0.5,0.0,0.0,1.0,2.0,6.0,0.0,0.0
5330022,77,a,35,Yerushalmi,0.0,0.125,0.5,0.875,0.625,0.0,1.0,8.0,4.875,0.2,0.2
5330022,77,a,36,Yerushalmi,0.1111,0.0,0.3889,0.6667,0.7222,0.0,0.0,18.0,3.0,0.0769,0.4615
5330022,77,a,37,Yerushalmi,0.1,0.2,0.3,0.9,1.2,0.0,1.0,10.0,5.8,0.0833,0.0833
5330022,77,a,38,Yerushalmi,0.0667,0.0,0.4667,0.6667,0.9333,0.0,0.0,15.0,3.6,0.0714,0.2857
5330022,77,a,39,Yerushalmi,0.0,0.0,1.0,0.5,1.3333,0.0,0.0,3.0,4.6667,0.0,0.25
5330022,77,b,11,Yerushalmi,0.0,0.1818,0.3636,0.8182,1.0909,0.0,0.0,11.0,3.9091,0.1667,0.1667
5330022,77,b,12,Yerushalmi,0.2143,0.0,0.6429,0.8571,1.0714,0.0,0.0,14.0,4.0,0.2,0.0667
5330022,77,b,13,Yerushalmi,0.25,0.0833,0.5,0.6667,0.6667,0.0,0.0,12.0,4.8333,0.125,0.0
5330022,77,b,14,Yerushalmi,0.0769,0.0,0.6154,0.7692,0.9231,0.0,0.0,13.0,4.3846,0.0,0.0833
5330022,77,b,15,Yerushalmi,0.0,0.0,0.0,0.0,0.0,0.0,0.0,14.0,3.6429,0.0,0.0
5330022,77,b,16,Yerushalmi,0.0833,0.1667,0.3333,0.75,0.75,0.0,0.3333,12.0,5.0,0.0,0.1111
5330022,77,b,17,Yerushalmi,0.0,0.3333,0.0,0.5,0.4167,0.0,0.25,12.0,4.25,0.2,0.0
5330022,77,b,18,Yerushalmi,0.0,0.0909,0.1818,0.3636,0.6364,0.0,1.0,11.0,6.0,0.0,0.0
5330022,77,b,19,Yerushalmi,0.0,0.2857,0.1429,0.5714,0.8571,0.0,1.0,7.0,6.2857,0.1667,0.0
5330022,77,b,20,Yerushalmi,0.0,0.0,0.0,1.0,1.2,0.0,0.0,5.0,3.2,0.0,0.0
5330022,77,b,21,Yerushalmi,0.3636,0.0909,0.3636,1.0,0.6364,0.0,0.0,11.0,4.9091,0.2857,0.1429
5330022,77,b,22,Yerushalmi,0.0625,0.0,0.5,0.75,1.0,0.0,0.0,16.0,3.3125,0.0625,0.125
5330022,77,b,23,Yerushalmi,0.05,0.0,0.3,0.35,0.5,0.0,0.0,20.0,3.15,0.0,0.4
5330022,77,b,24,Yerushalmi,0.0,0.0,0.1538,0.3077,0.3846,0.0,0.0,13.0,3.8462,0.0,0.0
5330022,77,b,25,Yerushalmi,0.0714,0.0,0.0,0.4286,0.4286,0.0,0.0,14.0,3.5714,0.0,0.0
5330022,77,b,26,Yerushalmi,0.0,0.0,0.25,0.5,0.5833,0.0,0.0,12.0,4.3333,0.0,0.1429
5330022,77,b,27,Yerushalmi,0.0,0.0,0.4545,0.4545,0.7273,0.0,0.0,11.0,3.6364,0.0,0.375
5330022,77,b,31,Yerushalmi,0.1111,0.0,0.2222,1.0,1.1111,0.0,0.0,9.0,3.8889,0.1,0.0
5330022,77,b,32,Yerushalmi,0.0,0.0,0.0,0.5,0.5,0.0,0.0,4.0,2.75,0.0,0.0
5330022,77,b,33,Yerushalmi,0.0,0.0,0.0,0.0,0.0,0.0,0.0,11.0,4.4545,0.0,0.0
5330022,77,b,34,Yerushalmi,0.0,0.0,0.2143,0.2143,0.2857,0.0,0.0,14.0,4.5714,0.0,0.0
5330022,77,b,35,Yerushalmi,0.0,0.0,0.3846,0.5385,0.7692,0.0,0.0,13.0,4.6154,0.0,0.1
5330022,77,b,36,Yerushalmi,0.0,0.0,0.5,0.3333,0.1667,0.0,0.0,6.0,4.8333,0.0,1.0
5330022,77,b,43,Yerushalmi,0.0,0.0,0.4,0.6,0.9,0.0,0.0,10.0,3.5,0.0,0.2222
5330022,77,b,44,Yerushalmi,0.0,0.0,0.5714,0.7143,0.8571,0.0,0.0,7.0,3.7143,0.0,0.3333
5330022,77,b,47,Yerushalmi,0.0,0.0,0.2941,0.3529,0.4706,0.0,0.0,17.0,2.8824,0.0,0.375
5330022,77,b,48,Yerushalmi,0.0667,0.0667,0.5333,0.7333,0.6,0.0,0.3333,15.0,3.9333,0.0,0.3333
5330022,77,b,49,Yerushalmi,0.0,0.0,0.375,1.0,1.25,0.0,0.0,8.0,2.875,0.0,0.3
5330022,77,b,52,Yerushalmi,0.0,0.1667,0.5,1.0,0.3333,0.0,0.0,6.0,2.5,0.0,0.5
5330022,77,b,63,Yerushalmi,0.0,0.0,0.0,0.0,0.0,0.0,0.0,4.0,4.0,0.0,0.0
5330022,77,b,64,Yerushalmi,0.0909,0.0,0.3636,0.9091,1.3636,0.0,0.0,11.0,4.1818,0.0667,0.0
5330022,77,c,01,Yerushalmi,0.0,0.0,0.3889,0.6111,1.1667,0.0,0.0,18.0,3.2778,0.0,0.1905
5330022,77,c,02,Yerushalmi,0.0,0.0,0.0,0.0,0.0,0.0,0.0,12.0,4.1667,0.0,0.0
5330022,77,c,03,Yerushalmi,0.0,0.0,0.0769,0.0769,0.0,0.0,0.0,13.0,3.5385,0.0,0.0
5330022,77,c,04,Yerushalmi,0.0714,0.0,0.2857,0.4286,0.5,0.0,0.0,14.0,4.0714,0.1429,0.0
5330022,77,c,05,Yerushalmi,0.1538,0.0,0.3846,0.8462,1.3846,0.0,0.0,13.0,4.4615,0.0556,0.0556
5330022,77,c,09,Yerushalmi,0.1429,0.0,0.9286,0.7857,0.8571,0.0,0.0,14.0,4.2143,0.0833,0.1667
5330022,77,c,10,Yerushalmi,0.1333,0.0667,0.9333,0.6667,0.8,0.0,0.0,15.0,3.5333,0.0833,0.3333
5330022,77,c,18,Yerushalmi,0.0,0.0,0.0,0.5,1.0,0.0,0.0,6.0,5.1667,0.0,0.0
5330022,77,c,35,Yerushalmi,0.0,0.1667,0.5,1.0,0.3333,0.0,0.0,6.0,3.5,0.0,0.0
5330022,77,c,36,Yerushalmi,0.0,0.0,0.875,0.875,0.375,0.0,0.0,8.0,3.75,0.3333,0.0
5330022,77,c,55,Yerushalmi,0.1111,0.0,0.1111,1.0,0.8889,0.0,0.0,9.0,2.7778,0.0,0.125
5330022,77,d,04,Yerushalmi,0.0,0.2,0.4,1.0,0.6,0.0,0.0,5.0,3.6,0.3333,0.3333
5330022,77,d,28,Yerushalmi,0.0,0.0,0.25,1.0,1.5,0.0,0.0,4.0,3.75,0.1667,0.0
5330022,77,d,29,Yerushalmi,0.0833,0.0,0.3333,0.5833,0.3333,0.0,0.0,12.0,4.5,0.0,0.25
5330022,77,d,30,Yerushalmi,0.0,0.0,0.2727,0.8182,0.7273,0.0,0.0,11.0,4.7273,0.125,0.0
5330022,77,d,31,Yerushalmi,0.0,0.0,0.2222,0.1111,0.0,0.0,0.0,9.0,6.5556,0.0,0.0
5330022,77,d,32,Yerushalmi,0.0769,0.0,0.0769,0.3077,0.3846,0.0,0.0,13.0,3.9231,0.2,0.2
5330022,77,d,33,Yerushalmi,0.1538,0.1538,0.3846,0.9231,0.8462,0.0,0.25,13.0,3.9231,0.0909,0.2727
5330022,77,d,34,Yerushalmi,0.0,0.1538,0.3846,0.9231,1.0,0.0,0.0,13.0,4.0769,0.0,0.0769
5330022,77,d,35,Yerushalmi,0.1667,0.0833,0.6667,0.75,0.9167,0.0,0.0,12.0,3.9167,0.0,0.0909
5330022,77,d,36,Yerushalmi,0.0769,0.0769,0.3077,0.6923,0.4615,0.0,0.5,13.0,4.2308,0.0,0.1667
5330022,77,d,37,Yerushalmi,0.0,0.0833,0.5,0.5833,1.1667,0.0,0.0,12.0,4.5833,0.0,0.0714
5330022,77,d,38,Yerushalmi,0.1667,0.25,0.3333,0.75,0.6667,0.0,0.0,12.0,4.5,0.125,0.25
5330022,77,d,39,Yerushalmi,0.0909,0.0,0.5455,1.0,1.0,0.0,0.0,11.0,4.5455,0.1818,0.0909
5330022,77,d,40,Yerushalmi,0.1429,0.1429,0.5,0.7857,0.7857,0.0,0.25,14.0,3.8571,0.1818,0.0
5330022,77,d,41,Yerushalmi,0.0714,0.2857,0.3571,0.7143,0.9286,0.0,0.0,14.0,3.5714,0.2308,0.1538
5330022,77,d,42,Yerushalmi,0.0833,0.0833,0.25,0.3333,0.0833,0.0,0.5,12.0,4.1667,0.0,0.0
5330022,77,d,43,Yerushalmi,0.1538,0.2308,0.2308,0.8462,0.6154,0.0,0.2,13.0,3.8462,0.375,0.0
5330022,77,d,44,Yerushalmi,0.2,0.1,0.4,0.9,1.1,0.0,0.6667,10.0,5.7,0.0909,0.0
5330022,77,d,45,Yerushalmi,0.0714,0.2857,0.5714,0.7857,1.2143,0.0,0.0,14.0,3.9286,0.1176,0.0
5330022,77,d,46,Yerushalmi,0.1538,0.0769,0.5385,1.0,0.6923,0.0,0.6667,13.0,3.8462,0.3333,0.2222
5330022,77,d,47,Yerushalmi,0.25,0.3333,0.75,0.8333,0.5,0.0,0.5714,12.0,4.3333,0.6667,0.1667
5330022,77,d,48,Yerushalmi,0.0714,0.0714,0.3571,0.5714,0.6429,0.0,0.5,14.0,3.9286,0.1111,0.1111
5330022,77,d,49,Yerushalmi,0.0667,0.0667,0.0667,0.2,0.1333,0.0,1.0,15.0,3.6667,0.0,0.5
5330022,77,d,50,Yerushalmi,0.2308,0.0,0.5385,0.8462,0.6923,0.0,0.0,13.0,3.7692,0.1111,0.2222
5330022,77,d,51,Yerushalmi,0.0,0.1538,0.5385,0.6923,1.3077,0.0,0.0,13.0,4.1538,0.0588,0.0588
5330022,77,d,52,Yerushalmi,0.0625,0.0,0.625,0.6875,0.6875,0.0,0.0,16.0,3.5,0.0909,0.1818
5330022,77,d,53,Yerushalmi,0.0667,0.0,0.7333,0.6667,0.8667,0.0,0.0,15.0,3.8,0.1538,0.1538
5330022,77,d,54,Yerushalmi,0.1667,0.0833,0.25,0.6667,1.0,0.0,0.6667,12.0,4.25,0.3333,0.0
5330022,77,d,55,Yerushalmi,0.25,0.0833,0.3333,0.9167,0.75,0.0,0.5,12.0,4.3333,0.2222,0.1111
5330022,77,d,56,Yerushalmi,0.0,0.0714,0.5714,0.7857,0.8571,0.0,0.0,14.0,3.7143,0.0833,0.0833
5330022,77,d,57,Yerushalmi,0.1429,0.0,0.5714,0.8571,0.8571,0.0,0.0,14.0,3.9286,0.1667,0.0833
5330022,77,d,58,Yerushalmi,0.1538,0.0,0.3846,0.8462,1.1538,0.0,0.0,13.0,3.9231,0.0667,0.0667
5330022,77,d,59,Yerushalmi,0.0,0.125,0.375,1.0,0.6875,0.0,0.0,16.0,3.0625,0.0,0.0909
5330022,77,d,60,Yerushalmi,0.0833,0.0,0.25,0.4167,0.5833,0.0,0.0,12.0,4.0,0.0,0.1429
5330022,77,d,61,Yerushalmi,0.0833,0.6667,0.3333,0.8333,0.5833,0.0,0.7778,12.0,5.5,0.4286,0.2857
5330022,77,d,62,Yerushalmi,0.0909,0.1818,0.3636,1.0,0.9091,0.0,0.3333,11.0,4.3636,0.3,0.1
5330022,77,d,63,Yerushalmi,0.0769,0.3077,0.4615,0.6923,0.6923,0.0,0.0,13.0,4.0769,0.3333,0.0
5330022,77,d,64,Yerushalmi,0.2,0.1,0.5,0.9,0.8,0.0,0.0,10.0,5.3,0.0,0.0
5330022,78,a,01,Yerushalmi,0.2143,0.0,0.5,0.9286,0.8571,0.0,0.0,14.0,3.2857,0.0833,0.1667
5330022,78,a,02,Yerushalmi,0.0714,0.0,0.6429,0.7857,0.8571,0.0,0.0,14.0,4.0714,0.0,0.25
5330022,78,a,03,Yerushalmi,0.0,0.0,0.3571,0.7857,1.2143,0.0,0.0,14.0,4.0,0.0,0.1176
5330022,78,a,04,Yerushalmi,0.0,0.2,0.6,0.7333,1.2,0.0,0.0,15.0,3.6,0.0,0.0556
5330022,78,a,05,Yerushalmi,0.0,0.1538,0.6923,0.5385,1.1538,0.0,0.0,13.0,4.1538,0.0,0.0
5330022,78,a,06,Yerushalmi,0.0,0.0769,0.5385,0.6923,1.1538,0.0,1.0,13.0,4.0769,0.0,0.0667
5330022,78,a,07,Yerushalmi,0.0,0.2,0.3333,0.8667,1.0,0.0,0.75,15.0,3.9333,0.0667,0.1333
5330022,78,a,08,Yerushalmi,0.0714,0.1429,0.4286,0.8571,1.1429,0.0,0.3333,14.0,4.1429,0.0625,0.1875
5330022,78,a,09,Yerushalmi,0.1538,0.1538,0.3077,0.7692,1.1538,0.0,0.0,13.0,4.6154,0.2,0.0
5330022,78,a,10,Yerushalmi,0.0,0.0,1.0,0.5,2.0,0.0,0.0,1.0,8.0,0.0,0.0
5330022,78,a,22,Yerushalmi,0.0,0.1667,0.1667,0.4167,0.3333,0.0,0.0,12.0,3.9167,0.0,0.5
5330022,78,a,36,Yerushalmi,0.1875,0.0,0.125,0.75,0.5625,0.0,0.0,16.0,3.9375,0.1111,0.1111
5330022,78,a,37,Yerushalmi,0.0,0.0769,0.3846,0.3846,0.2308,0.0,0.0,13.0,4.0,0.0,0.3333
5330022,78,a,38,Yerushalmi,0.25,0.25,0.5,1.0,0.5,0.0,0.0,4.0,4.0,0.5,0.0
5330022,78,a,49,Yerushalmi,0.375,0.0,0.375,1.0,0.625,0.0,0.0,8.0,4.625,0.4,0.0
5330022,78,a,50,Yerushalmi,0.125,0.25,0.5,0.75,0.75,0.0,0.0,8.0,3.875,0.1667,0.0
5330022,78,b,29,Yerushalmi,0.0,0.0,0.4,1.0,1.0,0.0,0.0,5.0,3.6,0.0,0.0
5330022,78,b,38,Yerushalmi,0.0,0.3333,0.3333,0.5,0.6667,0.0,0.0,3.0,3.3333,0.0,0.0
5330022,78,b,39,Yerushalmi,0.0,0.0,0.2,0.4,0.6,0.0,0.0,5.0,5.2,0.0,0.0
5330022,78,b,53,Yerushalmi,0.0,0.25,0.5,1.0,1.0,0.0,0.0,4.0,3.75,0.0,0.25
5330022,78,c,06,Yerushalmi,0.0,0.0,0.3333,0.8333,0.5,0.0,0.0,6.0,3.1667,0.3333,0.3333
5330022,78,c,07,Yerushalmi,0.0,0.25,0.5,1.0,0.5,0.0,0.0,4.0,3.5,0.0,0.0
5330022,78,c,20,Yerushalmi,0.0,0.125,0.5,0.75,0.875,0.0,0.0,8.0,4.0,0.0,0.0
5330022,78,d,19,Yerushalmi,0.0,0.5,1.0,0.5,0.5,0.0,0.0,2.0,3.0,0.0,0.0
5330022,78,d,20,Yerushalmi,0.1429,0.0714,0.5,0.7143,0.8571,0.0,0.0,14.0,3.9286,0.1667,0.1667
5330022,78,d,21,Yerushalmi,0.1429,0.2143,0.1429,0.6429,0.5,0.0,0.2,14.0,4.0,0.2857,0.0
5330022,78,d,22,Yerushalmi,0.1538,0.0,0.3846,0.7692,0.5385,0.0,0.5,13.0,4.1538,0.2857,0.0
5330022,78,d,23,Yerushalmi,0.0,0.0,0.3333,0.6667,1.1667,0.0,0.0,12.0,4.25,0.0,0.0714
5330022,78,d,24,Yerushalmi,0.0,0.0,0.1429,0.2143,0.2143,0.0,0.0,14.0,3.3571,0.0,0.3333
5330022,78,d,25,Yerushalmi,0.0,0.0,0.0833,0.1667,0.3333,0.0,0.0,12.0,4.3333,0.0,0.0
5330022,78,d,26,Yerushalmi,0.0667,0.3333,0.3333,0.8,1.0,0.0,0.1667,15.0,3.6667,0.1333,0.0
5330022,78,d,27,Yerushalmi,0.0769,0.1538,0.5385,0.8462,0.8462,0.0,0.0,13.0,4.3077,0.1818,0.0909
5330022,78,d,28,Yerushalmi,0.0,0.0,0.0,0.5,2.0,0.0,0.0,1.0,5.0,0.0,0.0
5330022,78,d,62,Yerushalmi,0.0,0.0,0.3333,0.5,1.3333,0.0,0.0,3.0,3.3333,0.0,0.25
5330022,79,a,63,Yerushalmi,0.0,0.25,0.5,1.0,1.0,0.0,0.0,4.0,3.25,0.0,0.25
5330022,79,b,01,Yerushalmi,0.0,0.0,0.6,0.8,1.2,0.0,0.0,5.0,3.2,0.0,0.3333
5330022,79,b,03,Yerushalmi,0.0,0.0,0.1111,0.1111,0.1111,0.0,0.0,9.0,3.1111,0.0,0.0
5330022,79,b,04,Yerushalmi,0.3077,0.0769,0.5385,0.7692,0.6154,0.0,0.0,13.0,3.9231,0.375,0.125
5330022,79,b,05,Yerushalmi,0.0,0.0,0.0,0.5,0.0,0.0,0.0,3.0,5.0,0.0,0.0
5330022,79,b,06,Yerushalmi,0.3333,0.0,0.3333,0.5,0.3333,0.0,0.0,3.0,5.0,1.0,0.0
5330022,79,b,07,Yerushalmi,0.0,0.0,0.0,0.5,0.0,0.0,0.0,2.0,4.0,0.0,0.0
5330022,79,b,15,Yerushalmi,1.0,0.0,0.0,0.5,0.0,0.0,1.0,1.0,4.0,0.0,0.0
5330022,79,b,16,Yerushalmi,0.0,0.0,0.0,0.5,0.6667,0.0,0.0,3.0,3.0,0.5,0.0
5330022,79,b,34,Yerushalmi,0.0,0.0,0.4286,1.0,0.7143,0.0,0.0,7.0,3.2857,0.2,0.2
5330022,79,b,35,Yerushalmi,0.0,0.0,0.3636,0.4545,0.5455,0.0,0.0,11.0,3.1818,0.0,0.3333
5330022,79,b,60,Yerushalmi,0.0714,0.0,0.4286,0.6429,0.5714,0.0,0.0,14.0,4.3571,0.125,0.0
5330022,79,b,61,Yerushalmi,0.0667,0.0,0.4667,0.6667,0.6,0.0,0.0,15.0,4.2667,0.0,0.1111
5330022,79,c,12,Yerushalmi,0.0,0.1429,0.2857,0.8571,0.5714,0.0,0.0,7.0,3.7143,0.0,0.0
5330022,79,c,13,Yerushalmi,0.0,0.25,0.25,1.0,0.5,0.0,0.0,4.0,4.25,0.0,0.0
5330022,79,c,14,Yerushalmi,0.0,0.0,0.3333,0.5,0.6667,0.0,0.0,3.0,3.0,0.0,0.0
5330022,79,c,15,Yerushalmi,0.0,0.2,0.2,1.0,0.6,0.0,0.0,5.0,3.8,0.0,0.0
5330022,79,c,16,Yerushalmi,0.0,0.0,0.5,0.5,0.5,0.0,0.0,2.0,3.5,0.0,0.0
5330022,79,c,17,Yerushalmi,0.0,0.2,0.2,1.0,0.6,0.0,0.0,5.0,3.8,0.0,0.0
5330022,79,d,01,Yerushalmi,0.0,0.25,0.25,0.75,0.5,0.0,1.0,4.0,3.5,0.0,0.5
5330022,79,d,03,Yerushalmi,0.0,0.0,0.5,0.75,1.25,0.0,0.0,4.0,3.0,0.0,0.4
5330038,45,c,55,Yerushalmi,0.25,0.0,0.5,1.0,0.5,0.0,1.0,4.0,4.0,0.0,0.5
5330038,45,c,58,Yerushalmi,0.0,0.25,0.75,1.0,0.75,0.0,0.0,4.0,3.25,0.0,0.3333
5330038,45,c,61,Yerushalmi,0.0,0.3333,0.6667,0.5,1.0,0.0,0.0,3.0,3.3333,0.0,0.3333
5330038,45,c,63,Yerushalmi,0.0,0.0,0.2222,0.3889,0.7778,0.0,0.0,18.0,3.8889,0.0714,0.2857
5330038,45,c,64,Yerushalmi,0.0,0.0,0.5,0.5714,0.6429,0.0,0.0,14.0,3.6429,0.1111,0.3333
5330038,45,d,01,Yerushalmi,0.0833,0.0,0.4167,0.8333,0.75,0.0,0.0,12.0,4.0,0.3333,0.2222
5330038,45,d,02,Yerushalmi,0.0909,0.0,0.0909,0.2727,0.2727,0.0,0.0,11.0,5.1818,0.3333,0.3333
5330038,45,d,03,Yerushalmi,0.1667,0.0833,0.3333,0.6667,0.3333,0.0,0.0,12.0,4.6667,0.5,0.25
5330038,45,d,04,Yerushalmi,0.0,0.0,0.0,0.0,0.0,0.0,0.0,4.0,5.0,0.0,0.0
5330038,45,d,14,Yerushalmi,0.0,0.0,0.0,0.2222,0.3333,0.0,0.0,9.0,3.3333,0.0,0.0
5330038,45,d,15,Yerushalmi,0.1667,0.0,0.6667,0.5,0.3333,0.0,0.0,6.0,4.1667,0.0,0.0
5330038,45,d,33,Yerushalmi,0.1429,0.0,0.0,0.5714,0.2857,0.0,0.0,7.0,4.1429,0.5,0.0
5330038,45,d,39,Yerushalmi,0.25,0.0,1.0,1.0,0.5,0.0,0.0,4.0,3.5,0.5,0.0
5330038,45,d,40,Yerushalmi,0.1333,0.0667,0.4,0.6,0.4,0.0,0.0,15.0,3.7333,0.1667,0.3333
5330038,45,d,41,Yerushalmi,0.0,0.0,0.3333,0.5,1.0,0.0,0.0,3.0,4.0,0.3333,0.3333
5330038,45,d,43,Yerushalmi,0.0,0.0,0.5,1.0,1.0,0.0,0.0,4.0,3.75,0.25,0.25
5330038,45,d,44,Yerushalmi,0.0,0.3333,0.6667,0.5,1.0,0.0,0.0,3.0,3.3333,0.3333,0.0
5330038,45,d,52,Yerushalmi,0.0,0.3333,0.6667,0.5,0.3333,0.0,0.0,3.0,3.3333,0.0,0.0
5330038,45,d,56,Yerushalmi,0.2,0.0,0.2,1.0,0.4,0.0,0.0,5.0,3.6,0.5,0.0
5330038,45,d,57,Yerushalmi,0.0,0.0,0.2857,0.8571,0.7143,0.0,0.0,7.0,4.4286,0.4,0.2
5330038,45,d,59,Yerushalmi,0.0,0.1667,0.5,0.8333,1.0833,0.0,0.0,12.0,4.0,0.0769,0.1538
5330038,46,a,02,Yerushalmi,0.0,0.3333,0.6667,0.5,0.3333,0.0,0.0,3.0,3.3333,0.0,0.0
5330038,46,a,49,Yerushalmi,0.0,0.0,0.6667,0.5,1.0,0.0,0.0,3.0,4.6667,0.0,0.3333
5330038,46,a,59,Yerushalmi,0.1111,0.0,0.2222,0.3333,0.1111,0.0,0.0,9.0,3.5556,0.0,0.0
5330038,46,a,60,Yerushalmi,0.1111,0.0,0.4444,0.4444,0.4444,0.0,0.0,9.0,3.6667,0.0,0.25
5330038,46,c,33,Yerushalmi,0.3333,0.0,0.6667,0.5,0.6667,0.0,0.0,3.0,4.0,0.0,0.0
5330038,46,c,35,Yerushalmi,0.0,0.0,0.0,0.0,0.0,0.0,0.0,6.0,3.8333,0.0,0.0
5330038,46,c,37,Yerushalmi,0.1667,0.0,0.3333,0.6667,0.0,0.0,0.0,6.0,4.1667,0.0,0.0
5330038,46,c,45,Yerushalmi,0.0833,0.0,0.3333,0.4167,0.6667,0.0,0.0,12.0,4.0,0.0,0.0
5330038,46,c,46,Yerushalmi,0.0,0.0,0.3333,0.5,0.3333,0.0,0.0,6.0,4.0,0.0,0.0
5330038,46,c,55,Yerushalmi,0.0,0.0,0.2143,0.2857,0.3571,0.0,0.0,14.0,3.5714,0.0,0.0
5330038,46,c,57,Yerushalmi,0.1,0.0,0.2,0.6,0.6,0.0,0.0,10.0,4.1,0.0,0.0
5330038,46,c,58,Yerushalmi,0.0,0.0,0.1429,0.4286,0.2857,0.0,0.0,14.0,4.2143,0.0,0.0
5330038,46,c,62,Yerushalmi,0.1667,0.0,0.1667,0.5,0.6667,0.0,0.0,6.0,4.6667,0.0,0.0
5330038,46,d,06,Yerushalmi,0.0,0.0,0.3333,0.5,1.0,0.0,0.0,3.0,4.0,0.0,0.0
5330038,46,d,07,Yerushalmi,0.0,0.0,0.5,0.75,0.75,0.0,0.0,4.0,3.75,0.0,0.3333
5330038,46,d,09,Yerushalmi,0.0,0.1429,0.4286,0.8571,0.7143,0.0,0.0,7.0,4.0,0.2,0.2
5330038,46,d,14,Yerushalmi,0.0,0.1538,0.1538,0.6923,0.3077,0.0,0.0,13.0,3.8462,0.0,0.25
5330038,46,d,15,Yerushalmi,0.1667,0.0,0.4167,0.75,0.8333,0.0,0.0,12.0,5.0833,0.1,0.3
5330038,46,d,16,Yerushalmi,0.0,0.1538,0.1538,0.3846,0.2308,0.0,0.0,13.0,3.6154,0.0,0.3333
5330038,46,d,17,Yerushalmi,0.0,0.0714,0.2143,0.3571,0.5,0.0,0.0,14.0,3.5714,0.0,0.4286
5330038,46,d,18,Yerushalmi,0.0,0.0,0.1765,0.2941,0.2941,0.0,0.0,17.0,3.7647,0.0,0.2
5330038,46,d,19,Yerushalmi,0.0769,0.0769,0.5385,0.6923,0.7692,0.0,0.0,13.0,4.0769,0.0,0.2
5330038,46,d,20,Yerushalmi,0.0,0.0,0.1667,0.1667,0.0,0.0,0.0,6.0,3.8333,0.0,0.0
5330038,47,a,34,Yerushalmi,0.0,0.0,0.3333,0.5,0.6667,0.0,0.0,6.0,3.1667,0.0,0.25
5330038,47,a,35,Yerushalmi,0.0,0.0833,0.4167,1.0,1.0833,0.0,1.0,12.0,4.0833,0.0769,0.0769
5330038,47,a,36,Yerushalmi,0.0,0.0,0.6923,0.7692,0.6923,0.0,0.0,13.0,4.4615,0.1111,0.1111
5330038,47,a,37,Yerushalmi,0.1667,0.0,0.5,0.6667,0.5833,0.0,0.0,12.0,4.5833,0.2857,0.1429
5330038,47,a,38,Yerushalmi,0.1429,0.2143,0.3571,0.7143,1.0,0.0,0.0,14.0,3.5714,0.2857,0.2143
5330038,47,a,39,Yerushalmi,0.0,0.0588,0.2941,0.5294,1.0,0.0,0.0,17.0,3.0,0.0,0.1765
5330038,47,a,40,Yerushalmi,0.0,0.0,0.7692,0.9231,0.7692,0.0,0.0,13.0,3.7692,0.1,0.4
5330038,47,a,41,Yerushalmi,0.0,0.0,0.6923,0.7692,0.5385,0.0,0.0,13.0,4.1538,0.1429,0.4286
5330038,47,a,42,Yerushalmi,0.0,0.0769,0.6923,0.9231,0.6923,0.0,0.0,13.0,4.2308,0.2222,0.1111
5330038,47,a,43,Yerushalmi,0.0,0.0,0.0769,0.0769,0.1538,0.0,0.0,13.0,4.0769,0.0,0.0
5330038,47,a,44,Yerushalmi,0.0714,0.0714,0.3571,0.4286,0.2143,0.0,0.5,14.0,3.5714,0.3333,0.0
5330038,47,a,45,Yerushalmi,0.0,0.0,0.3077,0.4615,0.9231,0.0,0.0,13.0,3.6923,0.0833,0.3333
5330038,47,a,46,Yerushalmi,0.1,0.0,0.4,1.0,1.1,0.0,0.0,10.0,4.8,0.0909,0.1818
5330038,47,a,50,Yerushalmi,0.0833,0.0,0.25,0.4167,0.25,0.0,0.0,12.0,4.3333,0.0,0.3333
5330038,47,a,62,Yerushalmi,0.0,0.0,0.1111,0.3333,0.4444,0.0,0.0,9.0,4.1111,0.0,0.0
5330038,47,b,34,Yerushalmi,0.1667,0.0,0.1667,0.5,0.5,0.0,1.0,6.0,4.6667,0.0,0.3333
5330038,47,b,43,Yerushalmi,0.0,0.1111,0.2222,0.6667,0.0,0.0,0.0,9.0,3.2222,0.0,0.0
5330038,47,b,44,Yerushalmi,0.0,0.0,1.0,0.5,1.0,0.0,0.0,3.0,3.6667,0.0,0.6667
5330038,47,b,46,Yerushalmi,0.1667,0.0,0.5,0.8333,0.6667,0.0,1.0,6.0,5.1667,0.0,0.0
5330038,47,b,47,Yerushalmi,0.0,0.0,0.25,0.5,0.75,0.0,0.0,4.0,4.5,0.0,0.0
5330038,47,b,59,Yerushalmi,0.6667,0.0,0.6667,0.5,0.3333,0.0,0.5,3.0,6.3333,0.0,1.0
5330038,47,c,09,Yerushalmi,0.0,0.125,0.25,1.0,0.5,0.0,0.0,8.0,3.25,0.25,0.25
5330038,47,c,15,Yerushalmi,0.1667,0.0,0.6667,0.8333,1.0,0.0,0.0,6.0,4.3333,0.0,0.1667
5330038,47,c,16,Yerushalmi,0.0,0.0,0.3333,0.5,0.6667,0.0,0.0,3.0,3.3333,0.0,0.0
5330038,47,c,17,Yerushalmi,0.0,0.0,0.6667,0.5,1.3333,0.0,0.0,3.0,3.3333,0.0,0.0
5330038,47,c,27,Yerushalmi,0.0,0.0,0.4,0.4,0.2,0.0,0.0,5.0,3.8,0.0,0.0
5330038,47,d,03,Yerushalmi,0.0,0.0,0.75,1.0,1.25,0.0,0.0,4.0,4.25,0.0,0.4
5330038,47,d,04,Yerushalmi,0.0,0.0,0.75,0.875,1.125,0.0,0.0,8.0,4.0,0.0,0.3333
5330038,47,d,16,Yerushalmi,0.25,0.5,0.0,0.75,0.5,0.0,0.6667,4.0,4.75,0.5,0.0
5330038,47,d,17,Yerushalmi,0.3333,0.3333,0.6667,0.5,0.0,0.0,0.0,3.0,5.6667,0.0,0.0
5330038,47,d,24,Yerushalmi,0.0,0.0,0.2,1.0,0.8,0.0,0.0,5.0,2.8,0.0,0.0
5330038,47,d,25,Yerushalmi,0.0,0.0769,0.2308,0.6154,0.5385,0.0,0.0,13.0,3.8462,0.0,0.2857
5330038,47,d,30,Yerushalmi,0.1429,0.1429,0.5714,1.0,0.5714,0.0,0.0,7.0,5.2857,0.25,0.0
5330038,47,d,57,Yerushalmi,0.0,0.0,0.5,0.875,0.75,0.0,0.0,8.0,3.75,0.0,0.0
5330038,47,d,58,Yerushalmi,0.25,0.0,0.4167,0.9167,1.0,0.0,0.6667,12.0,4.4167,0.1667,0.0
5330038,47,d,59,Yerushalmi,0.0,0.0,0.4,1.0,0.6,0.0,0.0,5.0,3.8,0.0,0.6667
5330038,48,a,01,Yerushalmi,0.0,0.1111,0.0,0.1111,0.1111,0.0,0.0,9.0,3.2222,0.0,0.0
5330038,48,a,02,Yerushalmi,0.0,0.0769,0.0,0.0769,0.0769,0.0,0.0,13.0,3.3846,0.0,0.0
5330038,48,a,03,Yerushalmi,0.0,0.0,0.5,0.5,0.5,0.0,0.0,2.0,5.5,0.0,1.0
5330038,48,a,14,Yerushalmi,0.0769,0.0,0.6154,0.7692,1.3077,0.0,1.0,13.0,3.8462,0.0,0.2941
5330038,48,a,15,Yerushalmi,0.0,0.0,0.0,0.5,0.0,0.0,0.0,3.0,4.0,0.0,0.0
5330038,48,a,22,Yerushalmi,0.0,0.0,0.3333,0.5556,0.7778,0.0,0.0,9.0,4.4444,0.0,0.2857
5330038,48,a,33,Yerushalmi,0.0,0.0,0.2,0.8,1.2,0.0,0.0,5.0,3.8,0.0,0.0
5330038,48,a,39,Yerushalmi,0.0,0.0,0.0,0.0,0.0,0.0,0.0,7.0,4.2857,0.0,0.0
5330038,48,a,40,Yerushalmi,0.0,0.0833,0.0833,0.4167,0.4167,0.0,0.0,12.0,4.3333,0.2,0.0
5330038,48,a,41,Yerushalmi,0.0,0.0,0.0,0.5,0.0,0.0,0.0,3.0,4.0,0.0,0.0
5330038,48,a,48,Yerushalmi,0.0,0.0,0.3333,0.6667,1.0,0.0,0.0,6.0,5.0,0.0,0.3333
5330038,48,a,49,Yerushalmi,0.1,0.0,0.4,0.9,0.9,0.0,1.0,10.0,5.7,0.0,0.1111
5330038,48,a,50,Yerushalmi,0.2,0.0,0.2,0.4,0.2,0.0,1.0,10.0,5.3,0.0,0.0
5330038,48,a,51,Yerushalmi,0.0,0.0,0.2222,0.5556,0.6667,0.0,0.0,9.0,4.7778,0.1667,0.3333
5330038,48,a,53,Yerushalmi,0.0,0.2,0.0,1.0,0.4,0.0,0.0,5.0,2.8,0.0,0.0
5330038,48,a,54,Yerushalmi,0.0714,0.3571,0.5,0.7857,0.5,0.0,0.1667,14.0,4.5714,0.1429,0.1429
5330038,48,a,57,Yerushalmi,0.0909,0.0909,0.2727,0.9091,0.4545,0.0,0.0,11.0,3.6364,0.4,0.0
5330038,48,a,58,Yerushalmi,0.0769,0.0,0.1538,0.6923,0.6923,0.0,0.0,13.0,4.0,0.2222,0.0
5330038,48,a,59,Yerushalmi,0.0,0.0,1.0,0.5,1.0,0.0,0.0,3.0,4.6667,0.0,0.3333
5330038,48,b,17,Yerushalmi,0.0,0.0,0.25,1.0,1.5,0.0,0.0,4.0,4.0,0.1667,0.0
5330038,48,b,21,Yerushalmi,0.1111,0.1667,0.2222,0.8333,0.6111,0.0,0.0,18.0,3.3333,0.0909,0.1818
5330038,48,b,22,Yerushalmi,0.1538,0.0769,0.3077,0.8462,0.8462,0.0,0.0,13.0,4.0769,0.0909,0.1818
5330038,48,b,23,Yerushalmi,0.0833,0.3333,0.5833,1.0,0.6667,0.0,0.4,12.0,4.25,0.125,0.125
5330038,48,b,24,Yerushalmi,0.0,0.0,0.2,0.4,0.6,0.0,0.0,5.0,4.4,0.0,0.3333
5330038,48,b,41,Yerushalmi,0.0,0.0,0.3333,0.5,0.6667,0.0,0.0,3.0,2.3333,0.5,0.0
5330038,48,b,42,Yerushalmi,0.0,0.125,0.25,1.0,0.625,0.0,0.0,8.0,3.625,0.2,0.0
5330038,48,c,06,Yerushalmi,0.2,0.0,0.2,0.8,0.0,0.0,0.0,5.0,3.8,0.0,0.0
5330038,48,c,07,Yerushalmi,0.0,0.25,0.75,0.875,0.375,0.0,0.0,8.0,5.25,0.0,0.3333
5330038,48,c,09,Yerushalmi,0.25,0.0,0.25,0.5,0.5,0.0,1.0,4.0,4.75,0.0,0.0
5330038,48,c,24,Yerushalmi,0.0,0.4286,0.2857,1.0,0.4286,0.0,0.0,7.0,2.8571,0.3333,0.3333
5330038,48,c,25,Yerushalmi,0.0,0.0,0.0,0.4545,0.5455,0.0,0.0,11.0,3.3636,0.1667,0.0
5330038,48,c,31,Yerushalmi,0.0,0.2,0.0,1.0,0.4,0.0,0.0,5.0,2.6,0.5,0.0
5330038,48,c,32,Yerushalmi,0.0,0.0,0.2222,0.6667,1.7778,0.0,0.0,9.0,5.4444,0.0,0.0
5330038,48,c,40,Yerushalmi,0.0,0.0,0.5,0.5,0.0,0.0,0.0,2.0,6.0,0.0,0.0
5330038,48,c,41,Yerushalmi,0.0833,0.1667,0.6667,0.9167,0.6667,0.0,0.0,12.0,5.0833,0.0,0.0
5330038,48,c,42,Yerushalmi,0.2,0.0,0.3,0.9,1.3,0.0,0.5,10.0,5.6,0.0,0.0769
5330038,48,c,43,Yerushalmi,0.0833,0.0,0.25,0.4167,0.4167,0.0,1.0,12.0,4.1667,0.0,0.0
5330038,48,c,44,Yerushalmi,0.0,0.0,0.0,0.0,0.0,0.0,0.0,13.0,4.0769,0.0,0.0
5330038,48,c,45,Yerushalmi,0.2727,0.0909,0.5455,0.9091,0.7273,0.0,0.5,11.0,5.4545,0.0,0.125
5330038,48,c,46,Yerushalmi,0.3636,0.0909,0.4545,0.8182,1.0909,0.0,0.8,11.0,5.4545,0.1667,0.0
5330038,48,c,47,Yerushalmi,0.0833,0.0,0.1667,0.6667,0.9167,0.0,1.0,12.0,4.1667,0.0909,0.0909
5330038,48,c,48,Yerushalmi,0.0769,0.0,0.3846,0.5385,0.3077,0.0,0.0,13.0,4.2308,0.25,0.0
5330038,48,c,49,Yerushalmi,0.0,0.0,0.0,0.0,0.0,0.0,0.0,14.0,3.7143,0.0,0.0
71005,002,1,09,Bavli,0.5,0.0,1.5,0.5,0.0,0.0,0.0,2.0,5.0,0.0,0.0
71005,002,2,03,Bavli,0.0,1.0,0.0,0.5,0.0,0.0,0.0,1.0,6.0,0.0,0.0
71005,002,2,04,Bavli,0.0,0.3333,0.5,0.9167,0.5,0.0,0.0,12.0,4.1667,0.0,0.3333
71005,002,2,05,Bavli,0.2,0.2,0.2,1.0,0.8,0.0,0.5,5.0,4.8,0.0,0.25
71005,002,2,12,Bavli,0.1667,0.3333,0.6667,1.0,0.3333,0.0,0.0,6.0,4.1667,0.5,0.0
71005,002,2,13,Bavli,0.0,0.0,0.0,0.5,2.0,0.0,0.0,2.0,6.0,0.0,0.0
71005,002,2,19,Bavli,0.0,0.4286,0.2857,0.8571,0.2857,0.0,0.0,7.0,4.0,0.0,0.5
71005,002,2,20,Bavli,0.3333,0.0,0.3333,1.0,0.6667,0.0,0.5,6.0,4.3333,0.0,0.25
71005,002,2,21,Bavli,0.0,0.0,0.0,0.5,2.0,0.0,0.0,1.0,6.0,0.0,0.0
71005,002,2,28,Bavli,0.1429,0.1429,0.4286,0.7143,0.0,0.0,0.0,7.0,4.4286,0.0,0.0
71005,002,2,29,Bavli,0.0,0.1667,0.3333,0.8333,1.0,0.0,0.0,6.0,4.8333,0.0,0.0
71005,002,2,35,Bavli,0.0,0.1667,0.6667,0.6667,0.6667,0.0,0.0,6.0,4.3333,0.0,0.5
71005,002,2,36,Bavli,0.0,0.1429,0.5714,0.7143,0.5714,0.0,0.0,7.0,3.8571,0.0,0.5
71005,002,2,37,Bavli,0.0,0.125,0.125,0.75,0.25,0.0,0.0,8.0,4.125,0.0,0.0
71005,002,2,43,Bavli,0.0,0.0,0.5,0.5,0.5,0.0,0.0,4.0,4.5,0.0,0.0
71005,002,2,44,Bavli,0.0,0.0,0.1667,0.6667,0.6667,0.0,0.0,6.0,3.8333,0.0,0.0
71005,002,2,45,Bavli,0.0,0.0,1.0,0.5,1.0,0.0,0.0,2.0,2.5,0.0,0.0
71005,002,2,46,Bavli,0.2,0.0,0.2,0.6,0.8,0.0,0.0,5.0,4.8,0.0,0.0
71005,003,1,13,Bavli,0.0,0.0833,0.0833,0.6667,0.5,0.0,0.0,12.0,4.0,0.0,0.0
71005,003,1,17,Bavli,0.0,0.1667,0.6667,0.6667,0.6667,0.0,0.0,6.0,4.1667,0.0,0.5
71005,003,1,18,Bavli,0.0,0.1111,0.5556,0.5556,0.4444,0.0,0.0,9.0,3.6667,0.0,0.5
71005,003,1,19,Bavli,0.0,0.3333,0.3333,0.5,0.0,0.0,0.0,3.0,3.6667,0.0,0.0
71005,003,1,21,Bavli,0.0,0.0,0.1667,0.3333,0.1667,0.0,0.0,6.0,4.6667,0.0,0.0
71005,003,1,22,Bavli,0.0,0.0,0.25,0.5,0.5,0.0,0.0,4.0,4.25,0.0,0.5
71005,003,1,28,Bavli,0.0,0.0,0.0,0.5,0.5,0.0,0.0,4.0,4.0,0.0,0.0
71005,003,1,29,Bavli,0.0,0.1667,0.1667,0.6667,0.3333,0.0,0.0,6.0,3.8333,0.0,0.0
71005,003,1,30,Bavli,0.125,0.0,0.0,0.375,0.25,0.0,0.0,8.0,3.375,0.0,0.0
71005,003,1,31,Bavli,0.2,0.0,0.0,0.2,0.0,0.0,0.0,5.0,3.4,0.0,0.0
71005,003,1,43,Bavli,0.0,0.2,0.6,1.0,1.2,0.0,0.0,5.0,5.4,0.1667,0.0
71005,003,1,44,Bavli,0.0,0.1538,0.4615,0.4615,0.3077,0.0,0.0,13.0,4.0769,0.0,0.5
71005,003,1,45,Bavli,0.0,0.0,0.6,1.0,0.4,0.0,0.0,10.0,5.0,0.0,0.0
71005,003,2,01,Bavli,0.0,0.0,0.5,0.5,0.0,0.0,0.0,2.0,7.0,0.0,0.0
71005,003,2,05,Bavli,0.0,0.1,0.4,0.7,0.6,0.0,0.0,10.0,4.4,0.0,0.0
71005,003,2,28,Bavli,0.1667,0.3333,0.0,0.6667,0.0,0.0,0.6667,6.0,3.6667,0.0,0.0
71005,003,2,33,Bavli,0.0,0.0,0.1667,0.6667,0.3333,0.0,0.0,6.0,4.1667,0.0,0.0
71005,004,1,08,Bavli,0.1667,0.0,0.5,1.0,0.3333,0.0,0.0,6.0,4.0,0.0,0.0
71005,004,1,12,Bavli,0.0,0.0,0.6667,0.8889,0.8889,0.0,0.0,9.0,3.6667,0.0,0.125
71005,004,1,15,Bavli,0.1667,0.0,0.3333,1.0,1.0,0.0,0.0,6.0,3.6667,0.0,0.1667
71005,004,1,16,Bavli,0.0,0.0,0.2857,0.8571,0.5714,0.0,0.0,7.0,4.1429,0.0,0.25
71005,004,1,20,Bavli,0.3333,0.0,0.3333,0.5,0.6667,0.0,0.0,3.0,5.0,0.0,0.5
71005,004,1,21,Bavli,0.25,0.0,0.5,1.0,0.5,0.0,0.0,4.0,4.0,0.0,0.5
71005,004,1,22,Bavli,0.0,0.0,0.3333,0.3333,0.6667,0.0,0.0,6.0,3.8333,0.0,0.0
71005,004,1,23,Bavli,0.1667,0.0,0.3333,0.6667,0.3333,0.0,0.0,6.0,4.3333,0.0,0.5
71005,004,1,24,Bavli,0.5,0.0,0.5,0.5,1.0,0.0,0.0,2.0,6.0,0.0,0.5
71005,004,1,25,Bavli,0.25,0.0,0.25,0.5,0.0,0.0,0.0,4.0,3.25,0.0,0.0
71005,004,1,29,Bavli,0.4444,0.1111,0.3333,0.7778,0.0,0.0,0.0,9.0,3.7778,0.0,0.0
71005,004,1,30,Bavli,0.0,0.25,0.75,1.0,1.0,0.0,0.0,4.0,4.75,0.0,0.25
71005,004,1,32,Bavli,0.0,0.0,0.375,0.625,0.5,0.0,0.0,8.0,4.0,0.0,0.5
71005,004,1,34,Bavli,0.125,0.0,0.3125,0.5625,0.5,0.0,0.0,16.0,3.6875,0.0,0.25
71005,004,1,35,Bavli,0.0,0.0,0.4,1.0,0.8,0.0,0.0,5.0,3.2,0.0,0.0
71005,004,1,36,Bavli,0.0,0.0,1.0,0.5,2.0,0.0,0.0,1.0,7.0,0.0,0.0
71005,004,1,37,Bavli,0.3333,0.0,0.3333,0.5,0.0,0.0,0.0,3.0,5.6667,0.0,0.0
71005,004,1,38,Bavli,0.2143,0.0,0.5714,0.7143,0.2857,0.0,0.0,14.0,4.9286,0.0,0.5
71005,004,1,39,Bavli,0.0,0.3333,0.3333,0.5,0.0,0.0,1.0,3.0,4.6667,0.0,0.0
71005,004,1,40,Bavli,0.0,0.0,1.0,0.5,0.6667,0.0,0.0,3.0,4.6667,0.0,0.5
71005,004,2,09,Bavli,0.5,0.0,0.5,0.5,0.0,0.0,0.0,2.0,4.0,0.0,0.0
71005,004,2,10,Bavli,0.1111,0.0,0.5556,1.0,0.6667,0.0,0.0,9.0,4.0,0.0,0.3333
71005,004,2,11,Bavli,0.2,0.0,0.0,0.6,0.8,0.0,0.0,5.0,3.8,0.25,0.0
71005,004,2,16,Bavli,0.1667,0.0,0.3333,0.8333,1.0,0.0,0.0,6.0,4.3333,0.1667,0.0
71005,004,2,17,Bavli,0.0,0.0,0.8333,0.8333,0.3333,0.0,0.0,6.0,3.8333,0.0,0.5
71005,004,2,18,Bavli,0.125,0.0,0.25,0.625,0.75,0.0,0.0,8.0,4.0,0.0,0.1667
71005,004,2,44,Bavli,0.3333,0.0,0.5,0.6667,0.3333,0.0,0.0,6.0,5.0,0.5,0.0
71005,005,1,02,Bavli,0.25,0.0,0.5,1.0,0.0,0.0,0.0,4.0,3.75,0.0,0.0
71005,005,1,08,Bavli,0.3,0.2,0.0,0.7,0.2,0.0,0.0,10.0,3.6,0.0,0.0
71005,005,1,09,Bavli,0.2857,0.0,0.1429,0.7143,0.2857,0.0,1.0,7.0,4.0,0.5,0.0
71005,005,1,10,Bavli,0.2,0.0,0.2,0.4,0.8,0.0,1.0,5.0,5.0,0.25,0.0
71005,005,1,11,Bavli,0.5,0.0,0.5,0.5,1.0,0.0,1.0,2.0,5.5,0.5,0.0
71005,005,1,12,Bavli,0.0,0.125,0.125,0.5,0.5,0.0,0.0,8.0,4.0,0.0,0.0
71005,005,1,13,Bavli,0.0,0.0,0.6667,0.8333,0.6667,0.0,0.0,6.0,3.8333,0.0,0.0
71005,005,1,14,Bavli,0.0,0.0,0.0,0.5714,1.1429,0.0,0.0,7.0,4.1429,0.0,0.0
71005,005,2,12,Bavli,0.0,0.0,0.2222,0.4444,0.6667,0.0,0.0,9.0,4.3333,0.0,0.0
71005,005,2,16,Bavli,0.0,0.0,0.0,0.5,1.0,0.0,0.0,2.0,4.5,0.0,0.0
71005,005,2,17,Bavli,0.0,0.0,0.7143,0.5714,0.5714,0.0,0.0,7.0,4.7143,0.0,0.0
71005,005,2,19,Bavli,0.1111,0.0,0.8889,0.8889,0.2222,0.0,0.0,9.0,4.1111,0.0,0.0
71005,005,2,24,Bavli,0.0,0.1111,0.4444,0.7778,0.6667,0.0,0.0,9.0,4.3333,0.0,0.0
71005,005,2,25,Bavli,0.0,0.0,0.0,0.5,1.0,0.0,0.0,4.0,5.0,0.0,0.0
71005,005,2,32,Bavli,0.0,0.0,0.4,0.6,0.8,0.0,0.0,5.0,4.6,0.0,0.0
71005,005,2,38,Bavli,0.0,0.0,0.0,0.5,2.0,0.0,0.0,1.0,8.0,0.0,0.0
71005,005,2,39,Bavli,0.0,0.0,0.2,0.6,1.2,0.0,0.0,5.0,4.0,0.0,0.0
71005,005,2,40,Bavli,0.0,0.1429,0.2857,0.2857,0.0,0.0,0.5,7.0,3.8571,0.0,0.0
71005,005,2,41,Bavli,0.0,0.0,0.5,1.0,0.75,0.0,0.0,8.0,4.5,0.0,0.1667
71005,006,1,18,Bavli,0.0,0.0,0.3333,0.5,0.3333,0.0,0.0,6.0,3.8333,0.0,0.0
71005,006,1,21,Bavli,0.0,0.25,0.5833,0.5833,1.0,0.0,0.0,12.0,4.3333,0.0,0.0
71005,006,1,22,Bavli,0.0909,0.0,0.4545,0.7273,0.9091,0.0,0.0,11.0,5.2727,0.0,0.1
71005,006,1,23,Bavli,0.0,0.0,0.5,0.875,1.0,0.0,0.0,8.0,5.75,0.125,0.0
71005,006,1,24,Bavli,0.0833,0.0,0.4167,0.8333,0.8333,0.0,0.0,12.0,4.4167,0.1,0.1
71005,006,1,25,Bavli,0.0,0.0909,0.4545,0.8182,0.9091,0.0,0.0,11.0,4.5455,0.0,0.0
71005,006,1,29,Bavli,0.25,0.0,0.25,0.75,0.5,0.0,0.0,4.0,4.5,0.0,0.0
71005,006,1,30,Bavli,0.0,0.0769,0.4615,0.6154,0.6154,0.0,0.0,13.0,4.9231,0.0,0.25
71005,006,1,31,Bavli,0.0769,0.0769,0.2308,0.6923,0.3077,0.0,0.5,13.0,4.5385,0.25,0.0
71005,006,1,35,Bavli,0.0,0.0,0.2308,0.6154,0.4615,0.0,0.0,13.0,4.0,0.0,0.0
71005,006,2,07,Bavli,0.0,0.0,1.5,0.5,0.0,0.0,0.0,2.0,3.5,0.0,0.0
71005,006,2,08,Bavli,0.1429,0.0,0.1429,0.7143,0.5714,0.0,0.0,7.0,4.0,0.0,0.0
71005,006,2,09,Bavli,0.0,0.5,0.0,0.5,1.0,0.0,0.0,2.0,5.5,0.0,0.0
71005,006,2,10,Bavli,0.0,0.0,0.25,0.25,0.25,0.0,0.0,8.0,4.25,0.0,0.0
71005,006,2,11,Bavli,0.0,0.2,0.2,0.6,0.8,0.0,0.0,5.0,5.2,0.0,0.0
71005,006,2,12,Bavli,0.0,0.0,0.0,0.5,1.0,0.0,0.0,2.0,4.0,0.0,0.0
71005,006,2,14,Bavli,0.0,0.0,0.0,0.5,0.0,0.0,0.0,1.0,5.0,0.0,0.0
71005,006,2,15,Bavli,0.0,0.0,0.25,0.375,0.25,0.0,0.0,8.0,3.5,0.0,0.5
71005,006,2,16,Bavli,0.0,0.0,0.7143,0.8571,0.4286,0.0,0.0,7.0,4.2857,0.0,0.3333
71005,006,2,17,Bavli,0.0,0.0,1.0,0.625,0.375,0.0,0.0,8.0,3.75,0.0,0.6667
71005,006,2,18,Bavli,0.0,0.0,0.5,0.6667,0.3333,0.0,0.0,6.0,4.5,0.0,0.5
71005,006,2,19,Bavli,0.0,0.0,0.5556,0.5556,0.4444,0.0,0.0,9.0,4.2222,0.0,0.5
71005,006,2,23,Bavli,0.0,0.0,0.5,0.8333,0.6667,0.0,0.0,6.0,4.5,0.0,0.25
71005,006,2,24,Bavli,0.1429,0.2857,0.4286,0.7143,0.2857,0.0,0.0,7.0,4.5714,0.5,0.0
71005,006,2,25,Bavli,0.0,0.125,0.25,0.625,0.25,0.0,0.0,8.0,3.75,0.0,0.0
71005,006,2,26,Bavli,0.3333,0.0,0.0,0.5,0.6667,0.0,0.0,3.0,4.3333,0.5,0.0
71005,006,2,30,Bavli,0.0,0.0,1.0,0.5,0.0,0.0,0.0,2.0,4.0,0.0,0.0
71005,007,1,42,Bavli,0.2727,0.0,0.2727,0.6364,0.8182,0.0,0.3333,11.0,4.9091,0.1111,0.1111
71005,007,1,43,Bavli,0.2727,0.0,0.7273,0.9091,0.5455,0.0,0.0,11.0,4.4545,0.3333,0.1667
71005,007,1,44,Bavli,0.125,0.0,0.25,0.625,0.5,0.0,0.0,8.0,5.5,0.0,0.0
71005,007,2,02,Bavli,0.1429,0.0,0.4286,0.5714,0.0,0.0,0.0,7.0,3.7143,0.0,0.0
71005,007,2,03,Bavli,0.0,0.0,0.5,0.5,1.0,0.0,0.0,2.0,4.5,0.0,0.5
71005,007,2,09,Bavli,0.1667,0.1667,0.0,1.0,0.6667,0.0,0.0,6.0,3.6667,0.5,0.0
71005,007,2,10,Bavli,0.1667,0.5,0.0,1.0,0.3333,0.0,0.5,6.0,4.5,0.5,0.0
71005,007,2,11,Bavli,0.2857,0.1429,0.4286,0.7143,0.2857,0.0,0.0,7.0,4.1429,0.5,0.0
71005,007,2,12,Bavli,0.2857,0.1429,0.5714,0.8571,0.2857,0.0,0.0,7.0,4.0,0.0,0.0
71005,007,2,13,Bavli,0.5,0.5,0.0,0.5,0.0,0.0,1.0,2.0,5.0,0.0,0.0
71005,007,2,18,Bavli,0.5,0.0,0.3333,0.5,0.0,0.0,0.0,6.0,4.5,0.0,0.0
71005,007,2,19,Bavli,0.1667,0.0,0.6667,0.8333,0.6667,0.0,1.0,6.0,4.1667,0.0,0.5
71005,007,2,21,Bavli,0.0,0.0,0.3333,0.5,0.6667,0.0,0.0,6.0,3.8333,0.0,0.0
71005,007,2,28,Bavli,0.0,0.0,1.0,0.5,0.6667,0.0,0.0,3.0,3.6667,0.0,0.0
71005,007,2,29,Bavli,0.2857,0.0,0.4286,0.5714,0.5714,0.0,0.0,7.0,4.4286,0.0,0.5
71005,007,2,30,Bavli,0.0,0.0,0.4,0.5333,0.8,0.0,0.0,15.0,4.2,0.0,0.1667
71005,007,2,35,Bavli,0.0,0.0,0.0,0.5,2.0,0.0,0.0,1.0,7.0,0.0,0.0
71005,007,2,36,Bavli,0.0,0.0,0.2857,0.4286,0.5714,0.0,0.0,7.0,4.1429,0.0,0.0
71005,007,2,37,Bavli,0.0,0.0,0.0,0.5,1.0,0.0,0.0,2.0,4.0,0.0,0.0
71005,008,1,02,Bavli,0.0,0.0,1.5,0.5,1.0,0.0,0.0,2.0,7.0,0.0,0.5
71005,008,1,13,Bavli,0.0,0.0,0.4,0.8,0.8,0.0,0.0,5.0,4.2,0.0,0.25
71005,008,1,16,Bavli,0.5,0.0,1.0,0.5,0.0,0.0,1.0,2.0,6.5,0.0,0.0
71005,008,1,17,Bavli,0.0,0.0,0.3333,0.5,0.3333,0.0,0.0,6.0,4.5,0.0,0.0
71005,008,1,18,Bavli,0.5,0.0,1.0,0.5,0.0,0.0,1.0,2.0,6.5,0.0,0.0
71005,008,1,21,Bavli,0.25,0.0,1.0,1.0,0.0,0.0,0.0,4.0,4.0,0.0,0.0
71005,008,1,22,Bavli,0.0,0.0,0.1111,0.3333,0.4444,0.0,0.0,9.0,3.7778,0.0,0.25
71005,008,1,25,Bavli,0.1429,0.1429,0.7143,0.8571,0.8571,0.0,0.0,7.0,5.5714,0.0,0.1667
71005,008,1,34,Bavli,0.2857,0.0,1.1429,0.4286,0.5714,0.0,0.0,7.0,5.1429,0.0,0.5
71005,008,1,42,Bavli,0.3333,0.1667,0.1667,0.8333,0.6667,0.0,0.0,6.0,4.3333,0.25,0.0
71005,008,1,43,Bavli,0.4,0.0,0.2,0.8,0.8,0.0,0.0,5.0,4.4,0.25,0.0
71005,008,1,44,Bavli,0.0,0.0,1.0,0.5,2.0,0.0,0.0,1.0,9.0,0.0,0.0
71005,008,2,12,Bavli,0.25,0.0,0.25,1.0,0.5,0.0,0.0,4.0,4.0,0.0,0.0
71005,008,2,13,Bavli,0.25,0.0,0.625,1.0,0.625,0.0,0.0,8.0,5.375,0.2,0.0
71005,008,2,14,Bavli,0.0,0.0,0.5,0.5,0.5,0.0,0.0,4.0,4.0,0.0,0.0
71005,008,2,16,Bavli,0.0,0.25,0.375,0.375,0.25,0.0,0.0,8.0,4.25,0.0,0.0
71005,009,2,12,Bavli,0.0,0.0,1.0,0.75,0.5,0.0,0.0,4.0,3.75,0.0,0.0
71005,009,2,13,Bavli,0.0,0.2,0.4,0.6,0.4,0.0,0.0,5.0,5.0,0.0,0.0
71005,009,2,18,Bavli,0.5,0.0,0.5,0.5,0.0,0.0,0.5,2.0,7.0,0.0,0.0
71005,009,2,19,Bavli,0.3333,0.0,0.3333,0.5,0.0,0.0,0.0,3.0,5.6667,0.0,0.0
71005,009,2,20,Bavli,0.1,0.0,0.2,0.4,0.4,0.0,1.0,10.0,4.4,0.0,0.25
71005,010,2,17,Bavli,0.0,0.0,0.25,0.5,1.0,0.0,0.0,4.0,4.0,0.0,0.0
71005,010,2,18,Bavli,0.0,0.0,0.5,0.6667,0.6667,0.0,0.0,6.0,3.8333,0.0,0.5
71005,010,2,20,Bavli,0.0,0.0,0.5,0.5,1.0,0.0,0.0,2.0,4.5,0.0,0.0
71005,010,2,21,Bavli,0.0,0.0,0.0,0.0,0.0,0.0,0.0,6.0,3.5,0.0,0.0
71005,010,2,22,Bavli,0.2,0.0,0.0,0.6,0.8,0.0,0.0,5.0,5.2,0.0,0.0
71005,010,2,24,Bavli,0.0,0.0,0.4,0.6,0.8,0.0,0.0,5.0,3.8,0.0,0.25
71005,010,2,25,Bavli,0.0,0.0,0.3333,0.5,0.6667,0.0,0.0,3.0,4.0,0.0,0.5
71005,011,1,28,Bavli,0.25,0.0,0.75,1.0,0.5,0.0,0.0,4.0,5.0,0.0,0.5
71005,011,1,29,Bavli,0.0,0.0,0.75,0.75,0.5,0.0,0.0,4.0,4.25,0.0,0.0
71005,011,1,30,Bavli,0.3333,0.0,0.3333,0.5,0.0,0.0,0.0,3.0,4.6667,0.0,0.0
71005,011,1,39,Bavli,0.0,0.1111,0.4444,0.4444,0.0,0.0,1.0,9.0,4.8889,0.0,0.0
71005,011,1,40,Bavli,0.1538,0.0769,0.7692,0.8462,0.3846,0.0,0.75,13.0,4.1538,0.0,0.4
71005,011,1,41,Bavli,0.3333,0.0,0.3333,0.5,0.6667,0.0,1.0,3.0,4.3333,0.0,0.0
71005,011,1,47,Bavli,0.2222,0.0,0.4444,0.6667,0.6667,0.0,0.5,9.0,4.7778,0.0,0.1667
71005,011,1,48,Bavli,0.0909,0.0909,0.7273,0.8182,0.3636,0.0,0.5,11.0,4.3636,0.0,0.25
71005,011,1,49,Bavli,0.1818,0.1818,0.8182,0.9091,0.5455,0.0,0.25,11.0,4.5455,0.0,0.1667
71005,011,1,50,Bavli,0.125,0.0,0.25,0.875,0.5,0.0,0.5,8.0,4.0,0.25,0.25
71005,011,2,11,Bavli,0.5,0.0,1.5,0.5,1.0,0.0,0.0,2.0,6.5,0.0,0.5
71005,012,1,15,Bavli,0.0,0.0,0.5,0.5,1.0,0.0,0.0,2.0,4.0,0.0,0.5
71005,012,1,16,Bavli,0.4,0.0,0.8,0.6,0.8,0.0,0.0,5.0,6.2,0.0,0.5
71005,012,1,17,Bavli,0.1667,0.1667,0.8333,1.0,0.3333,0.0,0.0,6.0,4.6667,0.0,0.0
71005,012,1,18,Bavli,0.2,0.0,0.4,0.6,0.4,0.0,0.0,5.0,4.6,0.0,0.5
71005,012,1,20,Bavli,0.4,0.0,0.2,0.6,0.4,0.0,0.5,5.0,4.4,0.0,0.0
71005,012,2,32,Bavli,0.2,0.0,0.4,1.0,0.8,0.0,0.0,5.0,4.4,0.25,0.25
71005,012,2,33,Bavli,0.0,0.0,0.5,0.5,1.0,0.0,0.0,2.0,4.5,0.0,0.0
71005,012,2,38,Bavli,0.2,0.0,0.8,0.8,0.4,0.0,0.0,5.0,3.6,0.0,0.5
71005,012,2,41,Bavli,0.25,0.0,0.25,0.5,0.0,0.0,0.0,4.0,5.0,0.0,0.0
71005,013,1,01,Bavli,0.1429,0.0,0.4286,1.0,0.8571,0.0,0.0,7.0,4.1429,0.1667,0.0
71005,013,1,02,Bavli,0.0,0.0,0.5,0.5,0.5,0.0,0.0,4.0,4.25,0.0,0.5
71005,013,1,05,Bavli,0.0,0.0,1.0,0.75,0.5,0.0,0.0,4.0,3.5,0.0,0.5
71005,013,1,07,Bavli,0.0,0.0,0.5,0.5,0.5,0.0,0.0,4.0,4.25,0.0,0.5
71005,013,1,09,Bavli,0.0,0.0,0.25,1.0,0.5,0.0,0.0,4.0,3.0,0.0,0.5
71005,013,1,10,Bavli,0.5,0.0,0.25,1.0,0.5,0.0,0.0,4.0,4.75,0.5,0.0
71005,013,1,16,Bavli,0.0,0.0,0.0,0.5,1.0,0.0,0.0,4.0,3.5,0.0,0.0
71005,013,1,17,Bavli,0.4286,0.0,0.4286,0.8571,0.2857,0.0,0.0,7.0,4.2857,0.5,0.0
71005,013,1,19,Bavli,0.0,0.0,0.5,0.75,1.0,0.0,0.0,4.0,3.5,0.0,0.0
71005,013,1,20,Bavli,0.25,0.0,0.0,0.5,0.5,0.0,0.0,4.0,4.75,0.5,0.0
71005,013,1,21,Bavli,0.0,0.0,0.3333,0.5,0.6667,0.0,0.0,3.0,5.0,0.0,0.0
71005,013,1,23,Bavli,0.0,0.0,0.0,0.5,0.6667,0.0,0.0,6.0,4.3333,0.0,0.0
71005,013,1,24,Bavli,0.0,0.0,0.5,0.75,1.5,0.0,0.0,4.0,5.0,0.0,0.0
71005,013,1,26,Bavli,0.0,0.0,0.7143,0.8571,0.8571,0.0,0.0,7.0,3.8571,0.0,0.1667
71005,013,1,27,Bavli,0.0,0.0,0.5,0.875,0.5,0.0,0.0,8.0,3.625,0.0,0.25
71005,013,1,28,Bavli,0.1111,0.1111,0.2222,0.7778,0.2222,0.0,0.0,9.0,3.8889,0.0,0.0
71005,013,1,29,Bavli,0.0,0.0,0.2,0.6,0.4,0.0,0.0,5.0,4.0,0.0,0.5
71005,013,1,31,Bavli,0.3333,0.0,0.5556,1.0,0.4444,0.0,0.3333,9.0,3.6667,0.25,0.0
71005,013,1,32,Bavli,0.1111,0.1111,0.6667,0.8889,0.4444,0.0,0.0,9.0,4.2222,0.0,0.0
71005,013,1,33,Bavli,0.25,0.0,0.625,1.0,0.375,0.0,0.5,8.0,3.625,0.0,0.3333
71005,013,1,34,Bavli,0.0,0.0,0.2222,0.5556,0.4444,0.0,0.0,9.0,3.3333,0.0,0.25
71005,013,1,35,Bavli,0.0,0.125,0.5,0.75,0.5,0.0,0.0,8.0,3.5,0.0,0.5
71005,013,1,36,Bavli,0.0,0.0,0.6,0.6,0.4,0.0,0.0,5.0,4.2,0.0,0.0
71005,013,1,38,Bavli,0.1667,0.0,0.1667,0.6667,0.6667,0.0,0.0,6.0,3.6667,0.0,0.0
71005,013,1,39,Bavli,0.2857,0.0,0.4286,0.7143,0.5714,0.0,0.5,7.0,3.8571,0.0,0.25
71005,013,2,01,Bavli,0.0,0.0,1.0,0.5,1.0,0.0,0.0,2.0,4.0,0.0,0.0
71005,013,2,02,Bavli,0.4,0.0,0.6,1.0,0.4,0.0,0.0,5.0,4.8,0.5,0.0
71005,013,2,08,Bavli,0.0,0.0,0.2,0.6,0.4,0.0,0.0,5.0,4.0,0.5,0.0
71005,013,2,09,Bavli,0.0,0.0,0.2857,0.1429,0.0,0.0,0.0,7.0,4.4286,0.0,0.0
71005,013,2,10,Bavli,0.0,0.0,0.5,1.0,0.5,0.0,0.0,4.0,4.5,0.5,0.0
71005,013,2,11,Bavli,0.0,0.0,0.25,0.75,0.5,0.0,0.0,4.0,4.25,0.5,0.0
71005,013,2,28,Bavli,0.0,0.0,0.5,0.75,1.0,0.0,0.0,4.0,5.5,0.0,0.25
71005,014,2,08,Bavli,0.0,0.0,1.0,0.5,1.0,0.0,0.0,2.0,4.5,0.0,0.0
71005,014,2,09,Bavli,0.0,0.5,1.0,0.5,0.0,0.0,0.0,2.0,4.0,0.0,0.0
71005,014,2,15,Bavli,0.1429,0.0,0.2857,0.7143,0.5714,0.0,0.0,7.0,3.8571,0.0,0.25
71005,014,2,23,Bavli,0.0,0.0,0.0,0.5,2.0,0.0,0.0,1.0,4.0,0.0,0.0
71005,014,2,24,Bavli,0.0,0.0,1.0,0.5,2.0,0.0,0.0,1.0,5.0,0.0,0.0
71005,015,1,01,Bavli,0.0,0.0,0.6667,0.8333,0.6667,0.0,0.0,6.0,4.0,0.0,0.5
71005,015,1,08,Bavli,0.2,0.2,0.2,0.8,0.4,0.0,0.0,5.0,6.0,0.0,0.0
71005,015,1,09,Bavli,0.3333,0.0,0.8333,1.0,0.3333,0.0,0.3333,6.0,4.8333,0.0,0.5
71005,015,1,10,Bavli,0.2857,0.1429,0.1429,0.8571,0.2857,0.0,0.6667,7.0,3.7143,0.5,0.0
71005,015,1,20,Bavli,0.6667,0.0,0.6667,0.5,0.0,0.0,0.0,3.0,5.3333,0.0,0.0
71005,015,1,21,Bavli,0.1667,0.0,0.3333,0.5,0.0,0.0,0.0,6.0,4.3333,0.0,0.0
71005,015,1,22,Bavli,0.0,0.0,0.375,0.75,0.75,0.0,0.0,8.0,4.125,0.0,0.1667
71005,015,1,24,Bavli,0.0,0.0,0.25,0.75,1.0,0.0,0.0,4.0,5.0,0.0,0.0
71005,015,1,37,Bavli,0.5,0.0,0.5,0.5,0.0,0.0,1.0,2.0,4.5,0.0,0.0
71005,015,1,41,Bavli,0.3333,0.0,0.3333,0.5,0.6667,0.0,0.0,3.0,3.6667,0.5,0.0
71005,015,2,01,Bavli,0.0,0.0,0.25,0.75,1.5,0.0,0.0,4.0,4.75,0.0,0.0
71005,015,2,05,Bavli,0.2,0.0,0.2,0.4,0.4,0.0,0.0,5.0,5.6,0.0,0.0
71005,015,2,21,Bavli,0.0,0.0,0.0,0.5,2.0,0.0,0.0,1.0,7.0,0.0,0.0
71005,015,2,22,Bavli,0.0,0.0,0.4,0.8,1.2,0.0,0.0,5.0,4.8,0.0,0.1667
71005,015,2,23,Bavli,0.0,0.0,0.3333,0.6667,0.3333,0.0,0.0,6.0,3.1667,0.0,0.5
71005,015,2,24,Bavli,0.0,0.0,1.0,0.8333,0.6667,0.0,0.0,6.0,4.5,0.25,0.25
71005,015,2,25,Bavli,0.0,0.0,0.5714,0.5714,0.8571,0.0,0.0,7.0,4.2857,0.0,0.3333
71005,015,2,26,Bavli,0.2222,0.0,0.4444,0.5556,0.4444,0.0,0.0,9.0,4.2222,0.0,0.5
71005,015,2,27,Bavli,0.1429,0.0,0.5714,0.7143,1.1429,0.0,0.0,7.0,5.0,0.125,0.25
71005,015,2,28,Bavli,0.0,0.0,0.5,0.6667,0.3333,0.0,0.0,6.0,4.1667,0.0,0.0
71005,015,2,29,Bavli,0.25,0.0,0.5,0.75,0.0,0.0,0.0,4.0,4.5,0.0,0.0
71005,015,2,31,Bavli,0.0,0.0,0.0,0.5,1.0,0.0,0.0,2.0,4.0,0.0,0.0
71005,016,1,05,Bavli,0.0,0.0,0.6667,0.5,0.0,0.0,0.0,3.0,4.3333,0.0,0.0
71005,016,1,06,Bavli,0.125,0.125,0.375,0.875,0.5,0.0,0.5,8.0,3.75,0.25,0.0
71005,016,1,07,Bavli,0.0,0.0,0.6667,0.8333,1.0,0.0,0.0,6.0,5.3333,0.0,0.0
71005,016,1,08,Bavli,0.2727,0.0909,0.3636,0.7273,0.9091,0.0,0.25,11.0,4.5455,0.0,0.2
71005,016,1,13,Bavli,0.0,0.0,0.5,0.5,0.0,0.0,0.0,2.0,3.5,0.0,0.0
71005,016,1,14,Bavli,0.1429,0.1429,0.2857,1.0,1.1429,0.0,0.0,7.0,4.8571,0.25,0.0
71005,016,1,15,Bavli,0.0,0.1429,0.7143,1.0,1.1429,0.0,0.0,7.0,4.7143,0.0,0.25
71005,016,1,16,Bavli,1.0,0.0,0.0,0.5,0.0,0.0,0.0,1.0,8.0,0.0,0.0
71005,016,1,34,Bavli,0.0714,0.0,0.2143,0.7143,0.4286,0.0,0.0,14.0,4.3571,0.1667,0.1667
71005,016,1,35,Bavli,0.0,0.0,0.3333,0.5,0.6667,0.0,0.0,3.0,4.6667,0.5,0.0
71005,016,1,39,Bavli,0.4,0.0,0.4,1.0,0.4,0.0,1.0,5.0,6.0,0.0,0.0
71005,016,2,03,Bavli,0.5,0.0,0.5,0.5,0.0,0.0,0.0,2.0,3.5,0.0,0.0
71005,016,2,04,Bavli,0.0,0.0,0.0,0.5,2.0,0.0,0.0,1.0,7.0,0.0,0.0
71005,016,2,26,Bavli,0.1429,0.0,1.0,1.0,0.2857,0.0,0.0,7.0,5.4286,0.0,0.5
71005,016,2,28,Bavli,0.0,0.0,0.25,0.5,0.5,0.0,0.0,4.0,4.25,0.0,0.0
71005,016,2,29,Bavli,0.0,0.0,1.0,0.5,2.0,0.0,0.0,1.0,6.0,0.0,0.0
71005,016,2,38,Bavli,0.5,0.0,0.5,0.5,0.0,0.0,0.0,2.0,4.0,0.0,0.0
71005,017,1,27,Bavli,0.6667,0.0,1.0,0.5,0.0,0.0,1.0,3.0,5.6667,0.0,0.0
71005,017,1,28,Bavli,0.0,0.2,0.2,0.6,0.4,0.0,0.6667,5.0,5.0,0.5,0.0
71005,017,1,32,Bavli,0.25,0.0,0.375,0.625,0.5,0.0,0.0,8.0,3.875,0.0,0.5
71005,017,1,33,Bavli,0.3333,0.0,0.3333,0.5,0.0,0.0,0.0,3.0,4.0,0.0,0.0
71005,017,1,40,Bavli,1.0,0.0,0.0,0.5,0.0,0.0,0.0,1.0,6.0,0.0,0.0
71005,017,1,41,Bavli,0.3333,0.0,0.3333,0.5,0.6667,0.0,1.0,3.0,4.3333,0.5,0.0
71005,017,1,48,Bavli,0.1667,0.0,0.5,0.8333,0.3333,0.0,0.0,6.0,4.8333,0.0,0.5
71005,017,1,50,Bavli,0.1176,0.0,0.2941,0.5294,0.7059,0.0,0.0,17.0,3.6471,0.0,0.25
71005,017,1,51,Bavli,0.0769,0.0,0.1538,0.8462,1.0769,0.0,0.0,13.0,4.5385,0.0,0.1429
71005,017,1,52,Bavli,0.1,0.0,0.5,0.6,0.6,0.0,1.0,10.0,4.5,0.0,0.5
71005,017,2,30,Bavli,0.0,0.0,0.5455,0.7273,0.5455,0.0,0.0,11.0,4.5455,0.0,0.1667
71005,018,1,02,Bavli,0.2,0.0,0.0,0.4,0.4,0.0,0.0,5.0,4.4,0.0,0.0
71005,018,1,14,Bavli,0.0,0.0,0.2,0.4,0.4,0.0,0.0,5.0,4.0,0.0,0.0
71005,018,1,29,Bavli,0.0,0.0,0.1429,0.2857,0.5714,0.0,0.0,7.0,3.7143,0.0,0.0
71005,018,1,30,Bavli,0.0,0.2,0.2,0.6,0.8,0.0,0.0,5.0,4.6,0.0,0.0
71005,018,1,31,Bavli,0.0,0.25,0.0,0.5,0.5,0.0,1.0,4.0,5.25,0.0,0.0
71005,018,1,41,Bavli,0.5,0.0,0.5,0.5,0.0,0.0,0.0,2.0,5.5,0.0,0.0
71005,018,1,44,Bavli,0.1667,0.0,0.0,0.6667,0.3333,0.0,1.0,6.0,4.8333,0.5,0.0
71005,018,1,46,Bavli,0.0,0.0,0.6667,0.5,0.6667,0.0,0.0,3.0,3.6667,0.0,0.0
71005,018,1,47,Bavli,0.0,0.0,0.3333,0.5,1.3333,0.0,0.0,3.0,4.3333,0.0,0.0
71005,018,1,48,Bavli,0.2222,0.0,1.0,1.0,0.6667,0.0,0.3333,9.0,5.3333,0.0,0.3333
71005,018,1,49,Bavli,0.0,0.0,0.3333,0.5,0.6667,0.0,0.0,3.0,3.6667,0.0,0.0
71005,018,1,52,Bavli,0.25,0.25,0.5,1.0,0.5,0.0,0.0,4.0,4.75,0.0,0.0
71005,018,2,05,Bavli,0.0,0.0,0.6667,0.3333,0.6667,0.0,0.0,6.0,3.8333,0.0,0.5
71005,018,2,38,Bavli,0.0,0.0,1.3333,0.5,0.0,0.0,0.0,3.0,3.3333,0.0,0.0
71005,018,2,39,Bavli,0.125,0.0,0.375,0.5,0.25,0.0,0.0,8.0,4.375,0.5,0.0
71005,018,2,40,Bavli,0.0,0.0,0.6667,0.5,0.6667,0.0,0.0,3.0,4.6667,0.0,0.0
71005,018,2,43,Bavli,0.25,0.0,0.25,0.75,1.0,0.0,0.0,4.0,5.0,0.25,0.0
71005,018,2,44,Bavli,0.0,0.0,0.0,0.0,0.0,0.0,0.0,6.0,4.8333,0.0,0.0
71005,018,2,49,Bavli,0.0,0.0,0.3333,0.5,0.3333,0.0,0.0,6.0,4.3333,0.0,0.0
71005,018,2,50,Bavli,0.0,0.0,0.0,0.5,1.3333,0.0,0.0,3.0,6.6667,0.0,0.0
71005,019,1,03,Bavli,0.0,0.0,1.0,0.5,2.0,0.0,0.0,1.0,6.0,0.0,0.0
71005,019,1,04,Bavli,0.0417,0.0,0.3333,0.25,0.25,0.0,0.0,24.0,3.5833,0.0,0.5
71005,019,1,05,Bavli,0.25,0.0,0.5,0.75,0.5,0.0,0.0,4.0,4.5,0.0,0.0
71005,019,1,16,Bavli,0.0,0.0,0.0,0.0,0.0,0.0,0.0,6.0,4.6667,0.0,0.0
71005,019,1,17,Bavli,0.0,0.0,0.0,0.0,0.0,0.0,0.0,5.0,5.0,0.0,0.0
71005,019,1,28,Bavli,0.0,0.0,0.2857,0.5714,0.5714,0.0,0.0,7.0,4.4286,0.0,0.0
71005,019,1,29,Bavli,0.0,0.0,0.0,0.5,1.0,0.0,0.0,2.0,8.0,0.0,0.0
71005,019,1,31,Bavli,0.0,0.0,0.3333,0.5,0.0,0.0,0.0,3.0,3.3333,0.0,0.0
71005,019,1,32,Bavli,0.0,0.0,0.0,0.5,1.0,0.0,0.0,2.0,3.5,0.0,0.0
71005,019,2,01,Bavli,0.5,0.0,0.5,0.5,0.0,0.0,1.0,2.0,4.0,0.0,0.0
71005,019,2,07,Bavli,0.6667,0.0,0.6667,0.5,0.6667,0.0,0.0,3.0,5.3333,0.0,0.0
71005,019,2,08,Bavli,0.2857,0.2857,0.0,0.5714,0.2857,0.0,0.0,7.0,4.2857,0.0,0.0
71005,019,2,09,Bavli,0.1667,0.1667,0.1667,0.3333,0.0,0.0,0.5,6.0,4.8333,0.0,0.0
71005,019,2,11,Bavli,0.0,0.5,0.75,1.0,0.5,0.0,0.0,4.0,5.0,0.5,0.0
71005,019,2,12,Bavli,0.1429,0.0,1.0,1.0,0.5714,0.0,0.0,7.0,4.2857,0.0,0.25
71005,019,2,15,Bavli,0.0,0.0,0.2,0.8,1.2,0.0,0.0,5.0,5.4,0.0,0.0
71005,019,2,16,Bavli,0.0,0.0,0.3333,0.4444,0.4444,0.0,0.0,9.0,4.1111,0.0,0.0
71005,019,2,17,Bavli,0.2,0.0,0.2,0.6,0.4,0.0,0.0,5.0,5.2,0.5,0.0
71005,019,2,30,Bavli,0.0,0.0,0.6667,0.5,0.6667,0.0,0.0,3.0,4.0,0.0,0.0
71005,019,2,31,Bavli,0.0,0.0,0.25,0.5,1.0,0.0,0.0,4.0,4.0,0.0,0.0
71005,019,2,35,Bavli,0.0,0.0,0.1667,0.5,1.0,0.0,0.0,6.0,5.5,0.0,0.0
71005,019,2,36,Bavli,0.0,0.0,0.1429,0.2857,0.5714,0.0,0.0,7.0,3.7143,0.0,0.0
71005,019,2,46,Bavli,0.0,0.25,0.25,1.0,0.5,0.0,1.0,4.0,4.25,0.0,0.0
71005,019,2,47,Bavli,0.0,0.125,0.25,0.375,0.0,0.0,1.0,8.0,4.125,0.0,0.0
71005,020,1,01,Bavli,0.0,0.0,0.4286,0.7143,0.5714,0.0,0.0,7.0,4.4286,0.0,0.0
71005,020,1,03,Bavli,0.0,0.0,0.5,1.0,0.5,0.0,0.0,4.0,3.5,0.0,0.0
71005,020,1,05,Bavli,0.0,0.0,0.3333,0.6667,0.3333,0.0,0.0,6.0,4.1667,0.0,0.0
71005,020,1,06,Bavli,0.0,0.0,0.125,0.375,0.25,0.0,0.0,8.0,4.125,0.0,0.0
71005,020,1,07,Bavli,0.0,0.2857,0.4286,0.5714,0.2857,0.0,1.0,7.0,4.1429,0.5,0.0
71005,020,1,08,Bavli,0.0,0.0,0.2,1.0,1.2,0.0,0.0,5.0,6.8,0.0,0.0
71005,020,1,09,Bavli,0.0,0.0,0.125,0.625,0.25,0.0,0.0,8.0,3.5,0.0,0.0
71005,020,1,10,Bavli,0.0,0.0,0.5,0.5,0.5,0.0,0.0,8.0,4.75,0.0,0.0
71005,020,1,13,Bavli,0.0,0.0,0.75,1.0,0.5,0.0,0.0,4.0,5.5,0.0,0.0
71005,020,1,14,Bavli,0.0,0.25,0.125,0.375,0.0,0.0,0.0,8.0,4.0,0.0,0.0
71005,020,1,15,Bavli,0.0,0.0,0.5,0.75,0.0,0.0,0.0,4.0,2.5,0.0,0.0
71005,020,1,16,Bavli,0.0,0.2857,0.2857,0.5714,0.2857,0.0,1.0,7.0,4.5714,0.0,0.0
71005,020,1,17,Bavli,0.0,0.0,0.2857,0.7143,0.5714,0.0,0.0,7.0,4.1429,0.0,0.0
71005,020,1,18,Bavli,0.1429,0.0,0.2857,0.8571,0.8571,0.0,0.0,7.0,4.5714,0.1667,0.0
71005,020,1,19,Bavli,0.3636,0.0,0.3636,0.9091,0.7273,0.0,0.5,11.0,5.0909,0.125,0.25
71005,020,1,20,Bavli,0.1538,0.0,0.2308,0.4615,0.3077,0.0,0.5,13.0,4.1538,0.0,0.5
71005,020,1,21,Bavli,0.0,0.0,0.4615,0.4615,0.1538,0.0,0.0,13.0,4.4615,0.0,0.5
71005,020,1,22,Bavli,0.2,0.0,1.0,1.0,0.6,0.0,0.5,10.0,5.4,0.0,0.3333
71005,020,1,23,Bavli,0.2,0.0,0.8,0.9,0.8,0.0,0.5,10.0,5.2,0.0,0.25
71005,020,1,24,Bavli,0.25,0.0,0.75,1.0,0.5,0.0,1.0,4.0,4.5,0.0,0.5
71005,020,1,25,Bavli,0.0909,0.0,0.8182,0.6364,0.5455,0.0,1.0,11.0,5.1818,0.0,0.3333
71005,020,1,26,Bavli,0.1667,0.0,0.5833,0.9167,0.3333,0.0,1.0,12.0,4.75,0.0,0.5
71005,020,1,27,Bavli,0.2,0.0,0.4,0.6,0.4,0.0,0.0,10.0,4.0,0.0,0.5
71005,020,1,34,Bavli,0.0,0.0,0.2222,0.4444,0.2222,0.0,0.0,9.0,3.6667,0.0,0.5
71005,020,1,36,Bavli,0.0,0.5,0.5,1.0,0.0,0.0,0.0,4.0,3.5,0.0,0.0
71005,020,1,37,Bavli,0.25,0.5,0.75,1.0,0.0,0.0,0.3333,4.0,4.0,0.0,0.0
71005,020,1,40,Bavli,0.2,0.0,0.0,0.4,0.4,0.0,0.0,5.0,4.6,0.5,0.0
71005,020,2,01,Bavli,0.25,0.0,0.625,0.625,0.75,0.0,0.0,8.0,4.125,0.0,0.3333
71005,020,2,02,Bavli,0.2,0.0,0.6,0.6,0.8,0.0,0.0,5.0,5.6,0.0,0.5
71005,020,2,03,Bavli,0.0,0.0,0.0,0.5,2.0,0.0,0.0,1.0,3.0,0.0,0.0
71005,020,2,04,Bavli,0.3333,0.0,0.3333,0.6667,0.3333,0.0,0.0,6.0,4.1667,0.0,0.0
71005,020,2,05,Bavli,0.0,0.0,0.3333,0.5,0.6667,0.0,0.0,3.0,3.3333,0.0,0.5
71005,020,2,06,Bavli,0.2857,0.0,0.1429,1.0,0.2857,0.0,0.5,7.0,4.0,0.5,0.0
71005,020,2,07,Bavli,0.1111,0.0,0.3333,0.7778,0.6667,0.0,0.0,9.0,3.1111,0.1667,0.1667
71005,020,2,12,Bavli,0.0,0.0,1.5,0.5,1.0,0.0,0.0,2.0,4.0,0.0,0.0
71005,020,2,13,Bavli,0.1667,0.0,0.3333,0.6667,0.6667,0.0,1.0,6.0,4.3333,0.25,0.0
71005,020,2,14,Bavli,0.6,0.2,0.2,1.0,0.4,0.0,0.5,5.0,5.0,0.5,0.0
71005,020,2,15,Bavli,0.4,0.4,0.4,1.0,0.0,0.0,0.0,5.0,5.4,0.0,0.0
71005,020,2,16,Bavli,0.4,0.4,0.4,1.0,0.0,0.0,0.0,5.0,5.6,0.0,0.0
71005,020,2,17,Bavli,0.0,0.0,1.0,0.8,0.8,0.0,0.0,5.0,4.0,0.0,0.25
71005,020,2,18,Bavli,1.0,0.0,0.0,0.5,0.0,0.0,1.0,1.0,5.0,0.0,0.0
71005,020,2,23,Bavli,0.5,0.5,0.0,0.5,0.0,0.0,0.0,2.0,3.5,0.0,0.0
71005,020,2,24,Bavli,0.0,0.2,0.8,1.0,0.8,0.0,0.0,5.0,6.0,0.0,0.25
71005,020,2,25,Bavli,0.0,0.0,0.1667,0.6667,1.0,0.0,0.0,6.0,5.1667,0.0,0.0
71005,020,2,26,Bavli,0.0,0.25,0.75,1.0,0.5,0.0,0.0,4.0,4.75,0.0,0.5
71005,021,1,01,Bavli,0.3333,0.0,0.3333,0.6667,0.3333,0.0,0.3333,9.0,4.1111,0.0,0.3333
71005,021,1,02,Bavli,0.1429,0.2857,0.7143,0.8571,0.2857,0.0,0.0,7.0,4.7143,0.0,0.5
71005,021,1,03,Bavli,0.6667,0.0,0.6667,1.0,0.3333,0.0,0.25,6.0,5.0,0.0,0.5
71005,021,1,04,Bavli,0.1818,0.0455,0.3182,0.5,0.4545,0.0,0.0,22.0,4.3636,0.0,0.3
71005,021,1,05,Bavli,0.0,0.1429,0.1429,0.7143,0.5714,0.0,0.5,7.0,4.8571,0.25,0.0
71005,021,1,06,Bavli,0.2857,0.1429,0.1429,1.0,0.5714,0.0,0.5,7.0,4.2857,0.25,0.0
71005,021,1,07,Bavli,0.0,0.3333,0.1111,0.4444,0.0,0.0,0.0,9.0,3.5556,0.0,0.0
71005,021,1,08,Bavli,0.1667,0.1667,0.5,0.6667,0.3333,0.0,0.0,6.0,4.0,0.0,0.5
71005,021,1,09,Bavli,0.0,0.2857,0.2857,0.7143,0.5714,0.0,0.5,7.0,4.5714,0.5,0.0
71005,021,1,10,Bavli,0.1429,0.1429,0.4286,1.0,0.5714,0.0,0.0,7.0,4.1429,0.0,0.25
71005,021,1,11,Bavli,0.0,0.0,0.125,0.625,1.0,0.0,0.0,8.0,3.75,0.0,0.125
71005,021,1,12,Bavli,0.0,0.2,0.2,1.0,0.4,0.0,0.5,5.0,4.4,0.5,0.0
71005,021,1,13,Bavli,0.2857,0.2857,0.1429,0.8571,0.2857,0.0,0.25,7.0,4.1429,0.0,0.0
71005,021,1,14,Bavli,0.2857,0.1429,0.1429,0.7143,0.8571,0.0,0.0,7.0,3.8571,0.1667,0.0
71005,021,1,15,Bavli,0.2,0.1,0.2,0.6,0.4,0.0,0.3333,10.0,3.9,0.0,0.25
71005,021,1,16,Bavli,0.8,0.0,0.4,1.0,0.4,0.0,0.0,5.0,5.0,0.0,0.0
71005,021,1,17,Bavli,0.5,0.0,0.375,1.0,0.25,0.0,0.0,8.0,4.25,0.0,0.5
71005,021,1,18,Bavli,0.0769,0.0,0.4615,0.7692,0.6154,0.0,0.0,13.0,3.6923,0.125,0.25
71005,021,1,19,Bavli,0.0,0.0,0.1667,0.5,0.6667,0.0,0.0,6.0,4.5,0.0,0.25
71005,021,1,20,Bavli,0.0,0.0,0.25,0.375,0.25,0.0,0.0,8.0,3.25,0.0,0.0
71005,021,1,21,Bavli,0.0,0.6667,0.5,1.0,0.3333,0.0,0.0,6.0,4.5,0.5,0.0
71005,021,1,22,Bavli,0.2,0.0,0.8,1.0,0.8,0.0,0.0,5.0,4.2,0.0,0.5
71005,021,1,25,Bavli,0.2857,0.0,0.5714,0.8571,0.2857,0.0,0.3333,7.0,4.1429,0.0,0.5
71005,021,1,26,Bavli,0.4286,0.0,0.4286,1.0,0.5714,0.0,0.0,7.0,4.8571,0.25,0.0
71005,021,1,27,Bavli,0.2,0.2,0.6,1.0,0.8,0.0,0.0,5.0,5.0,0.0,0.0
71005,021,1,28,Bavli,0.0,0.0,0.6,1.0,0.4,0.0,0.0,5.0,5.2,0.0,0.0
71005,021,1,29,Bavli,0.1667,0.0,0.5,1.0,0.6667,0.0,0.0,6.0,5.0,0.0,0.25
71005,021,2,27,Bavli,0.0,0.0,0.75,0.75,0.5,0.0,0.0,4.0,4.75,0.0,0.0
71005,021,2,28,Bavli,0.0,0.0,0.6667,0.5,0.6667,0.0,0.0,3.0,4.6667,0.0,0.5
71005,022,1,20,Bavli,0.0,0.25,0.5,1.0,0.5,0.0,1.0,4.0,3.75,0.0,0.5
71005,022,1,21,Bavli,0.0,0.2,0.2,0.6,0.4,0.0,1.0,5.0,3.8,0.0,0.5
71005,022,1,22,Bavli,0.0909,0.0,0.4545,0.6364,0.7273,0.0,0.0,11.0,4.1818,0.0,0.375
71005,022,1,23,Bavli,0.0,0.0,0.5,1.0,0.3333,0.0,0.0,6.0,3.8333,0.0,0.5
71005,022,2,01,Bavli,0.0,1.0,0.0,0.5,0.0,0.0,0.0,1.0,7.0,0.0,0.0
71005,022,2,05,Bavli,0.0,1.0,0.0,0.5,0.0,0.0,0.0,2.0,5.0,0.0,0.0
71005,022,2,07,Bavli,0.0,0.6667,0.3333,0.5,0.0,0.0,0.0,3.0,3.6667,0.0,0.0
71005,022,2,09,Bavli,0.25,0.0,0.0,0.5,0.5,0.0,0.0,4.0,4.0,0.0,0.0
71005,022,2,10,Bavli,0.0,0.0909,0.5455,0.7273,0.1818,0.0,0.0,11.0,4.3636,0.0,0.5
71005,022,2,12,Bavli,0.1111,0.0,0.1111,0.5556,0.4444,0.0,0.0,9.0,4.0,0.0,0.25
71005,022,2,13,Bavli,0.0,0.0,0.3333,0.6667,0.6667,0.0,0.0,6.0,4.6667,0.0,0.25
71005,022,2,14,Bavli,0.1667,0.0,0.6667,0.8333,0.6667,0.0,0.0,6.0,4.5,0.0,0.25
71005,022,2,15,Bavli,0.1111,0.0,0.2222,0.8889,0.8889,0.0,0.0,9.0,3.6667,0.125,0.125
71005,022,2,16,Bavli,0.1667,0.0,0.3333,0.6667,0.6667,0.0,0.0,6.0,3.8333,0.0,0.25
71005,022,2,17,Bavli,0.5,0.0,0.25,0.75,0.5,0.0,0.0,4.0,4.75,0.0,0.0
71005,022,2,18,Bavli,0.1429,0.2857,0.4286,1.0,0.0,0.0,0.0,7.0,4.4286,0.0,0.0
71005,022,2,19,Bavli,0.1429,0.1429,0.5714,1.0,0.8571,0.0,0.0,7.0,4.4286,0.0,0.3333
71005,022,2,20,Bavli,1.0,0.0,0.0,0.5,0.0,0.0,1.0,1.0,5.0,0.0,0.0
71005,022,2,46,Bavli,0.0,0.0,1.0,0.5,1.0,0.0,0.0,2.0,6.0,0.0,0.0
71005,022,2,47,Bavli,0.1667,0.0,0.1667,0.6667,0.6667,0.0,0.0,6.0,4.6667,0.0,0.25
71005,022,2,48,Bavli,0.0,0.0,0.1667,0.8333,1.0,0.0,0.0,6.0,3.6667,0.0,0.0
71005,023,1,01,Bavli,0.0,0.0,0.5714,0.7143,1.1429,0.0,0.0,7.0,4.2857,0.0,0.125
71005,023,1,02,Bavli,0.0,0.0,0.625,0.875,0.25,0.0,0.0,8.0,3.875,0.0,0.0
71005,023,1,03,Bavli,0.125,0.0,0.875,0.625,0.5,0.0,0.0,8.0,4.125,0.0,0.25
71005,023,1,04,Bavli,0.0,0.0,0.2727,0.4545,0.3636,0.0,0.0,11.0,3.6364,0.0,0.25
71005,023,1,05,Bavli,0.0,0.0,0.6667,0.6667,0.3333,0.0,0.0,6.0,5.0,0.0,0.0
71005,023,1,06,Bavli,0.0,0.0,0.25,0.625,0.75,0.0,0.0,8.0,4.0,0.0,0.0
71005,023,1,07,Bavli,0.0,0.0,0.7143,0.7143,0.8571,0.0,0.0,7.0,4.2857,0.0,0.1667
71005,023,1,08,Bavli,0.0,0.0,0.5714,0.5714,1.1429,0.0,0.0,7.0,5.5714,0.0,0.25
71005,023,1,09,Bavli,0.0,0.0,0.3333,0.5,0.6667,0.0,0.0,3.0,4.3333,0.0,0.0
71005,023,1,13,Bavli,0.0,0.0,0.0,0.25,0.5,0.0,0.0,4.0,2.75,0.0,0.0
71005,023,1,14,Bavli,0.3333,0.3333,0.6667,0.5,0.6667,0.0,0.0,3.0,7.0,0.5,0.0
71005,023,1,19,Bavli,0.5,0.0,0.0,0.5,0.0,0.0,0.0,6.0,4.6667,0.0,0.0
71005,023,1,20,Bavli,0.2857,0.0,0.0,0.4286,0.0,0.0,0.0,7.0,4.2857,0.0,0.0
71005,023,1,21,Bavli,0.25,0.25,0.25,0.75,0.0,0.0,0.0,4.0,5.25,0.0,0.0
71005,023,1,23,Bavli,0.4,0.0,0.0,0.4,0.0,0.0,1.0,5.0,6.2,0.0,0.0
71005,023,1,24,Bavli,0.3333,0.0,0.0,0.5,0.0,0.0,0.0,3.0,4.0,0.0,0.0
71005,023,1,25,Bavli,0.6,0.0,0.0,0.6,0.0,0.0,0.6667,5.0,6.0,0.0,0.0
71005,023,1,27,Bavli,0.375,0.125,0.0,1.0,0.5,0.0,0.6,8.0,4.375,0.0,0.0
71005,023,1,28,Bavli,0.5714,0.1429,0.2857,1.0,0.2857,0.0,0.4,7.0,4.2857,0.0,0.5
71005,023,1,29,Bavli,0.2857,0.0,0.7143,1.0,0.8571,0.0,0.5,7.0,4.2857,0.0,0.1667
71005,023,1,30,Bavli,0.4,0.0,0.6,1.0,0.4,0.0,0.5,5.0,6.0,0.5,0.0
71005,023,1,31,Bavli,0.2857,0.0,0.7143,1.0,0.8571,0.0,0.0,7.0,4.7143,0.1667,0.1667
71005,023,1,32,Bavli,0.0,0.1429,0.7143,1.0,1.1429,0.0,0.0,7.0,4.5714,0.0,0.125
71005,023,1,33,Bavli,0.4286,0.2857,0.1429,0.7143,0.2857,0.0,0.2,7.0,5.5714,0.0,0.0
71005,023,1,34,Bavli,0.0,0.25,0.5,0.75,0.5,0.0,0.0,4.0,7.0,0.0,0.0
71005,023,1,35,Bavli,0.4,0.0,0.4,1.0,0.8,0.0,0.5,5.0,7.0,0.25,0.0
71005,023,1,36,Bavli,0.5,0.0,0.5,0.5,0.0,0.0,0.0,2.0,6.5,0.0,0.0
71005,023,2,05,Bavli,0.0,0.0,0.6667,1.0,1.0,0.0,0.0,6.0,5.0,0.0,0.1667
71005,023,2,06,Bavli,0.4286,0.0,0.4286,1.0,0.8571,0.0,0.0,7.0,4.8571,0.1667,0.0
71005,023,2,07,Bavli,1.0,0.0,0.0,0.5,0.0,0.0,0.0,1.0,5.0,0.0,0.0
71005,023,2,08,Bavli,0.0,0.0,0.3333,0.5,0.6667,0.0,0.0,3.0,3.3333,0.0,0.5
71005,023,2,09,Bavli,0.5,0.0,0.1667,1.0,0.6667,0.0,0.0,6.0,4.1667,0.0,0.0
71005,023,2,10,Bavli,0.3333,0.0,0.0,0.5,0.6667,0.0,1.0,3.0,7.0,0.5,0.0
71005,023,2,24,Bavli,0.3333,0.0,1.0,0.5,0.0,0.0,0.0,3.0,6.0,0.0,0.0
71005,023,2,25,Bavli,0.0,0.0,0.6,0.6,0.4,0.0,0.0,5.0,5.0,0.0,0.0
71005,023,2,26,Bavli,0.1429,0.0,0.4286,0.5714,0.2857,0.0,0.0,7.0,4.7143,0.0,0.0
71005,023,2,29,Bavli,0.25,0.0,0.5,1.0,0.5,0.0,0.0,4.0,4.5,0.0,0.5
71005,023,2,46,Bavli,0.0,0.0,0.5,0.5,1.0,0.0,0.0,2.0,4.0,0.0,0.0
71005,024,1,01,Bavli,0.3333,0.0,0.0,0.5,0.6667,0.0,1.0,3.0,4.3333,0.0,0.0
71005,024,1,02,Bavli,0.0,0.5,0.0,0.5,1.0,0.0,0.0,2.0,3.0,0.0,0.0
71005,024,1,04,Bavli,0.5,0.0,0.5,0.5,1.0,0.0,0.0,2.0,5.5,0.5,0.0
71005,024,1,16,Bavli,0.0,0.0,0.0,0.5,1.0,0.0,0.0,2.0,4.5,0.0,0.0
71005,024,1,17,Bavli,0.0,0.0,1.0,0.5,1.0,0.0,0.0,2.0,4.5,0.0,0.0
71005,024,1,19,Bavli,0.5,0.0,0.0,0.5,1.0,0.0,0.0,2.0,5.0,0.5,0.0
71005,024,1,20,Bavli,0.25,0.0,0.75,1.0,0.5,0.0,0.0,4.0,4.5,0.0,0.0
71005,024,1,33,Bavli,0.5,0.0,0.5,1.0,0.0,0.0,0.5,4.0,3.5,0.0,0.0
71005,024,1,42,Bavli,0.0,0.0,0.0,0.0,0.0,0.0,0.0,5.0,4.6,0.0,0.0
71005,024,1,43,Bavli,0.1667,0.0,0.3333,1.0,1.1667,0.0,0.0,6.0,4.8333,0.0,0.1429
71005,024,2,11,Bavli,0.0,0.0,0.5,0.25,0.0,0.0,0.0,4.0,5.75,0.0,0.0
71005,024,2,12,Bavli,0.0,0.0,0.3333,0.5,0.3333,0.0,0.0,6.0,4.8333,0.0,0.0
71005,024,2,15,Bavli,0.25,0.0,0.5,0.75,0.5,0.0,0.0,4.0,4.5,0.0,0.5
71005,024,2,28,Bavli,0.25,0.25,0.25,0.75,0.0,0.0,0.0,4.0,4.25,0.0,0.0
71005,024,2,32,Bavli,0.1429,0.0,0.2857,0.5714,0.5714,0.0,0.0,7.0,4.4286,0.0,0.25
71005,024,2,33,Bavli,0.125,0.0,0.375,0.75,0.5,0.0,1.0,8.0,4.5,0.0,0.0
71005,024,2,34,Bavli,1.0,0.0,2.0,0.5,0.0,0.0,0.0,1.0,6.0,0.0,0.0
71005,024,2,36,Bavli,0.2857,0.0,1.0,1.0,0.2857,0.0,0.0,7.0,5.5714,0.0,0.5
71005,024,2,37,Bavli,0.2222,0.0,0.6667,0.6667,0.6667,0.0,0.0,9.0,4.5556,0.0,0.3333
71005,024,2,38,Bavli,0.0667,0.0,0.4667,0.7333,0.5333,0.0,0.0,15.0,4.1333,0.0,0.125
71005,024,2,39,Bavli,0.0,0.0909,0.2727,0.4545,1.0909,0.0,1.0,11.0,5.0909,0.0,0.0
71005,024,2,40,Bavli,0.0,0.0,0.6667,0.5,0.6667,0.0,0.0,3.0,4.6667,0.0,0.0
71005,025,1,25,Bavli,0.2,0.0,0.6,0.6,0.8,0.0,0.0,5.0,4.4,0.0,0.25
71005,025,1,26,Bavli,0.2727,0.0909,0.7273,0.9091,0.7273,0.0,0.25,11.0,4.6364,0.125,0.25
71005,025,1,27,Bavli,0.0667,0.0,0.5333,0.5333,0.8,0.0,0.0,15.0,4.0,0.0,0.25
71005,025,1,28,Bavli,0.3333,0.0,0.6667,0.5,0.6667,0.0,0.0,3.0,4.0,0.0,0.5
71005,025,2,28,Bavli,0.0,0.0,0.4286,0.8571,1.1429,0.0,0.0,7.0,4.1429,0.0,0.0
71005,025,2,29,Bavli,0.1,0.0,0.1,0.5,0.7,0.0,0.0,10.0,4.9,0.1429,0.0
71005,025,2,32,Bavli,0.0,0.0,0.8,1.0,0.8,0.0,0.0,5.0,4.8,0.0,0.0
71005,025,2,33,Bavli,0.0,0.0,0.1111,0.4444,0.8889,0.0,0.0,9.0,4.4444,0.0,0.0
71005,025,2,34,Bavli,0.2,0.0,0.4,0.6,0.4,0.0,0.0,5.0,5.2,0.0,0.0
71005,025,2,35,Bavli,0.1667,0.0,0.0833,0.6667,0.6667,0.0,0.0,12.0,3.9167,0.125,0.125
71005,025,2,36,Bavli,0.0,0.0,0.2,0.4,0.4,0.0,0.0,5.0,4.2,0.0,0.0
71005,025,2,41,Bavli,0.0909,0.0,0.4545,0.8182,0.3636,0.0,0.0,11.0,4.3636,0.0,0.25
71005,025,2,42,Bavli,0.0,0.0,0.2,0.6,1.2,0.0,0.0,5.0,3.8,0.0,0.0
71005,025,2,43,Bavli,0.0,0.0,0.0,0.8,0.8,0.0,0.0,5.0,4.8,0.0,0.0
71005,025,2,44,Bavli,0.1429,0.0,0.7143,0.8571,0.2857,0.0,0.0,7.0,4.1429,0.0,0.5
71005,026,1,06,Bavli,0.0,0.0,1.5,0.5,1.0,0.0,0.0,2.0,5.0,0.0,0.0
71005,026,1,07,Bavli,0.2857,0.1429,0.2857,1.0,0.2857,0.0,0.0,7.0,3.5714,0.5,0.0
71005,026,1,13,Bavli,0.0,0.0,0.1,0.1,0.6,0.0,0.0,10.0,4.5,0.0,0.0
71005,026,1,14,Bavli,0.0,0.0,0.0,0.5,1.0,0.0,0.0,2.0,4.0,0.0,0.0
71005,026,1,15,Bavli,0.0,0.0,0.0,0.5,0.5,0.0,0.0,4.0,4.25,0.0,0.0
71005,026,1,25,Bavli,0.0,0.0,0.2857,0.4286,0.5714,0.0,0.0,7.0,4.5714,0.0,0.0
71005,026,1,37,Bavli,0.2,0.0,0.6,0.8,0.4,0.0,1.0,5.0,3.8,0.5,0.0
71005,026,1,38,Bavli,0.2,0.0,0.0,0.4,0.4,0.0,1.0,5.0,5.4,0.0,0.0
71005,026,1,42,Bavli,0.0625,0.0625,0.3125,0.5625,0.375,0.0,0.0,16.0,4.25,0.1667,0.0
71005,026,1,43,Bavli,0.1111,0.0,0.5556,0.7778,0.4444,0.0,0.0,9.0,4.3333,0.0,0.0
71005,026,1,45,Bavli,0.25,0.0,0.5,0.5,0.0,0.0,0.0,4.0,5.25,0.0,0.0
71005,026,1,47,Bavli,0.2,0.0,0.7,0.6,0.4,0.0,0.5,10.0,4.7,0.0,0.25
71005,026,1,51,Bavli,0.2,0.0,0.6,0.8,0.6,0.0,0.0,10.0,4.2,0.0,0.5
71005,026,2,01,Bavli,0.1667,0.0,0.1667,0.8333,0.6667,0.0,0.0,6.0,3.8333,0.0,0.25
71005,026,2,02,Bavli,0.1111,0.0,0.3333,0.6667,0.8889,0.0,0.0,9.0,4.4444,0.125,0.25
71005,026,2,04,Bavli,0.0,0.0,0.25,0.75,1.0,0.0,0.0,4.0,3.0,0.0,0.0
71005,026,2,05,Bavli,0.0,0.0,1.0,1.0,0.8,0.0,0.0,5.0,4.2,0.0,0.25
71005,026,2,06,Bavli,0.0,0.0,0.5,1.0,1.3333,0.0,0.0,6.0,4.8333,0.0,0.0
71005,026,2,07,Bavli,0.2857,0.0,0.2857,1.0,0.8571,0.0,0.0,7.0,4.1429,0.0,0.1667
71005,026,2,08,Bavli,0.1667,0.0,0.6667,0.8333,0.3333,0.0,0.0,6.0,5.0,0.0,0.5
71005,026,2,09,Bavli,0.3333,0.0,0.6667,0.8333,0.6667,0.0,1.0,6.0,5.3333,0.25,0.25
71005,026,2,11,Bavli,0.0,0.0,0.1667,0.8333,0.6667,0.0,0.0,6.0,4.0,0.25,0.0
71005,026,2,12,Bavli,0.2,0.0,1.4,1.0,0.8,0.0,0.0,5.0,5.4,0.0,0.5
71005,026,2,13,Bavli,0.5,0.0,0.25,1.0,0.5,0.0,0.0,4.0,4.75,0.5,0.0
71005,026,2,14,Bavli,0.0,0.0,0.0,0.5,1.3333,0.0,0.0,3.0,3.0,0.0,0.0
71005,026,2,15,Bavli,0.0,0.0,0.25,0.5,0.0,0.0,0.0,4.0,5.0,0.0,0.0
71005,026,2,16,Bavli,0.25,0.0,1.0,1.0,1.0,0.0,0.0,4.0,5.5,0.0,0.25
71005,026,2,17,Bavli,0.4,0.0,1.0,1.0,0.4,0.0,0.0,5.0,4.6,0.0,0.5
71005,026,2,19,Bavli,0.0,0.0,0.1429,0.7143,0.5714,0.0,0.0,7.0,4.1429,0.25,0.0
71005,026,2,20,Bavli,0.25,0.0,0.75,0.75,0.5,0.0,0.0,4.0,5.0,0.0,0.5
71005,026,2,21,Bavli,0.4,0.0,0.6,1.0,0.8,0.0,0.0,5.0,4.6,0.25,0.25
71005,026,2,22,Bavli,0.0909,0.0,0.1818,0.6364,0.5455,0.0,0.0,11.0,3.6364,0.3333,0.0
71005,026,2,24,Bavli,0.1667,0.1667,0.3333,1.0,0.6667,0.0,0.0,6.0,4.1667,0.0,0.25
71005,026,2,25,Bavli,0.25,0.0,0.25,1.0,1.0,0.0,0.0,8.0,4.125,0.125,0.125
71005,026,2,26,Bavli,0.3333,0.0,0.3333,0.5,1.3333,0.0,0.0,3.0,5.0,0.25,0.0
71005,026,2,43,Bavli,0.0,0.0,0.6667,0.5,0.6667,0.0,0.0,3.0,4.3333,0.0,0.0
71005,026,2,44,Bavli,0.25,0.0,0.25,1.0,1.0,0.0,0.0,4.0,3.5,0.0,0.0
71005,026,2,45,Bavli,0.1429,0.1429,0.2857,0.8571,0.5714,0.0,0.0,7.0,3.2857,0.0,0.0
71005,026,2,46,Bavli,0.0,0.0833,0.25,0.8333,0.6667,0.0,0.0,12.0,4.0,0.0,0.125
71005,027,1,05,Bavli,0.5,0.0,0.5,1.0,0.5,0.0,0.5,4.0,3.75,0.0,0.0
71005,027,1,08,Bavli,0.0,0.1429,0.4286,0.5714,0.5714,0.0,0.0,7.0,4.0,0.25,0.0
71005,027,1,09,Bavli,0.0,0.0,0.1667,0.1667,0.0,0.0,0.0,6.0,4.6667,0.0,0.0
71005,027,1,10,Bavli,0.0,0.0,0.3333,0.3333,0.3333,0.0,0.0,6.0,3.8333,0.0,0.0
71005,027,1,12,Bavli,0.3333,0.0,0.8333,1.0,0.6667,0.0,0.0,6.0,5.1667,0.25,0.25
71005,027,1,13,Bavli,0.0,0.0,0.0,0.5,0.6667,0.0,0.0,3.0,5.0,0.0,0.0
71005,027,1,16,Bavli,0.0,0.0,0.6,0.6,0.4,0.0,0.0,5.0,5.0,0.0,0.0
71005,027,1,17,Bavli,0.5714,0.1429,0.2857,0.8571,0.0,0.0,0.2,7.0,3.8571,0.0,0.0
71005,027,1,18,Bavli,0.1667,0.3333,0.1667,0.6667,0.6667,0.0,0.3333,6.0,4.6667,0.0,0.0
71005,027,1,19,Bavli,0.3333,0.0,0.3333,0.5,0.6667,0.0,1.0,3.0,4.3333,0.0,0.0
71005,027,1,21,Bavli,0.0,0.0,0.5,1.0,0.5,0.0,0.0,4.0,2.75,0.0,0.0
71005,027,1,22,Bavli,1.0,0.0,2.0,0.5,0.0,0.0,0.0,1.0,6.0,0.0,0.0
71005,027,1,23,Bavli,0.1,0.1,0.6,0.9,0.4,0.0,0.0,10.0,4.1,0.25,0.0
71005,027,1,24,Bavli,0.2,0.2,0.6,1.0,0.8,0.0,0.0,5.0,4.6,0.25,0.0
71005,027,1,26,Bavli,0.0833,0.0833,0.25,0.5833,0.6667,0.0,0.0,12.0,3.9167,0.125,0.0
71005,027,1,27,Bavli,0.5,0.0,1.0,0.5,0.0,0.0,0.0,2.0,4.5,0.0,0.0
71005,027,1,28,Bavli,0.0,0.1,0.1,0.6,0.2,0.0,0.0,10.0,4.0,0.0,0.0
71005,027,1,29,Bavli,0.3,0.1,0.3,0.8,0.4,0.0,0.0,10.0,3.6,0.25,0.25
71005,027,1,37,Bavli,0.0,0.0,0.3333,0.5,0.6667,0.0,0.0,3.0,5.6667,0.0,0.0
71005,027,1,39,Bavli,0.0,0.0,0.3333,0.5,0.3333,0.0,0.0,3.0,4.6667,0.0,0.0
71005,027,1,40,Bavli,0.2,0.0,0.4,0.8,0.6,0.0,0.0,5.0,5.4,0.3333,0.0
71005,027,1,43,Bavli,0.125,0.0,0.375,0.625,0.5,0.0,0.0,8.0,4.75,0.25,0.0
71005,027,2,20,Bavli,0.0,0.0,0.2,0.5,0.4,0.0,0.0,10.0,4.5,0.25,0.0
71005,027,2,26,Bavli,0.25,0.0,0.75,1.0,0.5,0.0,0.0,4.0,4.5,0.0,0.5
71005,027,2,31,Bavli,0.25,0.0,1.0,1.0,0.5,0.0,0.0,4.0,4.75,0.0,0.5
71005,027,2,32,Bavli,0.2,0.2,0.2,0.8,0.8,0.0,0.0,5.0,5.0,0.0,0.25
71005,027,2,36,Bavli,0.0,0.0,1.0,0.75,1.0,0.0,0.0,4.0,4.75,0.0,0.25
71005,028,1,05,Bavli,0.3333,0.0,0.5,1.0,0.6667,0.0,0.0,6.0,4.1667,0.25,0.0
71005,028,1,06,Bavli,0.2857,0.0,0.2857,0.8571,0.2857,0.0,0.0,7.0,4.5714,0.5,0.0
71005,028,1,07,Bavli,0.1667,0.1667,0.1667,0.8333,0.0,0.0,0.0,6.0,5.0,0.0,0.0
71005,028,1,08,Bavli,0.1429,0.0,0.2857,0.5714,0.0,0.0,0.0,7.0,3.7143,0.0,0.0
71005,028,1,12,Bavli,0.0,0.0,1.0,0.5,1.0,0.0,0.0,2.0,4.0,0.0,0.0
71005,028,1,13,Bavli,0.25,0.0,1.25,1.0,0.5,0.0,0.0,4.0,5.0,0.0,0.5
71005,028,1,14,Bavli,0.2,0.0,0.0,0.8,0.8,0.0,0.0,5.0,5.2,0.25,0.0
71005,028,1,17,Bavli,0.0,0.0,0.6667,0.5,0.6667,0.0,0.0,3.0,5.3333,0.0,0.0
71005,028,1,18,Bavli,0.1429,0.0,0.4286,0.7143,0.2857,0.0,0.0,7.0,4.4286,0.0,0.0
71005,028,1,19,Bavli,0.0,0.0,0.4,0.6,0.4,0.0,0.0,5.0,5.0,0.0,0.0
71005,028,1,20,Bavli,0.1429,0.1429,0.4286,0.8571,0.5714,0.0,0.5,7.0,4.7143,0.5,0.0
71005,028,1,21,Bavli,0.1429,0.0,0.2857,0.7143,0.5714,0.0,0.0,7.0,3.8571,0.0,0.25
71005,028,1,24,Bavli,0.2,0.0,0.4,0.6,0.0,0.0,0.0,5.0,4.8,0.0,0.0
71005,028,1,25,Bavli,0.1667,0.0,0.8333,0.8333,0.6667,0.0,1.0,6.0,4.1667,0.0,0.5
71005,028,1,26,Bavli,0.1667,0.0,0.6667,0.8333,0.3333,0.0,0.0,6.0,5.5,0.0,0.0
71005,028,1,27,Bavli,0.0,0.0,1.3333,0.5,0.0,0.0,0.0,3.0,3.0,0.0,0.0
71005,028,1,28,Bavli,0.1,0.0,0.4,0.6,0.8,0.0,0.0,10.0,3.6,0.0,0.375
71005,028,1,34,Bavli,0.3333,0.0,0.0,0.5,1.3333,0.0,0.0,3.0,5.3333,0.25,0.0
71005,028,1,42,Bavli,0.25,0.0,1.0,1.0,0.5,0.0,0.0,4.0,4.75,0.0,0.5
71005,028,2,17,Bavli,0.0,0.0,0.375,0.75,0.25,0.0,0.0,8.0,3.875,0.0,0.5
71005,028,2,18,Bavli,0.0,0.0,0.0,0.5,2.0,0.0,0.0,2.0,5.0,0.0,0.0
71005,028,2,25,Bavli,0.0,0.0,0.8,1.0,0.4,0.0,0.0,5.0,3.6,0.0,0.5
71005,028,2,26,Bavli,0.0,0.0,0.5714,0.7143,0.8571,0.0,0.0,7.0,4.7143,0.0,0.0
71005,028,2,28,Bavli,0.0,0.0,0.0,0.5,1.0,0.0,0.0,2.0,3.5,0.0,0.0
71005,028,2,29,Bavli,0.1429,0.0,0.7143,1.0,0.5714,0.0,0.0,7.0,4.7143,0.0,0.25
71005,028,2,30,Bavli,0.2857,0.1429,0.1429,1.0,0.5714,0.0,0.0,7.0,4.4286,0.25,0.0
71005,028,2,38,Bavli,0.0769,0.0,0.5385,0.6154,0.6154,0.0,0.0,13.0,4.2308,0.0,0.25
71005,028,2,39,Bavli,0.0,0.0,0.6667,0.8889,0.4444,0.0,0.0,9.0,4.6667,0.0,0.25
71005,028,2,40,Bavli,0.4286,0.0,0.2857,1.0,0.5714,0.0,0.0,7.0,4.0,0.0,0.25
71005,028,2,41,Bavli,0.2,0.1,0.2,0.8,0.4,0.0,0.0,10.0,3.7,0.25,0.0
71005,028,2,42,Bavli,0.4,0.0,0.5,0.8,0.4,0.0,0.0,10.0,4.9,0.25,0.0
71005,028,2,43,Bavli,0.25,0.0833,0.25,0.9167,0.5,0.0,0.0,12.0,4.25,0.0,0.3333
71005,028,2,44,Bavli,0.2308,0.0769,0.3846,1.0,0.4615,0.0,0.0,13.0,4.3846,0.1667,0.1667
71005,028,2,48,Bavli,0.0,0.0,0.6,0.4,0.4,0.0,0.0,5.0,3.8,0.0,0.5
71005,029,1,01,Bavli,0.0,0.0,0.6,1.0,1.2,0.0,0.0,5.0,4.4,0.0,0.1667
71005,029,1,06,Bavli,0.3333,0.0,0.1667,0.8333,0.3333,0.0,0.0,6.0,4.3333,0.5,0.0
71005,029,1,07,Bavli,0.4,0.0,0.2,0.6,0.4,0.0,0.3333,5.0,6.4,0.0,0.0
71005,029,1,39,Bavli,0.0,0.1111,0.2222,0.6667,0.2222,0.0,0.0,9.0,4.1111,0.0,0.5
71005,029,1,40,Bavli,0.1429,0.0,0.1429,0.8571,1.1429,0.0,0.0,7.0,5.1429,0.125,0.125
71005,029,1,41,Bavli,0.0,0.0,0.1667,0.1667,0.0,0.0,0.0,6.0,4.0,0.0,0.0
71005,029,1,42,Bavli,0.2,0.2,0.6,0.8,0.2,0.0,0.0,5.0,4.6,0.0,0.0
71005,029,1,43,Bavli,0.0,0.0,0.6,0.4,0.2,0.0,0.0,5.0,5.6,0.0,0.0
71005,029,1,45,Bavli,0.0,0.0,0.0,0.5,1.3333,0.0,0.0,3.0,4.6667,0.0,0.0
71005,029,1,48,Bavli,0.0,0.0,1.0,0.5,0.5,0.0,0.0,2.0,5.0,0.0,0.0
71005,029,1,49,Bavli,0.0,0.0,0.0,0.1667,0.1667,0.0,0.0,6.0,5.1667,0.0,0.0
71005,029,1,50,Bavli,0.0,0.0,0.4286,0.2857,0.1429,0.0,0.0,7.0,4.5714,0.0,0.0
71005,029,1,52,Bavli,0.0,0.0,0.0,0.6,0.4,0.0,0.0,5.0,3.4,0.0,0.0
71005,029,1,53,Bavli,0.0,0.0,0.0,0.5,2.0,0.0,0.0,1.0,7.0,0.0,0.0
71005,029,1,55,Bavli,0.0,0.0,0.1538,0.4615,0.4615,0.0,0.0,13.0,3.6923,0.0,0.0
71005,029,1,56,Bavli,0.0,0.0,0.25,0.375,0.5,0.0,0.0,8.0,4.0,0.0,0.0
71005,029,2,02,Bavli,0.3333,0.0,0.6667,0.5,0.6667,0.0,0.0,3.0,5.3333,0.0,0.0
71005,029,2,04,Bavli,0.0,0.3333,0.1667,0.6667,0.6667,0.0,0.0,6.0,3.1667,0.25,0.0
71005,029,2,05,Bavli,0.3333,0.0,0.3333,1.0,1.0,0.0,0.0,6.0,4.5,0.1667,0.0
71005,029,2,06,Bavli,0.0,0.0,0.3333,0.5,1.3333,0.0,0.0,3.0,4.0,0.0,0.25
71005,029,2,21,Bavli,0.3333,0.0,0.3333,0.5,0.0,0.0,1.0,3.0,3.6667,0.0,0.0
71005,029,2,26,Bavli,0.3333,0.0,1.3333,0.5,0.0,0.0,0.0,3.0,4.3333,0.0,0.0
71005,029,2,27,Bavli,0.0,0.0,0.3333,0.6667,0.3333,0.0,0.0,6.0,4.8333,0.0,0.0
71005,029,2,32,Bavli,0.125,0.125,0.625,0.875,0.5,0.0,0.0,8.0,4.5,0.0,0.25
71005,029,2,43,Bavli,0.0,0.0,0.25,0.5,0.0,0.0,0.0,4.0,4.0,0.0,0.0
71005,029,2,44,Bavli,0.0,0.0,1.0,0.5,0.0,0.0,0.0,1.0,7.0,0.0,0.0
71005,030,1,04,Bavli,0.0,0.0,0.3333,0.5,0.6667,0.0,0.0,3.0,3.6667,0.0,0.5
71005,030,1,07,Bavli,0.1,0.1,0.3,0.7,0.6,0.0,0.0,10.0,3.0,0.1667,0.1667
71005,030,1,08,Bavli,0.4,0.0,0.2,1.0,0.4,0.0,0.5,5.0,6.0,0.0,0.0
71005,030,1,09,Bavli,0.2,0.6,0.0,0.8,0.0,0.0,0.25,5.0,4.2,0.0,0.0
71005,030,1,12,Bavli,0.0,0.0,0.0,0.5,0.3333,0.0,0.0,6.0,3.8333,0.0,0.0
71005,030,1,15,Bavli,0.2857,0.0,0.8571,0.8571,0.2857,0.0,0.0,7.0,3.8571,0.0,0.5
71005,030,1,20,Bavli,0.0,0.0,0.3333,0.5,0.6667,0.0,0.0,3.0,4.3333,0.0,0.0
71005,030,1,27,Bavli,0.1818,0.0909,0.2727,0.7273,0.5455,0.0,0.0,11.0,4.0,0.3333,0.1667
71005,030,1,28,Bavli,0.2,0.2,0.1,0.7,0.4,0.0,0.5,10.0,3.9,0.25,0.0
71005,030,1,35,Bavli,0.0,0.0,0.2857,0.5,0.4286,0.0,0.0,14.0,3.7857,0.0,0.0
71005,030,1,38,Bavli,0.0,0.0,0.3333,0.5,0.6667,0.0,0.0,3.0,4.0,0.0,0.5
71005,030,1,44,Bavli,0.0,0.0,0.375,0.75,0.5,0.0,0.0,8.0,4.375,0.0,0.0
71005,030,1,45,Bavli,0.0,0.0,1.0,0.5,2.0,0.0,0.0,1.0,6.0,0.0,0.0
71005,030,1,46,Bavli,0.0,0.1111,0.8889,0.7778,0.6667,0.0,0.0,9.0,5.0,0.0,0.3333
71005,030,1,47,Bavli,0.0,0.0,0.0,0.25,0.5,0.0,0.0,4.0,5.25,0.0,0.0
71005,030,1,48,Bavli,0.0,0.2,0.2,0.6,0.4,0.0,0.0,5.0,4.8,0.0,0.0
71005,030,1,49,Bavli,0.2,0.0,0.6,0.8,0.4,0.0,0.0,5.0,4.4,0.0,0.5
71005,030,2,03,Bavli,0.0,0.0,0.875,0.875,0.75,0.0,0.0,8.0,4.125,0.0,0.3333
71005,030,2,07,Bavli,0.0,0.0,0.4286,0.5714,0.2857,0.0,0.0,7.0,3.2857,0.0,0.5
71005,030,2,08,Bavli,0.0,0.0,0.25,0.5,0.5,0.0,0.0,8.0,3.75,0.0,0.0
71005,030,2,09,Bavli,0.1429,0.0,0.2857,0.4286,0.2857,0.0,0.0,7.0,4.1429,0.0,0.0
71005,030,2,22,Bavli,0.0,0.0,0.3333,0.5,1.3333,0.0,0.0,3.0,3.3333,0.0,0.25
71005,030,2,40,Bavli,0.125,0.0,0.125,0.75,0.75,0.0,0.0,8.0,5.125,0.0,0.1667
71005,030,2,41,Bavli,0.0,0.0,0.4286,0.4286,0.5714,0.0,0.0,7.0,5.1429,0.0,0.0
71005,030,2,42,Bavli,0.0,0.0,0.2,0.8,0.4,0.0,0.0,5.0,4.2,0.0,0.0
71005,031,1,01,Bavli,0.25,0.0,0.5,1.0,0.5,0.0,1.0,4.0,5.0,0.0,0.0
71005,031,1,24,Bavli,0.6667,0.1667,0.1667,1.0,0.3333,0.0,0.4,6.0,3.6667,0.5,0.0
71005,031,1,25,Bavli,0.0,0.0,0.0,0.5,2.0,0.0,0.0,1.0,5.0,0.0,0.0
71005,031,1,26,Bavli,0.25,0.0,0.0,0.75,1.0,0.0,0.0,4.0,4.0,0.0,0.0
71005,031,1,27,Bavli,0.6667,0.0,1.0,0.5,0.0,0.0,0.5,3.0,5.0,0.0,0.0
71005,031,1,32,Bavli,1.0,0.0,1.0,0.5,0.0,0.0,0.0,1.0,6.0,0.0,0.0
71005,031,1,33,Bavli,0.5,0.0,1.0,0.5,0.0,0.0,0.0,2.0,4.5,0.0,0.0
71005,031,1,35,Bavli,0.3333,0.0,0.3333,0.5,0.6667,0.0,0.0,3.0,4.6667,0.0,0.5
71005,031,1,36,Bavli,0.25,0.25,0.5,0.875,0.25,0.0,0.0,8.0,3.375,0.0,0.5
71005,031,1,37,Bavli,0.0,0.5,0.0,0.5,1.0,0.0,0.0,2.0,3.0,0.0,0.0
71005,031,1,42,Bavli,1.0,0.0,0.0,0.5,0.0,0.0,1.0,1.0,6.0,0.0,0.0
71005,031,1,43,Bavli,0.6667,0.0,0.0,0.5,0.0,0.0,0.5,3.0,4.6667,0.0,0.0
71005,031,1,54,Bavli,1.0,0.0,0.0,0.5,0.0,0.0,0.0,1.0,8.0,0.0,0.0
71005,031,2,13,Bavli,0.3333,0.0,0.6667,0.5,0.6667,0.0,0.0,3.0,5.3333,0.0,0.0
71005,031,2,14,Bavli,0.1667,0.0,0.8333,0.6667,0.3333,0.0,0.0,6.0,4.6667,0.0,0.0
71005,031,2,15,Bavli,0.0,0.0,0.5714,1.0,0.8571,0.0,0.0,7.0,4.5714,0.0,0.1667
71005,031,2,18,Bavli,0.1429,0.0,0.2857,0.5714,0.2857,0.0,1.0,7.0,3.8571,0.0,0.5
71005,031,2,23,Bavli,0.3333,0.6667,0.3333,0.5,0.0,0.0,0.0,3.0,4.3333,0.0,0.0
71005,031,2,24,Bavli,0.5,0.0,0.5,0.5,0.0,0.0,0.0,2.0,5.0,0.0,0.0
71005,031,2,45,Bavli,0.2,0.0,1.0,1.0,0.4,0.0,0.0,5.0,5.2,0.0,0.5
71005,031,2,46,Bavli,0.4,0.0,0.4,1.0,0.4,0.0,0.0,5.0,5.0,0.0,0.5
71005,031,2,52,Bavli,0.3333,0.0,0.6667,0.5,1.3333,0.0,0.0,3.0,5.3333,0.25,0.0
71005,032,1,09,Bavli,0.1667,0.0,0.1667,0.6667,0.6667,0.0,0.0,6.0,4.1667,0.0,0.0
71005,032,1,10,Bavli,0.0,0.0,0.25,0.25,1.0,0.0,0.0,4.0,5.25,0.0,0.0
71005,032,1,32,Bavli,0.3333,0.0,1.3333,0.5,0.6667,0.0,0.0,3.0,5.3333,0.0,0.5
71005,032,1,43,Bavli,0.0,0.3333,0.3333,0.5,0.0,0.0,0.0,3.0,4.6667,0.0,0.0
71005,032,1,44,Bavli,0.3333,0.0,0.6667,0.5,0.0,0.0,0.0,3.0,5.3333,0.0,0.0
71005,032,2,03,Bavli,0.0,0.1667,0.6667,0.6667,0.3333,0.0,0.0,6.0,3.3333,0.0,0.0
71005,032,2,04,Bavli,0.25,0.0,0.25,0.75,0.5,0.0,0.0,4.0,4.75,0.0,0.0
71005,032,2,05,Bavli,0.25,0.0,0.875,1.0,0.75,0.0,0.0,8.0,5.75,0.0,0.0
71005,032,2,29,Bavli,0.0,0.0,0.0,0.4286,0.0,0.0,0.0,7.0,3.8571,0.0,0.0
71005,032,2,32,Bavli,0.125,0.125,0.125,0.625,0.0,0.0,0.0,8.0,5.0,0.0,0.0
71005,032,2,33,Bavli,0.0,0.0,0.0,0.5,2.0,0.0,0.0,1.0,6.0,0.0,0.0
71005,032,2,48,Bavli,0.1667,0.0,0.3333,1.0,0.6667,0.0,0.0,6.0,5.0,0.0,0.0
71005,033,1,03,Bavli,0.3333,0.0,0.0,0.5,0.0,0.0,0.0,3.0,4.0,0.0,0.0
71005,033,1,07,Bavli,0.5,0.0,0.5,0.5,0.0,0.0,0.0,2.0,5.5,0.0,0.0
71005,033,1,10,Bavli,0.0,0.0,0.0,0.5,0.6667,0.0,0.0,3.0,4.6667,0.0,0.0
71005,033,1,17,Bavli,0.1429,0.0,0.2857,0.7143,0.5714,0.0,0.0,7.0,4.2857,0.25,0.0
71005,033,1,18,Bavli,0.0,0.25,0.25,0.75,0.0,0.0,0.0,4.0,3.75,0.0,0.0
71005,033,2,07,Bavli,0.25,0.0,0.0,0.5,0.5,0.0,0.0,4.0,5.0,0.5,0.0
71005,033,2,08,Bavli,0.1429,0.0,0.7143,0.7143,0.8571,0.0,0.0,7.0,4.2857,0.0,0.1667
71005,033,2,09,Bavli,0.1429,0.0,0.5714,0.7143,0.5714,0.0,0.0,7.0,4.1429,0.25,0.0
71005,033,2,10,Bavli,0.5,0.0,0.0,0.5,0.0,0.0,0.0,2.0,5.0,0.0,0.0
71005,033,2,19,Bavli,0.3333,0.0,0.3333,0.5,0.0,0.0,0.0,3.0,3.0,0.0,0.0
71005,033,2,20,Bavli,0.5,0.0,0.3333,0.5,0.3333,0.0,0.0,6.0,5.5,0.0,0.0
71005,033,2,21,Bavli,0.5714,0.1429,0.0,0.8571,0.2857,0.0,0.2,7.0,3.4286,0.0,0.0
71005,033,2,23,Bavli,0.0,0.0,1.0,0.5,0.0,0.0,0.0,2.0,3.5,0.0,0.0
71005,033,2,24,Bavli,0.0,0.0,0.0,0.3333,0.6667,0.0,0.0,6.0,4.1667,0.0,0.0
71005,033,2,25,Bavli,0.2,0.0,0.6,0.6,0.8,0.0,0.0,5.0,5.4,0.0,0.25
71005,033,2,26,Bavli,0.0,0.0,0.1667,0.1667,0.0,0.0,0.0,6.0,4.6667,0.0,0.0
71005,033,2,27,Bavli,0.2,0.0,0.4,0.6,0.8,0.0,0.0,10.0,4.1,0.0,0.375
71005,034,1,09,Bavli,0.25,0.0,0.5,1.0,0.5,0.0,0.0,4.0,4.75,0.0,0.0
71005,034,1,10,Bavli,0.1667,0.0,0.3333,0.6667,0.3333,0.0,0.0,6.0,4.6667,0.0,0.5
71005,034,1,11,Bavli,0.0,0.0,0.125,0.75,0.75,0.0,0.0,8.0,3.75,0.0,0.0
71005,034,1,12,Bavli,0.1667,0.0,0.5,0.6667,0.3333,0.0,0.0,6.0,4.1667,0.0,0.0
71005,034,1,13,Bavli,0.25,0.125,0.375,0.875,0.25,0.0,0.0,8.0,4.125,0.0,0.5
71005,034,1,39,Bavli,0.0,0.0,0.2,0.6,0.4,0.0,0.0,5.0,4.2,0.0,0.5
71005,034,1,40,Bavli,0.2727,0.0,0.3636,0.7273,0.5455,0.0,0.0,11.0,4.2727,0.1667,0.0
71005,034,1,41,Bavli,0.0909,0.0909,0.1818,0.5455,0.3636,0.0,0.0,11.0,4.5455,0.0,0.0
71005,034,1,45,Bavli,0.0,0.0,0.0,0.5,0.6667,0.0,0.0,3.0,3.6667,0.0,0.0
71005,034,1,46,Bavli,0.125,0.0,0.625,0.875,0.5,0.0,0.0,8.0,4.0,0.0,0.25
71005,034,1,47,Bavli,0.0,0.0,0.2,0.4,0.4,0.0,0.0,10.0,4.5,0.0,0.25
71005,034,1,48,Bavli,0.0556,0.0,0.5556,0.6111,0.6667,0.0,0.0,18.0,4.0,0.0,0.4167
71005,034,1,49,Bavli,0.0,0.0,0.25,0.4167,0.5,0.0,0.0,12.0,4.8333,0.0,0.1667
71005,034,1,50,Bavli,0.0,0.0,0.45,0.6,0.4,0.0,0.0,20.0,4.4,0.0,0.125
71005,034,1,51,Bavli,0.0,0.0,0.4444,0.6111,0.7778,0.0,0.0,18.0,3.7222,0.0,0.2143
71005,034,1,52,Bavli,0.3333,0.0,0.3333,0.8889,0.6667,0.0,0.0,9.0,4.1111,0.1667,0.0
71005,034,1,53,Bavli,0.0,0.2,0.2,0.8,1.6,0.0,0.0,5.0,4.4,0.125,0.0
71005,034,2,08,Bavli,0.25,0.0,1.0,0.75,0.0,0.0,0.0,4.0,3.75,0.0,0.0
71005,034,2,09,Bavli,0.0,0.0,0.4286,0.7143,0.5714,0.0,0.0,7.0,3.7143,0.0,0.0
71005,034,2,10,Bavli,0.0,0.0,0.4444,0.6667,0.4444,0.0,0.0,9.0,4.0,0.0,0.0
71005,034,2,11,Bavli,0.0,0.0,0.5,0.75,1.0,0.0,0.0,8.0,4.625,0.0,0.25
71005,034,2,13,Bavli,0.0,0.0,0.3333,0.5,0.6667,0.0,0.0,3.0,3.6667,0.0,0.5
71005,034,2,14,Bavli,0.0,0.0,0.5714,0.7143,0.5714,0.0,0.0,7.0,3.7143,0.0,0.5
71005,034,2,23,Bavli,0.3333,0.0,0.3333,0.5,0.6667,0.0,0.0,3.0,3.3333,0.0,0.0
71005,034,2,24,Bavli,0.0,0.0,0.2857,0.5714,0.2857,0.0,0.0,7.0,3.7143,0.0,0.5
71005,034,2,25,Bavli,0.0,0.0,0.375,0.625,0.5,0.0,0.0,8.0,3.5,0.0,0.25
71005,034,2,26,Bavli,0.1111,0.1111,0.3333,0.6667,0.6667,0.0,0.0,9.0,3.3333,0.0,0.3333
71005,034,2,27,Bavli,0.1667,0.0,0.8333,0.8333,0.5,0.0,0.0,6.0,3.6667,0.0,0.6667
71005,034,2,35,Bavli,0.2,0.2,1.0,0.8,0.0,0.0,0.0,5.0,4.8,0.0,0.0
71005,034,2,42,Bavli,0.1667,0.1667,0.25,0.5833,0.5,0.0,0.0,12.0,3.5833,0.0,0.1667
71005,034,2,43,Bavli,0.0,0.1667,0.1667,0.5,0.3333,0.0,0.0,6.0,4.1667,0.0,0.5
71005,034,2,44,Bavli,0.0833,0.0,0.4167,0.6667,0.5,0.0,0.0,12.0,4.25,0.0,0.3333
71005,035,1,01,Bavli,0.0,0.0,0.2,0.4,0.4,0.0,0.0,5.0,2.4,0.0,0.0
71005,035,1,11,Bavli,0.0,0.0,0.75,1.0,0.75,0.0,0.0,8.0,3.5,0.0,0.3333
71005,035,1,12,Bavli,1.0,0.0,0.0,0.5,0.0,0.0,1.0,1.0,6.0,0.0,0.0
71005,035,1,14,Bavli,0.0,0.0,1.0,0.5,0.3333,0.0,0.0,3.0,4.6667,0.0,0.0
71005,035,1,21,Bavli,0.1,0.0,0.1,0.5,0.4,0.0,0.0,10.0,3.4,0.0,0.0
71005,035,1,22,Bavli,0.3333,0.1667,0.5833,0.6667,0.5,0.0,0.6667,12.0,4.8333,0.1667,0.0
71005,035,1,23,Bavli,0.0,0.0,0.0,0.5,1.0,0.0,0.0,2.0,5.5,0.0,0.0
71005,035,1,24,Bavli,0.0,0.0,0.4545,0.6364,0.7273,0.0,0.0,11.0,4.1818,0.0,0.25
71005,035,1,27,Bavli,0.0,0.0,0.1111,0.1111,0.2222,0.0,0.0,9.0,4.2222,0.0,0.0
71006,002,1,17,Bavli,0.0,0.0,0.3333,0.5,0.6667,0.0,0.0,3.0,4.0,0.0,0.5
71006,002,1,18,Bavli,0.0,0.0,0.6,0.6,0.4,0.0,0.0,5.0,4.6,0.0,0.0
71006,002,1,19,Bavli,0.0,0.0,0.5,0.5,0.5,0.0,0.0,2.0,5.0,0.0,1.0
71006,002,1,21,Bavli,0.0,0.0,0.25,0.75,0.5,0.0,0.0,4.0,3.25,0.0,0.5
71006,002,1,22,Bavli,0.0,0.0,1.0,0.5,1.0,0.0,0.0,2.0,6.5,0.0,0.0
71006,002,1,23,Bavli,0.5,0.0,0.5,0.5,0.0,0.0,0.0,2.0,4.5,0.0,0.0
71006,002,1,26,Bavli,0.3333,0.0,0.3333,0.5,0.0,0.0,1.0,3.0,3.6667,0.0,0.0
71006,002,1,31,Bavli,0.2857,0.0,0.0,0.7143,0.2857,0.0,0.0,7.0,4.2857,0.0,0.0
71006,002,1,32,Bavli,0.0,0.1667,0.3333,0.8333,0.3333,0.0,0.0,6.0,3.5,0.0,0.0
71006,002,1,33,Bavli,0.5,0.0,0.0,0.75,0.5,0.0,0.0,4.0,3.5,0.0,0.0
71006,002,1,34,Bavli,0.0,0.0,0.0,0.5,0.3333,0.0,0.0,3.0,4.3333,0.0,0.0
71006,002,2,07,Bavli,0.0,0.0,0.6667,0.5,0.6667,0.0,0.0,3.0,4.0,0.0,0.5
71006,002,2,09,Bavli,0.1667,0.0,0.5,1.0,0.3333,0.0,1.0,6.0,4.0,0.0,0.5
71006,002,2,10,Bavli,0.0,0.0,0.4286,0.5714,0.5714,0.0,0.0,7.0,3.8571,0.0,0.5
71006,002,2,11,Bavli,0.0,0.0,0.0,0.5,1.0,0.0,0.0,1.0,7.0,0.0,0.0
71006,002,2,12,Bavli,0.0,0.0,0.4,0.8,0.8,0.0,0.0,5.0,3.4,0.0,0.25
71006,002,2,13,Bavli,0.0,0.0,0.6667,0.3333,0.6667,0.0,0.0,6.0,4.5,0.0,0.5
71006,002,2,14,Bavli,0.25,0.0,0.5,0.25,0.0,0.0,0.0,4.0,4.0,0.0,0.0
71006,002,2,15,Bavli,0.0,0.0,0.5,0.5,1.0,0.0,0.0,2.0,6.0,0.0,0.0
71006,002,2,16,Bavli,0.5,0.25,0.5,0.75,0.25,0.0,0.0,4.0,4.75,0.0,0.0
71006,002,2,20,Bavli,0.0,0.0,0.6667,1.0,0.6667,0.0,0.0,6.0,4.1667,0.0,0.25
71006,002,2,28,Bavli,0.0,0.0,0.1667,0.5,0.3333,0.0,0.0,12.0,3.8333,0.0,0.0
71006,003,1,07,Bavli,0.0,0.0,0.4,0.4,0.4,0.0,0.0,5.0,4.8,0.0,0.0
71006,003,1,15,Bavli,0.3333,0.0,0.0,0.5,0.0,0.0,0.0,3.0,5.0,0.0,0.0
71006,003,1,16,Bavli,0.0,0.0,1.0,0.5,0.0,0.0,0.0,1.0,6.0,0.0,0.0
71006,003,1,18,Bavli,0.0,0.0,0.25,0.25,0.5,0.0,0.0,4.0,4.5,0.0,0.0
71006,003,1,19,Bavli,0.0,0.0,1.0,0.5,0.0,0.0,0.0,1.0,6.0,0.0,0.0
71006,003,2,02,Bavli,0.0,0.0,0.6667,0.5,0.6667,0.0,0.0,3.0,4.3333,0.0,0.0
71006,003,2,12,Bavli,0.0,0.0,0.3333,0.8333,0.3333,0.0,0.0,6.0,3.5,0.0,0.0
71006,003,2,13,Bavli,0.0,0.0,1.0,0.5,0.0,0.0,0.0,1.0,6.0,0.0,0.0
71006,003,2,15,Bavli,0.0,0.0,0.3333,0.5,1.3333,0.0,0.0,3.0,4.3333,0.0,0.0
71006,003,2,19,Bavli,0.0,0.0,0.5,0.5,1.0,0.0,0.0,2.0,4.0,0.0,0.5
71006,003,2,20,Bavli,0.0,0.0,0.0,0.5,1.0,0.0,0.0,2.0,3.5,0.0,0.0
71006,003,2,27,Bavli,0.1667,0.0,0.3333,0.3333,0.3333,0.0,0.0,6.0,5.0,0.0,0.0
71006,003,2,28,Bavli,0.0,0.0,1.0,0.5,0.0,0.0,0.0,1.0,6.0,0.0,0.0
71006,003,2,29,Bavli,0.6667,0.0,0.3333,0.5,0.6667,0.0,0.5,3.0,6.0,0.5,0.0
71006,003,2,32,Bavli,0.0,0.0,0.75,0.75,0.5,0.0,0.0,4.0,4.25,0.0,0.5
71006,003,2,33,Bavli,0.0,0.0,0.3333,0.5,0.3333,0.0,0.0,6.0,3.6667,0.0,0.0
71006,003,2,34,Bavli,0.0,0.0,0.0,0.5,0.0,0.0,0.0,1.0,6.0,0.0,0.0
71006,003,2,35,Bavli,0.0,0.0,0.1429,0.4286,0.5714,0.0,0.0,7.0,3.1429,0.0,0.0
71006,003,2,36,Bavli,0.125,0.125,0.0,0.375,0.5,0.0,0.0,8.0,3.625,0.0,0.0
71006,003,2,40,Bavli,0.0,0.0,0.4,0.6,0.4,0.0,0.0,5.0,2.8,0.0,0.0
71006,003,2,41,Bavli,0.0,0.0,0.0,0.5,0.0,0.0,0.0,1.0,6.0,0.0,0.0
71006,003,2,44,Bavli,0.5,0.0,1.0,0.5,0.0,0.0,0.0,2.0,5.0,0.0,0.0
71006,003,2,46,Bavli,0.0,0.0,0.3333,0.5,0.3333,0.0,0.0,3.0,3.6667,0.0,1.0
71006,003,2,49,Bavli,0.0,0.0,0.8889,0.3333,0.2222,0.0,0.0,9.0,4.7778,0.0,0.0
71006,003,2,50,Bavli,0.25,0.0,0.5,1.0,0.25,0.0,0.0,4.0,3.75,0.0,1.0
71006,003,2,53,Bavli,0.0714,0.0,0.2857,0.4286,0.1429,0.0,0.0,14.0,4.1429,0.5,0.0
71006,004,1,02,Bavli,0.0,0.0,0.5,0.75,0.25,0.0,0.0,4.0,6.0,0.0,0.0
71006,004,1,04,Bavli,0.0,0.0,0.3333,0.5,0.6667,0.0,0.0,3.0,6.0,0.0,0.0
71006,004,1,05,Bavli,0.0,0.0,0.5714,0.5714,0.1429,0.0,0.0,7.0,4.2857,0.0,0.0
71006,004,1,06,Bavli,0.125,0.125,0.375,0.75,0.5,0.0,0.0,8.0,4.5,0.0,0.25
71006,004,1,08,Bavli,0.0,0.0,0.5,0.5,0.0,0.0,0.0,4.0,4.25,0.0,0.0
71006,004,1,09,Bavli,0.0,0.0,0.3,0.7,0.6,0.0,0.0,10.0,4.1,0.0,0.3333
71006,004,1,10,Bavli,0.0,0.0,0.3333,0.5,0.6667,0.0,0.0,3.0,6.3333,0.0,0.5
71006,004,1,12,Bavli,0.0,0.0,1.0,0.5,0.0,0.0,0.0,2.0,3.0,0.0,0.0
71006,004,1,28,Bavli,0.2,0.0,1.0,0.8,0.4,0.0,0.0,5.0,4.4,0.0,0.5
71006,004,1,29,Bavli,0.0,0.0,0.3333,0.5,0.6667,0.0,0.0,3.0,4.0,0.0,0.0
71006,004,1,30,Bavli,0.1111,0.0,0.3333,0.6667,0.2222,0.0,0.0,9.0,4.2222,0.5,0.0
71006,004,1,31,Bavli,0.2,0.0,0.5,0.7,0.4,0.0,0.0,10.0,4.9,0.0,0.25
71006,004,1,32,Bavli,0.0,0.0,0.5,0.6667,0.3333,0.0,0.0,6.0,5.1667,0.0,0.0
71006,004,1,33,Bavli,0.0,0.0,0.5,0.5,0.0,0.0,0.0,4.0,3.25,0.0,0.0
71006,004,1,34,Bavli,0.0,0.0,0.2857,0.4286,0.2857,0.0,0.0,7.0,4.4286,0.0,0.0
71006,004,2,11,Bavli,1.0,0.0,1.0,0.5,0.0,0.0,0.0,1.0,7.0,0.0,0.0
71006,004,2,12,Bavli,0.5,0.0,1.0,0.5,0.0,0.0,1.0,2.0,4.5,0.0,0.0
71006,004,2,16,Bavli,0.25,0.0,0.5,1.0,0.5,0.0,0.0,4.0,3.0,0.0,0.5
71006,004,2,19,Bavli,0.25,0.0,0.5,0.75,0.5,0.0,0.0,4.0,3.0,0.5,0.0
71006,004,2,20,Bavli,0.0,0.0,0.25,0.75,0.5,0.0,0.0,4.0,3.75,0.0,0.5
71006,004,2,21,Bavli,0.0,0.0,0.4,0.6,0.4,0.0,0.0,5.0,4.0,0.0,0.5
71006,004,2,22,Bavli,0.0,0.0,0.4,0.6,0.4,0.0,0.0,5.0,4.6,0.0,0.0
71006,004,2,23,Bavli,0.0,0.6667,0.6667,0.8333,0.0,0.0,0.25,6.0,4.5,0.0,0.0
71006,004,2,24,Bavli,0.0,0.0769,0.3846,0.4615,0.7692,0.0,0.0,13.0,4.5385,0.0,0.1
71006,004,2,25,Bavli,0.0,0.1667,0.3333,0.5,0.0,0.0,1.0,6.0,3.0,0.0,0.0
71006,004,2,26,Bavli,0.2,0.2,0.4,0.8,0.4,0.0,0.0,5.0,4.8,0.0,0.0
71006,004,2,29,Bavli,0.0,0.0,0.0,0.5,2.0,0.0,0.0,1.0,7.0,0.0,0.0
71006,004,2,41,Bavli,0.25,0.0,0.75,1.0,0.5,0.0,0.0,4.0,4.75,0.0,0.5
71006,004,2,42,Bavli,0.0,0.0,0.5,0.5,1.0,0.0,0.0,2.0,6.5,0.0,0.0
71006,004,2,44,Bavli,0.0,0.0,0.25,0.5,1.0,0.0,0.0,4.0,4.5,0.0,0.0
71006,004,2,46,Bavli,0.0,0.0,0.7143,1.0,0.5714,0.0,0.0,7.0,4.5714,0.0,0.5
71006,005,1,01,Bavli,0.0,0.0,0.8333,0.6667,0.3333,0.0,0.0,6.0,4.8333,0.0,0.0
71006,005,1,02,Bavli,0.0,0.0,0.0,0.5,2.0,0.0,0.0,1.0,6.0,0.0,0.0
71006,005,1,03,Bavli,0.0,0.0,0.6667,0.6667,0.6667,0.0,0.0,6.0,3.6667,0.0,0.0
71006,005,1,04,Bavli,0.0,0.0,0.5,0.5,0.0,0.0,0.0,2.0,2.5,0.0,0.0
71006,005,1,05,Bavli,0.0,0.0,0.5,0.5,1.0,0.0,0.0,2.0,4.5,0.0,0.0
71006,005,1,27,Bavli,0.0,0.0,0.5,1.0,0.5,0.0,0.0,4.0,3.5,0.0,0.0
71006,005,1,34,Bavli,0.0,0.0,0.0,0.5,0.6667,0.0,0.0,3.0,2.6667,0.0,0.0
71006,005,1,35,Bavli,0.0909,0.0,0.5455,0.7273,1.2727,0.0,0.0,11.0,4.7273,0.0714,0.0
71006,005,1,36,Bavli,0.5,0.0,0.0,0.5,0.0,0.0,0.0,2.0,2.0,0.0,0.0
71006,005,1,37,Bavli,0.0,0.0,0.3333,0.5,0.6667,0.0,0.0,3.0,5.6667,0.0,0.0
71006,005,1,39,Bavli,0.3333,0.3333,0.0,0.5,0.6667,0.0,0.0,3.0,4.6667,0.5,0.0
71006,005,2,01,Bavli,0.2,0.0,0.8,1.0,0.4,0.0,0.0,5.0,4.4,0.0,0.5
71006,005,2,02,Bavli,0.0,0.0,0.6,1.0,0.4,0.0,0.0,5.0,4.2,0.0,0.5
71006,005,2,03,Bavli,0.0,0.0,0.0,0.4,0.6,0.0,0.0,5.0,3.4,0.0,0.0
71006,005,2,04,Bavli,0.25,0.0,0.0,0.5,0.5,0.0,0.0,4.0,4.0,0.0,0.0
71006,005,2,05,Bavli,0.25,0.0,0.0,1.0,0.5,0.0,0.0,4.0,4.25,0.0,0.0
71006,005,2,12,Bavli,0.0,0.0,0.0,0.5,0.0,0.0,0.0,2.0,5.5,0.0,0.0
71006,005,2,13,Bavli,0.0,0.0,0.3333,0.5,0.6667,0.0,0.0,3.0,6.0,0.0,0.5
71006,005,2,19,Bavli,0.0,0.0,0.6667,0.5,1.3333,0.0,0.0,3.0,3.6667,0.0,0.0
71006,005,2,22,Bavli,0.25,0.0,0.25,0.5,0.5,0.0,1.0,4.0,5.0,0.5,0.0
71006,006,1,08,Bavli,0.0,0.1111,0.4444,0.7778,0.4444,0.0,0.0,9.0,3.6667,0.0,0.25
71006,006,1,10,Bavli,0.0,0.0,0.625,0.375,0.25,0.0,0.0,8.0,4.375,0.0,0.5
71006,006,1,11,Bavli,0.0,0.0,0.5714,0.7143,0.5714,0.0,0.0,7.0,4.2857,0.0,0.0
71006,006,1,13,Bavli,1.0,0.0,1.0,0.5,0.0,0.0,1.0,1.0,6.0,0.0,0.0
71006,006,1,14,Bavli,0.0,0.0,0.0,0.5,2.0,0.0,0.0,1.0,7.0,0.0,0.0
71006,006,1,19,Bavli,0.0,0.0,0.2857,0.8571,0.5714,0.0,0.0,7.0,4.1429,0.5,0.0
71006,006,1,23,Bavli,0.1667,0.0,1.0,0.8333,0.6667,0.0,0.0,6.0,4.8333,0.0,0.25
71006,006,1,24,Bavli,0.0,0.0,0.0,0.5556,0.6667,0.0,0.0,9.0,4.1111,0.0,0.0
71006,006,1,27,Bavli,0.0,0.0,0.3,0.4,0.4,0.0,0.0,10.0,4.4,0.0,0.25
71006,006,1,28,Bavli,0.0,0.0,0.0,0.5,2.0,0.0,0.0,1.0,6.0,0.0,0.0
71006,006,1,31,Bavli,0.2,0.2,0.4,0.8,0.8,0.0,0.0,5.0,4.4,0.25,0.0
71006,006,1,33,Bavli,0.0,0.0,0.25,0.75,0.5,0.0,0.0,4.0,4.5,0.0,0.5
71006,006,2,07,Bavli,1.0,0.0,0.0,0.5,0.0,0.0,0.0,1.0,7.0,0.0,0.0
71006,006,2,16,Bavli,0.0,0.0,0.0,0.5,0.0,0.0,0.0,4.0,4.25,0.0,0.0
71006,006,2,17,Bavli,0.2,0.0,0.6,0.6,0.0,0.0,0.5,5.0,4.4,0.0,0.0
71006,006,2,18,Bavli,0.0,0.0,0.1429,0.5714,0.8571,0.0,0.0,7.0,4.4286,0.0,0.1667
71006,006,2,19,Bavli,0.0,0.0,0.4,0.6,1.2,0.0,0.0,5.0,4.8,0.0,0.1667
71006,006,2,20,Bavli,0.0,0.0,0.0,0.5,0.5,0.0,0.0,4.0,4.0,0.0,0.0
71006,006,2,21,Bavli,0.0,0.0,0.0,0.6,0.8,0.0,0.0,5.0,3.6,0.0,0.0
71006,006,2,22,Bavli,0.0,0.0,0.4,1.0,0.8,0.0,0.0,5.0,5.2,0.0,0.0
71006,006,2,23,Bavli,0.0,0.0,0.25,0.4167,0.3333,0.0,0.0,12.0,4.3333,0.0,0.0
71006,007,1,01,Bavli,0.1667,0.1667,0.1667,0.5,0.3333,0.0,0.0,6.0,4.3333,0.0,0.0
71006,007,1,02,Bavli,0.0,0.0,0.3333,0.5,0.6667,0.0,0.0,3.0,3.3333,0.0,0.5
71006,007,1,06,Bavli,0.0,0.0,0.0,0.5,1.0,0.0,0.0,2.0,4.0,0.0,0.0
71006,007,1,07,Bavli,0.0,0.0,0.0,0.6,0.4,0.0,0.0,5.0,5.4,0.0,0.0
71006,007,1,13,Bavli,0.0,0.0,0.75,0.5,0.0,0.0,0.0,4.0,5.75,0.0,0.0
71006,007,1,14,Bavli,0.0,0.0,0.4,0.8,0.8,0.0,0.0,5.0,4.0,0.0,0.25
71006,007,1,15,Bavli,0.0,0.0,0.8333,0.6667,0.3333,0.0,0.0,6.0,5.0,0.0,0.5
71006,007,1,16,Bavli,0.0,0.0,0.5,0.5,1.0,0.0,0.0,2.0,5.0,0.0,0.0
71006,007,1,22,Bavli,0.3333,0.0,0.6667,0.5,0.6667,0.0,0.0,3.0,3.6667,0.5,0.0
71006,007,1,25,Bavli,0.0,0.0,1.0,0.5,0.6667,0.0,0.0,3.0,3.6667,0.0,0.0
71006,007,1,26,Bavli,0.0,0.0,0.3333,0.5,0.6667,0.0,0.0,3.0,4.6667,0.0,0.0
71006,007,2,02,Bavli,0.5,0.0,0.5,0.5,0.0,0.0,1.0,2.0,4.0,0.0,0.0
71006,007,2,10,Bavli,0.0,0.0,0.2,0.4,0.4,0.0,0.0,5.0,3.2,0.0,0.0
71006,007,2,11,Bavli,1.0,0.0,1.0,0.5,0.0,0.0,0.5,1.0,9.0,0.0,0.0
71006,007,2,12,Bavli,0.125,0.0,0.5,0.75,1.0,0.0,0.0,8.0,4.125,0.0,0.125
71006,007,2,14,Bavli,0.0,0.0,0.2143,0.5714,0.5714,0.0,0.0,14.0,3.7143,0.0,0.125
71006,007,2,15,Bavli,0.0,0.0,0.5,0.5,2.0,0.0,0.0,2.0,4.5,0.0,0.0
71006,008,1,06,Bavli,0.0,0.0,0.4,0.4,0.4,0.0,0.0,5.0,3.8,0.0,0.0
71006,008,1,07,Bavli,0.0,0.0,0.2,0.6,0.0,0.0,0.0,5.0,3.6,0.0,0.0
71006,008,1,08,Bavli,0.0,0.0,0.375,0.625,0.25,0.0,0.0,8.0,3.5,0.0,0.5
71006,008,1,09,Bavli,0.0,0.0,0.4,0.6,0.4,0.0,0.0,5.0,3.6,0.0,0.5
71006,008,1,12,Bavli,0.0,0.0,0.3333,0.5,0.3333,0.0,0.0,6.0,3.6667,0.0,0.5
71006,008,1,13,Bavli,0.0,0.0,0.3333,0.5,0.6667,0.0,0.0,3.0,3.3333,0.0,0.5
71006,008,1,14,Bavli,0.4,0.0,0.4,0.6,0.4,0.0,1.0,5.0,4.2,0.0,0.5
71006,008,1,21,Bavli,0.0,0.0,0.375,0.75,0.5,0.0,0.0,8.0,3.5,0.0,0.0
71006,008,1,22,Bavli,0.0,0.0,0.0,0.5,0.6667,0.0,0.0,3.0,3.6667,0.0,0.0
71006,008,1,23,Bavli,0.0,0.0,0.6667,0.5,1.3333,0.0,0.0,3.0,4.3333,0.0,0.0
71006,008,1,25,Bavli,0.3333,0.0,1.3333,1.0,0.0,0.0,0.6667,6.0,4.6667,0.0,0.0
71006,008,1,27,Bavli,0.0,0.0,0.0,0.5,2.0,0.0,0.0,1.0,6.0,0.0,0.0
71006,008,1,33,Bavli,0.2,0.0,0.2,0.8,1.2,0.0,0.0,5.0,4.0,0.0,0.0
71006,008,1,34,Bavli,0.2727,0.0,0.5455,0.7273,0.5455,0.0,0.5,11.0,4.0,0.0,0.0
71006,008,1,35,Bavli,0.0,0.0,0.5,0.6667,0.6667,0.0,0.0,6.0,4.8333,0.0,0.0
71006,008,1,36,Bavli,0.0,0.0,0.0,0.375,0.5,0.0,0.0,8.0,3.875,0.0,0.0
71006,008,1,37,Bavli,0.0,0.0,0.5,0.625,0.25,0.0,0.0,8.0,3.375,0.0,0.0
71006,008,1,38,Bavli,0.0,0.0,0.0,0.5,0.6667,0.0,0.0,3.0,2.3333,0.0,0.0
71006,008,1,39,Bavli,0.0,0.0,0.375,0.875,0.75,0.0,0.0,8.0,3.625,0.1667,0.1667
71006,008,2,04,Bavli,0.0,0.0,0.2,0.8,0.4,0.0,0.0,5.0,3.4,0.0,0.0
71006,008,2,05,Bavli,0.0,0.0,0.1429,0.2857,0.0,0.0,0.0,7.0,3.2857,0.0,0.0
71006,008,2,09,Bavli,0.0,0.0,0.5,0.5,0.5,0.0,0.0,4.0,5.0,0.0,0.0
71006,008,2,10,Bavli,0.2,0.0,0.6,0.6,0.4,0.0,0.0,5.0,5.6,0.0,0.0
71006,008,2,11,Bavli,0.0,0.0,0.3333,0.8333,0.3333,0.0,0.0,6.0,2.6667,0.0,0.5
71006,008,2,12,Bavli,0.0,0.0,0.75,1.0,0.25,0.0,0.0,4.0,2.75,0.0,1.0
71006,008,2,13,Bavli,0.0,0.0,0.4,0.8,0.4,0.0,0.0,5.0,4.0,0.0,0.5
71006,008,2,14,Bavli,0.1667,0.0,0.5,0.8333,0.3333,0.0,0.0,6.0,4.5,0.5,0.0
71006,008,2,16,Bavli,0.6667,0.0,0.6667,1.0,0.3333,0.0,0.0,6.0,4.6667,0.5,0.0
71006,008,2,17,Bavli,0.0,0.2,1.2,1.0,1.2,0.0,0.0,5.0,6.6,0.0,0.3333
71006,008,2,18,Bavli,0.125,0.125,0.25,0.5,0.25,0.0,0.0,8.0,4.25,0.0,0.5
71006,008,2,19,Bavli,0.3333,0.0,0.6667,0.5,0.6667,0.0,0.0,3.0,5.0,0.5,0.0
71006,008,2,20,Bavli,0.0,0.0,0.4,0.6,0.4,0.0,0.0,5.0,5.4,0.0,0.5
71006,008,2,21,Bavli,0.0,0.0,0.5,0.5,0.5,0.0,0.0,4.0,5.5,0.0,0.0
71006,009,1,04,Bavli,0.0,0.0,0.25,0.5,1.0,0.0,0.0,4.0,4.5,0.0,0.0
71006,009,1,05,Bavli,0.0,0.0,0.5,0.5,1.0,0.0,0.0,2.0,7.0,0.0,0.0
71006,009,1,07,Bavli,0.0,0.0,0.0,0.5,0.6667,0.0,0.0,3.0,5.0,0.5,0.0
71006,009,2,14,Bavli,0.1,0.0,0.3,0.7,1.0,0.0,0.0,10.0,3.2,0.0,0.0
71006,009,2,19,Bavli,0.5,0.25,0.25,1.0,0.5,0.0,0.3333,4.0,4.5,0.0,0.0
71006,009,2,27,Bavli,0.0,0.0,0.0,0.5,0.6667,0.0,0.0,3.0,4.6667,0.0,0.0
71006,009,2,32,Bavli,0.0,0.0,0.0,0.5,0.5,0.0,0.0,4.0,3.5,0.0,0.0
71006,009,2,37,Bavli,0.0,0.3333,0.6667,0.5,0.0,0.0,1.0,3.0,7.3333,0.0,0.0
71006,009,2,38,Bavli,0.1429,0.0,0.4286,0.7143,0.2857,0.0,0.0,7.0,5.7143,0.0,0.5
71006,009,2,40,Bavli,0.0833,0.0,0.0,0.5,0.6667,0.0,1.0,12.0,3.4167,0.125,0.0
71006,009,2,41,Bavli,0.2857,0.0,0.4286,0.7143,0.5714,0.0,0.0,7.0,4.1429,0.0,0.5
71006,009,2,45,Bavli,0.0,0.0,0.3636,0.3636,0.1818,0.0,0.0,11.0,3.8182,0.0,0.0
71006,009,2,46,Bavli,0.2,0.0,0.5,0.7,0.2,0.0,0.0,10.0,5.7,0.0,0.0
71006,009,2,47,Bavli,0.15,0.0,0.25,0.65,0.4,0.0,0.6667,20.0,3.8,0.125,0.125
71006,009,2,48,Bavli,0.05,0.0,0.3,0.55,0.3,0.0,0.0,20.0,3.65,0.0,0.3333
71006,009,2,49,Bavli,0.125,0.0,0.0,0.625,0.5,0.0,0.0,8.0,3.875,0.0,0.0
71006,010,1,02,Bavli,0.5,0.0,1.0,0.5,0.0,0.0,1.0,2.0,5.0,0.0,0.0
71006,010,1,03,Bavli,0.0,0.0,0.0,0.5,0.6667,0.0,0.0,3.0,3.6667,0.0,0.0
71006,010,1,10,Bavli,0.0,0.0,0.0,0.25,0.5,0.0,0.0,4.0,4.25,0.0,0.0
71006,010,1,11,Bavli,0.2857,0.4286,0.4286,0.7143,0.0,0.0,0.0,7.0,4.5714,0.0,0.0
71006,010,1,12,Bavli,0.75,0.25,0.25,0.75,0.0,0.0,0.5,4.0,5.0,0.0,0.0
71006,010,1,30,Bavli,0.0,0.0,0.5,0.5,1.0,0.0,0.0,2.0,3.5,0.0,0.5
71006,010,1,31,Bavli,0.0,0.0,0.3333,0.3333,0.2222,0.0,0.0,9.0,3.7778,0.0,0.0
71006,010,1,32,Bavli,0.0,0.0,0.1429,0.4286,0.5714,0.0,0.0,7.0,3.7143,0.0,0.0
71006,010,1,33,Bavli,0.1333,0.0,0.6,0.8667,0.5333,0.0,0.5,15.0,4.4,0.25,0.25
71006,010,1,34,Bavli,1.0,0.0,0.5,0.5,0.0,0.0,0.5,2.0,5.5,0.0,0.0
71006,010,1,37,Bavli,1.0,0.0,1.0,0.5,0.0,0.0,1.0,1.0,4.0,0.0,0.0
71006,010,1,38,Bavli,0.0833,0.0833,0.3333,0.9167,0.5,0.0,0.5,12.0,4.1667,0.1667,0.1667
71006,010,1,45,Bavli,0.0909,0.0,0.0,0.3636,0.3636,0.0,0.0,11.0,3.7273,0.0,0.0
71006,010,1,46,Bavli,0.0,0.0,0.4,0.8,1.2,0.0,0.0,5.0,4.2,0.0,0.1667
71006,010,2,01,Bavli,0.0,0.0,0.1667,0.3333,0.6667,0.0,0.0,6.0,4.3333,0.0,0.25
71006,010,2,02,Bavli,0.0,1.0,1.0,0.5,0.0,0.0,0.0,1.0,5.0,0.0,0.0
71006,010,2,03,Bavli,0.1111,0.0,0.3333,0.5556,0.6667,0.0,0.5,9.0,4.8889,0.0,0.0
71006,010,2,04,Bavli,0.0,0.0,0.0,0.5,0.6667,0.0,0.0,6.0,4.3333,0.0,0.0
71006,010,2,05,Bavli,0.0,0.5,0.5,0.5,0.0,0.0,0.0,2.0,4.0,0.0,0.0
71006,010,2,08,Bavli,0.125,0.125,0.375,0.625,0.5,0.0,0.3333,8.0,5.25,0.0,0.25
71006,010,2,09,Bavli,0.4,0.0,0.0,0.4,0.0,0.0,0.0,5.0,4.6,0.0,0.0
71006,010,2,10,Bavli,0.3333,0.0,0.6667,0.5,0.0,0.0,0.0,3.0,5.0,0.0,0.0
71006,010,2,12,Bavli,0.5,0.0,1.5,0.5,0.0,0.0,0.0,2.0,6.5,0.0,0.0
71006,010,2,14,Bavli,0.1429,0.0,0.1429,0.7143,0.2857,0.0,0.0,7.0,4.7143,0.0,0.0
71006,010,2,15,Bavli,0.5,0.0,0.0,0.5,0.0,0.0,0.0,2.0,4.0,0.0,0.0
71006,010,2,16,Bavli,0.0,0.0,1.25,1.0,0.5,0.0,0.0,4.0,5.0,0.0,0.5
71006,010,2,18,Bavli,0.0,0.0,1.0,0.8,0.8,0.0,0.0,5.0,3.4,0.25,0.25
71006,011,1,03,Bavli,0.0,0.0,0.3333,0.6667,0.3333,0.0,0.0,6.0,3.6667,0.5,0.0
71006,011,1,04,Bavli,0.125,0.0,0.625,0.625,0.25,0.0,0.0,8.0,4.0,0.0,0.0
71006,011,1,05,Bavli,0.0,0.0,0.2857,0.4286,0.5714,0.0,0.0,7.0,4.8571,0.0,0.0
71006,011,1,06,Bavli,0.5,0.25,0.25,1.0,0.0,0.0,0.0,4.0,4.25,0.0,0.0
71006,011,1,11,Bavli,0.2857,0.0,0.2857,0.8571,0.2857,0.0,0.5,7.0,3.8571,0.0,0.0
71006,011,1,12,Bavli,0.1429,0.0,0.7143,0.5714,0.2857,0.0,0.0,7.0,4.0,0.0,0.5
71006,011,1,13,Bavli,0.6667,0.0,0.8333,0.8333,0.3333,0.0,0.0,6.0,4.8333,0.0,0.0
71006,011,1,14,Bavli,0.0,0.0,0.2222,0.4444,0.3333,0.0,0.0,9.0,4.4444,0.0,0.3333
71006,011,1,23,Bavli,0.0,0.0,0.3333,0.5,1.3333,0.0,0.0,3.0,4.6667,0.0,0.0
71006,011,1,26,Bavli,0.0,0.0,0.2,0.4,0.4,0.0,0.0,5.0,3.2,0.0,0.0
71006,011,1,27,Bavli,0.0,0.0,0.5,0.5,1.0,0.0,0.0,2.0,5.5,0.0,0.0
71006,011,1,30,Bavli,0.4,0.0,0.0,0.6,0.0,0.0,0.0,5.0,4.8,0.0,0.0
71006,011,1,36,Bavli,0.25,0.0,0.5,0.8333,0.25,0.0,0.6667,12.0,4.0,0.0,0.3333
71006,011,1,37,Bavli,0.0,0.0,1.0,0.5,0.0,0.0,0.0,1.0,4.0,0.0,0.0
71006,011,1,40,Bavli,0.25,0.0,0.5,0.25,0.5,0.0,0.0,8.0,4.375,0.0,0.5
71006,011,1,44,Bavli,0.0526,0.0526,0.3684,0.5789,0.4211,0.0,0.0,19.0,4.2105,0.125,0.125
71006,011,1,45,Bavli,0.1765,0.0588,0.2941,0.6471,0.4706,0.0,0.0,17.0,4.4118,0.0,0.25
71006,011,1,48,Bavli,0.3333,0.3333,0.6667,0.5,0.0,0.0,0.0,3.0,5.6667,0.0,0.0
71006,011,2,10,Bavli,1.0,0.0,0.0,0.5,0.0,0.0,0.0,1.0,7.0,0.0,0.0
71006,011,2,14,Bavli,0.0,0.0,0.0,0.5,1.0,0.0,0.0,2.0,4.0,0.0,0.0
71006,011,2,15,Bavli,0.1667,0.0,0.3333,0.5,0.3333,0.0,1.0,6.0,4.3333,0.0,0.0
71006,011,2,18,Bavli,0.75,0.0,0.25,1.0,0.0,0.0,0.25,4.0,6.0,0.0,0.0
71006,011,2,26,Bavli,0.0,0.25,0.25,0.75,0.5,0.0,0.0,4.0,3.75,0.0,0.0
71006,011,2,27,Bavli,0.0,0.0,0.6667,0.5,1.3333,0.0,0.0,3.0,4.3333,0.0,0.25
71006,011,2,28,Bavli,0.2,0.0,0.0,0.8,0.4,0.0,0.0,5.0,2.8,0.5,0.0
71006,011,2,31,Bavli,0.2222,0.1111,0.4444,0.8889,0.6667,0.0,0.0,9.0,4.4444,0.1667,0.1667
71006,011,2,38,Bavli,0.0,0.1429,0.2857,0.5714,0.0,0.0,0.0,7.0,3.2857,0.0,0.0
71006,011,2,40,Bavli,0.0,0.0,0.7778,0.6667,0.5556,0.0,0.0,9.0,3.8889,0.0,0.4
71006,011,2,41,Bavli,0.0,0.0769,0.7692,0.6154,0.4615,0.0,0.0,13.0,3.6923,0.0,0.5
71006,012,1,01,Bavli,0.0,0.0,0.0,0.5,0.6667,0.0,0.0,3.0,4.3333,0.0,0.0
71006,012,1,06,Bavli,0.0,0.0,1.0,0.5,0.0,0.0,0.0,3.0,7.0,0.0,0.0
71006,012,1,08,Bavli,0.25,0.0,0.5,0.5,0.5,0.0,0.0,4.0,5.0,0.0,0.0
71006,012,1,10,Bavli,0.1667,0.0,0.3333,0.8333,0.6667,0.0,0.0,6.0,3.3333,0.25,0.0
71006,012,1,11,Bavli,0.5,0.0,1.0,0.5,0.0,0.0,1.0,2.0,4.5,0.0,0.0
71006,012,1,19,Bavli,0.3333,0.0,0.6667,0.5,0.6667,0.0,0.0,3.0,3.3333,0.0,0.0
71006,012,1,25,Bavli,0.4,0.2,0.6,1.0,0.4,0.0,0.0,5.0,6.2,0.5,0.0
71006,012,1,26,Bavli,1.0,0.0,1.0,0.5,0.0,0.0,0.0,1.0,9.0,0.0,0.0
71006,012,1,32,Bavli,0.0,0.0,0.5,1.0,0.0,0.0,0.0,4.0,5.75,0.0,0.0
71006,012,2,06,Bavli,0.0,0.0,0.3333,0.5,0.6667,0.0,0.0,3.0,4.3333,0.0,0.0
71006,012,2,07,Bavli,0.0,0.0,0.3333,0.5,0.6667,0.0,0.0,3.0,4.3333,0.0,0.0
71006,012,2,09,Bavli,0.0,0.0,0.2,0.4,0.4,0.0,0.0,5.0,4.8,0.0,0.0
71006,012,2,10,Bavli,0.5,0.0,0.0,0.5,0.0,0.0,0.0,2.0,4.0,0.0,0.0
71006,012,2,13,Bavli,0.0,0.1667,0.6667,0.3333,0.0,0.0,1.0,6.0,4.6667,0.0,0.0
71006,012,2,19,Bavli,0.0,0.0,1.0,0.5,0.0,0.0,0.0,2.0,2.5,0.0,0.0
71006,012,2,20,Bavli,0.0,0.0,0.0,0.5,1.0,0.0,0.0,2.0,4.5,0.0,0.0
71006,013,1,06,Bavli,0.0,0.0,0.3333,0.5,0.0,0.0,0.0,3.0,3.3333,0.0,0.0
71006,013,1,07,Bavli,0.0,0.1667,0.0,0.5,0.3333,0.0,0.0,6.0,4.3333,0.0,0.0
71006,013,1,08,Bavli,0.0,0.5,0.0,0.5,0.0,0.0,0.0,2.0,4.0,0.0,0.0
71006,013,1,09,Bavli,0.0,0.3333,0.3333,0.5,0.6667,0.0,0.0,3.0,4.3333,0.0,0.5
71006,013,1,10,Bavli,0.0,0.25,0.25,0.5,0.5,0.0,0.0,4.0,5.0,0.0,0.0
71006,013,1,11,Bavli,0.3333,0.0,0.3333,0.5,0.6667,0.0,0.0,3.0,5.0,0.0,0.0
71006,013,1,12,Bavli,0.0,0.0,0.5,0.5,1.0,0.0,0.0,2.0,5.0,0.0,0.0
71006,013,1,13,Bavli,1.0,0.0,2.0,0.5,0.0,0.0,0.0,1.0,8.0,0.0,0.0
71006,013,1,14,Bavli,0.0,0.0,0.375,0.625,0.25,0.0,0.0,8.0,3.375,0.0,0.5
71006,013,1,15,Bavli,0.0,0.0,0.625,0.625,0.5,0.0,0.0,8.0,4.0,0.0,0.25
71006,013,1,16,Bavli,0.0,0.3333,0.3333,0.5,0.0,0.0,0.0,3.0,4.0,0.0,0.0
71006,013,1,17,Bavli,0.0,0.0,0.6667,1.0,0.6667,0.0,0.0,6.0,3.6667,0.0,0.25
71006,013,1,18,Bavli,0.0,0.0,0.6364,0.5455,0.5455,0.0,0.0,11.0,3.2727,0.0,0.5
71006,013,1,19,Bavli,0.5,0.0,0.0,0.5,1.0,0.0,0.0,2.0,4.0,0.5,0.0
71006,013,1,20,Bavli,0.0,0.0,1.0,0.5,1.0,0.0,0.0,2.0,4.5,0.0,0.5
71006,013,1,21,Bavli,0.3333,0.0,0.8333,1.0,0.6667,0.0,0.0,6.0,4.5,0.25,0.25
71006,013,1,22,Bavli,0.0,0.0,0.5,0.5,0.5,0.0,0.0,4.0,3.75,0.0,0.5
71006,013,1,23,Bavli,0.0,0.0,0.8333,1.0,0.6667,0.0,0.0,6.0,3.5,0.0,0.25
71006,013,1,25,Bavli,0.375,0.0,0.5,0.75,0.5,0.0,0.0,8.0,4.0,0.25,0.25
71006,013,1,27,Bavli,0.0,0.1,0.6,0.7,0.4,0.0,0.0,10.0,3.7,0.0,0.25
71006,013,1,28,Bavli,0.0,0.0,0.25,0.75,0.5,0.0,0.0,4.0,4.75,0.0,0.0
71006,013,1,31,Bavli,0.4286,0.0,0.5714,0.8571,0.5714,0.0,0.0,7.0,5.5714,0.5,0.0
71006,013,2,01,Bavli,0.4,0.0,0.6,0.8,0.0,0.0,0.0,5.0,3.6,0.0,0.0
71006,013,2,03,Bavli,0.0,0.0,0.6667,0.5,0.0,0.0,0.0,3.0,5.0,0.0,0.0
71006,013,2,04,Bavli,0.5,0.0,0.5,0.75,0.5,0.0,0.0,4.0,4.0,0.0,0.5
71006,013,2,05,Bavli,0.125,0.0,1.0,0.75,0.25,0.0,0.0,8.0,4.0,0.0,0.5
71006,013,2,06,Bavli,0.0,0.25,0.75,0.75,0.5,0.0,0.0,4.0,2.5,0.0,0.5
71006,013,2,09,Bavli,0.1429,0.0,0.4286,0.7143,0.5714,0.0,0.0,7.0,4.5714,0.25,0.0
71006,013,2,10,Bavli,0.75,0.0,0.5,0.75,0.5,0.0,0.6667,4.0,4.75,0.5,0.0
71006,013,2,11,Bavli,0.0,0.125,0.875,0.75,0.5,0.0,0.0,8.0,3.125,0.0,0.5
71006,013,2,14,Bavli,0.0,0.0,0.5,1.0,1.0,0.0,0.0,4.0,3.0,0.0,0.25
71006,013,2,15,Bavli,0.0,0.0,0.6667,0.5,0.0,0.0,0.0,3.0,3.3333,0.0,0.0
71006,013,2,16,Bavli,0.3333,0.0,0.5,0.8333,0.6667,0.0,0.0,6.0,5.3333,0.25,0.0
71006,013,2,17,Bavli,0.0,0.0,0.6667,0.5,0.6667,0.0,0.0,3.0,2.6667,0.0,0.5
71006,013,2,18,Bavli,0.0,0.0,0.6667,1.0,1.3333,0.0,0.0,6.0,3.5,0.0,0.125
71006,013,2,19,Bavli,0.1429,0.0,0.7143,0.7143,0.5714,0.0,0.0,7.0,4.2857,0.0,0.25
71006,013,2,20,Bavli,0.1111,0.0,0.2222,0.4444,0.4444,0.0,0.0,9.0,4.2222,0.0,0.25
71006,013,2,22,Bavli,0.0,0.0,0.3333,0.5,0.6667,0.0,0.0,6.0,4.5,0.0,0.25
71006,013,2,26,Bavli,0.0,0.0,0.1667,0.5,0.6667,0.0,0.0,6.0,4.5,0.0,0.25
71006,013,2,28,Bavli,0.0,0.0,0.25,0.5,0.5,0.0,0.0,4.0,4.75,0.0,0.5
71006,014,1,02,Bavli,0.0,0.0,0.3333,0.3333,0.3333,0.0,0.0,6.0,3.3333,0.0,0.0
71006,014,1,05,Bavli,0.0,0.0,0.4,0.4,0.4,0.0,0.0,5.0,4.0,0.0,0.0
71006,014,1,06,Bavli,0.0,0.0,0.0,0.5,0.0,0.0,0.0,1.0,9.0,0.0,0.0
71006,014,1,07,Bavli,0.1667,0.0,0.5,0.6667,0.0,0.0,0.5,6.0,5.3333,0.0,0.0
71006,014,1,08,Bavli,0.0,0.0,0.2,0.8,0.4,0.0,0.0,5.0,3.2,0.0,0.5
71006,014,1,09,Bavli,0.125,0.0,0.375,0.875,0.5,0.0,0.5,8.0,4.375,0.0,0.25
71006,014,1,10,Bavli,0.0,0.0,0.5714,0.8571,0.8571,0.0,0.0,7.0,5.4286,0.0,0.3333
71006,014,1,11,Bavli,0.0,0.0,0.1667,0.8333,1.0,0.0,0.0,6.0,4.1667,0.0,0.0
71006,014,1,12,Bavli,0.0,0.0,0.5,0.8333,0.6667,0.0,0.0,6.0,4.1667,0.0,0.25
71006,014,1,18,Bavli,0.0,0.0,0.5,0.5,1.0,0.0,0.0,2.0,3.5,0.0,0.0
71006,014,1,20,Bavli,0.0,0.0,0.0,0.5,0.6667,0.0,0.0,3.0,4.6667,0.0,0.0
71006,014,1,28,Bavli,0.3333,0.0,0.0,0.5,0.6667,0.0,0.0,3.0,4.0,0.5,0.0
71006,014,1,40,Bavli,0.3333,0.0,0.3333,0.5,0.6667,0.0,0.0,3.0,5.3333,0.5,0.0
71006,014,1,41,Bavli,0.0,0.0,0.2857,0.7143,0.5714,0.0,0.0,7.0,3.7143,0.0,0.25
71006,014,1,44,Bavli,0.6667,0.0,1.0,0.5,0.0,0.0,0.5,3.0,4.0,0.0,0.0
71006,014,1,45,Bavli,0.4,0.0,0.4,0.4,0.0,0.0,0.0,5.0,4.4,0.0,0.0
71006,014,2,01,Bavli,0.0,0.0,0.5,0.5,1.0,0.0,0.0,2.0,4.5,0.0,0.0
71006,014,2,02,Bavli,0.375,0.0,0.5,0.625,0.5,0.0,0.0,8.0,4.625,0.0,0.0
71006,014,2,03,Bavli,0.0,0.0,0.6,0.6,0.8,0.0,0.0,5.0,4.6,0.0,0.0
71006,014,2,04,Bavli,0.0,0.0,0.0,0.5,0.0,0.0,0.0,2.0,4.0,0.0,0.0
71006,014,2,05,Bavli,0.0,0.0,0.4,0.6,0.8,0.0,0.0,5.0,4.4,0.0,0.0
71006,014,2,07,Bavli,0.0,0.0,0.3333,0.5,0.6667,0.0,0.0,3.0,3.6667,0.0,0.0
71006,014,2,08,Bavli,0.5,0.0,0.5,0.5,0.0,0.0,0.0,2.0,4.0,0.0,0.0
71006,014,2,09,Bavli,0.0,0.0,0.5,0.5,1.0,0.0,0.0,2.0,5.0,0.0,0.5
71006,014,2,15,Bavli,0.25,0.25,0.25,1.0,0.5,0.0,0.0,4.0,3.5,0.5,0.0
71006,014,2,16,Bavli,0.4,0.4,0.2,0.6,0.4,0.0,0.0,5.0,3.8,0.5,0.0
71006,014,2,22,Bavli,0.0,0.0,0.5,0.75,1.0,0.0,0.0,4.0,5.25,0.0,0.25
71006,014,2,23,Bavli,0.3333,0.0,0.5,0.6667,0.3333,0.0,0.0,6.0,4.1667,0.0,0.0
71006,014,2,24,Bavli,0.0,0.0,0.25,0.5,0.5,0.0,0.0,4.0,4.5,0.0,0.5
71006,015,1,01,Bavli,0.0,0.0,0.4286,0.7143,0.5714,0.0,0.0,7.0,3.7143,0.0,0.0
71006,015,1,02,Bavli,0.0,0.0,0.0,0.5,0.6667,0.0,0.0,3.0,2.6667,0.0,0.0
71006,015,1,03,Bavli,0.0,0.0,0.1429,0.8571,0.8571,0.0,0.0,7.0,4.0,0.0,0.0
71006,015,1,14,Bavli,0.0,0.0,0.6667,0.6667,0.3333,0.0,0.0,6.0,4.8333,0.0,0.0
71006,015,1,15,Bavli,0.2,0.0,0.8,0.8,0.4,0.0,0.0,5.0,6.4,0.0,0.0
71006,015,1,16,Bavli,0.5,0.0,0.0,0.5,1.0,0.0,0.0,2.0,4.0,0.5,0.0
71006,015,1,18,Bavli,0.0,0.0,1.0,0.5,1.0,0.0,0.0,2.0,5.0,0.0,0.5
71006,015,1,19,Bavli,0.3333,0.0,0.3333,0.8333,0.3333,0.0,0.0,6.0,5.5,0.0,0.0
71006,015,1,20,Bavli,0.375,0.0,0.375,0.75,0.0,0.0,0.0,8.0,4.125,0.0,0.0
71006,015,1,21,Bavli,0.0,0.0,0.0,0.4286,0.2857,0.0,0.0,7.0,4.2857,0.0,0.0
71006,015,1,22,Bavli,0.5,0.0,0.5,0.8333,0.0,0.0,0.0,6.0,5.6667,0.0,0.0
71006,015,1,23,Bavli,0.125,0.0,0.25,0.75,0.5,0.0,0.0,8.0,3.25,0.0,0.0
71006,015,1,24,Bavli,0.0,0.0,0.125,0.5,0.5,0.0,0.0,8.0,4.0,0.0,0.25
71006,015,1,25,Bavli,0.0,0.0,0.1429,0.4286,0.5714,0.0,0.0,7.0,4.0,0.0,0.0
71006,015,1,26,Bavli,0.1667,0.0,0.3333,0.8333,0.6667,0.0,0.0,6.0,4.3333,0.25,0.25
71006,015,1,27,Bavli,0.3333,0.0,0.3333,0.5,0.6667,0.0,0.0,3.0,3.6667,0.0,0.5
71006,015,1,33,Bavli,0.0,0.5,0.25,0.5,0.0,0.0,0.0,4.0,3.0,0.0,0.0
71006,015,1,38,Bavli,0.0,0.0,0.25,0.25,0.5,0.0,0.0,4.0,4.25,0.0,0.0
71006,015,1,40,Bavli,0.0,0.0,0.0,0.6,0.4,0.0,0.0,5.0,4.2,0.0,0.0
71006,015,1,41,Bavli,0.0,0.0,0.2,0.6,0.0,0.0,0.0,5.0,4.4,0.0,0.0
71006,015,1,43,Bavli,0.0,0.0,0.6,0.8,0.4,0.0,0.0,5.0,4.4,0.0,0.0
71006,015,1,44,Bavli,0.25,0.0,0.25,0.5,0.5,0.0,0.0,4.0,5.25,0.0,0.0
71006,015,1,45,Bavli,0.2,0.0,0.4,0.8,0.4,0.0,0.0,5.0,4.6,0.0,0.0
71006,015,1,46,Bavli,0.6667,0.0,0.1667,1.0,0.6667,0.0,0.25,6.0,4.6667,0.5,0.0
71006,015,2,01,Bavli,0.5,0.0,0.0,0.5,0.0,0.0,0.0,2.0,6.0,0.0,0.0
71006,015,2,02,Bavli,0.0,0.0,0.8,0.8,1.2,0.0,0.0,5.0,4.0,0.0,0.0
71006,015,2,03,Bavli,0.1667,0.0,0.1667,0.6667,1.0,0.0,0.0,6.0,4.6667,0.1667,0.0
71006,015,2,04,Bavli,0.0,0.0,0.4286,0.5714,0.5714,0.0,0.0,7.0,4.0,0.0,0.0
71006,015,2,05,Bavli,0.0,0.0,0.0,0.5,0.0,0.0,0.0,1.0,6.0,0.0,0.0
71006,015,2,14,Bavli,0.1429,0.0,0.8571,0.8571,0.5714,0.0,0.0,7.0,4.5714,0.25,0.0
71006,015,2,15,Bavli,0.2,0.0,0.2,0.6,0.4,0.0,0.0,5.0,4.2,0.0,0.5
71006,015,2,17,Bavli,0.3333,0.0,0.0,0.5,0.6667,0.0,0.0,3.0,3.6667,0.5,0.0
71006,015,2,18,Bavli,0.4,0.0,0.2,0.8,0.4,0.0,0.5,5.0,4.2,0.5,0.0
71006,015,2,19,Bavli,0.0,0.0,0.0,0.5,1.0,0.0,0.0,2.0,4.0,0.0,0.0
71006,015,2,26,Bavli,0.0,0.0,1.0,0.5,2.0,0.0,0.0,1.0,7.0,0.0,0.0
71006,016,1,20,Bavli,0.0,0.0,0.0,0.6,0.4,0.0,0.0,5.0,4.2,0.0,0.0
71006,016,1,21,Bavli,0.0,0.0,0.4,0.4,0.4,0.0,0.0,5.0,3.0,0.0,0.0
71006,016,1,30,Bavli,0.0,0.0,0.1429,0.4286,0.2857,0.0,0.0,7.0,3.7143,0.0,0.0
71006,016,1,31,Bavli,0.25,0.0,0.5833,1.0,0.3333,0.0,0.0,12.0,4.3333,0.25,0.25
71006,016,1,32,Bavli,0.125,0.0,0.5,0.875,0.5,0.0,0.0,8.0,3.625,0.0,0.5
71006,016,1,33,Bavli,0.0,0.0,1.0,0.5,0.0,0.0,0.0,2.0,3.0,0.0,0.0
71006,016,2,03,Bavli,0.25,0.0,0.5,0.75,0.5,0.0,0.0,4.0,3.75,0.5,0.0
71006,016,2,04,Bavli,0.0,0.0,0.25,0.375,0.25,0.0,0.0,8.0,4.125,0.0,0.0
71006,016,2,05,Bavli,0.0,0.0,1.0,0.5,0.0,0.0,0.0,1.0,3.0,0.0,0.0
71006,016,2,18,Bavli,0.3333,0.0,0.6667,0.5,0.6667,0.0,0.0,3.0,4.0,0.5,0.0
71006,016,2,19,Bavli,0.1429,0.0,0.2857,0.7143,0.5714,0.0,0.0,7.0,4.1429,0.0,0.25
71006,017,1,02,Bavli,0.0,0.0,0.0,0.5,0.0,0.0,0.0,2.0,3.0,0.0,0.0
71006,017,1,03,Bavli,0.0,0.0,0.0,0.5,1.5,0.0,0.0,4.0,5.0,0.0,0.0
71006,017,1,04,Bavli,0.0,0.0,0.0,0.3333,1.0,0.0,0.0,6.0,5.3333,0.0,0.0
71006,017,1,05,Bavli,0.0,0.0,0.3333,0.5,0.6667,0.0,0.0,3.0,6.6667,0.0,0.0
71006,017,1,06,Bavli,0.0,0.0,0.0,0.75,1.5,0.0,0.0,4.0,4.0,0.0,0.0
71006,017,1,07,Bavli,0.3333,0.0,0.0,0.5,0.6667,0.0,0.0,3.0,3.3333,0.0,0.0
71006,017,1,08,Bavli,0.1111,0.0,0.1111,0.3333,0.4444,0.0,0.0,9.0,3.4444,0.0,0.0
71006,017,2,01,Bavli,0.0,0.0,0.1429,0.7143,0.8571,0.0,0.0,7.0,4.5714,0.0,0.0
71006,017,2,02,Bavli,0.0,0.0,0.25,0.5,0.5,0.0,0.0,4.0,5.0,0.0,0.0
71006,017,2,03,Bavli,0.0,0.0,0.0,0.5,0.0,0.0,0.0,1.0,7.0,0.0,0.0
71006,017,2,04,Bavli,0.1667,0.0,0.3333,0.6667,0.0,0.0,0.0,6.0,4.1667,0.0,0.0
71006,017,2,05,Bavli,0.0,0.0,0.1429,0.5714,1.1429,0.0,0.0,7.0,4.5714,0.0,0.125
71006,017,2,06,Bavli,0.0,0.0,1.0,0.5,0.0,0.0,0.0,1.0,5.0,0.0,0.0
71006,017,2,08,Bavli,0.25,0.0,0.25,1.0,0.0,0.0,0.0,4.0,4.5,0.0,0.0
71006,017,2,17,Bavli,0.25,0.25,0.25,1.0,0.5,0.0,0.0,4.0,3.75,0.0,0.0
71006,017,2,18,Bavli,0.0,0.0,0.3333,0.5,0.0,0.0,0.0,3.0,3.3333,0.0,0.0
71006,017,2,19,Bavli,0.4,0.0,0.2,0.8,1.2,0.0,0.0,5.0,4.8,0.1667,0.0
71006,017,2,20,Bavli,0.0,0.0,0.6667,0.5,0.0,0.0,0.0,3.0,4.0,0.0,0.0
71006,017,2,21,Bavli,0.2,0.0,0.1,0.5,0.6,0.0,0.0,10.0,4.0,0.3333,0.0
71006,017,2,22,Bavli,0.4,0.0,0.4,0.8,0.0,0.0,0.0,5.0,5.0,0.0,0.0
71006,017,2,23,Bavli,0.0,0.0,0.3333,0.5,0.6667,0.0,0.0,3.0,5.0,0.5,0.0
71006,017,2,24,Bavli,0.1667,0.0,0.3333,0.6667,0.1667,0.0,0.0,6.0,4.8333,0.0,1.0
71006,018,1,03,Bavli,0.0,0.2,0.0,0.6,0.8,0.0,0.0,5.0,4.4,0.0,0.0
71006,018,1,04,Bavli,0.3333,0.3333,0.0,0.5,0.6667,0.0,0.0,3.0,4.3333,0.0,0.0
71006,018,1,06,Bavli,0.1667,0.3333,0.0,1.0,0.6667,0.0,0.0,6.0,4.1667,0.0,0.0
71006,018,1,07,Bavli,0.4,0.0,0.0,0.8,0.8,0.0,0.0,5.0,4.0,0.25,0.0
71006,018,1,08,Bavli,0.0,0.125,0.625,0.75,0.25,0.0,0.0,8.0,4.125,0.0,0.5
71006,018,1,09,Bavli,0.0,0.0909,0.3636,0.5455,0.3636,0.0,0.0,11.0,4.0909,0.0,0.25
71006,018,1,10,Bavli,0.1111,0.0,0.2222,0.6667,0.6667,0.0,0.0,9.0,4.6667,0.0,0.0
71006,018,1,11,Bavli,0.0,0.0,0.0,0.375,0.5,0.0,0.0,8.0,4.25,0.0,0.0
71006,018,1,18,Bavli,0.0,0.0,0.3333,0.5,0.6667,0.0,0.0,3.0,7.0,0.5,0.0
71006,018,1,22,Bavli,0.25,0.0,0.25,0.5,0.25,0.0,0.5,8.0,4.375,0.0,0.5
71006,018,1,23,Bavli,0.375,0.0,0.375,0.625,0.25,0.0,0.6667,8.0,4.375,0.0,0.0
71006,018,1,24,Bavli,0.25,0.0,0.5,0.875,0.5,0.0,0.0,8.0,3.75,0.0,0.25
71006,018,1,25,Bavli,0.0714,0.0,0.5,0.6429,0.5714,0.0,0.0,14.0,3.2143,0.125,0.0
71006,018,1,26,Bavli,0.0,0.0,0.8889,0.6667,0.2222,0.0,0.0,9.0,4.0,0.0,0.0
71006,018,1,27,Bavli,0.1818,0.0,0.5455,0.7273,0.4545,0.0,0.0,11.0,4.1818,0.0,0.6
71006,018,1,28,Bavli,0.4444,0.0,0.4444,1.0,0.6667,0.0,0.5,9.0,5.0,0.1667,0.3333
71006,018,1,29,Bavli,0.0,0.0,0.0,0.5,2.0,0.0,0.0,2.0,4.0,0.0,0.0
71006,018,1,39,Bavli,0.0,0.0,1.0,0.75,1.0,0.0,0.0,4.0,5.0,0.0,0.5
71006,018,1,40,Bavli,0.0,0.0,0.5,0.5,1.0,0.0,0.0,2.0,4.5,0.5,0.0
71006,018,2,07,Bavli,0.1429,0.0,0.1429,0.5714,0.5714,0.0,0.0,7.0,5.8571,0.0,0.0
71006,018,2,09,Bavli,0.0,0.0,0.1667,0.6667,1.0,0.0,0.0,6.0,3.6667,0.0,0.0
71006,018,2,10,Bavli,0.1111,0.0,0.4444,0.5556,0.6667,0.0,1.0,9.0,4.0,0.0,0.1667
71006,018,2,11,Bavli,0.25,0.0,0.75,1.0,1.0,0.0,1.0,4.0,4.25,0.0,0.5
71006,018,2,17,Bavli,0.2,0.0,0.4,1.0,0.6,0.0,0.0,5.0,3.6,0.3333,0.3333
71006,018,2,19,Bavli,0.1667,0.0,0.3333,1.0,1.0,0.0,1.0,6.0,4.5,0.0,0.1667
71006,019,1,30,Bavli,0.2857,0.0,0.1429,0.8571,0.8571,0.0,0.0,7.0,4.2857,0.1667,0.0
71006,019,1,31,Bavli,0.125,0.0,0.5,0.75,1.0,0.0,0.0,8.0,4.625,0.0,0.0
71006,019,1,32,Bavli,0.1429,0.0,0.4286,0.5714,0.5714,0.0,0.0,7.0,4.5714,0.25,0.0
71006,019,1,33,Bavli,0.1111,0.0,0.1111,0.5556,1.1111,0.0,0.0,9.0,4.2222,0.1,0.0
71006,019,1,34,Bavli,0.0,0.0,0.125,0.625,1.25,0.0,0.0,8.0,4.5,0.0,0.0
71006,019,1,35,Bavli,0.0,0.0,0.5,0.5,1.0,0.0,0.0,2.0,5.0,0.0,0.5
71006,019,1,36,Bavli,0.0,0.0,0.3333,0.8889,0.6667,0.0,0.0,9.0,4.8889,0.0,0.0
71006,019,1,37,Bavli,0.0909,0.0,0.3636,0.6364,0.3636,0.0,0.0,11.0,4.0909,0.0,0.0
71006,019,1,38,Bavli,0.0,0.1667,0.5,1.0,1.0,0.0,0.0,6.0,3.8333,0.0,0.1667
71006,019,1,39,Bavli,0.4,0.0,0.0,0.4,0.0,0.0,0.0,5.0,4.2,0.0,0.0
71006,019,1,40,Bavli,0.4286,0.0,0.5714,0.8571,0.2857,0.0,0.6667,7.0,5.0,0.0,0.5
71006,019,2,02,Bavli,0.0,0.0,0.5,1.0,0.5,0.0,0.0,4.0,3.0,0.0,0.5
71006,019,2,23,Bavli,0.0,0.0,0.1667,0.3333,0.3333,0.0,0.0,6.0,2.8333,0.0,0.5
71006,019,2,25,Bavli,0.0,0.0,0.6,0.6,0.8,0.0,0.0,5.0,3.8,0.0,0.25
71006,019,2,26,Bavli,0.0,0.0,0.25,0.75,0.75,0.0,0.0,8.0,3.625,0.0,0.0
71006,019,2,27,Bavli,0.0,1.0,0.0,0.5,0.0,0.0,0.0,1.0,4.0,0.0,0.0
71006,019,2,42,Bavli,0.0,0.0,0.0,0.2,0.4,0.0,0.0,5.0,3.6,0.0,0.0
71006,019,2,43,Bavli,0.2308,0.0769,0.5385,0.6923,0.3077,0.0,0.0,13.0,4.5385,0.25,0.0
71006,019,2,44,Bavli,0.0,0.5,0.25,0.75,0.0,0.0,0.0,4.0,3.0,0.0,0.0
71006,019,2,45,Bavli,0.0,0.0,1.0,0.5,0.0,0.0,0.0,3.0,4.6667,0.0,0.0
71006,019,2,49,Bavli,0.0,0.0,0.0,0.5,1.0,0.0,0.0,2.0,3.5,0.0,0.0
71006,019,2,50,Bavli,0.0714,0.0,0.1429,0.2857,0.4286,0.0,0.0,14.0,4.2143,0.0,0.1667
71006,019,2,51,Bavli,0.1111,0.0,0.3333,0.8889,0.4444,0.0,0.0,9.0,5.5556,0.25,0.0
71006,019,2,52,Bavli,0.1,0.0,0.3,0.6,0.6,0.0,1.0,10.0,4.7,0.0,0.3333
71006,020,1,02,Bavli,0.2,0.0,0.4,0.8,0.2,0.0,0.0,5.0,5.4,0.0,1.0
71006,020,1,05,Bavli,0.1429,0.5714,0.4286,1.0,0.1429,0.0,0.4,7.0,4.0,0.0,1.0
71006,020,1,06,Bavli,0.25,0.0,0.5,1.0,0.25,0.0,0.0,4.0,6.25,0.0,1.0
71006,020,1,07,Bavli,1.0,0.0,0.0,0.5,0.0,0.0,0.0,1.0,6.0,0.0,0.0
71006,020,1,15,Bavli,0.125,0.0,0.375,0.875,0.5,0.0,1.0,8.0,4.75,0.0,0.0
71006,020,2,01,Bavli,0.3333,0.0,0.5,0.8333,0.3333,0.0,0.0,6.0,4.6667,0.5,0.0
71006,020,2,02,Bavli,0.0,0.0,0.2857,0.7143,0.8571,0.0,0.0,7.0,4.7143,0.0,0.0
71006,020,2,06,Bavli,0.2,0.2,0.0,0.6,0.0,0.0,0.0,5.0,4.0,0.0,0.0
71006,020,2,07,Bavli,0.1111,0.1111,0.1111,0.3333,0.0,0.0,0.0,9.0,5.1111,0.0,0.0
71006,020,2,08,Bavli,0.0,0.1667,0.3333,0.5,0.6667,0.0,1.0,6.0,5.6667,0.0,0.0
71006,020,2,09,Bavli,0.0,0.0,0.25,0.25,0.0,0.0,0.0,4.0,3.5,0.0,0.0
71006,020,2,12,Bavli,0.5,0.0,0.0,0.5,0.5,0.0,0.0,8.0,4.125,0.5,0.0
71006,020,2,13,Bavli,0.1667,0.0,0.3333,0.5,0.6667,0.0,0.0,6.0,3.8333,0.0,0.25
71006,020,2,15,Bavli,0.2857,0.0,0.4286,1.0,0.5714,0.0,0.0,7.0,3.8571,0.25,0.0
71006,020,2,16,Bavli,0.5,0.0,0.1667,0.8333,0.6667,0.0,0.0,6.0,3.6667,0.25,0.25
71006,020,2,17,Bavli,0.2222,0.2222,0.5556,1.0,0.2222,0.0,0.25,9.0,4.3333,0.0,0.5
71006,020,2,18,Bavli,0.0,0.0,0.3333,0.8333,1.0,0.0,0.0,6.0,4.0,0.0,0.1667
71006,020,2,19,Bavli,0.6667,0.0,0.3333,0.5,0.6667,0.0,0.0,3.0,5.6667,0.5,0.0
71006,020,2,20,Bavli,0.0,0.0,0.5,0.8333,0.6667,0.0,0.0,6.0,4.0,0.0,0.25
71006,020,2,21,Bavli,0.4444,0.0,0.2222,0.7778,0.4444,0.0,0.0,9.0,3.7778,0.25,0.25
71006,020,2,22,Bavli,0.1429,0.0,0.4286,0.8571,0.8571,0.0,0.0,7.0,3.8571,0.1667,0.3333
71006,020,2,24,Bavli,0.0,0.0,0.2857,0.2857,0.5714,0.0,0.0,7.0,4.2857,0.0,0.5
71006,020,2,35,Bavli,0.2,0.0,0.8,0.8,0.0,0.0,0.0,5.0,5.4,0.0,0.0
71006,020,2,38,Bavli,0.4,0.0,0.6,1.0,0.0,0.0,0.0,5.0,4.4,0.0,0.0
71006,021,1,01,Bavli,0.1429,0.0,0.2857,0.7143,0.2857,0.0,1.0,7.0,4.0,0.5,0.0
71006,021,1,02,Bavli,0.0,0.0,1.0,0.5,2.0,0.0,0.0,1.0,7.0,0.0,0.0
71006,021,1,23,Bavli,0.5,0.0,0.0,0.5,0.5,0.0,0.0,2.0,3.5,0.0,0.0
71006,021,1,24,Bavli,0.0,0.0,0.0,0.5,0.0,0.0,0.0,2.0,7.0,0.0,0.0
71006,021,1,27,Bavli,0.0,0.0,0.3333,0.5,0.6667,0.0,0.0,3.0,3.3333,0.0,0.0
71006,021,1,29,Bavli,0.4286,0.1429,0.0,1.0,0.8571,0.0,0.25,7.0,4.1429,0.0,0.0
71006,021,1,30,Bavli,0.1667,0.0833,0.25,0.8333,0.6667,0.0,0.0,12.0,4.0,0.0,0.125
71006,021,1,31,Bavli,0.0,0.0,0.0,0.5,0.0,0.0,0.0,1.0,7.0,0.0,0.0
71006,021,1,32,Bavli,0.0,0.0,0.3333,0.6667,0.0,0.0,0.0,6.0,3.6667,0.0,0.0
71006,021,1,34,Bavli,0.4,0.0,0.2,1.0,0.4,0.0,1.0,5.0,3.6,0.0,0.0
71006,021,1,35,Bavli,0.3,0.0,0.5,0.7,0.0,0.0,1.0,10.0,3.8,0.0,0.0
71006,021,2,06,Bavli,0.0,0.0,0.5,0.5,0.0,0.0,0.0,2.0,4.0,0.0,0.0
71006,021,2,07,Bavli,0.0,0.0,0.3333,0.5,0.0,0.0,0.0,3.0,5.3333,0.0,0.0
71006,021,2,14,Bavli,0.1,0.1,0.4,0.8,0.4,0.0,0.0,10.0,4.2,0.0,0.25
71006,021,2,15,Bavli,0.25,0.25,0.5,1.0,0.0,0.0,0.0,4.0,4.0,0.0,0.0
71006,021,2,25,Bavli,0.0,0.0,0.2857,0.5714,1.1429,0.0,0.0,7.0,4.1429,0.0,0.125
71006,021,2,37,Bavli,0.25,0.0,0.75,1.0,1.0,0.0,0.0,4.0,4.25,0.0,0.25
71006,021,2,41,Bavli,0.0667,0.0667,0.7333,0.5333,0.2667,0.0,0.0,15.0,4.0,0.0,0.5
71006,022,1,12,Bavli,0.0,0.0,1.0,0.5,0.0,0.0,0.0,2.0,4.5,0.0,0.0
71006,022,1,13,Bavli,0.3333,0.0,0.3333,1.0,0.3333,0.0,0.0,6.0,3.6667,0.0,0.5
71006,022,1,14,Bavli,0.0,0.0,0.2857,0.7143,0.2857,0.0,0.0,7.0,4.2857,0.0,0.0
71006,022,1,15,Bavli,0.0,0.0909,0.5455,0.6364,0.7273,0.0,0.0,11.0,3.9091,0.0,0.0
71006,022,1,16,Bavli,0.3333,0.0,0.3333,0.5,0.6667,0.0,0.0,3.0,4.3333,0.0,0.5
71006,022,1,17,Bavli,0.0,0.0,0.6667,0.5,0.6667,0.0,0.0,3.0,4.0,0.0,0.5
71006,022,1,18,Bavli,0.0909,0.0,0.2727,0.6364,0.0,0.0,0.0,11.0,3.6364,0.0,0.0
71006,022,1,19,Bavli,0.0,0.0,1.0,0.5,0.0,0.0,0.0,2.0,4.5,0.0,0.0
71006,022,1,22,Bavli,0.0,0.0,0.5,0.5,1.0,0.0,0.0,2.0,5.0,0.0,0.0
71006,022,1,23,Bavli,0.0,0.0,0.3333,0.8333,0.3333,0.0,0.0,6.0,4.3333,0.0,0.0
71006,022,1,24,Bavli,0.0,0.0,0.4444,0.5556,0.8889,0.0,0.0,9.0,3.7778,0.0,0.0
71006,022,1,25,Bavli,0.25,0.0,0.25,1.0,0.5,0.0,0.0,4.0,4.0,0.0,0.5
71006,022,1,26,Bavli,0.25,0.0,0.5,1.0,0.5,0.0,0.0,4.0,4.5,0.0,0.5
71006,022,1,27,Bavli,0.3333,0.0,0.6667,1.0,1.0,0.0,0.0,6.0,4.6667,0.0,0.0
71006,022,1,28,Bavli,0.3333,0.0,0.8333,0.8333,0.6667,0.0,0.0,6.0,4.3333,0.0,0.0
71006,022,1,30,Bavli,0.5,0.0,0.0,0.5,0.0,0.0,0.0,2.0,4.5,0.0,0.0
71006,022,1,31,Bavli,0.0,0.0,0.5556,0.8889,1.1111,0.0,0.0,9.0,4.1111,0.0,0.0
71006,022,1,32,Bavli,0.125,0.0,0.25,0.75,0.5,0.0,0.0,8.0,4.0,0.0,0.25
71006,022,1,33,Bavli,0.125,0.0,0.375,0.875,1.0,0.0,0.0,8.0,3.75,0.0,0.125
71006,022,1,34,Bavli,0.0,0.0,0.7,0.9,1.2,0.0,0.0,10.0,4.6,0.0,0.0833
71006,022,1,37,Bavli,0.1667,0.1667,0.3333,0.6667,0.0,0.0,0.0,6.0,3.8333,0.0,0.0
71006,022,1,38,Bavli,0.0,0.0,0.2,0.8,0.4,0.0,0.0,5.0,3.0,0.0,0.0
71006,022,1,39,Bavli,0.0,0.0714,0.2857,0.5714,0.2857,0.0,0.0,14.0,4.2143,0.0,0.0
71006,022,2,01,Bavli,0.0,0.0,0.5333,0.3333,0.1333,0.0,0.0,15.0,3.8667,0.0,0.0
71006,022,2,04,Bavli,0.0,0.0,0.5,0.6667,0.5,0.0,0.0,6.0,5.3333,0.0,0.6667
71006,022,2,07,Bavli,0.0,0.0,0.625,0.625,0.25,0.0,0.0,8.0,3.625,0.0,0.5
71006,022,2,08,Bavli,0.3636,0.0,0.6364,0.7273,0.3636,0.0,0.0,11.0,3.9091,0.25,0.25
71006,022,2,24,Bavli,0.0,0.0,1.0,0.5,0.0,0.0,0.0,2.0,5.5,0.0,0.0
71006,022,2,25,Bavli,0.3333,0.0,0.5,0.6667,0.0,0.0,0.0,6.0,4.3333,0.0,0.0
71006,022,2,31,Bavli,0.1818,0.0,0.3636,0.8182,0.4545,0.0,0.0,11.0,3.5455,0.2,0.0
71006,022,2,34,Bavli,0.1071,0.0,0.2857,0.4286,0.3571,0.0,0.0,28.0,4.3929,0.0,0.5
71006,022,2,42,Bavli,0.0,0.0,0.25,0.5,0.5,0.0,0.0,4.0,3.5,0.0,0.5
71006,022,2,43,Bavli,0.2222,0.0,0.1111,0.4444,0.6667,0.0,0.0,9.0,3.7778,0.0,0.0
71006,022,2,44,Bavli,1.0,0.0,0.5,0.5,0.0,0.0,0.0,2.0,6.5,0.0,0.0
71006,023,1,11,Bavli,0.6667,0.0,0.6667,0.5,0.0,0.0,0.0,3.0,4.3333,0.0,0.0
71006,023,1,15,Bavli,0.1667,0.0,0.5,0.6667,0.6667,0.0,0.0,6.0,4.3333,0.0,0.25
71006,023,1,17,Bavli,0.0,0.0,0.75,0.75,1.0,0.0,0.0,4.0,4.75,0.0,0.25
71006,023,1,29,Bavli,0.5,0.0,0.25,0.5,0.0,0.0,0.0,4.0,5.25,0.0,0.0
71006,023,1,30,Bavli,0.75,0.0,0.25,1.0,0.5,0.0,0.0,4.0,5.0,0.5,0.0
71006,023,1,31,Bavli,0.0,0.0,0.4,1.0,1.2,0.0,0.0,5.0,3.6,0.0,0.1667
71006,023,1,32,Bavli,0.3333,0.0,0.0,0.5,0.0,0.0,0.0,3.0,3.6667,0.0,0.0
71006,023,1,34,Bavli,0.0,0.0,0.8333,0.5,0.3333,0.0,0.0,6.0,3.6667,0.0,0.5
71006,023,1,36,Bavli,0.5,0.0,0.0,0.5,1.0,0.0,0.0,2.0,5.0,0.5,0.0
71006,023,1,45,Bavli,0.0,0.0,0.1667,0.5,0.6667,0.0,0.0,6.0,4.6667,0.0,0.0
71006,023,1,46,Bavli,0.1053,0.0,0.2632,0.4211,0.4211,0.0,0.0,19.0,4.5789,0.125,0.125
71006,023,1,48,Bavli,0.1429,0.0714,0.4286,1.0,0.2857,0.0,0.3333,14.0,5.2143,0.0,0.0
71006,023,1,49,Bavli,0.125,0.0,0.375,0.75,0.5,0.0,0.0,8.0,4.5,0.0,0.25
71006,023,1,51,Bavli,0.0,0.1667,0.1667,0.5,0.3333,0.0,0.0,6.0,4.6667,0.0,0.0
71006,023,2,06,Bavli,0.0,0.0,0.0,0.5,2.0,0.0,0.0,1.0,6.0,0.0,0.0
71006,023,2,07,Bavli,0.0,0.0,0.375,0.375,0.25,0.0,0.0,8.0,4.0,0.0,0.0
71006,023,2,08,Bavli,0.0,0.125,0.625,0.625,0.5,0.0,0.0,8.0,4.375,0.0,0.0
71006,023,2,09,Bavli,0.0,0.0,0.25,0.25,1.0,0.0,0.0,4.0,5.5,0.0,0.0
71006,023,2,10,Bavli,0.2,0.0,0.4,0.8,0.4,0.0,0.0,5.0,3.6,0.0,0.5
71006,023,2,11,Bavli,0.0,0.0,0.25,0.5,0.5,0.0,0.0,4.0,4.25,0.0,0.5
71006,023,2,12,Bavli,0.0,0.0,0.5,0.5,1.0,0.0,0.0,6.0,4.5,0.0,0.0
71006,023,2,29,Bavli,0.0,0.0,0.0,0.5,2.0,0.0,0.0,1.0,3.0,0.0,0.0
71006,023,2,30,Bavli,0.5,0.0,0.0,0.5,0.0,0.0,0.0,2.0,3.0,0.0,0.0
71006,023,2,31,Bavli,0.0,0.0,1.0,0.5,0.6667,0.0,0.0,3.0,3.3333,0.0,0.5
71006,023,2,34,Bavli,0.0,0.0,0.0,0.5,2.0,0.0,0.0,1.0,7.0,0.0,0.0
71006,023,2,35,Bavli,0.3333,0.0,0.0,0.5,0.0,0.0,0.0,3.0,4.6667,0.0,0.0
71006,023,2,36,Bavli,0.5,0.0,0.5,0.5,1.0,0.0,1.0,2.0,5.0,0.0,0.5
71006,024,1,04,Bavli,0.0,0.0,1.0,0.5,0.0,0.0,0.0,3.0,3.0,0.0,0.0
71006,024,1,05,Bavli,0.25,0.0,0.375,0.625,0.75,0.0,0.0,8.0,3.875,0.0,0.1667
71006,024,1,06,Bavli,0.1429,0.0,0.4286,0.5714,0.0,0.0,0.5,7.0,4.5714,0.0,0.0
71006,024,1,07,Bavli,0.5,0.25,0.25,1.0,0.5,0.0,0.0,4.0,3.75,0.0,0.0
71006,024,1,08,Bavli,0.2857,0.1429,0.7143,0.8571,0.8571,0.0,0.0,7.0,4.4286,0.0,0.0
71006,024,1,10,Bavli,0.0,0.0,0.4286,0.4286,0.2857,0.0,0.0,7.0,4.1429,0.0,1.0
71006,024,1,16,Bavli,0.0,0.0,0.5,0.75,0.5,0.0,0.0,4.0,4.5,0.0,0.0
71006,024,2,07,Bavli,0.0,0.0,0.0,0.5,2.0,0.0,0.0,2.0,4.5,0.0,0.0
71006,024,2,08,Bavli,0.0,0.0,0.4,0.6,0.4,0.0,0.0,5.0,3.8,0.0,0.5
71006,024,2,09,Bavli,0.0,0.0,0.1429,0.5714,0.8571,0.0,0.0,7.0,4.0,0.0,0.1667
71006,024,2,24,Bavli,0.0,0.0,1.0,0.5,1.0,0.0,0.0,2.0,4.5,0.0,0.0
71006,024,2,26,Bavli,0.0,0.0,0.3333,0.3333,0.6667,0.0,0.0,6.0,4.5,0.0,0.5
71006,024,2,36,Bavli,0.0,0.0,1.0,0.5,0.0,0.0,0.0,1.0,7.0,0.0,0.0
71006,024,2,41,Bavli,0.0,0.0,0.2857,0.4286,0.2857,0.0,0.0,7.0,4.2857,0.0,0.0
71006,024,2,42,Bavli,0.0,0.0,0.5,0.625,0.75,0.0,0.0,8.0,3.5,0.0,0.0
71006,024,2,43,Bavli,0.1429,0.0,0.1429,0.8571,0.8571,0.0,0.0,7.0,4.0,0.0,0.1667
71006,025,1,46,Bavli,0.5,0.0,0.0,0.5,1.0,0.0,0.0,2.0,4.0,0.0,0.0
71006,025,1,48,Bavli,0.1429,0.4286,0.4286,0.7143,0.1429,0.0,0.0,7.0,3.5714,0.0,1.0
71006,025,2,03,Bavli,0.0,0.0,0.125,0.5,0.5,0.0,0.0,8.0,4.5,0.0,0.0
71006,025,2,04,Bavli,0.0,0.3333,0.6667,0.5,0.0,0.0,0.0,3.0,4.3333,0.0,0.0
71006,025,2,06,Bavli,0.0909,0.0,0.0909,0.5455,0.5455,0.0,0.0,11.0,4.3636,0.1667,0.1667
71006,025,2,07,Bavli,0.0,0.1667,0.3333,0.8333,1.0,0.0,0.0,6.0,5.1667,0.0,0.0
71006,025,2,08,Bavli,0.0,0.0,0.2857,0.4286,0.2857,0.0,0.0,7.0,3.4286,0.0,0.5
71006,025,2,12,Bavli,0.0,0.0,0.4286,0.4286,0.2857,0.0,0.0,7.0,4.0,0.0,0.5
71006,025,2,13,Bavli,0.1429,0.0,0.1429,0.7143,0.5714,0.0,0.0,7.0,4.2857,0.0,0.0
71006,025,2,14,Bavli,0.125,0.0,0.875,0.625,0.0,0.0,0.0,8.0,3.875,0.0,0.0
71006,025,2,15,Bavli,0.0,0.1667,0.1667,0.5,0.6667,0.0,1.0,6.0,4.5,0.0,0.0
71006,025,2,18,Bavli,0.2,0.0,0.4,0.6,0.4,0.0,0.0,5.0,4.0,0.5,0.0
71006,025,2,19,Bavli,0.0,0.1667,0.3333,1.0,0.6667,0.0,0.0,6.0,3.6667,0.0,0.25
71006,025,2,20,Bavli,0.0,0.0,0.0,0.5,0.0,0.0,0.0,2.0,4.5,0.0,0.0
71006,025,2,21,Bavli,0.0,0.0,0.5,1.0,0.5,0.0,0.0,4.0,3.25,0.0,0.0
71006,025,2,35,Bavli,0.5,0.0,0.5,0.5,0.0,0.0,0.0,2.0,3.0,0.0,0.0
71006,025,2,36,Bavli,0.2857,0.0,0.4286,0.7143,0.0,0.0,0.0,7.0,4.2857,0.0,0.0
71006,025,2,37,Bavli,0.5,0.0,0.5,0.625,0.5,0.0,0.0,8.0,3.875,0.0,0.5
71006,025,2,38,Bavli,0.375,0.0,0.375,0.75,0.25,0.0,0.0,8.0,4.125,0.0,0.0
71006,025,2,39,Bavli,0.0,0.1429,0.2857,0.5714,0.2857,0.0,1.0,7.0,4.0,0.0,0.0
71006,025,2,40,Bavli,0.2,0.0,0.4,0.8,0.4,0.0,0.5,5.0,5.2,0.0,0.0
71006,025,2,41,Bavli,0.0,0.0,0.3333,0.5,0.0,0.0,0.0,3.0,4.0,0.0,0.0
71006,026,1,01,Bavli,0.0,0.0,1.5,0.5,1.0,0.0,0.0,2.0,4.0,0.0,0.0
71006,026,1,11,Bavli,0.0,0.3333,0.5,0.6667,0.0,0.0,0.0,6.0,3.5,0.0,0.0
71006,026,1,12,Bavli,0.1667,0.0,0.5,1.0,1.0,0.0,0.0,6.0,5.0,0.1667,0.0
71006,026,1,13,Bavli,0.3333,0.0,0.5,0.3333,0.0,0.0,0.0,6.0,4.3333,0.0,0.0
71006,026,1,17,Bavli,0.5,0.0,0.5,1.0,0.5,0.0,0.0,4.0,5.5,0.5,0.0
71006,026,1,18,Bavli,0.0,0.0,0.0,0.5,2.0,0.0,0.0,1.0,8.0,0.0,0.0
71006,026,1,28,Bavli,0.0,0.0,1.5,0.5,1.0,0.0,0.0,2.0,5.0,0.0,0.0
71006,026,1,29,Bavli,0.3,0.0,0.2,0.7,0.4,0.0,0.0,10.0,4.5,0.25,0.0
71006,026,1,30,Bavli,0.3333,0.0,0.1667,0.6667,1.0,0.0,0.0,6.0,4.6667,0.0,0.0
71006,026,1,34,Bavli,0.0,0.0,0.6667,0.5,0.6667,0.0,0.0,3.0,4.3333,0.0,0.0
71006,026,1,35,Bavli,0.25,0.0,0.0,0.5,0.0,0.0,0.0,4.0,5.75,0.0,0.0
71006,026,1,37,Bavli,0.1111,0.1111,0.4444,0.7778,0.6667,0.0,0.0,9.0,3.7778,0.1667,0.1667
71006,026,2,24,Bavli,0.0,0.0,0.5714,0.2857,0.5714,0.0,0.0,7.0,4.2857,0.0,0.25
71006,026,2,25,Bavli,0.2,0.0,0.1,0.5,0.8,0.0,0.0,10.0,4.0,0.125,0.0
71006,026,2,26,Bavli,0.1429,0.0,0.1429,0.7143,0.8571,0.0,0.0,7.0,4.0,0.1667,0.0
71006,026,2,27,Bavli,0.1818,0.1818,0.2727,0.7273,0.5455,0.0,0.0,11.0,3.4545,0.0,0.1667
71006,026,2,29,Bavli,0.0,0.0,0.3333,0.5,1.3333,0.0,0.0,3.0,5.6667,0.0,0.25
71006,026,2,42,Bavli,0.0,0.0,0.0,0.2222,0.4444,0.0,0.0,9.0,4.2222,0.0,0.0
71006,027,1,01,Bavli,0.25,0.0,1.25,1.0,0.5,0.0,0.0,4.0,4.75,0.0,0.5
71006,027,1,02,Bavli,0.0,0.0,0.5,0.8333,1.0,0.0,0.0,6.0,4.5,0.0,0.1667
71006,027,1,03,Bavli,1.0,0.0,2.0,0.5,0.0,0.0,0.0,1.0,6.0,0.0,0.0
71006,027,1,11,Bavli,0.0,0.0,0.5714,0.7143,0.5714,0.0,0.0,7.0,5.0,0.0,0.0
71006,027,1,12,Bavli,0.1667,0.0,0.3333,0.8333,0.6667,0.0,0.0,6.0,4.5,0.25,0.0
71006,027,1,13,Bavli,0.0,0.0,0.2857,0.8571,0.5714,0.0,0.0,7.0,3.2857,0.0,0.25
71006,027,1,14,Bavli,0.0,0.0,0.5,0.5,1.0,0.0,0.0,2.0,5.0,0.0,0.0
71006,027,1,17,Bavli,0.0,0.0,0.3333,0.5,0.6667,0.0,0.0,3.0,5.6667,0.0,0.0
71006,027,1,18,Bavli,0.0,0.0,0.0,0.5,1.0,0.0,0.0,2.0,5.5,0.5,0.0
71006,027,1,19,Bavli,0.0,0.0,0.3333,0.5,0.6667,0.0,0.0,6.0,4.8333,0.0,0.0
71006,027,1,26,Bavli,0.0,0.0,1.5,0.5,1.0,0.0,0.0,2.0,4.0,0.0,0.0
71006,027,1,29,Bavli,0.0,0.0,0.3333,0.4444,0.4444,0.0,0.0,9.0,3.8889,0.0,0.0
71006,027,1,31,Bavli,0.5,0.0,1.0,0.5,0.0,0.0,0.0,2.0,6.0,0.0,0.0
71006,027,1,35,Bavli,0.0,0.5,1.0,0.5,0.0,0.0,0.0,2.0,4.5,0.0,0.0
71006,027,2,03,Bavli,0.0,0.0,1.0,0.5,0.0,0.0,0.0,2.0,4.0,0.0,0.0
71006,027,2,07,Bavli,0.0,0.0,0.5,0.5,0.0,0.0,0.0,4.0,4.25,0.0,0.0
71006,027,2,11,Bavli,0.0,0.0,0.4,0.8,0.8,0.0,0.0,5.0,3.8,0.0,0.0
71006,027,2,13,Bavli,0.0,0.0,0.5,0.5,0.0,0.0,0.0,2.0,3.5,0.0,0.0
71006,027,2,14,Bavli,0.0,0.0,0.4,0.8,1.2,0.0,0.0,5.0,5.4,0.0,0.1667
71006,027,2,16,Bavli,0.0,0.0,0.3333,0.5,0.6667,0.0,0.0,3.0,5.0,0.0,0.0
71006,027,2,17,Bavli,0.0,0.0,0.0,0.5,1.0,0.0,0.0,2.0,4.5,0.0,0.0
71006,027,2,18,Bavli,0.25,0.0,0.5,0.5,0.0,0.0,0.0,4.0,4.25,0.0,0.0
71006,027,2,24,Bavli,0.0,0.0,0.4,1.0,0.4,0.0,0.0,5.0,2.8,0.0,0.0
71006,027,2,26,Bavli,0.0,0.0,0.25,0.5,0.375,0.0,0.0,8.0,3.625,0.0,0.3333
71006,027,2,27,Bavli,0.25,0.0,0.5,0.75,0.375,0.0,0.0,8.0,3.375,0.0,0.6667
71006,027,2,28,Bavli,0.0,0.0,0.3333,0.5,1.3333,0.0,0.0,3.0,5.0,0.0,0.0
71006,028,1,05,Bavli,0.0,0.1429,0.5714,0.7143,0.5714,0.0,0.0,7.0,4.0,0.0,0.0
71006,028,1,07,Bavli,0.0,0.0,0.5,0.5,1.0,0.0,0.0,2.0,3.5,0.0,0.5
71006,028,1,08,Bavli,0.0,0.0,0.25,0.375,0.5,0.0,0.0,8.0,3.875,0.0,0.0
71006,028,1,19,Bavli,0.0,0.0,0.5,1.0,0.5,0.0,0.0,4.0,3.25,0.0,0.0
71006,028,1,21,Bavli,0.1818,0.0,0.5455,0.7273,0.5455,0.0,0.0,11.0,3.4545,0.0,0.5
71006,028,2,07,Bavli,0.0,0.0,0.5,1.0,0.5,0.0,0.0,4.0,3.0,0.0,0.5
71006,028,2,09,Bavli,0.25,0.0,0.25,0.75,0.5,0.0,0.0,4.0,5.0,0.0,0.0
71006,028,2,10,Bavli,0.1429,0.0,0.1429,0.5714,0.5714,0.0,1.0,7.0,4.1429,0.0,0.0
71006,028,2,11,Bavli,0.1429,0.0,0.2857,0.5714,0.8571,0.0,0.0,7.0,4.2857,0.0,0.0
71006,028,2,12,Bavli,0.0,0.0,0.0,0.5,1.0,0.0,0.0,2.0,4.5,0.0,0.0
71006,028,2,16,Bavli,0.0,0.2,0.4,0.6,0.0,0.0,0.0,5.0,3.2,0.0,0.0
71006,028,2,19,Bavli,0.3333,0.0,0.6667,1.0,0.6667,0.0,0.5,6.0,5.3333,0.25,0.0
71006,028,2,20,Bavli,0.0,0.1429,0.1429,0.4286,0.2857,0.0,1.0,7.0,4.2857,0.0,0.0
71006,028,2,21,Bavli,0.0,0.0,0.4286,0.8571,0.8571,0.0,0.0,7.0,4.1429,0.0,0.0
71006,028,2,36,Bavli,0.0,0.0,0.25,0.75,0.5,0.0,0.0,4.0,3.25,0.0,0.0
71006,028,2,38,Bavli,0.0833,0.0,0.6667,0.75,0.8333,0.0,0.0,12.0,3.9167,0.1,0.1
71006,028,2,39,Bavli,0.2308,0.0,0.3077,0.6154,1.2308,0.0,0.0,13.0,5.0769,0.1875,0.0
71006,028,2,40,Bavli,0.1538,0.0,0.5385,0.4615,0.7692,0.0,0.0,13.0,4.4615,0.2,0.2
71006,028,2,41,Bavli,0.125,0.0,0.5,0.625,1.25,0.0,0.0,8.0,4.125,0.1,0.1
71006,028,2,42,Bavli,0.0,0.0,1.0,0.5,1.0,0.0,0.0,2.0,4.5,0.0,0.0
71006,028,2,43,Bavli,0.3333,0.0,0.0,0.5,0.0,0.0,0.0,3.0,4.3333,0.0,0.0
71006,028,2,44,Bavli,0.5714,0.0,0.7143,1.0,0.2857,0.0,0.0,7.0,4.4286,0.0,0.0
71006,028,2,45,Bavli,0.0,0.0,0.4,0.6,0.8,0.0,0.0,5.0,5.0,0.0,0.0
71006,028,2,46,Bavli,0.7692,0.1538,0.3846,0.6154,0.0,0.0,0.1667,13.0,5.3846,0.0,0.0
71006,029,1,01,Bavli,0.3333,0.1667,0.1667,0.5,0.0,0.0,0.0,6.0,5.3333,0.0,0.0
71006,029,1,02,Bavli,0.2,0.4,0.2,0.8,0.0,0.0,0.3333,5.0,5.0,0.0,0.0
71006,029,1,03,Bavli,0.8333,0.1667,0.3333,1.0,0.0,0.0,0.0,6.0,5.5,0.0,0.0
71006,029,1,04,Bavli,0.6,0.0,0.2,1.0,0.4,0.0,0.0,5.0,6.0,0.0,0.0
71006,029,1,05,Bavli,0.6667,0.1667,0.5,1.0,0.0,0.0,0.0,6.0,5.1667,0.0,0.0
71006,029,1,06,Bavli,1.0,0.0,0.0,0.5,0.0,0.0,0.0,1.0,5.0,0.0,0.0
71006,029,1,18,Bavli,0.0,0.0,0.3333,0.5,0.6667,0.0,0.0,3.0,4.3333,0.0,0.5
71006,029,1,25,Bavli,0.0,0.2,0.2,0.6,0.0,0.0,0.0,5.0,3.4,0.0,0.0
71006,029,1,26,Bavli,0.0,0.0,0.25,0.5,0.0,0.0,0.0,4.0,3.75,0.0,0.0
71006,029,1,28,Bavli,0.25,0.0,0.0,0.5,0.5,0.0,0.0,4.0,3.5,0.5,0.0
71006,029,1,31,Bavli,0.0,0.0,0.3333,0.5,0.6667,0.0,0.0,6.0,3.8333,0.0,0.0
71006,029,2,01,Bavli,0.0,0.0,0.5,1.0,1.0,0.0,0.0,6.0,4.0,0.0,0.3333
71006,029,2,02,Bavli,0.0,0.0,0.375,0.375,0.25,0.0,0.0,8.0,3.875,0.0,0.5
71006,029,2,03,Bavli,0.0,0.0,0.0,0.5,2.0,0.0,0.0,1.0,6.0,0.0,0.0
71006,029,2,12,Bavli,0.0,0.0,1.0,0.5,0.0,0.0,0.0,1.0,5.0,0.0,0.0
71006,029,2,13,Bavli,0.0,0.0,0.4286,0.8571,1.1429,0.0,0.0,7.0,4.5714,0.0,0.0
71006,029,2,14,Bavli,0.25,0.125,0.0,0.75,0.25,0.0,0.0,8.0,4.0,0.5,0.0
71006,029,2,15,Bavli,0.0,0.0,0.0,0.5,1.3333,0.0,0.0,3.0,3.3333,0.0,0.0
71006,029,2,16,Bavli,0.1667,0.1667,0.5,1.0,1.0,0.0,0.0,6.0,5.3333,0.1667,0.0
71006,030,1,01,Bavli,0.0,0.0,0.25,0.5,0.25,0.0,0.0,4.0,3.75,0.0,1.0
71006,030,1,05,Bavli,0.0,0.0,0.0,0.5,1.0,0.0,0.0,2.0,4.0,0.0,0.0
71006,030,1,12,Bavli,0.2,0.2,0.0,0.4,0.0,0.0,0.0,5.0,5.0,0.0,0.0
71006,030,1,13,Bavli,0.3333,0.3333,0.0,0.5,0.0,0.0,0.0,3.0,4.0,0.0,0.0
71006,030,1,19,Bavli,0.0,0.0,0.2,0.6,0.4,0.0,0.0,5.0,3.0,0.0,0.0
71006,030,1,20,Bavli,0.25,0.25,0.25,0.75,1.0,0.0,0.0,4.0,5.0,0.0,0.0
71006,030,1,21,Bavli,0.0,0.0,1.0,0.5,0.0,0.0,0.0,3.0,4.6667,0.0,0.0
71006,030,1,22,Bavli,0.25,0.25,0.25,0.75,1.0,0.0,0.0,4.0,5.0,0.0,0.0
71006,030,1,35,Bavli,0.0,0.0,0.6667,0.5,0.6667,0.0,0.0,3.0,4.3333,0.0,0.0
71006,030,2,01,Bavli,0.0,0.0,0.1,0.5,1.0,0.0,0.0,10.0,4.6,0.0,0.1
71006,030,2,02,Bavli,0.0,0.0,0.2857,0.5714,0.5714,0.0,0.0,7.0,3.8571,0.0,0.0
71006,030,2,03,Bavli,0.0,0.0,0.0,0.5,2.0,0.0,0.0,1.0,5.0,0.0,0.0
71006,030,2,07,Bavli,0.0,0.0,0.6667,0.5,0.6667,0.0,0.0,3.0,4.0,0.0,0.0
71006,030,2,08,Bavli,0.0,0.0,0.0,0.5,0.6667,0.0,0.0,6.0,4.0,0.0,0.0
71006,030,2,09,Bavli,0.0,0.0,0.5556,0.5556,0.3333,0.0,0.0,9.0,3.3333,0.0,0.3333
71006,030,2,10,Bavli,0.3333,0.0,0.3333,0.5,0.0,0.0,0.0,3.0,4.3333,0.0,0.0
71006,030,2,12,Bavli,0.0,0.0,0.0,0.5,0.0,0.0,0.0,1.0,3.0,0.0,0.0
71006,030,2,13,Bavli,0.25,0.0,0.75,1.0,1.0,0.0,0.0,4.0,4.5,0.25,0.0
71006,030,2,14,Bavli,0.0,0.0,0.7778,0.8889,0.6667,0.0,0.0,9.0,3.5556,0.0,0.5
71006,030,2,17,Bavli,0.0,0.3333,0.3333,0.5,0.0,0.0,0.0,3.0,2.6667,0.0,0.0
71006,030,2,18,Bavli,0.0,0.0,0.5556,0.4444,0.6667,0.0,0.0,9.0,3.5556,0.0,0.1667
71006,030,2,19,Bavli,0.0,0.0,1.0,0.8571,0.8571,0.0,0.0,7.0,4.0,0.0,0.1667
71006,030,2,20,Bavli,0.4,0.0,0.4,0.8,0.4,0.0,0.0,5.0,4.0,0.5,0.0
71006,030,2,23,Bavli,0.0,0.0,1.25,0.75,0.0,0.0,0.0,4.0,3.75,0.0,0.0
71006,030,2,24,Bavli,0.5,0.0,0.0,0.5,1.0,0.0,0.0,2.0,4.5,0.5,0.0
71006,030,2,28,Bavli,0.0,0.0,0.3333,0.4444,0.2222,0.0,0.0,9.0,4.7778,0.0,0.5
71006,030,2,29,Bavli,0.0,0.0,0.5,1.0,0.3333,0.0,0.0,6.0,3.5,0.0,0.5
71006,030,2,30,Bavli,0.0,0.0,0.5,0.5,0.0,0.0,0.0,2.0,6.0,0.0,0.0
71006,030,2,31,Bavli,0.0,0.0,0.0,0.2857,0.5714,0.0,0.0,7.0,4.0,0.0,0.0
71006,030,2,32,Bavli,0.0,0.0,0.0,0.5,1.0,0.0,0.0,2.0,4.5,0.5,0.0
71006,030,2,33,Bavli,0.0,0.0,0.375,0.5,0.5,0.0,0.0,8.0,4.25,0.0,0.5
71006,030,2,34,Bavli,0.0,0.0,0.5,0.375,0.25,0.0,0.0,8.0,4.375,0.0,0.0
71006,030,2,35,Bavli,0.0,0.0,0.2857,0.7143,0.8571,0.0,0.0,7.0,4.4286,0.0,0.1667
71006,030,2,36,Bavli,0.0,0.0,0.0,0.5,1.0,0.0,0.0,4.0,5.0,0.0,0.0
71006,031,1,01,Bavli,0.0,0.5,0.5,0.5,1.0,0.0,0.0,2.0,4.0,0.0,0.0
71006,031,1,02,Bavli,0.25,0.0,0.5,1.0,0.5,0.0,0.0,4.0,5.25,0.0,0.0
71006,031,1,08,Bavli,0.0,0.0,0.2,0.6,0.4,0.0,0.0,5.0,3.6,0.0,0.0
71006,031,1,09,Bavli,0.0,0.0,0.1111,0.6667,0.2222,0.0,0.0,9.0,3.4444,0.0,0.0
71006,031,1,10,Bavli,0.0,0.0,0.5,1.0,1.0,0.0,0.0,6.0,4.5,0.0,0.1667
71006,031,1,11,Bavli,0.0,0.0,0.1667,0.6667,0.3333,0.0,0.0,6.0,3.3333,0.0,0.0
71006,031,1,12,Bavli,0.0,0.0,0.2222,0.5556,0.2222,0.0,0.0,9.0,3.5556,0.0,0.0
71006,031,1,13,Bavli,0.0,0.0,0.375,0.75,0.5,0.0,0.0,8.0,3.5,0.0,0.0
71006,031,1,14,Bavli,0.0,0.0,0.0,0.5,2.0,0.0,0.0,1.0,5.0,0.0,0.0
71006,031,2,02,Bavli,0.25,0.0,0.75,0.75,0.0,0.0,0.0,4.0,4.75,0.0,0.0
71006,031,2,03,Bavli,0.0,0.0,0.5,0.8333,0.3333,0.0,0.0,6.0,3.5,0.0,0.5
71006,031,2,04,Bavli,0.1429,0.0,0.4286,0.8571,0.5714,0.0,0.0,7.0,3.4286,0.25,0.25
71006,031,2,19,Bavli,0.0,0.0,0.8,0.6,0.0,0.0,0.0,5.0,3.8,0.0,0.0
71006,031,2,20,Bavli,0.125,0.0,0.25,0.625,0.5,0.0,0.0,8.0,4.25,0.0,0.0
71006,031,2,21,Bavli,0.1667,0.0,0.1667,1.0,0.3333,0.0,0.0,6.0,4.0,0.0,0.0
71006,031,2,24,Bavli,0.0,0.0,0.75,1.0,0.5,0.0,0.0,4.0,3.75,0.0,0.0
71006,031,2,30,Bavli,0.0,0.25,0.5,1.0,0.5,0.0,0.0,4.0,3.75,0.0,0.0
71006,031,2,36,Bavli,0.0,0.0,0.3333,0.5,1.3333,0.0,0.0,3.0,3.6667,0.0,0.0
71006,031,2,37,Bavli,0.0,0.0,0.5,0.6667,0.3333,0.0,0.0,6.0,4.1667,0.0,0.5
71006,032,1,01,Bavli,0.2222,0.0,0.6667,0.8889,0.2222,0.0,0.0,9.0,4.2222,0.0,0.5
71006,032,1,02,Bavli,0.2,0.0,0.4,0.6,0.4,0.0,0.0,5.0,3.6,0.0,0.0
71006,032,1,03,Bavli,0.0,0.0,0.3333,0.6667,0.6667,0.0,0.0,6.0,3.8333,0.0,0.25
71006,032,1,07,Bavli,0.0,0.0,0.0,0.5,2.0,0.0,0.0,1.0,6.0,0.0,0.0
71006,032,1,09,Bavli,0.0,0.0,0.6,0.8,0.4,0.0,0.0,5.0,3.8,0.0,0.5
71006,032,2,04,Bavli,0.0,0.0,1.0,0.5,0.0,0.0,0.0,2.0,5.0,0.0,0.0
71006,032,2,05,Bavli,0.0,0.0,0.3333,0.5,0.6667,0.0,0.0,3.0,4.3333,0.0,0.5
71006,032,2,10,Bavli,0.0,0.0,1.0,0.5,2.0,0.0,0.0,1.0,6.0,0.0,0.0
71006,032,2,14,Bavli,0.0,0.0,1.0,0.5,1.0,0.0,0.0,2.0,5.5,0.0,0.0
71006,032,2,23,Bavli,0.0,0.0,0.6667,0.5,0.6667,0.0,0.0,3.0,3.0,0.0,0.5
71006,032,2,24,Bavli,0.0,0.0,1.0,0.5,2.0,0.0,0.0,1.0,8.0,0.0,0.0
71006,032,2,25,Bavli,0.3333,0.0,0.0,0.5,0.0,0.0,0.0,3.0,4.6667,0.0,0.0
71006,032,2,28,Bavli,0.0,0.0,0.1667,0.3333,0.3333,0.0,0.0,6.0,4.1667,0.0,0.5
71006,032,2,29,Bavli,0.0,0.0,0.3333,0.3333,0.6667,0.0,0.0,6.0,3.8333,0.0,0.0
71006,032,2,30,Bavli,0.0,0.0,0.5,0.6667,0.3333,0.0,0.0,6.0,4.6667,0.0,0.0
71006,032,2,31,Bavli,0.0,0.0,0.0,0.2,0.4,0.0,0.0,5.0,4.0,0.0,0.0
71006,032,2,32,Bavli,0.0,0.0,0.25,0.5,1.0,0.0,0.0,4.0,4.75,0.0,0.0
71006,032,2,33,Bavli,0.125,0.0,0.25,0.625,0.5,0.0,0.0,8.0,4.0,0.0,0.5
71006,032,2,39,Bavli,0.3333,0.0,0.0,0.5,0.0,0.0,0.0,3.0,2.6667,0.0,0.0
71006,032,2,40,Bavli,0.1538,0.1538,0.2308,0.3846,0.1538,0.0,0.0,13.0,3.0,0.0,1.0
71006,032,2,41,Bavli,0.0,0.0,0.125,0.375,0.25,0.0,0.0,8.0,3.5,0.0,0.5
71006,032,2,42,Bavli,0.0,0.0,0.0,0.5,0.0,0.0,0.0,1.0,6.0,0.0,0.0
71006,032,2,43,Bavli,0.25,0.0,0.25,0.5,0.0,0.0,0.0,4.0,4.75,0.0,0.0
71006,032,2,44,Bavli,0.5,0.0,0.5,0.5,0.0,0.0,0.0,2.0,4.0,0.0,0.0
71006,032,2,46,Bavli,0.0,0.0,0.1429,0.2143,0.2857,0.0,0.0,14.0,4.8571,0.0,0.25
71006,032,2,49,Bavli,0.0,0.0,0.3333,0.5,0.6667,0.0,0.0,3.0,3.3333,0.0,0.5
71006,033,1,04,Bavli,0.2857,0.0,0.2857,0.5714,0.2857,0.0,0.0,7.0,5.4286,0.0,0.0
71006,033,1,22,Bavli,0.0,0.0,0.4,0.6,0.8,0.0,0.0,5.0,5.2,0.0,0.25
71006,033,1,23,Bavli,0.0,0.3333,0.0,0.5,0.0,0.0,0.0,3.0,4.0,0.0,0.0
71006,033,1,25,Bavli,0.0,0.1429,0.1429,0.7143,0.5714,0.0,0.0,7.0,4.8571,0.0,0.0
71006,033,1,26,Bavli,0.0,0.0,0.25,0.5,0.25,0.0,0.0,8.0,3.5,0.0,0.0
71006,033,1,27,Bavli,0.0,0.0,0.0,0.6,0.4,0.0,0.0,5.0,5.0,0.0,0.0
71006,033,1,30,Bavli,0.0,0.0,1.0,0.5,0.5,0.0,0.0,2.0,4.5,0.0,0.0
71006,033,1,31,Bavli,0.4286,0.0,1.0,0.8571,0.2857,0.0,0.0,7.0,4.5714,0.0,0.5
71006,033,1,32,Bavli,0.0,0.0,0.0,0.5,1.0,0.0,0.0,2.0,5.0,0.0,0.0
71006,033,1,35,Bavli,0.0,0.1,0.3,0.7,0.4,0.0,0.0,10.0,3.7,0.0,0.25
71006,033,1,39,Bavli,0.0,0.0,0.1667,0.5,0.3333,0.0,0.0,6.0,3.8333,0.0,0.0
71006,033,1,40,Bavli,0.0,0.0,0.2,0.6,0.4,0.0,0.0,5.0,4.2,0.0,0.0
71006,033,1,42,Bavli,0.5,0.0,0.0,0.5,1.0,0.0,0.0,2.0,5.5,0.0,0.0
71006,033,1,43,Bavli,0.3333,0.0,0.0,0.5,0.6667,0.0,0.0,3.0,4.0,0.0,0.0
71006,033,2,01,Bavli,0.0,0.0,0.4,0.4,0.8,0.0,0.0,5.0,4.0,0.0,0.0
71006,033,2,05,Bavli,0.0,0.0,1.0,0.5,2.0,0.0,0.0,1.0,8.0,0.0,0.0
71006,033,2,06,Bavli,0.0,0.0,1.25,0.75,0.5,0.0,0.0,4.0,4.0,0.0,0.0
71006,033,2,07,Bavli,0.0,0.0,0.3333,0.5,1.3333,0.0,0.0,3.0,5.0,0.0,0.0
71006,033,2,08,Bavli,0.6667,0.0,0.0,0.5,0.6667,0.0,0.0,3.0,5.6667,0.5,0.0
71006,033,2,09,Bavli,0.2857,0.1429,0.1429,1.0,0.8571,0.0,0.0,7.0,5.1429,0.3333,0.0
71006,033,2,13,Bavli,0.0,0.2222,0.4444,0.6667,0.4444,0.0,0.5,9.0,4.2222,0.0,0.25
71006,033,2,14,Bavli,0.0,0.0,0.0,0.5,0.6667,0.0,0.0,3.0,5.3333,0.0,0.0
71006,033,2,15,Bavli,0.0,0.125,0.25,0.375,0.5,0.0,0.0,8.0,4.25,0.0,0.0
71006,033,2,16,Bavli,0.0,0.2,0.0,0.4,0.4,0.0,0.0,5.0,4.0,0.0,0.0
71006,033,2,17,Bavli,0.3333,0.0,0.6667,0.5,0.0,0.0,0.0,3.0,4.0,0.0,0.0
71006,033,2,18,Bavli,1.0,0.0,0.0,0.5,0.0,0.0,0.0,1.0,4.0,0.0,0.0
71006,033,2,19,Bavli,0.25,0.0,1.0,0.75,0.0,0.0,0.0,4.0,5.0,0.0,0.0
71006,033,2,20,Bavli,0.3333,0.3333,0.0,0.5,0.6667,0.0,0.0,3.0,4.0,0.0,0.0
71006,033,2,25,Bavli,0.0,0.0,1.0,0.5,1.0,0.0,0.0,2.0,5.0,0.0,0.5
71006,033,2,26,Bavli,0.0,0.1667,0.3333,0.6667,0.6667,0.0,0.0,6.0,4.5,0.0,0.25
71006,033,2,28,Bavli,0.0,0.1667,0.3333,0.5,0.3333,0.0,0.0,6.0,3.5,0.0,0.0
71006,033,2,29,Bavli,0.0,0.0,0.5,0.5,0.0,0.0,0.0,2.0,3.5,0.0,0.0
71006,033,2,30,Bavli,0.0,0.0,1.0,0.5,2.0,0.0,0.0,1.0,6.0,0.0,0.0
71006,033,2,31,Bavli,0.0,0.0,0.6,1.0,0.8,0.0,0.0,5.0,3.4,0.0,0.5
71006,033,2,32,Bavli,0.5,0.0,0.75,1.0,0.5,0.0,0.0,4.0,4.75,0.5,0.0
71006,033,2,33,Bavli,0.0,0.0,0.5,1.0,1.0,0.0,0.0,4.0,4.75,0.0,0.25
71006,033,2,34,Bavli,0.125,0.0,0.5,0.625,0.125,0.0,0.0,8.0,4.875,0.0,1.0
71006,033,2,35,Bavli,0.0,0.0,0.4286,0.5714,0.5714,0.0,0.0,7.0,4.1429,0.0,0.0
71006,033,2,36,Bavli,0.0,0.0,1.0,0.5,0.6667,0.0,0.0,3.0,4.3333,0.0,0.5
71006,033,2,37,Bavli,0.5,0.0,0.25,0.75,1.0,0.0,0.0,4.0,5.0,0.25,0.0
71006,033,2,40,Bavli,0.0,0.0,0.5,0.5,1.0,0.0,0.0,2.0,5.0,0.0,0.0
71006,034,1,05,Bavli,0.5,0.0,0.5,0.5,0.0,0.0,1.0,2.0,4.0,0.0,0.0
71006,034,1,06,Bavli,0.0,0.0,0.5,0.75,1.0,0.0,0.0,4.0,3.75,0.0,0.25
71006,034,1,07,Bavli,0.0,0.0,0.0,0.5,0.6667,0.0,0.0,3.0,2.6667,0.0,0.0
71006,034,1,08,Bavli,0.1429,0.0,0.7143,0.8571,0.2857,0.0,0.0,7.0,3.5714,0.0,0.0
71006,034,1,09,Bavli,0.0,0.0,0.0,0.25,0.5,0.0,0.0,4.0,4.25,0.0,0.0
71006,034,1,10,Bavli,0.2,0.0,0.8,0.8,0.8,0.0,0.0,5.0,4.2,0.0,0.25
71006,034,1,11,Bavli,0.1667,0.0,0.3333,0.5,0.3333,0.0,0.0,6.0,4.5,0.0,0.0
71006,034,1,15,Bavli,0.0,0.0,0.0,0.5,0.0,0.0,0.0,2.0,4.0,0.0,0.0
71006,034,1,16,Bavli,0.0,0.0,0.0,0.5,1.0,0.0,0.0,2.0,4.0,0.0,0.0
71006,034,1,17,Bavli,0.3333,0.0,0.3333,0.5,0.0,0.0,1.0,3.0,3.6667,0.0,0.0
71006,034,2,15,Bavli,0.0,0.0,1.0,0.5,1.0,0.0,0.0,2.0,4.5,0.0,0.5
71006,034,2,16,Bavli,0.5,0.0,1.5,0.5,0.0,0.0,0.0,2.0,4.0,0.0,0.0
71006,035,1,01,Bavli,0.0,0.0,0.3333,0.5,0.0,0.0,0.0,3.0,4.0,0.0,0.0
71006,035,1,02,Bavli,1.0,0.0,0.0,0.5,0.0,0.0,0.0,1.0,7.0,0.0,0.0
71006,035,1,05,Bavli,0.0,0.0,0.3333,0.5,0.6667,0.0,0.0,3.0,4.6667,0.0,0.5
71006,035,1,06,Bavli,0.0,0.1429,0.1429,1.0,0.5714,0.0,0.0,7.0,3.7143,0.0,0.25
71006,035,1,07,Bavli,0.0,0.125,0.75,0.875,0.125,0.0,0.0,8.0,3.25,0.0,1.0
71006,035,1,08,Bavli,0.1667,0.1667,0.3333,1.0,0.0,0.0,0.6667,6.0,4.8333,0.0,0.0
71006,035,2,07,Bavli,0.0,0.5,0.5,0.5,0.0,0.0,0.0,2.0,4.5,0.0,0.0
71006,035,2,08,Bavli,0.0,0.0,0.0,0.2857,0.5714,0.0,0.0,7.0,4.0,0.0,0.0
71006,035,2,09,Bavli,0.0,0.0,0.2222,0.6667,0.4444,0.0,0.0,9.0,4.2222,0.0,0.5
71006,035,2,15,Bavli,0.1429,0.0,0.4286,0.5714,0.2857,0.0,0.0,7.0,4.1429,0.0,0.0
71006,035,2,16,Bavli,0.4,0.0,0.4,0.8,0.4,0.0,0.0,5.0,4.0,0.0,0.0
71006,036,1,01,Bavli,0.0,0.0,0.5,0.75,0.5,0.0,0.0,4.0,2.75,0.0,0.5
71006,036,1,12,Bavli,0.0,0.25,0.5,1.0,0.0,0.0,0.0,4.0,3.25,0.0,0.0
71006,036,1,13,Bavli,0.1111,0.0,0.2222,0.5556,0.4444,0.0,0.0,9.0,3.8889,0.25,0.0
71006,036,1,15,Bavli,0.0,0.0,0.8333,1.0,0.5,0.0,0.0,6.0,3.5,0.0,0.6667
71006,036,1,16,Bavli,0.2222,0.0,0.1111,0.4444,0.0,0.0,0.0,9.0,4.2222,0.0,0.0
71006,036,1,18,Bavli,0.0,0.0,0.3333,0.5,0.6667,0.0,0.0,3.0,4.0,0.0,0.5
71006,036,1,19,Bavli,0.0,0.0,0.5,0.5,1.0,0.0,0.0,2.0,6.5,0.0,0.0
71006,036,1,29,Bavli,0.0,0.0,0.6667,0.5,0.6667,0.0,0.0,3.0,4.3333,0.0,0.0
71006,036,2,01,Bavli,0.1429,0.0,0.0,0.5714,0.5714,0.0,0.0,7.0,3.5714,0.25,0.0
71006,036,2,02,Bavli,0.3333,0.0,0.3333,0.8333,0.3333,0.0,0.0,6.0,3.3333,0.0,0.0
71006,036,2,03,Bavli,0.25,0.0,0.25,0.5,0.25,0.0,0.3333,8.0,4.875,0.0,0.0
71006,036,2,04,Bavli,0.1667,0.0,0.3333,0.8333,0.3333,0.0,0.0,6.0,4.5,0.0,0.0
71006,036,2,05,Bavli,0.2,0.0,0.0,0.8,0.8,0.0,0.0,5.0,4.0,0.0,0.0
71006,036,2,06,Bavli,0.25,0.0,0.25,1.0,1.0,0.0,0.0,4.0,4.0,0.0,0.0
71006,036,2,29,Bavli,0.0,1.0,0.0,0.5,0.0,0.0,0.0,1.0,6.0,0.0,0.0
71006,036,2,30,Bavli,0.1667,0.0,0.1667,0.6667,0.6667,0.0,0.0,6.0,4.3333,0.25,0.0
71006,036,2,31,Bavli,0.1429,0.0,0.5714,0.8571,0.4286,0.0,0.0,7.0,3.8571,0.0,0.6667
71006,036,2,32,Bavli,0.0,0.0,0.375,0.625,0.75,0.0,0.0,8.0,3.875,0.0,0.3333
71006,036,2,33,Bavli,0.0,0.0,0.2,0.6,0.8,0.0,0.0,10.0,4.0,0.125,0.125
71006,036,2,34,Bavli,0.1667,0.1667,0.6667,0.8333,0.6667,0.0,0.0,6.0,4.5,0.0,0.5
71006,036,2,43,Bavli,0.0,0.0,0.4286,0.5714,0.4286,0.0,0.0,7.0,3.8571,0.0,0.0
71006,037,1,05,Bavli,0.0,0.0,0.0,0.25,0.0,0.0,0.0,4.0,4.75,0.0,0.0
71006,037,1,06,Bavli,0.0,0.0,0.5,0.625,0.625,0.0,0.0,8.0,3.875,0.0,0.2
71006,037,1,07,Bavli,0.0,0.0,0.3333,0.8333,0.5,0.0,0.0,6.0,4.0,0.0,0.0
71006,037,1,09,Bavli,0.0,0.25,0.25,1.0,0.5,0.0,0.0,4.0,3.75,0.0,0.0
71006,037,1,30,Bavli,0.1538,0.0,0.2308,0.3077,0.0,0.0,0.0,13.0,3.6923,0.0,0.0
71006,037,1,35,Bavli,0.0,0.0,0.0,0.5,0.6667,0.0,0.0,3.0,4.0,0.0,0.0
71006,037,1,36,Bavli,0.0,0.0,0.2,0.2,0.0,0.0,0.0,5.0,3.2,0.0,0.0
71006,037,1,37,Bavli,0.0,0.0,0.0,0.5,2.0,0.0,0.0,2.0,6.0,0.0,0.0
71006,037,1,50,Bavli,0.1667,0.0,0.3333,0.6667,0.6667,0.0,0.0,6.0,4.5,0.0,0.25
71006,037,2,04,Bavli,0.4286,0.0,0.4286,0.5714,0.2857,0.0,1.0,7.0,5.5714,0.0,0.0
71006,037,2,11,Bavli,0.3333,0.3333,0.6667,0.5,0.0,0.0,0.0,3.0,5.3333,0.0,0.0
71006,038,2,14,Bavli,0.0,0.0,0.25,0.25,0.0,0.0,0.0,4.0,4.0,0.0,0.0
71006,038,2,15,Bavli,0.0,0.0,0.5,0.5,0.0,0.0,0.0,6.0,4.6667,0.0,0.0
71006,038,2,16,Bavli,0.5,0.0,0.5,0.5,1.0,0.0,0.0,2.0,6.5,0.0,0.5
71006,038,2,21,Bavli,0.0,0.0,0.5,1.0,1.0,0.0,0.0,4.0,3.75,0.0,0.5
71006,038,2,23,Bavli,0.0909,0.0,0.6364,0.9091,0.5455,0.0,0.0,11.0,4.0,0.1667,0.1667
71006,038,2,24,Bavli,0.2,0.0,0.2,0.6,0.4,0.0,0.0,5.0,4.8,0.5,0.0
71006,038,2,25,Bavli,0.3333,0.0,0.3333,0.5,0.0,0.0,0.0,3.0,4.6667,0.0,0.0
71006,038,2,26,Bavli,0.1111,0.0,0.4444,0.6667,0.4444,0.0,0.0,9.0,4.3333,0.0,0.25
71006,038,2,27,Bavli,0.125,0.0,0.125,0.375,0.25,0.0,0.0,8.0,5.0,0.0,0.0
71006,038,2,28,Bavli,0.0,0.0,0.3333,0.3333,0.3333,0.0,0.0,12.0,4.1667,0.0,0.25
71006,038,2,45,Bavli,0.0,0.0,0.25,0.5,0.5,0.0,0.0,4.0,3.5,0.0,0.0
71006,038,2,46,Bavli,0.1429,0.0,0.1429,0.4286,0.2857,0.0,0.0,7.0,4.8571,0.0,0.0
71006,038,2,48,Bavli,0.0,0.25,0.25,0.5,0.5,0.0,0.0,4.0,3.5,0.0,0.0
71006,039,1,18,Bavli,0.0,0.0,0.6667,0.5,0.0,0.0,0.0,3.0,3.0,0.0,0.0
71006,039,1,19,Bavli,0.0,0.0,0.75,1.0,1.0,0.0,0.0,4.0,6.0,0.0,0.0
71006,039,1,21,Bavli,0.0,0.0,0.3636,0.5455,0.5455,0.0,0.0,11.0,4.2727,0.0,0.0
71006,039,1,22,Bavli,0.0,0.0,0.2308,0.3077,0.6154,0.0,0.0,13.0,4.2308,0.0,0.125
71006,039,1,23,Bavli,0.3333,0.0,0.6667,1.0,0.3333,0.0,0.0,6.0,4.1667,0.0,0.0
71006,039,1,26,Bavli,0.0,0.0,0.6667,0.5,0.6667,0.0,0.0,3.0,4.0,0.0,0.5
71006,039,1,27,Bavli,0.3077,0.0,0.3846,0.9231,0.6154,0.0,0.0,13.0,4.2308,0.375,0.125
71006,039,1,28,Bavli,0.1667,0.0833,0.5833,0.8333,0.1667,0.0,0.0,12.0,4.1667,0.0,0.5
71006,039,1,29,Bavli,0.0,0.0,0.5,0.5,0.5,0.0,0.0,4.0,4.5,0.0,0.5
71006,039,2,47,Bavli,0.1,0.0,0.4,0.7,0.8,0.0,0.5,10.0,5.0,0.0,0.125
71006,039,2,48,Bavli,0.0,0.0,0.4615,0.5385,0.6154,0.0,0.0,13.0,4.3077,0.0,0.125
71006,039,2,49,Bavli,0.0909,0.0,0.2727,0.6364,0.7273,0.0,0.0,11.0,3.7273,0.0,0.125
71006,039,2,50,Bavli,0.0,0.0,0.625,0.75,0.5,0.0,0.0,8.0,5.125,0.0,0.25
71006,039,2,51,Bavli,0.0833,0.0,0.4167,0.5833,0.3333,0.0,0.5,12.0,4.1667,0.0,0.25
71006,040,1,01,Bavli,0.0,0.0,0.8333,1.0,0.6667,0.0,0.0,6.0,4.6667,0.0,0.0
71006,040,1,02,Bavli,0.0,0.0,0.75,0.75,0.5,0.0,0.0,8.0,3.75,0.0,0.25
71006,040,1,03,Bavli,0.0,0.0,0.8,0.7,0.6,0.0,0.0,10.0,4.2,0.0,0.1667
71006,040,1,05,Bavli,0.0,0.0,0.3333,0.6667,0.3333,0.0,0.0,6.0,4.0,0.0,0.0
71006,040,1,06,Bavli,0.5,0.0,0.0,0.5,1.0,0.0,0.0,2.0,4.5,0.5,0.0
71006,040,1,08,Bavli,0.0,0.0,0.125,0.375,0.5,0.0,0.0,8.0,4.125,0.0,0.0
71006,040,1,09,Bavli,0.0,0.0,0.0,0.5,2.0,0.0,0.0,1.0,6.0,0.0,0.0
71006,040,1,11,Bavli,0.0,0.0,0.1429,0.7143,0.5714,0.0,0.0,7.0,3.5714,0.25,0.25
71006,040,1,12,Bavli,0.0,0.0,0.25,0.25,0.0,0.0,0.0,4.0,3.0,0.0,0.0
71006,040,1,13,Bavli,0.0,0.1429,0.4286,0.7143,0.5714,0.0,0.0,7.0,5.0,0.0,0.25
71006,040,1,14,Bavli,0.0,0.0,0.3333,0.5,1.3333,0.0,0.0,3.0,6.3333,0.0,0.25
71006,040,1,15,Bavli,1.0,0.0,1.0,0.5,0.0,0.0,0.0,1.0,6.0,0.0,0.0
71006,040,1,17,Bavli,0.0,0.0,0.6667,0.5,0.6667,0.0,0.0,3.0,4.6667,0.0,0.0
71006,040,1,18,Bavli,0.0,0.0,0.4,0.8,0.4,0.0,0.0,5.0,4.0,0.0,0.0
71006,040,1,19,Bavli,0.0,0.0,0.5,0.625,0.5,0.0,0.0,8.0,4.25,0.0,0.0
71006,040,1,20,Bavli,0.0,0.0,1.0,0.5,0.0,0.0,0.0,1.0,4.0,0.0,0.0
71006,040,1,21,Bavli,0.0,0.0,0.5,0.75,0.5,0.0,0.0,8.0,3.875,0.0,0.25
71006,040,1,22,Bavli,0.0,0.0,0.3333,0.5,0.0,0.0,0.0,3.0,6.0,0.0,0.0
71006,040,1,23,Bavli,0.0,0.0,0.0,0.5,0.6667,0.0,0.0,6.0,4.0,0.0,0.0
71006,040,1,30,Bavli,0.0,0.0,0.2,0.6,0.8,0.0,0.0,5.0,4.6,0.0,0.0
71006,040,1,31,Bavli,0.25,0.0,0.75,1.0,1.0,0.0,1.0,4.0,5.75,0.0,0.25
71006,040,2,13,Bavli,0.0,0.0,0.3333,0.8889,0.6667,0.0,0.0,9.0,3.7778,0.0,0.1667
71006,040,2,14,Bavli,0.0,0.0,0.4286,0.7143,0.5714,0.0,0.0,7.0,4.5714,0.0,0.25
71006,040,2,20,Bavli,0.0,0.0,0.6667,0.5,0.3333,0.0,0.0,6.0,4.8333,0.0,0.0
71006,040,2,21,Bavli,0.0,0.0,0.375,0.75,0.25,0.0,0.0,8.0,3.75,0.0,0.5
71006,040,2,22,Bavli,0.0,0.0,0.0,0.5,2.0,0.0,0.0,1.0,6.0,0.0,0.0
71006,041,1,01,Bavli,0.1667,0.1667,0.3333,0.6667,0.0,0.0,0.0,6.0,3.8333,0.0,0.0
71006,041,1,02,Bavli,0.0,0.0,0.0,0.5,0.0,0.0,0.0,2.0,4.5,0.0,0.0
71006,041,1,03,Bavli,0.1429,0.0,0.4286,0.5714,0.5714,0.0,0.0,7.0,4.8571,0.25,0.0
71006,041,1,04,Bavli,0.3333,0.0,0.0,0.5,0.6667,0.0,0.0,3.0,5.0,0.5,0.0
71006,041,1,28,Bavli,0.0,0.0,1.0,0.5,2.0,0.0,0.0,1.0,7.0,0.0,0.0
71006,041,1,31,Bavli,0.0,0.0,0.5,0.75,0.375,0.0,0.0,8.0,3.5,0.0,0.0
71006,041,1,32,Bavli,0.0,0.0,0.1667,0.6667,0.3333,0.0,0.0,6.0,4.3333,0.0,0.0
71006,041,2,03,Bavli,0.0,0.0,1.0,1.0,0.5,0.0,0.0,4.0,4.25,0.0,0.5
71006,041,2,05,Bavli,0.0,0.0,0.25,0.5,0.5,0.0,0.0,4.0,2.25,0.0,0.0
71006,041,2,07,Bavli,0.0,0.0,0.3333,0.5,0.6667,0.0,0.0,3.0,3.3333,0.0,0.0
71006,041,2,08,Bavli,1.0,0.0,0.0,0.5,0.0,0.0,0.0,1.0,5.0,0.0,0.0
71006,041,2,13,Bavli,0.0,0.0,0.3333,0.8333,0.6667,0.0,0.0,6.0,3.1667,0.0,0.0
71006,041,2,14,Bavli,0.4,0.0,0.0,0.8,0.4,0.0,0.0,5.0,4.2,0.5,0.0
71006,041,2,17,Bavli,0.25,0.0,0.5,1.0,0.75,0.0,0.0,4.0,5.0,0.3333,0.3333
71006,041,2,36,Bavli,0.0,0.0,0.2,0.8,0.8,0.0,0.0,5.0,4.2,0.0,0.0
71006,041,2,37,Bavli,0.0,0.1429,0.2857,0.8571,0.8571,0.0,0.0,7.0,3.8571,0.0,0.0
71006,041,2,38,Bavli,0.1429,0.0,0.8571,0.8571,0.5714,0.0,0.0,7.0,4.1429,0.0,0.5
71006,041,2,39,Bavli,0.0,0.0,0.5,0.875,0.5,0.0,0.0,8.0,3.75,0.0,0.25
71006,041,2,40,Bavli,0.0,0.0,0.2857,0.5714,0.8571,0.0,0.0,7.0,4.0,0.0,0.3333
71006,041,2,42,Bavli,0.0,0.0,0.75,1.0,0.5,0.0,0.0,4.0,4.25,0.0,0.5
71006,041,2,43,Bavli,0.0,0.0,0.2222,0.3333,0.6667,0.0,0.0,9.0,4.4444,0.0,0.1667
71006,041,2,44,Bavli,0.0,0.0,0.125,0.25,0.5,0.0,0.0,8.0,3.625,0.0,0.0
71006,041,2,45,Bavli,0.0,0.0,0.0,0.5,2.0,0.0,0.0,1.0,8.0,0.0,0.0
71006,041,2,49,Bavli,0.5,0.0,0.5,0.5,0.0,0.0,1.0,2.0,4.0,0.0,0.0
71006,041,2,53,Bavli,0.1429,0.0,0.1429,0.5714,0.5714,0.0,0.0,7.0,4.0,0.25,0.0
71006,042,1,08,Bavli,0.3333,0.0,0.6667,0.5,0.6667,0.0,0.0,3.0,3.6667,0.0,0.0
71006,042,1,09,Bavli,0.2857,0.0,0.2857,0.5714,0.2857,0.0,0.0,7.0,4.2857,0.0,0.5
71006,042,1,10,Bavli,0.0,0.0,0.1429,0.2857,0.2857,0.0,0.0,7.0,4.1429,0.0,0.5
71006,042,1,13,Bavli,0.0,0.0,0.6,1.0,0.8,0.0,0.0,5.0,4.6,0.0,0.25
71006,042,1,16,Bavli,0.0,0.0,0.3333,0.5,0.6667,0.0,0.0,3.0,4.3333,0.0,0.0
71006,042,1,18,Bavli,0.0,0.0,0.0,0.5,2.0,0.0,0.0,1.0,7.0,0.0,0.0
71006,042,1,23,Bavli,0.0,0.0,0.1818,0.3636,0.3636,0.0,0.0,11.0,4.2727,0.0,0.0
71006,042,1,24,Bavli,0.0,0.0,0.5714,0.5714,0.2857,0.0,0.0,7.0,4.4286,0.0,0.0
71006,042,1,25,Bavli,0.0,0.0,0.5,0.5,1.0,0.0,0.0,2.0,5.0,0.0,0.0
71006,042,1,30,Bavli,0.0,0.0,0.2222,0.3333,0.2222,0.0,0.0,9.0,4.2222,0.0,0.5
71006,042,1,31,Bavli,0.0,0.4,0.2,0.2,0.0,0.0,0.0,5.0,4.4,0.0,0.0
71006,042,1,32,Bavli,0.2,0.2,0.6,0.8,0.4,0.0,0.5,5.0,4.8,0.5,0.0
71006,042,1,33,Bavli,0.0,0.0,0.3333,0.3333,0.0,0.0,0.0,6.0,4.1667,0.0,0.0
71006,042,1,34,Bavli,0.1667,0.0,0.3333,0.8333,0.6667,0.0,0.0,6.0,4.1667,0.25,0.0
71006,042,1,35,Bavli,0.0,0.0,0.4,0.8,0.4,0.0,0.0,5.0,4.2,0.0,0.0
71006,042,1,36,Bavli,0.0,0.1667,0.3333,0.8333,1.0,0.0,1.0,6.0,4.8333,0.0,0.1667
71006,042,1,37,Bavli,0.0,0.0,0.3333,0.5,1.3333,0.0,0.0,3.0,5.0,0.0,0.0
71006,042,2,01,Bavli,0.0,0.0,0.6667,0.5,0.6667,0.0,0.0,3.0,4.6667,0.0,0.0
71006,042,2,03,Bavli,0.25,0.0,0.5,0.75,0.0,0.0,0.0,4.0,4.5,0.0,0.0
71006,042,2,06,Bavli,0.0,0.0,0.1429,0.2857,0.4286,0.0,0.0,7.0,4.0,0.0,0.0
71006,042,2,22,Bavli,0.3333,0.0,0.6667,0.5,0.0,0.0,0.0,3.0,4.3333,0.0,0.0
71006,042,2,25,Bavli,0.3333,0.0,0.3333,0.5,0.0,0.0,0.0,3.0,4.6667,0.0,0.0
71006,042,2,32,Bavli,0.0,0.0,0.8333,0.5,0.3333,0.0,0.0,6.0,4.3333,0.0,0.0
71006,042,2,33,Bavli,0.0,0.0,0.25,0.75,0.5,0.0,0.0,4.0,2.75,0.0,0.0
71006,042,2,39,Bavli,0.3333,0.0,0.3333,0.5,0.0,0.0,0.0,3.0,3.3333,0.0,0.0
71006,042,2,40,Bavli,0.1111,0.0,0.3333,0.6667,0.4444,0.0,0.0,9.0,3.7778,0.0,0.0
71006,042,2,41,Bavli,0.3333,0.0,0.6667,0.8333,0.0,0.0,0.0,6.0,5.1667,0.0,0.0
71006,043,1,01,Bavli,0.0,0.0,0.6667,0.5,0.6667,0.0,0.0,3.0,4.6667,0.0,0.0
71006,043,1,05,Bavli,0.0,0.0,0.3333,0.5,0.6667,0.0,0.0,3.0,7.0,0.0,0.0
71006,043,1,09,Bavli,0.25,0.0,0.0,0.75,1.0,0.0,0.0,4.0,4.75,0.25,0.0
71006,043,1,10,Bavli,0.1429,0.0,0.2857,0.7143,0.2857,0.0,0.0,7.0,4.1429,0.0,0.0
71006,043,1,11,Bavli,0.0,0.0,0.2,0.8,0.8,0.0,0.0,5.0,4.0,0.0,0.25
71006,043,1,16,Bavli,0.25,0.0,0.25,0.5,0.5,0.0,0.0,4.0,4.5,0.0,0.0
71006,043,1,17,Bavli,0.25,0.0,0.5,1.0,1.0,0.0,0.0,4.0,3.5,0.0,0.25
71006,043,1,25,Bavli,0.0,0.0,1.0,0.5,0.0,0.0,0.0,1.0,3.0,0.0,0.0
71006,043,1,26,Bavli,0.0,0.0,0.5714,0.4286,0.5714,0.0,0.0,7.0,4.2857,0.0,0.5
71006,043,1,27,Bavli,0.0,0.0,0.5,0.3333,0.6667,0.0,0.0,6.0,4.6667,0.0,0.5
71006,043,1,30,Bavli,0.0,0.0,0.5,0.5,1.0,0.0,0.0,2.0,2.5,0.0,0.0
71006,043,1,31,Bavli,0.1667,0.1667,0.5,0.8333,0.6667,0.0,0.0,6.0,3.8333,0.0,0.0
71006,043,1,32,Bavli,0.3333,0.3333,0.0,0.5,0.6667,0.0,0.0,3.0,3.6667,0.5,0.0
71006,043,1,33,Bavli,0.1667,0.0,0.4167,0.75,0.8333,0.0,0.0,12.0,4.4167,0.1,0.0
71006,043,1,34,Bavli,0.3333,0.0,0.1667,0.6667,0.6667,0.0,0.0,6.0,4.5,0.25,0.0
71006,043,1,35,Bavli,0.3333,0.3333,0.3333,0.5,0.6667,0.0,0.0,3.0,3.6667,0.0,0.0
71006,043,2,02,Bavli,0.0,0.0,0.0,0.5,0.0,0.0,0.0,1.0,6.0,0.0,0.0
71006,043,2,03,Bavli,0.0,0.0,0.0,0.5,2.0,0.0,0.0,1.0,5.0,0.0,0.0
71006,043,2,05,Bavli,0.0,0.0,0.3333,0.5,0.3333,0.0,0.0,6.0,3.8333,0.0,0.5
71006,043,2,06,Bavli,0.25,0.0,0.25,0.625,0.5,0.0,0.0,8.0,3.875,0.25,0.25
71006,043,2,08,Bavli,0.25,0.0,0.25,1.0,1.0,0.0,0.0,4.0,4.25,0.25,0.0
71006,043,2,09,Bavli,0.0,0.0,0.3333,0.5,0.0,0.0,0.0,3.0,4.0,0.0,0.0
71006,043,2,10,Bavli,0.0,0.0,0.25,1.0,1.5,0.0,0.0,4.0,3.25,0.0,0.1667
71006,043,2,11,Bavli,0.0,0.0,0.0,0.5,0.0,0.0,0.0,1.0,5.0,0.0,0.0
71006,043,2,12,Bavli,0.125,0.0,0.375,0.625,0.5,0.0,0.0,8.0,3.75,0.0,0.0
71006,043,2,13,Bavli,0.2,0.0,0.4,1.0,0.4,0.0,0.0,5.0,3.8,0.0,0.0
71006,044,1,16,Bavli,0.0,0.0,0.0,0.5,0.6667,0.0,0.0,3.0,5.0,0.0,0.0
71006,044,1,26,Bavli,0.0,0.0,0.6667,0.5,0.6667,0.0,0.0,3.0,3.6667,0.0,0.5
71006,044,1,35,Bavli,0.0,0.0,0.0,0.5,0.5,0.0,0.0,4.0,4.5,0.0,0.0
71006,044,1,37,Bavli,0.0,0.0,1.0,0.5,0.0,0.0,0.0,1.0,6.0,0.0,0.0
71006,044,1,38,Bavli,0.0,0.0,0.375,0.5,0.25,0.0,0.0,8.0,4.0,0.0,0.5
71006,044,1,39,Bavli,0.0,0.0,0.6667,0.5,0.0,0.0,0.0,3.0,4.0,0.0,0.0
71006,044,1,40,Bavli,0.0,0.0,0.3333,0.4444,0.2222,0.0,0.0,9.0,4.0,0.0,0.0
71006,044,2,01,Bavli,0.0,0.0,0.3333,0.5,0.0,0.0,0.0,3.0,4.0,0.0,0.0
71006,044,2,02,Bavli,0.0,0.0,0.5,0.4,0.2,0.0,0.0,10.0,4.8,0.0,0.5
71006,044,2,03,Bavli,0.0,0.0,0.5,0.25,0.0,0.0,0.0,4.0,4.25,0.0,0.0
71006,044,2,04,Bavli,0.0,0.0,0.2,0.6,0.4,0.0,0.0,5.0,4.2,0.0,0.0
71006,044,2,09,Bavli,0.0,0.0,0.3333,0.5,0.6667,0.0,0.0,3.0,4.0,0.0,0.5
71006,044,2,10,Bavli,0.25,0.0,0.75,1.0,0.5,0.0,0.0,8.0,4.75,0.25,0.25
71006,044,2,11,Bavli,0.0,0.0,0.2857,0.5714,0.5714,0.0,0.0,7.0,3.8571,0.0,0.0
71006,044,2,12,Bavli,0.0,0.0,0.1667,0.8333,1.0,0.0,0.0,6.0,5.0,0.0,0.0
71006,044,2,13,Bavli,0.0,0.0,0.2857,0.5714,0.5714,0.0,0.0,7.0,4.4286,0.0,0.0
71006,044,2,14,Bavli,0.1111,0.0,0.2222,0.6667,0.2222,0.0,0.0,9.0,4.4444,0.5,0.0
71006,044,2,15,Bavli,0.3333,0.0,0.3333,0.5,1.3333,0.0,0.0,3.0,5.6667,0.25,0.0
71006,044,2,16,Bavli,0.1429,0.1429,0.1429,0.5714,0.2857,0.0,0.0,7.0,4.4286,0.0,0.5
71006,044,2,17,Bavli,0.2,0.0,0.4,0.6,0.2,0.0,0.0,10.0,4.4,0.5,0.0
71006,044,2,18,Bavli,0.0,0.0,0.4,0.6,0.8,0.0,0.0,5.0,5.0,0.0,0.0
71006,044,2,23,Bavli,0.5,0.0,0.5,1.0,0.0,0.0,0.0,4.0,4.5,0.0,0.0
71006,044,2,25,Bavli,0.0,0.25,0.25,0.5,1.0,0.0,0.0,4.0,3.5,0.0,0.0
71006,044,2,26,Bavli,0.0,0.0,0.5,0.75,0.25,0.0,0.0,8.0,4.25,0.0,0.0
71006,044,2,27,Bavli,0.0,0.0,0.4444,0.5556,0.2222,0.0,0.0,9.0,3.5556,0.0,0.0
71006,045,1,04,Bavli,0.0,0.4,0.3,0.6,0.3,0.0,0.0,10.0,3.2,0.0,0.3333
71006,045,1,15,Bavli,0.3333,0.0,0.3333,0.6667,0.0,0.0,0.0,6.0,4.3333,0.0,0.0
71006,045,1,30,Bavli,0.5,0.0,0.5,0.5,0.0,0.0,0.5,2.0,7.0,0.0,0.0
71006,045,1,31,Bavli,0.3333,0.0,0.3333,0.5,0.3333,0.0,0.0,3.0,3.6667,0.0,1.0
71006,045,1,36,Bavli,0.0,0.0,0.6,0.6,0.4,0.0,0.0,5.0,4.4,0.0,0.0
71006,045,1,40,Bavli,0.0,0.0,0.2857,0.4286,0.5714,0.0,0.0,7.0,4.1429,0.0,0.5
71006,045,1,44,Bavli,0.0,0.0,0.4,0.6,0.4,0.0,0.0,5.0,3.6,0.0,0.0
71006,045,1,45,Bavli,0.25,0.0,0.375,1.0,1.0,0.0,0.0,8.0,4.125,0.125,0.25
71006,045,1,46,Bavli,0.0,0.0,0.5714,0.8571,0.5714,0.0,0.0,7.0,3.8571,0.0,0.25
71006,045,1,47,Bavli,0.0,0.0,0.5,1.0,1.0,0.0,0.0,4.0,4.0,0.0,0.25
71006,045,1,48,Bavli,0.0,0.0,0.3333,0.5,0.0,0.0,0.0,3.0,5.0,0.0,0.0
71006,045,2,09,Bavli,0.25,0.0,0.25,0.25,0.0,0.0,0.5,4.0,5.75,0.0,0.0
71006,045,2,10,Bavli,0.0,0.0,0.8889,0.7778,0.3333,0.0,0.0,9.0,3.8889,0.0,0.3333
71006,045,2,12,Bavli,0.125,0.25,0.375,0.625,0.5,0.0,0.3333,8.0,3.5,0.0,0.0
71006,045,2,13,Bavli,0.0,0.0,0.6667,0.5,1.3333,0.0,0.0,3.0,5.3333,0.0,0.25
71006,045,2,29,Bavli,0.0,0.0,0.5,0.25,0.5,0.0,0.0,8.0,5.375,0.0,0.0
71006,045,2,30,Bavli,0.1,0.0,0.2,0.5,0.8,0.0,0.0,10.0,4.2,0.125,0.0
71006,045,2,31,Bavli,0.1538,0.0,0.1538,0.4615,0.4615,0.0,0.0,13.0,4.1538,0.1667,0.0
71006,046,1,01,Bavli,0.4,0.0,0.6,0.6,0.0,0.0,0.0,5.0,4.0,0.0,0.0
71006,046,1,11,Bavli,0.0,0.0,0.0,0.5,2.0,0.0,0.0,1.0,8.0,0.0,0.0
71006,046,1,12,Bavli,0.1429,0.0,0.0714,0.4286,0.4286,0.0,0.5,14.0,3.9286,0.1667,0.1667
71006,046,1,15,Bavli,0.0,0.0,0.5,0.875,0.5,0.0,0.0,8.0,2.875,0.0,0.25
71006,046,1,16,Bavli,0.2,0.2,0.4,0.6,0.4,0.0,0.0,5.0,4.2,0.0,0.0
71006,046,1,23,Bavli,0.0,0.4,0.2,0.4,0.0,0.0,0.0,5.0,4.4,0.0,0.0
71006,046,1,27,Bavli,0.0,0.25,0.25,0.25,0.0,0.0,0.0,12.0,3.9167,0.0,0.0
71006,046,2,01,Bavli,0.0,0.2,0.2,0.6,0.4,0.0,0.0,5.0,4.0,0.0,0.0
71006,046,2,02,Bavli,0.0,0.1667,0.0,0.6667,0.3333,0.0,0.0,6.0,3.5,0.0,0.0
71006,046,2,03,Bavli,0.0,0.0,0.125,0.5,0.5,0.0,0.0,8.0,3.375,0.0,0.0
71006,046,2,04,Bavli,0.0,0.1667,0.0,0.5,0.0,0.0,0.0,6.0,3.8333,0.0,0.0
71006,046,2,05,Bavli,0.0,0.0,0.5,0.5,0.5,0.0,0.0,2.0,3.5,0.0,1.0
71006,046,2,10,Bavli,0.1667,0.0,0.3333,0.5,0.3333,0.0,0.5,6.0,4.6667,0.0,0.0
71006,046,2,11,Bavli,0.1667,0.0,0.3333,0.6667,1.0,0.0,0.0,6.0,4.5,0.1667,0.1667
71006,046,2,12,Bavli,0.0,0.0,1.0,0.5,2.0,0.0,0.0,1.0,7.0,0.0,0.0
71006,046,2,13,Bavli,0.0,0.0,0.6667,0.5,1.3333,0.0,0.0,3.0,4.6667,0.0,0.0
71006,046,2,16,Bavli,0.0,0.0,0.2857,0.7143,0.2857,0.0,0.0,7.0,4.1429,0.0,0.0
71006,046,2,17,Bavli,0.3333,0.0,0.8889,0.7778,0.8889,0.0,0.0,9.0,5.4444,0.0,0.5
71006,046,2,18,Bavli,0.0909,0.0,0.3636,0.4545,0.7273,0.0,0.5,11.0,5.0,0.0,0.0
71006,046,2,19,Bavli,0.0,0.0,0.6667,0.5,1.3333,0.0,0.0,3.0,4.6667,0.0,0.0
71006,046,2,21,Bavli,0.1111,0.0,0.4444,0.5556,0.2222,0.0,0.0,9.0,4.2222,0.0,0.5
71006,046,2,22,Bavli,0.3333,0.0,0.6667,0.5,0.6667,0.0,0.0,3.0,5.3333,0.0,0.5
71006,047,1,13,Bavli,0.2,0.0,0.4,1.0,0.4,0.0,0.0,5.0,4.4,0.5,0.0
71006,047,1,14,Bavli,0.0,0.0,0.1429,0.5714,1.1429,0.0,0.0,7.0,4.2857,0.0,0.0
71006,047,1,15,Bavli,0.2,0.0,0.2,0.6,0.4,0.0,0.0,5.0,4.2,0.5,0.0
71006,047,1,16,Bavli,0.0,0.0,0.25,0.375,0.5,0.0,0.0,8.0,4.75,0.0,0.0
71006,047,1,17,Bavli,0.0,0.0,0.2857,1.0,0.8571,0.0,0.0,7.0,3.8571,0.0,0.1667
71006,047,1,18,Bavli,0.5,0.0,1.0,0.5,1.0,0.0,1.0,2.0,5.5,0.0,0.0
71006,047,1,21,Bavli,0.0,0.0,0.4286,0.5714,0.2857,0.0,0.0,7.0,4.2857,0.0,0.0
71006,047,1,22,Bavli,0.0,0.0,0.5,0.5,0.0,0.0,0.0,2.0,7.5,0.0,0.0
71006,047,1,23,Bavli,1.0,0.0,0.5,0.5,0.0,0.0,0.0,2.0,5.0,0.0,0.0
71006,047,1,24,Bavli,0.5,0.0,0.5,0.75,0.0,0.0,0.6667,4.0,4.75,0.0,0.0
71006,047,2,06,Bavli,0.3333,0.0,0.0,0.5,0.6667,0.0,0.0,3.0,4.0,0.0,0.0
71006,047,2,07,Bavli,0.0,0.0,0.4,0.8,0.4,0.0,0.0,5.0,3.8,0.0,0.5
71006,047,2,08,Bavli,0.0,0.0,0.5714,0.8571,0.2857,0.0,0.0,7.0,4.2857,0.0,0.5
71006,047,2,09,Bavli,0.0,0.0,0.5,0.6667,0.3333,0.0,0.0,6.0,4.0,0.0,0.5
71006,047,2,10,Bavli,0.1429,0.0,0.0,0.5714,0.8571,0.0,0.0,7.0,3.8571,0.0,0.0
71006,047,2,11,Bavli,0.0,0.0,0.0,0.5,1.0,0.0,0.0,2.0,4.5,0.0,0.0
71006,047,2,13,Bavli,0.0,0.0,0.4,0.4,0.4,0.0,0.0,5.0,4.0,0.0,0.0
71006,047,2,14,Bavli,0.0,0.0,0.6667,0.5,0.0,0.0,0.0,3.0,4.6667,0.0,0.0
71006,047,2,17,Bavli,0.0,0.0,0.3333,0.6667,0.2222,0.0,0.0,9.0,3.7778,0.0,0.0
71006,047,2,20,Bavli,0.0,0.25,0.75,0.75,0.5,0.0,0.0,4.0,4.0,0.0,0.5
71006,047,2,23,Bavli,0.0,0.1667,0.5,0.6667,0.0,0.0,0.0,6.0,4.5,0.0,0.0
71006,047,2,24,Bavli,0.1429,0.0,0.2857,0.5714,0.8571,0.0,1.0,7.0,4.4286,0.0,0.0
71006,047,2,25,Bavli,0.0,0.0,0.5,0.5,0.3333,0.0,0.0,6.0,4.3333,0.0,0.5
71006,047,2,26,Bavli,0.5,0.0,0.0,0.5,1.0,0.0,1.0,2.0,6.0,0.0,0.0
71006,047,2,28,Bavli,0.0,0.0,0.5,0.5,0.0,0.0,0.0,2.0,2.5,0.0,0.0
71006,047,2,29,Bavli,0.0,0.0,0.5,0.75,0.5,0.0,0.0,8.0,4.0,0.0,0.25
71006,047,2,30,Bavli,0.0,0.0,0.4167,0.5,0.3333,0.0,0.0,12.0,3.75,0.0,0.5
71006,047,2,31,Bavli,0.0,0.0,0.4286,0.7143,0.2857,0.0,0.0,7.0,4.1429,0.0,0.0
71006,047,2,32,Bavli,0.0,0.0,0.25,0.75,1.0,0.0,0.0,4.0,5.25,0.0,0.0
71006,047,2,33,Bavli,0.1429,0.1429,0.1429,0.7143,0.5714,0.0,0.5,7.0,4.2857,0.25,0.0
71006,047,2,34,Bavli,0.0,0.0,0.0,0.1,0.2,0.0,0.0,10.0,4.3,0.0,0.0
71006,047,2,36,Bavli,0.1667,0.1667,0.1667,0.6667,0.3333,0.0,0.5,6.0,4.6667,0.5,0.0
71006,048,1,01,Bavli,0.5,0.0,0.25,0.75,0.5,0.0,0.0,4.0,5.0,0.0,0.0
71006,048,1,02,Bavli,0.0,0.0,0.4,0.6,0.2,0.0,0.0,10.0,3.9,0.0,0.0
71006,048,1,03,Bavli,0.0,0.0,0.25,1.0,1.0,0.0,0.0,4.0,4.5,0.0,0.0
71006,048,1,04,Bavli,0.2222,0.1111,0.3333,0.6667,0.6667,0.0,0.0,9.0,3.6667,0.1667,0.1667
71006,048,1,05,Bavli,0.1818,0.0,0.4545,0.7273,0.1818,0.0,0.0,11.0,4.5455,0.0,0.0
71006,048,1,07,Bavli,0.0,0.0,0.3333,0.5,1.3333,0.0,0.0,3.0,5.3333,0.0,0.0
71006,048,1,24,Bavli,0.0,0.0,0.5714,0.5,0.2857,0.0,0.0,14.0,3.7857,0.0,0.5
71006,048,1,31,Bavli,0.0,0.0,0.1667,0.1667,0.6667,0.0,0.0,12.0,4.5,0.0,0.0
71006,048,2,02,Bavli,0.0,0.0,0.5,0.5,1.0,0.0,0.0,2.0,4.0,0.0,0.5
71006,048,2,03,Bavli,0.0,0.0,0.1429,0.2857,0.2857,0.0,0.0,7.0,4.0,0.0,0.5
71006,048,2,04,Bavli,0.0,0.0,0.0,0.5,2.0,0.0,0.0,1.0,7.0,0.0,0.0
71006,048,2,05,Bavli,0.0,0.0,1.3333,0.5,0.6667,0.0,0.0,3.0,4.0,0.0,0.5
71006,048,2,07,Bavli,0.0,0.0,0.6,1.0,0.8,0.0,0.0,5.0,3.6,0.0,0.25
71006,048,2,08,Bavli,0.2,0.0,0.2,0.6,0.4,0.0,1.0,5.0,4.6,0.0,0.0
71006,048,2,09,Bavli,0.0,0.0,0.2857,0.5714,0.5714,0.0,0.0,7.0,4.2857,0.0,0.25
71006,049,1,01,Bavli,0.0,0.0,0.0,0.5,2.0,0.0,0.0,1.0,6.0,0.0,0.0
71006,049,1,03,Bavli,0.2308,0.0,0.6154,0.6154,0.3077,0.0,0.0,13.0,4.5385,0.0,0.25
71006,049,1,04,Bavli,0.1667,0.0,0.6667,0.5,0.3333,0.0,0.0,6.0,4.3333,0.0,0.5
71006,049,1,05,Bavli,0.0,0.0,0.25,0.5,0.5,0.0,0.0,4.0,4.0,0.0,0.5
71006,049,1,08,Bavli,0.0,0.0,0.3333,0.5,0.6667,0.0,0.0,3.0,3.6667,0.0,0.0
71006,049,1,10,Bavli,0.0,0.0,0.4,1.0,0.8,0.0,0.0,5.0,4.0,0.0,0.0
71006,049,1,11,Bavli,0.1429,0.0,0.2857,0.5714,0.5714,0.0,0.0,7.0,3.7143,0.0,0.0
71006,049,1,12,Bavli,1.0,0.0,0.0,0.5,0.0,0.0,1.0,1.0,7.0,0.0,0.0
71006,049,1,13,Bavli,0.0,0.0,0.5,0.5,1.0,0.0,0.0,2.0,4.0,0.0,0.0
71006,049,1,14,Bavli,0.0,0.0,0.4286,0.7143,0.2857,0.0,0.0,7.0,4.1429,0.0,0.0
71006,049,1,15,Bavli,0.0,0.0,0.0,0.5,1.0,0.0,0.0,2.0,5.0,0.0,0.0
71006,049,1,16,Bavli,0.0,0.0,0.5556,0.7778,0.4444,0.0,0.0,9.0,4.2222,0.0,0.0
71006,049,1,17,Bavli,0.0,0.0,0.5,0.5,1.0,0.0,0.0,2.0,4.5,0.0,0.0
71006,049,1,18,Bavli,0.0,0.25,0.0,0.25,0.0,0.0,0.0,4.0,3.75,0.0,0.0
71006,049,1,22,Bavli,0.0,0.0,1.0,0.5,0.0,0.0,0.0,1.0,5.0,0.0,0.0
71006,049,1,23,Bavli,0.0,0.1429,0.4286,0.7143,0.2857,0.0,0.0,7.0,3.5714,0.0,0.0
71006,049,1,24,Bavli,0.0,0.0,0.25,0.75,0.5,0.0,0.0,4.0,4.5,0.0,0.0
71006,049,1,25,Bavli,0.1111,0.0,0.3333,1.0,0.6667,0.0,0.0,9.0,4.1111,0.1667,0.1667
71006,049,1,27,Bavli,0.0,0.0,0.4444,0.3333,0.0,0.0,0.0,9.0,4.6667,0.0,0.0
71006,049,1,30,Bavli,0.0,0.0,0.5,0.8333,0.6667,0.0,0.0,6.0,4.0,0.0,0.0
71006,049,1,31,Bavli,0.0,0.2,0.4,1.0,0.8,0.0,1.0,5.0,4.8,0.0,0.0
71006,049,1,32,Bavli,0.2,0.0,0.2,1.0,0.8,0.0,1.0,5.0,5.6,0.0,0.25
71006,049,1,33,Bavli,0.0,0.3333,0.0,0.5,0.0,0.0,0.0,3.0,4.3333,0.0,0.0
71006,049,1,34,Bavli,0.0,0.0,0.6667,0.6667,0.3333,0.0,0.0,6.0,3.6667,0.0,0.5
71006,049,1,38,Bavli,0.0,0.1667,0.8333,0.8333,0.3333,0.0,0.0,6.0,4.3333,0.0,0.5
71006,049,1,40,Bavli,0.0,0.0,1.3333,0.5,0.6667,0.0,0.0,3.0,5.0,0.0,0.5
71006,049,1,41,Bavli,0.0,0.0,0.6667,0.5,0.6667,0.0,0.0,3.0,3.3333,0.0,0.5
71006,049,1,42,Bavli,0.0,0.0,0.0,0.5,0.6667,0.0,0.0,3.0,4.3333,0.0,0.0
71006,049,2,16,Bavli,0.0,0.0,0.0,0.2,0.4,0.0,0.0,5.0,3.8,0.0,0.0
71006,049,2,17,Bavli,0.1429,0.0,0.2857,0.5714,0.4286,0.0,0.0,7.0,3.8571,0.0,0.0
71006,049,2,18,Bavli,0.25,0.0,0.125,0.625,0.25,0.0,0.0,8.0,4.375,0.5,0.0
71006,049,2,19,Bavli,0.0,0.0,0.0,0.5,1.0,0.0,0.0,2.0,4.0,0.0,0.0
71006,049,2,20,Bavli,0.1,0.1,0.2,0.7,0.1,0.0,0.5,10.0,3.1,0.0,0.0
71006,049,2,22,Bavli,0.0769,0.0769,0.3077,0.6923,0.1538,0.0,0.5,13.0,3.0,0.0,0.5
71006,050,1,04,Bavli,0.1667,0.0,0.5,0.8333,0.6667,0.0,0.5,6.0,4.6667,0.0,0.0
71006,050,1,05,Bavli,0.1818,0.0,0.0909,0.4545,0.7273,0.0,0.0,11.0,3.3636,0.0,0.0
71006,050,1,06,Bavli,0.0,0.0,0.0,0.75,1.0,0.0,0.0,4.0,4.25,0.0,0.0
71006,050,1,07,Bavli,0.0,0.0,0.3333,0.6667,0.6667,0.0,0.0,6.0,3.6667,0.0,0.0
71006,050,1,09,Bavli,0.0909,0.0,0.4545,0.6364,0.3636,0.0,0.0,11.0,3.6364,0.0,0.5
71006,050,1,11,Bavli,0.0,0.0,0.6667,0.5,0.6667,0.0,0.0,3.0,4.6667,0.0,0.5
71006,050,1,14,Bavli,0.2,0.0,0.0,0.4,0.8,0.0,0.0,5.0,3.8,0.25,0.0
71006,050,1,15,Bavli,0.0,0.0,0.5,0.5,1.0,0.0,0.0,2.0,5.0,0.0,0.0
71006,050,1,18,Bavli,0.0,0.0,1.25,1.0,0.0,0.0,0.0,4.0,4.0,0.0,0.0
71006,050,1,19,Bavli,0.2,0.0,0.8,0.8,0.8,0.0,0.0,5.0,5.0,0.0,0.0
71006,050,1,23,Bavli,0.0833,0.0,0.8333,0.8333,0.1667,0.0,0.0,12.0,4.1667,0.0,0.0
71006,050,1,24,Bavli,0.0,0.0,0.6667,0.8333,1.0,0.0,0.0,6.0,3.8333,0.0,0.1667
71006,050,1,31,Bavli,0.3333,0.0,0.3333,0.5,0.0,0.0,0.0,3.0,4.3333,0.0,0.0
71006,050,1,34,Bavli,0.125,0.0,0.5,0.75,0.5,0.0,0.0,8.0,3.0,0.0,0.5
71006,050,1,54,Bavli,0.0,0.0,0.3333,0.5,0.6667,0.0,0.0,6.0,4.5,0.0,0.25
71006,050,2,07,Bavli,0.0,0.0,0.5455,0.7273,0.3636,0.0,0.0,11.0,3.9091,0.0,0.25
71006,050,2,08,Bavli,0.0,0.0,0.0,0.5,2.0,0.0,0.0,1.0,7.0,0.0,0.0
71006,050,2,13,Bavli,0.125,0.0,0.25,0.75,0.5,0.0,0.0,8.0,4.75,0.0,0.25
71006,050,2,14,Bavli,0.3333,0.0,0.3333,0.5,0.6667,0.0,0.0,3.0,5.0,0.0,0.0
71006,050,2,21,Bavli,0.0,0.0,0.4444,0.7778,0.4444,0.0,0.0,9.0,3.5556,0.0,0.25
71006,050,2,26,Bavli,0.0,0.0,0.4,1.0,0.8,0.0,0.0,5.0,4.0,0.0,0.0
71006,050,2,27,Bavli,0.2,0.0,0.0,0.2,0.0,0.0,0.0,5.0,4.6,0.0,0.0
71006,050,2,28,Bavli,0.0,0.0,0.3333,0.8333,1.0,0.0,0.0,6.0,3.8333,0.0,0.0
71006,050,2,31,Bavli,0.0,0.0,0.1429,0.5714,0.2857,0.0,0.0,7.0,3.1429,0.0,0.0
71006,051,1,05,Bavli,0.0,0.0,0.2727,0.2727,0.5455,0.0,0.0,11.0,3.6364,0.0,0.3333
71006,051,1,08,Bavli,0.0,0.0,0.3333,0.5,0.0,0.0,0.0,3.0,4.3333,0.0,0.0
71006,051,1,09,Bavli,0.0,0.0,0.3333,0.5,0.6667,0.0,0.0,3.0,3.6667,0.0,0.0
71006,051,1,10,Bavli,0.1111,0.0,0.4444,0.6667,0.4444,0.0,0.0,9.0,3.4444,0.0,0.25
71006,051,1,11,Bavli,0.0,0.0,0.5714,0.5714,0.5714,0.0,0.0,7.0,4.0,0.0,0.25
71006,051,1,12,Bavli,0.1667,0.0,0.6667,0.8333,0.3333,0.0,0.0,6.0,4.3333,0.0,0.5
71006,051,1,13,Bavli,0.1667,0.0,0.3333,0.5,0.6667,0.0,0.0,6.0,4.0,0.0,0.0
71006,051,1,14,Bavli,0.1667,0.0,0.3333,0.5,0.3333,0.0,0.0,6.0,4.3333,0.0,0.0
71006,051,2,01,Bavli,0.1667,0.0,0.3333,0.6667,0.6667,0.0,0.0,6.0,3.8333,0.25,0.25
71006,051,2,08,Bavli,0.0,0.0,0.5,0.6667,0.6667,0.0,0.0,6.0,4.1667,0.0,0.0
71006,051,2,09,Bavli,0.0,0.0,0.5,1.0,0.3333,0.0,0.0,6.0,4.3333,0.0,0.5
71006,051,2,10,Bavli,0.1429,0.0,0.1429,0.4286,0.5714,0.0,0.0,7.0,5.2857,0.25,0.0
71006,051,2,22,Bavli,0.0714,0.0714,0.3571,0.5,0.2857,0.0,0.0,14.0,4.5,0.0,0.25
71006,051,2,27,Bavli,0.1667,0.0,0.3333,0.5,0.3333,0.0,0.0,6.0,4.1667,0.5,0.0
71006,051,2,28,Bavli,0.25,0.0,0.0,0.25,0.0,0.0,0.0,4.0,4.75,0.0,0.0
71006,051,2,29,Bavli,0.0,0.0,0.2857,0.4286,0.2857,0.0,0.0,7.0,3.5714,0.0,0.5
71006,051,2,30,Bavli,0.0,0.0,0.3333,0.5,0.3333,0.0,0.0,6.0,4.0,0.0,0.5
71006,051,2,31,Bavli,0.0,0.0,0.2857,0.5714,0.5714,0.0,0.0,7.0,4.2857,0.0,0.5
71006,051,2,32,Bavli,0.0,0.0,0.1111,0.1111,0.2222,0.0,0.0,9.0,4.2222,0.0,0.0
71006,051,2,33,Bavli,0.0,0.0,0.4,1.0,1.2,0.0,0.0,5.0,3.8,0.0,0.1667
71006,051,2,34,Bavli,0.0,0.0,0.5,0.5,1.0,0.0,0.0,2.0,4.5,0.0,0.5
71006,051,2,35,Bavli,0.5,0.0,0.5,0.5,0.0,0.0,0.0,2.0,7.0,0.0,0.0
71006,052,1,01,Bavli,0.0,0.0,0.0,0.5,1.0,0.0,0.0,2.0,5.5,0.0,0.0
71006,052,1,03,Bavli,0.1667,0.0,0.1667,0.6667,0.6667,0.0,1.0,6.0,5.1667,0.25,0.25
71006,052,1,11,Bavli,0.0,0.0,0.0,0.5,1.0,0.0,0.0,2.0,4.0,0.0,0.0
71006,052,1,12,Bavli,0.0,0.2,0.8,0.8,0.0,0.0,1.0,5.0,3.4,0.0,0.0
71006,052,1,13,Bavli,0.0,0.4,0.8,0.8,0.0,0.0,1.0,5.0,4.8,0.0,0.0
71006,052,1,14,Bavli,0.1,0.1,0.0,0.5,0.4,0.0,1.0,10.0,4.0,0.0,0.0
71006,052,1,15,Bavli,0.0,0.0,0.2857,0.5714,0.5714,0.0,0.0,7.0,4.2857,0.0,0.25
71006,052,1,20,Bavli,0.0,0.0,0.3333,0.5,0.6667,0.0,0.0,3.0,4.0,0.0,0.5
71006,052,1,27,Bavli,0.0,0.0,0.5714,0.5714,0.2857,0.0,0.0,7.0,3.7143,0.0,0.5
71006,052,2,05,Bavli,0.5,0.0,0.5,0.75,0.0,0.0,0.5,4.0,4.25,0.0,0.0
71006,052,2,06,Bavli,0.375,0.0,0.5,0.875,0.0,0.0,0.3333,8.0,4.625,0.0,0.0
71006,052,2,07,Bavli,0.1429,0.0,0.2857,0.7143,0.5714,0.0,0.0,7.0,3.5714,0.0,0.0
71006,052,2,09,Bavli,0.0,0.0,0.7143,0.4286,0.0,0.0,0.0,7.0,4.0,0.0,0.0
71006,052,2,10,Bavli,0.0,0.1429,0.2857,0.4286,0.2857,0.0,0.0,7.0,4.4286,0.0,0.5
71006,053,1,12,Bavli,0.0,0.0,1.0,0.5,0.6667,0.0,0.0,3.0,3.6667,0.0,0.5
71006,053,1,13,Bavli,0.0,0.0,0.0,0.5,0.6667,0.0,0.0,3.0,4.6667,0.0,0.0
71006,053,1,16,Bavli,0.2,0.0,0.4,0.6,0.4,0.0,0.0,5.0,3.8,0.0,0.0
71006,053,1,17,Bavli,0.0,0.0,0.25,1.0,1.0,0.0,0.0,4.0,3.75,0.0,0.0
71006,053,1,18,Bavli,0.0,0.0,0.3333,0.5,0.3333,0.0,0.0,6.0,4.8333,0.0,0.0
71006,053,1,20,Bavli,1.0,0.0,1.0,0.5,0.0,0.0,0.0,2.0,4.0,0.0,0.0
71006,053,1,23,Bavli,0.3333,0.0,0.3333,0.5,0.6667,0.0,0.0,3.0,4.0,0.0,0.0
71006,053,1,35,Bavli,0.5,0.0,0.5,0.5,0.0,0.0,0.0,2.0,5.0,0.0,0.0
71006,053,1,36,Bavli,0.25,0.0,0.75,1.0,0.5,0.0,0.0,4.0,4.5,0.0,0.0
71006,053,1,37,Bavli,0.0,0.0,0.5,0.5,1.0,0.0,0.0,2.0,4.0,0.0,0.0
71006,053,1,46,Bavli,0.0435,0.0,0.3478,0.4783,0.6957,0.0,0.0,23.0,4.1739,0.0,0.125
71006,053,1,47,Bavli,0.25,0.0,0.25,0.5,0.5,0.0,0.0,4.0,4.25,0.0,0.0
71006,053,1,48,Bavli,0.0,0.0,0.5,0.625,0.5,0.0,0.0,8.0,3.625,0.0,0.0
71006,053,1,49,Bavli,0.1875,0.125,0.3125,0.6875,0.6875,0.0,0.0,16.0,4.5,0.1818,0.1818
71006,053,2,01,Bavli,0.0,0.0,0.3333,0.3333,0.6667,0.0,0.0,6.0,3.6667,0.0,0.5
71006,053,2,02,Bavli,0.5,0.0,0.1667,1.0,0.6667,0.0,0.0,6.0,4.5,0.5,0.0
71006,053,2,12,Bavli,0.1818,0.0,0.6364,0.7273,0.5455,0.0,0.0,11.0,4.5455,0.1667,0.0
71006,053,2,13,Bavli,0.1429,0.0,0.2857,0.5714,0.5714,0.0,0.0,7.0,4.5714,0.0,0.0
71006,053,2,14,Bavli,0.0,0.0,0.2857,0.7143,0.5714,0.0,0.0,7.0,4.0,0.0,0.25
71006,053,2,15,Bavli,0.0588,0.0,0.3529,0.3529,0.3529,0.0,0.0,17.0,4.0588,0.0,0.3333
71006,053,2,17,Bavli,0.0,0.0,0.5,0.5,1.0,0.0,0.0,2.0,4.0,0.0,0.0
71006,053,2,18,Bavli,0.5,0.0,0.5,0.5,0.0,0.0,0.0,2.0,5.5,0.0,0.0
71006,053,2,19,Bavli,0.1667,0.0,0.1667,0.5,0.3333,0.0,0.0,6.0,3.3333,0.0,0.5
71006,053,2,20,Bavli,0.1,0.0,0.1,0.1,0.0,0.0,0.0,10.0,4.1,0.0,0.0
71006,053,2,22,Bavli,0.2222,0.0,0.1111,0.5556,0.6667,0.0,0.0,9.0,3.8889,0.1667,0.1667
71006,053,2,23,Bavli,0.2857,0.0,0.4286,0.8571,0.8571,0.0,0.0,7.0,3.4286,0.1667,0.1667
71006,053,2,24,Bavli,0.125,0.0,0.25,0.75,0.75,0.0,0.0,8.0,3.75,0.1667,0.1667
71006,053,2,25,Bavli,0.1429,0.0,0.0,0.1429,0.0,0.0,0.0,7.0,4.1429,0.0,0.0
71006,054,1,09,Bavli,0.0,0.0,0.25,1.0,0.5,0.0,0.0,4.0,3.25,0.0,0.0
71006,054,1,13,Bavli,0.25,0.0,0.25,0.75,0.5,0.0,0.0,4.0,4.75,0.0,0.0
71006,054,1,14,Bavli,0.3333,0.0,0.3333,0.5,0.0,0.0,0.0,3.0,3.6667,0.0,0.0
71006,054,1,20,Bavli,0.0,0.0,0.25,1.0,0.5,0.0,0.0,4.0,3.25,0.0,0.0
71006,054,1,21,Bavli,1.0,0.0,0.0,0.5,0.0,0.0,0.0,1.0,7.0,0.0,0.0
71006,054,1,23,Bavli,0.0,0.0,0.5,1.0,0.5,0.0,0.0,4.0,3.25,0.0,0.0
71006,054,1,25,Bavli,0.0,0.0,0.25,1.0,1.0,0.0,0.0,4.0,3.25,0.0,0.0
71006,054,1,41,Bavli,0.0,0.0,0.3333,0.5,0.6667,0.0,0.0,3.0,3.6667,0.0,0.0
71006,054,1,42,Bavli,0.2,0.2,0.4,0.4,0.0,0.0,0.5,5.0,4.6,0.0,0.0
71006,054,1,45,Bavli,0.3333,0.0,0.3333,0.5,0.6667,0.0,1.0,3.0,6.0,0.0,0.0
71006,055,1,01,Bavli,0.25,0.0,0.25,0.5,0.0,0.0,0.0,4.0,4.5,0.0,0.0
71006,055,1,12,Bavli,0.0,0.0,1.0,0.5,0.0,0.0,0.0,3.0,3.0,0.0,0.0
71006,055,1,13,Bavli,0.1429,0.0,0.2857,0.4286,0.2857,0.0,0.0,7.0,4.7143,0.0,0.0
71006,055,1,14,Bavli,0.125,0.125,0.375,0.5,0.25,0.0,0.0,8.0,3.75,0.0,0.5
71006,055,1,18,Bavli,0.125,0.0,0.5,0.5,0.25,0.0,0.0,8.0,4.125,0.0,0.0
71006,055,1,19,Bavli,0.0,0.0,1.5,0.5,1.0,0.0,0.0,2.0,4.0,0.0,0.0
71006,055,1,38,Bavli,0.5,0.0,0.5,0.5,0.0,0.0,0.0,2.0,5.5,0.0,0.0
71006,055,1,41,Bavli,0.4545,0.0,0.4545,0.6364,0.1818,0.0,0.1667,11.0,3.9091,0.5,0.0
71006,055,1,48,Bavli,0.0,0.0,0.8333,0.5,0.0,0.0,0.0,6.0,4.6667,0.0,0.0
71006,055,2,01,Bavli,0.0,0.0,0.2,0.6,0.6,0.0,0.0,5.0,4.0,0.0,0.3333
71006,055,2,02,Bavli,0.5,0.0,0.5,0.5,0.0,0.0,0.0,2.0,3.0,0.0,0.0
71006,055,2,03,Bavli,0.2,0.0,0.6,1.0,0.4,0.0,0.0,5.0,4.6,0.0,0.5
71006,055,2,04,Bavli,0.0,0.0,0.7778,0.6667,0.4444,0.0,0.0,9.0,4.4444,0.0,0.5
71006,055,2,05,Bavli,0.0,0.0,0.2,0.4,0.2,0.0,0.0,5.0,4.0,0.0,1.0
71006,055,2,14,Bavli,0.5,0.0,0.5,0.5,1.0,0.0,0.0,2.0,5.0,0.0,0.5
71006,055,2,15,Bavli,0.0,0.0,1.0,0.5,1.0,0.0,0.0,2.0,5.0,0.0,0.0
71006,055,2,18,Bavli,0.3333,0.1667,0.8333,1.0,0.6667,0.0,0.3333,6.0,5.1667,0.0,0.25
71006,055,2,19,Bavli,0.0,0.0,0.25,0.5,0.375,0.0,0.0,8.0,4.125,0.0,0.3333
71006,055,2,20,Bavli,0.0,0.0,0.0,0.5,1.3333,0.0,0.0,3.0,4.0,0.0,0.0
71006,056,2,02,Bavli,0.0,0.0,0.2,0.8,0.2,0.0,0.0,5.0,3.8,0.0,1.0
71006,056,2,03,Bavli,0.5,0.0,0.5,0.5,0.0,0.0,0.0,2.0,5.5,0.0,0.0
71006,056,2,09,Bavli,0.0,0.0,0.5556,0.6667,0.3333,0.0,0.0,9.0,4.2222,0.0,0.6667
71006,056,2,12,Bavli,0.0,0.0,0.5556,0.5556,0.3333,0.0,0.0,9.0,4.3333,0.0,0.3333
71006,056,2,13,Bavli,0.0,0.0,0.5,0.5,0.5,0.0,0.0,2.0,3.5,0.0,1.0
71006,056,2,14,Bavli,0.1,0.0,0.5,0.5,0.2,0.0,0.0,10.0,4.6,0.0,0.5
71006,056,2,15,Bavli,0.1,0.0,0.4,0.8,0.2,0.0,0.0,10.0,3.4,0.0,0.0
71006,056,2,16,Bavli,0.0,0.4,0.8,0.8,0.0,0.0,0.0,5.0,3.8,0.0,0.0
71006,056,2,17,Bavli,0.1667,0.1667,0.3333,1.0,0.6667,0.0,0.5,6.0,4.5,0.25,0.25
71006,056,2,20,Bavli,0.0,0.25,0.5,1.0,1.0,0.0,1.0,4.0,5.5,0.25,0.0
71006,056,2,21,Bavli,0.0,0.1111,0.7778,0.7778,0.2222,0.0,0.0,9.0,4.1111,0.0,0.5
71006,056,2,22,Bavli,0.5,0.0,0.0,0.75,0.0,0.0,0.0,4.0,4.5,0.0,0.0
71006,056,2,24,Bavli,0.0,0.0,0.75,0.75,0.5,0.0,0.0,4.0,4.5,0.0,0.5
71006,056,2,26,Bavli,0.0,0.4,0.4,0.4,0.0,0.0,0.0,5.0,4.2,0.0,0.0
71006,056,2,34,Bavli,0.1667,0.0,0.3333,0.6667,0.3333,0.0,0.0,6.0,3.6667,0.0,0.5
71006,057,1,01,Bavli,0.0,0.0,0.0,0.5,0.0,0.0,0.0,2.0,5.0,0.0,0.0
71006,057,1,05,Bavli,0.0,0.25,0.0,0.75,0.5,0.0,0.0,4.0,3.75,0.0,0.0
71006,057,1,08,Bavli,0.0,0.0,0.0,0.5,0.6667,0.0,0.0,3.0,5.3333,0.0,0.0
71006,057,1,09,Bavli,0.0,0.1667,0.3333,0.5,0.6667,0.0,0.0,6.0,4.6667,0.0,0.0
71006,057,1,10,Bavli,0.3333,0.0,0.0,0.5,0.6667,0.0,0.0,3.0,3.6667,0.0,0.0
71006,057,1,14,Bavli,0.0,0.0,0.5,0.5,1.0,0.0,0.0,2.0,6.0,0.0,0.0
71006,057,1,21,Bavli,0.0,0.0,0.3333,0.5,0.6667,0.0,0.0,3.0,4.6667,0.0,0.0
71006,057,1,24,Bavli,0.0,0.0,0.0,0.5,1.0,0.0,0.0,2.0,4.5,0.5,0.0
71006,057,1,25,Bavli,0.2857,0.0,0.2857,0.7143,0.2857,0.0,1.0,7.0,4.4286,0.0,0.5
71006,057,1,26,Bavli,0.5,0.0,0.6667,1.0,0.6667,0.0,0.3333,6.0,5.0,0.25,0.25
71006,057,1,27,Bavli,0.0,0.0,0.375,0.5,0.5,0.0,0.0,8.0,4.625,0.0,0.0
71006,057,1,34,Bavli,0.0,0.0,0.3333,0.5,0.6667,0.0,0.0,6.0,3.6667,0.0,0.0
71006,057,1,37,Bavli,0.2222,0.0,0.3333,0.6667,0.4444,0.0,1.0,9.0,3.6667,0.0,0.5
71006,057,1,38,Bavli,0.1,0.0,0.5,0.6,0.6,0.0,1.0,10.0,4.5,0.0,0.1667
71006,057,1,39,Bavli,0.0,0.0,0.3333,0.5,0.0,0.0,0.0,3.0,4.6667,0.0,0.0
71006,057,2,06,Bavli,0.0,0.125,0.25,0.5,0.5,0.0,0.0,8.0,3.875,0.0,0.25
71006,057,2,07,Bavli,0.0,0.0,0.4444,0.4444,0.8889,0.0,0.0,9.0,4.3333,0.0,0.0
71006,057,2,09,Bavli,0.25,0.0,0.5,1.0,0.0,0.0,1.0,4.0,3.5,0.0,0.0
71006,057,2,10,Bavli,0.0,0.1,0.5,0.6,1.0,0.0,0.0,10.0,4.2,0.0,0.4
71006,057,2,11,Bavli,0.0,0.2,0.0,0.8,0.8,0.0,0.0,5.0,3.2,0.0,0.0
71006,057,2,14,Bavli,0.0833,0.0,0.3333,0.5833,0.3333,0.0,1.0,12.0,4.25,0.0,0.0
71006,057,2,26,Bavli,0.0,0.0,0.4,0.4,0.4,0.0,0.0,5.0,5.2,0.0,0.0
71006,057,2,30,Bavli,0.0,0.0,0.0,0.5,1.0,0.0,0.0,2.0,4.5,0.0,0.0
71006,057,2,31,Bavli,0.0,0.0,0.3333,0.5,0.6667,0.0,0.0,3.0,5.3333,0.0,0.0
71006,057,2,32,Bavli,0.0,0.0,0.3333,0.5,0.6667,0.0,0.0,3.0,4.0,0.0,0.5
71006,057,2,34,Bavli,0.3333,0.0,0.3333,0.5,0.6667,0.0,0.0,3.0,5.3333,0.0,0.0
71006,057,2,35,Bavli,0.5,0.0,0.0,0.5,1.0,0.0,0.0,2.0,5.5,0.5,0.0
71006,058,1,10,Bavli,0.0,0.0,0.3333,0.5,0.6667,0.0,0.0,3.0,5.0,0.0,0.0
71006,058,1,19,Bavli,0.0,0.0,0.0,0.5,1.0,0.0,0.0,2.0,3.0,0.0,0.0
71006,058,1,20,Bavli,0.0,0.0,0.4444,0.5,0.4444,0.0,0.0,18.0,3.5556,0.0,0.5
71006,058,1,27,Bavli,0.0,0.0,0.5556,0.8889,0.4444,0.0,0.0,9.0,3.6667,0.0,0.0
71006,058,1,28,Bavli,0.0,0.0,0.3333,0.5,1.3333,0.0,0.0,3.0,4.3333,0.0,0.25
71006,058,1,29,Bavli,0.2,0.2,0.4,1.0,0.8,0.0,1.0,5.0,4.6,0.25,0.0
71006,058,1,30,Bavli,0.0,0.0,0.3333,0.5,0.6667,0.0,0.0,3.0,3.3333,0.0,0.5
71006,058,2,18,Bavli,0.0526,0.0,0.3684,0.6842,0.7368,0.0,0.0,19.0,4.2632,0.0714,0.1429
71006,058,2,19,Bavli,0.1111,0.0,0.2222,0.4444,0.4444,0.0,0.0,9.0,4.0,0.25,0.25
71006,058,2,20,Bavli,0.1538,0.0,0.4615,0.9231,0.3077,0.0,0.6667,13.0,4.0769,0.0,0.5
71006,058,2,22,Bavli,0.1111,0.0,0.1111,0.4444,0.4444,0.0,0.0,9.0,3.3333,0.25,0.0
71006,058,2,23,Bavli,0.0,0.0,0.0,0.5,0.6667,0.0,0.0,6.0,4.5,0.0,0.0
71006,058,2,28,Bavli,0.1176,0.0,0.2353,0.5882,0.4706,0.0,0.3333,17.0,4.4706,0.125,0.125
71006,058,2,29,Bavli,0.1667,0.0,0.1667,0.6667,0.5,0.0,0.0,6.0,4.0,0.0,0.0
71006,058,2,30,Bavli,0.1,0.0,0.1,0.7,0.8,0.0,0.0,10.0,3.9,0.125,0.0
71006,058,2,31,Bavli,0.0385,0.0,0.5385,0.6154,0.6154,0.0,0.0,26.0,3.8462,0.0,0.25
71006,059,1,01,Bavli,0.0,0.0,0.4286,0.7143,0.8571,0.0,0.0,7.0,4.2857,0.0,0.1667
71006,059,1,02,Bavli,0.1667,0.0,0.3333,0.6667,0.5,0.0,0.5,6.0,5.5,0.0,0.0
71006,059,1,03,Bavli,0.25,0.0,0.125,0.625,0.5,0.0,0.0,8.0,4.25,0.25,0.0
71006,059,1,04,Bavli,0.1667,0.0,0.3333,0.6667,1.0,0.0,0.0,6.0,4.5,0.0,0.0
71006,059,1,05,Bavli,0.2857,0.0,0.5714,0.7143,0.2857,0.0,0.3333,7.0,4.7143,0.5,0.0
71006,059,1,06,Bavli,0.125,0.0,0.125,0.5,0.75,0.0,0.0,8.0,4.125,0.0,0.0
71006,059,1,10,Bavli,0.0,0.0,0.3333,0.5,0.6667,0.0,0.0,3.0,6.6667,0.0,0.0
71006,059,1,11,Bavli,0.0714,0.0,0.4286,0.7143,0.6429,0.0,0.5,14.0,4.7857,0.0,0.1111
71006,059,1,12,Bavli,0.25,0.0,0.5,0.75,0.5,0.0,0.0,4.0,3.75,0.5,0.0
71006,059,1,13,Bavli,0.3333,0.0,0.3333,0.5,0.6667,0.0,0.0,3.0,3.3333,0.0,0.0
71006,059,1,23,Bavli,0.1667,0.0,0.5,0.6667,0.3333,0.0,0.0,6.0,4.6667,0.0,0.0
71006,059,1,30,Bavli,0.25,0.0,0.5,1.0,0.25,0.0,1.0,4.0,5.75,1.0,0.0
71006,059,1,32,Bavli,0.1667,0.0,0.0,0.1667,0.0,0.0,0.0,6.0,4.0,0.0,0.0
71006,059,1,33,Bavli,0.5,0.0,0.1667,1.0,0.6667,0.0,0.3333,6.0,4.5,0.5,0.0
71006,059,1,34,Bavli,1.0,0.0,1.0,0.5,0.0,0.0,0.0,1.0,6.0,0.0,0.0
71006,059,1,38,Bavli,0.0526,0.0,0.3158,0.6316,0.6316,0.0,0.0,19.0,4.2105,0.0833,0.0833
71006,059,1,39,Bavli,0.1818,0.0,0.0909,0.5455,0.3636,0.0,0.3333,11.0,5.1818,0.25,0.0
71006,059,1,40,Bavli,0.0,0.0,0.3333,0.5,1.3333,0.0,0.0,3.0,3.6667,0.0,0.0
71006,059,1,42,Bavli,0.0,0.0,0.6,1.0,0.8,0.0,0.0,5.0,4.0,0.0,0.25
71006,059,1,51,Bavli,0.75,0.0,0.75,0.75,0.5,0.0,0.3333,4.0,5.75,0.5,0.0
71006,059,2,02,Bavli,0.3333,0.0,0.6667,0.5,0.0,0.0,0.0,3.0,5.0,0.0,0.0
71006,060,1,10,Bavli,1.0,0.0,0.0,0.5,0.0,0.0,0.0,1.0,6.0,0.0,0.0
71006,060,1,11,Bavli,0.2857,0.0,0.4286,0.5714,0.5714,0.0,0.5,7.0,3.8571,0.0,0.0
71006,060,1,12,Bavli,0.0,0.2727,0.6364,0.3636,0.5455,0.0,0.0,11.0,4.7273,0.0,0.0
71006,060,1,14,Bavli,0.2,0.0,0.0,0.6,0.4,0.0,0.0,5.0,4.2,0.5,0.0
71006,060,2,05,Bavli,0.0,0.2,0.4,0.6,0.8,0.0,0.0,5.0,4.2,0.0,0.0
71006,060,2,06,Bavli,0.0,0.2,0.3,0.2,0.4,0.0,0.0,10.0,4.2,0.0,0.0
71006,060,2,07,Bavli,0.0,0.2222,0.2222,0.3333,0.2222,0.0,0.0,9.0,4.8889,0.0,0.0
71006,060,2,08,Bavli,0.0833,0.0833,0.1667,0.4167,0.5,0.0,0.0,12.0,3.6667,0.0,0.0
71006,060,2,09,Bavli,0.25,0.0,0.25,1.0,1.0,0.0,0.0,4.0,4.5,0.0,0.25
71006,060,2,22,Bavli,0.0,0.0,0.3333,0.5,0.6667,0.0,0.0,3.0,3.3333,0.0,0.0
71006,060,2,23,Bavli,0.0,0.0,1.0,0.5,1.0,0.0,0.0,2.0,5.0,0.0,0.0
71006,060,2,27,Bavli,0.3333,0.0,0.3333,0.5,0.0,0.0,0.0,3.0,3.0,0.0,0.0
71006,061,1,01,Bavli,0.0,0.0,0.0,0.5,0.6667,0.0,0.0,6.0,3.8333,0.0,0.0
71006,061,1,05,Bavli,0.0,0.0,0.0,0.25,0.5,0.0,0.0,4.0,5.5,0.0,0.0
71006,061,1,45,Bavli,0.2222,0.0,0.1111,0.8889,0.4444,0.0,0.5,9.0,4.2222,0.0,0.0
71006,061,2,04,Bavli,0.0,0.0,0.25,1.0,1.0,0.0,0.0,4.0,4.5,0.0,0.0
71006,061,2,11,Bavli,0.2,0.0,0.0,0.6,0.8,0.0,0.0,5.0,5.0,0.25,0.0
71006,061,2,12,Bavli,0.3333,0.0,0.3333,0.5,0.6667,0.0,0.0,3.0,3.6667,0.5,0.0
71006,062,1,01,Bavli,0.0,0.0,0.0,0.5,0.0,0.0,0.0,1.0,9.0,0.0,0.0
71006,062,1,08,Bavli,0.0,0.0,0.3333,0.5,0.0,0.0,0.0,3.0,3.0,0.0,0.0
71006,062,1,14,Bavli,0.0,0.0,0.3333,0.7778,0.6667,0.0,0.0,9.0,5.0,0.0,0.0
71006,062,2,05,Bavli,0.25,0.0,0.125,0.875,0.5,0.0,0.0,8.0,3.75,0.25,0.0
71006,062,2,06,Bavli,0.1667,0.0,0.1667,1.0,1.3333,0.0,0.0,6.0,5.1667,0.0,0.0
71006,062,2,07,Bavli,0.1,0.0,0.2,0.8,0.6,0.0,0.0,10.0,3.6,0.0,0.1667
71006,062,2,08,Bavli,0.0,0.1667,0.3333,0.5,0.0,0.0,0.0,6.0,3.3333,0.0,0.0
71006,062,2,09,Bavli,0.0,0.5,0.5,0.25,0.0,0.0,0.0,4.0,4.5,0.0,0.0
71006,062,2,14,Bavli,0.0,0.0,0.0,0.5,0.0,0.0,0.0,3.0,2.6667,0.0,0.0
71006,062,2,15,Bavli,0.2,0.0,0.2,1.0,1.2,0.0,0.0,5.0,5.2,0.0,0.0
71006,062,2,23,Bavli,0.1818,0.0,0.0909,0.8182,0.7273,0.0,0.0,11.0,4.1818,0.125,0.0
71006,062,2,24,Bavli,0.3333,0.0,0.1667,1.0,1.0,0.0,0.0,6.0,5.0,0.1667,0.0
71006,062,2,25,Bavli,0.0,0.0,0.1429,0.4286,0.2857,0.0,0.0,7.0,3.5714,0.0,0.0
71006,062,2,26,Bavli,0.0,0.0,0.5714,0.8571,0.0,0.0,0.0,7.0,3.4286,0.0,0.0
71006,062,2,31,Bavli,0.0,0.0,0.6,0.8,0.8,0.0,0.0,5.0,3.8,0.0,0.25
71006,062,2,41,Bavli,0.0,0.0,1.5,0.5,0.0,0.0,0.0,2.0,4.0,0.0,0.0
71006,063,1,14,Bavli,0.2,0.0,0.6,0.6,0.4,0.0,0.0,5.0,4.6,0.0,0.5
71006,063,1,16,Bavli,0.0,0.0,0.25,0.75,0.5,0.0,0.0,4.0,4.25,0.0,0.0
71006,063,1,17,Bavli,0.0,0.0,0.0667,0.4,0.5333,0.0,0.0,15.0,3.8,0.0,0.0
71006,063,2,14,Bavli,0.3333,0.0,0.8333,0.5,0.0,0.0,0.0,6.0,4.6667,0.0,0.0
71006,063,2,17,Bavli,0.0,0.0,0.0,1.0,0.5,0.0,0.0,4.0,3.25,0.0,0.0
71006,063,2,19,Bavli,0.0,0.0,0.6,0.6,0.0,0.0,0.0,5.0,3.6,0.0,0.0
71006,063,2,21,Bavli,0.0,0.0,0.5,0.5,2.0,0.0,0.0,2.0,4.5,0.0,0.0
71006,063,2,22,Bavli,0.0,0.0,0.4286,0.2857,0.1429,0.0,0.0,7.0,4.2857,0.0,1.0
71006,063,2,23,Bavli,0.0,0.0,0.4286,0.8571,0.8571,0.0,0.0,7.0,4.2857,0.0,0.0
71006,063,2,27,Bavli,0.0,0.0,1.0,0.5,0.6667,0.0,0.0,3.0,3.6667,0.0,0.0
71006,063,2,28,Bavli,0.5,0.0,0.5,0.5,0.0,0.0,0.0,2.0,4.0,0.0,0.0
71006,063,2,31,Bavli,0.0,0.0,0.25,0.5,1.0,0.0,0.0,4.0,5.0,0.0,0.25
71006,063,2,32,Bavli,0.0,0.0,0.6667,0.5,0.6667,0.0,0.0,6.0,4.3333,0.0,0.0
71006,063,2,33,Bavli,0.1,0.0,0.3,0.4,0.0,0.0,0.0,10.0,3.8,0.0,0.0
71006,063,2,34,Bavli,0.0,0.0,0.6667,0.5,0.6667,0.0,0.0,3.0,3.3333,0.0,0.0
71006,063,2,35,Bavli,0.1111,0.1111,0.2222,0.4444,0.2222,0.0,0.0,9.0,3.8889,0.5,0.0
71006,063,2,36,Bavli,0.0,0.2,0.2,0.8,0.8,0.0,1.0,5.0,4.2,0.0,0.0
71006,064,1,04,Bavli,0.5,0.0,0.5,0.5,1.0,0.0,0.0,2.0,5.5,0.0,0.5
71006,064,1,12,Bavli,0.1429,0.0,0.2857,0.5714,0.2857,0.0,0.0,7.0,4.1429,0.0,0.0
71006,064,1,13,Bavli,0.0,0.0,0.2857,0.8571,0.0,0.0,0.0,7.0,4.4286,0.0,0.0
71006,064,1,14,Bavli,0.0,0.0,0.3333,1.0,0.6667,0.0,0.0,6.0,3.0,0.0,0.0
71006,064,1,15,Bavli,0.0,0.0,0.2857,0.6429,0.2857,0.0,0.0,14.0,3.7143,0.0,0.0
71006,064,1,17,Bavli,0.0,0.0,0.4,1.0,0.4,0.0,0.0,5.0,4.6,0.0,0.0
71006,064,1,18,Bavli,0.0,0.0,0.1667,1.0,0.6667,0.0,0.0,6.0,3.3333,0.0,0.25
71006,064,1,21,Bavli,0.0769,0.0,0.5385,0.6923,0.3077,0.0,0.0,13.0,4.6923,0.0,0.0
71006,064,1,24,Bavli,0.0,0.0,0.1429,0.4286,0.5714,0.0,0.0,7.0,3.7143,0.0,0.0
71006,064,1,30,Bavli,0.0,0.0,0.3333,0.5556,0.4444,0.0,0.0,9.0,3.5556,0.0,0.25
71006,064,1,31,Bavli,0.0,0.0,0.2857,0.5714,0.8571,0.0,0.0,7.0,4.0,0.0,0.0
71006,064,1,36,Bavli,0.0,0.0,0.4444,0.6667,0.6667,0.0,0.0,9.0,5.1111,0.0,0.0
71006,064,2,02,Bavli,0.3333,0.1667,0.3333,0.6667,0.0,0.0,0.0,6.0,5.0,0.0,0.0
71006,064,2,03,Bavli,0.1,0.1,0.2,0.4,0.2,0.0,0.0,10.0,4.4,0.0,0.0
71006,064,2,04,Bavli,0.0,0.0,1.0,0.5,1.0,0.0,0.0,2.0,4.0,0.0,0.0
71006,064,2,05,Bavli,0.2,0.0,0.4,0.6,0.8,0.0,0.0,5.0,4.4,0.25,0.0
71006,064,2,06,Bavli,0.1667,0.0,0.3333,0.5,0.3333,0.0,0.0,6.0,4.1667,0.0,0.0
71006,064,2,15,Bavli,0.0,0.0,0.375,0.625,0.5,0.0,0.0,8.0,4.125,0.0,0.25
71006,064,2,16,Bavli,0.0,0.0,0.7143,0.8571,0.0,0.0,0.0,7.0,4.4286,0.0,0.0
71006,064,2,17,Bavli,0.0,0.0,0.5,0.5,0.1429,0.0,0.0,14.0,3.7143,0.0,0.0
71006,064,2,18,Bavli,0.2,0.2,0.2,0.6,0.0,0.0,0.0,5.0,4.8,0.0,0.0
71006,065,1,06,Bavli,0.2,0.0,0.4,0.8,0.4,0.0,0.0,5.0,4.0,0.5,0.0
71006,065,1,12,Bavli,0.0,0.0,0.7143,0.7143,0.5714,0.0,0.0,7.0,3.8571,0.0,0.0
71006,065,1,13,Bavli,0.0,0.0,0.0,0.2,0.4,0.0,0.0,5.0,4.2,0.0,0.0
71006,065,1,14,Bavli,0.1429,0.0,0.4286,0.8571,0.5714,0.0,0.0,7.0,4.2857,0.25,0.0
71006,065,1,16,Bavli,0.0,0.0,0.0,0.5,0.0,0.0,0.0,1.0,5.0,0.0,0.0
71006,065,1,17,Bavli,0.2222,0.0,0.2222,0.4444,0.4444,0.0,0.0,9.0,5.1111,0.25,0.25
71006,065,1,20,Bavli,0.0,0.0,0.0,0.2,0.0,0.0,0.0,5.0,4.6,0.0,0.0
71006,065,1,21,Bavli,0.0,0.0,0.3333,0.5,0.6667,0.0,0.0,3.0,5.6667,0.0,0.0
71006,065,1,22,Bavli,0.0,0.0,0.4167,0.5,0.3333,0.0,0.0,12.0,4.6667,0.0,0.25
71006,065,1,35,Bavli,0.0,0.0,0.0,0.5,1.0,0.0,0.0,2.0,6.0,0.0,0.0
71006,065,1,41,Bavli,0.0,0.0,0.6,0.6,0.8,0.0,0.0,5.0,6.4,0.0,0.0
71006,065,2,08,Bavli,0.2,0.0,0.2,0.6,0.0,0.0,0.0,5.0,4.4,0.0,0.0
71006,065,2,13,Bavli,0.0,0.0,0.5,0.5,1.0,0.0,0.0,2.0,6.0,0.0,0.0
71006,065,2,14,Bavli,0.0,0.0,0.2,0.6,0.4,0.0,0.0,5.0,3.6,0.0,0.0
71006,065,2,15,Bavli,0.0,0.0,1.0,0.5,2.0,0.0,0.0,1.0,6.0,0.0,0.0
71006,065,2,16,Bavli,0.0,0.0,0.25,0.75,0.5,0.0,0.0,4.0,4.75,0.5,0.0
71006,065,2,17,Bavli,0.0,0.0,0.4,0.6,0.4,0.0,0.0,5.0,3.2,0.0,0.0
71006,065,2,18,Bavli,0.0,0.0,0.3333,0.5,0.3333,0.0,0.0,6.0,4.1667,0.0,0.0
71006,065,2,20,Bavli,0.2,0.0,0.2,0.4,0.0,0.0,0.0,5.0,4.4,0.0,0.0
71006,066,1,03,Bavli,0.2,0.0,0.0,0.2,0.0,0.0,0.0,5.0,4.4,0.0,0.0
71006,066,1,04,Bavli,0.0,0.0,0.0,0.5,2.0,0.0,0.0,1.0,5.0,0.0,0.0
71006,066,1,07,Bavli,0.0,0.0,0.5,0.75,1.0,0.0,0.0,4.0,5.25,0.0,0.0
71006,066,1,16,Bavli,0.0,0.0,0.5556,0.8889,0.2222,0.0,1.0,9.0,3.6667,0.0,0.5
71006,066,1,17,Bavli,0.0,0.2,0.6,0.8,0.4,0.0,0.0,5.0,3.6,0.0,0.5
71006,066,1,18,Bavli,0.2,0.2,0.4,0.8,0.4,0.0,0.5,5.0,3.2,0.0,0.0
71006,066,1,20,Bavli,0.0,0.0,0.4286,0.7143,0.5714,0.0,0.0,7.0,4.2857,0.0,0.0
71006,066,1,22,Bavli,0.0,0.0,0.4286,0.4286,0.2857,0.0,0.0,7.0,3.5714,0.0,0.0
71006,066,1,23,Bavli,0.0,0.0,0.3333,0.5,0.6667,0.0,0.0,3.0,3.0,0.0,0.0
71006,066,1,24,Bavli,0.0,0.0,0.5556,0.6667,0.6667,0.0,0.0,9.0,4.4444,0.0,0.1667
71006,066,1,46,Bavli,0.0,0.0,0.1667,0.3333,0.3333,0.0,0.0,6.0,4.0,0.0,0.0
71006,066,2,39,Bavli,0.0833,0.0,0.4167,0.5,0.5,0.0,0.0,12.0,4.1667,0.0,0.1667
71006,066,2,45,Bavli,0.0,0.0,0.0,0.0,0.0,0.0,0.0,6.0,5.0,0.0,0.0
71006,067,1,23,Bavli,0.0,0.0,0.8333,0.8333,0.3333,0.0,0.0,6.0,3.5,0.0,0.5
71006,067,1,25,Bavli,0.0,0.0,1.0,0.5,2.0,0.0,0.0,1.0,8.0,0.0,0.0
71006,067,1,26,Bavli,0.25,0.0,0.25,0.75,0.5,0.0,0.0,4.0,4.75,0.0,0.0
71006,067,1,27,Bavli,0.1538,0.0,0.5385,0.6154,0.4615,0.0,0.0,13.0,4.9231,0.1667,0.3333
71006,067,1,28,Bavli,0.1667,0.1667,0.5,1.0,0.6667,0.0,0.5,6.0,4.3333,0.25,0.25
71006,067,2,03,Bavli,0.0,0.0,0.75,1.0,1.0,0.0,0.0,4.0,4.75,0.0,0.25
71006,068,1,31,Bavli,0.0,0.0,0.5,1.0,0.5,0.0,0.0,4.0,4.25,0.0,0.5
71006,068,2,03,Bavli,0.1429,0.0,0.4286,0.5714,0.2857,0.0,0.0,7.0,4.1429,0.0,0.5
71006,068,2,13,Bavli,0.0,0.0,1.0,0.5,0.0,0.0,0.0,2.0,5.0,0.0,0.0
71006,068,2,21,Bavli,0.125,0.0,0.25,0.75,0.75,0.0,0.0,8.0,5.5,0.1667,0.0
71006,068,2,37,Bavli,0.0,0.0,1.0,0.5,1.0,0.0,0.0,2.0,5.0,0.0,0.5
71006,068,2,39,Bavli,0.0,0.0,0.125,0.625,1.0,0.0,0.0,8.0,4.0,0.0,0.125
71006,068,2,40,Bavli,0.0,0.1333,0.4667,0.6,0.1333,0.0,0.0,15.0,3.8,0.0,0.0
71006,069,1,01,Bavli,0.2,0.0,0.6,1.0,0.8,0.0,0.0,5.0,4.2,0.25,0.25
71006,069,1,05,Bavli,0.0,0.0,0.5,1.0,0.5,0.0,0.0,4.0,4.5,0.0,0.5
71006,069,1,15,Bavli,0.0,0.0,0.4,0.4,0.4,0.0,0.0,5.0,4.8,0.0,0.0
71006,069,1,16,Bavli,0.0,0.3,0.6,0.9,0.6,0.0,0.0,10.0,4.4,0.0,0.3333
71006,069,1,19,Bavli,0.0,0.0,1.0,0.5,1.3333,0.0,0.0,3.0,4.3333,0.0,0.0
71006,069,1,20,Bavli,0.0,0.0,0.0,0.5,0.0,0.0,0.0,2.0,7.5,0.0,0.0
71006,069,1,24,Bavli,0.5,0.0,0.25,0.75,0.0,0.0,0.0,4.0,4.0,0.0,0.0
71006,069,1,25,Bavli,0.0,1.0,0.0,0.5,0.0,0.0,0.0,1.0,5.0,0.0,0.0
71006,069,1,27,Bavli,0.0,0.0,0.0,0.0,0.0,0.0,0.0,9.0,3.5556,0.0,0.0
71006,069,2,17,Bavli,0.2308,0.0,0.6923,0.7692,0.4615,0.0,0.0,13.0,5.1538,0.0,0.3333
71006,069,2,18,Bavli,0.25,0.0,0.625,0.875,0.5,0.0,0.5,8.0,5.875,0.0,0.25
71006,069,2,19,Bavli,0.3333,0.0,0.3333,0.7778,0.6667,0.0,0.3333,18.0,4.3889,0.1667,0.1667
71006,069,2,20,Bavli,0.25,0.0,0.75,0.75,0.5,0.0,0.0,4.0,4.25,0.0,0.5
71006,069,2,22,Bavli,0.2,0.0,0.3,0.7,0.6,0.0,0.0,10.0,3.8,0.0,0.3333
71006,069,2,23,Bavli,0.1429,0.0,0.4286,0.5714,0.2857,0.0,0.0,7.0,4.4286,0.0,0.0
71006,069,2,24,Bavli,0.25,0.0833,0.4167,0.9167,0.6667,0.0,0.0,12.0,4.25,0.375,0.125
71006,069,2,25,Bavli,0.2727,0.0909,0.3636,1.0,0.9091,0.0,0.25,11.0,4.7273,0.1,0.1
71006,069,2,26,Bavli,0.5,0.0,0.625,0.875,0.75,0.0,0.0,8.0,4.75,0.0,0.5
71006,069,2,27,Bavli,0.1818,0.0,0.2727,0.7273,0.7273,0.0,0.0,11.0,4.5455,0.25,0.0
71006,069,2,28,Bavli,0.0,0.0,0.0,0.5,2.0,0.0,0.0,1.0,5.0,0.0,0.0
71006,069,2,29,Bavli,0.5,0.0,0.1667,0.8333,0.6667,0.0,0.6667,6.0,5.6667,0.0,0.25
71006,069,2,30,Bavli,0.6,0.0,0.0,0.8,0.4,0.0,0.3333,5.0,5.0,0.5,0.0
71006,069,2,31,Bavli,0.0,0.0,0.4,1.0,1.0,0.0,0.0,5.0,5.2,0.0,0.2
71006,069,2,32,Bavli,0.2857,0.0,1.0,0.8571,0.5714,0.0,0.5,7.0,5.4286,0.0,0.25
71006,069,2,33,Bavli,0.0,0.0,0.5,1.0,0.5,0.0,0.0,4.0,5.25,0.5,0.0
71006,069,2,34,Bavli,0.5,0.0,0.0,0.5,1.0,0.0,0.0,2.0,5.5,0.0,0.0
71006,069,2,35,Bavli,0.0,0.0,0.125,0.25,0.25,0.0,0.0,8.0,3.625,0.0,0.0
71006,069,2,42,Bavli,0.25,0.0,0.5,0.875,0.75,0.0,0.0,8.0,5.0,0.3333,0.0
71006,069,2,44,Bavli,0.0,0.0,0.3333,0.5,0.6667,0.0,0.0,3.0,3.3333,0.0,0.0
71006,069,2,47,Bavli,0.0,0.0,0.2,0.8,0.4,0.0,0.0,5.0,4.8,0.0,0.0
71006,070,1,05,Bavli,0.25,0.0,1.5,1.0,1.0,0.0,0.0,4.0,6.25,0.0,0.25
71006,070,1,07,Bavli,0.5,0.0,0.5,0.5,1.0,0.0,0.0,2.0,5.5,0.5,0.0
71006,070,1,08,Bavli,0.0,0.0,0.5,0.5,1.0,0.0,0.0,2.0,6.5,0.0,0.0
71006,070,1,10,Bavli,0.0,0.0,1.0,0.5,1.0,0.0,0.0,2.0,4.5,0.0,0.0
71006,070,1,11,Bavli,1.0,0.0,2.0,0.5,0.0,0.0,0.0,1.0,6.0,0.0,0.0
71006,070,1,15,Bavli,0.7143,0.1429,0.1429,0.8571,0.0,0.0,0.3333,7.0,4.1429,0.0,0.0
71006,070,1,16,Bavli,0.8,0.0,0.2,1.0,0.0,0.0,0.25,5.0,4.4,0.0,0.0
71006,070,1,40,Bavli,0.0,0.0,0.5,0.5,0.0,0.0,0.0,2.0,3.0,0.0,0.0
71006,070,1,42,Bavli,0.1053,0.0,0.6316,0.4211,0.3158,0.0,0.0,19.0,4.1579,0.0,0.3333
71006,070,1,43,Bavli,0.125,0.0,0.25,0.625,0.25,0.0,0.0,8.0,3.625,0.0,0.5
71006,070,1,44,Bavli,0.25,0.0,0.25,0.25,0.0,0.0,0.0,4.0,5.25,0.0,0.0
71006,070,2,05,Bavli,0.0769,0.0,0.0769,0.5385,0.1538,0.0,1.0,13.0,4.3077,0.0,0.0
71006,070,2,06,Bavli,0.0,0.0,0.2,0.2,0.4,0.0,0.0,5.0,5.4,0.0,0.0
71006,070,2,07,Bavli,0.125,0.0,0.0625,0.1875,0.375,0.0,0.0,16.0,4.625,0.3333,0.0
71006,070,2,10,Bavli,0.0,0.0,0.3333,0.5,0.3333,0.0,0.0,6.0,4.3333,0.0,0.5
71006,070,2,11,Bavli,0.0,0.0,0.125,0.25,0.25,0.0,0.0,8.0,3.125,0.0,0.5
71006,070,2,16,Bavli,0.3333,0.0,0.6667,0.5,0.0,0.0,0.0,3.0,5.0,0.0,0.0
71006,070,2,18,Bavli,0.0,0.0,0.6,0.6,0.4,0.0,0.0,5.0,4.8,0.0,0.5
71006,070,2,19,Bavli,0.0,0.0,0.75,1.0,0.5,0.0,0.0,4.0,4.25,0.0,0.0
71006,070,2,21,Bavli,0.0588,0.0588,0.1765,0.5882,0.8235,0.0,0.0,17.0,4.2941,0.0,0.0
71006,070,2,22,Bavli,0.0,0.0,0.0,0.2,0.4,0.0,0.0,5.0,4.0,0.0,0.0
71006,070,2,23,Bavli,0.125,0.0,0.375,0.625,0.5,0.0,0.0,8.0,4.625,0.25,0.0
71006,070,2,24,Bavli,0.2,0.2,0.4,0.8,0.0,0.0,0.3333,5.0,4.4,0.0,0.0
71006,071,1,05,Bavli,0.0,0.0,0.25,0.5,0.25,0.0,0.0,8.0,4.0,0.0,0.5
71006,071,1,06,Bavli,0.0,0.0,0.2,0.6,0.8,0.0,0.0,5.0,3.6,0.0,0.25
71006,071,1,07,Bavli,0.0,0.0,0.4,0.4,0.4,0.0,0.0,5.0,4.8,0.0,0.5
71006,071,1,14,Bavli,0.0,0.0,0.2727,0.4545,0.4545,0.0,0.0,11.0,4.1818,0.0,0.4
71006,071,1,16,Bavli,0.3333,0.0,0.3333,0.5,0.6667,0.0,1.0,3.0,4.0,0.0,0.0
71006,071,1,19,Bavli,0.0,0.0,0.3636,0.5455,0.3636,0.0,0.0,11.0,4.0909,0.0,0.25
71006,071,1,20,Bavli,0.3333,0.0,0.3333,0.8333,1.0,0.0,0.5,6.0,5.1667,0.3333,0.0
71006,071,1,21,Bavli,0.0,0.0,0.0,0.3,0.2,0.0,0.0,10.0,4.3,0.0,0.0
71006,071,1,22,Bavli,0.0,0.0,0.0,0.5,0.3333,0.0,0.0,6.0,4.6667,0.0,0.0
71006,071,1,24,Bavli,0.0,0.0,0.5,0.5,0.0,0.0,0.0,2.0,3.0,0.0,0.0
71006,071,1,25,Bavli,0.0,0.0,0.2,0.4,0.4,0.0,0.0,5.0,2.6,0.0,0.0
71006,071,1,26,Bavli,0.0,0.0,0.0769,0.4615,0.3077,0.0,0.0,13.0,4.3846,0.25,0.0
71006,071,1,27,Bavli,0.0,0.2222,0.2222,0.5,0.2222,0.0,1.0,18.0,4.3889,0.25,0.0
71006,071,2,03,Bavli,0.0,0.0,0.2857,0.7143,0.8571,0.0,0.0,7.0,3.4286,0.0,0.0
71006,071,2,04,Bavli,0.3333,0.0,0.3333,0.5,0.6667,0.0,0.5,3.0,7.0,0.0,0.0
71006,071,2,05,Bavli,0.0,0.0,0.25,0.5,1.0,0.0,0.0,4.0,6.25,0.0,0.0
71006,071,2,06,Bavli,0.1429,0.0,0.2857,1.0,0.8571,0.0,0.0,7.0,3.8571,0.0,0.1667
71006,071,2,08,Bavli,0.0,0.1429,0.5714,0.7143,0.8571,0.0,0.5,7.0,5.1429,0.0,0.3333
71006,071,2,09,Bavli,0.2,0.2,0.6,0.8,0.4,0.0,0.3333,5.0,6.0,0.5,0.0
71006,071,2,10,Bavli,0.1111,0.2222,0.4444,0.6667,0.4444,0.0,0.0,9.0,3.8889,0.5,0.0
71006,071,2,20,Bavli,0.6667,0.0,0.0,0.5,0.6667,0.0,0.5,3.0,4.0,0.0,0.0
71006,071,2,26,Bavli,0.0,0.0,0.3333,0.5,0.0,0.0,0.0,3.0,2.6667,0.0,0.0
71006,071,2,27,Bavli,0.0,0.0,0.75,0.75,0.5,0.0,0.0,4.0,4.25,0.0,0.0
71006,071,2,29,Bavli,0.3333,0.0,0.0,0.5,1.3333,0.0,0.0,3.0,5.0,0.25,0.0
71006,071,2,30,Bavli,0.3333,0.0,0.0,0.5,0.6667,0.0,0.0,3.0,4.6667,0.0,0.0
71006,071,2,31,Bavli,0.25,0.0,0.75,1.0,0.5,0.0,0.0,4.0,4.5,0.0,0.0
71006,071,2,33,Bavli,0.0,0.0,1.0,0.5,0.0,0.0,0.0,2.0,3.5,0.0,0.0
71006,071,2,34,Bavli,0.2,0.0,0.6,0.8,0.4,0.0,0.0,5.0,5.0,0.0,0.0
71006,071,2,39,Bavli,0.2,0.0,0.6,1.0,0.8,0.0,0.0,5.0,3.6,0.0,0.25
71006,071,2,40,Bavli,0.2857,0.0,0.0,0.8571,0.5714,0.0,0.0,7.0,4.4286,0.25,0.0
71006,071,2,41,Bavli,0.2,0.0,0.6,0.8,0.8,0.0,0.0,5.0,4.8,0.25,0.0
71006,071,2,44,Bavli,0.0,0.0,0.5,0.75,0.25,0.0,0.0,4.0,3.5,0.0,0.0
71006,071,2,45,Bavli,0.3571,0.3571,0.2857,0.5714,0.0,0.0,0.2,14.0,4.4286,0.0,0.0
71006,071,2,53,Bavli,0.0909,0.0,0.2727,0.6364,0.3636,0.0,0.0,11.0,3.8182,0.25,0.0
71006,071,2,54,Bavli,0.3684,0.1053,0.2632,0.6316,0.4211,0.0,0.1111,19.0,4.4211,0.125,0.125
71006,072,1,02,Bavli,0.1176,0.0588,0.3529,0.5882,0.3529,0.0,0.0,17.0,4.1176,0.0,0.1667
71006,072,1,12,Bavli,0.4,0.4,0.2,0.8,0.0,0.0,0.25,5.0,4.2,0.0,0.0
71006,072,1,13,Bavli,0.1429,0.4286,0.5714,0.7143,0.2857,0.0,0.25,7.0,4.8571,0.0,0.5
71006,072,1,14,Bavli,0.25,0.0,0.25,0.75,0.5,0.0,0.0,4.0,4.0,0.0,0.0
71006,072,1,18,Bavli,0.2857,0.1429,0.2857,0.7143,0.5714,0.0,0.3333,7.0,4.8571,0.0,0.25
71006,072,1,19,Bavli,0.3571,0.1429,0.2143,0.5,0.2857,0.0,0.0,14.0,3.6429,0.25,0.0
71006,072,1,26,Bavli,0.2,0.0,0.2,1.0,0.8,0.0,0.0,5.0,5.6,0.25,0.0
71006,072,2,34,Bavli,0.0,0.0,0.0,0.5,2.0,0.0,0.0,1.0,5.0,0.0,0.0
71006,072,2,35,Bavli,0.25,0.0,0.625,0.75,0.125,0.0,0.0,8.0,3.625,0.0,1.0
71006,072,2,36,Bavli,0.2857,0.0,0.7143,0.8571,0.5714,0.0,0.0,7.0,4.5714,0.0,0.25
71006,072,2,37,Bavli,0.2,0.2,0.2,1.0,0.4,0.0,0.0,5.0,5.0,0.0,0.0
71006,072,2,40,Bavli,0.2857,0.0,0.8571,0.8571,0.5714,0.0,0.5,7.0,4.0,0.0,0.25
71006,072,2,41,Bavli,0.4,0.0,0.6,1.0,0.4,0.0,0.0,5.0,4.0,0.0,0.5
71006,072,2,43,Bavli,1.0,0.0,1.0,0.5,0.0,0.0,0.0,2.0,5.5,0.0,0.0
71006,072,2,45,Bavli,1.0,0.0,1.0,0.5,0.0,0.0,0.0,1.0,7.0,0.0,0.0
71006,072,2,46,Bavli,0.0,0.0,0.25,0.5,0.5,0.0,0.0,4.0,3.75,0.0,0.5
71006,072,2,50,Bavli,0.0,0.0,0.6667,0.5,0.6667,0.0,0.0,3.0,3.3333,0.0,0.5
71006,073,1,03,Bavli,0.0,0.0,0.4444,0.5556,0.1111,0.0,0.0,9.0,3.1111,0.0,1.0
71006,073,1,08,Bavli,0.0,0.0,0.3333,0.5,0.0,0.0,0.0,3.0,2.3333,0.0,0.0
71006,073,1,09,Bavli,0.0,0.0,0.5714,0.8571,0.5714,0.0,0.0,7.0,4.0,0.0,0.5
71006,073,1,12,Bavli,0.125,0.0,0.625,0.75,0.75,0.0,0.0,8.0,4.125,0.0,0.0
71006,073,1,26,Bavli,0.0,0.0714,0.5714,0.6429,0.4286,0.0,0.0,14.0,4.0,0.0,0.3333
71006,073,1,27,Bavli,0.1818,0.0,0.5455,0.5455,0.3636,0.0,0.0,11.0,4.0,0.0,0.25
71006,073,1,28,Bavli,0.0833,0.0,0.1667,0.3333,0.5,0.0,1.0,12.0,4.1667,0.0,0.0
71006,073,1,29,Bavli,0.1111,0.0,0.1111,0.3333,0.0,0.0,1.0,9.0,3.6667,0.0,0.0
71006,073,1,30,Bavli,0.0833,0.1667,0.25,0.5,0.3333,0.0,0.0,12.0,3.4167,0.0,0.25
71006,073,1,31,Bavli,0.0,0.0,0.0769,0.5385,0.7692,0.0,0.0,13.0,3.7692,0.0,0.0
71006,073,2,14,Bavli,0.0,0.25,0.25,1.0,0.5,0.0,0.0,4.0,3.0,0.5,0.0
71006,073,2,15,Bavli,0.0,0.25,0.25,1.0,0.5,0.0,0.0,4.0,3.0,0.5,0.0
71006,073,2,19,Bavli,0.0,0.0,0.5,0.75,1.0,0.0,0.0,4.0,5.25,0.0,0.25
71006,073,2,33,Bavli,0.0,0.0,0.2222,0.6667,0.4444,0.0,0.0,9.0,3.5556,0.0,0.25
71006,073,2,35,Bavli,0.0,0.0,1.0,0.5,1.0,0.0,0.0,2.0,4.5,0.0,0.5
71006,073,2,37,Bavli,0.0,0.0,1.5,0.5,0.0,0.0,0.0,2.0,6.0,0.0,0.0
71006,074,1,02,Bavli,0.0,0.0,0.8,0.8,0.6,0.0,0.0,5.0,5.0,0.0,0.3333
71006,074,1,03,Bavli,0.1667,0.0,0.5,0.6667,0.6667,0.0,0.0,6.0,5.0,0.0,0.25
71006,074,1,05,Bavli,0.0,0.0,1.0,1.0,1.0,0.0,0.0,4.0,4.75,0.0,0.5
71006,074,1,06,Bavli,0.0,0.0,0.125,0.25,0.5,0.0,0.0,8.0,3.25,0.0,0.25
71006,074,1,07,Bavli,0.0,0.0,0.2,0.4,0.8,0.0,0.0,5.0,5.0,0.0,0.25
71006,074,1,08,Bavli,0.1429,0.0,0.2857,0.4286,0.2857,0.0,0.0,7.0,5.0,0.0,0.0
71006,074,1,09,Bavli,0.0,0.0,0.625,0.875,0.5,0.0,0.0,8.0,3.875,0.0,0.5
71006,074,1,10,Bavli,0.1429,0.0,0.2857,0.7143,0.5714,0.0,0.0,7.0,3.5714,0.25,0.0
71006,074,1,11,Bavli,0.0,0.0455,0.3636,0.6364,0.2727,0.0,0.0,22.0,3.4545,0.0,0.1667
71006,074,1,12,Bavli,0.0,0.0,0.0,0.4,0.4,0.0,0.0,5.0,3.6,0.0,0.0
71006,074,1,19,Bavli,0.1667,0.0,0.3333,0.8333,1.0,0.0,0.0,6.0,4.6667,0.0,0.0
71006,074,1,22,Bavli,1.0,0.0,0.0,0.5,0.0,0.0,0.0,1.0,4.0,0.0,0.0
71006,074,1,25,Bavli,0.0,0.0,1.0,0.5,0.6667,0.0,0.0,3.0,5.6667,0.0,0.0
71006,074,1,26,Bavli,0.0,1.0,0.0,0.5,0.0,0.0,0.0,1.0,5.0,0.0,0.0
71006,074,1,31,Bavli,0.5,0.0,0.25,1.0,0.0,0.0,0.0,4.0,4.75,0.0,0.0
71006,074,1,32,Bavli,0.2727,0.0,0.3636,0.8182,0.5455,0.0,0.0,11.0,4.7273,0.1667,0.0
71006,074,1,33,Bavli,0.3333,0.0,0.6667,0.5,1.3333,0.0,0.0,3.0,5.3333,0.25,0.0
71006,074,1,34,Bavli,0.0909,0.0,0.2727,0.6364,0.3636,0.0,0.0,11.0,3.7273,0.0,0.0
71006,074,2,01,Bavli,0.0,0.0,0.75,1.0,0.5,0.0,0.0,4.0,3.25,0.0,0.0
71006,074,2,02,Bavli,0.0,0.0,0.125,0.375,0.25,0.0,0.0,8.0,3.0,0.0,0.0
71006,074,2,03,Bavli,0.5,0.0,0.0,0.5,1.0,0.0,0.0,2.0,5.0,0.5,0.0
71006,074,2,04,Bavli,0.5,0.0,1.0,0.5,1.0,0.0,0.0,2.0,6.0,0.5,0.0
71006,074,2,09,Bavli,0.0,0.0,0.3333,0.5,1.3333,0.0,0.0,3.0,5.0,0.0,0.0
71006,074,2,10,Bavli,0.1667,0.0,0.3333,1.0,1.0,0.0,0.0,6.0,4.1667,0.0,0.0
71006,074,2,11,Bavli,0.4,0.0,0.6,0.8,0.4,0.0,0.0,5.0,4.2,0.0,0.0
71006,074,2,12,Bavli,0.2222,0.0,0.2222,0.5556,0.4444,0.0,0.0,9.0,4.5556,0.0,0.25
71006,074,2,34,Bavli,0.1667,0.0,0.3333,0.8333,0.6667,0.0,0.0,6.0,4.0,0.25,0.0
71006,074,2,38,Bavli,0.0,0.0,0.4,0.4,0.2,0.0,0.0,5.0,3.8,0.0,1.0
71006,074,2,41,Bavli,0.5,0.0,0.5,0.5,0.0,0.0,0.0,2.0,4.0,0.0,0.0
71006,074,2,44,Bavli,0.1429,0.0,0.5714,0.8571,0.4286,0.0,0.0,7.0,4.2857,0.0,0.3333
71006,074,2,45,Bavli,0.0,0.0,1.0,0.5,0.0,0.0,0.0,1.0,6.0,0.0,0.0
71006,075,1,19,Bavli,0.3333,0.0,0.3333,0.5,0.0,0.0,0.0,3.0,4.6667,0.0,0.0
71006,075,1,20,Bavli,0.2,0.0,0.6,0.8,0.8,0.0,0.0,5.0,4.8,0.0,0.25
71006,075,1,22,Bavli,0.0417,0.0,0.5,0.4583,0.3333,0.0,0.0,24.0,3.8333,0.125,0.125
71006,075,1,23,Bavli,0.0625,0.0625,0.4375,0.625,0.5,0.0,0.5,16.0,3.6875,0.0,0.375
71006,075,1,25,Bavli,0.0,0.0,1.0,0.5,0.6667,0.0,0.0,3.0,3.3333,0.0,0.0
71006,075,2,03,Bavli,0.0,0.0,1.0,0.5,0.3333,0.0,0.0,3.0,3.3333,0.0,0.0
71006,075,2,04,Bavli,0.25,0.0,0.5,1.0,0.5,0.0,0.0,4.0,5.0,0.0,0.5
71006,075,2,22,Bavli,0.3333,0.0,0.5,0.75,0.5,0.0,0.0,12.0,5.0833,0.0,0.1667
71006,075,2,23,Bavli,0.2273,0.0455,0.4091,0.7273,0.4545,0.0,0.3333,22.0,4.1364,0.1,0.2
71006,075,2,24,Bavli,0.125,0.0417,0.25,0.6667,0.8333,0.0,0.25,24.0,3.9583,0.0,0.25
71006,075,2,25,Bavli,0.15,0.0,0.35,0.45,0.6,0.0,0.0,20.0,4.55,0.0833,0.1667
71006,075,2,26,Bavli,1.0,0.0,0.0,0.5,0.0,0.0,0.0,1.0,7.0,0.0,0.0
71006,075,2,28,Bavli,0.0,0.0,0.0,0.5,0.6667,0.0,0.0,3.0,4.3333,0.0,0.0
71006,075,2,35,Bavli,0.2,0.0,0.6,1.0,0.4,0.0,0.0,5.0,3.8,0.0,0.5
71006,075,2,36,Bavli,0.6667,0.0,0.3333,0.5,0.6667,0.0,0.5,3.0,4.3333,0.0,0.0
71006,076,1,27,Bavli,0.6667,0.0,0.6667,0.5,0.0,0.0,1.0,3.0,3.3333,0.0,0.0
71006,076,1,28,Bavli,0.125,0.0,0.3125,0.5625,0.5,0.0,1.0,16.0,3.9375,0.125,0.125
71006,076,1,30,Bavli,0.25,0.0,0.25,0.5,0.5,0.0,1.0,4.0,4.0,0.0,0.0
71006,076,1,39,Bavli,0.3,0.3,0.6,0.9,0.4,0.0,0.3333,10.0,4.2,0.25,0.25
71006,076,1,40,Bavli,0.2727,0.1818,0.0909,0.9091,0.3636,0.0,0.4,11.0,3.9091,0.0,0.0
71006,076,1,41,Bavli,0.2105,0.0,0.4737,0.7368,0.4211,0.0,0.4,19.0,4.2632,0.0,0.125
71006,076,1,43,Bavli,0.3333,0.1667,0.3333,1.0,0.6667,0.0,0.3333,6.0,4.3333,0.0,0.0
71006,076,1,44,Bavli,0.25,0.0,0.375,0.75,0.25,0.0,0.0,8.0,3.875,0.0,0.5
71006,076,1,45,Bavli,0.6,0.0,0.2,0.4,0.0,0.0,0.6667,5.0,5.6,0.0,0.0
71006,076,1,46,Bavli,0.4,0.0,0.4,0.8,0.2,0.0,0.25,10.0,4.2,0.0,0.5
71006,076,1,48,Bavli,0.0,0.0,0.0,0.5,0.5,0.0,0.0,4.0,4.0,0.0,0.0
71006,076,2,02,Bavli,0.3333,0.0,0.3333,0.5,0.0,0.0,0.0,3.0,4.6667,0.0,0.0
71006,076,2,04,Bavli,0.3333,0.0,0.6667,0.5,0.0,0.0,0.0,3.0,4.0,0.0,0.0
71006,076,2,10,Bavli,0.0,0.0,0.5,0.4,0.6,0.0,0.0,10.0,3.3,0.0,0.5
71006,076,2,11,Bavli,0.0,0.0,0.75,0.75,0.5,0.0,0.0,4.0,4.0,0.0,0.5
71006,076,2,17,Bavli,0.6667,0.0,0.3333,0.5,0.6667,0.0,0.5,3.0,5.3333,0.0,0.0
71006,076,2,22,Bavli,0.5714,0.0,0.4286,1.0,0.2857,0.0,0.25,7.0,4.1429,0.0,0.0
71006,076,2,29,Bavli,0.0,0.0,0.5,0.5,1.0,0.0,0.0,2.0,6.0,0.0,0.0
71006,076,2,30,Bavli,0.125,0.0,0.0,0.5,0.0,0.0,0.0,8.0,3.625,0.0,0.0
71006,076,2,31,Bavli,0.2857,0.0,0.2857,1.0,0.2857,0.0,0.0,7.0,3.8571,0.0,0.5
71006,077,1,27,Bavli,0.0,0.0,0.5,0.6,1.4,0.0,0.0,10.0,4.7,0.0,0.1429
71006,077,1,28,Bavli,0.0,0.0,0.2857,0.4286,0.1429,0.0,0.0,7.0,3.8571,0.0,1.0
71006,077,1,29,Bavli,0.1667,0.0,0.1667,0.5,0.6667,0.0,0.0,6.0,4.6667,0.0,0.25
71006,077,1,35,Bavli,0.1667,0.0,0.5,0.4167,0.6667,0.0,0.0,12.0,4.3333,0.0,0.5
71006,077,1,36,Bavli,0.1,0.0,0.7,0.8,1.0,0.0,0.0,10.0,4.1,0.0,0.3
71006,077,1,39,Bavli,0.0,0.0,0.4,1.0,1.2,0.0,0.0,5.0,4.0,0.0,0.1667
71006,077,1,43,Bavli,0.1538,0.0,0.8462,1.0,1.0769,0.0,0.3333,13.0,4.8462,0.0,0.2143
71006,077,1,46,Bavli,0.35,0.2,0.45,0.65,0.4,0.0,0.2727,20.0,4.6,0.25,0.125
71006,077,1,47,Bavli,0.0,0.0,0.5455,0.7273,1.0909,0.0,0.0,11.0,4.8182,0.0,0.0833
71006,077,1,51,Bavli,0.3333,0.0,0.6667,0.8333,0.0,0.0,0.0,6.0,5.6667,0.0,0.0
71006,077,1,55,Bavli,0.6667,0.0,1.0,0.5,0.0,0.0,0.0,3.0,6.3333,0.0,0.0
71006,077,1,62,Bavli,0.0,0.0,0.3333,0.5,0.3333,0.0,0.0,6.0,4.5,0.0,0.0
71006,077,2,03,Bavli,0.0,0.0,0.75,0.5,0.5,0.0,0.0,4.0,5.0,0.0,0.5
71006,077,2,16,Bavli,0.5,0.0,0.5,1.0,0.0,0.0,0.0,4.0,4.5,0.0,0.0
71006,077,2,17,Bavli,0.0,0.0,0.5,0.5,1.0,0.0,0.0,2.0,5.0,0.0,0.5
71006,077,2,18,Bavli,0.1429,0.0,0.4286,0.8571,0.2857,0.0,0.0,7.0,3.7143,0.0,0.0
71006,077,2,19,Bavli,0.0833,0.0,0.1667,0.3333,0.3333,0.0,0.0,12.0,3.8333,0.0,0.25
71006,077,2,20,Bavli,0.0769,0.0,0.3846,0.5385,0.4615,0.0,0.5,13.0,4.1538,0.0,0.3333
71006,077,2,21,Bavli,0.1667,0.0,0.5833,0.8333,0.75,0.0,1.0,12.0,4.5,0.1111,0.3333
71006,077,2,22,Bavli,0.0833,0.0,0.6667,0.5833,0.6667,0.0,0.5,12.0,4.0,0.0,0.375
71006,077,2,25,Bavli,0.0,0.0,0.75,0.75,1.0,0.0,0.0,12.0,4.75,0.0,0.0833
71006,077,2,26,Bavli,0.1111,0.0,0.0,0.3333,0.4444,0.0,0.0,9.0,3.7778,0.25,0.0
71006,077,2,27,Bavli,0.0833,0.0,0.3333,0.5833,0.5,0.0,0.0,12.0,4.0,0.0,0.1667
71006,077,2,28,Bavli,0.25,0.0,0.75,1.0,0.75,0.0,0.0,8.0,4.5,0.1667,0.1667
71006,077,2,35,Bavli,0.4,0.0,0.4,1.0,0.8,0.0,0.5,5.0,4.2,0.25,0.25
71006,077,2,36,Bavli,0.3333,0.0,0.3333,0.4444,0.0,0.0,0.0,9.0,3.7778,0.0,0.0
71006,077,2,38,Bavli,0.0,0.0,0.1111,0.1667,0.2222,0.0,0.0,18.0,4.5556,0.0,0.25
71006,077,2,41,Bavli,0.3333,0.0,0.0,0.5,0.0,0.0,0.0,3.0,4.3333,0.0,0.0
71006,078,1,09,Bavli,0.1111,0.0,0.3333,0.5556,0.3333,0.0,0.0,9.0,5.1111,0.3333,0.0
71006,078,1,10,Bavli,0.0,0.0,0.25,0.5,0.5,0.0,0.0,4.0,3.5,0.0,0.0
71006,078,1,11,Bavli,0.2727,0.0,0.3636,0.6364,0.3636,0.0,0.3333,11.0,4.6364,0.25,0.0
71006,078,1,12,Bavli,0.0,0.0,0.1818,0.4545,0.5455,0.0,0.0,11.0,4.7273,0.1667,0.0
71006,078,1,13,Bavli,0.3,0.0,0.6,0.7,0.4,0.0,0.6667,10.0,5.3,0.25,0.25
71006,078,1,14,Bavli,0.2857,0.0,0.4286,0.7143,0.5714,0.0,0.0,7.0,6.0,0.0,0.25
71006,078,1,15,Bavli,0.0909,0.0,0.1818,0.7273,0.7273,0.0,0.0,11.0,4.8182,0.0,0.0
71006,078,1,16,Bavli,0.2857,0.0,0.4286,0.8571,0.7143,0.0,0.25,14.0,3.7143,0.1,0.2
71006,078,1,17,Bavli,0.3571,0.0,0.9286,0.7857,0.8571,0.0,0.2,14.0,4.4286,0.25,0.0833
71006,078,1,18,Bavli,0.1667,0.0,0.5,0.75,0.6667,0.0,0.5,12.0,4.4167,0.0,0.25
71006,078,1,19,Bavli,0.1667,0.0,0.1667,0.6667,0.3333,0.0,0.0,6.0,3.5,0.0,0.5
71006,078,1,22,Bavli,0.2857,0.0,0.1429,0.4286,0.2857,0.0,0.0,7.0,4.2857,0.5,0.0
71006,078,1,23,Bavli,0.3333,0.3333,0.4,0.7333,0.1333,0.0,0.0,15.0,4.0,0.0,0.0
71006,078,1,25,Bavli,0.0968,0.0968,0.2258,0.4194,0.2581,0.0,0.0,31.0,4.3548,0.0,0.25
71006,078,1,26,Bavli,0.25,0.0,0.375,0.625,0.25,0.0,0.0,8.0,4.5,0.0,0.5
71006,078,1,27,Bavli,0.2667,0.0,0.1333,0.5333,0.5333,0.0,0.0,15.0,3.9333,0.125,0.125
71006,078,1,34,Bavli,0.1429,0.0,0.4286,0.7143,0.8571,0.0,0.0,7.0,4.8571,0.0,0.3333
71006,078,1,38,Bavli,0.0,0.0,0.3333,0.5,1.3333,0.0,0.0,3.0,4.0,0.0,0.25
71006,078,2,08,Bavli,0.1667,0.0,0.1667,0.3333,0.6667,0.0,0.0,6.0,4.5,0.0,0.25
71006,078,2,09,Bavli,0.1667,0.0,0.3333,0.3333,0.0,0.0,1.0,6.0,4.0,0.0,0.0
71006,078,2,10,Bavli,0.4,0.0,0.2,0.8,0.8,0.0,0.5,5.0,5.2,0.25,0.0
71006,078,2,15,Bavli,0.25,0.0,0.5,0.75,0.25,0.0,0.0,8.0,3.75,0.0,0.5
71006,078,2,17,Bavli,0.1429,0.0,0.1429,0.4286,0.2857,0.0,0.0,7.0,3.4286,0.5,0.0
71006,078,2,18,Bavli,0.2857,0.0,0.2857,0.8571,0.5714,0.0,0.5,7.0,4.2857,0.25,0.0
71006,078,2,19,Bavli,0.0,0.0,1.0,0.5,0.0,0.0,0.0,1.0,4.0,0.0,0.0
71006,078,2,20,Bavli,0.2,0.0,0.8,0.8,0.6,0.0,0.0,5.0,5.2,0.0,0.3333
71006,078,2,21,Bavli,0.375,0.0,0.5,0.75,0.0,0.0,0.25,8.0,4.875,0.0,0.0
71006,078,2,22,Bavli,0.0,0.0,0.6667,0.5,0.6667,0.0,0.0,3.0,4.6667,0.0,0.5
71006,078,2,23,Bavli,0.0,0.0,0.3333,0.1667,0.6667,0.0,0.0,6.0,5.0,0.0,0.25
71006,078,2,26,Bavli,0.2222,0.0,0.2222,0.5556,0.6667,0.0,1.0,9.0,5.1111,0.3333,0.1667
71006,078,2,27,Bavli,0.0,0.0,0.6,1.0,0.8,0.0,0.0,5.0,3.8,0.0,0.25
71006,078,2,28,Bavli,0.0,0.0,0.1429,0.7143,0.5714,0.0,0.0,7.0,4.5714,0.0,0.25
71006,078,2,29,Bavli,0.0,0.0,0.25,0.625,0.5,0.0,0.0,8.0,4.875,0.0,0.25
71006,078,2,30,Bavli,0.1667,0.0,0.6667,0.8333,0.6667,0.0,0.0,6.0,4.3333,0.25,0.25
71006,078,2,31,Bavli,0.25,0.0,0.5,1.0,1.0,0.0,0.0,4.0,5.75,0.25,0.0
71006,078,2,32,Bavli,0.0,0.0,0.8333,1.0,0.0,0.0,0.0,6.0,3.8333,0.0,0.0
71006,078,2,33,Bavli,0.0,0.0,0.0,0.5,2.0,0.0,0.0,1.0,4.0,0.0,0.0
71006,078,2,34,Bavli,0.1667,0.0,0.3333,1.0,0.3333,0.0,0.0,6.0,4.0,0.0,0.5
71006,078,2,35,Bavli,0.5,0.0,0.5,1.0,0.5,0.0,0.5,4.0,5.0,0.0,0.0
71006,078,2,36,Bavli,0.6,0.0,0.2,1.0,0.8,0.0,0.3333,5.0,4.6,0.25,0.0
71006,078,2,37,Bavli,0.1429,0.0,0.5714,0.8571,0.8571,0.0,1.0,7.0,4.2857,0.0,0.1667
71006,079,1,06,Bavli,0.0,0.0,0.0,0.1667,0.3333,0.0,0.0,6.0,4.6667,0.0,0.0
71006,079,1,09,Bavli,0.0,0.1667,0.6667,1.0,0.3333,0.0,0.0,6.0,3.6667,0.0,0.5
71006,079,1,10,Bavli,0.5,0.0,0.0,0.5,1.0,0.0,0.0,2.0,5.5,0.5,0.0
71006,079,2,07,Bavli,0.3333,0.0,0.6667,0.5,0.6667,0.0,1.0,3.0,5.0,0.5,0.0
71006,079,2,08,Bavli,0.5,0.0,0.3333,0.8333,0.3333,0.0,0.5,6.0,4.1667,0.0,0.0
71006,079,2,09,Bavli,0.1667,0.0,0.6667,1.0,0.3333,0.0,0.0,6.0,3.8333,0.0,0.5
71006,079,2,10,Bavli,0.4,0.0,0.2,0.6,0.4,0.0,1.0,5.0,3.8,0.0,0.0
71006,079,2,18,Bavli,0.5,0.0,0.5,1.0,0.5,0.0,0.5,4.0,4.0,0.5,0.0
71006,079,2,19,Bavli,0.25,0.0,0.25,0.75,1.0,0.0,1.0,4.0,5.0,0.0,0.25
71006,079,2,20,Bavli,0.3333,0.3333,0.6667,0.5,0.0,0.0,0.5,3.0,4.3333,0.0,0.0
71006,079,2,21,Bavli,0.1538,0.0,0.3846,0.6154,0.6154,0.0,1.0,13.0,4.2308,0.125,0.25
71006,079,2,25,Bavli,0.25,0.0,0.75,0.875,0.5,0.0,0.0,8.0,4.5,0.25,0.0
71006,079,2,29,Bavli,0.1111,0.1111,0.1111,0.6667,0.4444,0.0,0.0,9.0,5.3333,0.0,0.0
71006,079,2,30,Bavli,0.0,0.0,0.7143,0.8571,0.2857,0.0,0.0,7.0,4.0,0.0,0.0
71006,079,2,32,Bavli,0.0,0.3333,0.3333,0.5,0.6667,0.0,0.0,3.0,4.3333,0.0,0.0
71006,079,2,34,Bavli,0.2,0.2,0.2,0.6,0.0,0.0,0.0,5.0,4.4,0.0,0.0
71006,079,2,36,Bavli,0.1429,0.0,0.2857,0.7143,0.5714,0.0,0.0,7.0,3.7143,0.25,0.0
71006,079,2,37,Bavli,0.1,0.0,0.2,0.8,0.8,0.0,0.0,10.0,3.7,0.125,0.125
71006,079,2,38,Bavli,0.25,0.0,0.0,0.75,1.0,0.0,0.0,4.0,5.5,0.25,0.0
71006,080,1,13,Bavli,0.5,0.0,0.5,0.5,1.0,0.0,0.0,2.0,4.5,0.5,0.0
71006,080,1,14,Bavli,0.0,0.0,0.4,0.6,0.4,0.0,0.0,5.0,4.6,0.0,0.0
71006,080,1,25,Bavli,0.0,0.0,0.6667,0.7778,0.6667,0.0,0.0,9.0,4.2222,0.0,0.0
71006,080,1,26,Bavli,0.125,0.0,0.5,0.75,0.75,0.0,0.0,8.0,5.0,0.1667,0.0
71006,080,1,29,Bavli,0.0,0.0,0.0,0.5,1.0,0.0,0.0,2.0,5.5,0.0,0.0
71006,080,1,30,Bavli,0.0,0.0,0.0,0.5,2.0,0.0,0.0,1.0,6.0,0.0,0.0
71006,080,1,43,Bavli,0.3333,0.0,0.5,0.6667,0.3333,0.0,0.0,6.0,5.1667,0.0,0.0
71006,080,1,44,Bavli,0.0,0.0,0.3333,0.5,0.6667,0.0,0.0,3.0,6.6667,0.0,0.0
71006,080,1,45,Bavli,0.0,0.0,0.3,0.5,0.0,0.0,0.0,10.0,4.2,0.0,0.0
71006,080,1,46,Bavli,0.0,0.0,0.25,0.4375,0.375,0.0,0.0,16.0,3.5625,0.0,0.5
71006,080,2,01,Bavli,0.0,0.0,0.2857,0.4286,0.8571,0.0,0.0,7.0,4.2857,0.0,0.0
71006,080,2,02,Bavli,0.4,0.0,0.8,0.6,0.0,0.0,0.3333,5.0,7.0,0.0,0.0
71006,080,2,05,Bavli,0.0,0.0,0.6,0.8,0.8,0.0,0.0,5.0,4.6,0.0,0.25
71006,080,2,06,Bavli,0.4286,0.0,0.0,0.5714,0.0,0.0,0.25,7.0,4.7143,0.0,0.0
71006,080,2,10,Bavli,0.125,0.0,0.375,0.625,0.5,0.0,0.0,8.0,4.125,0.25,0.25
71006,080,2,12,Bavli,0.25,0.0,0.0,0.5,0.0,0.0,0.0,4.0,5.0,0.0,0.0
71006,080,2,13,Bavli,0.0714,0.2143,0.5,0.3571,0.2857,0.0,0.2,14.0,4.5,0.0,0.0
71006,080,2,14,Bavli,0.0,0.0,0.6,0.6,0.4,0.0,0.0,5.0,4.6,0.0,0.5
71006,080,2,15,Bavli,0.1875,0.1875,0.5,0.5,0.25,0.0,0.1429,16.0,4.375,0.5,0.0
71006,080,2,16,Bavli,0.3333,0.0,0.0,0.5,0.6667,0.0,0.0,3.0,4.3333,0.5,0.0
71006,080,2,19,Bavli,0.0,0.0,0.4,0.4,0.2,0.0,0.0,10.0,4.3,0.0,0.5
71006,080,2,20,Bavli,0.2308,0.0,0.3846,0.6154,0.3077,0.0,0.0,13.0,3.7692,0.5,0.0
71006,080,2,23,Bavli,0.5,0.0,0.5,0.5,0.0,0.0,0.0,2.0,5.5,0.0,0.0
71006,080,2,26,Bavli,0.6667,0.0,0.3333,0.5,0.0,0.0,0.0,3.0,5.3333,0.0,0.0
71006,080,2,27,Bavli,0.2857,0.1429,0.2857,1.0,0.8571,0.0,0.0,7.0,5.0,0.1667,0.0
71006,080,2,28,Bavli,0.1667,0.0,0.3333,1.0,0.3333,0.0,0.0,6.0,3.5,0.0,0.5
71006,080,2,30,Bavli,0.0,0.25,0.25,0.75,0.5,0.0,0.0,4.0,4.5,0.0,0.0
71006,080,2,31,Bavli,0.2222,0.1111,0.2222,0.8889,0.6667,0.0,0.0,9.0,4.0,0.1667,0.1667
71006,081,1,13,Bavli,0.1667,0.0,0.6667,0.8333,0.3333,0.0,0.0,6.0,4.0,0.5,0.0
71006,081,1,14,Bavli,0.5,0.0,0.0,0.5,1.0,0.0,0.0,2.0,5.5,0.5,0.0
71006,081,1,21,Bavli,0.0,0.0,0.25,0.625,0.5,0.0,0.0,8.0,4.5,0.0,0.0
71006,081,1,22,Bavli,0.0,0.0,0.0,0.5,0.6667,0.0,0.0,3.0,4.3333,0.0,0.0
71006,081,1,23,Bavli,0.1667,0.1667,0.3333,0.6667,0.3333,0.0,1.0,6.0,4.0,0.0,0.0
71006,081,1,26,Bavli,0.1429,0.0,0.5714,0.5714,0.5714,0.0,0.0,7.0,4.2857,0.0,0.25
71006,081,1,45,Bavli,0.2,0.0,0.0,0.4,0.4,0.0,0.0,5.0,3.8,0.0,0.0
71006,081,1,46,Bavli,0.0909,0.0909,0.2273,0.6818,0.7273,0.0,0.25,22.0,4.2727,0.0,0.0625
71006,081,1,47,Bavli,0.125,0.25,0.625,0.375,0.25,0.0,0.0,16.0,5.0,0.0,0.25
71006,081,1,48,Bavli,0.125,0.0,0.75,0.375,0.0,0.0,0.0,8.0,4.5,0.0,0.0
71006,081,2,01,Bavli,0.25,0.0,0.25,0.75,0.5,0.0,0.0,4.0,4.0,0.0,0.0
71006,081,2,03,Bavli,0.6667,0.3333,0.0,0.5,0.0,0.0,0.0,3.0,4.3333,0.0,0.0
71006,081,2,23,Bavli,0.5,0.5,0.0,0.5,0.0,0.0,0.5,2.0,4.0,0.0,0.0
71006,081,2,24,Bavli,0.2,0.2,0.4,0.6,0.0,0.0,0.0,5.0,4.8,0.0,0.0
71006,081,2,25,Bavli,0.0,0.0,0.0,0.5,0.0,0.0,0.0,1.0,5.0,0.0,0.0
71006,081,2,31,Bavli,0.25,0.25,0.5,1.0,0.0,0.0,0.0,4.0,4.25,0.0,0.0
71006,081,2,32,Bavli,0.4,0.0,0.8,0.8,0.4,0.0,0.0,5.0,4.4,0.0,0.0
71006,081,2,33,Bavli,0.1,0.1,0.3,0.6,0.2,0.0,0.0,10.0,5.4,0.0,0.5
71006,081,2,35,Bavli,0.5,0.0,0.0,0.5,0.0,0.0,0.0,2.0,5.5,0.0,0.0
71006,081,2,39,Bavli,0.0,0.0,0.1667,0.3333,0.3333,0.0,0.0,6.0,4.1667,0.0,0.0
71006,081,2,40,Bavli,0.375,0.0,0.0,0.875,0.875,0.0,0.25,8.0,5.25,0.2857,0.0
71006,081,2,41,Bavli,0.1,0.0,0.4,0.6,1.0,0.0,0.0,10.0,4.2,0.0,0.2
71006,081,2,42,Bavli,0.0,0.0,0.5,0.6667,0.6667,0.0,0.0,6.0,4.6667,0.0,0.25
71006,082,1,03,Bavli,0.0,0.0,0.0,0.5,0.0,0.0,0.0,3.0,3.6667,0.0,0.0
71006,082,1,04,Bavli,0.0,0.0,0.0,0.5,1.0,0.0,0.0,4.0,5.75,0.0,0.0
71006,082,1,10,Bavli,0.0,0.0,0.0,0.0,0.0,0.0,0.0,7.0,3.8571,0.0,0.0
71006,082,1,11,Bavli,0.2,0.0,0.2,0.4,0.0,0.0,0.0,5.0,5.4,0.0,0.0
71006,082,1,24,Bavli,0.6667,0.0,0.0,0.5,0.6667,0.0,0.5,3.0,4.3333,0.0,0.0
71006,082,2,01,Bavli,0.2222,0.0,0.6667,0.8889,0.0,0.0,0.0,9.0,3.7778,0.0,0.0
71006,082,2,02,Bavli,0.0,0.0,0.5714,0.5714,0.8571,0.0,0.0,7.0,3.7143,0.0,0.5
71006,082,2,03,Bavli,0.2857,0.0,0.7143,0.8571,0.5714,0.0,0.0,7.0,4.8571,0.0,0.5
71006,082,2,04,Bavli,0.125,0.0,0.375,0.875,1.0,0.0,0.0,8.0,4.125,0.125,0.25
71006,082,2,05,Bavli,0.2857,0.0,0.2857,0.7143,0.0,0.0,0.0,7.0,4.1429,0.0,0.0
71006,082,2,06,Bavli,0.0,0.0,0.5,0.6667,0.6667,0.0,0.0,6.0,4.3333,0.0,0.25
71006,082,2,07,Bavli,0.0,0.0,0.8333,0.6667,0.6667,0.0,0.0,6.0,5.3333,0.0,0.25
71006,082,2,08,Bavli,0.0,0.0,0.5,1.0,1.0,0.0,0.0,4.0,4.25,0.0,0.25
71006,082,2,09,Bavli,0.0,0.0,0.3333,0.5,0.3333,0.0,0.0,6.0,4.0,0.0,0.5
71006,082,2,10,Bavli,0.0,0.0,0.5294,0.5882,0.7059,0.0,0.0,17.0,4.2353,0.0,0.4167
71006,083,1,01,Bavli,0.0,0.25,0.25,0.75,0.5,0.0,0.0,4.0,3.75,0.0,0.5
71006,083,1,02,Bavli,1.0,0.0,0.0,0.5,0.0,0.0,1.0,1.0,5.0,0.0,0.0
71006,083,1,05,Bavli,0.0,0.1429,0.4286,0.8571,0.5714,0.0,0.0,7.0,4.0,0.0,0.25
71006,083,1,06,Bavli,0.0,0.1429,0.4286,0.8571,0.5714,0.0,0.0,7.0,4.0,0.0,0.25
71006,083,1,10,Bavli,0.0,0.0,0.6,1.0,0.8,0.0,0.0,5.0,4.2,0.0,0.0
71006,083,1,11,Bavli,0.0,0.1667,0.3333,0.5,0.3333,0.0,0.0,6.0,3.6667,0.0,0.5
71006,083,1,12,Bavli,0.0,0.1429,0.5714,1.0,0.2857,0.0,0.0,7.0,4.5714,0.0,0.0
71006,083,1,13,Bavli,0.1667,0.0833,0.25,0.4167,0.0,0.0,0.0,12.0,3.9167,0.0,0.0
71006,083,1,14,Bavli,0.0,0.3333,0.3333,0.5,0.0,0.0,0.0,3.0,4.3333,0.0,0.0
71006,083,1,15,Bavli,0.0,0.2857,0.7143,1.0,0.2857,0.0,0.0,7.0,5.2857,0.0,0.0
71006,083,1,16,Bavli,0.2143,0.1429,0.4286,0.5,0.2857,0.0,0.2,14.0,4.0714,0.0,0.0
71006,083,1,17,Bavli,0.375,0.0,0.25,0.75,0.25,0.0,0.3333,8.0,5.0,0.0,0.5
71006,083,1,18,Bavli,0.2222,0.0,0.2222,0.5556,0.2222,0.0,0.0,9.0,4.3333,0.5,0.0
71006,083,1,19,Bavli,0.0,0.1429,0.4286,0.8571,1.1429,0.0,0.0,7.0,5.7143,0.0,0.0
71006,083,1,20,Bavli,0.0833,0.1667,0.1667,0.5833,0.3333,0.0,0.0,12.0,3.8333,0.0,0.0
71006,083,1,22,Bavli,0.0,0.1538,0.3846,0.7692,0.4615,0.0,0.0,13.0,4.7692,0.0,0.0
71006,083,1,24,Bavli,0.0,0.0,0.5,0.6667,0.3333,0.0,0.0,6.0,5.3333,0.0,0.0
71006,083,1,35,Bavli,0.25,0.0,0.25,0.5,0.0,0.0,1.0,4.0,4.25,0.0,0.0
71006,083,1,36,Bavli,0.25,0.0,0.25,0.75,0.0,0.0,0.5,4.0,6.5,0.0,0.0
71006,083,1,37,Bavli,0.0,0.0,0.2857,0.5714,0.5714,0.0,0.0,7.0,4.1429,0.0,0.0
71006,083,1,38,Bavli,0.25,0.1875,0.125,0.3125,0.375,0.0,0.0,16.0,3.75,0.0,0.0
71006,083,1,39,Bavli,0.1,0.1,0.3,0.6,0.4,0.0,0.0,10.0,4.5,0.0,0.0
71006,083,2,04,Bavli,0.25,0.25,0.25,0.375,0.5,0.0,0.0,8.0,3.875,0.0,0.0
71006,083,2,13,Bavli,0.1111,0.1111,0.2222,0.5556,0.2222,0.0,0.0,9.0,4.1111,0.0,0.0
71006,083,2,20,Bavli,0.0,0.0,0.25,1.0,0.5,0.0,0.0,4.0,4.25,0.0,0.0
71006,083,2,22,Bavli,0.0,0.0,0.0,0.2,0.8,0.0,0.0,5.0,4.4,0.0,0.0
71006,083,2,25,Bavli,0.75,0.0,0.75,1.0,0.0,0.0,0.3333,4.0,5.25,0.0,0.0
71006,083,2,27,Bavli,0.1,0.0,0.1,0.5,0.6,0.0,0.0,10.0,4.3,0.1667,0.1667
71006,083,2,28,Bavli,0.1667,0.0,0.4167,0.6667,0.6667,0.0,0.0,12.0,4.75,0.125,0.25
71006,083,2,29,Bavli,0.25,0.0,0.125,0.375,0.25,0.0,1.0,8.0,4.25,0.5,0.0
71006,083,2,30,Bavli,0.1667,0.0,0.3333,0.8333,1.0,0.0,0.0,6.0,4.3333,0.0,0.3333
71006,083,2,31,Bavli,0.3,0.0,0.3,0.7,0.6,0.0,0.0,10.0,4.5,0.1667,0.3333
71006,083,2,32,Bavli,0.1064,0.0,0.2766,0.2553,0.383,0.0,0.4,47.0,3.6809,0.0,0.4444
71006,083,2,35,Bavli,0.2222,0.0,0.3333,0.6667,0.6667,0.0,0.0,9.0,3.1111,0.0,0.3333
71006,083,2,36,Bavli,0.2,0.0286,0.3714,0.6571,0.7429,0.0,0.0,35.0,4.1714,0.0769,0.2692
71006,084,1,01,Bavli,0.0,0.0,0.6667,0.5,0.6667,0.0,0.0,3.0,6.0,0.0,0.0
71006,084,1,03,Bavli,0.0,0.0,0.6667,1.0,1.3333,0.0,0.0,6.0,4.6667,0.0,0.25
71006,084,1,04,Bavli,0.1667,0.0,0.5,1.0,1.0,0.0,0.0,6.0,5.1667,0.0,0.1667
71006,084,1,05,Bavli,0.2857,0.0,0.4286,0.4286,0.2857,0.0,0.5,7.0,4.5714,0.0,0.0
71006,084,1,06,Bavli,0.25,0.125,0.625,1.0,0.75,0.0,0.3333,8.0,4.5,0.0,0.3333
71006,084,1,07,Bavli,0.0,0.0,1.0,0.5,2.0,0.0,0.0,1.0,6.0,0.0,0.0
71006,084,1,08,Bavli,0.1667,0.0,0.5,1.0,1.0,0.0,0.0,6.0,4.3333,0.0,0.3333
71006,084,1,09,Bavli,0.5714,0.0,0.4286,0.7143,0.5714,0.0,0.0,7.0,4.7143,0.25,0.0
71006,084,1,10,Bavli,0.5,0.1667,0.3333,0.8333,0.0,0.0,0.0,6.0,4.1667,0.0,0.0
71006,084,1,11,Bavli,0.6,0.0,0.6,0.8,0.4,0.0,0.0,5.0,4.6,0.0,0.5
71006,084,1,13,Bavli,0.3333,0.0,1.3333,0.5,1.3333,0.0,1.0,3.0,8.6667,0.0,0.25
71006,084,1,14,Bavli,0.3077,0.1538,0.3077,0.6154,0.4615,0.0,0.3333,13.0,5.7692,0.1667,0.0
71006,084,1,15,Bavli,0.3636,0.0909,0.4545,0.9091,0.3636,0.0,0.4,11.0,3.7273,0.25,0.0
71006,084,1,16,Bavli,0.0,0.0,0.4286,0.5714,0.5714,0.0,0.0,7.0,3.7143,0.0,0.25
71006,084,1,17,Bavli,0.3333,0.0,0.3333,0.6667,0.2222,0.0,0.0,9.0,4.3333,0.0,0.5
71006,084,1,18,Bavli,0.2,0.0,0.5,0.8,0.6,0.0,0.0,10.0,4.5,0.0,0.5
71006,084,1,19,Bavli,0.1818,0.1818,0.5455,0.8182,0.3636,0.0,0.0,11.0,4.3636,0.0,0.5
71006,084,1,20,Bavli,0.0,0.0,0.5,1.0,1.0,0.0,0.0,6.0,5.0,0.0,0.3333
71006,084,1,21,Bavli,0.1,0.0,0.3,0.8,0.6,0.0,0.0,10.0,4.6,0.0,0.3333
71006,084,1,22,Bavli,0.1667,0.0,0.6667,0.8333,0.6667,0.0,0.0,12.0,4.0,0.0,0.375
71006,084,1,23,Bavli,0.0,0.0,0.6667,0.5,0.6667,0.0,0.0,3.0,3.6667,0.0,0.5
71006,084,1,24,Bavli,0.375,0.0,0.6875,0.8125,0.5,0.0,0.0,16.0,4.625,0.0,0.25
71006,084,1,26,Bavli,0.25,0.0,0.5,1.0,1.0,0.0,0.0,8.0,5.5,0.125,0.125
71006,084,1,27,Bavli,0.6316,0.0,0.4737,0.7895,0.3158,0.0,0.6154,19.0,4.7368,0.1667,0.1667
71006,084,1,28,Bavli,0.0,0.0,1.0,0.5,0.0,0.0,0.0,1.0,7.0,0.0,0.0
71006,084,1,32,Bavli,0.0,0.0,0.3333,0.5,1.0,0.0,0.0,3.0,4.0,0.0,0.3333
71006,084,1,35,Bavli,0.1111,0.0,0.5556,0.7778,0.4444,0.0,0.0,9.0,4.6667,0.0,0.0
71006,084,1,36,Bavli,0.2,0.0,0.3333,0.6667,0.4,0.0,0.3333,15.0,5.0667,0.0,0.1667
71006,084,2,09,Bavli,1.0,0.0,0.0,0.5,0.0,0.0,0.0,1.0,7.0,0.0,0.0
71006,084,2,10,Bavli,0.0,0.5,0.0,0.5,0.0,0.0,0.0,2.0,4.0,0.0,0.0
71006,084,2,13,Bavli,0.0,0.0,0.6667,0.5,2.0,0.0,0.0,3.0,8.3333,0.0,0.0
71006,084,2,17,Bavli,0.4286,0.0,0.7143,0.8571,0.5714,0.0,0.3333,7.0,4.7143,0.0,0.25
71006,084,2,18,Bavli,0.2308,0.0,0.6923,1.0,0.4615,0.0,0.0,13.0,4.3077,0.0,0.3333
71006,084,2,19,Bavli,0.25,0.0,0.25,1.0,0.5,0.0,1.0,4.0,3.75,0.0,0.5
71006,084,2,27,Bavli,0.25,0.0,0.75,1.0,0.5,0.0,1.0,4.0,5.5,0.5,0.0
71006,084,2,28,Bavli,0.0,0.0,1.0,0.5,1.0,0.0,0.0,2.0,6.5,0.0,0.0
71006,084,2,29,Bavli,1.0,0.0,0.0,0.5,0.0,0.0,1.0,1.0,5.0,0.0,0.0
71006,084,2,30,Bavli,0.25,0.0,1.0,1.0,0.5,0.0,1.0,4.0,5.5,0.0,0.5
71006,084,2,31,Bavli,0.0,0.0,1.0,0.5,0.6667,0.0,0.0,3.0,6.0,0.0,0.0
71006,084,2,32,Bavli,0.0,0.0667,0.6667,0.6667,0.4,0.0,1.0,15.0,3.9333,0.0,0.1667
71006,084,2,33,Bavli,0.1429,0.0,0.6429,0.9286,0.6429,0.0,0.0,14.0,4.6429,0.1111,0.2222
71006,084,2,34,Bavli,0.0667,0.0,0.3333,0.6,0.5333,0.0,0.0,15.0,4.0667,0.125,0.25
71006,084,2,35,Bavli,0.125,0.0,0.375,0.5,0.25,0.0,0.0,8.0,4.5,0.0,0.5
71006,084,2,36,Bavli,0.0,0.0,0.1429,0.5714,0.8571,0.0,0.0,7.0,4.4286,0.0,0.0
71006,084,2,37,Bavli,0.2,0.0,0.4,0.4667,0.1333,0.0,0.0,15.0,4.2667,0.0,0.0
71006,084,2,39,Bavli,0.0,0.1,0.2,0.5,0.4,0.0,0.0,10.0,3.8,0.0,0.25
71006,084,2,40,Bavli,0.1111,0.1111,0.4444,0.8889,0.8889,0.0,0.0,9.0,3.8889,0.25,0.125
71006,084,2,41,Bavli,0.0,0.0,0.0,0.5,0.0,0.0,0.0,1.0,5.0,0.0,0.0
71006,084,2,42,Bavli,0.0,0.25,0.5,1.0,0.5,0.0,0.0,4.0,3.5,0.0,0.0
71006,084,2,43,Bavli,0.25,0.0,0.5,1.0,0.5,0.0,0.0,4.0,5.25,0.5,0.0
71006,085,1,01,Bavli,0.0,0.0,0.5,0.5,1.0,0.0,0.0,2.0,3.5,0.0,0.0
71006,085,1,02,Bavli,0.3333,0.0,0.0,0.5,0.6667,0.0,0.0,3.0,5.6667,0.0,0.0
71006,085,1,04,Bavli,0.25,0.0,0.75,0.5,0.0,0.0,0.0,4.0,6.25,0.0,0.0
71006,085,1,06,Bavli,0.2,0.0,0.6,0.4,0.0,0.0,0.0,5.0,5.0,0.0,0.0
71006,085,1,08,Bavli,0.1667,0.0,0.3333,1.0,1.0,0.0,0.0,6.0,4.8333,0.1667,0.0
71006,085,1,09,Bavli,0.1667,0.0,0.8333,0.8333,0.6667,0.0,0.0,6.0,5.0,0.0,0.0
71006,085,1,10,Bavli,0.4286,0.0,0.7143,0.7143,0.5714,0.0,0.0,7.0,5.0,0.25,0.0
71006,085,1,11,Bavli,0.1,0.0,0.5,0.8,0.6,0.0,0.0,10.0,4.3,0.0,0.1667
71006,085,1,13,Bavli,0.0,0.0,0.3333,0.5714,0.3333,0.0,0.0,21.0,4.0,0.0,0.1429
71006,085,1,16,Bavli,0.0,0.0,0.3,0.5,0.3,0.0,0.0,10.0,3.6,0.0,0.0
71006,085,1,25,Bavli,0.0,0.0,0.75,1.0,0.5,0.0,0.0,4.0,3.0,0.0,0.5
71006,085,1,26,Bavli,0.0,0.0,0.625,1.0,0.75,0.0,0.0,8.0,3.375,0.0,0.3333
71006,085,1,27,Bavli,0.0,0.0,0.5,0.5,2.0,0.0,0.0,2.0,4.5,0.0,0.25
71006,085,1,31,Bavli,0.5,0.0,0.5,0.5,1.0,0.0,1.0,2.0,5.0,0.0,0.5
71006,085,1,35,Bavli,0.0,0.0,0.2857,0.8571,0.5714,0.0,0.0,7.0,3.0,0.0,0.25
71006,085,1,39,Bavli,0.1667,0.0,0.5,0.5,0.0,0.0,0.5,6.0,5.1667,0.0,0.0
71006,085,1,41,Bavli,0.1429,0.1429,0.4286,1.0,0.2857,0.0,0.0,7.0,3.7143,0.0,0.5
71006,085,2,14,Bavli,0.1667,0.0,0.1667,0.8333,1.0,0.0,0.0,6.0,3.5,0.1667,0.0
71006,085,2,15,Bavli,0.4,0.2,1.0,0.8,0.2,0.0,0.0,5.0,5.0,0.0,1.0
71006,085,2,16,Bavli,0.3333,0.0,0.5,0.6667,0.1667,0.0,0.0,6.0,4.6667,0.0,1.0
71006,085,2,18,Bavli,0.0,0.0,0.5455,0.7273,1.0909,0.0,0.0,11.0,4.0909,0.0,0.25
71006,085,2,19,Bavli,0.0,0.0,0.2,0.6,0.4,0.0,0.0,5.0,3.8,0.0,0.0
71006,085,2,20,Bavli,0.1429,0.0,0.2857,0.7143,0.5714,0.0,0.0,7.0,4.5714,0.0,0.25
71006,085,2,21,Bavli,0.0714,0.0,0.2857,0.5,0.2143,0.0,0.0,14.0,3.6429,0.0,0.3333
71006,085,2,22,Bavli,0.6,0.4,0.0,1.0,0.0,0.0,0.0,5.0,5.0,0.0,0.0
71006,085,2,23,Bavli,0.6667,0.0,0.3333,0.5,0.0,0.0,0.5,3.0,4.0,0.0,0.0
71006,085,2,33,Bavli,0.0,0.0,0.3,0.4,0.4,0.0,0.0,10.0,3.9,0.0,0.0
71006,085,2,34,Bavli,0.0,0.0,0.25,0.5625,0.625,0.0,0.0,16.0,3.8125,0.0,0.2
71006,085,2,42,Bavli,0.0,0.0,0.2857,0.4286,0.2857,0.0,0.0,7.0,3.2857,0.0,0.5
71006,085,2,43,Bavli,0.0,0.0,0.0,0.5,2.0,0.0,0.0,1.0,7.0,0.0,0.0
71006,086,1,01,Bavli,0.0,0.25,0.5,0.5,0.0,0.0,0.0,4.0,3.25,0.0,0.0
71006,086,1,03,Bavli,0.0,0.25,0.5,0.5,0.0,0.0,0.0,4.0,3.5,0.0,0.0
71006,086,1,31,Bavli,0.25,0.0,0.5,1.0,0.5,0.0,0.0,8.0,4.25,0.25,0.25
71006,086,1,32,Bavli,0.1818,0.0,0.4545,0.7273,0.5455,0.0,0.5,11.0,4.0,0.1667,0.0
71006,086,1,33,Bavli,0.1667,0.0,0.5,0.5833,0.5833,0.0,0.0,12.0,4.5,0.0,0.2857
71006,086,1,34,Bavli,0.375,0.0625,0.625,0.8125,0.5,0.0,0.1429,16.0,3.8125,0.125,0.25
71006,086,1,35,Bavli,0.0769,0.0,0.6923,0.7692,0.3077,0.0,0.0,13.0,4.5385,0.25,0.0
71006,086,1,37,Bavli,0.0,0.0,0.0,0.5,2.0,0.0,0.0,1.0,3.0,0.0,0.0
71006,086,1,38,Bavli,0.6667,0.0,1.0,0.5,0.0,0.0,0.0,3.0,4.6667,0.0,0.0
71006,086,2,29,Bavli,0.0,0.0,0.0,0.5,0.6667,0.0,0.0,3.0,4.0,0.0,0.0
71006,086,2,53,Bavli,0.125,0.0,0.375,0.75,1.0,0.0,0.0,8.0,3.25,0.0,0.125
71006,087,1,01,Bavli,0.4286,0.2857,0.8571,0.8571,0.4286,0.0,0.0,7.0,4.8571,0.0,0.0
71006,087,1,02,Bavli,0.25,0.25,0.75,1.0,1.0,0.0,0.0,4.0,5.25,0.0,0.0
71006,087,1,03,Bavli,0.1111,0.0,0.3333,0.7778,1.3333,0.0,0.0,9.0,3.6667,0.0833,0.0833
71006,087,1,05,Bavli,0.2,0.0,0.4,0.7,0.8,0.0,0.0,10.0,3.8,0.0,0.125
71006,087,1,36,Bavli,0.0,0.0,0.3333,0.5,0.0,0.0,0.0,3.0,5.0,0.0,0.0
71006,087,1,37,Bavli,0.25,0.0,0.25,1.0,0.5,0.0,0.0,4.0,3.5,0.5,0.0
71006,087,1,44,Bavli,0.2609,0.0,0.2609,0.6957,0.7826,0.0,0.0,23.0,4.4348,0.1667,0.1667
71006,087,1,46,Bavli,0.0667,0.0,0.4,0.6667,0.6667,0.0,0.0,15.0,4.1333,0.0,0.4
71006,087,1,47,Bavli,0.1111,0.0556,0.5,0.7222,0.7778,0.0,0.0,18.0,4.0556,0.0,0.2143
71006,087,1,48,Bavli,0.2105,0.0526,0.3684,0.7895,0.5263,0.0,0.0,19.0,4.4211,0.0,0.3
71006,087,1,49,Bavli,0.0,0.0,0.4,0.7,0.8,0.0,0.0,10.0,4.1,0.0,0.25
71006,087,1,50,Bavli,0.1579,0.0,0.2105,0.8947,0.8947,0.0,0.3333,19.0,3.7368,0.1176,0.1765
71006,087,1,51,Bavli,0.2308,0.0,0.3077,0.8462,0.7692,0.0,0.0,13.0,4.3077,0.2,0.1
71006,087,2,01,Bavli,0.0,0.0,0.0,0.5,0.6667,0.0,0.0,3.0,3.3333,0.0,0.0
71006,087,2,02,Bavli,0.2308,0.0,0.4615,0.2308,0.7692,0.0,0.0,13.0,4.0,0.0,0.3
71006,087,2,03,Bavli,0.0,0.125,0.0,0.5,0.5,0.0,0.0,8.0,3.125,0.25,0.0
71006,087,2,04,Bavli,0.0,0.0,0.125,0.5,1.25,0.0,0.0,8.0,4.25,0.0,0.0
71006,087,2,05,Bavli,0.0,0.1667,0.5,1.0,0.3333,0.0,0.0,6.0,6.1667,0.0,0.5
71006,087,2,06,Bavli,0.0,0.0,0.0,0.5,0.6667,0.0,0.0,3.0,4.0,0.0,0.0
71006,087,2,08,Bavli,0.0,0.0,0.0,0.4,0.4,0.0,0.0,5.0,3.8,0.0,0.0
71006,087,2,09,Bavli,0.0,0.0,0.0,0.5,1.0,0.0,0.0,2.0,4.0,0.0,0.0
71006,087,2,11,Bavli,0.1429,0.0,0.2857,0.4286,0.5714,0.0,0.0,7.0,4.7143,0.0,0.0
71006,087,2,12,Bavli,0.3,0.0,0.7,0.9,1.0,0.0,0.3333,10.0,4.9,0.2,0.2
71006,087,2,13,Bavli,0.2222,0.0,0.3333,0.7778,0.8889,0.0,0.5,9.0,4.4444,0.25,0.25
71006,087,2,14,Bavli,0.1429,0.0,0.4286,0.8571,0.8571,0.0,0.0,7.0,5.8571,0.1667,0.1667
71006,087,2,34,Bavli,0.6,0.0,0.6,0.8,0.0,0.0,0.0,5.0,4.8,0.0,0.0
71006,087,2,37,Bavli,0.0,0.3333,0.0,0.5,0.0,0.0,0.0,3.0,3.0,0.0,0.0
71006,087,2,38,Bavli,0.0,0.0,0.25,0.75,1.0,0.0,0.0,4.0,4.75,0.0,0.25
71006,087,2,39,Bavli,0.125,0.0,0.25,0.625,1.0,0.0,0.0,8.0,4.875,0.125,0.0
71006,087,2,40,Bavli,0.0,0.0,0.2,0.8,1.6,0.0,0.0,5.0,4.2,0.0,0.125
71006,087,2,41,Bavli,0.25,0.0,0.5,1.0,0.0,0.0,0.0,4.0,4.5,0.0,0.0
71006,087,2,45,Bavli,0.0,0.0,0.3333,0.5,0.0,0.0,0.0,3.0,4.3333,0.0,0.0
71006,087,2,46,Bavli,0.5,0.0,0.0,0.75,0.5,0.0,0.0,4.0,4.5,0.5,0.0
71006,087,2,49,Bavli,0.087,0.0,0.1739,0.3478,0.3478,0.0,0.5,23.0,3.7391,0.0,0.125
71006,087,2,51,Bavli,0.0,0.0,0.2727,0.4545,0.7273,0.0,0.0,11.0,4.2727,0.0,0.125
71006,087,2,53,Bavli,0.3,0.0,0.7,0.8,0.4,0.0,0.0,10.0,4.0,0.25,0.25
71006,088,1,11,Bavli,0.0,0.1429,0.5714,0.5714,0.5714,0.0,0.0,7.0,3.2857,0.0,0.25
71006,088,1,12,Bavli,0.2,0.0,0.8,1.0,0.4,0.0,0.0,5.0,4.2,0.0,0.5
71006,088,1,19,Bavli,0.04,0.0,0.36,0.44,0.64,0.0,0.5,25.0,4.88,0.0,0.0625
71006,088,1,23,Bavli,0.0,0.0,0.6667,0.5,1.3333,0.0,0.0,3.0,3.6667,0.0,0.0
71006,088,1,32,Bavli,0.0,0.0,0.25,0.5,0.5,0.0,0.0,4.0,2.75,0.0,0.0
71006,088,1,33,Bavli,0.2,0.0,0.2,0.8,1.6,0.0,1.0,5.0,4.2,0.125,0.0
71012,002,1,14,Bavli,0.0,0.0,0.4,0.2,0.4,0.0,0.0,10.0,4.5,0.0,0.25
71012,002,1,16,Bavli,0.0,0.0,0.6667,0.5,0.6667,0.0,0.0,3.0,4.6667,0.0,0.5
71012,002,1,17,Bavli,0.0,0.0,0.5,0.5,1.0,0.0,0.0,2.0,4.0,0.0,0.0
71012,002,1,20,Bavli,0.0,0.0,0.5,0.3333,0.6667,0.0,0.0,6.0,5.5,0.0,0.25
71012,002,1,21,Bavli,0.25,0.0,1.0,1.0,0.0,0.0,0.0,4.0,3.25,0.0,0.0
71012,002,1,27,Bavli,0.0,0.2857,0.5714,0.7143,0.0,0.0,0.0,7.0,3.5714,0.0,0.0
71012,002,2,09,Bavli,0.25,0.0,0.0,0.25,0.0,0.0,0.0,4.0,4.5,0.0,0.0
71012,002,2,10,Bavli,0.0,0.0769,0.2308,0.3077,0.0,0.0,0.5,13.0,3.4615,0.0,0.0
71012,002,2,11,Bavli,0.0,0.0,0.5556,0.4444,0.4444,0.0,0.0,9.0,3.8889,0.25,0.25
71012,002,2,20,Bavli,0.25,0.0,0.25,1.0,0.5,0.0,1.0,4.0,6.5,0.5,0.0
71012,002,2,23,Bavli,0.0,0.0,0.2,0.4,1.2,0.0,0.0,5.0,4.8,0.0,0.0
71012,002,2,24,Bavli,0.0,0.0,0.3333,0.5,1.3333,0.0,0.0,3.0,4.3333,0.0,0.0
71012,003,1,04,Bavli,0.0,0.1429,0.5714,0.5714,0.5714,0.0,1.0,7.0,4.0,0.0,0.0
71012,003,1,05,Bavli,0.0,0.0,0.1429,0.4286,0.5714,0.0,0.0,7.0,5.0,0.0,0.0
71012,003,1,08,Bavli,0.0,0.0,0.6667,0.5,0.0,0.0,0.0,3.0,3.0,0.0,0.0
71012,003,1,11,Bavli,0.0,0.0,0.75,1.0,1.0,0.0,0.0,4.0,5.5,0.0,0.25
71012,003,1,12,Bavli,0.25,0.0,0.5,0.875,0.5,0.0,0.5,8.0,3.625,0.0,0.0
71012,003,1,13,Bavli,0.1667,0.0,0.5,0.5,0.0,0.0,0.0,6.0,5.5,0.0,0.0
71012,003,1,14,Bavli,0.125,0.0,0.375,0.5,0.25,0.0,1.0,8.0,5.0,0.0,0.5
71012,003,1,15,Bavli,0.0,0.0,1.0,0.8,0.8,0.0,0.0,5.0,5.6,0.0,0.0
71012,003,1,16,Bavli,0.2,0.0,0.4,1.0,1.2,0.0,1.0,5.0,5.0,0.1667,0.1667
71012,003,1,17,Bavli,0.3333,0.0,0.5,0.8333,0.6667,0.0,1.0,6.0,5.3333,0.25,0.0
71012,003,1,18,Bavli,0.3333,0.0,0.6667,1.0,1.3333,0.0,0.0,6.0,5.8333,0.125,0.0
71012,003,1,19,Bavli,1.0,0.0,0.75,1.0,0.0,0.0,0.25,4.0,6.25,0.0,0.0
71012,003,1,26,Bavli,0.0,0.0,0.4,0.6,0.4,0.0,0.0,5.0,4.6,0.0,0.5
71012,003,1,27,Bavli,0.0,0.0,0.2,0.3,0.2,0.0,0.0,10.0,3.7,0.0,0.0
71012,003,1,28,Bavli,0.0,0.0,0.2857,0.8571,1.1429,0.0,0.0,7.0,4.5714,0.0,0.0
71012,003,1,29,Bavli,0.1667,0.0,0.6667,0.6667,0.3333,0.0,0.0,6.0,5.0,0.0,0.0
71012,003,1,30,Bavli,0.0,0.0,0.0,0.5,1.0,0.0,0.0,2.0,5.0,0.0,0.0
71012,003,1,32,Bavli,0.0,0.0,0.4,0.5,0.4,0.0,0.0,10.0,4.5,0.0,0.25
71012,003,1,43,Bavli,0.25,0.125,0.125,0.625,0.25,0.0,0.0,8.0,3.75,0.5,0.0
71012,003,2,26,Bavli,0.0,0.0,0.6667,0.5,0.6667,0.0,0.0,3.0,5.0,0.0,0.5
71012,003,2,44,Bavli,0.0,0.0,0.0,0.5,1.0,0.0,0.0,2.0,4.0,0.0,0.0
71012,003,2,45,Bavli,0.0,0.0,0.6,0.8,0.4,0.0,0.0,5.0,3.2,0.0,0.5
71012,003,2,46,Bavli,0.0667,0.0667,0.4667,0.6667,0.1333,0.0,0.0,15.0,3.6667,0.0,0.5
71012,003,2,47,Bavli,0.0,0.0,0.3333,0.5,0.3333,0.0,0.0,6.0,3.8333,0.0,0.5
71012,003,2,48,Bavli,0.0,0.1667,0.0,0.5,0.6667,0.0,0.0,6.0,5.8333,0.25,0.0
71012,003,2,49,Bavli,0.0476,0.0,0.2381,0.3333,0.2857,0.0,0.0,21.0,4.2381,0.0,0.3333
71012,004,1,02,Bavli,0.2,0.0,0.8,0.8,0.4,0.0,0.0,5.0,3.2,0.0,0.5
71012,004,1,04,Bavli,0.0,0.0,0.6667,0.5,0.6667,0.0,0.0,3.0,2.6667,0.0,0.0
71012,004,1,05,Bavli,0.0,0.0,0.2857,0.7143,1.4286,0.0,0.0,7.0,3.5714,0.0,0.2
71012,004,1,06,Bavli,0.1429,0.0,0.8571,1.0,0.5714,0.0,0.0,7.0,4.1429,0.0,0.25
71012,004,1,07,Bavli,0.0,0.0,0.3333,0.5,1.3333,0.0,0.0,3.0,4.0,0.0,0.25
71012,004,1,11,Bavli,0.1429,0.0,0.4286,0.5714,0.0,0.0,0.0,7.0,3.4286,0.0,0.0
71012,004,1,12,Bavli,0.0,0.0,0.5,0.5,0.0,0.0,0.0,2.0,4.0,0.0,0.0
71012,004,1,13,Bavli,0.25,0.0,0.0,1.0,1.5,0.0,0.0,4.0,5.5,0.1667,0.0
71012,004,1,14,Bavli,0.0,0.0,0.0,0.25,0.25,0.0,0.0,4.0,4.5,0.0,0.0
71012,004,1,17,Bavli,0.0,0.0,0.0,0.5,0.0,0.0,0.0,2.0,7.5,0.0,0.0
71012,004,1,19,Bavli,0.0,0.0,0.2857,0.4286,0.2857,0.0,0.0,7.0,4.2857,0.0,0.0
71012,004,1,20,Bavli,0.4,0.0,0.4,1.0,0.8,0.0,0.0,5.0,5.0,0.25,0.0
71012,004,1,21,Bavli,1.0,0.0,0.0,0.5,0.0,0.0,0.0,1.0,6.0,0.0,0.0
71012,004,1,25,Bavli,0.0,0.0,0.25,0.25,0.0,0.0,0.0,4.0,5.0,0.0,0.0
71012,004,1,26,Bavli,0.3333,0.0,0.6667,1.0,0.3333,0.0,0.0,6.0,5.6667,0.0,0.5
71012,004,1,27,Bavli,0.2,0.0,1.0,0.8,0.4,0.0,0.0,5.0,4.8,0.0,0.0
71012,004,1,31,Bavli,0.0,0.0,0.3333,0.5,0.6667,0.0,0.0,3.0,5.3333,0.0,0.0
71012,004,1,32,Bavli,0.0,0.0,0.5,0.75,0.0,0.0,0.0,4.0,3.5,0.0,0.0
71012,004,1,36,Bavli,0.0,0.0,0.25,0.75,1.0,0.0,0.0,4.0,3.25,0.0,0.0
71012,004,1,37,Bavli,0.125,0.0,0.125,0.625,0.5,0.0,0.0,8.0,5.125,0.0,0.0
71012,004,1,38,Bavli,0.0,0.0,0.2857,0.4286,0.1429,0.0,0.0,14.0,4.3571,0.0,0.5
71012,004,1,41,Bavli,0.0,0.0,0.75,0.5,1.0,0.0,0.0,4.0,4.75,0.0,0.25
71012,004,2,01,Bavli,1.0,0.0,0.0,0.5,0.0,0.0,1.0,1.0,6.0,0.0,0.0
71012,004,2,07,Bavli,0.0,0.0,0.4286,0.4286,0.2857,0.0,0.0,7.0,3.7143,0.0,0.5
71012,004,2,17,Bavli,0.2857,0.0,0.2857,0.8571,0.5714,0.0,0.0,7.0,3.0,0.0,0.25
71012,004,2,21,Bavli,0.2857,0.0,0.2857,0.8571,0.5714,0.0,0.0,7.0,3.0,0.0,0.25
71012,004,2,23,Bavli,0.0,0.0,0.3333,0.5,0.0,0.0,0.0,3.0,3.0,0.0,0.0
71012,004,2,24,Bavli,0.25,0.0,0.25,1.0,1.0,0.0,0.0,4.0,3.25,0.0,0.25
71012,004,2,27,Bavli,0.1429,0.0,0.2857,0.7143,0.5714,0.0,0.0,7.0,3.1429,0.0,0.25
71012,004,2,29,Bavli,0.125,0.125,0.375,0.625,0.5,0.0,0.0,8.0,4.375,0.0,0.0
71012,004,2,30,Bavli,0.0833,0.0,0.6667,0.6667,0.5,0.0,0.0,12.0,4.3333,0.0,0.3333
71012,004,2,31,Bavli,0.25,0.0,0.5,0.8333,0.5,0.0,0.0,12.0,4.0,0.0,0.3333
71012,004,2,32,Bavli,0.1538,0.0,0.2308,0.6923,0.6154,0.0,0.0,13.0,3.5385,0.0,0.125
71012,004,2,37,Bavli,0.0833,0.1667,0.3333,0.8333,0.1667,0.0,0.0,12.0,4.0,0.0,0.0
71012,004,2,38,Bavli,0.1667,0.0833,0.3333,0.6667,0.6667,0.0,0.0,12.0,3.9167,0.0,0.25
71012,004,2,39,Bavli,0.1667,0.0,0.25,0.6667,0.8333,0.0,1.0,12.0,4.0833,0.1,0.2
71012,004,2,40,Bavli,0.1429,0.0,0.4286,1.0,0.8571,0.0,1.0,7.0,4.5714,0.0,0.1667
71012,004,2,41,Bavli,0.0,0.0,0.5,1.0,0.75,0.0,0.0,8.0,4.0,0.0,0.3333
71012,005,1,01,Bavli,0.4375,0.0,0.4375,0.9375,0.75,0.0,0.0,16.0,5.0,0.1667,0.25
71012,005,1,02,Bavli,0.5,0.0,0.5,1.0,1.0,0.0,0.0,4.0,5.75,0.25,0.0
71012,005,1,03,Bavli,0.25,0.0,0.75,1.0,0.75,0.0,0.0,4.0,4.25,0.0,0.3333
71012,005,1,04,Bavli,0.0,0.0,0.0,0.5,0.0,0.0,0.0,1.0,4.0,0.0,0.0
71012,005,1,06,Bavli,0.125,0.0,0.875,0.875,0.75,0.0,0.0,8.0,3.625,0.0,0.5
71012,005,1,07,Bavli,0.0,0.0,0.4,0.8,0.8,0.0,0.0,5.0,5.4,0.0,0.25
71012,005,1,08,Bavli,0.2857,0.0,0.4286,1.0,0.2857,0.0,0.5,7.0,4.5714,0.0,0.5
71012,005,1,09,Bavli,0.2857,0.0,0.5714,0.8571,0.8571,0.0,0.0,7.0,5.4286,0.3333,0.1667
71012,005,1,11,Bavli,0.0,0.0,0.4,0.6,0.4,0.0,0.0,5.0,3.0,0.0,0.5
71012,005,1,12,Bavli,0.5,0.0,0.0,0.5,1.0,0.0,0.0,2.0,3.5,0.0,0.0
71012,005,1,14,Bavli,0.1667,0.1667,0.3333,0.8333,0.6667,0.0,0.0,6.0,4.0,0.0,0.0
71012,005,1,15,Bavli,0.3333,0.0,0.8333,1.0,0.6667,0.0,0.0,6.0,4.8333,0.0,0.25
71012,005,1,16,Bavli,0.125,0.0,0.625,0.875,1.0,0.0,1.0,8.0,4.0,0.0,0.25
71012,005,1,17,Bavli,0.1,0.1,0.6,0.8,0.4,0.0,0.5,10.0,3.8,0.0,0.5
71012,005,1,18,Bavli,0.0,0.0,0.5556,0.7778,0.8889,0.0,0.0,9.0,3.8889,0.0,0.25
71012,005,1,19,Bavli,0.0,0.0,0.375,0.5,0.25,0.0,0.0,8.0,4.25,0.0,0.0
71012,005,1,20,Bavli,0.4,0.0,0.6,0.8,0.4,0.0,0.0,5.0,7.0,0.0,0.5
71012,005,1,21,Bavli,0.0,0.1429,0.5714,1.0,0.8571,0.0,0.0,7.0,4.1429,0.0,0.1667
71012,005,1,22,Bavli,0.0,0.2,0.4,0.4,0.0,0.0,0.0,5.0,4.6,0.0,0.0
71012,005,1,23,Bavli,0.0,0.0,0.1667,0.3333,0.6667,0.0,0.0,6.0,4.6667,0.0,0.25
71012,005,1,42,Bavli,0.0,0.0,0.6,0.8,0.4,0.0,0.0,5.0,3.2,0.0,0.0
71012,005,1,43,Bavli,0.4286,0.0,1.0,1.0,0.2857,0.0,0.0,7.0,4.7143,0.0,0.5
71012,005,1,44,Bavli,0.0,0.0,0.5,0.6667,0.6667,0.0,0.0,6.0,3.5,0.0,0.5
71012,005,1,45,Bavli,0.0,0.1429,0.5714,0.7143,0.8571,0.0,0.0,7.0,4.5714,0.0,0.3333
71012,005,1,46,Bavli,0.0,0.0,0.1429,0.2857,0.2857,0.0,0.0,7.0,4.0,0.0,0.0
71012,005,1,47,Bavli,0.3333,0.0,0.6667,0.5,0.0,0.0,0.0,3.0,3.6667,0.0,0.0
71012,005,1,48,Bavli,0.2222,0.1111,0.4444,0.7778,0.4444,0.0,0.0,9.0,3.4444,0.25,0.25
71012,005,1,49,Bavli,0.0,0.0,1.0,0.5,0.6667,0.0,0.0,3.0,4.0,0.0,0.5
71012,005,1,51,Bavli,0.3333,0.0,0.6667,0.5,0.6667,0.0,0.0,3.0,5.3333,0.5,0.0
71012,005,1,52,Bavli,0.4,0.0,0.6,0.8,0.4,0.0,0.5,5.0,4.4,0.5,0.0
71012,005,1,53,Bavli,0.5,0.3333,0.6667,0.8333,0.0,0.0,0.6,6.0,5.1667,0.0,0.0
71012,005,2,01,Bavli,0.5,0.0,0.0,0.5,0.0,0.0,0.0,2.0,2.0,0.0,0.0
71012,005,2,02,Bavli,0.0,0.0,0.1667,0.3333,0.1667,0.0,0.0,6.0,4.3333,0.0,0.0
71012,005,2,03,Bavli,0.0,0.0,0.375,1.0,0.875,0.0,0.0,8.0,4.0,0.0,0.2857
71012,005,2,04,Bavli,0.2857,0.1429,0.5714,0.8571,0.2857,0.0,0.0,7.0,4.1429,0.0,0.0
71012,005,2,05,Bavli,0.25,0.125,0.375,0.875,0.5,0.0,0.0,8.0,4.25,0.0,0.25
71012,005,2,12,Bavli,0.0,0.25,0.0,0.5,0.5,0.0,0.0,8.0,3.375,0.25,0.0
71012,005,2,13,Bavli,0.3333,0.0,0.5,0.8333,0.5,0.0,0.25,12.0,4.1667,0.1667,0.3333
71012,005,2,14,Bavli,0.0,0.0,0.4762,0.2381,0.4762,0.0,0.0,21.0,3.9048,0.0,0.5
71012,005,2,15,Bavli,0.0,0.0,1.3333,0.5,0.6667,0.0,0.0,3.0,4.0,0.0,0.5
71012,005,2,16,Bavli,0.0909,0.0,0.5455,0.5455,0.5455,0.0,0.0,11.0,3.8182,0.0,0.5
71012,005,2,17,Bavli,0.1667,0.0,0.25,0.75,1.0,0.0,0.0,12.0,4.5,0.0833,0.0833
71012,005,2,18,Bavli,0.125,0.0,0.4375,0.875,0.5,0.0,0.5,16.0,3.9375,0.125,0.25
71012,005,2,20,Bavli,0.1538,0.1538,0.2308,0.6923,0.6154,0.0,0.0,13.0,3.4615,0.0,0.125
71012,005,2,21,Bavli,0.0,0.0,1.3333,0.5,0.6667,0.0,0.0,3.0,3.6667,0.0,0.0
71012,005,2,23,Bavli,0.1429,0.0,0.2857,0.6429,0.2857,0.0,0.0,14.0,4.0714,0.0,0.0
71012,005,2,24,Bavli,0.1579,0.0526,0.3158,0.5263,0.4211,0.0,0.0,19.0,4.2105,0.25,0.125
71012,005,2,25,Bavli,0.0,0.2857,0.8571,0.4286,0.0,0.0,0.0,7.0,4.1429,0.0,0.0
71012,005,2,28,Bavli,0.0,0.0,0.5,0.5,0.0,0.0,0.0,6.0,3.1667,0.0,0.0
71012,005,2,29,Bavli,0.5455,0.0909,0.5455,0.6364,0.0,0.0,0.8571,11.0,3.6364,0.0,0.0
71012,005,2,30,Bavli,0.0,0.0,0.0,0.25,0.5,0.0,0.0,4.0,4.0,0.0,0.0
71012,005,2,31,Bavli,0.0,0.0,0.5,0.5,0.5,0.0,0.0,4.0,4.5,0.0,0.0
71012,005,2,36,Bavli,0.0,0.0,0.25,0.75,1.5,0.0,0.0,4.0,3.75,0.0,0.0
71012,005,2,37,Bavli,0.2222,0.1111,0.2778,0.5556,0.3333,0.0,0.0,18.0,4.2222,0.3333,0.1667
71012,005,2,38,Bavli,0.25,0.0,0.1875,0.875,0.75,0.0,0.0,16.0,4.5625,0.0,0.1667
71012,005,2,39,Bavli,0.1053,0.0,0.3158,0.6316,0.4737,0.0,0.5,19.0,4.2105,0.1111,0.2222
71012,005,2,40,Bavli,0.1429,0.0,0.5,1.0,1.0,0.0,0.5,14.0,4.7857,0.0714,0.2143
71012,005,2,41,Bavli,0.125,0.0,0.375,0.875,0.75,0.0,0.0,8.0,4.125,0.0,0.3333
71012,005,2,42,Bavli,0.1053,0.0526,0.4211,0.5263,0.4211,0.0,0.3333,19.0,4.0,0.125,0.25
71012,005,2,43,Bavli,0.1111,0.1111,0.4444,0.8333,0.5556,0.0,0.0,18.0,3.1667,0.1,0.3
71012,005,2,45,Bavli,0.3125,0.1875,0.25,0.6875,0.375,0.0,0.125,16.0,3.6875,0.0,0.0
71012,005,2,46,Bavli,0.2812,0.0938,0.3125,0.7188,0.6875,0.0,0.0833,32.0,4.1562,0.0909,0.0909
71012,005,2,47,Bavli,0.0,0.0,0.5,0.6667,0.6667,0.0,0.0,6.0,4.8333,0.0,0.0
71012,006,1,01,Bavli,0.0,0.0,0.5556,0.6667,0.4444,0.0,0.0,9.0,3.4444,0.0,0.25
71012,006,1,02,Bavli,0.3333,0.0,0.0,0.6667,1.0,0.0,0.0,6.0,5.3333,0.0,0.0
71012,006,1,03,Bavli,0.0,0.0,0.1667,0.25,0.1667,0.0,0.0,12.0,3.9167,0.0,0.0
71012,006,1,04,Bavli,0.0,0.2,0.2,0.8,0.0,0.0,0.0,5.0,3.4,0.0,0.0
71012,006,1,07,Bavli,0.0,0.0,0.25,0.25,0.0,0.0,0.0,4.0,4.5,0.0,0.0
71012,006,1,08,Bavli,0.1111,0.0,0.4444,0.3333,0.4444,0.0,0.0,9.0,3.6667,0.0,0.25
71012,006,1,09,Bavli,0.2,0.0,0.2,0.7,0.6,0.0,0.0,10.0,3.5,0.0,0.1667
71012,006,1,10,Bavli,0.3333,0.0,0.1667,0.6667,0.3333,0.0,0.0,6.0,4.5,0.0,0.0
71012,006,1,11,Bavli,0.25,0.0,1.25,0.75,0.5,0.0,0.0,4.0,4.75,0.0,0.5
71012,006,1,12,Bavli,1.0,0.0,1.0,0.5,0.0,0.0,0.0,1.0,7.0,0.0,0.0
71012,006,1,18,Bavli,0.25,0.0,0.0,0.5,0.0,0.0,0.0,4.0,6.0,0.0,0.0
71012,006,1,19,Bavli,0.0,0.0,0.3333,0.8333,0.3333,0.0,0.0,6.0,4.6667,0.0,0.5
71012,006,1,20,Bavli,0.1429,0.0,0.1429,0.4286,0.0,0.0,0.0,7.0,5.0,0.0,0.0
71012,006,1,32,Bavli,0.0,0.25,0.0,0.25,0.0,0.0,0.0,4.0,3.75,0.0,0.0
71012,006,1,33,Bavli,0.0,0.0,0.1667,0.5,0.6667,0.0,0.0,6.0,5.0,0.0,0.0
71012,006,1,35,Bavli,0.2,0.0,0.2,0.8,0.4,0.0,0.0,5.0,4.4,0.0,0.0
71012,006,1,36,Bavli,0.0,0.0,0.4,0.4,0.8,0.0,0.0,5.0,4.6,0.0,0.25
71012,006,1,47,Bavli,0.1667,0.0,0.0,0.1667,0.0,0.0,0.0,6.0,5.1667,0.0,0.0
71012,006,1,48,Bavli,0.0,0.0,0.1667,0.3333,0.3333,0.0,0.0,6.0,5.0,0.0,0.5
71012,006,1,49,Bavli,0.0,0.0,0.0,0.5,0.6667,0.0,0.0,3.0,4.3333,0.0,0.0
71012,006,1,52,Bavli,0.0,0.0,0.6667,0.5,0.6667,0.0,0.0,3.0,5.3333,0.0,0.0
71012,006,2,03,Bavli,0.2,0.0,0.8,0.8,0.4,0.0,0.0,5.0,4.0,0.5,0.0
71012,006,2,04,Bavli,0.0,0.0,0.0,0.0,0.0,0.0,0.0,6.0,4.5,0.0,0.0
71012,006,2,05,Bavli,0.0,0.0,0.1429,0.8571,0.5714,0.0,0.0,7.0,4.1429,0.0,0.0
71012,006,2,06,Bavli,0.0,0.0,0.2,0.4,0.4,0.0,0.0,5.0,4.8,0.0,0.0
71012,006,2,24,Bavli,0.25,0.0,0.25,0.5,0.0,0.0,0.0,4.0,4.0,0.0,0.0
71012,006,2,25,Bavli,0.0,0.0,0.5,0.8333,0.6667,0.0,0.0,6.0,4.3333,0.0,0.25
71012,006,2,26,Bavli,0.3333,0.0,0.0,0.5,0.0,0.0,0.0,3.0,2.6667,0.0,0.0
71012,006,2,27,Bavli,0.0,0.0,0.1667,0.8333,0.3333,0.0,0.0,6.0,4.3333,0.0,0.0
71012,006,2,28,Bavli,0.0,0.0,0.1429,0.2857,0.5714,0.0,0.0,7.0,4.7143,0.0,0.0
71012,006,2,33,Bavli,0.0,0.0,0.25,0.5,0.5,0.0,0.0,4.0,4.0,0.0,0.5
71012,006,2,36,Bavli,0.2857,0.0,0.1429,0.8571,0.5714,0.0,0.0,7.0,3.4286,0.25,0.0
71012,006,2,39,Bavli,0.0,0.0,0.8571,0.7143,0.2857,0.0,0.0,7.0,4.0,0.0,0.0
71012,006,2,40,Bavli,0.0,0.0,0.1667,0.3333,0.3333,0.0,0.0,6.0,4.5,0.0,0.0
71012,006,2,43,Bavli,0.0,0.0,0.2857,0.5714,0.8571,0.0,0.0,7.0,3.7143,0.0,0.0
71012,007,1,11,Bavli,0.0,0.0,0.5,0.5,0.75,0.0,0.0,8.0,4.125,0.0,0.0
71012,007,1,12,Bavli,0.1667,0.0,0.6667,1.0,0.6667,0.0,0.5,6.0,5.5,0.0,0.25
71012,007,1,13,Bavli,0.0,0.0,0.1111,0.5556,0.8889,0.0,0.0,9.0,4.2222,0.0,0.0
71012,007,1,14,Bavli,0.0,0.1667,0.3333,0.6667,0.3333,0.0,0.0,6.0,4.3333,0.0,0.0
71012,007,1,15,Bavli,0.0,0.0,2.0,0.5,2.0,0.0,0.0,1.0,9.0,0.0,0.0
71012,007,1,16,Bavli,0.0,0.25,1.0,0.75,1.0,0.0,0.0,4.0,6.0,0.0,0.0
71012,007,1,37,Bavli,0.125,0.0,0.375,0.75,0.75,0.0,0.5,8.0,4.5,0.0,0.0
71012,007,1,38,Bavli,0.0,0.0,0.5,0.8333,1.3333,0.0,0.0,6.0,5.0,0.0,0.0
71012,007,1,40,Bavli,0.0,0.0,0.0,0.5,2.0,0.0,0.0,1.0,8.0,0.0,0.0
71012,007,1,41,Bavli,0.0,0.0,0.3333,0.5,0.6667,0.0,0.0,3.0,3.3333,0.0,0.0
71012,007,1,47,Bavli,0.3333,0.0,0.0,0.5,0.6667,0.0,0.0,3.0,3.0,0.5,0.0
71012,007,1,48,Bavli,0.25,0.1667,0.3333,0.9167,0.4167,0.0,0.2,12.0,4.4167,0.2,0.2
71012,007,2,01,Bavli,0.0,0.25,0.5,1.0,0.5,0.0,0.0,4.0,4.75,0.0,0.0
71012,007,2,02,Bavli,0.0,0.0,0.6667,0.6667,0.3333,0.0,0.0,6.0,5.1667,0.0,0.0
71012,007,2,03,Bavli,0.1111,0.0,0.4444,0.6667,0.8889,0.0,0.0,9.0,4.4444,0.0,0.0
71012,008,1,01,Bavli,0.0,0.0,0.0,0.5,0.3333,0.0,0.0,6.0,4.0,0.0,0.0
71012,008,1,02,Bavli,1.0,0.0,1.0,0.5,0.0,0.0,0.0,1.0,8.0,0.0,0.0
71012,008,1,19,Bavli,0.2,0.0,0.2,0.7,0.4,0.0,0.0,10.0,3.4,0.25,0.0
71012,008,1,20,Bavli,0.0,0.0,0.125,0.125,0.125,0.0,0.0,8.0,4.0,0.0,0.0
71012,008,1,21,Bavli,0.1429,0.0,0.5714,0.8571,0.2857,0.0,0.0,7.0,4.1429,0.0,0.0
71012,008,1,22,Bavli,0.3333,0.0,0.6667,0.5,0.0,0.0,1.0,3.0,3.0,0.0,0.0
71012,008,2,04,Bavli,0.1,0.0,0.9,0.7,0.4,0.0,0.0,10.0,3.7,0.0,0.5
71012,008,2,05,Bavli,0.25,0.25,0.0,0.5,0.0,0.0,0.0,4.0,3.75,0.0,0.0
71012,008,2,15,Bavli,0.0,0.0,0.2857,0.7143,0.4286,0.0,0.0,7.0,4.4286,0.0,0.6667
71012,008,2,18,Bavli,0.0,0.0,0.3333,0.6667,1.0,0.0,0.0,6.0,4.0,0.0,0.1667
71012,008,2,19,Bavli,0.0,0.0,0.25,0.5,0.0,0.0,0.0,4.0,4.25,0.0,0.0
71012,008,2,20,Bavli,0.0,0.0,0.2222,0.3333,0.2222,0.0,0.0,9.0,4.4444,0.0,0.5
71012,008,2,22,Bavli,0.0,0.0,0.3333,0.5,0.0,0.0,0.0,3.0,4.3333,0.0,0.0
71012,008,2,23,Bavli,0.125,0.0,0.75,0.875,0.5,0.0,1.0,8.0,4.25,0.25,0.0
71012,008,2,24,Bavli,0.3333,0.0,0.0,0.5,0.6667,0.0,1.0,3.0,5.0,0.0,0.0
71012,008,2,32,Bavli,0.0,0.0,0.25,0.75,0.5,0.0,0.0,4.0,3.5,0.0,0.0
71012,008,2,33,Bavli,0.0,0.0,0.5,0.75,0.75,0.0,0.0,8.0,4.5,0.0,0.1667
71012,008,2,34,Bavli,0.0,0.0,0.8571,0.7143,0.4286,0.0,0.0,7.0,3.8571,0.0,0.6667
71012,008,2,35,Bavli,0.0,0.0,0.3846,0.4615,0.3846,0.0,0.0,13.0,4.4615,0.0,0.2
71012,008,2,36,Bavli,0.0,0.0,0.6364,0.8182,0.7273,0.0,0.0,11.0,4.3636,0.0,0.25
71012,008,2,37,Bavli,0.0,0.0,0.0,0.5,2.0,0.0,0.0,1.0,9.0,0.0,0.0
71012,008,2,38,Bavli,0.0,0.0,0.0,0.5,0.6667,0.0,0.0,3.0,4.3333,0.0,0.0
71012,008,2,41,Bavli,0.0,0.5,0.0,0.5,0.0,0.0,1.0,2.0,5.5,0.0,0.0
71012,008,2,42,Bavli,0.0,0.0,0.4,0.8,0.4,0.0,0.0,5.0,2.8,0.0,0.5
71012,009,1,19,Bavli,0.0,0.0,0.5,0.6667,0.3333,0.0,0.0,6.0,3.1667,0.0,0.0
71012,009,1,21,Bavli,0.0,0.0,0.0,0.5,0.6667,0.0,0.0,3.0,5.0,0.0,0.0
71012,009,1,22,Bavli,0.0,0.0,0.3333,0.5,0.0,0.0,0.0,3.0,4.0,0.0,0.0
71012,009,1,23,Bavli,0.1111,0.0,0.2222,0.3333,0.4444,0.0,0.0,9.0,3.6667,0.25,0.0
71012,009,1,24,Bavli,0.1667,0.0,0.8333,1.0,0.6667,0.0,0.0,6.0,4.3333,0.0,0.25
71012,009,1,25,Bavli,0.25,0.0,0.75,1.0,0.5,0.0,0.0,4.0,4.0,0.0,0.5
71012,009,1,36,Bavli,0.0,0.0,0.6667,0.5,0.0,0.0,0.0,3.0,4.3333,0.0,0.0
71012,009,1,37,Bavli,0.0,0.0,0.1429,0.2857,0.0,0.0,0.0,7.0,4.7143,0.0,0.0
71012,009,1,39,Bavli,0.0,0.0,0.2,0.2,0.0,0.0,0.0,10.0,4.0,0.0,0.0
71012,009,1,40,Bavli,0.0,0.0,0.4,0.6,0.0,0.0,0.0,5.0,4.6,0.0,0.0
71012,009,1,41,Bavli,0.0,0.0,0.3333,0.5,0.3333,0.0,0.0,6.0,3.8333,0.0,0.0
71012,009,2,07,Bavli,0.1111,0.0,0.1111,0.3333,0.4444,0.0,0.0,9.0,4.3333,0.25,0.0
71012,009,2,08,Bavli,0.0,0.0,0.0,0.5,0.5,0.0,0.0,4.0,4.5,0.0,0.0
71012,009,2,10,Bavli,0.0,0.2,0.0,0.2,0.0,0.0,0.0,5.0,4.6,0.0,0.0
71012,009,2,11,Bavli,0.2,0.0,0.2,1.0,1.2,0.0,0.0,5.0,5.0,0.1667,0.1667
71012,009,2,12,Bavli,0.5714,0.0,0.4286,0.5714,0.0,0.0,0.0,7.0,3.8571,0.0,0.0
71012,009,2,13,Bavli,0.0,0.0,0.2,0.6,0.4,0.0,0.0,5.0,3.4,0.0,0.5
71012,009,2,28,Bavli,0.6667,0.0,0.3333,0.5,0.0,0.0,0.5,3.0,5.6667,0.0,0.0
71012,009,2,30,Bavli,0.3333,0.1667,0.5,1.0,0.3333,0.0,0.0,6.0,4.0,0.0,0.5
71012,009,2,31,Bavli,0.0,0.0,0.1,0.3,0.2,0.0,0.0,10.0,3.5,0.0,0.5
71012,009,2,32,Bavli,0.8333,0.0,0.3333,0.8333,0.0,0.0,0.4,6.0,4.5,0.0,0.0
71012,009,2,33,Bavli,1.0,0.0,0.0,0.5,0.0,0.0,1.0,1.0,5.0,0.0,0.0
71012,009,2,37,Bavli,0.5,0.0,0.7,0.9,0.2,0.0,0.4,10.0,5.0,0.5,0.0
71012,009,2,38,Bavli,1.0,0.0,0.0,0.5,0.0,0.0,0.0,1.0,6.0,0.0,0.0
71012,010,1,23,Bavli,0.0,0.0,0.3333,0.8333,1.0,0.0,0.0,6.0,3.5,0.0,0.1667
71012,010,1,24,Bavli,0.0,0.3333,0.6667,0.5,0.0,0.0,0.0,3.0,5.3333,0.0,0.0
71012,010,1,26,Bavli,0.4,0.0,0.8,1.0,0.2,0.0,0.0,5.0,4.0,0.0,1.0
71012,010,1,27,Bavli,0.25,0.0,0.5,0.75,0.25,0.0,0.0,4.0,5.0,0.0,1.0
71012,010,1,31,Bavli,0.0,0.0,1.0,0.5,0.0,0.0,0.0,1.0,5.0,0.0,0.0
71012,010,1,32,Bavli,0.0,0.0,0.2857,0.7143,0.5714,0.0,0.0,7.0,4.0,0.0,0.25
71012,010,1,33,Bavli,0.0,0.0,0.6,0.8,0.4,0.0,0.0,5.0,5.0,0.0,0.5
71012,010,1,40,Bavli,0.2,0.0,0.4,1.0,0.2,0.0,0.0,5.0,4.2,0.0,1.0
71012,010,1,42,Bavli,0.4,0.4,0.0,1.0,0.0,0.0,0.0,5.0,4.6,0.0,0.0
71012,010,1,43,Bavli,0.3333,0.0,0.0,0.5,0.6667,0.0,0.5,6.0,4.5,0.0,0.0
71012,010,1,48,Bavli,0.2222,0.0,0.3333,0.8889,0.4444,0.0,0.5,9.0,3.8889,0.0,0.25
71012,010,2,02,Bavli,0.1111,0.0,0.0,0.3333,0.6667,0.0,0.0,9.0,4.7778,0.0,0.0
71012,010,2,03,Bavli,0.0,0.0,0.0,0.5,0.0,0.0,0.0,2.0,4.0,0.0,0.0
71012,010,2,04,Bavli,0.125,0.0,0.5,0.5,0.0,0.0,0.0,8.0,3.875,0.0,0.0
71012,010,2,05,Bavli,0.2857,0.0,0.2857,1.0,0.5714,0.0,0.0,7.0,4.1429,0.5,0.0
71012,010,2,09,Bavli,0.1,0.0,0.4,1.0,0.8,0.0,0.0,10.0,3.9,0.125,0.0
71012,010,2,10,Bavli,0.25,0.0,0.125,0.75,0.5,0.0,0.0,8.0,3.75,0.25,0.0
71012,010,2,11,Bavli,0.25,0.0,0.25,0.5,0.25,0.0,0.0,8.0,3.5,0.5,0.0
71012,010,2,12,Bavli,0.25,0.0,0.875,1.0,0.125,0.0,0.0,8.0,3.875,0.0,1.0
71012,010,2,13,Bavli,0.3333,0.0,0.0,0.5,0.6667,0.0,0.0,3.0,3.3333,0.5,0.0
71012,010,2,16,Bavli,0.1667,0.0,0.5,1.0,0.6667,0.0,1.0,6.0,3.5,0.0,0.25
71012,010,2,17,Bavli,0.0,0.0,0.0,0.2,0.0,0.0,0.0,5.0,3.4,0.0,0.0
71012,010,2,18,Bavli,0.25,0.0,0.0,0.75,0.5,0.0,0.0,4.0,3.25,0.0,0.0
71012,010,2,24,Bavli,0.0,0.0,0.2857,0.1429,0.0,0.0,0.0,7.0,5.1429,0.0,0.0
71012,010,2,25,Bavli,0.0,0.0,0.0,0.5,0.8333,0.0,0.0,6.0,5.0,0.0,0.0
71012,010,2,31,Bavli,0.0667,0.1333,0.4,0.6,0.2,0.0,0.0,15.0,3.8,0.0,0.0
71012,010,2,36,Bavli,0.1429,0.0,0.2857,0.5714,0.2857,0.0,0.0,7.0,4.5714,0.0,0.5
71012,010,2,37,Bavli,0.25,0.0,0.5,0.75,0.0,0.0,0.0,4.0,5.0,0.0,0.0
71012,010,2,38,Bavli,0.0,0.1667,0.3333,0.5,0.1667,0.0,0.0,12.0,3.75,0.0,0.0
71012,010,2,41,Bavli,0.0,0.0,0.0,0.5,0.0,0.0,0.0,1.0,4.0,0.0,0.0
71012,010,2,42,Bavli,0.0,0.0,0.0,0.125,0.5,0.0,0.0,8.0,3.25,0.0,0.0
71012,011,1,01,Bavli,0.0,0.0,0.2,0.4,0.4,0.0,0.0,5.0,5.8,0.0,0.5
71012,011,1,02,Bavli,0.0833,0.1667,0.5833,0.6667,0.3333,0.0,0.0,12.0,3.0833,0.0,0.5
71012,011,1,04,Bavli,0.0,0.0,0.0,0.5,1.0,0.0,0.0,2.0,4.5,0.0,0.0
71012,011,1,05,Bavli,0.0,0.0,0.0,0.5,1.0,0.0,0.0,2.0,3.0,0.0,0.0
71012,011,1,08,Bavli,0.0,0.1111,0.5556,0.6667,0.2222,0.0,0.0,9.0,4.3333,0.0,0.0
71012,011,1,10,Bavli,0.1429,0.0,0.1429,0.5714,0.5714,0.0,1.0,7.0,4.2857,0.0,0.0
71012,011,1,11,Bavli,0.0833,0.0,0.25,0.75,0.5,0.0,1.0,12.0,4.0833,0.0,0.1667
71012,011,1,18,Bavli,0.1429,0.0,0.7143,1.0,0.5714,0.0,0.0,7.0,4.0,0.0,0.5
71012,011,1,19,Bavli,0.3333,0.0,0.3333,0.5,0.6667,0.0,1.0,3.0,6.0,0.0,0.5
71012,011,1,20,Bavli,0.2,0.0,0.2,0.6,0.8,0.0,0.0,5.0,6.4,0.0,0.25
71012,011,1,21,Bavli,0.0,0.0,0.0,0.5,2.0,0.0,0.0,1.0,6.0,0.0,0.0
71012,011,1,25,Bavli,0.0,0.0,0.0,0.5,1.0,0.0,0.0,2.0,5.0,0.0,0.0
71012,011,1,26,Bavli,0.0,0.0,0.1429,0.2857,0.5714,0.0,0.0,7.0,4.4286,0.0,0.0
71012,011,1,30,Bavli,0.1,0.0,0.3,0.5,0.6,0.0,0.0,10.0,4.6,0.1667,0.0
71012,011,1,31,Bavli,0.0,0.0,0.0,0.1667,0.6667,0.0,0.0,6.0,4.5,0.0,0.0
71012,011,1,32,Bavli,0.0,0.0,0.1667,0.3333,0.3333,0.0,0.0,6.0,4.6667,0.0,0.0
71012,011,2,02,Bavli,0.0,0.0,0.0,0.5,0.6667,0.0,0.0,3.0,3.3333,0.0,0.0
71012,011,2,03,Bavli,0.0,0.0,0.25,0.5,0.5,0.0,0.0,4.0,3.5,0.0,0.0
71012,011,2,04,Bavli,0.0,0.0,0.3333,0.5,0.0,0.0,0.0,3.0,3.0,0.0,0.0
71012,011,2,26,Bavli,0.25,0.25,0.0,0.5,0.0,0.0,0.0,4.0,4.75,0.0,0.0
71012,011,2,28,Bavli,0.0,0.0,0.3333,0.5,0.0,0.0,0.0,3.0,4.0,0.0,0.0
71012,011,2,29,Bavli,0.5,0.0,0.5,1.0,0.0,0.0,0.0,4.0,4.0,0.0,0.0
71012,011,2,30,Bavli,0.3077,0.0769,0.3846,0.9231,0.6154,0.0,0.0,13.0,3.6154,0.125,0.25
71012,011,2,31,Bavli,0.3333,0.0833,0.6667,0.8333,0.6667,0.0,0.0,12.0,4.4167,0.0,0.25
71012,011,2,32,Bavli,0.2308,0.0,0.4615,0.6923,0.4615,0.0,0.3333,13.0,4.3846,0.3333,0.1667
71012,011,2,33,Bavli,0.0,0.0,0.1667,0.5,0.3333,0.0,0.0,6.0,2.8333,0.0,0.0
71012,011,2,34,Bavli,0.087,0.087,0.3043,0.3043,0.5217,0.0,0.0,23.0,4.5652,0.0,0.25
71012,012,1,01,Bavli,0.0,0.0,0.75,0.75,0.5,0.0,0.0,4.0,3.25,0.0,0.5
71012,012,1,03,Bavli,0.0,0.0,0.4,0.4,0.0,0.0,0.0,5.0,3.0,0.0,0.0
71012,012,1,13,Bavli,0.0,0.5,0.0,0.5,0.0,0.0,1.0,2.0,4.5,0.0,0.0
71012,012,1,27,Bavli,0.0,0.0,0.0,0.25,0.5,0.0,0.0,4.0,4.75,0.0,0.0
71012,012,1,50,Bavli,0.1,0.1,0.4,0.7,0.2,0.0,1.0,10.0,4.2,0.0,0.0
71012,012,1,52,Bavli,0.3333,0.0,0.3333,0.5,0.6667,0.0,0.0,3.0,3.6667,0.0,0.0
71012,012,2,02,Bavli,0.0,0.0,0.0,0.5,0.0,0.0,0.0,2.0,4.5,0.0,0.0
71012,012,2,03,Bavli,0.2857,0.0,0.1429,1.0,0.5714,0.0,0.5,7.0,3.7143,0.25,0.0
71012,012,2,04,Bavli,0.2,0.2,0.2,0.4,0.0,0.0,0.0,5.0,4.0,0.0,0.0
71012,012,2,35,Bavli,0.0,0.0,0.75,0.75,0.5,0.0,0.0,4.0,4.25,0.0,0.0
71012,012,2,47,Bavli,0.3333,0.0,0.8333,0.6667,0.3333,0.0,0.0,6.0,5.3333,0.0,0.5
71012,012,2,50,Bavli,0.0,0.0,0.75,0.75,0.5,0.0,0.0,4.0,4.25,0.0,0.0
71012,012,2,58,Bavli,0.0,0.0,0.0,0.5,0.6667,0.0,0.0,3.0,5.0,0.0,0.0
71012,013,1,01,Bavli,0.6667,0.0,0.6667,0.6667,0.0,0.0,1.0,6.0,3.5,0.0,0.0
71012,013,1,38,Bavli,0.0833,0.0,0.1667,0.75,1.0,0.0,0.0,12.0,3.5833,0.0833,0.0833
71012,013,1,39,Bavli,0.0667,0.0,0.3333,0.5333,0.8,0.0,0.0,15.0,3.8,0.0,0.1667
71012,013,1,40,Bavli,0.2308,0.0,0.0769,0.5385,0.6154,0.0,0.3333,13.0,4.0769,0.0,0.0
71012,013,1,41,Bavli,0.0909,0.0,0.1818,0.3636,0.7273,0.0,0.0,11.0,4.7273,0.125,0.25
71012,013,1,42,Bavli,0.1111,0.0,0.3333,0.6667,0.6667,0.0,0.0,9.0,4.6667,0.1667,0.1667
71012,013,1,43,Bavli,0.0,0.0,0.2857,0.5714,0.5714,0.0,0.0,7.0,3.7143,0.0,0.5
71012,013,1,45,Bavli,0.0,0.0,0.6,1.0,0.8,0.0,0.0,5.0,4.0,0.0,0.25
71012,013,1,46,Bavli,0.0,0.0,0.3571,0.3571,0.1429,0.0,0.0,14.0,3.7857,0.0,0.5
71012,013,1,47,Bavli,0.1,0.0,0.2,0.3,0.2,0.0,0.0,10.0,4.2,0.0,0.0
71012,013,1,48,Bavli,0.0,0.0,0.36,0.48,0.32,0.0,0.0,25.0,4.24,0.0,0.125
71012,013,1,49,Bavli,0.2,0.0,0.3333,0.7333,0.8,0.0,0.0,15.0,4.5333,0.1667,0.0
71012,013,2,11,Bavli,0.0,0.0,1.0,0.5,1.0,0.0,0.0,2.0,5.0,0.0,0.0
71012,013,2,20,Bavli,0.1429,0.0,0.2857,0.7143,0.5714,0.0,0.0,7.0,4.5714,0.0,0.0
71012,013,2,23,Bavli,0.0,0.0,0.3333,0.3333,0.0,0.0,0.0,6.0,4.5,0.0,0.0
71012,013,2,24,Bavli,0.125,0.0,0.625,0.75,1.0,0.0,0.0,8.0,4.375,0.0,0.125
71012,013,2,25,Bavli,0.1429,0.0,0.5714,0.8571,0.2857,0.0,0.0,7.0,3.7143,0.0,0.5
71012,013,2,36,Bavli,0.0,0.0,0.3333,0.5,0.0,0.0,0.0,3.0,3.0,0.0,0.0
71012,013,2,37,Bavli,0.5,0.0,0.5,0.3333,0.0,0.0,0.0,6.0,4.8333,0.0,0.0
71012,013,2,39,Bavli,0.5,0.125,0.25,0.625,0.0,0.0,0.8,8.0,4.0,0.0,0.0
71012,013,2,43,Bavli,0.0,0.0,0.6667,0.5,0.6667,0.0,0.0,3.0,5.0,0.0,0.0
71012,013,2,46,Bavli,0.0,0.0,0.5714,0.7143,0.7143,0.0,0.0,14.0,4.2857,0.0,0.1
71012,013,2,47,Bavli,0.0,0.0,0.3125,0.6875,0.625,0.0,0.0,16.0,3.9375,0.0,0.1
71012,013,2,48,Bavli,0.3571,0.0714,0.4286,0.8571,0.4286,0.0,0.3333,14.0,5.3571,0.1667,0.3333
71012,013,2,49,Bavli,0.5,0.0,0.5,0.5,0.0,0.0,0.0,2.0,4.0,0.0,0.0
71012,013,2,53,Bavli,0.0,0.0,0.2857,0.4286,0.5714,0.0,0.0,7.0,4.4286,0.0,0.0
71012,014,1,08,Bavli,0.25,0.0,0.25,1.0,1.0,0.0,0.0,4.0,4.0,0.0,0.25
71012,014,1,09,Bavli,0.4444,0.1111,0.1111,0.7778,0.6667,0.0,0.0,9.0,4.0,0.3333,0.0
71012,014,1,10,Bavli,0.5,0.1667,0.1667,1.0,0.3333,0.0,0.25,6.0,5.6667,0.0,0.0
71012,014,1,11,Bavli,0.0,0.0,0.3333,0.5,1.3333,0.0,0.0,3.0,4.6667,0.0,0.0
71012,014,1,24,Bavli,0.0,0.0,0.0,0.5,2.0,0.0,0.0,1.0,4.0,0.0,0.0
71012,014,1,25,Bavli,0.0,0.0,0.6,0.8,0.4,0.0,0.0,5.0,3.8,0.0,0.5
71012,014,1,45,Bavli,0.6667,0.0,0.0,0.5,0.0,0.0,1.0,3.0,4.0,0.0,0.0
71012,014,1,52,Bavli,0.0,0.0,0.6667,0.5,0.6667,0.0,0.0,3.0,4.3333,0.0,0.0
71012,014,1,53,Bavli,0.0,0.0,0.4211,0.3684,0.8421,0.0,0.0,19.0,3.8947,0.0,0.25
71012,014,1,54,Bavli,0.0,0.0,0.0,0.5,0.0,0.0,0.0,1.0,4.0,0.0,0.0
71012,014,2,02,Bavli,0.0,0.0,0.0,0.2857,0.5714,0.0,0.0,7.0,3.8571,0.0,0.0
71012,014,2,37,Bavli,0.0,0.0,0.4,0.2,0.0,0.0,0.0,5.0,3.2,0.0,0.0
71012,014,2,38,Bavli,0.0,0.0,0.5,0.4286,0.8571,0.0,0.0,14.0,3.6429,0.0,0.25
71012,014,2,39,Bavli,0.0,0.0,0.4667,0.5333,0.6667,0.0,0.0,15.0,3.9333,0.0,0.2
71012,014,2,40,Bavli,0.0,0.0,1.0,0.5,0.6667,0.0,0.0,3.0,4.0,0.0,0.0
71012,014,2,45,Bavli,0.0,0.0,0.1667,0.3333,0.3333,0.0,0.0,6.0,3.6667,0.0,0.0
71012,014,2,46,Bavli,0.25,0.0,0.75,1.0,0.5,0.0,0.0,4.0,5.25,0.0,0.5
71012,015,1,02,Bavli,0.0,0.2,0.6,1.0,0.0,0.0,0.0,5.0,3.8,0.0,0.0
71012,015,1,03,Bavli,0.0,0.0,0.3333,0.5,0.6667,0.0,0.0,3.0,5.3333,0.0,0.0
71012,015,1,04,Bavli,0.0,0.0,0.1667,0.1667,0.0,0.0,0.0,6.0,4.1667,0.0,0.0
71012,015,1,05,Bavli,0.0,0.0,0.125,0.375,0.0,0.0,0.0,8.0,4.5,0.0,0.0
71012,015,1,06,Bavli,0.0,0.0,0.0,0.5,1.0,0.0,0.0,2.0,4.0,0.0,0.0
71012,015,1,14,Bavli,0.0,0.0,0.0,0.25,0.0,0.0,0.0,4.0,4.5,0.0,0.0
71012,015,1,15,Bavli,0.0,0.0,0.3333,0.4444,0.4444,0.0,0.0,9.0,4.5556,0.0,0.0
71012,015,1,16,Bavli,0.0,0.0,0.0,0.5,0.0,0.0,0.0,1.0,4.0,0.0,0.0
71012,015,1,17,Bavli,0.3333,0.0833,0.3333,0.5833,0.6667,0.0,0.2,12.0,4.5,0.25,0.125
71012,015,1,18,Bavli,0.1429,0.1429,0.5714,0.8571,0.5714,0.0,0.5,7.0,4.7143,0.0,0.25
71012,015,1,19,Bavli,0.0,0.0,0.4,0.6,1.2,0.0,0.0,5.0,5.0,0.0,0.0
71012,015,1,20,Bavli,0.25,0.0625,0.3125,0.6875,0.5,0.0,0.2,16.0,4.6875,0.125,0.0
71012,015,1,22,Bavli,0.1667,0.1667,0.5,1.0,0.6667,0.0,0.5,6.0,5.6667,0.0,0.25
71012,015,1,23,Bavli,0.3333,0.0,0.6667,0.8333,0.6667,0.0,0.5,6.0,6.1667,0.0,0.5
71012,015,1,24,Bavli,0.0,0.0,0.75,1.0,1.0,0.0,0.0,4.0,4.75,0.0,0.25
71012,015,1,25,Bavli,0.375,0.0,0.75,0.875,0.5,0.0,0.0,8.0,4.875,0.0,0.25
71012,015,1,26,Bavli,0.0,0.0,0.1667,0.5833,0.8333,0.0,0.0,12.0,4.0,0.0,0.1
71012,015,1,27,Bavli,0.125,0.0,0.375,0.625,0.5,0.0,0.0,8.0,3.75,0.0,0.5
71012,015,1,34,Bavli,0.1667,0.0,0.1667,0.3333,0.0,0.0,0.0,6.0,4.3333,0.0,0.0
71012,015,1,44,Bavli,0.0,0.0,0.8,1.0,1.2,0.0,0.0,5.0,5.6,0.0,0.3333
71012,015,1,45,Bavli,0.2308,0.0,0.4615,0.5385,0.4615,0.0,0.0,13.0,4.9231,0.0,0.5
71012,015,1,46,Bavli,0.0,0.0,0.0,0.5,0.0,0.0,0.0,1.0,7.0,0.0,0.0
71012,015,1,47,Bavli,0.3333,0.0,0.6667,0.5,0.6667,0.0,0.0,3.0,7.6667,0.0,0.5
71012,015,2,04,Bavli,0.0,0.0,0.0,0.5,2.0,0.0,0.0,1.0,6.0,0.0,0.0
71012,015,2,05,Bavli,0.2,0.2,0.6,1.0,0.4,0.0,0.5,5.0,6.4,0.0,0.5
71012,015,2,06,Bavli,0.2,0.4,0.4,1.0,0.4,0.0,0.0,5.0,4.2,0.0,0.5
71012,015,2,07,Bavli,0.0,0.0,0.0,0.0,0.0,0.0,0.0,11.0,3.6364,0.0,0.0
71012,015,2,08,Bavli,0.2,0.0,0.2,1.0,0.8,0.0,0.0,5.0,5.0,0.25,0.0
71012,015,2,09,Bavli,0.0,0.0,0.5,0.6667,0.6667,0.0,0.0,6.0,4.8333,0.0,0.25
71012,015,2,10,Bavli,0.5,0.0,0.0,0.5,1.0,0.0,0.0,2.0,4.5,0.5,0.0
71012,015,2,11,Bavli,0.1429,0.2857,0.7143,0.8571,0.5714,0.0,0.3333,7.0,6.0,0.0,0.5
71012,015,2,12,Bavli,0.25,0.0,0.5,0.875,1.0,0.0,0.0,8.0,4.5,0.125,0.125
71012,015,2,13,Bavli,0.1667,0.0,0.1667,1.0,1.0,0.0,0.0,6.0,3.5,0.1667,0.0
71012,015,2,14,Bavli,0.1667,0.0,0.5,0.6667,1.0,0.0,0.0,6.0,5.3333,0.0,0.0
71012,015,2,15,Bavli,0.3333,0.0,0.7778,1.0,0.8889,0.0,0.0,9.0,5.5556,0.0,0.25
71012,015,2,17,Bavli,0.3077,0.0,0.1538,0.6923,0.4615,0.0,0.0,13.0,4.1538,0.3333,0.0
71012,015,2,18,Bavli,0.1429,0.2143,0.6429,1.0,0.7143,0.0,0.0,14.0,4.1429,0.0,0.3
71012,015,2,19,Bavli,0.0625,0.0,0.25,0.5,0.375,0.0,0.0,16.0,3.6875,0.1667,0.0
71012,015,2,20,Bavli,0.375,0.0,0.25,0.75,0.25,0.0,0.0,8.0,4.25,0.0,0.5
71012,015,2,21,Bavli,0.1111,0.0,0.3333,0.6667,0.4444,0.0,0.0,9.0,4.5556,0.0,0.5
71012,015,2,22,Bavli,0.0909,0.0,0.2727,0.3636,0.3636,0.0,0.0,11.0,3.4545,0.0,0.5
71012,015,2,25,Bavli,0.0,0.0,0.0,0.5,0.0,0.0,0.0,2.0,3.5,0.0,0.0
71012,015,2,26,Bavli,0.2,0.0,0.0,0.6,0.4,0.0,0.0,5.0,4.4,0.0,0.0
71012,015,2,29,Bavli,0.2,0.0,0.2,0.6,0.8,0.0,0.0,5.0,3.6,0.0,0.0
71012,015,2,31,Bavli,0.0,0.0,0.0909,0.1818,0.1818,0.0,0.0,11.0,3.7273,0.0,0.5
71012,015,2,32,Bavli,0.1538,0.0769,0.2308,0.5385,0.1538,0.0,0.6667,13.0,3.6923,0.0,0.0
71012,015,2,33,Bavli,0.3,0.0,0.2,0.8,0.8,0.0,0.0,10.0,4.2,0.25,0.125
71012,015,2,36,Bavli,0.0,0.0,0.0,0.5,2.0,0.0,0.0,1.0,6.0,0.0,0.0
71012,015,2,37,Bavli,0.2667,0.0667,0.3333,0.6,0.5333,0.0,0.0,15.0,3.6667,0.25,0.25
71012,015,2,38,Bavli,0.3,0.0,0.5,0.8,0.2,0.0,0.0,10.0,4.5,0.0,0.0
71012,015,2,39,Bavli,0.2,0.0,0.6,0.8,0.6,0.0,0.0,10.0,4.3,0.1667,0.3333
71012,015,2,40,Bavli,0.0,0.0,0.4,0.6,1.2,0.0,0.0,5.0,4.4,0.0,0.1667
71012,015,2,42,Bavli,0.1667,0.0,0.6667,0.6667,1.0,0.0,0.0,6.0,4.5,0.0,0.0
71012,015,2,43,Bavli,0.2143,0.0714,0.4286,0.7143,0.5714,0.0,0.0,14.0,3.9286,0.0,0.25
71012,015,2,44,Bavli,0.0,0.0,1.0,0.5,0.6667,0.0,0.0,3.0,3.6667,0.0,0.5
71012,015,2,46,Bavli,0.1667,0.0833,0.0833,0.4167,0.3333,0.0,0.0,12.0,4.3333,0.0,0.0
71012,015,2,47,Bavli,0.0909,0.0,0.3636,0.6364,0.3636,0.0,0.0,11.0,4.0,0.0,0.5
71012,015,2,49,Bavli,0.0769,0.3846,0.3077,0.8462,0.6154,0.0,0.0,13.0,3.5385,0.0,0.125
71012,016,1,25,Bavli,0.0,0.0,0.2727,0.4545,0.1818,0.0,0.0,11.0,3.9091,0.0,0.0
71012,016,1,26,Bavli,0.125,0.0,0.125,0.375,0.5,0.0,0.0,8.0,3.875,0.0,0.0
71012,016,1,36,Bavli,0.0909,0.2727,0.6364,0.6364,0.3636,0.0,0.0,11.0,3.5455,0.0,0.25
71012,016,1,37,Bavli,1.0,0.0,2.0,0.5,0.0,0.0,0.0,1.0,7.0,0.0,0.0
71012,016,2,07,Bavli,0.0,0.0,1.25,0.75,1.0,0.0,0.0,4.0,3.25,0.0,0.25
71012,016,2,08,Bavli,0.0,0.0,0.0,0.5,0.0,0.0,0.0,1.0,5.0,0.0,0.0
71012,016,2,28,Bavli,0.0667,0.0667,0.2,0.3333,0.1333,0.0,0.0,15.0,3.4,0.5,0.0
71012,016,2,29,Bavli,0.0,0.0,0.8571,0.7143,0.5714,0.0,0.0,7.0,4.8571,0.0,0.25
71012,016,2,30,Bavli,0.0,0.0,0.2222,0.5556,0.4444,0.0,0.0,9.0,4.3333,0.0,0.0
71012,016,2,38,Bavli,0.0,0.25,0.0,0.5,0.5,0.0,0.0,4.0,5.75,0.0,0.0
71012,016,2,39,Bavli,0.0,0.0,0.7143,0.7143,0.8571,0.0,0.0,7.0,4.8571,0.0,0.3333
71012,016,2,40,Bavli,0.0,0.0,0.1429,0.5714,0.5714,0.0,0.0,7.0,4.4286,0.0,0.25
71012,016,2,41,Bavli,0.0,0.0,0.75,1.0,1.0,0.0,0.0,4.0,4.25,0.0,0.25
71012,016,2,43,Bavli,0.125,0.0,0.25,0.5,0.5,0.0,0.0,8.0,4.125,0.25,0.0
71012,016,2,44,Bavli,0.0,0.0,0.1429,0.7143,0.8571,0.0,0.0,7.0,4.4286,0.0,0.1667
71012,016,2,50,Bavli,0.0714,0.0,0.2143,0.4286,0.4286,0.0,0.0,14.0,4.3571,0.1667,0.1667
71012,016,2,51,Bavli,0.0769,0.0,0.3846,0.6154,0.5385,0.0,1.0,13.0,4.4615,0.1429,0.2857
71012,016,2,52,Bavli,0.0625,0.0,0.1875,0.4375,0.1875,0.0,0.0,16.0,4.4375,0.0,0.0
71012,016,2,53,Bavli,0.0714,0.0,0.2857,0.7143,0.7143,0.0,0.0,14.0,4.3571,0.1,0.1
71012,017,1,01,Bavli,0.0,0.2,0.2,0.6,0.4,0.0,0.0,5.0,4.2,0.0,0.0
71012,017,1,02,Bavli,0.4,0.0,0.6,0.8,0.4,0.0,0.0,5.0,3.4,0.0,0.0
71012,017,1,21,Bavli,0.0,0.0,0.3333,0.5,1.3333,0.0,0.0,3.0,4.0,0.0,0.0
71012,017,1,27,Bavli,0.25,0.0,0.5,0.75,0.25,0.0,0.0,8.0,4.5,0.5,0.0
71012,017,1,28,Bavli,0.0,0.0,0.6667,0.5,0.6667,0.0,0.0,3.0,5.0,0.0,0.0
71012,017,1,29,Bavli,0.0,0.0,0.6667,0.5,0.0,0.0,0.0,3.0,3.3333,0.0,0.0
71012,017,2,05,Bavli,0.1429,0.0,0.7143,1.0,0.5714,0.0,1.0,7.0,4.4286,0.0,0.25
71012,017,2,09,Bavli,0.0,0.5,1.0,0.5,0.0,0.0,1.0,2.0,4.5,0.0,0.0
71012,017,2,10,Bavli,0.0,0.0,0.8333,0.6667,0.6667,0.0,0.0,6.0,5.8333,0.0,0.25
71012,017,2,11,Bavli,0.0,0.0,0.4167,0.6667,0.6667,0.0,0.0,12.0,4.0,0.0,0.125
71012,017,2,12,Bavli,0.0,0.0,1.0,0.6,0.6,0.0,0.0,10.0,4.8,0.0,0.1667
71012,017,2,13,Bavli,0.0,0.25,0.75,0.75,0.5,0.0,1.0,4.0,5.75,0.0,0.5
71012,017,2,16,Bavli,0.0588,0.0588,0.2941,0.6471,0.2353,0.0,0.0,17.0,3.6471,0.0,0.25
71012,017,2,18,Bavli,0.0,0.0,0.5,0.5,0.0,0.0,0.0,2.0,3.0,0.0,0.0
71012,017,2,19,Bavli,0.1538,0.1538,0.1538,0.4615,0.3077,0.0,0.0,13.0,3.7692,0.0,0.25
71012,017,2,20,Bavli,0.2727,0.0,0.2727,0.5455,0.7273,0.0,1.0,11.0,4.2727,0.25,0.0
71012,017,2,21,Bavli,0.3333,0.0,0.6667,0.5,0.6667,0.0,1.0,3.0,5.6667,0.5,0.0
71012,017,2,25,Bavli,0.0,0.0,0.3077,0.4615,0.6154,0.0,0.0,13.0,4.3077,0.0,0.0
71012,017,2,26,Bavli,0.0,0.0,0.3333,0.5833,0.3333,0.0,0.0,12.0,3.9167,0.0,0.25
71012,017,2,27,Bavli,0.0,0.0,0.2857,0.4286,0.5714,0.0,0.0,7.0,4.1429,0.0,0.0
71012,018,1,01,Bavli,0.0,0.0,0.2,0.7,0.6,0.0,0.0,10.0,3.8,0.0,0.1667
71012,018,1,04,Bavli,0.0,0.0,0.2,0.3,0.2,0.0,0.0,10.0,4.0,0.0,0.0
71012,018,1,05,Bavli,0.0,0.3333,0.3333,0.5,0.0,0.0,0.0,3.0,5.3333,0.0,0.0
71012,018,1,07,Bavli,0.0,0.0,0.25,0.5,0.5,0.0,0.0,4.0,4.75,0.0,0.0
71012,018,1,08,Bavli,0.0,0.2,0.2,0.4,0.0,0.0,0.0,5.0,3.6,0.0,0.0
71012,018,1,10,Bavli,0.0,0.0,1.0,0.5,0.0,0.0,0.0,1.0,4.0,0.0,0.0
71012,018,1,11,Bavli,0.3333,0.0,0.6667,0.5,0.6667,0.0,0.0,3.0,5.3333,0.0,0.5
71012,018,2,16,Bavli,0.0,0.0,0.1667,0.3333,0.3333,0.0,0.0,6.0,4.3333,0.0,0.0
71012,018,2,22,Bavli,0.0,0.0,0.0,0.5,0.0,0.0,0.0,2.0,4.5,0.0,0.0
71012,018,2,23,Bavli,0.0,0.3333,0.0,0.5,0.0,0.0,0.0,3.0,4.0,0.0,0.0
71012,018,2,28,Bavli,0.0,0.0,0.0,0.5,2.0,0.0,0.0,1.0,5.0,0.0,0.0
71012,018,2,29,Bavli,0.1,0.1,0.2,0.8,0.2,0.0,0.0,10.0,3.0,0.5,0.0
71012,018,2,30,Bavli,0.0,0.0,0.4286,0.4286,0.0,0.0,0.0,7.0,4.1429,0.0,0.0
71012,018,2,31,Bavli,0.1667,0.0,0.1667,0.5,0.3333,0.0,1.0,6.0,5.0,0.0,0.0
71012,018,2,32,Bavli,0.0,0.125,0.75,0.5,0.0,0.0,0.0,8.0,3.75,0.0,0.0
71012,018,2,33,Bavli,0.5,0.0,0.75,0.75,0.0,0.0,0.5,4.0,4.75,0.0,0.0
71012,019,1,01,Bavli,0.0,0.0,0.5,1.0,1.0,0.0,0.0,4.0,4.25,0.0,0.0
71012,019,1,02,Bavli,0.5,0.0,1.0,0.5,0.0,0.0,1.0,2.0,5.5,0.0,0.0
71012,019,1,03,Bavli,0.0,0.0,0.5,0.5,0.0,0.0,0.0,2.0,3.5,0.0,0.0
71012,019,1,04,Bavli,0.0909,0.0,0.1818,0.4545,0.1818,0.0,0.5,11.0,3.7273,0.0,0.0
71012,019,1,05,Bavli,0.0,0.0,0.5,0.6667,0.3333,0.0,0.0,6.0,4.3333,0.0,0.0
71012,019,1,06,Bavli,0.0,0.0,0.0,0.2,0.4,0.0,0.0,5.0,4.4,0.0,0.0
71012,019,1,07,Bavli,0.1111,0.0,0.2222,0.3333,0.2222,0.0,0.0,9.0,3.6667,0.0,0.0
71012,019,1,08,Bavli,0.0,0.0,0.5,0.625,0.5,0.0,0.0,8.0,4.0,0.0,0.25
71012,019,1,09,Bavli,0.0,0.0,0.6,0.8,1.2,0.0,0.0,5.0,5.0,0.0,0.1667
71012,019,1,10,Bavli,0.0,0.0,0.2667,0.4667,0.6667,0.0,0.0,15.0,4.3333,0.0,0.1
71012,019,1,11,Bavli,0.0,0.0,0.375,0.75,0.5,0.0,0.0,8.0,3.875,0.0,0.25
71012,019,1,12,Bavli,0.0,0.0,0.3333,0.5,0.6667,0.0,0.0,3.0,5.3333,0.0,0.0
71012,019,1,13,Bavli,0.0,0.0,0.0,0.5,1.0,0.0,0.0,2.0,5.0,0.0,0.0
71012,019,1,22,Bavli,0.0,0.0,0.5,0.5,0.0,0.0,0.0,2.0,3.0,0.0,0.0
71012,019,1,23,Bavli,0.0,0.0,0.0,0.25,0.0,0.0,0.0,4.0,3.25,0.0,0.0
71012,019,1,24,Bavli,0.0,0.0,0.125,0.5,0.5,0.0,0.0,8.0,3.75,0.0,0.0
71012,019,1,25,Bavli,0.0,0.0,0.3333,1.0,1.3333,0.0,0.0,6.0,3.5,0.0,0.125
71012,019,1,46,Bavli,0.0,0.0,0.25,0.5,0.5,0.0,0.0,4.0,4.25,0.0,0.5
71012,019,1,48,Bavli,0.0,0.0,0.4286,0.5714,1.0,0.0,0.0,14.0,3.5,0.0,0.1429
71012,019,1,49,Bavli,0.0,0.0,0.2857,0.7143,0.7143,0.0,0.0,7.0,3.4286,0.0,0.4
71012,019,1,52,Bavli,0.0,0.0,0.6,0.6,0.4,0.0,0.0,5.0,4.2,0.0,0.0
71012,019,2,02,Bavli,0.0,0.0,0.3333,0.5,1.3333,0.0,0.0,3.0,3.6667,0.0,0.0
71012,019,2,03,Bavli,0.0,0.0,1.0,0.5,0.0,0.0,0.0,1.0,4.0,0.0,0.0
71012,019,2,04,Bavli,0.1,0.0,0.4,0.7,0.4,0.0,0.0,10.0,3.8,0.25,0.25
71012,019,2,07,Bavli,0.0,0.0,0.7143,0.5714,0.5714,0.0,0.0,7.0,4.5714,0.0,0.25
71012,019,2,08,Bavli,0.25,0.0,0.25,0.625,0.0,0.0,0.0,8.0,4.25,0.0,0.0
71012,019,2,09,Bavli,0.1111,0.0,0.1111,0.4444,0.2222,0.0,0.0,9.0,3.3333,0.0,0.0
71012,019,2,10,Bavli,0.2,0.0,0.4,0.6,0.4,0.0,0.0,5.0,4.2,0.0,0.5
71012,019,2,11,Bavli,0.1429,0.0,0.2857,0.7143,0.5714,0.0,0.0,7.0,3.8571,0.25,0.25
71012,019,2,12,Bavli,0.0,0.0,0.1429,0.2857,0.2857,0.0,0.0,7.0,4.0,0.0,0.5
71012,020,1,01,Bavli,0.0,0.0,0.75,0.75,0.25,0.0,0.0,8.0,4.0,0.0,0.5
71012,020,1,02,Bavli,0.0,0.0,0.2,0.4,0.4,0.0,0.0,5.0,4.2,0.0,0.5
71012,020,1,03,Bavli,0.0,0.0,0.4,0.6,0.8,0.0,0.0,5.0,4.4,0.0,0.0
71012,020,1,11,Bavli,0.0,0.0,0.0,0.1429,0.2857,0.0,0.0,7.0,4.0,0.0,0.0
71012,020,1,12,Bavli,0.0,0.0,0.0,0.5,2.0,0.0,0.0,1.0,4.0,0.0,0.0
71012,020,1,23,Bavli,0.4,0.0,0.2,0.6,0.4,0.0,0.0,5.0,5.6,0.5,0.0
71012,020,1,26,Bavli,0.25,0.0,1.0,1.0,0.0,0.0,0.0,4.0,5.0,0.0,0.0
71012,020,1,30,Bavli,0.0,0.0,0.1667,0.1667,0.6667,0.0,0.0,6.0,5.6667,0.0,0.0
71012,020,1,33,Bavli,0.0,0.0,1.0,0.5,0.0,0.0,0.0,1.0,4.0,0.0,0.0
71012,020,1,34,Bavli,0.0,0.0,0.0,0.5,0.6667,0.0,0.0,3.0,3.6667,0.0,0.0
71012,020,1,49,Bavli,0.1,0.0,0.3,0.3,0.2,0.0,0.0,10.0,3.8,0.5,0.0
71012,020,1,50,Bavli,0.0,0.0,0.2222,0.5556,0.2222,0.0,0.0,9.0,3.7778,0.0,0.5
71012,020,1,51,Bavli,0.2,0.0,0.6,0.5,0.2,0.0,0.0,10.0,4.3,0.0,0.5
71012,020,2,05,Bavli,0.3333,0.0,0.5,0.6667,0.6667,0.0,0.0,6.0,3.6667,0.5,0.0
71012,020,2,06,Bavli,0.1667,0.0,0.0,0.3333,0.3333,0.0,0.0,6.0,4.0,0.0,0.0
71012,020,2,07,Bavli,0.2,0.0,0.2,0.8,0.0,0.0,0.0,5.0,2.6,0.0,0.0
71012,020,2,08,Bavli,0.25,0.0,0.25,1.0,0.0,0.0,0.0,4.0,3.0,0.0,0.0
71012,020,2,09,Bavli,0.125,0.0,0.125,0.5,0.0,0.0,0.0,8.0,3.625,0.0,0.0
71012,020,2,10,Bavli,0.0,0.0,0.4286,0.4286,0.2857,0.0,0.0,7.0,3.7143,0.0,0.5
71012,020,2,11,Bavli,0.5,0.0,0.0,0.5,1.0,0.0,0.0,2.0,5.5,0.5,0.0
71012,021,1,04,Bavli,0.3333,0.0,0.6667,0.5,0.0,0.0,0.0,3.0,4.3333,0.0,0.0
71012,021,1,05,Bavli,0.25,0.0,0.25,0.75,0.5,0.0,0.0,8.0,4.5,0.5,0.0
71012,021,1,08,Bavli,0.1667,0.1667,0.8333,0.8333,0.0,0.0,0.5,6.0,4.8333,0.0,0.0
71012,021,1,09,Bavli,0.4,0.0,0.2,0.8,0.4,0.0,0.0,5.0,4.2,0.5,0.0
71012,021,1,10,Bavli,0.0,0.0,0.3333,0.3333,0.0,0.0,0.0,6.0,3.8333,0.0,0.0
71012,021,1,11,Bavli,0.1111,0.0,0.2222,0.5556,0.2222,0.0,0.0,9.0,3.8889,0.0,0.0
71012,021,1,12,Bavli,0.25,0.0,0.75,1.0,0.5,0.0,0.0,4.0,4.75,0.5,0.0
71012,021,2,01,Bavli,0.5,0.0,0.3333,0.6667,0.6667,0.0,0.3333,6.0,5.0,0.0,0.0
71012,021,2,02,Bavli,0.125,0.0,0.375,0.75,1.0,0.0,0.0,8.0,4.25,0.0,0.25
71012,021,2,03,Bavli,0.25,0.25,0.5,0.5,0.0,0.0,0.5,4.0,4.75,0.0,0.0
71012,021,2,07,Bavli,0.3333,0.3333,0.3333,0.5,0.0,0.0,0.0,3.0,3.6667,0.0,0.0
71012,021,2,08,Bavli,0.3333,0.0,0.3333,0.8333,0.1667,0.0,0.0,6.0,5.3333,0.0,1.0
71012,021,2,09,Bavli,0.2,0.2,0.2,1.0,0.4,0.0,0.5,5.0,4.2,0.0,0.5
71012,021,2,11,Bavli,0.4,0.0,0.6,0.8,0.2,0.0,0.0,5.0,5.2,0.0,1.0
71012,021,2,13,Bavli,0.0,0.0,0.25,1.0,0.5,0.0,0.0,4.0,3.5,0.0,0.5
71012,021,2,14,Bavli,0.4,0.0,0.2,0.8,0.4,0.0,0.0,5.0,4.6,0.5,0.0
71012,021,2,15,Bavli,0.2,0.0,0.6,0.8,0.0,0.0,0.0,5.0,4.6,0.0,0.0
71012,021,2,16,Bavli,0.3333,0.0,0.0,0.5,0.0,0.0,0.0,3.0,4.0,0.0,0.0
71012,022,1,06,Bavli,0.0,0.0,0.6667,0.6667,0.0,0.0,0.0,6.0,3.5,0.0,0.0
71012,022,1,07,Bavli,0.0,0.0,0.1667,0.3333,0.0,0.0,0.0,6.0,4.8333,0.0,0.0
71012,022,1,08,Bavli,0.0,0.0,0.625,0.5,0.5,0.0,0.0,8.0,4.75,0.0,0.25
71012,022,1,09,Bavli,0.0,0.0,0.0,0.5,0.0,0.0,0.0,2.0,4.0,0.0,0.0
71012,022,1,10,Bavli,0.0,0.0,0.0,0.5,0.0,0.0,0.0,1.0,5.0,0.0,0.0
71012,022,1,12,Bavli,0.25,0.0,0.75,0.5,0.5,0.0,0.0,4.0,3.75,0.0,0.0
71012,022,1,14,Bavli,0.5,0.0,0.5,0.5,0.0,0.0,0.0,2.0,4.0,0.0,0.0
71012,022,1,15,Bavli,0.25,0.0,0.25,0.75,1.0,0.0,0.0,4.0,4.75,0.0,0.0
71012,022,1,16,Bavli,0.0,0.0,0.4286,0.4286,0.2857,0.0,0.0,7.0,4.4286,0.0,0.0
71012,022,1,17,Bavli,0.0,0.0,0.3333,0.4444,0.2222,0.0,0.0,9.0,3.7778,0.0,0.0
71012,022,1,18,Bavli,0.4,0.0,0.6,0.6,0.8,0.0,0.0,5.0,4.8,0.0,0.0
71012,022,1,19,Bavli,0.0,0.0,0.6,0.8,0.2,0.0,0.0,5.0,3.8,0.0,1.0
71012,022,1,25,Bavli,0.1667,0.0,0.5,0.6667,0.0,0.0,1.0,6.0,3.6667,0.0,0.0
71012,022,1,28,Bavli,0.0,0.0,0.6,0.8,0.4,0.0,0.0,5.0,4.6,0.0,0.5
71012,022,1,29,Bavli,0.2857,0.0,0.4286,0.7143,0.8571,0.0,0.0,7.0,4.7143,0.0,0.1667
71012,022,1,30,Bavli,0.0,0.0,0.3,0.7,0.6,0.0,0.0,10.0,3.5,0.0,0.1667
71012,022,1,31,Bavli,0.0,0.0,0.0,0.75,0.5,0.0,0.0,4.0,4.5,0.0,0.0
71012,022,1,32,Bavli,0.0,0.0,0.2857,0.7143,0.5714,0.0,0.0,7.0,4.5714,0.0,0.25
71012,022,1,33,Bavli,0.0,0.0,0.2222,0.4444,0.2222,0.0,0.0,9.0,3.8889,0.0,0.5
71012,022,1,34,Bavli,0.0,0.0,0.3333,0.5,0.6667,0.0,0.0,6.0,3.6667,0.0,0.5
71012,022,1,35,Bavli,0.25,0.0,0.625,0.75,0.5,0.0,0.0,8.0,4.75,0.0,0.25
71012,022,1,40,Bavli,0.0,0.0,0.3333,0.5,0.6667,0.0,0.0,3.0,5.6667,0.0,0.0
71012,022,1,41,Bavli,0.1429,0.0,0.1429,0.4286,0.2857,0.0,0.0,7.0,4.5714,0.0,0.0
71012,022,1,42,Bavli,0.0,0.0,0.3333,0.6667,0.6667,0.0,0.0,6.0,4.5,0.0,0.0
71012,022,2,17,Bavli,0.0,0.0,0.0,0.5,2.0,0.0,0.0,1.0,4.0,0.0,0.0
71012,022,2,18,Bavli,0.0,0.0,0.3333,0.8333,0.3333,0.0,0.0,6.0,4.1667,0.0,0.5
71012,022,2,19,Bavli,0.0,0.0,0.4,0.7,0.8,0.0,0.0,10.0,5.4,0.0,0.375
71012,022,2,22,Bavli,0.1429,0.2857,0.4286,0.7143,0.2857,0.0,0.3333,7.0,3.8571,0.5,0.0
71012,022,2,31,Bavli,0.3333,0.3333,0.6667,0.5,0.0,0.0,0.0,3.0,5.0,0.0,0.0
71012,022,2,45,Bavli,0.0,0.0,0.4444,0.5556,0.2222,0.0,0.0,9.0,4.2222,0.0,0.0
71012,022,2,46,Bavli,0.0,0.0,0.1,0.3,0.4,0.0,0.0,10.0,4.4,0.0,0.25
71012,022,2,47,Bavli,0.0909,0.0,0.1818,0.3636,0.5455,0.0,0.0,11.0,4.7273,0.1667,0.0
71012,023,1,05,Bavli,0.0,0.0,0.3,0.6,0.2,0.0,0.0,10.0,3.5,0.0,0.5
71012,023,1,06,Bavli,0.0,0.0,0.5,0.5,0.0,0.0,0.0,2.0,4.5,0.0,0.0
71012,023,1,26,Bavli,0.0,0.0,1.0,0.5,2.0,0.0,0.0,1.0,8.0,0.0,0.0
71012,023,1,27,Bavli,0.0,0.0,0.6667,0.8333,0.6667,0.0,0.0,6.0,4.6667,0.0,0.0
71012,023,1,28,Bavli,0.0,0.0,0.5,0.3333,0.3333,0.0,0.0,6.0,5.0,0.0,0.0
71012,023,1,29,Bavli,0.0,0.0,0.5,0.8333,1.0,0.0,0.0,6.0,4.5,0.0,0.1667
71012,023,1,30,Bavli,0.0,0.0,0.5,0.5,1.0,0.0,0.0,2.0,6.5,0.0,0.0
71012,023,1,31,Bavli,0.0,0.0,0.5,0.5,0.3333,0.0,0.0,6.0,4.5,0.0,0.0
71012,023,1,32,Bavli,0.0,0.0,0.5,1.0,0.6667,0.0,0.0,6.0,4.6667,0.0,0.0
71012,023,1,33,Bavli,0.1429,0.1429,0.7143,1.0,0.5714,0.0,0.0,7.0,4.2857,0.0,0.0
71012,023,1,34,Bavli,0.0,0.0,1.0,0.8,0.4,0.0,0.0,5.0,5.6,0.0,0.0
71012,023,1,35,Bavli,0.0,0.0,0.0,0.25,0.5,0.0,0.0,4.0,4.5,0.0,0.0
71012,023,1,36,Bavli,0.2,0.0,0.2,0.6,0.4,0.0,0.0,5.0,4.8,0.5,0.0
71012,023,1,39,Bavli,0.0,0.0,0.3333,0.5,0.3333,0.0,0.0,6.0,4.5,0.0,0.0
71012,023,1,40,Bavli,0.0,0.0,0.7143,0.4286,0.0,0.0,0.0,7.0,3.8571,0.0,0.0
71012,023,1,41,Bavli,0.0,0.0,0.1429,0.4286,0.5714,0.0,0.0,7.0,4.4286,0.0,0.0
71012,023,1,42,Bavli,0.0,0.0,1.0,0.5,2.0,0.0,0.0,1.0,6.0,0.0,0.0
71012,023,1,43,Bavli,0.0,0.0,0.5,0.25,0.0,0.0,0.0,4.0,4.5,0.0,0.0
71012,023,1,44,Bavli,0.0,0.0,0.3333,0.6667,0.6667,0.0,0.0,6.0,4.8333,0.0,0.0
71012,023,1,45,Bavli,0.1429,0.0,0.5714,0.8571,0.0,0.0,0.0,7.0,3.8571,0.0,0.0
71012,023,1,46,Bavli,0.0,0.1429,0.4286,0.7143,0.2857,0.0,0.0,7.0,4.5714,0.0,0.0
71012,023,1,47,Bavli,0.0,0.0,0.5,0.5,0.0,0.0,0.0,4.0,5.75,0.0,0.0
71012,023,1,48,Bavli,0.0,0.0,0.7143,0.7143,0.0,0.0,0.0,7.0,4.1429,0.0,0.0
71012,023,1,49,Bavli,0.5,0.0,0.0,0.5,0.0,0.0,0.0,2.0,6.5,0.0,0.0
71012,023,1,51,Bavli,0.0,0.0,1.0,0.5,0.0,0.0,0.0,3.0,4.0,0.0,0.0
71012,023,1,52,Bavli,0.0571,0.0286,0.3143,0.4,0.2857,0.0,0.0,35.0,4.2286,0.0,0.3
71012,023,2,20,Bavli,0.1667,0.0,0.8333,0.8333,0.3333,0.0,0.0,6.0,4.1667,0.5,0.0
71012,024,1,03,Bavli,0.0,0.0,0.4,0.8,0.8,0.0,0.0,5.0,4.0,0.25,0.0
71012,024,1,04,Bavli,0.0,0.0,0.0,0.1667,0.3333,0.0,0.0,6.0,4.5,0.0,0.0
71012,024,1,05,Bavli,0.0,0.0,0.2,0.6,0.4,0.0,0.0,5.0,5.2,0.0,0.5
71012,024,1,07,Bavli,0.125,0.0,0.125,0.125,0.0,0.0,0.0,8.0,3.75,0.0,0.0
71012,024,1,08,Bavli,0.0,0.0,0.2222,0.4444,0.4444,0.0,0.0,9.0,3.7778,0.25,0.0
71012,024,1,09,Bavli,0.0,0.125,0.25,0.375,0.25,0.0,0.0,8.0,3.625,0.0,0.5
71012,024,1,19,Bavli,0.0,0.0,0.5,1.0,1.0,0.0,0.0,4.0,3.5,0.0,0.0
71012,024,1,20,Bavli,0.1429,0.0,0.1429,0.2857,0.2857,0.0,0.0,7.0,4.1429,0.5,0.0
71012,024,1,21,Bavli,0.0,0.0,0.5,0.5,1.0,0.0,0.0,2.0,6.0,0.0,0.0
71012,024,1,26,Bavli,0.0,0.0,0.5,0.5,1.0,0.0,0.0,2.0,3.0,0.0,0.0
71012,024,1,27,Bavli,0.1667,0.0,0.1667,0.5,0.0,0.0,0.0,6.0,4.8333,0.0,0.0
71012,024,1,28,Bavli,0.0,0.0,0.2222,0.5556,0.2222,0.0,0.0,9.0,4.7778,0.0,0.0
71012,024,2,04,Bavli,0.0,0.0,0.0,0.5,0.0,0.0,0.0,2.0,2.0,0.0,0.0
71012,024,2,05,Bavli,0.125,0.0,0.5,0.875,0.25,0.0,0.0,8.0,3.25,0.0,0.5
71012,024,2,06,Bavli,0.0,0.0,0.6,0.7,0.4,0.0,0.0,10.0,4.0,0.0,0.5
71012,024,2,13,Bavli,0.0,0.0,0.4286,0.8571,0.2857,0.0,0.0,7.0,3.1429,0.0,0.0
71012,024,2,14,Bavli,0.0,0.0,0.2222,0.3333,0.6667,0.0,0.0,9.0,4.1111,0.0,0.0
71012,024,2,15,Bavli,0.3333,0.0,0.6667,0.5,0.0,0.0,1.0,3.0,3.6667,0.0,0.0
71012,024,2,24,Bavli,0.0,0.0,0.0,0.5,1.0,0.0,0.0,2.0,4.0,0.0,0.0
71012,024,2,25,Bavli,0.0,0.0,0.0,0.6,0.4,0.0,0.0,5.0,4.4,0.5,0.0
71012,024,2,26,Bavli,0.25,0.0,1.0,1.0,0.0,0.0,0.0,4.0,3.75,0.0,0.0
71012,024,2,27,Bavli,0.0,0.2,0.2,1.0,0.8,0.0,1.0,5.0,5.4,0.25,0.0
71012,025,1,05,Bavli,0.0,0.0,0.25,0.25,0.5,0.0,0.0,4.0,5.0,0.0,0.0
71012,025,1,14,Bavli,0.0769,0.0,0.3846,0.6154,0.4615,0.0,1.0,13.0,5.0,0.0,0.3333
71012,025,1,16,Bavli,0.5,0.0,1.0,0.5,0.0,0.0,1.0,2.0,5.0,0.0,0.0
71012,025,1,18,Bavli,0.2,0.2,0.6,0.8,0.0,0.0,0.5,5.0,3.2,0.0,0.0
71012,025,1,19,Bavli,0.1111,0.2222,0.3333,0.5556,0.0,0.0,1.0,9.0,4.6667,0.0,0.0
71012,025,1,25,Bavli,0.0,0.0,0.5,1.0,0.5,0.0,0.0,4.0,5.75,0.0,0.0
71012,025,1,27,Bavli,0.0,0.0,0.0,0.5,2.0,0.0,0.0,1.0,7.0,0.0,0.0
71012,025,2,22,Bavli,0.0,0.0,0.6667,0.5,0.6667,0.0,0.0,3.0,3.3333,0.0,0.5
71012,025,2,23,Bavli,0.1667,0.0,0.5,0.75,0.3333,0.0,0.0,12.0,3.6667,0.0,0.5
71012,025,2,25,Bavli,0.1667,0.1667,0.3333,0.6667,0.0,0.0,0.5,6.0,4.6667,0.0,0.0
71012,025,2,26,Bavli,0.0,0.125,0.375,0.625,0.5,0.0,0.0,8.0,4.75,0.0,0.0
71012,025,2,27,Bavli,0.0,0.0,0.0,0.5,0.0,0.0,0.0,2.0,5.5,0.0,0.0
71012,025,2,29,Bavli,0.0,0.0,0.3333,0.5,0.6667,0.0,0.0,6.0,5.5,0.0,0.0
71012,025,2,31,Bavli,0.0,0.0,0.0,0.5,0.0,0.0,0.0,2.0,5.0,0.0,0.0
71012,025,2,32,Bavli,0.0,0.2308,0.3846,0.4615,0.1538,0.0,1.0,13.0,5.5385,0.0,0.0
71012,025,2,36,Bavli,0.0,0.0,0.2222,0.5556,0.2222,0.0,1.0,9.0,3.7778,0.5,0.0
71012,025,2,37,Bavli,0.5,0.0,0.0,0.5,0.0,0.0,0.0,2.0,5.5,0.0,0.0
71012,025,2,39,Bavli,0.3333,0.0,0.3333,0.5,0.6667,0.0,0.0,3.0,3.6667,0.0,0.5
71012,025,2,40,Bavli,0.3333,0.1111,0.5556,1.0,0.2222,0.0,0.5,9.0,5.2222,0.0,0.5
71012,026,1,29,Bavli,0.0,0.5,0.0,0.5,0.0,0.0,0.0,2.0,3.5,0.0,0.0
71012,026,1,30,Bavli,0.125,0.0,0.4375,0.75,0.375,0.0,0.5,16.0,4.5625,0.0,0.3333
71012,026,1,35,Bavli,0.0,0.0,0.0,0.5,0.6667,0.0,0.0,3.0,3.0,0.0,0.0
71012,026,1,36,Bavli,0.1429,0.1429,0.2143,0.5,0.2857,0.0,0.0,14.0,4.0714,0.0,0.0
71012,026,1,37,Bavli,0.0,0.0,0.2143,0.2857,0.2857,0.0,0.0,14.0,3.9286,0.0,0.25
71012,026,1,38,Bavli,0.0,0.0,0.4,0.5333,0.2667,0.0,0.0,15.0,3.8,0.0,0.5
71012,026,1,39,Bavli,0.0833,0.0,0.1667,0.5,0.1667,0.0,0.0,12.0,4.25,0.5,0.0
71012,026,2,08,Bavli,0.2,0.0,0.4,0.8,0.4,0.0,0.0,10.0,3.6,0.0,0.25
71012,026,2,09,Bavli,0.0,0.0,0.5,0.625,0.25,0.0,0.0,8.0,4.125,0.0,0.5
71012,026,2,10,Bavli,0.0,0.0,0.4286,0.4286,0.2857,0.0,0.0,7.0,4.1429,0.0,0.5
71012,026,2,11,Bavli,0.0,0.0,0.7143,0.7143,0.5714,0.0,0.0,7.0,4.2857,0.0,0.25
71012,026,2,12,Bavli,0.0,0.0,0.5,0.5,0.5,0.0,0.0,8.0,3.5,0.0,0.25
71012,026,2,13,Bavli,0.0,0.0,0.3333,0.5,0.0,0.0,0.0,3.0,4.3333,0.0,0.0
71012,026,2,14,Bavli,0.4,0.0,0.2,0.8,0.4,0.0,0.0,5.0,4.4,0.0,0.0
71012,026,2,25,Bavli,0.0,0.0,0.75,0.75,0.5,0.0,0.0,4.0,5.0,0.0,0.5
71012,026,2,28,Bavli,0.0,0.0,1.0,0.5,2.0,0.0,0.0,1.0,9.0,0.0,0.0
71012,026,2,29,Bavli,0.0,0.1333,0.4667,0.5333,0.4,0.0,0.5,15.0,3.8667,0.0,0.0
71012,026,2,31,Bavli,0.0,0.0,0.0,0.0,0.0,0.0,0.0,6.0,4.6667,0.0,0.0
71012,026,2,32,Bavli,0.0,0.1429,0.4286,0.7143,0.2857,0.0,0.0,7.0,4.0,0.0,0.0
71012,026,2,33,Bavli,0.0,0.0,0.2,0.4,0.8,0.0,0.0,5.0,4.2,0.0,0.0
71012,026,2,34,Bavli,0.0,0.0,1.0,0.5,0.6667,0.0,0.0,3.0,4.6667,0.0,0.0
71012,027,1,01,Bavli,0.3333,0.0,0.3333,0.5,0.6667,0.0,0.0,3.0,4.6667,0.5,0.0
71012,027,1,11,Bavli,0.0,0.0,0.0,0.25,0.5,0.0,0.0,4.0,4.5,0.0,0.0
71027,002,1,37,Bavli,0.1111,0.1111,0.7778,0.4444,0.2222,0.0,0.0,9.0,4.1111,0.0,0.5
71027,002,1,46,Bavli,0.0667,0.0,0.6667,0.6667,0.5333,0.0,0.0,15.0,4.0,0.0,0.5
71027,002,1,48,Bavli,0.1765,0.0588,0.3529,0.6471,0.3529,0.0,0.0,17.0,3.5882,0.1667,0.1667
71027,002,2,02,Bavli,1.0,0.0,0.0,0.5,0.0,0.0,0.0,1.0,4.0,0.0,0.0
71027,002,2,03,Bavli,0.0,0.0,0.0,0.5,2.0,0.0,0.0,2.0,6.5,0.0,0.0
71027,002,2,04,Bavli,0.1429,0.0,0.4286,0.7143,0.8571,0.0,1.0,7.0,3.8571,0.0,0.0
71027,002,2,05,Bavli,0.0,0.0,0.3333,0.5556,0.8889,0.0,0.0,9.0,4.1111,0.0,0.125
71027,002,2,06,Bavli,0.0,0.0,0.5714,0.8571,0.8571,0.0,0.0,7.0,3.8571,0.0,0.1667
71027,002,2,07,Bavli,0.125,0.0,0.5,0.875,1.0,0.0,1.0,8.0,4.125,0.0,0.125
71027,002,2,08,Bavli,0.1429,0.0,0.1429,0.5714,0.5714,0.0,0.0,7.0,3.8571,0.0,0.0
71027,002,2,09,Bavli,0.0,0.0,0.375,0.625,0.75,0.0,0.0,8.0,3.875,0.0,0.0
71027,002,2,10,Bavli,0.0,0.0,0.5,0.5,1.0,0.0,0.0,2.0,4.0,0.0,0.0
71027,002,2,21,Bavli,0.0,0.0,0.5,0.5,0.0,0.0,0.0,2.0,4.5,0.0,0.0
71027,002,2,23,Bavli,0.0,0.0,0.4444,0.2222,0.6667,0.0,0.0,9.0,5.5556,0.0,0.1667
71027,002,2,24,Bavli,0.0,0.0,0.2,0.4,0.0,0.0,0.0,5.0,3.0,0.0,0.0
71027,002,2,25,Bavli,0.0,0.0,0.4,0.8,1.6,0.0,0.0,5.0,3.8,0.0,0.125
71027,002,2,35,Bavli,0.0,0.0,0.4,0.4,0.4,0.0,0.0,5.0,4.8,0.0,0.0
71027,002,2,36,Bavli,0.5,0.0,0.5,0.5,0.0,0.0,0.0,2.0,6.0,0.0,0.0
71027,002,2,46,Bavli,0.1667,0.0,0.3333,0.6667,0.0,0.0,0.0,6.0,4.1667,0.0,0.0
71027,002,2,53,Bavli,0.2222,0.0,0.5556,0.7778,0.0,0.0,0.0,9.0,4.1111,0.0,0.0
71027,002,2,54,Bavli,0.1667,0.0,0.5,1.0,0.6667,0.0,1.0,6.0,5.5,0.25,0.25
71027,003,1,03,Bavli,0.0,0.1667,0.1667,0.6667,0.3333,0.0,0.0,6.0,3.8333,0.0,0.5
71027,003,1,11,Bavli,0.25,0.0,0.75,1.0,0.5,0.0,0.0,4.0,4.75,0.0,0.0
71027,003,1,15,Bavli,0.2,0.0,0.4,0.6,0.4,0.0,0.0,5.0,3.6,0.0,0.0
71027,003,1,24,Bavli,0.0,0.0,0.4,0.8,0.8,0.0,0.0,5.0,4.8,0.0,0.0
71027,003,1,36,Bavli,0.0,0.0909,0.2727,0.5455,0.3636,0.0,0.0,11.0,4.5455,0.0,0.0
71027,003,1,37,Bavli,0.0625,0.0,0.625,0.8125,0.5,0.0,0.0,16.0,4.5625,0.0,0.375
71027,003,1,38,Bavli,0.0,0.0,0.75,0.5,0.625,0.0,0.0,16.0,4.1875,0.0,0.2
71027,003,1,39,Bavli,0.0,0.0,0.2727,0.4545,0.3636,0.0,0.0,11.0,3.7273,0.0,0.25
71027,003,1,40,Bavli,0.0769,0.0,0.3846,0.6923,0.3077,0.0,0.0,13.0,3.8462,0.0,0.0
71027,003,1,41,Bavli,0.0,0.0833,0.75,0.6667,0.1667,0.0,0.0,12.0,3.8333,0.0,0.0
71027,003,1,42,Bavli,0.1429,0.1429,0.2857,1.0,0.2857,0.0,0.5,7.0,4.1429,0.0,0.0
71027,003,1,43,Bavli,0.0,0.0,0.2222,0.5556,0.4444,0.0,0.0,9.0,3.3333,0.0,0.0
71027,003,1,44,Bavli,0.1667,0.0,0.5,0.8333,0.1667,0.0,0.5,12.0,4.3333,0.0,0.0
71027,003,1,45,Bavli,0.0,0.0,0.0,0.25,0.5,0.0,0.0,4.0,4.5,0.0,0.0
71027,003,1,46,Bavli,0.0,0.0,0.875,0.75,0.5,0.0,0.0,8.0,4.625,0.0,0.0
71027,003,1,47,Bavli,0.0,0.0,1.0,0.5,0.0,0.0,0.0,1.0,5.0,0.0,0.0
71027,003,1,48,Bavli,0.0,0.0,0.5714,0.5714,0.7143,0.0,0.0,21.0,4.0476,0.0,0.2667
71027,003,2,01,Bavli,0.0,0.0,0.4615,0.5385,0.3077,0.0,0.0,13.0,3.6923,0.0,0.25
71027,003,2,14,Bavli,0.0,0.0,0.4545,0.7273,0.3636,0.0,0.0,11.0,3.9091,0.0,0.25
71027,003,2,15,Bavli,0.5,0.0,1.0,0.5,1.0,0.0,0.0,2.0,6.5,0.0,0.5
71027,003,2,18,Bavli,0.0,0.0,0.5,0.5,1.0,0.0,0.0,2.0,3.0,0.0,0.0
71027,003,2,19,Bavli,0.0,0.0,0.3333,0.8333,0.3333,0.0,0.0,6.0,4.1667,0.0,0.5
71027,003,2,20,Bavli,0.25,0.0,0.5,1.0,0.5,0.0,0.0,4.0,4.75,0.0,0.5
71027,003,2,24,Bavli,0.5,0.0,0.5,0.5,0.0,0.0,0.0,2.0,4.0,0.0,0.0
71027,003,2,26,Bavli,0.1111,0.0,0.4444,0.7778,0.2222,0.0,0.0,9.0,3.6667,0.0,0.5
71027,003,2,27,Bavli,1.0,0.0,0.0,0.5,0.0,0.0,0.0,1.0,7.0,0.0,0.0
71027,003,2,28,Bavli,0.2,0.0,0.2,1.0,0.6,0.0,0.0,5.0,3.6,0.3333,0.0
71027,003,2,29,Bavli,0.1111,0.0,0.4444,0.4444,0.4444,0.0,0.0,9.0,4.2222,0.0,0.0
71027,003,2,32,Bavli,0.2222,0.0,0.2222,0.7778,0.8889,0.0,0.0,9.0,3.4444,0.125,0.0
71027,003,2,33,Bavli,0.25,0.25,0.75,1.0,0.5,0.0,0.0,4.0,6.0,0.0,0.0
71027,003,2,34,Bavli,0.4375,0.0,0.25,0.75,0.625,0.0,0.1429,16.0,4.75,0.3,0.0
71027,003,2,35,Bavli,0.4,0.0,0.6,1.0,0.8,0.0,0.0,5.0,6.0,0.25,0.0
71027,003,2,45,Bavli,0.0,0.0,1.5,0.5,0.0,0.0,0.0,2.0,5.0,0.0,0.0
71027,003,2,46,Bavli,0.0714,0.0,0.5,0.6429,1.0,0.0,0.0,14.0,5.0714,0.0,0.2143
71027,003,2,47,Bavli,0.1667,0.0,0.5,0.8333,0.3333,0.0,0.0,6.0,2.5,0.0,0.5
71027,004,1,03,Bavli,0.0,0.0,0.3333,0.8333,1.3333,0.0,0.0,6.0,3.3333,0.0,0.125
71027,004,1,08,Bavli,0.0,0.0,1.0,0.8,0.8,0.0,0.0,5.0,4.2,0.0,0.25
71027,004,1,09,Bavli,0.0,0.0,0.6667,0.5,0.6667,0.0,0.0,3.0,4.3333,0.0,0.0
71027,004,1,10,Bavli,0.0,0.0,1.0,0.75,1.0,0.0,0.0,4.0,4.75,0.0,0.0
71027,004,1,12,Bavli,0.0,0.25,0.5,1.0,0.5,0.0,0.0,4.0,4.0,0.0,0.5
71027,004,1,13,Bavli,0.0,0.0,1.0,0.5,2.0,0.0,0.0,1.0,7.0,0.0,0.0
71027,004,1,16,Bavli,0.2727,0.0,0.4545,0.7273,1.0909,0.0,0.0,11.0,4.2727,0.0,0.0833
71027,004,1,29,Bavli,0.0,0.0,0.75,1.0,0.5,0.0,0.0,4.0,4.25,0.0,0.0
71027,004,1,30,Bavli,0.2857,0.1429,0.1429,1.0,0.2857,0.0,0.0,7.0,3.7143,0.5,0.0
71027,004,1,31,Bavli,0.4,0.0,0.2,0.8,0.4,0.0,0.0,5.0,4.0,0.0,0.0
71027,004,1,43,Bavli,0.0,0.25,0.25,1.0,1.0,0.0,0.0,4.0,3.75,0.25,0.0
71027,004,1,48,Bavli,0.0,0.0,0.1818,0.3636,0.1818,0.0,0.0,11.0,3.5455,0.0,0.0
71027,004,2,06,Bavli,0.125,0.0,0.75,0.875,0.25,0.0,0.0,8.0,3.75,0.0,0.5
71027,004,2,19,Bavli,0.0,0.0,0.625,0.875,0.5,0.0,0.0,8.0,3.75,0.0,0.25
71027,004,2,20,Bavli,0.0,0.0,0.0769,0.3077,0.3077,0.0,0.0,13.0,4.6154,0.0,0.0
71027,005,1,44,Bavli,0.2857,0.1429,0.1429,0.7143,0.2857,0.0,0.3333,7.0,4.4286,0.0,0.0
71027,005,1,45,Bavli,0.3333,0.0,0.0,0.6667,0.6667,0.0,0.5,6.0,4.0,0.0,0.0
71027,005,1,46,Bavli,0.4167,0.0,0.4167,0.8333,0.1667,0.0,0.4,12.0,4.8333,0.0,0.5
71027,005,1,48,Bavli,0.25,0.0,0.0,0.625,0.5,0.0,0.5,8.0,3.875,0.0,0.0
71027,005,1,49,Bavli,0.3333,0.0,0.6667,0.5,0.6667,0.0,0.0,3.0,4.0,0.5,0.0
71027,005,1,50,Bavli,0.5,0.0,0.375,0.375,0.5,0.0,0.0,8.0,4.625,0.5,0.0
71027,005,2,08,Bavli,0.5,0.0,0.5,0.5,0.0,0.0,0.0,2.0,4.0,0.0,0.0
71027,005,2,09,Bavli,1.0,0.0,0.0,0.5,0.0,0.0,0.0,1.0,8.0,0.0,0.0
71027,005,2,11,Bavli,0.25,0.0,0.5,0.75,0.0,0.0,1.0,4.0,3.5,0.0,0.0
71027,005,2,12,Bavli,0.0,0.0,0.0,0.5,2.0,0.0,0.0,1.0,6.0,0.0,0.0
71027,005,2,45,Bavli,0.1053,0.0263,0.2368,0.3421,0.5263,0.0,0.0,38.0,3.8421,0.05,0.2
71027,006,1,09,Bavli,0.0,0.0,0.2,0.6,0.4,0.0,0.0,5.0,4.0,0.0,0.5
71027,006,1,10,Bavli,0.5,0.0,0.5,0.5,1.0,0.0,0.0,2.0,5.5,0.5,0.0
71027,006,1,17,Bavli,0.0,0.0,0.3333,0.6667,0.6667,0.0,0.0,6.0,4.1667,0.0,0.25
71027,006,1,18,Bavli,0.0,0.6667,0.0,0.5,0.6667,0.0,0.5,3.0,5.3333,0.0,0.0
71027,006,1,26,Bavli,0.0,0.0,0.5,1.0,1.0,0.0,0.0,4.0,4.75,0.0,0.0
71027,006,1,29,Bavli,0.2,0.0,0.4,0.6,0.0,0.0,0.0,5.0,3.8,0.0,0.0
71027,006,1,33,Bavli,0.0,0.0,1.1429,0.7143,0.5714,0.0,0.0,7.0,4.2857,0.0,0.5
71027,006,1,34,Bavli,0.0,0.0,0.0,0.5,2.0,0.0,0.0,2.0,4.5,0.0,0.0
71027,006,1,36,Bavli,0.2,0.0,0.6,0.8,0.4,0.0,0.0,5.0,3.0,0.0,0.0
71027,006,2,01,Bavli,0.0,0.0,0.375,0.625,0.5,0.0,0.0,8.0,3.875,0.0,0.0
71027,006,2,02,Bavli,0.0,0.25,0.5,0.75,0.0,0.0,1.0,4.0,4.25,0.0,0.0
71027,006,2,06,Bavli,0.0,0.0,0.5,1.0,0.5,0.0,0.0,4.0,3.25,0.0,0.5
71027,006,2,15,Bavli,0.0,0.0,0.6667,0.5,0.6667,0.0,0.0,3.0,3.3333,0.0,0.5
71027,006,2,30,Bavli,0.1429,0.1429,0.1429,0.5714,0.2857,0.0,0.0,7.0,3.7143,0.0,0.5
71027,006,2,38,Bavli,0.0,0.0,1.0,1.0,0.5,0.0,0.0,4.0,4.25,0.0,0.0
71027,006,2,39,Bavli,0.125,0.0,0.625,0.875,0.5,0.0,0.0,8.0,3.875,0.0,0.5
71027,006,2,40,Bavli,0.25,0.0,0.25,1.0,0.5,0.0,1.0,4.0,4.0,0.0,0.0
71027,007,1,28,Bavli,0.0,0.0,0.5,1.0,0.5,0.0,0.0,4.0,2.75,0.0,0.5
71027,007,1,32,Bavli,0.0,0.0,0.0,0.5,0.6667,0.0,0.0,3.0,5.3333,0.0,0.0
71027,007,1,51,Bavli,0.0,0.0,0.75,0.75,0.0,0.0,0.0,4.0,5.5,0.0,0.0
71027,007,2,03,Bavli,0.0,0.0,0.4286,0.7143,0.5714,0.0,0.0,7.0,4.4286,0.0,0.0
71027,007,2,04,Bavli,0.1111,0.1111,0.3333,0.6667,0.4444,0.0,0.0,9.0,4.0,0.0,0.5
71027,007,2,05,Bavli,0.0,0.1429,0.5714,0.7143,0.5714,0.0,0.0,7.0,3.7143,0.0,0.25
71027,007,2,06,Bavli,0.5,0.0,0.5,1.0,0.5,0.0,0.5,4.0,4.5,0.0,0.5
71027,007,2,07,Bavli,0.1852,0.1481,0.5926,0.4444,0.3704,0.0,0.3333,27.0,4.4815,0.0,0.2
71027,007,2,15,Bavli,0.0,0.25,1.0,1.0,0.0,0.0,0.0,4.0,3.75,0.0,0.0
71027,007,2,16,Bavli,0.3333,0.1667,0.1667,1.0,0.6667,0.0,0.6667,6.0,3.8333,0.0,0.25
71027,007,2,20,Bavli,0.0,0.0,0.0,0.5,2.0,0.0,0.0,1.0,5.0,0.0,0.0
71027,008,1,05,Bavli,0.25,0.0,0.0,0.5,0.5,0.0,0.0,4.0,4.25,0.5,0.0
71027,008,1,39,Bavli,0.1667,0.0,1.1667,0.8333,0.3333,0.0,0.0,6.0,4.8333,0.0,0.5
71027,008,1,40,Bavli,0.0,0.0,0.3333,0.5,0.6667,0.0,0.0,3.0,3.6667,0.0,0.0
71027,008,1,41,Bavli,0.1429,0.0,0.4286,0.4286,0.2857,0.0,0.0,7.0,3.8571,0.0,0.0
71027,008,1,43,Bavli,0.0,0.0,0.4286,0.5714,0.2857,0.0,0.0,7.0,3.4286,0.0,0.5
71027,008,1,47,Bavli,0.1111,0.0,0.1111,0.5556,0.5556,0.0,0.0,18.0,3.7778,0.1,0.0
71027,008,1,48,Bavli,0.0,0.0,0.3,0.1,0.6,0.0,0.0,20.0,4.45,0.0,0.0
71027,008,1,49,Bavli,0.0,0.0,0.1765,0.3529,0.5882,0.0,0.0,17.0,4.5882,0.0,0.0
71027,008,1,50,Bavli,0.1429,0.0,0.1429,0.4286,0.2857,0.0,0.3333,14.0,5.0,0.25,0.0
71027,008,1,51,Bavli,0.0909,0.0,0.2727,0.5455,0.3636,0.0,1.0,11.0,3.7273,0.0,0.0
71027,008,1,52,Bavli,0.0,0.0,0.4,0.6,0.4,0.0,0.0,5.0,3.2,0.0,0.5
71027,008,2,05,Bavli,0.0,0.0,0.5,0.5,0.0,0.0,0.0,2.0,5.0,0.0,0.0
71027,008,2,06,Bavli,0.0,0.0,0.5,0.5,1.0,0.0,0.0,2.0,6.5,0.0,0.0
71027,009,1,11,Bavli,0.0,0.125,0.375,0.875,1.0,0.0,0.0,8.0,3.875,0.0,0.125
71027,009,1,12,Bavli,0.5,0.0,1.0,0.5,0.0,0.0,0.0,2.0,3.5,0.0,0.0
71027,009,1,15,Bavli,0.0909,0.0,0.1818,0.4545,0.5455,0.0,0.0,11.0,4.3636,0.1667,0.0
71027,009,1,26,Bavli,0.0,0.0,0.75,0.5,0.5,0.0,0.0,4.0,3.75,0.0,0.5
71027,009,1,30,Bavli,0.2083,0.0,0.4167,0.4583,0.5833,0.0,0.0,24.0,4.375,0.1429,0.2857
71027,009,2,03,Bavli,0.1,0.2,0.7,0.7,0.4,0.0,0.0,10.0,3.7,0.0,0.5
71027,009,2,17,Bavli,0.0,0.0,0.0,0.5,0.6667,0.0,0.0,3.0,4.3333,0.0,0.0
71027,009,2,21,Bavli,0.0,0.0,0.5,1.0,1.0,0.0,0.0,4.0,4.75,0.0,0.25
71027,009,2,23,Bavli,0.0,0.0,0.5,0.5,0.0,0.0,0.0,4.0,4.25,0.0,0.0
71027,009,2,24,Bavli,0.0,0.0,0.3571,0.5714,0.7143,0.0,0.0,14.0,3.9286,0.0,0.2
71027,009,2,25,Bavli,0.3333,0.0,0.3333,0.5,0.0,0.0,0.0,3.0,5.0,0.0,0.0
71027,009,2,26,Bavli,0.0,0.0,0.5,0.5,0.0,0.0,0.0,2.0,5.5,0.0,0.0
71027,010,1,46,Bavli,0.0556,0.0,0.4444,0.6111,0.3333,0.0,0.0,18.0,4.0556,0.0,0.1667
71027,010,1,47,Bavli,0.2667,0.0,0.0667,0.4,0.5333,0.0,0.0,15.0,4.2667,0.5,0.0
71027,010,1,48,Bavli,0.1667,0.0,0.5,0.8333,0.8333,0.0,0.0,12.0,4.1667,0.0,0.2
71027,010,2,10,Bavli,0.0,0.0,0.0,0.5,0.0,0.0,0.0,3.0,3.6667,0.0,0.0
71027,010,2,11,Bavli,0.2,0.0,0.6,1.0,0.4,0.0,0.0,5.0,4.6,0.5,0.0
71027,010,2,17,Bavli,0.1429,0.0,0.4286,0.8571,0.5714,0.0,1.0,7.0,3.5714,0.0,0.25
71027,010,2,18,Bavli,0.4,0.0,0.4,1.0,0.4,0.0,0.5,5.0,3.4,0.0,0.5
71027,010,2,22,Bavli,0.6,0.0,0.2,0.4,0.0,0.0,0.0,5.0,3.2,0.0,0.0
71027,010,2,23,Bavli,0.0,0.0,0.2857,0.5714,0.5714,0.0,0.0,7.0,4.0,0.0,0.5
71027,010,2,24,Bavli,0.3333,0.0,0.1667,0.6667,0.6667,0.0,0.0,6.0,4.8333,0.25,0.0
71027,010,2,25,Bavli,0.0,0.0,0.25,0.75,0.75,0.0,0.0,8.0,5.0,0.1667,0.1667
71027,010,2,26,Bavli,0.5,0.0,0.3333,0.6667,0.0,0.0,0.0,6.0,5.5,0.0,0.0
71027,010,2,31,Bavli,0.0,0.0,0.1,0.5,0.6,0.0,0.0,10.0,3.7,0.0,0.0
71027,010,2,33,Bavli,0.0,0.1111,0.2222,0.6667,0.4444,0.0,0.0,9.0,3.7778,0.0,0.25
71027,010,2,35,Bavli,0.0,0.0,0.5,0.6667,0.3333,0.0,0.0,6.0,4.1667,0.0,0.0
71027,010,2,38,Bavli,0.0,0.0,0.3333,0.5,1.3333,0.0,0.0,3.0,4.0,0.0,0.0
71027,010,2,39,Bavli,0.0,0.0,0.8889,0.6667,1.1111,0.0,0.0,9.0,3.7778,0.0,0.3
71027,010,2,40,Bavli,0.1667,0.0,0.8333,0.8333,0.6667,0.0,0.0,6.0,4.8333,0.0,0.25
71027,010,2,49,Bavli,0.0,0.0,0.25,0.75,0.5,0.0,0.0,4.0,4.5,0.0,0.0
71027,010,2,54,Bavli,0.0667,0.0,0.4667,0.4,0.2667,0.0,0.0,15.0,3.8667,0.0,0.25
71027,011,1,01,Bavli,0.0,0.0,0.5714,0.7143,0.5714,0.0,0.0,7.0,4.0,0.0,0.0
71027,011,1,02,Bavli,0.125,0.0,0.625,0.5,0.5,0.0,0.0,8.0,4.5,0.0,0.25
71027,011,1,03,Bavli,0.0,0.0,0.0,0.5,0.0,0.0,0.0,1.0,8.0,0.0,0.0
71027,011,1,18,Bavli,0.0,0.0,0.0,0.5,2.0,0.0,0.0,1.0,4.0,0.0,0.0
71027,011,1,19,Bavli,0.0,0.0,1.0,0.625,0.5,0.0,0.0,8.0,4.375,0.0,0.25
71027,011,1,20,Bavli,0.0,0.0,0.6,0.8,0.4,0.0,0.0,5.0,3.8,0.0,0.0
71027,011,1,27,Bavli,0.0,0.0,0.5,0.5,0.0,0.0,0.0,2.0,3.5,0.0,0.0
71027,011,1,28,Bavli,0.1667,0.0,0.3333,0.6667,0.6667,0.0,0.0,6.0,5.3333,0.0,0.25
71027,011,1,29,Bavli,0.125,0.0,0.625,0.5,0.5,0.0,0.0,8.0,4.875,0.0,0.0
71027,011,1,30,Bavli,0.0,0.0,0.1875,0.4375,0.375,0.0,0.0,16.0,4.375,0.0,0.0
71027,011,1,31,Bavli,0.0,0.0,0.6,0.8,0.8,0.0,0.0,5.0,4.6,0.0,0.25
71027,011,1,34,Bavli,0.1818,0.1818,0.1818,0.5455,0.0,0.0,0.0,11.0,3.3636,0.0,0.0
71027,011,1,37,Bavli,0.0,0.0,1.0,0.5,0.0,0.0,0.0,2.0,5.0,0.0,0.0
71027,011,1,38,Bavli,0.0,0.0,0.4,0.6,0.8,0.0,0.0,10.0,4.3,0.0,0.125
71027,011,1,39,Bavli,0.0,0.0,0.4444,0.7778,0.4444,0.0,0.0,9.0,4.0,0.0,0.25
71027,011,1,40,Bavli,0.0,0.0,0.25,0.5,0.5,0.0,0.0,8.0,4.625,0.0,0.0
71027,011,1,41,Bavli,0.0,0.0,0.3333,0.3333,0.6667,0.0,0.0,6.0,4.5,0.0,0.0
71027,011,1,42,Bavli,0.0,0.0,0.4286,0.7143,0.5714,0.0,0.0,7.0,4.1429,0.0,0.0
71027,011,1,46,Bavli,0.0,0.0,0.1667,0.5,0.3333,0.0,0.0,6.0,4.1667,0.0,0.5
71027,011,1,48,Bavli,0.1333,0.0,0.3333,0.5333,0.8,0.0,0.0,15.0,4.2,0.0,0.0
71027,011,1,49,Bavli,0.25,0.0,0.25,0.75,0.5,0.0,0.0,8.0,4.625,0.0,0.25
71027,011,1,52,Bavli,0.2,0.0,0.4,0.4,0.4,0.0,0.0,5.0,5.0,0.0,0.0
71027,011,1,53,Bavli,0.0,0.0,0.6,0.6,0.0,0.0,0.0,5.0,5.0,0.0,0.0
71027,011,1,54,Bavli,0.2778,0.0,0.4444,0.7222,0.8333,0.0,0.0,18.0,5.0556,0.1333,0.0
71027,011,1,56,Bavli,0.0,0.0,0.3333,0.5,0.0,0.0,0.0,3.0,4.3333,0.0,0.0
71027,011,1,57,Bavli,0.1667,0.0,0.4167,0.8333,0.5,0.0,0.0,12.0,4.0,0.1667,0.3333
71027,011,2,06,Bavli,0.0,0.0,0.0,0.5,0.0,0.0,0.0,2.0,2.5,0.0,0.0
71027,011,2,07,Bavli,0.1667,0.0,0.6667,0.6667,1.0,0.0,0.0,6.0,4.1667,0.0,0.3333
71027,011,2,08,Bavli,0.25,0.0,0.0,0.75,0.5,0.0,0.0,4.0,3.5,0.0,0.0
71027,011,2,33,Bavli,0.4,0.2,0.2,0.8,0.4,0.0,0.3333,5.0,4.6,0.0,0.0
71027,011,2,37,Bavli,0.1667,0.0833,0.6667,0.6667,0.5,0.0,0.0,12.0,4.4167,0.3333,0.0
71027,011,2,39,Bavli,0.0,0.0,0.5,0.5,0.5,0.0,0.0,4.0,4.25,0.0,0.5
71027,011,2,40,Bavli,0.0,0.0,0.4,0.8,1.2,0.0,0.0,5.0,4.6,0.0,0.0
71027,011,2,42,Bavli,0.0,0.0,0.1429,0.4286,0.5714,0.0,0.0,7.0,4.7143,0.0,0.0
71027,011,2,43,Bavli,0.2857,0.0,0.2857,0.5714,0.0,0.0,0.0,7.0,4.8571,0.0,0.0
71027,011,2,44,Bavli,0.0,0.5,1.0,0.5,0.0,0.0,0.0,2.0,4.0,0.0,0.0
71027,011,2,45,Bavli,0.0,0.2857,0.1429,0.4286,0.0,0.0,0.0,7.0,5.0,0.0,0.0
71027,011,2,46,Bavli,0.6,0.0,0.6,1.0,0.0,0.0,1.0,5.0,4.4,0.0,0.0
71027,011,2,48,Bavli,0.0,0.2,0.4,1.0,0.4,0.0,0.0,5.0,3.0,0.0,0.5
71027,011,2,49,Bavli,0.0,0.0,0.5,0.25,1.0,0.0,0.0,8.0,5.125,0.0,0.0
71027,012,1,22,Bavli,0.1429,0.1429,0.4286,0.7143,0.2857,0.0,0.5,7.0,4.8571,0.0,0.0
71027,012,1,23,Bavli,0.125,0.125,0.625,0.625,0.5,0.0,0.0,8.0,4.75,0.0,0.0
71027,012,1,24,Bavli,0.0,1.0,0.0,0.5,0.0,0.0,0.0,1.0,6.0,0.0,0.0
71027,012,1,25,Bavli,0.0,0.0,1.5,0.5,1.0,0.0,0.0,2.0,4.5,0.0,0.0
71027,012,1,26,Bavli,0.25,0.25,0.25,0.75,0.0,0.0,0.0,4.0,4.75,0.0,0.0
71027,012,1,36,Bavli,0.1818,0.0,0.5455,0.9091,0.7273,0.0,0.0,11.0,3.5455,0.25,0.125
71027,012,1,37,Bavli,0.375,0.0,0.6875,1.0,0.5,0.0,0.1667,16.0,5.0,0.25,0.0
71027,012,1,38,Bavli,0.125,0.125,0.5,0.8125,1.0,0.0,0.0,16.0,4.5,0.125,0.125
71027,012,1,39,Bavli,0.1765,0.0,0.8824,0.8235,0.7059,0.0,0.0,17.0,4.4118,0.0833,0.3333
71027,012,1,40,Bavli,0.2,0.0,0.5333,0.8667,0.8,0.0,0.0,15.0,4.6667,0.0833,0.0833
71027,012,1,41,Bavli,0.3571,0.1429,0.2857,0.8571,0.5714,0.0,0.0,14.0,4.7857,0.125,0.125
71027,012,1,42,Bavli,0.375,0.0,0.5,0.9375,0.625,0.0,0.3333,16.0,4.4375,0.1,0.2
71027,012,1,43,Bavli,0.0625,0.0,0.625,0.5625,0.625,0.0,0.0,16.0,4.625,0.0,0.2
71027,012,1,44,Bavli,0.2857,0.0,0.5714,0.8571,0.4286,0.0,0.75,14.0,4.8571,0.3333,0.0
71027,012,1,45,Bavli,0.5,0.1,0.5,0.9,0.4,0.0,0.3333,10.0,5.7,0.25,0.25
71027,012,2,14,Bavli,0.5,0.0,0.0,0.5,0.0,0.0,0.0,2.0,4.0,0.0,0.0
71027,012,2,15,Bavli,0.1,0.0,0.4,0.5,0.4,0.0,0.0,10.0,3.5,0.0,0.25
71027,012,2,16,Bavli,0.25,0.0,0.625,0.75,0.25,0.0,0.5,8.0,3.875,0.0,0.5
71027,012,2,17,Bavli,0.0,0.3333,0.6667,0.5,0.3333,0.0,0.0,6.0,4.3333,0.0,0.5
71027,012,2,37,Bavli,0.0,0.0,0.25,0.75,1.5,0.0,0.0,4.0,3.75,0.0,0.0
71027,012,2,38,Bavli,0.1818,0.1818,0.2727,0.9091,0.5455,0.0,0.25,11.0,3.9091,0.1667,0.3333
71027,012,2,39,Bavli,0.3333,0.0,0.5,1.0,1.0,0.0,0.0,6.0,4.3333,0.0,0.3333
71027,012,2,43,Bavli,0.0,0.0,1.0,0.5,0.6667,0.0,0.0,3.0,5.3333,0.0,0.0
71027,012,2,44,Bavli,0.0,0.0,0.0,0.2222,0.2222,0.0,0.0,9.0,4.0,0.0,0.0
71027,012,2,48,Bavli,0.0,0.25,0.75,0.75,0.5,0.0,0.0,8.0,4.125,0.0,0.5
71027,012,2,52,Bavli,0.1429,0.0,0.1429,0.8571,0.5714,0.0,0.0,7.0,4.2857,0.25,0.0
71027,013,1,17,Bavli,0.3333,0.0,0.3333,0.5,0.3333,0.0,0.0,6.0,4.3333,0.0,0.5
71027,013,1,20,Bavli,0.2857,0.1429,0.2857,0.8571,0.5714,0.0,0.3333,7.0,4.4286,0.25,0.0
71027,013,1,21,Bavli,0.25,0.25,0.25,0.75,0.5,0.0,0.0,4.0,4.25,0.0,0.0
71027,013,1,32,Bavli,0.25,0.0,0.0,0.25,0.0,0.0,0.0,4.0,4.0,0.0,0.0
71027,013,1,36,Bavli,0.0,0.0,0.5,0.75,0.5,0.0,0.0,4.0,4.5,0.0,0.5
71027,013,1,50,Bavli,0.3333,0.0,0.3333,0.5,0.6667,0.0,1.0,3.0,5.0,0.0,0.0
71027,013,2,01,Bavli,0.5,0.0,0.5,1.0,0.5,0.0,0.0,4.0,5.0,0.0,0.0
71027,013,2,17,Bavli,0.6667,0.0,0.3333,0.5,0.6667,0.0,0.5,3.0,5.3333,0.0,0.0
71027,013,2,36,Bavli,0.0,0.0,0.2,0.6,0.4,0.0,0.0,5.0,3.8,0.0,0.0
71027,013,2,37,Bavli,0.1667,0.0,0.5,0.8333,0.6667,0.0,0.0,6.0,5.0,0.25,0.25
71027,013,2,38,Bavli,0.1429,0.1429,0.5714,0.8571,0.0,0.0,0.0,7.0,5.0,0.0,0.0
71027,013,2,40,Bavli,0.0,0.0,0.3333,0.5,1.3333,0.0,0.0,3.0,3.0,0.0,0.0
71027,013,2,41,Bavli,0.1333,0.0,0.1333,0.4,0.8,0.0,0.5,15.0,4.4667,0.1667,0.0
71027,013,2,42,Bavli,0.15,0.0,0.4,0.65,0.5,0.0,0.0,20.0,4.15,0.1,0.2
71027,013,2,43,Bavli,0.0,0.0588,0.2941,0.7059,0.5882,0.0,1.0,17.0,3.7647,0.0,0.2
71027,013,2,44,Bavli,0.0556,0.0,0.3333,0.5556,0.4444,0.0,0.0,18.0,3.8889,0.125,0.125
71027,013,2,45,Bavli,0.0,0.0,0.6667,0.5833,0.75,0.0,0.0,12.0,3.9167,0.0,0.4444
71027,013,2,46,Bavli,0.0,0.0,0.5714,0.5714,0.5714,0.0,0.0,7.0,4.0,0.0,0.0
71027,013,2,47,Bavli,0.0625,0.0,0.375,0.625,0.625,0.0,0.0,16.0,4.4375,0.0,0.2
71027,013,2,48,Bavli,0.0556,0.0,0.3333,0.7222,0.8889,0.0,0.0,18.0,4.1667,0.0625,0.125
71027,013,2,49,Bavli,0.0588,0.0,0.4118,0.7647,1.0588,0.0,0.0,17.0,4.4118,0.0556,0.1667
71027,013,2,50,Bavli,0.0909,0.0,0.3636,0.8182,1.2727,0.0,1.0,11.0,5.3636,0.0714,0.0714
71027,013,2,51,Bavli,0.0,0.0,0.4,0.8,1.2,0.0,0.0,5.0,3.4,0.0,0.1667
71027,013,2,52,Bavli,0.1429,0.0,0.2857,0.6429,0.5714,0.0,0.0,14.0,5.0714,0.125,0.125
71027,013,2,53,Bavli,0.0667,0.0,0.0667,0.4,0.6667,0.0,0.0,15.0,3.9333,0.0,0.1
71027,013,2,54,Bavli,0.1818,0.0,0.4545,0.7273,0.7273,0.0,0.0,11.0,3.3636,0.0,0.25
71027,013,2,55,Bavli,0.0,0.0,0.7143,0.4286,0.8571,0.0,0.0,7.0,3.8571,0.0,0.0
71027,014,1,06,Bavli,0.25,0.0,0.25,0.75,0.5,0.0,1.0,4.0,4.0,0.0,0.0
71027,014,1,07,Bavli,0.0,0.0,0.1667,0.5,0.6667,0.0,0.0,6.0,4.3333,0.0,0.0
71027,014,1,08,Bavli,0.0,0.0,0.0,0.5,2.0,0.0,0.0,1.0,7.0,0.0,0.0
71027,014,1,10,Bavli,0.25,0.0,0.75,0.75,0.0,0.0,0.0,4.0,4.5,0.0,0.0
71027,014,1,11,Bavli,0.0,0.3,0.2,0.5,0.6,0.0,0.0,10.0,4.2,0.0,0.0
71027,014,1,12,Bavli,0.0,0.2,0.3333,0.4,0.2667,0.0,0.0,15.0,4.0,0.0,0.5
71027,014,1,13,Bavli,0.125,0.1875,0.4375,0.75,0.375,0.0,0.4,16.0,4.375,0.0,0.1667
71027,014,1,14,Bavli,0.2105,0.0,0.2105,0.4211,0.3158,0.0,0.25,19.0,3.7895,0.0,0.0
71027,014,1,15,Bavli,0.2105,0.1053,0.3158,0.4737,0.8421,0.0,0.1667,19.0,4.2105,0.1875,0.0625
71027,014,1,16,Bavli,0.05,0.0,0.15,0.45,0.7,0.0,0.0,20.0,4.0,0.0714,0.1429
71027,014,1,17,Bavli,0.0,0.1176,0.2941,0.5882,0.4706,0.0,0.0,17.0,4.0,0.0,0.125
