text,url,lexicon_0,lexicon_1,lexicon_2,lexicon_3,lexicon_4,meaning_0,meaning_1,meaning_2,meaning_3,text_transformed,Lema,merged_lexicon,merged_meanings
)lh),getlex.php?coord=4400104082109&word=0,n.m.,,,,,god,"god, God",,,,,n.m.,"god | god, God"
",,,",getlex.php?coord=4400104072109&word=1,,,,,,,,,,,,,
(lyhw?[N,getlex.php?coord=4400104082109&word=1,prep.,,,,,upon; against; to,"upon, over, on to","against, over against","toward, to",,,prep.,"upon; against; to | upon, over, on to | against, over against | toward, to"
",,,",getlex.php?coord=4400104082109&word=2,,,,,,,,,,,,,
btyhwN?[,getlex.php?coord=4400104072109&word=0,n.m./f.,,,,,house; structure; place,house: a building for dwelling,a structure,"place, area, home",,,n.m./f.,"house; structure; place | house: a building for dwelling | a structure | place, area, home"
",,,",getlex.php?coord=4400104092110&word=2,,,,,,,,,,,,,
"p?l?[T,",getlex.php?coord=4400104092110&word=1,"vb. a/a, a/u G D C Gt Dt",,,,,to escape,(intransitive) to escape,(trans.) to eject,"to free, rescue",,,"vb. a/a, a/u G D C Gt Dt","to escape | (intransitive) to escape | (trans.) to eject | to free, rescue"
h?rythw/y/N,getlex.php?coord=4400104092110&word=0,n.f.,,,,,fetus,fetus,,,,,n.f.,fetus | fetus
w]b?)y$h,getlex.php?coord=4400115083003&word=1,conj. adj.,,,,,"and, also",bad,"bad, evil ( i.e., harmful, debilitating)","bad (i.e., the antithesis of good), not functioning properly",,byš,conj. adj.,"and, also | bad | bad, evil ( i.e., harmful, debilitating) | bad (i.e., the antithesis of good), not functioning properly"
",,,",getlex.php?coord=4400115093004&word=2,,,,,,,,,,,,,
"[,,,]y?N?",getlex.php?coord=4400115093004&word=0,,,,,,,,,,,,,
)kl[yN,getlex.php?coord=4400115083004&word=1,vb. a/u G C Gt Ct,,,,,"to eat, consume",to eat,to consume,to enjoy the usufruct of something,,,vb. a/u G C Gt Ct,"to eat, consume | to eat | to consume | to enjoy the usufruct of something"
"[,,,",getlex.php?coord=4400115083003&word=0,,,,,,,,,,,,,
lxmhw?[N,getlex.php?coord=4400115093004&word=1,n.m.,,,,,"bread, food",bread,"food, meal",,,,n.m.,"bread, food | bread | food, meal"
",,,",getlex.php?coord=4400115083004&word=2,,,,,,,,,,,,,
dy,getlex.php?coord=4400115083004&word=0,,,,,,,,,,,,,
"[,,,,",getlex.php?coord=4400115073003&word=5,,,,,,,,,,,,,
yrq,getlex.php?coord=4400115073003&word=4,n.m.,,,,,vegetation; vegetables,vegetation,vegetables,yellowness (?),,,n.m.,vegetation; vegetables | vegetation | vegetables | yellowness (?)
hw),getlex.php?coord=4400115073003&word=3,vb. G C Gt Ct,,,,,"to be, to become",to be,"to endure, to exist","to come to pass, to happen",,,vb. G C Gt Ct,"to be, to become | to be | to endure, to exist | to come to pass, to happen"
r(yN,getlex.php?coord=4400115073003&word=2,vb. G C Gt,,,,,"to feed, to graze","to feed, to graze",to tend flocks,"metaph.: to govern, to be in charge",,,vb. G C Gt,"to feed, to graze | to feed, to graze | to tend flocks | metaph.: to govern, to be in charge"
"[,,,",getlex.php?coord=4400115063002&word=0,,,,,,,,,,,,,
cbyN,getlex.php?coord=4400115063002&word=4,n.m.,,,,,desire; pleasure,"will, desire",pleasure,,,,n.m.,"desire; pleasure | will, desire | pleasure"
]l?)?,getlex.php?coord=4400115063002&word=1,adv.,,,,,"no, not",no! (as interj.),not (preceding and negating a predicate),"compounded with adjectives, nouns, abstracts, and adverbs  ='un-', 'non', 'in-'",,,adv.,"no, not | no! (as interj.) | not (preceding and negating a predicate) | compounded with adjectives, nouns, abstracts, and adverbs  ='un-', 'non', 'in-'"
ly,getlex.php?coord=4400115063002&word=3,,,,,,,,,,,,,
hw),getlex.php?coord=4400115063002&word=2,vb. G C Gt Ct,,,,,"to be, to become",to be,"to endure, to exist","to come to pass, to happen",,,vb. G C Gt Ct,"to be, to become | to be | to endure, to exist | to come to pass, to happen"
"[,,,",getlex.php?coord=4400115073003&word=0,,,,,,,,,,,,,
",,,",getlex.php?coord=4400115063002&word=6,,,,,,,,,,,,,
"[,,,",getlex.php?coord=4400115053001&word=0,,,,,,,,,,,,,
(M,getlex.php?coord=4400115053001&word=3,prep.,,,,,with,"with, together with",at,"at the time of, during",,,prep.,"with | with, together with | at | at the time of, during"
",,,",getlex.php?coord=4400115043001&word=6,,,,,,,,,,,,,
mlmhw),getlex.php?coord=4400115053001&word=2,prep. vb. G C Gt Ct,,,,,from,from,partitive,indicating the agent of a passive,,hwy,prep. vb. G C Gt Ct,from | from | partitive | indicating the agent of a passive
)bh]t?hwN,getlex.php?coord=4400115053001&word=1,n.m.,,,,,father,father,"ancestor, forefather",ˀabbā,,,n.m.,"father | father | ancestor, forefather | ˀabbā"
",,,",getlex.php?coord=4400115053001&word=6,,,,,,,,,,,,,
klby,getlex.php?coord=4400115053001&word=4,n.m.,,,,,dog,dog,base person,male prostitute,,,n.m.,dog | dog | base person | male prostitute
(ly,getlex.php?coord=4400115043001&word=2,prep.,,,,,upon; against; to,"upon, over, on to","against, over against","toward, to",,,prep.,"upon; against; to | upon, over, on to | against, over against | toward, to"
x])kw,getlex.php?coord=4400115043001&word=1,vb. G D C,,,,,to laugh,"to laugh, smile",to play wantonly,"to jest, play wantonly",,,vb. G D C,"to laugh | to laugh, smile | to play wantonly | to jest, play wantonly"
",,,",getlex.php?coord=4400115032925&word=6,,,,,,,,,,,,,
bywmyN[,getlex.php?coord=4400115043001&word=5,prep. n.m.,,,,,"in, with",in,with (instrumental),among,,"ywm, ywmˀ",prep. n.m.,"in, with | in | with (instrumental) | among"
z(ryN,getlex.php?coord=4400115043001&word=3,adj.,,,,,small,small,"quick, sharp","כזעיר : almost, all but=BH כִּמְעַט",,,adj.,"small | small | quick, sharp | כזעיר : almost, all but=BH כִּמְעַט"
"[,,,",getlex.php?coord=4400115043001&word=0,,,,,,,,,,,,,
mny,getlex.php?coord=4400115043001&word=4,prep.,,,,,from,from,partitive,indicating the agent of a passive,,,prep.,from | from | partitive | indicating the agent of a passive
xylh,getlex.php?coord=4400115032925&word=2,n.m.(f.),,,,,army; force,army,coll.: military unit/garrison and its members,"power, strength providing ability",,,n.m.(f.),"army; force | army | coll.: military unit/garrison and its members | power, strength providing ability"
wkgbr,getlex.php?coord=4400115032925&word=3,conj. prep. n.m.,,,,,"and, also",like,"like, according to",about (with numeral),,k_,conj. prep. n.m.,"and, also | like | like, according to | about (with numeral)"
"[,,,]",getlex.php?coord=4400115032925&word=0,,,,,,,,,,,,,
)[blyN,getlex.php?coord=4400115032925&word=5,n.m.,,,,,"mourning, grief","mourning, grief",,,,,n.m.,"mourning, grief | mourning, grief"
whwyt,getlex.php?coord=4400115022925&word=2,conj. vb. G C Gt Ct,,,,,"and, also","to be, to become",to be,"to endure, to exist",,hwy,conj. vb. G C Gt Ct,"and, also | to be, to become | to be | to endure, to exist"
dy,getlex.php?coord=4400115032925&word=4,,,,,,,,,,,,,
"[,,,",getlex.php?coord=4400115022925&word=3,,,,,,,,,,,,,
br)$,getlex.php?coord=4400115032925&word=1,prep. n.m.,,,,,"in, with",in,with (instrumental),among,,"ryš, ryšˀ",prep. n.m.,"in, with | in | with (instrumental) | among"
bxrt,getlex.php?coord=4400115022925&word=0,vb. a/a(u) G D C Gt Dt,,,,,to choose,to choose,"to examine, test","to refresh, refine",,,vb. a/a(u) G D C Gt Dt,"to choose | to choose | to examine, test | to refresh, refine"
"[,,,]",getlex.php?coord=4400115022924&word=0,,,,,,,,,,,,,
w?N,getlex.php?coord=4400115022924&word=1,,,,,,,,,,,,,
yh[ymnwN,getlex.php?coord=4400115012924&word=4,vb. quad quad T,,,,,to believe; trust in,to believe,to treat as trustworthy,to cause to have faith,,,vb. quad quad T,to believe; trust in | to believe | to treat as trustworthy | to cause to have faith
)rxy,getlex.php?coord=4400115022925&word=1,n.f.,,,,,"way, road",road,"way of life, behavior",normal human bodily activities,,,n.f.,"way, road | road | way of life, behavior | normal human bodily activities"
",,,",getlex.php?coord=4400115012924&word=5,,,,,,,,,,,,,
)?x)K,getlex.php?coord=4400115012924&word=1,vb. G D C,,,,,to laugh,"to laugh, smile",to play wantonly,"to jest, play wantonly",,,vb. G D C,"to laugh | to laugh, smile | to play wantonly | to jest, play wantonly"
)n]$,getlex.php?coord=4400112092813&word=1,n.m.,,,,,"person, someone","person, someone","Man, humanity (usually in the emphatic)","often in the absolute state (i.e., as a pronoun, even in Eastern Aramaic):",,,n.m.,"person, someone | person, someone | Man, humanity (usually in the emphatic) | often in the absolute state (i.e., as a pronoun, even in Eastern Aramaic):"
lhwN,getlex.php?coord=4400115012924&word=2,,,,,,,,,,,,,
"[,,,",getlex.php?coord=4400112092813&word=0,,,,,,,,,,,,,
"[,,,]",getlex.php?coord=4400115012924&word=0,,,,,,,,,,,,,
wl),getlex.php?coord=4400115012924&word=3,conj. adv.,,,,,"and, also","no, not",no! (as interj.),not (preceding and negating a predicate),,lˀ,conj. adv.,"and, also | no, not | no! (as interj.) | not (preceding and negating a predicate)"
"[,,,,",getlex.php?coord=4400112082812&word=0,,,,,,,,,,,,,
wb)kpy?[hwN,getlex.php?coord=4400115063002&word=5,conj. prep. n.m.,,,,,"and, also","in, with",in,with (instrumental),,b_,conj. prep. n.m.,"and, also | in, with | in | with (instrumental)"
wbk]p?N,getlex.php?coord=4400115073003&word=1,conj. prep. n.m.,,,,,"and, also","in, with",in,with (instrumental),,b_,conj. prep. n.m.,"and, also | in, with | in | with (instrumental)"
"b?[,,,",getlex.php?coord=4400112072810&word=0,,,,,,,,,,,,,
",,,",getlex.php?coord=4400112062809&word=1,,,,,,,,,,,,,
([ny,getlex.php?coord=4400115053001&word=5,n.f.pl.t.,,,,,small cattle: sheep and goats,flock (of sheep and goats),sheep (as opposed to goats),,,,n.f.pl.t.,small cattle: sheep and goats | flock (of sheep and goats) | sheep (as opposed to goats)
"[,,,",getlex.php?coord=4400112052809&word=0,,,,,,,,,,,,,
",,,",getlex.php?coord=4400112052808&word=1,,,,,,,,,,,,,
"[,,,]y?N",getlex.php?coord=4400112062810&word=0,,,,,,,,,,,,,
(?q?[r,getlex.php?coord=4400112062809&word=0,n.m.,,,,,root,root,"drug, medicine",base,,,n.m.,"root | root | drug, medicine | base"
"[,,,]l)?",getlex.php?coord=4400112072811&word=0,,,,,,,,,,,,,
"[,,,",getlex.php?coord=4400112042807&word=1,,,,,,,,,,,,,
"[,,,",getlex.php?coord=4400112042808&word=0,,,,,,,,,,,,,
hd]r^k^h,getlex.php?coord=4400112042808&word=1,vb. e(a)/a(u) G D C Gt Ct,,,,,to tread; C to achieve control of,to tread,to string a bow,to thresh (only as var. to,,,vb. e(a)/a(u) G D C Gt Ct,to tread; C to achieve control of | to tread | to string a bow | to thresh (only as var. to
tny?[N,getlex.php?coord=4400112052808&word=0,n.m.,,,,,sea serpent,sea serpent (or whale),"large serpent, adder",fig.:,,,n.m.,"sea serpent | sea serpent (or whale) | large serpent, adder | fig.:"
",,,",getlex.php?coord=4400111112720&word=3,,,,,,,,,,,,,
spyr,getlex.php?coord=4400112032806&word=0,n.m.,,,,,saphire,sapphire,,,,,n.m.,saphire | sapphire
)t]r?y,getlex.php?coord=4400112022806&word=1,n.m.,,,,,place,place,The sacred Place,trace,,,n.m.,place | place | The sacred Place | trace
"[,,,",getlex.php?coord=4400112022806&word=0,,,,,,,,,,,,,
",,,",getlex.php?coord=4400112022805&word=1,,,,,,,,,,,,,
wxly[l,getlex.php?coord=4400112022805&word=0,conj. n.m.,,,,,"and, also",cleft,cleft,,,"ḥlyl, ḥlylˀ",conj. n.m.,"and, also | cleft | cleft"
",,,",getlex.php?coord=4400112012804&word=1,,,,,,,,,,,,,
rgl?[,getlex.php?coord=4400112012804&word=0,n.f.,,,,,foot; pilgrimage,foot,march,(bot.) a plant name : milk vetch (?),,,n.f.,foot; pilgrimage | foot | march | (bot.) a plant name : milk vetch (?)
l),getlex.php?coord=4400112042807&word=0,adv.,,,,,"no, not",no! (as interj.),not (preceding and negating a predicate),"compounded with adjectives, nouns, abstracts, and adverbs  ='un-', 'non', 'in-'",,,adv.,"no, not | no! (as interj.) | not (preceding and negating a predicate) | compounded with adjectives, nouns, abstracts, and adverbs  ='un-', 'non', 'in-'"
"[,,,",getlex.php?coord=4400112032807&word=0,,,,,,,,,,,,,
b)y$?[,getlex.php?coord=4400111112720&word=2,adj.,,,,,bad,"bad, evil ( i.e., harmful, debilitating)","bad (i.e., the antithesis of good), not functioning properly",,,,adj.,"bad | bad, evil ( i.e., harmful, debilitating) | bad (i.e., the antithesis of good), not functioning properly"
]k?my?N?,getlex.php?coord=4400111112720&word=1,prep. n.m.pl.,,,,,like,"like, according to",about (with numeral),conj.,,"myyn, myˀ",prep. n.m.pl.,"like | like, according to | about (with numeral) | conj."
"[,,,",getlex.php?coord=4400111112720&word=0,,,,,,,,,,,,,
wl),getlex.php?coord=4400111102719&word=2,conj. adv.,,,,,"and, also","no, not",no! (as interj.),not (preceding and negating a predicate),,lˀ,conj. adv.,"and, also | no, not | no! (as interj.) | not (preceding and negating a predicate)"
)ytxd?,getlex.php?coord=4400111102719&word=3,vb. a/u G D C Gt Dt,,,,,"to hold, take, to catch, to seize","to hold, take, to catch, to seize","to shut, close (door, gate, book, mouth)","to start out, undertake something",,,vb. a/u G D C Gt Dt,"to hold, take, to catch, to seize | to hold, take, to catch, to seize | to shut, close (door, gate, book, mouth) | to start out, undertake something"
$]kb,getlex.php?coord=4400111102719&word=1,"vb. e/a/o,o G D C Dt",,,,,to lie down,to lie down,to lie down to sleep,to lie down to die,,,"vb. e/a/o,o G D C Dt",to lie down | to lie down | to lie down to sleep | to lie down to die
kqTwt),getlex.php?coord=4400111092718&word=2,prep. n.f.,,,,,like,"like, according to",about (with numeral),conj.,,"qṭw, qṭwtˀ",prep. n.f.,"like | like, according to | about (with numeral) | conj."
",,,]N",getlex.php?coord=4400111092718&word=1,,,,,,,,,,,,,
"[,,,",getlex.php?coord=4400111102719&word=0,,,,,,,,,,,,,
"[,,,",getlex.php?coord=4400111092718&word=0,,,,,,,,,,,,,
"[,,,]",getlex.php?coord=4400111082717&word=0,,,,,,,,,,,,,
[w]m[cw]h/T?[b]h/,getlex.php?coord=4400111082717&word=1,conj. n.f.(m.) adj.,,,,,"and, also",commandment,commandment,"charity, alms",,"mṣwh, mṣwtˀ",conj. n.f.(m.) adj.,"and, also | commandment | commandment | charity, alms"
ysg),getlex.php?coord=4400111072716&word=3,vb. i(a)/e G D C Gt Ct,,,,,to be many,to be(come) many,to grow,to be sufficient for someone,,,vb. i(a)/e G D C Gt Ct,to be many | to be(come) many | to grow | to be sufficient for someone
"[,,,",getlex.php?coord=4400111072716&word=0,,,,,,,,,,,,,
l),getlex.php?coord=4400111062715&word=2,adv.,,,,,"no, not",no! (as interj.),not (preceding and negating a predicate),"compounded with adjectives, nouns, abstracts, and adverbs  ='un-', 'non', 'in-'",,,adv.,"no, not | no! (as interj.) | not (preceding and negating a predicate) | compounded with adjectives, nouns, abstracts, and adverbs  ='un-', 'non', 'in-'"
]zw?zy),getlex.php?coord=4400111072716&word=1,n.m.,,,,,a weight (half shekel),a weight (half shekel),ladle-full  or other small dry measure (?!),,,,n.m.,a weight (half shekel) | a weight (half shekel) | ladle-full  or other small dry measure (?!)
]w)rmlth,getlex.php?coord=4400111062715&word=1,conj. n.f.,,,,,"and, also",widow,widow,,,"ˀrmlh, ˀrmltˀ",conj. n.f.,"and, also | widow | widow"
kTyn),getlex.php?coord=4400111072716&word=2,prep. n.m.,,,,,like,"like, according to",about (with numeral),conj.,,"ṭyn, ṭynˀ",prep. n.m.,"like | like, according to | about (with numeral) | conj."
y$b(wN,getlex.php?coord=4400111052714&word=4,vb. a/a G D C Gt Dt Ct,,,,,to be sated,to be sated,fig. : to have enough (of),"to satisfy, satisfy with",,,vb. a/a G D C Gt Dt Ct,"to be sated | to be sated | fig. : to have enough (of) | to satisfy, satisfy with"
ypcwN,getlex.php?coord=4400111052714&word=2,vb. G D C Dt,,,,,to save,w.,"mwm, ˁlh",: to be faultless,,,vb. G D C Dt,"to save | w. | mwm, ˁlh | : to be faultless"
xr]b,getlex.php?coord=4400111052714&word=1,n.f./m.,,,,,sword,sword,other sharp pointed weapon or implement,"fig.: slaughter, war",,,n.f./m.,"sword | sword | other sharp pointed weapon or implement | fig.: slaughter, war"
"[,,,",getlex.php?coord=4400111062715&word=0,,,,,,,,,,,,,
wl),getlex.php?coord=4400111052714&word=3,conj. adv.,,,,,"and, also","no, not",no! (as interj.),not (preceding and negating a predicate),,lˀ,conj. adv.,"and, also | no, not | no! (as interj.) | not (preceding and negating a predicate)"
]q?dmwhy,getlex.php?coord=4400111042713&word=2,prep.,,,,,before,before,as a substantive : front part,,,,prep.,before | before | as a substantive : front part
mN,getlex.php?coord=4400111042713&word=1,prep.,,,,,from,from,partitive,indicating the agent of a passive,,,prep.,from | from | partitive | indicating the agent of a passive
hN,getlex.php?coord=4400111042714&word=0,conj.,,,,,if,if,"either...or, whether ... whether",w. ܕܝܢ :,,,conj.,"if | if | either...or, whether ... whether | w. ܕܝܢ :"
"[,,,",getlex.php?coord=4400111052714&word=0,,,,,,,,,,,,,
"[,,,",getlex.php?coord=4400111042713&word=0,,,,,,,,,,,,,
ynswN,getlex.php?coord=4400111042713&word=3,vb. G Dt,,,,,"to lift up, take away","to lift up, pick up","to take, take away",w. (l: to rebel against,,,vb. G Dt,"to lift up, take away | to lift up, pick up | to take, take away | w. (l: to rebel against"
[,getlex.php?coord=4400112032806&word=1,,,,,,,,,,,,,
",,,",getlex.php?coord=4400112032806&word=2,,,,,,,,,,,,,
xzytwN,getlex.php?coord=4400111022712&word=2,"vb. G D C Gt Ct ethpolal, ethpay/w c el",,,,,to see,to see,(,metaph. as in European languages,,,"vb. G D C Gt Ct ethpolal, ethpay/w c el",to see | to see | ( | metaph. as in European languages
"[,,,",getlex.php?coord=4400111032713&word=0,,,,,,,,,,,,,
lmh,getlex.php?coord=4400111022712&word=3,conj.,,,,,why?,why?,with imperfect: lest (=,dlmh,,,conj.,why? | why? | with imperfect: lest (= | dlmh
"[,,,",getlex.php?coord=4400111022712&word=0,,,,,,,,,,,,,
k]l?kwN,getlex.php?coord=4400111022712&word=1,n.(pr.),,,,,"all, every",alone preceding a noun (technically the construct state!) :,as a postpositive with resumptive pronominal suffixes,emphatic state :,,,n.(pr.),"all, every | alone preceding a noun (technically the construct state!) : | as a postpositive with resumptive pronominal suffixes | emphatic state :"
wmsT)?[,getlex.php?coord=4400113102828&word=0,conj. vb. G C Ct,,,,,"and, also",to turn aside,to turn aside,to turn something astray from or back to the proper path,,sṭy,conj. vb. G C Ct,"and, also | to turn aside | to turn aside | to turn something astray from or back to the proper path"
",,,",getlex.php?coord=4400113102828&word=1,,,,,,,,,,,,,
)lh),getlex.php?coord=4400111012711&word=2,n.m.,,,,,god,"god, God",,,,,n.m.,"god | god, God"
",,,",getlex.php?coord=4400113092828&word=2,,,,,,,,,,,,,
"[,,,",getlex.php?coord=4400111012711&word=0,,,,,,,,,,,,,
w(bd,getlex.php?coord=4400111012711&word=3,conj. v.n.,,,,,"and, also",labor,"labor, work (v.n.)",result of work,,"ˁbd, ˁbdˀ",conj. v.n.,"and, also | labor | labor, work (v.n.) | result of work"
by]d?,getlex.php?coord=4400111012711&word=1,prep. n.f.,,,,,"in, with",in,with (instrumental),among,,"yd, ˀydˀ",prep. n.f.,"in, with | in | with (instrumental) | among"
b)dy?N?[,getlex.php?coord=4400113082827&word=0,conj.,,,,,then,then (past sequential),(future sequential),(gnomic present),,,conj.,then | then (past sequential) | (future sequential) | (gnomic present)
",,,",getlex.php?coord=4400113082827&word=1,,,,,,,,,,,,,
w)mr,getlex.php?coord=4400113092828&word=0,conj. vb. a/a G Gt,,,,,"and, also",to say,to say,to command,,ˀmr,conj. vb. a/a G Gt,"and, also | to say | to say | to command"
qlylyN,getlex.php?coord=4400113082826&word=0,adj.,,,,,light; quick; few,light,"quick, swift","few, of little amount",,,adj.,"light; quick; few | light | quick, swift | few, of little amount"
lbny[ )n$),getlex.php?coord=4400113092828&word=1,n.m.,,,,,"human, person","human, person","personhood, inner person",,,,n.m.,"human, person | human, person | personhood, inner person"
q$^y^Th,getlex.php?coord=4400111082717&word=2,adj.,,,,,honest,"honest, true",,,,,adj.,"honest | honest, true"
yplg,getlex.php?coord=4400111082717&word=3,vb. a/u (e/a) G D C Gt Dt,,,,,to divide,to divide (trans.),to be in the middle,"to be distinctive, outstanding",,,vb. a/u (e/a) G D C Gt Dt,"to divide | to divide (trans.) | to be in the middle | to be distinctive, outstanding"
lrwx)?[,getlex.php?coord=4400113062825&word=1,n.f./m.,,,,,wind; spirit,wind,"spirit, motive intellectual or emotional force","demon, i.e., evil spirit",,,n.f./m.,"wind; spirit | wind | spirit, motive intellectual or emotional force | demon, i.e., evil spirit"
",,,",getlex.php?coord=4400113062825&word=2,,,,,,,,,,,,,
"y[,,,,",getlex.php?coord=4400113052824&word=2,,,,,,,,,,,,,
bmkylh,getlex.php?coord=4400113072825&word=0,prep. n.f.,,,,,"in, with",in,with (instrumental),among,,"mkylh, mkyltˀ",prep. n.f.,"in, with | in | with (instrumental) | among"
bm(bd[h,getlex.php?coord=4400113072826&word=0,prep. vb. a/e G D C Gt Ct quad,,,,,"in, with",in,with (instrumental),among,,ˁbd,prep. vb. a/e G D C Gt Ct quad,"in, with | in | with (instrumental) | among"
",,,",getlex.php?coord=4400113072826&word=1,,,,,,,,,,,,,
bm(bdh,getlex.php?coord=4400113062825&word=0,prep. vb. a/e G D C Gt Ct quad,,,,,"in, with",in,with (instrumental),among,,ˁbd,prep. vb. a/e G D C Gt Ct quad,"in, with | in | with (instrumental) | among"
yc?[P]/y)[lP]/,getlex.php?coord=4400113042823&word=3,vb. e/a vb. e(a)/a G D Dt G D C Gt Dt,,,,,"to worry about, take care",to worry about,to take care of something/someone,fem. impersonal +,,"ˀlp, ylp",vb. e/a vb. e(a)/a G D Dt G D C Gt Dt,"to worry about, take care | to worry about | to take care of something/someone | fem. impersonal +"
"[,,,",getlex.php?coord=4400113042823&word=4,,,,,,,,,,,,,
hw),getlex.php?coord=4400113042823&word=2,pron.,,,,,he,he,as copula,emphatic enclitic particle focusing on the word it follows,,,pron.,he | he | as copula | emphatic enclitic particle focusing on the word it follows
)r(),getlex.php?coord=4400113052824&word=1,n.f.,,,,,ground; land; Earth,ground,"land, country",the Earth,,,n.f.,"ground; land; Earth | ground | land, country | the Earth"
)rw,getlex.php?coord=4400113042823&word=1,conj./inte,,,,,behold,presentative particle,"because, since",,,,conj./inte,"behold | presentative particle | because, since"
bh,getlex.php?coord=4400113042823&word=0,prep.,,,,,"in, with",in,with (instrumental),among,,,prep.,"in, with | in | with (instrumental) | among"
lqcwy,getlex.php?coord=4400113052824&word=0,n.m.,,,,,end,end,appointed time,"fate, destiny",,,n.m.,"end | end | appointed time | fate, destiny"
])?n$,getlex.php?coord=4400111032713&word=1,n.m.,,,,,"person, someone","person, someone","Man, humanity (usually in the emphatic)","often in the absolute state (i.e., as a pronoun, even in Eastern Aramaic):",,,n.m.,"person, someone | person, someone | Man, humanity (usually in the emphatic) | often in the absolute state (i.e., as a pronoun, even in Eastern Aramaic):"
r$y(yN,getlex.php?coord=4400111032713&word=2,adj.,,,,,wicked,alone,: wicked person,adj.: wicked (of a person),,,adj.,wicked | alone | : wicked person | adj.: wicked (of a person)
b)dnyn),getlex.php?coord=4400113032822&word=0,prep. n.f.,,,,,"in, with",in,with (instrumental),among,,"ˀdn, ˀdnˀ",prep. n.f.,"in, with | in | with (instrumental) | among"
$m(n)?,getlex.php?coord=4400113032822&word=1,vb. a/a(u) G D C Gt,,,,,to hear,to hear (w. d.o. or,b_,) something,,,vb. a/a(u) G D C Gt,to hear | to hear (w. d.o. or | b_ | ) something
$my),getlex.php?coord=4400113022821&word=1,n.m.pl.t.,,,,,heaven; ceiling,heaven,"roof, ceiling",,,,n.m.pl.t.,"heaven; ceiling | heaven | roof, ceiling"
"[,,,",getlex.php?coord=4400113032822&word=2,,,,,,,,,,,,,
)st?[trt,getlex.php?coord=4400113022821&word=2,vb. G D C Gt Dt Ct,,,,,to hide,to hide oneself,to conceal,"to hide, conceal",,,vb. G D C Gt Dt Ct,"to hide | to hide oneself | to conceal | to hide, conceal"
",,,",getlex.php?coord=4400113022821&word=3,,,,,,,,,,,,,
cpry,getlex.php?coord=4400113022821&word=0,n.f./m.,,,,,bird,bird,with specifying type:,,,,n.f./m.,bird | bird | with specifying type:
(rymwt),getlex.php?coord=4400113012820&word=1,n.f.,,,,,cleverness,"cleverness, slyness",,,,,n.f.,"cleverness | cleverness, slyness"
)tr,getlex.php?coord=4400113012820&word=0,n.m.,,,,,place,place,The sacred Place,trace,,,n.m.,place | place | The sacred Place | trace
"[,,,",getlex.php?coord=4400113012821&word=0,,,,,,,,,,,,,
",,,",getlex.php?coord=4400114112916&word=2,,,,,,,,,,,,,
lhgyr[),getlex.php?coord=4400114102915&word=2,adj.,,,,,lame,lame,fig. with respect to speech (,see also s.v.,,,adj.,lame | lame | fig. with respect to speech ( | see also s.v.
w]r?glyN,getlex.php?coord=4400114102915&word=1,conj. n.f.,,,,,"and, also",foot; pilgrimage,foot,march,,"rgl, rglˀ",conj. n.f.,"and, also | foot; pilgrimage | foot | march"
"[,,,",getlex.php?coord=4400114102915&word=0,,,,,,,,,,,,,
",,,",getlex.php?coord=4400114082913&word=5,,,,,,,,,,,,,
"[,,,",getlex.php?coord=4400114092914&word=4,,,,,,,,,,,,,
lb$t,getlex.php?coord=4400114092914&word=3,vb. i/a G D C Dt Ct,,,,,to clothe,to clothe oneself with something,"(p.p.) clothed, wearing",(of the garment itself) to clothe,,,vb. i/a G D C Dt Ct,"to clothe | to clothe oneself with something | (p.p.) clothed, wearing | (of the garment itself) to clothe"
"[,,,",getlex.php?coord=4400114092914&word=0,,,,,,,,,,,,,
wkktwN,getlex.php?coord=4400114092914&word=2,conj. prep. n.m.(&f.?),,,,,"and, also",like,"like, according to",about (with numeral),,k_,conj. prep. n.m.(&f.?),"and, also | like | like, according to | about (with numeral)"
hlb$]t?ny,getlex.php?coord=4400114092914&word=1,vb. i/a G D C Dt Ct,,,,,to clothe,to clothe oneself with something,"(p.p.) clothed, wearing",(of the garment itself) to clothe,,,vb. i/a G D C Dt Ct,"to clothe | to clothe oneself with something | (p.p.) clothed, wearing | (of the garment itself) to clothe"
y?d?(?[t,getlex.php?coord=4400114112916&word=1,vb. a/a G C Gt Ct quad quad T,,,,,to know,to know,to cohabit with,idioms:,,,vb. a/a G C Gt Ct quad quad T,to know | to know | to cohabit with | idioms:
"[,,,]",getlex.php?coord=4400114112916&word=0,,,,,,,,,,,,,
",,,",getlex.php?coord=4400114102915&word=3,,,,,,,,,,,,,
)rmlh,getlex.php?coord=4400114082913&word=2,n.f.,,,,,widow,widow,,,,,n.f.,widow | widow
hwyt,getlex.php?coord=4400114082913&word=3,vb. G C Gt Ct,,,,,"to be, to become",to be,"to endure, to exist","to come to pass, to happen",,,vb. G C Gt Ct,"to be, to become | to be | to endure, to exist | to come to pass, to happen"
lcl[w,getlex.php?coord=4400114082913&word=4,n.f.,,,,,prayer,prayer,same as ܒܸܝܬ ܨ܊,,,,n.f.,prayer | prayer | same as ܒܸܝܬ ܨ܊
"[,,,",getlex.php?coord=4400114082913&word=0,,,,,,,,,,,,,
bp]M,getlex.php?coord=4400114082913&word=1,prep. n.m.,,,,,"in, with",in,with (instrumental),among,,"pwm, pwmˀ",prep. n.m.,"in, with | in | with (instrumental) | among"
"[,,,,",getlex.php?coord=4400114072913&word=1,,,,,,,,,,,,,
l),getlex.php?coord=4400114072912&word=2,adv.,,,,,"no, not",no! (as interj.),not (preceding and negating a predicate),"compounded with adjectives, nouns, abstracts, and adverbs  ='un-', 'non', 'in-'",,,adv.,"no, not | no! (as interj.) | not (preceding and negating a predicate) | compounded with adjectives, nouns, abstracts, and adverbs  ='un-', 'non', 'in-'"
d]y?,getlex.php?coord=4400114072912&word=1,,,,,,,,,,,,,
(dr,getlex.php?coord=4400114072912&word=3,vb. a/u G D Dt,,,,,to aid,to aid,to aid constantly,to be aided,,,vb. a/u G D Dt,to aid | to aid | to aid constantly | to be aided
lh^w^N,getlex.php?coord=4400114072912&word=4,,,,,,,,,,,,,
brkt,getlex.php?coord=4400114072913&word=0,n.f.,,,,,blessing,blessing,"metaph. : bounty, gift",,,,n.f.,"blessing | blessing | metaph. : bounty, gift"
mN,getlex.php?coord=4400114062912&word=5,prep.,,,,,from,from,partitive,indicating the agent of a passive,,,prep.,from | from | partitive | indicating the agent of a passive
l(n),getlex.php?coord=4400114062912&word=4,n.m./adj.,,,,,"humble, poor person","humble, poor person",,,,,n.m./adj.,"humble, poor person | humble, poor person"
$^y^zbt,getlex.php?coord=4400114062912&word=3,vb. quad quad T,,,,,to save,to save,p.p. : survivor,+מן : to indemnify against someone's claim,,,vb. quad quad T,to save | to save | p.p. : survivor | +מן : to indemnify against someone's claim
)nh,getlex.php?coord=4400114062912&word=2,pron.,,,,,I,I,as enclitic subject marker with participles/adjectives,(philos.) Ego,,,pron.,I | I | as enclitic subject marker with participles/adjectives | (philos.) Ego
)]rw,getlex.php?coord=4400114062912&word=1,conj./inte,,,,,behold,presentative particle,"because, since",,,,conj./inte,"behold | presentative particle | because, since"
w(yN,getlex.php?coord=4400114052911&word=4,conj. n.f.,,,,,"and, also",eye; spring,(anat.) eye,"spring, fountain",,"ˁyn, ˁynˀ",conj. n.f.,"and, also | eye; spring | (anat.) eye | spring, fountain"
$bxtny,getlex.php?coord=4400114052911&word=3,vb. G D Dt,,,,,D to praise,part. pass. praiseworthy :,see s.v.,šbyḥ,,,vb. G D Dt,D to praise | part. pass. praiseworthy : | see s.v. | šbyḥ
"[,,,,",getlex.php?coord=4400114052911&word=5,,,,,,,,,,,,,
"[,,,",getlex.php?coord=4400114062912&word=0,,,,,,,,,,,,,
"[,,,,",getlex.php?coord=4400114062912&word=6,,,,,,,,,,,,,
]$m(,getlex.php?coord=4400114052911&word=1,vb. a/a(u) G D C Gt,,,,,to hear,to hear (w. d.o. or,b_,) something,,,vb. a/a(u) G D C Gt,to hear | to hear (w. d.o. or | b_ | ) something
"[,,,",getlex.php?coord=4400114052911&word=0,,,,,,,,,,,,,
db?[q,getlex.php?coord=4400114042910&word=5,vb. e(a)/a(u) G D C Gt Dt,,,,,"to stick to, to adhere",(usually w.,b_,") : to stick to, to adhere",,,vb. e(a)/a(u) G D C Gt Dt,"to stick to, to adhere | (usually w. | b_ | ) : to stick to, to adhere"
",,,",getlex.php?coord=4400114042910&word=6,,,,,,,,,,,,,
hTmrw,getlex.php?coord=4400114042910&word=3,vb. a/u(a) G D C Gt Dt Ct,,,,,to hide or bury s.t. in the ground,to hide in the ground or bury something,to penetrate (a military installlation),to conceal,,,vb. a/u(a) G D C Gt Dt Ct,to hide or bury s.t. in the ground | to hide in the ground or bury something | to penetrate (a military installlation) | to conceal
)dN,getlex.php?coord=4400114052911&word=2,n.f.,,,,,ear,(anat.) ear,fish's gill,fig. : ear shaped object,,,n.f.,ear | (anat.) ear | fish's gill | fig. : ear shaped object
lxnK,getlex.php?coord=4400114042910&word=4,n.m./f.,,,,,palate,palate,"larynx, throat",mouth,,,n.m./f.,"palate | palate | larynx, throat | mouth"
"[,,,]",getlex.php?coord=4400114042910&word=0,,,,,,,,,,,,,
",,,",getlex.php?coord=4400114032909&word=6,,,,,,,,,,,,,
y$wN?[,getlex.php?coord=4400114032909&word=5,vb. a/e G D C Gt Dt Ct,,,,,to be equal; D to put down,"to be equal, worth","to be worthy of, merit",to constitute,,,vb. a/e G D C Gt Dt Ct,"to be equal; D to put down | to be equal, worth | to be worthy of, merit | to constitute"
q?l,getlex.php?coord=4400114042910&word=1,n.m.,,,,,voice,"voice, sound of a voice","sound, noise","report, rumor",,,n.m.,"voice | voice, sound of a voice | sound, noise | report, rumor"
wkP,getlex.php?coord=4400114032909&word=4,conj. n.f.,,,,,"and, also",palm; ladle,"palm, hand","spoon, ladle",,"kp, kpˀ",conj. n.f.,"and, also | palm; ladle | palm, hand | spoon, ladle"
mll),getlex.php?coord=4400114032909&word=3,vb. D C Dt,,,,,D to speak,to speak,to sound,to enable someone to speak,,,vb. D C Dt,D to speak | to speak | to sound | to enable someone to speak
x$w,getlex.php?coord=4400114032909&word=2,vb. G D C,,,,,to be silent,to be silent,to silence (?),to be silent,,,vb. G D C,to be silent | to be silent | to silence (?) | to be silent
sgnyN,getlex.php?coord=4400114042910&word=2,n.m.,,,,,prefect,prefect,chief,,,,n.m.,prefect | prefect | chief
(lymyN,getlex.php?coord=4400114022908&word=2,n.m.,,,,,youth,"youth, young adult","servant, slave","group, nation (??) i.e., = Hebrew לאם",,,n.m.,"youth | youth, young adult | servant, slave | group, nation (??) i.e., = Hebrew לאם"
"x[,,,,",getlex.php?coord=4400114022908&word=5,,,,,,,,,,,,,
"[,,,",getlex.php?coord=4400114022908&word=0,,,,,,,,,,,,,
wgbryN,getlex.php?coord=4400114022908&word=4,conj. n.m.,,,,,"and, also",man,man,"person, someone",,"gbr, gbrˀ",conj. n.m.,"and, also | man | man | person, someone"
]r?br^b^yN,getlex.php?coord=4400114032909&word=1,adj.,,,,,"great, big",large,"great, of major significance",(of age) : older,,,adj.,"great, big | large | great, of major significance | (of age) : older"
T$w,getlex.php?coord=4400114022908&word=3,vb. G D C Dt,,,,,to hide,to hide (trans.),to hide oneself,to be hidden,,,vb. G D C Dt,to hide | to hide (trans.) | to hide oneself | to be hidden
]x?zwny,getlex.php?coord=4400114022908&word=1,"vb. G D C Gt Ct ethpolal, ethpay/w c el",,,,,to see,to see,(,metaph. as in European languages,,,"vb. G D C Gt Ct ethpolal, ethpay/w c el",to see | to see | ( | metaph. as in European languages
"[,,,",getlex.php?coord=4400114032909&word=0,,,,,,,,,,,,,
b$wq?[),getlex.php?coord=4400114012907&word=4,prep. n.m.,,,,,"in, with",in,with (instrumental),among,,"šwq, šwqˀ",prep. n.m.,"in, with | in | with (instrumental) | among"
qry),getlex.php?coord=4400114012907&word=3,n.f.,,,,,"city, town; village","small city, town",village,"field, agricultural property",,,n.f.,"city, town; village | small city, town | village | field, agricultural property"
",,,",getlex.php?coord=4400114012907&word=5,,,,,,,,,,,,,
btr(y,getlex.php?coord=4400114012907&word=2,prep. n.m.,,,,,"in, with",in,with (instrumental),among,,"trˁ, trˁˀ",prep. n.m.,"in, with | in | with (instrumental) | among"
"[,,,",getlex.php?coord=4400114072912&word=0,,,,,,,,,,,,,
"[,,,",getlex.php?coord=4400114012907&word=0,,,,,,,,,,,,,
b]c?pryN,getlex.php?coord=4400114012907&word=1,prep. n.m.,,,,,"in, with",in,with (instrumental),among,,"ṣpryn, ṣprynˀ",prep. n.m.,"in, with | in | with (instrumental) | among"
",,,",getlex.php?coord=4400108092417&word=1,,,,,,,,,,,,,
lhwN?[,getlex.php?coord=4400108092417&word=0,,,,,,,,,,,,,
",,,",getlex.php?coord=4400108072416&word=1,,,,,,,,,,,,,
wyxT^)^,getlex.php?coord=4400108072415&word=0,conj. vb. G D C Gt Dt,,,,,"and, also",to sin,to sin,w.,,ḥṭy,conj. vb. G D C Gt Dt,"and, also | to sin | to sin | w."
",,,",getlex.php?coord=4400108082416&word=1,,,,,,,,,,,,,
x[tr,getlex.php?coord=4400108072416&word=0,vb. a/u G C Gt,,,,,to dig through,to sail vigorously,to dig into,to dig into,,,vb. a/u G C Gt,to dig through | to sail vigorously | to dig into | to dig into
",,,",getlex.php?coord=4400108062415&word=2,,,,,,,,,,,,,
lm)?[mr,getlex.php?coord=4400108062415&word=1,vb. a/a G Gt,,,,,to say,to say,to command,"to say to oneself, to have a thought",,,vb. a/a G Gt,"to say | to say | to command | to say to oneself, to have a thought"
qbl,getlex.php?coord=4400108062415&word=0,n.m.,,,,,darkness,"darkness, gloom",,,,,n.m.,"darkness | darkness, gloom"
kb)y$?/bb)y$?/[,getlex.php?coord=4400108082416&word=0,prep. adj. prep. adj.,,,,,like,"like, according to",about (with numeral),conj.,,byš,prep. adj. prep. adj.,"like | like, according to | about (with numeral) | conj."
mN,getlex.php?coord=4400108012412&word=0,prep.,,,,,from,from,partitive,indicating the agent of a passive,,,prep.,from | from | partitive | indicating the agent of a passive
qdmwhy,getlex.php?coord=4400108032413&word=0,prep.,,,,,before,before,as a substantive : front part,,,,prep.,before | before | as a substantive : front part
"l?[,",getlex.php?coord=4400108042414&word=0,,,,,,,,,,,,,
",,,",getlex.php?coord=4400108022412&word=2,,,,,,,,,,,,,
lnwr[),getlex.php?coord=4400108032413&word=1,n.f.(m.),,,,,fire,fire,Hebrew,urim,,,n.f.(m.),fire | fire | Hebrew | urim
",,,",getlex.php?coord=4400108032413&word=2,,,,,,,,,,,,,
tqbl,getlex.php?coord=4400108022412&word=0,vb. a/o G D C Gt Dt,,,,,to be opposed; D to receive,to confront in complaint (w.,"mn, ˁl",against),,,vb. a/o G D C Gt Dt,"to be opposed; D to receive | to confront in complaint (w. | mn, ˁl | against)"
wbly?[ly),getlex.php?coord=4400108052414&word=1,conj. prep. n.m.,,,,,"and, also","in, with",in,with (instrumental),,b_,conj. prep. n.m.,"and, also | in, with | in | with (instrumental)"
qryhw?N?,getlex.php?coord=4400108012412&word=1,n.f.,,,,,"city, town; village","small city, town",village,"field, agricultural property",,,n.f.,"city, town; village | small city, town | village | field, agricultural property"
"[,,,",getlex.php?coord=4400108012412&word=2,,,,,,,,,,,,,
b$bylwhy,getlex.php?coord=4400108042413&word=0,prep. n.m.,,,,,"in, with",in,with (instrumental),among,,"šbyl, šbylˀ",prep. n.m.,"in, with | in | with (instrumental) | among"
)lh)?[,getlex.php?coord=4400108022412&word=1,n.m.,,,,,god,"god, God",,,,,n.m.,"god | god, God"
wmskN,getlex.php?coord=4400108052414&word=0,conj. n.m.,,,,,"and, also",poor man,poor man,adj:,,"mskn, msknˀ",conj. n.m.,"and, also | poor man | poor man | adj:"
",,,",getlex.php?coord=4400108042414&word=1,,,,,,,,,,,,,
",,,",getlex.php?coord=4400108052414&word=2,,,,,,,,,,,,,
",,,",getlex.php?coord=4400107082222&word=1,,,,,,,,,,,,,
"[,,,",getlex.php?coord=4400107092222&word=0,,,,,,,,,,,,,
qbl?[,getlex.php?coord=4400107082222&word=0,vb. a/o G D C Gt Dt,,,,,to be opposed; D to receive,to confront in complaint (w.,"mn, ˁl",against),,,vb. a/o G D C Gt Dt,"to be opposed; D to receive | to confront in complaint (w. | mn, ˁl | against)"
",,,",getlex.php?coord=4400107072221&word=1,,,,,,,,,,,,,
l),getlex.php?coord=4400107062220&word=1,adv.,,,,,"no, not",no! (as interj.),not (preceding and negating a predicate),"compounded with adjectives, nouns, abstracts, and adverbs  ='un-', 'non', 'in-'",,,adv.,"no, not | no! (as interj.) | not (preceding and negating a predicate) | compounded with adjectives, nouns, abstracts, and adverbs  ='un-', 'non', 'in-'"
"w[,",getlex.php?coord=4400107052219&word=1,,,,,,,,,,,,,
",,,",getlex.php?coord=4400107052219&word=2,,,,,,,,,,,,,
"[,,,",getlex.php?coord=4400107062220&word=2,,,,,,,,,,,,,
hyK,getlex.php?coord=4400107062220&word=0,conj.,,,,,"just as, as","just as, as",as if,"in such a way as, so that",,,conj.,"just as, as | just as, as | as if | in such a way as, so that"
hstkl?[,getlex.php?coord=4400107072221&word=0,vb. D C Gt Dt,,,,,D to understand; Dt to look at,to teach,to admonish,to signify,,,vb. D C Gt Dt,D to understand; Dt to look at | to teach | to admonish | to signify
ln),getlex.php?coord=4400107032217&word=0,,,,,,,,,,,,,
",,,",getlex.php?coord=4400107032217&word=2,,,,,,,,,,,,,
wyx)kwN,getlex.php?coord=4400107052219&word=0,conj. vb. G D C,,,,,"and, also",to laugh,"to laugh, smile",to play wantonly,,ḥwk,conj. vb. G D C,"and, also | to laugh | to laugh, smile | to play wantonly"
",,,",getlex.php?coord=4400107042218&word=2,,,,,,,,,,,,,
w(Tt,getlex.php?coord=4400107042218&word=0,conj. n.f.,,,,,"and, also",advice,advice,,,"ˁyṭh, ˁyṭtˀ",conj. n.f.,"and, also | advice | advice"
)lh[),getlex.php?coord=4400107032217&word=1,n.m.,,,,,god,"god, God",,,,,n.m.,"god | god, God"
r$?[y(yN,getlex.php?coord=4400107042218&word=1,adj.,,,,,wicked,alone,: wicked person,adj.: wicked (of a person),,,adj.,wicked | alone | : wicked person | adj.: wicked (of a person)
"l?[,",getlex.php?coord=4400107022217&word=1,,,,,,,,,,,,,
dy,getlex.php?coord=4400107012216&word=0,,,,,,,,,,,,,
"[,,,",getlex.php?coord=4400107012216&word=2,,,,,,,,,,,,,
",,,",getlex.php?coord=4400107022217&word=2,,,,,,,,,,,,,
)mryN,getlex.php?coord=4400107022217&word=0,vb. a/a G Gt,,,,,to say,to say,to command,"to say to oneself, to have a thought",,,vb. a/a G Gt,"to say | to say | to command | to say to oneself, to have a thought"
mytw,getlex.php?coord=4400107012216&word=1,vb. i/u G C Ct palpel,,,,,to die,to die,fig. : to remain hidden until disappearance,to separate ?,,,vb. i/u G C Ct palpel,to die | to die | fig. : to remain hidden until disappearance | to separate ?
",,,",getlex.php?coord=4400105072127&word=2,,,,,,,,,,,,,
"[,,,]",getlex.php?coord=4400105082127&word=0,,,,,,,,,,,,,
",,,",getlex.php?coord=4400105082127&word=2,,,,,,,,,,,,,
ht(^y^T[wN,getlex.php?coord=4400105082127&word=1,vb. a/a G Dt,,,,,to advise,to advise,"to deliberate, advise one another",עם : to take advice from,,,vb. a/a G Dt,"to advise | to advise | to deliberate, advise one another | עם : to take advice from"
(l,getlex.php?coord=4400105062126&word=1,prep.,,,,,upon; against; to,"upon, over, on to","against, over against","toward, to",,,prep.,"upon; against; to | upon, over, on to | against, over against | toward, to"
bnp?[$,getlex.php?coord=4400105052125&word=2,prep. n.f.,,,,,"in, with",in,with (instrumental),among,,"npš, npšˀ",prep. n.f.,"in, with | in | with (instrumental) | among"
"[,,,",getlex.php?coord=4400105072126&word=0,,,,,,,,,,,,,
"[,,,",getlex.php?coord=4400105062126&word=2,,,,,,,,,,,,,
"[,,,,,]",getlex.php?coord=4400105062125&word=0,,,,,,,,,,,,,
)kl,getlex.php?coord=4400105062125&word=1,vb. a/u G C Gt Ct,,,,,"to eat, consume",to eat,to consume,to enjoy the usufruct of something,,,vb. a/u G C Gt Ct,"to eat, consume | to eat | to consume | to enjoy the usufruct of something"
",,,",getlex.php?coord=4400105052125&word=3,,,,,,,,,,,,,
kxdh,getlex.php?coord=4400105062126&word=0,adv.,,,,,together,"together, as one",ܡܢ ܟܚܕܐ : from now on (?) :,see s.v.,,,adv.,"together | together, as one | ܡܢ ܟܚܕܐ : from now on (?) : | see s.v."
)rw,getlex.php?coord=4400105072127&word=0,conj./inte,,,,,behold,presentative particle,"because, since",,,,conj./inte,"behold | presentative particle | because, since"
ymwt,getlex.php?coord=4400105052125&word=1,vb. i/u G C Ct palpel,,,,,to die,to die,fig. : to remain hidden until disappearance,to separate ?,,,vb. i/u G C Ct palpel,to die | to die | fig. : to remain hidden until disappearance | to separate ?
grmwhy,getlex.php?coord=4400105052124&word=1,n.m.,,,,,bone; self,bone,self,close relative [=Heb.!],,,n.m.,bone; self | bone | self | close relative [=Heb.!]
"[,,,,,]",getlex.php?coord=4400105052124&word=0,,,,,,,,,,,,,
dN,getlex.php?coord=4400105052125&word=0,pron.,,,,,this one,this one,"as enclitic in interrogative contexts: now, here, then :",see s.v.,,,pron.,"this one | this one | as enclitic in interrogative contexts: now, here, then : | see s.v."
")b[,,,,",getlex.php?coord=4400105042122&word=4,,,,,,,,,,,,,
mdyN,getlex.php?coord=4400105042122&word=3,prep. n.m.,,,,,from,from,partitive,indicating the agent of a passive,,"dyn, dynˀ",prep. n.m.,from | from | partitive | indicating the agent of a passive
"[,,,",getlex.php?coord=4400105042122&word=0,,,,,,,,,,,,,
w]h?w),getlex.php?coord=4400105042122&word=1,conj. pron.,,,,,"and, also",he,he,as copula,,hwˀ,conj. pron.,"and, also | he | he | as copula"
rmy),getlex.php?coord=4400105042122&word=2,adj.,,,,,high,"high, tall","exalted, exceptional,superior",,,,adj.,"high | high, tall | exalted, exceptional,superior"
"[,,,",getlex.php?coord=4400105032121&word=0,,,,,,,,,,,,,
yrxwhy,getlex.php?coord=4400105032121&word=2,n.m.,,,,,month,month,moon,phase of the moon (?),,,n.m.,month | month | moon | phase of the moon (?)
"[,,,,,",getlex.php?coord=4400105022121&word=4,,,,,,,,,,,,,
bbyth,getlex.php?coord=4400105022121&word=3,prep. n.m./f.,,,,,"in, with",in,with (instrumental),among,,"by, bytˀ",prep. n.m./f.,"in, with | in | with (instrumental) | among"
l)lh),getlex.php?coord=4400105022121&word=2,n.m.,,,,,god,"god, God",,,,,n.m.,"god | god, God"
]c?bw,getlex.php?coord=4400105022121&word=1,n.f.,,,,,desire; matter,"will, desire","thing, matter",(gram.) pl.: ܕܡܸ̈ܠܸܐ : conjunctive particles,,,n.f.,"desire; matter | will, desire | thing, matter | (gram.) pl.: ܕܡܸ̈ܠܸܐ : conjunctive particles"
wmny]N,getlex.php?coord=4400105032121&word=1,conj. n.m.,,,,,"and, also","number, amount","number, amount","reckoning of an amount, counting",,"mnyn, mnynˀ",conj. n.m.,"and, also | number, amount | number, amount | reckoning of an amount, counting"
",,,",getlex.php?coord=4400105012120&word=4,,,,,,,,,,,,,
"w?m?[,",getlex.php?coord=4400105012120&word=3,,,,,,,,,,,,,
(ynw]hy,getlex.php?coord=4400105012120&word=1,n.f.,,,,,eye; spring,(anat.) eye,"spring, fountain","that which is seen, appearance, aspect",,,n.f.,"eye; spring | (anat.) eye | spring, fountain | that which is seen, appearance, aspect"
",,,",getlex.php?coord=4400109102602&word=2,,,,,,,,,,,,,
bmplth,getlex.php?coord=4400105012120&word=2,prep. n.f.,,,,,"in, with",in,with (instrumental),among,,"mplh, mpltˀ",prep. n.f.,"in, with | in | with (instrumental) | among"
"[,,,",getlex.php?coord=4400105012120&word=0,,,,,,,,,,,,,
"[,,,",getlex.php?coord=4400105022121&word=0,,,,,,,,,,,,,
"[,,,]",getlex.php?coord=4400109102602&word=0,,,,,,,,,,,,,
twl(?[h,getlex.php?coord=4400109092506&word=2,n.f./m.,,,,,worm; scarlet,"worm, worms",scarlet-colored material,,,,n.f./m.,"worm; scarlet | worm, worms | scarlet-colored material"
",,,",getlex.php?coord=4400109092506&word=3,,,,,,,,,,,,,
wb]r? )n$,getlex.php?coord=4400109092506&word=1,conj. n.m.,,,,,"and, also","human, person","human, person","personhood, inner person",,"br ˀnš/brnš, br ˀnšˀ/brnšˀ",conj. n.m.,"and, also | human, person | human, person | personhood, inner person"
h?(?d?[rt,getlex.php?coord=4400109102602&word=1,interj. vb. a/u G D Dt,,,,,interrogative particle,interrogative particle,to aid,to aid,,ˁdr,interj. vb. a/u G D Dt,interrogative particle | interrogative particle | to aid | to aid
yd(?[t,getlex.php?coord=4400105072127&word=1,vb. a/a G C Gt Ct quad quad T,,,,,to know,to know,to cohabit with,idioms:,,,vb. a/a G C Gt Ct quad quad T,to know | to know | to cohabit with | idioms:
(]lyhwN,getlex.php?coord=4400105072126&word=1,prep.,,,,,upon; against; to,"upon, over, on to","against, over against","toward, to",,,prep.,"upon; against; to | upon, over, on to | against, over against | toward, to"
wkwkby),getlex.php?coord=4400109082505&word=2,conj. n.m.,,,,,"and, also",star,(astron.) star,comet,,"kwkb, kwkbˀ",conj. n.m.,"and, also | star | (astron.) star | comet"
"[,,,]",getlex.php?coord=4400109082505&word=0,,,,,,,,,,,,,
"[,,,",getlex.php?coord=4400109092506&word=0,,,,,,,,,,,,,
zky,getlex.php?coord=4400109082505&word=1,adj.,,,,,innocent; righteous,innocent,righteous,victorious,,,adj.,innocent; righteous | innocent | righteous | victorious
l)?[,getlex.php?coord=4400109082505&word=3,adv.,,,,,"no, not",no! (as interj.),not (preceding and negating a predicate),"compounded with adjectives, nouns, abstracts, and adverbs  ='un-', 'non', 'in-'",,,adv.,"no, not | no! (as interj.) | not (preceding and negating a predicate) | compounded with adjectives, nouns, abstracts, and adverbs  ='un-', 'non', 'in-'"
",,,",getlex.php?coord=4400109082505&word=4,,,,,,,,,,,,,
"[,,,",getlex.php?coord=4400109062503&word=6,,,,,,,,,,,,,
])?lh),getlex.php?coord=4400109072504&word=1,n.m.,,,,,god,"god, God",,,,,n.m.,"god | god, God"
wm),getlex.php?coord=4400109072504&word=2,conj. pron.,,,,,"and, also",what?,what?,(usually) with following adj.: how!,,mh,conj. pron.,"and, also | what? | what? | (usually) with following adj.: how!"
"[,,,",getlex.php?coord=4400109072504&word=0,,,,,,,,,,,,,
",,,",getlex.php?coord=4400109072504&word=4,,,,,,,,,,,,,
ycdq?[,getlex.php?coord=4400109072504&word=3,vb. e/a G D C Dt,,,,,"to be guiltless, just","to prevail in court, be found innocent",to give charity,to favor,,,vb. e/a G D C Dt,"to be guiltless, just | to prevail in court, be found innocent | to give charity | to favor"
tqwM?,getlex.php?coord=4400109062503&word=5,"vb. a/u G D C Dt Ct polel, pay/w c el ethpolal, ethpay/w c el",,,,,to rise; to stand; to last,to rise,"to stand, to be raised up","to stand still, to stop",,,"vb. a/u G D C Dt Ct polel, pay/w c el ethpolal, ethpay/w c el","to rise; to stand; to last | to rise | to stand, to be raised up | to stand still, to stop"
rxcN,getlex.php?coord=4400109052503&word=1,n.m.,,,,,"security, reliance","security, reliance",,,,,n.m.,"security, reliance | security, reliance"
"lh$?[,,,,",getlex.php?coord=4400109052503&word=2,,,,,,,,,,,,,
"[,,,]",getlex.php?coord=4400109062503&word=0,,,,,,,,,,,,,
mN,getlex.php?coord=4400109062503&word=3,pron.,,,,,who?,"who, whom?","one who, one whom","introducing hypothetical exclamations, commonly with ""to give""",,,pron.,"who? | who, whom? | one who, one whom | introducing hypothetical exclamations, commonly with ""to give"""
l),getlex.php?coord=4400109062503&word=4,adv.,,,,,"no, not",no! (as interj.),not (preceding and negating a predicate),"compounded with adjectives, nouns, abstracts, and adverbs  ='un-', 'non', 'in-'",,,adv.,"no, not | no! (as interj.) | not (preceding and negating a predicate) | compounded with adjectives, nouns, abstracts, and adverbs  ='un-', 'non', 'in-'"
)w,getlex.php?coord=4400109062503&word=1,conj.,,,,,or,or,ˀw  ... ˀw,": if . . . but if, whether . . . or",,,conj.,"or | or | ˀw  ... ˀw | : if . . . but if, whether . . . or"
(l,getlex.php?coord=4400109062503&word=2,prep.,,,,,upon; against; to,"upon, over, on to","against, over against","toward, to",,,prep.,"upon; against; to | upon, over, on to | against, over against | toward, to"
",,,",getlex.php?coord=4400105032122&word=1,,,,,,,,,,,,,
g?z?y?ryN,getlex.php?coord=4400105032121&word=3,"vb. a/a,u G D C Gt Ct",,,,,to cut; to decree,to cut,to sanctify a covenant or treaty,to circumcise,,,"vb. a/a,u G D C Gt Ct",to cut; to decree | to cut | to sanctify a covenant or treaty | to circumcise
hl?)?[lh),getlex.php?coord=4400105032122&word=0,interj. n.m.,,,,,interrogative particle,interrogative particle,god,"god, God",,"ˀlh, ˀlhˀ",interj. n.m.,"interrogative particle | interrogative particle | god | god, God"
)lh),getlex.php?coord=4400109042502&word=4,n.m.,,,,,god,"god, God",,,,,n.m.,"god | god, God"
bmrw]m?h,getlex.php?coord=4400109052502&word=1,prep. n.m.,,,,,"in, with",in,with (instrumental),among,,"mrwm, mrwmˀ",prep. n.m.,"in, with | in | with (instrumental) | among"
",,,",getlex.php?coord=4400109042502&word=6,,,,,,,,,,,,,
(?[bd,getlex.php?coord=4400109042502&word=5,vb. a/e G D C Gt Ct quad,,,,,"to make, act, do",to make,"to do, perform, act in a certain manner","to designate, make into",,,vb. a/e G D C Gt Ct quad,"to make, act, do | to make | to do, perform, act in a certain manner | to designate, make into"
h)yty,getlex.php?coord=4400109052503&word=0,interj. vb./adv.,,,,,interrogative particle,interrogative particle,"there is, exists",there exists,,ˀyt,interj. vb./adv.,"interrogative particle | interrogative particle | there is, exists | there exists"
"[,,,",getlex.php?coord=4400109052502&word=0,,,,,,,,,,,,,
",,,",getlex.php?coord=4400109032501&word=2,,,,,,,,,,,,,
(M,getlex.php?coord=4400109042502&word=3,prep.,,,,,with,"with, together with",at,"at the time of, during",,,prep.,"with | with, together with | at | at the time of, during"
$]l?TN,getlex.php?coord=4400109042502&word=1,n.m.,,,,,"power, rule","power, rule",ruler,victory,,,n.m.,"power, rule | power, rule | ruler | victory"
"[,,,",getlex.php?coord=4400109042502&word=0,,,,,,,,,,,,,
wrbw,getlex.php?coord=4400109042502&word=2,conj. n.f.,,,,,"and, also",greatness,greatness,metaph. and transf. mngs.,,"rbw, rbwtˀ",conj. n.f.,"and, also | greatness | greatness | metaph. and transf. mngs."
bld?[d,getlex.php?coord=4400109032501&word=1,,,,,,,,,,,,,
ptgM,getlex.php?coord=4400109022425&word=4,n.m.,,,,,statement; matter,"statement, word","thing, matter",sharp edge :,,,n.m.,"statement; matter | statement, word | thing, matter | sharp edge :"
ytybnny,getlex.php?coord=4400109022425&word=3,vb. a/u G C Ct palpel ethpalpal,,,,,to return,to return (intransitive),"to change direction, turn away",as co-verb : to do again,,,vb. a/u G C Ct palpel ethpalpal,"to return | to return (intransitive) | to change direction, turn away | as co-verb : to do again"
(n),getlex.php?coord=4400109032501&word=0,vb. G D C Gt Dt,,,,,to respond,to respond,to keep occupied with,"to be suitable, to be an appropriate response to a situation",,,vb. G D C Gt Dt,"to respond | to respond | to keep occupied with | to be suitable, to be an appropriate response to a situation"
"wy[,,,,",getlex.php?coord=4400109022425&word=5,,,,,,,,,,,,,
"[,,,",getlex.php?coord=4400109022425&word=0,,,,,,,,,,,,,
)pw,getlex.php?coord=4400109022425&word=2,adv.,,,,,then,then : enclitic adverb of emphasis in (usually rhetorical) questions,,,,,adv.,then | then : enclitic adverb of emphasis in (usually rhetorical) questions
m]N?,getlex.php?coord=4400109022425&word=1,prep.,,,,,from,from,partitive,indicating the agent of a passive,,,prep.,from | from | partitive | indicating the agent of a passive
",,,",getlex.php?coord=4400109012424&word=5,,,,,,,,,,,,,
ytq^p^cwN,getlex.php?coord=4400109012424&word=3,vb. G Gt,,,,,to contract,to contract (intransitive),to close the hand: to be stingy,to contract,,,vb. G Gt,to contract | to contract (intransitive) | to close the hand: to be stingy | to contract
whtk]p?pw,getlex.php?coord=4400109012424&word=1,conj. vb. a/u G D C Gt Dt,,,,,"and, also",to bend,"to bend, invert (tran.)",to incline (intransitive),,kpp,conj. vb. a/u G D C Gt Dt,"and, also | to bend | to bend, invert (tran.) | to incline (intransitive)"
"[,,,",getlex.php?coord=4400106092209&word=0,,,,,,,,,,,,,
)?[w,getlex.php?coord=4400109012424&word=4,conj.,,,,,or,or,ˀw  ... ˀw,": if . . . but if, whether . . . or",,,conj.,"or | or | ˀw  ... ˀw | : if . . . but if, whether . . . or"
"[,,,",getlex.php?coord=4400109012424&word=0,,,,,,,,,,,,,
kyb?l?),getlex.php?coord=4400109012424&word=2,prep. n.m.,,,,,like,"like, according to",about (with numeral),conj.,,"ybl, yblˀ",prep. n.m.,"like | like, according to | about (with numeral) | conj."
l]x?M,getlex.php?coord=4400106072207&word=1,n.m.,,,,,"bread, food",bread,"food, meal",,,,n.m.,"bread, food | bread | food, meal"
"[,,,",getlex.php?coord=4400106072207&word=0,,,,,,,,,,,,,
w)mrt,getlex.php?coord=4400106072208&word=0,conj. vb. a/a G Gt,,,,,"and, also",to say,to say,to command,,ˀmr,conj. vb. a/a G Gt,"and, also | to say | to say | to command"
l),getlex.php?coord=4400106062207&word=2,adv.,,,,,"no, not",no! (as interj.),not (preceding and negating a predicate),"compounded with adjectives, nouns, abstracts, and adverbs  ='un-', 'non', 'in-'",,,adv.,"no, not | no! (as interj.) | not (preceding and negating a predicate) | compounded with adjectives, nouns, abstracts, and adverbs  ='un-', 'non', 'in-'"
"[,,,",getlex.php?coord=4400106082208&word=0,,,,,,,,,,,,,
mgN,getlex.php?coord=4400106052206&word=2,adv.,,,,,gratis,gratis,"in vain, uselessly",for no reason,,,adv.,"gratis | gratis | in vain, uselessly | for no reason"
l]c?h),getlex.php?coord=4400106062207&word=1,adj.,,,,,thirsty,thirsty,"dry, arid",fig.: desirous,,,adj.,"thirsty | thirsty | dry, arid | fig.: desirous"
"[,,,",getlex.php?coord=4400106062207&word=0,,,,,,,,,,,,,
(mK,getlex.php?coord=4400106032204&word=2,prep.,,,,,with,"with, together with",at,"at the time of, during",,,prep.,"with | with, together with | at | at the time of, during"
l]),getlex.php?coord=4400106042205&word=1,adv.,,,,,"no, not",no! (as interj.),not (preceding and negating a predicate),"compounded with adjectives, nouns, abstracts, and adverbs  ='un-', 'non', 'in-'",,,adv.,"no, not | no! (as interj.) | not (preceding and negating a predicate) | compounded with adjectives, nouns, abstracts, and adverbs  ='un-', 'non', 'in-'"
)yty,getlex.php?coord=4400106042205&word=2,vb./adv.,,,,,"there is, exists",there exists,with various prepositions,+ pron. suff. with nominal/adjectival predicates : as copula,,,vb./adv.,"there is, exists | there exists | with various prepositions | + pron. suff. with nominal/adjectival predicates : as copula"
"[,,,",getlex.php?coord=4400106042205&word=0,,,,,,,,,,,,,
l)]x?yK,getlex.php?coord=4400106052206&word=1,n.m.,,,,,brother,brother,"kinsman, comrade",,,,n.m.,"brother | brother | kinsman, comrade"
"[,,,",getlex.php?coord=4400106052206&word=0,,,,,,,,,,,,,
y?ml?[lN,getlex.php?coord=4400110102704&word=1,vb. D C Dt,,,,,D to speak,to speak,to sound,to enable someone to speak,,,vb. D C Dt,D to speak | to speak | to sound | to enable someone to speak
l)]lh),getlex.php?coord=4400106012203&word=1,n.m.,,,,,god,"god, God",,,,,n.m.,"god | god, God"
"[,,,",getlex.php?coord=4400106023303&word=0,,,,,,,,,,,,,
"[,,,",getlex.php?coord=4400106032204&word=0,,,,,,,,,,,,,
y](l,getlex.php?coord=4400106032204&word=1,vb. a/u G D C Dt Ct,,,,,to enter,to enter,w.,"ˁl, ˁm, lwt",,,vb. a/u G D C Dt Ct,"to enter | to enter | w. | ˁl, ˁm, lwt"
"[,,,",getlex.php?coord=4400106012203&word=0,,,,,,,,,,,,,
",,,",getlex.php?coord=4400110102704&word=2,,,,,,,,,,,,,
])?rxK,getlex.php?coord=4400106023303&word=1,n.f.,,,,,"way, road",road,"way of life, behavior",normal human bodily activities,,,n.f.,"way, road | road | way of life, behavior | normal human bodily activities"
]l?np$^y^,getlex.php?coord=4400110092702&word=1,n.f.,,,,,soul; life; self,soul,living person,"throat, breath",,,n.f.,"soul; life; self | soul | living person | throat, breath"
hN?,getlex.php?coord=4400110102704&word=0,conj.,,,,,if,if,"either...or, whether ... whether",w. ܕܝܢ :,,,conj.,"if | if | either...or, whether ... whether | w. ܕܝܢ :"
"[,,,",getlex.php?coord=4400110102703&word=0,,,,,,,,,,,,,
hN,getlex.php?coord=4400110092703&word=0,conj.,,,,,if,if,"either...or, whether ... whether",w. ܕܝܢ :,,,conj.,"if | if | either...or, whether ... whether | w. ܕܝܢ :"
lkm?[),getlex.php?coord=4400110092703&word=1,adv.,,,,,how much,"how much, how many (interrog)","rhetorical: with an adj. , adv. or verb : how much x ? = so much!","ellipt. : a certain amount, somewhat, a few",,,adv.,"how much | how much, how many (interrog) | rhetorical: with an adj. , adv. or verb : how much x ? = so much! | ellipt. : a certain amount, somewhat, a few"
b])?py,getlex.php?coord=4400110102703&word=1,prep. n.m.,,,,,"in, with",in,with (instrumental),among,,"ˀp, ˀpˀ",prep. n.m.,"in, with | in | with (instrumental) | among"
",,,",getlex.php?coord=4400110092703&word=2,,,,,,,,,,,,,
ry]q?n?h,getlex.php?coord=4400106092209&word=1,adj.,,,,,empty,empty,metaph.:,,,,adj.,empty | empty | metaph.:
])?pwhy,getlex.php?coord=4400106082208&word=1,n.m./f.pl.,,,,,face; surface,face,"(of ground, water) surface","way, manner, feature",,,n.m./f.pl.,"face; surface | face | (of ground, water) surface | way, manner, feature"
"[,,,",getlex.php?coord=4400110082701&word=0,,,,,,,,,,,,,
w])mr,getlex.php?coord=4400110082701&word=1,conj. vb. a/a G Gt,,,,,"and, also",to say,to say,to command,,ˀmr,conj. vb. a/a G Gt,"and, also | to say | to say | to command"
xy,getlex.php?coord=4400110082702&word=0,adj.,,,,,alive,alive,in a natural state,adv. : rapidly (,,,adj.,alive | alive | in a natural state | adv. : rapidly (
"[,,,",getlex.php?coord=4400110092702&word=0,,,,,,,,,,,,,
]ystkl,getlex.php?coord=4400110062614&word=1,vb. D C Gt Dt,,,,,D to understand; Dt to look at,to teach,to admonish,to signify,,,vb. D C Gt Dt,D to understand; Dt to look at | to teach | to admonish | to signify
)lh)?[,getlex.php?coord=4400110082702&word=1,n.m.,,,,,god,"god, God",,,,,n.m.,"god | god, God"
",,,",getlex.php?coord=4400110082702&word=2,,,,,,,,,,,,,
",,,",getlex.php?coord=4400110052614&word=6,,,,,,,,,,,,,
"[,,,",getlex.php?coord=4400110062614&word=0,,,,,,,,,,,,,
n$?[m(,getlex.php?coord=4400110052614&word=5,vb. a/a(u) G D C Gt,,,,,to hear,to hear (w. d.o. or,b_,) something,,,vb. a/a(u) G D C Gt,to hear | to hear (w. d.o. or | b_ | ) something
(rq?,getlex.php?coord=4400110042613&word=5,vb. a/u G D C Gt Ct,,,,,to flee,to flee,"to avoid, stay away",to put to flight,,,vb. a/u G D C Gt Ct,"to flee | to flee | to avoid, stay away | to put to flight"
"[,,,",getlex.php?coord=4400110052614&word=0,,,,,,,,,,,,,
hd]n?x,getlex.php?coord=4400110042613&word=1,vb. a/a(u) G C Dt,,,,,to shine,to shine,"to rise (sun, moon, star)","metaph.: to appear, to be born",,,vb. a/a(u) G C Dt,"to shine | to shine | to rise (sun, moon, star) | metaph.: to appear, to be born"
qTl,getlex.php?coord=4400110032612&word=3,vb. a/u G D C Gt Dt,,,,,to kill,to kill,"to make something not 'living' in its various metaph. senses, i.e., not raw, not flowing, etc.",to fell,,,vb. a/u G D C Gt Dt,"to kill | to kill | to make something not 'living' in its various metaph. senses, i.e., not raw, not flowing, etc. | to fell"
wbmnd(h,getlex.php?coord=4400110032612&word=2,conj. prep. n.m.,,,,,"and, also","in, with",in,with (instrumental),,b_,conj. prep. n.m.,"and, also | in, with | in | with (instrumental)"
xllt,getlex.php?coord=4400110042613&word=2,vb. a/a G D C Gt,,,,,to split; relinquish,to split,to slay by piercing,to hollow out,,,vb. a/a G D C Gt,to split; relinquish | to split | to slay by piercing | to hollow out
tnyN,getlex.php?coord=4400110042613&word=4,n.m.,,,,,sea serpent,sea serpent (or whale),"large serpent, adder",fig.:,,,n.m.,"sea serpent | sea serpent (or whale) | large serpent, adder | fig.:"
"[,,,",getlex.php?coord=4400110042613&word=0,,,,,,,,,,,,,
ydh,getlex.php?coord=4400110042613&word=3,n.f.,,,,,"hand, arm; side; power",(anat.) hand,arm,"power, control",,,n.f.,"hand, arm; side; power | (anat.) hand | arm | power, control"
ml),getlex.php?coord=4400110052614&word=4,n.f.,,,,,"word, speech; thing",word,thing [=Heb. דָּבָר],=Greek,,,n.f.,"word, speech; thing | word | thing [=Heb. דָּבָר] | =Greek"
m),getlex.php?coord=4400110052614&word=2,pron.,,,,,what?,what?,(usually) with following adj.: how!,"what, that which (indef./rel. pron.)",,,pron.,"what? | what? | (usually) with following adj.: how! | what, that which (indef./rel. pron.)"
)r]x?y,getlex.php?coord=4400110052614&word=1,n.f.,,,,,"way, road",road,"way of life, behavior",normal human bodily activities,,,n.f.,"way, road | road | way of life, behavior | normal human bodily activities"
mN,getlex.php?coord=4400110022611&word=3,prep.,,,,,from,from,partitive,indicating the agent of a passive,,,prep.,from | from | partitive | indicating the agent of a passive
]y?m),getlex.php?coord=4400110032612&word=1,n.m.,,,,,sea,sea,lake,,,,n.m.,sea | sea | lake
"[,,,",getlex.php?coord=4400110022611&word=0,,,,,,,,,,,,,
"[,,,",getlex.php?coord=4400110032612&word=0,,,,,,,,,,,,,
y]z?y(,getlex.php?coord=4400110022611&word=1,vb. a/u G D C Ct palpel ethpalpal,,,,,to move; to tremor,to move (intransitive),to be troubled,"fig. : to move, to perturb",,,vb. a/u G D C Ct palpel ethpalpal,"to move; to tremor | to move (intransitive) | to be troubled | fig. : to move, to perturb"
wytmhwN,getlex.php?coord=4400110022611&word=2,conj. vb. a/a G D C Gt Dt,,,,,"and, also","to wonder at, be amazed","to wonder at, be amazed",to stand still in amazement,,tmh,conj. vb. a/a G D C Gt Dt,"and, also | to wonder at, be amazed | to wonder at, be amazed | to stand still in amazement"
(?[l],getlex.php?coord=4400110012610&word=1,prep.,,,,,upon; against; to,"upon, over, on to","against, over against","toward, to",,,prep.,"upon; against; to | upon, over, on to | against, over against | toward, to"
"[,,,]",getlex.php?coord=4400110012610&word=0,,,,,,,,,,,,,
x?$?/s?/w?K,getlex.php?coord=4400110012610&word=3,n.m. adj.,,,,,darkness,darkness,snuffed out wick,deprived,,ḥśwk,n.m. adj.,darkness | darkness | snuffed out wick | deprived
l(ynyhwN,getlex.php?coord=4400104072108&word=0,n.f.,,,,,eye; spring,(anat.) eye,"spring, fountain","that which is seen, appearance, aspect",,,n.f.,"eye; spring | (anat.) eye | spring, fountain | that which is seen, appearance, aspect"
[)n]py/[s]y?py/,getlex.php?coord=4400110012610&word=2,n.m./f.pl. n.m.,,,,,face; surface,face,"(of ground, water) surface","way, manner, feature",,"syp, sypˀ",n.m./f.pl. n.m.,"face; surface | face | (of ground, water) surface | way, manner, feature"
"[,,,,,",getlex.php?coord=4400104052107&word=0,,,,,,,,,,,,,
wtmh),getlex.php?coord=4400104052106&word=0,conj. n.m.,,,,,"and, also","amazement, wonder","amazement, wonder",stupor due to astonishment,,"tmh, tmhˀ",conj. n.m.,"and, also | amazement, wonder | amazement, wonder | stupor due to astonishment"
whsgyw,getlex.php?coord=4400104062107&word=0,conj. vb. i(a)/e G D C Gt Ct,,,,,"and, also",to be many,to be(come) many,to grow,,sgy,conj. vb. i(a)/e G D C Gt Ct,"and, also | to be many | to be(come) many | to grow"
ly,getlex.php?coord=4400104052106&word=2,,,,,,,,,,,,,
"[,,,",getlex.php?coord=4400104042105&word=3,,,,,,,,,,,,,
)xd,getlex.php?coord=4400104052106&word=1,vb. a/u G D C Gt Dt,,,,,"to hold, take, to catch, to seize","to hold, take, to catch, to seize","to shut, close (door, gate, book, mouth)","to start out, undertake something",,,vb. a/u G D C Gt Dt,"to hold, take, to catch, to seize | to hold, take, to catch, to seize | to shut, close (door, gate, book, mouth) | to start out, undertake something"
(l,getlex.php?coord=4400104042105&word=2,prep.,,,,,upon; against; to,"upon, over, on to","against, over against","toward, to",,,prep.,"upon; against; to | upon, over, on to | against, over against | toward, to"
nksyN,getlex.php?coord=4400104062107&word=1,n.m.pl.,,,,,"property, wealth","property, wealth",,,,,n.m.pl.,"property, wealth | property, wealth"
zr(?[yhwN,getlex.php?coord=4400104062108&word=0,n.m.,,,,,seed,seed,sowing,"offspring, family",,,n.m.,"seed | seed | sowing | offspring, family"
ydykwN,getlex.php?coord=4400104042105&word=1,n.f.,,,,,"hand, arm; side; power",(anat.) hand,arm,"power, control",,,n.f.,"hand, arm; side; power | (anat.) hand | arm | power, control"
"t[,,",getlex.php?coord=4400104032104&word=3,,,,,,,,,,,,,
l),getlex.php?coord=4400104032104&word=2,adv.,,,,,"no, not",no! (as interj.),not (preceding and negating a predicate),"compounded with adjectives, nouns, abstracts, and adverbs  ='un-', 'non', 'in-'",,,adv.,"no, not | no! (as interj.) | not (preceding and negating a predicate) | compounded with adjectives, nouns, abstracts, and adverbs  ='un-', 'non', 'in-'"
",,,",getlex.php?coord=4400104032104&word=4,,,,,,,,,,,,,
symw,getlex.php?coord=4400104042105&word=0,vb. a/i G D C Gt Ct,,,,,"to place, put","to place, put, install  [-JBA; see note]","fig.: to set out, set down something","to give, grant, i.e.,place before",,,vb. a/i G D C Gt Ct,"to place, put | to place, put, install  [-JBA; see note] | fig.: to set out, set down something | to give, grant, i.e.,place before"
"[,,,]",getlex.php?coord=4400104012102&word=0,,,,,,,,,,,,,
[m]nd(y,getlex.php?coord=4400104022103&word=0,n.m.,,,,,intelligence,intelligence,"acquaintance, relative",manda dhiia,,,n.m.,"intelligence | intelligence | acquaintance, relative | manda dhiia"
",,,",getlex.php?coord=4400103082006&word=3,,,,,,,,,,,,,
tmyq?[wN,getlex.php?coord=4400104022103&word=1,vb. D C Dt,,,,,D to deride,"to deride, make fun",b_,of someone,,,vb. D C Dt,"D to deride | to deride, make fun | b_ | of someone"
"lhwt[,,,,,,",getlex.php?coord=4400104012102&word=2,,,,,,,,,,,,,
",,,",getlex.php?coord=4400104022103&word=2,,,,,,,,,,,,,
(Tr,getlex.php?coord=4400110052614&word=3,n.m.,,,,,vapor; incense,vapor,often pl. : incense,,,,n.m.,vapor; incense | vapor | often pl. : incense
ly,getlex.php?coord=4400104012102&word=1,,,,,,,,,,,,,
)pw,getlex.php?coord=4400104032104&word=1,adv.,,,,,then,then : enclitic adverb of emphasis in (usually rhetorical) questions,,,,,adv.,then | then : enclitic adverb of emphasis in (usually rhetorical) questions
)rw,getlex.php?coord=4400104032104&word=0,conj./inte,,,,,behold,presentative particle,"because, since",,,,conj./inte,"behold | presentative particle | because, since"
r$y(?[yN,getlex.php?coord=4400103062005&word=2,adj.,,,,,wicked,alone,: wicked person,adj.: wicked (of a person),,,adj.,wicked | alone | : wicked person | adj.: wicked (of a person)
l(nny)[,getlex.php?coord=4400103082006&word=2,n.m./.f.,,,,,cloud,cloud,(chem.) a name for mercury,cloudiness,,,n.m./.f.,cloud | cloud | (chem.) a name for mercury | cloudiness
]l(b(,getlex.php?coord=4400103072005&word=1,adv.,,,,,quickly,quickly,,,,,adv.,quickly | quickly
t(d),getlex.php?coord=4400103072005&word=2,vb. G D C Gt Ct,,,,,to pass over,"to pass over, cross",to pass by,"to be over, finished, removed, pass away from",,,vb. G D C Gt Ct,"to pass over | to pass over, cross | to pass by | to be over, finished, removed, pass away from"
"[,,,",getlex.php?coord=4400103082006&word=0,,,,,,,,,,,,,
"[,,,",getlex.php?coord=4400103072005&word=0,,,,,,,,,,,,,
",,,",getlex.php?coord=4400103062005&word=3,,,,,,,,,,,,,
wr)$]h,getlex.php?coord=4400103082006&word=1,conj. n.m.,,,,,"and, also",head; top; chief,(anat.) head,top,,"ryš, ryšˀ",conj. n.m.,"and, also | head; top; chief | (anat.) head | top"
mb(,getlex.php?coord=4400103062005&word=1,n.m.,,,,,joy,joy,,,,,n.m.,joy | joy
)rw,getlex.php?coord=4400103062005&word=0,conj./inte,,,,,behold,presentative particle,"because, since",,,,conj./inte,"behold | presentative particle | because, since"
mN,getlex.php?coord=4400103052004&word=4,prep.,,,,,from,from,partitive,indicating the agent of a passive,,,prep.,from | from | partitive | indicating the agent of a passive
d?[y,getlex.php?coord=4400103052004&word=5,,,,,,,,,,,,,
",,,",getlex.php?coord=4400103052004&word=6,,,,,,,,,,,,,
"[,,,,,,",getlex.php?coord=4400103062004&word=0,,,,,,,,,,,,,
(lm),getlex.php?coord=4400103052004&word=3,n.m.,,,,,eternity; world,eternity (usually as a,nomen rectum,),,,n.m.,eternity; world | eternity (usually as a | nomen rectum | )
mN,getlex.php?coord=4400103052004&word=2,prep.,,,,,from,from,partitive,indicating the agent of a passive,,,prep.,from | from | partitive | indicating the agent of a passive
"[,,,",getlex.php?coord=4400103052004&word=0,,,,,,,,,,,,,
",,,",getlex.php?coord=4400103042003&word=4,,,,,,,,,,,,,
",,,",getlex.php?coord=4400104062108&word=1,,,,,,,,,,,,,
wrw[x,getlex.php?coord=4400103042003&word=3,conj. n.f./m.,,,,,"and, also",wind; spirit,wind,"spirit, motive intellectual or emotional force",,"rwḥ, rwḥˀ",conj. n.f./m.,"and, also | wind; spirit | wind | spirit, motive intellectual or emotional force"
yd](?t,getlex.php?coord=4400103052004&word=1,vb. a/a G C Gt Ct quad quad T,,,,,to know,to know,to cohabit with,idioms:,,,vb. a/a G C Gt Ct quad quad T,to know | to know | to cohabit with | idioms:
"[,,,]",getlex.php?coord=4400103032001&word=0,,,,,,,,,,,,,
lkN,getlex.php?coord=4400103032001&word=2,conj.,,,,,therefore; so then,therefore,so then,,,,conj.,therefore; so then | therefore | so then
"[,,,",getlex.php?coord=4400103021929&word=0,,,,,,,,,,,,,
[whty]b/[l)yw]b/,getlex.php?coord=4400103032001&word=1,conj. vb. a/u G C Ct palpel ethpalpal,,,,,"and, also",to return,to return (intransitive),"to change direction, turn away",,twb,conj. vb. a/u G C Ct palpel ethpalpal,"and, also | to return | to return (intransitive) | to change direction, turn away"
"y[,,",getlex.php?coord=4400103032001&word=4,,,,,,,,,,,,,
",,,",getlex.php?coord=4400103032001&word=5,,,,,,,,,,,,,
lbby,getlex.php?coord=4400103032001&word=3,n.m.,,,,,heart,(anat.) heart,"mind, inner thoughts",inner part,,,n.m.,"heart | (anat.) heart | mind, inner thoughts | inner part"
)$m(,getlex.php?coord=4400103042003&word=2,vb. a/a(u) G D C Gt,,,,,to hear,to hear (w. d.o. or,b_,) something,,,vb. a/a(u) G D C Gt,to hear | to hear (w. d.o. or | b_ | ) something
"[,,,",getlex.php?coord=4400103042003&word=0,,,,,,,,,,,,,
km]lty,getlex.php?coord=4400103042003&word=1,prep. n.f.,,,,,like,"like, according to",about (with numeral),conj.,,"mlh, mltˀ",prep. n.f.,"like | like, according to | about (with numeral) | conj."
",,,",getlex.php?coord=4400102081919&word=3,,,,,,,,,,,,,
"[,,,]",getlex.php?coord=4400103011929&word=0,,,,,,,,,,,,,
dy?[,getlex.php?coord=4400102081919&word=2,,,,,,,,,,,,,
)n$,getlex.php?coord=4400102081919&word=1,n.m.,,,,,"person, someone","person, someone","Man, humanity (usually in the emphatic)","often in the absolute state (i.e., as a pronoun, even in Eastern Aramaic):",,,n.m.,"person, someone | person, someone | Man, humanity (usually in the emphatic) | often in the absolute state (i.e., as a pronoun, even in Eastern Aramaic):"
k?l,getlex.php?coord=4400102081919&word=0,n.(pr.),,,,,"all, every",alone preceding a noun (technically the construct state!) :,as a postpositive with resumptive pronominal suffixes,emphatic state :,,,n.(pr.),"all, every | alone preceding a noun (technically the construct state!) : | as a postpositive with resumptive pronominal suffixes | emphatic state :"
b?)y$,getlex.php?coord=4400103011929&word=1,adj.,,,,,bad,"bad, evil ( i.e., harmful, debilitating)","bad (i.e., the antithesis of good), not functioning properly",,,,adj.,"bad | bad, evil ( i.e., harmful, debilitating) | bad (i.e., the antithesis of good), not functioning properly"
",,,",getlex.php?coord=4400102071918&word=2,,,,,,,,,,,,,
ysgp?[wnny,getlex.php?coord=4400102071918&word=1,vb. a/u G D Dt,,,,,to harm,see s.v.,sgyp,adj.,,,vb. a/u G D Dt,to harm | see s.v. | sgyp | adj.
r?$y(yN,getlex.php?coord=4400102071918&word=0,adj.,,,,,wicked,alone,: wicked person,adj.: wicked (of a person),,,adj.,wicked | alone | : wicked person | adj.: wicked (of a person)
",,,",getlex.php?coord=4400102061917&word=3,,,,,,,,,,,,,
l)ntty?[,getlex.php?coord=4400102061917&word=2,n.f.,,,,,"woman, wife",woman,wife,,,,n.f.,"woman, wife | woman | wife"
"[,,,",getlex.php?coord=4400102051916&word=3,,,,,,,,,,,,,
wl),getlex.php?coord=4400102051916&word=2,conj. adv.,,,,,"and, also","no, not",no! (as interj.),not (preceding and negating a predicate),,lˀ,conj. adv.,"and, also | no, not | no! (as interj.) | not (preceding and negating a predicate)"
qryt,getlex.php?coord=4400102051916&word=1,vb. G D C Gt,,,,,to call,to call,to read,to cry out,,,vb. G D C Gt,to call | to call | to read | to cry out
b?yty,getlex.php?coord=4400102041915&word=0,n.m./f.,,,,,house; structure; place,house: a building for dwelling,a structure,"place, area, home",,,n.m./f.,"house; structure; place | house: a building for dwelling | a structure | place, area, home"
"b,[,,,,,",getlex.php?coord=4400102031913&word=2,,,,,,,,,,,,,
l(bdy,getlex.php?coord=4400102051916&word=0,n.m.,,,,,servant,servant,,,,,n.m.,servant | servant
",,,",getlex.php?coord=4400102041915&word=3,,,,,,,,,,,,,
)mty,getlex.php?coord=4400102041915&word=1,n.f.,,,,,maidservant,maidservant,,,,,n.f.,maidservant | maidservant
lnkr[y,getlex.php?coord=4400102041915&word=2,adj.,,,,,alien,"foreign, alien","strange, unusual",sublime,,,adj.,"alien | foreign, alien | strange, unusual | sublime"
hmkt,getlex.php?coord=4400102061917&word=1,vb. a(e)/a(u) G D C Gt Dt quad quad T,,,,,"to be low, humble",to be low,"to be humble, humbled",to spread out something below,,,vb. a(e)/a(u) G D C Gt Dt quad quad T,"to be low, humble | to be low | to be humble, humbled | to spread out something below"
",,,",getlex.php?coord=4400102021912&word=3,,,,,,,,,,,,,
h?rxqw,getlex.php?coord=4400102031913&word=0,vb. /a(u) G D C Dt,,,,,to be(come) distant,"to be(come) distant, go away",fig. : to abandon,to put at a distance,,,vb. /a(u) G D C Dt,"to be(come) distant | to be(come) distant, go away | fig. : to abandon | to put at a distance"
wyd(y,getlex.php?coord=4400102031913&word=1,conj. vb. a/a G C Gt Ct quad quad T,,,,,"and, also",to know,to know,to cohabit with,,ydˁ,conj. vb. a/a G C Gt Ct quad quad T,"and, also | to know | to know | to cohabit with"
xtpwhy,getlex.php?coord=4400102021912&word=1,vb. G D Dt,,,,,D to break,"to snatch, rob",to break,to wipe off,,,vb. G D Dt,"D to break | to snatch, rob | to break | to wipe off"
wkb$w?[,getlex.php?coord=4400102021912&word=2,conj. vb. a/u G D C Gt Dt,,,,,"and, also","to tread on, subjugate",to tread on,"to press, crush",,kbš,conj. vb. a/u G D C Gt Dt,"and, also | to tread on, subjugate | to tread on | to press, crush"
"w?x?[,,,,",getlex.php?coord=4400102011911&word=3,,,,,,,,,,,,,
rgzh,getlex.php?coord=4400102011911&word=2,n.m.,,,,,wrath,wrath,quaking,,,,n.m.,wrath | wrath | quaking
[y]t?wN/[)]t?yN/,getlex.php?coord=4400102021912&word=0,vb. G D C Ct,,,,,"to come, arrive",to come,to occur; w.,ˁl,,,vb. G D C Ct,"to come, arrive | to come | to occur; w. | ˁl"
mN,getlex.php?coord=4400101081804&word=1,prep.,,,,,from,from,partitive,indicating the agent of a passive,,,prep.,from | from | partitive | indicating the agent of a passive
)t[rh,getlex.php?coord=4400101081804&word=2,n.m.,,,,,place,place,The sacred Place,trace,,,n.m.,place | place | The sacred Place | trace
(ly,getlex.php?coord=4400102011911&word=1,prep.,,,,,upon; against; to,"upon, over, on to","against, over against","toward, to",,,prep.,"upon; against; to | upon, over, on to | against, over against | toward, to"
",,,",getlex.php?coord=4400101081804&word=3,,,,,,,,,,,,,
[wtq]P,getlex.php?coord=4400102011911&word=0,"conj. vb. e(u)/a G D C Gt Dt polel, pay/w c el ethpolal, ethpay/w c el",,,,,"and, also",to be strong,to be(come) strong,"to conquer, prevail (w. d.o.,",,tqp,"conj. vb. e(u)/a G D C Gt Dt polel, pay/w c el ethpolal, ethpay/w c el","and, also | to be strong | to be(come) strong | to conquer, prevail (w. d.o.,"
"[,,,]",getlex.php?coord=4400101071804&word=0,,,,,,,,,,,,,
"[,,,",getlex.php?coord=4400101061803&word=0,,,,,,,,,,,,,
lb](?yr),getlex.php?coord=4400101061803&word=1,n.f./m.,,,,,"animal, beast","collective: animals, beasts",as a singular animal,,,,n.f./m.,"animal, beast | collective: animals, beasts | as a singular animal"
",,,",getlex.php?coord=4400101051802&word=4,,,,,,,,,,,,,
dmyn)[,getlex.php?coord=4400101061803&word=2,vb. G D C Dt Ct,,,,,to be like,to be like,ptcp. :,see s.v.,,,vb. G D C Dt Ct,to be like | to be like | ptcp. : | see s.v.
",,,",getlex.php?coord=4400101061803&word=3,,,,,,,,,,,,,
lm?l?[yN,getlex.php?coord=4400101051802&word=3,n.f.,,,,,"word, speech; thing",word,thing [=Heb. דָּבָר],=Greek,,,n.f.,"word, speech; thing | word | thing [=Heb. דָּבָר] | =Greek"
h(l db?[rtK,getlex.php?coord=4400101071804&word=1,interj. conj./prep,,,,,interrogative particle,interrogative particle,in order that,in order that,,ˁl dbrt,interj. conj./prep,interrogative particle | interrogative particle | in order that | in order that
",,,",getlex.php?coord=4400101071804&word=2,,,,,,,,,,,,,
",,,",getlex.php?coord=4400101041801&word=4,,,,,,,,,,,,,
"[,,,,,]",getlex.php?coord=4400101051802&word=0,,,,,,,,,,,,,
$wx[)h,getlex.php?coord=4400101041801&word=3,adj.,,,,,Shuhite,Shuhite,,,,,adj.,Shuhite | Shuhite
swP,getlex.php?coord=4400101051802&word=2,n.m.,,,,,end,end,chronological,end,,,n.m.,end | end | chronological | end
t?$?w?)?,getlex.php?coord=4400101051802&word=1,vb. a/e G D C Gt Dt Ct,,,,,to be equal; D to put down,"to be equal, worth","to be worthy of, merit",to constitute,,,vb. a/e G D C Gt Dt Ct,"to be equal; D to put down | to be equal, worth | to be worthy of, merit | to constitute"
rwx,getlex.php?coord=4400102061917&word=0,n.f./m.,,,,,wind; spirit,wind,"spirit, motive intellectual or emotional force","demon, i.e., evil spirit",,,n.f./m.,"wind; spirit | wind | spirit, motive intellectual or emotional force | demon, i.e., evil spirit"
"[,,,",getlex.php?coord=4400101031716&word=0,,,,,,,,,,,,,
",]$?k?b",getlex.php?coord=4400101031716&word=1,"vb. e/a/o,o G D C Dt",,,,,to lie down,to lie down,to lie down to sleep,to lie down to die,,,"vb. e/a/o,o G D C Dt",to lie down | to lie down | to lie down to sleep | to lie down to die
"[,,,",getlex.php?coord=4400101041801&word=0,,,,,,,,,,,,,
(n]),getlex.php?coord=4400101041801&word=1,vb. G D C Gt Dt,,,,,to respond,to respond,to keep occupied with,"to be suitable, to be an appropriate response to a situation",,,vb. G D C Gt Dt,"to respond | to respond | to keep occupied with | to be suitable, to be an appropriate response to a situation"
bldd,getlex.php?coord=4400101041801&word=2,,,,,,,,,,,,,
h?(my,getlex.php?coord=4400101021716&word=0,interj. prep.,,,,,interrogative particle,interrogative particle,with,"with, together with",,ˁm,interj. prep.,"interrogative particle | interrogative particle | with | with, together with"
")?[,,,,,",getlex.php?coord=4400101011715&word=2,,,,,,,,,,,,,
)pw,getlex.php?coord=4400101011715&word=1,adv.,,,,,then,then : enclitic adverb of emphasis in (usually rhetorical) questions,,,,,adv.,then | then : enclitic adverb of emphasis in (usually rhetorical) questions
"[,,,,],h",getlex.php?coord=4400101011714&word=0,,,,,,,,,,,,,
wm),getlex.php?coord=4400101011715&word=0,conj. pron.,,,,,"and, also",what?,what?,(usually) with following adj.: how!,,mh,conj. pron.,"and, also | what? | what? | (usually) with following adj.: how!"
"[,,,]",getlex.php?coord=4400101081804&word=0,,,,,,,,,,,,,
"[,,,",getlex.php?coord=4400117083101&word=2,,,,,,,,,,,,,
]l?),getlex.php?coord=4400117083101&word=1,adv.,,,,,"no, not",no! (as interj.),not (preceding and negating a predicate),"compounded with adjectives, nouns, abstracts, and adverbs  ='un-', 'non', 'in-'",,,adv.,"no, not | no! (as interj.) | not (preceding and negating a predicate) | compounded with adjectives, nouns, abstracts, and adverbs  ='un-', 'non', 'in-'"
"[,,,",getlex.php?coord=4400117083101&word=0,,,,,,,,,,,,,
d),getlex.php?coord=4400123093331&word=1,pron.,,,,,this (f.),this (f.),,,,,pron.,this (f.) | this (f.)
"[,,,,,]y?",getlex.php?coord=4400117083031&word=0,,,,,,,,,,,,,
mN,getlex.php?coord=4400117073030&word=1,prep.,,,,,from,from,partitive,indicating the agent of a passive,,,prep.,from | from | partitive | indicating the agent of a passive
)m]l?l?,getlex.php?coord=4400123093331&word=3,vb. D C Dt,,,,,D to speak,to speak,to sound,to enable someone to speak,,,vb. D C Dt,D to speak | to speak | to sound | to enable someone to speak
"[,,,",getlex.php?coord=4400123093331&word=2,,,,,,,,,,,,,
l$)wl,getlex.php?coord=4400101021716&word=1,n.m./f.,,,,,"Sheol, the netherworld","Sheol, the netherworld",,,,,n.m./f.,"Sheol, the netherworld | Sheol, the netherworld"
"t?[,,,,,",getlex.php?coord=4400101021716&word=2,,,,,,,,,,,,,
hct,getlex.php?coord=4400123093331&word=0,vb. a/u G D C Ct palpel,,,,,to listen,"to listen, hear",to listen carefully,"to listen, hear",,,vb. a/u G D C Ct palpel,"to listen | to listen, hear | to listen carefully | to listen, hear"
zmN,getlex.php?coord=4400123083329&word=0,n.f./m.,,,,,set time; instance,set time,instance,pl. abs. : sometimes,,,n.f./m.,set time; instance | set time | instance | pl. abs. : sometimes
]y?ctnh,getlex.php?coord=4400126093513&word=1,vb. a/u G D C Ct palpel,,,,,to listen,"to listen, hear",to listen carefully,"to listen, hear",,,vb. a/u G D C Ct palpel,"to listen | to listen, hear | to listen carefully | to listen, hear"
"[,,,]",getlex.php?coord=4400126103514&word=0,,,,,,,,,,,,,
t)mr[,getlex.php?coord=4400126093514&word=1,vb. a/a G Gt,,,,,to say,to say,to command,"to say to oneself, to have a thought",,,vb. a/a G Gt,"to say | to say | to command | to say to oneself, to have a thought"
",,,",getlex.php?coord=4400126093514&word=2,,,,,,,,,,,,,
[l),getlex.php?coord=4400126093513&word=0,adv.,,,,,"no, not",no! (as interj.),not (preceding and negating a predicate),"compounded with adjectives, nouns, abstracts, and adverbs  ='un-', 'non', 'in-'",,,adv.,"no, not | no! (as interj.) | not (preceding and negating a predicate) | compounded with adjectives, nouns, abstracts, and adverbs  ='un-', 'non', 'in-'"
hN,getlex.php?coord=4400126093514&word=0,conj.,,,,,if,if,"either...or, whether ... whether",w. ܕܝܢ :,,,conj.,"if | if | either...or, whether ... whether | w. ܕܝܢ :"
"[,,,,,,,",getlex.php?coord=4400126103514&word=2,,,,,,,,,,,,,
lh,getlex.php?coord=4400126103514&word=1,,,,,,,,,,,,,
"l[,,,]y",getlex.php?coord=4400123083330&word=0,,,,,,,,,,,,,
tryN,getlex.php?coord=4400123083329&word=1,num.,,,,,two,two,,,,,num.,two | two
tlth,getlex.php?coord=4400123083329&word=2,num.,,,,,three,three,w. masc. pl. pron. suff. : group of three,,,,num.,three | three | w. masc. pl. pron. suff. : group of three
xyy?N,getlex.php?coord=4400123093330&word=0,adj.,,,,,alive,alive,in a natural state,adv. : rapidly (,,,adj.,alive | alive | in a natural state | adv. : rapidly (
",,,]",getlex.php?coord=4400126083513&word=3,,,,,,,,,,,,,
y$[m(,getlex.php?coord=4400126083513&word=2,vb. a/a(u) G D C Gt,,,,,to hear,to hear (w. d.o. or,b_,) something,,,vb. a/a(u) G D C Gt,to hear | to hear (w. d.o. or | b_ | ) something
$w),getlex.php?coord=4400126083513&word=1,n.m.,,,,,emptiness,emptiness (Hebrew שָׁוְא),,,,,n.m.,emptiness | emptiness (Hebrew שָׁוְא)
[wd]xl)/[y]c?l)/,getlex.php?coord=4400126083513&word=4,conj. n.f. vb. G D C Gt Dt Ct,,,,,"and, also",fear; faith,fear,"religion, belief in a divinity",,"dḥlh, dḥltˀ",conj. n.f. vb. G D C Gt Dt Ct,"and, also | fear; faith | fear | religion, belief in a divinity"
wl[),getlex.php?coord=4400126073512&word=2,conj. adv.,,,,,"and, also","no, not",no! (as interj.),not (preceding and negating a predicate),,lˀ,conj. adv.,"and, also | no, not | no! (as interj.) | not (preceding and negating a predicate)"
)rw,getlex.php?coord=4400126083513&word=0,conj./inte,,,,,behold,presentative particle,"because, since",,,,conj./inte,"behold | presentative particle | because, since"
[b])?y$yN,getlex.php?coord=4400126083512&word=0,adj.,,,,,bad,"bad, evil ( i.e., harmful, debilitating)","bad (i.e., the antithesis of good), not functioning properly",,,,adj.,"bad | bad, evil ( i.e., harmful, debilitating) | bad (i.e., the antithesis of good), not functioning properly"
g[)?wt,getlex.php?coord=4400126073512&word=4,n.f.,,,,,pride,pride,,,,,n.f.,pride | pride
",,,",getlex.php?coord=4400126073512&word=3,,,,,,,,,,,,,
b(?[yry,getlex.php?coord=4400126063511&word=3,n.f./m.,,,,,"animal, beast","collective: animals, beasts",as a singular animal,,,,n.f./m.,"animal, beast | collective: animals, beasts | as a singular animal"
cpry),getlex.php?coord=4400126063511&word=6,n.f./m.,,,,,bird,bird,with specifying type:,,,,n.f./m.,bird | bird | with specifying type:
wmN],getlex.php?coord=4400126063511&word=5,conj. prep.,,,,,"and, also",from,from,partitive,,mn,conj. prep.,"and, also | from | from | partitive"
",,,",getlex.php?coord=4400126063511&word=4,,,,,,,,,,,,,
tmh,getlex.php?coord=4400126073512&word=0,adv.,,,,,there,there,"in opposition to  ""here"" : Babylonia vs. Eretz-Israel","then (?), there and then (?)",,,adv.,"there | there | in opposition to  ""here"" : Babylonia vs. Eretz-Israel | then (?), there and then (?)"
dy,getlex.php?coord=4400126063511&word=0,,,,,,,,,,,,,
blyly),getlex.php?coord=4400126063510&word=0,prep. n.m.,,,,,"in, with",in,with (instrumental),among,,"lyly, lylyˀ",prep. n.m.,"in, with | in | with (instrumental) | among"
mN,getlex.php?coord=4400126063511&word=2,prep.,,,,,from,from,partitive,indicating the agent of a passive,,,prep.,from | from | partitive | indicating the agent of a passive
pr$n),getlex.php?coord=4400126063511&word=1,vb. a/u G D C Gt Dt Ct,,,,,"to separate, distinguish",to separate,to be(come) separated,to depart,,,vb. a/u G D C Gt Dt Ct,"to separate, distinguish | to separate | to be(come) separated | to depart"
wl),getlex.php?coord=4400126043510&word=0,conj. adv.,,,,,"and, also","no, not",no! (as interj.),not (preceding and negating a predicate),,lˀ,conj. adv.,"and, also | no, not | no! (as interj.) | not (preceding and negating a predicate)"
dy,getlex.php?coord=4400126053510&word=0,,,,,,,,,,,,,
])lh),getlex.php?coord=4400126043510&word=3,n.m.,,,,,god,"god, God",,,,,n.m.,"god | god, God"
)mr[w,getlex.php?coord=4400126043510&word=1,vb. a/a G Gt,,,,,to say,to say,to command,"to say to oneself, to have a thought",,,vb. a/a G Gt,"to say | to say | to command | to say to oneself, to have a thought"
mN qdM,getlex.php?coord=4400126043509&word=0,prep./conj,,,,,"from before, in front of","from before, from being in  the presence of","before, in front of",in the presence of a condition -> due to,,,prep./conj,"from before, in front of | from before, from being in  the presence of | before, in front of | in the presence of a condition -> due to"
",,,",getlex.php?coord=4400126043510&word=2,,,,,,,,,,,,,
sgy)yN,getlex.php?coord=4400126043509&word=1,adj./adv.,,,,,"many, much","many, much","enough, too much",(gram.) pl.:,,,adj./adv.,"many, much | many, much | enough, too much | (gram.) pl.:"
lncbtn),getlex.php?coord=4400126053510&word=6,n.f.,,,,,plant; stele,plant,"stele, standing monument","germ, a planting that produces an identical offspring",,,n.f.,"plant; stele | plant | stele, standing monument | germ, a planting that produces an identical offspring"
xlq,getlex.php?coord=4400126053510&word=3,vb. a/u G D Gt,,,,,"to assign to, divide up","to apportion, divide",to assign fate,to mix (??),,,vb. a/u G D Gt,"to assign to, divide up | to apportion, divide | to assign fate | to mix (??)"
ln),getlex.php?coord=4400126053510&word=4,,,,,,,,,,,,,
wdy,getlex.php?coord=4400126053510&word=2,conj.,,,,,"and, also",,,,,,conj.,"and, also"
(bdnh,getlex.php?coord=4400126053510&word=1,vb. a/e G D C Gt Ct quad,,,,,"to make, act, do",to make,"to do, perform, act in a certain manner","to designate, make into",,,vb. a/e G D C Gt Ct quad,"to make, act, do | to make | to do, perform, act in a certain manner | to designate, make into"
",,,",getlex.php?coord=4400126023507&word=6,,,,,,,,,,,,,
mN,getlex.php?coord=4400126033509&word=0,prep.,,,,,from,from,partitive,indicating the agent of a passive,,,prep.,from | from | partitive | indicating the agent of a passive
kwt]K?,getlex.php?coord=4400126023508&word=1,prep.,,,,,like,"like, just as",,,,,prep.,"like | like, just as"
"[,,,",getlex.php?coord=4400126023508&word=0,,,,,,,,,,,,,
cdqtK,getlex.php?coord=4400126033508&word=1,n.f.,,,,,merit; benificence,"merit, righteousness",beneficence,,,,n.f.,"merit; benificence | merit, righteousness | beneficence"
ycwxwN,getlex.php?coord=4400126033509&word=1,,,,,,,,,,,,,
xTyK,getlex.php?coord=4400126023508&word=2,n.m.,,,,,sin,sin,sin offering [Hebrew],Satan :,,,n.m.,sin | sin | sin offering [Hebrew] | Satan :
wlbr )n$,getlex.php?coord=4400126033508&word=0,conj. n.m.,,,,,"and, also","human, person","human, person","personhood, inner person",,"br ˀnš/brnš, br ˀnšˀ/brnšˀ",conj. n.m.,"and, also | human, person | human, person | personhood, inner person"
yqbl?[,getlex.php?coord=4400126023507&word=5,vb. a/o G D C Gt Dt,,,,,to be opposed; D to receive,to confront in complaint (w.,"mn, ˁl",against),,,vb. a/o G D C Gt Dt,"to be opposed; D to receive | to confront in complaint (w. | mn, ˁl | against)"
mydK,getlex.php?coord=4400126023507&word=4,prep. n.f.,,,,,from,from,partitive,indicating the agent of a passive,,"yd, ˀydˀ",prep. n.f.,from | from | partitive | indicating the agent of a passive
ttN,getlex.php?coord=4400126023507&word=0,vb. a/e G Gt,,,,,to give; make into,to give,b_,":  to sell for, exchange for",,,vb. a/e G Gt,"to give; make into | to give | b_ | :  to sell for, exchange for"
m),getlex.php?coord=4400126023507&word=3,pron.,,,,,what?,what?,(usually) with following adj.: how!,"what, that which (indef./rel. pron.)",,,pron.,"what? | what? | (usually) with following adj.: how! | what, that which (indef./rel. pron.)"
yz(qwN,getlex.php?coord=4400126073512&word=1,"vb. e/a, a/u G C Gt Ct",,,,,"to cry out, to shout","to cry out, to shout",(of a horn) to sound out,to summon (by calling out),,,"vb. e/a, a/u G C Gt Ct","to cry out, to shout | to cry out, to shout | (of a horn) to sound out | to summon (by calling out)"
)w,getlex.php?coord=4400126023507&word=2,conj.,,,,,or,or,ˀw  ... ˀw,": if . . . but if, whether . . . or",,,conj.,"or | or | ˀw  ... ˀw | : if . . . but if, whether . . . or"
lh,getlex.php?coord=4400126023507&word=1,,,,,,,,,,,,,
xkmnh,getlex.php?coord=4400126073511&word=0,"vb. i(a,u)/a(u) G D C Gt Dt",,,,,to be wise,to know,"to be made wise, acquire wisdom","to know someone, recognize",,,"vb. i(a,u)/a(u) G D C Gt Dt","to be wise | to know | to be made wise, acquire wisdom | to know someone, recognize"
m),getlex.php?coord=4400126013507&word=1,pron.,,,,,what?,what?,(usually) with following adj.: how!,"what, that which (indef./rel. pron.)",,,pron.,"what? | what? | (usually) with following adj.: how! | what, that which (indef./rel. pron.)"
m),getlex.php?coord=4400126013506&word=3,pron.,,,,,what?,what?,(usually) with following adj.: how!,"what, that which (indef./rel. pron.)",,,pron.,"what? | what? | (usually) with following adj.: how! | what, that which (indef./rel. pron.)"
(wytK,getlex.php?coord=4400126013506&word=2,n.f.,,,,,offense,offense,injury (?),(?),,,n.f.,offense | offense | injury (?) | (?)
"t[,,,",getlex.php?coord=4400126013506&word=4,,,,,,,,,,,,,
"[,,,,,]t?",getlex.php?coord=4400126013507&word=0,,,,,,,,,,,,,
",,,",getlex.php?coord=4400118093116&word=1,,,,,,,,,,,,,
",,,],",getlex.php?coord=4400118083115&word=1,,,,,,,,,,,,,
(bd?[ny,getlex.php?coord=4400118083115&word=0,vb. a/e G D C Gt Ct quad,,,,,"to make, act, do",to make,"to do, perform, act in a certain manner","to designate, make into",,,vb. a/e G D C Gt Ct quad,"to make, act, do | to make | to do, perform, act in a certain manner | to designate, make into"
)[mn(,getlex.php?coord=4400118093116&word=0,vb. a/a G Gt,,,,,to withhold,to withhold,"to diminish, make less",to refrain from action,,,vb. a/a G Gt,"to withhold | to withhold | to diminish, make less | to refrain from action"
h]s?ypt,getlex.php?coord=4400118093116&word=2,vb. a/u G D C Dt Ct,,,,,to come to an end,to be fulfilled,to disappear,to define,,,vb. a/u G D C Dt Ct,to come to an end | to be fulfilled | to disappear | to define
"[,,,",getlex.php?coord=4400118093116&word=3,,,,,,,,,,,,,
hN,getlex.php?coord=4400118083116&word=0,conj.,,,,,if,if,"either...or, whether ... whether",w. ܕܝܢ :,,,conj.,"if | if | either...or, whether ... whether | w. ܕܝܢ :"
)rw,getlex.php?coord=4400118073115&word=1,conj./inte,,,,,behold,presentative particle,"because, since",,,,conj./inte,"behold | presentative particle | because, since"
"l?[,,,,]r?",getlex.php?coord=4400126053510&word=5,,,,,,,,,,,,,
"[,,,]",getlex.php?coord=4400126013506&word=0,,,,,,,,,,,,,
",,,",getlex.php?coord=4400118073114&word=2,,,,,,,,,,,,,
kdy,getlex.php?coord=4400118073114&word=0,conj.,,,,,when,when,just as,as follows (,,,conj.,when | when | just as | as follows (
"[,,,]",getlex.php?coord=4400118073115&word=0,,,,,,,,,,,,,
yq?[wM,getlex.php?coord=4400118073114&word=1,"vb. a/u G D C Dt Ct polel, pay/w c el ethpolal, ethpay/w c el",,,,,to rise; to stand; to last,to rise,"to stand, to be raised up","to stand still, to stop",,,"vb. a/u G D C Dt Ct polel, pay/w c el ethpolal, ethpay/w c el","to rise; to stand; to last | to rise | to stand, to be raised up | to stand still, to stop"
"[,,,",getlex.php?coord=4400118063114&word=0,,,,,,,,,,,,,
w]m?),getlex.php?coord=4400118063114&word=1,conj. pron.,,,,,"and, also",what?,what?,(usually) with following adj.: how!,,mh,conj. pron.,"and, also | what? | what? | (usually) with following adj.: how!"
",,,",getlex.php?coord=4400118063113&word=2,,,,,,,,,,,,,
)(bd,getlex.php?coord=4400118063114&word=2,vb. a/e G D C Gt Ct quad,,,,,"to make, act, do",to make,"to do, perform, act in a certain manner","to designate, make into",,,vb. a/e G D C Gt Ct quad,"to make, act, do | to make | to do, perform, act in a certain manner | to designate, make into"
bdyN,getlex.php?coord=4400118063113&word=0,prep. n.m.,,,,,"in, with",in,with (instrumental),among,,"dyn, dynˀ",prep. n.m.,"in, with | in | with (instrumental) | among"
)tqcrt,getlex.php?coord=4400118053113&word=2,vb. a/a G D C Gt Dt,,,,,to reap; Gt to become ill,to reap,to be short,"to be distressed, fall ill",,,vb. a/a G D C Gt Dt,"to reap; Gt to become ill | to reap | to be short | to be distressed, fall ill"
",,,",getlex.php?coord=4400118053112&word=2,,,,,,,,,,,,,
]hN,getlex.php?coord=4400118053113&word=1,conj.,,,,,if,if,"either...or, whether ... whether",w. ܕܝܢ :,,,conj.,"if | if | either...or, whether ... whether | w. ܕܝܢ :"
(b?[dy,getlex.php?coord=4400118063113&word=1,n.m.,,,,,servant,servant,,,,,n.m.,servant | servant
"[,,,",getlex.php?coord=4400118053113&word=0,,,,,,,,,,,,,
hy])?,getlex.php?coord=4400118043112&word=1,pron.,,,,,she,she,as copula,,,,pron.,she | she | as copula
"[,,,",getlex.php?coord=4400118043112&word=0,,,,,,,,,,,,,
whw),getlex.php?coord=4400118043111&word=0,conj. pron.,,,,,"and, also",he,he,as copula,,hwˀ,conj. pron.,"and, also | he | he | as copula"
",,,",getlex.php?coord=4400118043111&word=2,,,,,,,,,,,,,
xT[),getlex.php?coord=4400118043111&word=1,n.m.,,,,,sin,sin,sin offering [Hebrew],Satan :,,,n.m.,sin | sin | sin offering [Hebrew] | Satan :
(d,getlex.php?coord=4400118043112&word=2,prep.,,,,,until,"until, as far as",as conj.:,see s.v.,,,prep.,"until | until, as far as | as conj.: | see s.v."
)bdwN,getlex.php?coord=4400118053112&word=0,n.m.,,,,,"destruction, ruin","destruction, ruin","loss, being lost","place of destruction (i.e. Hell), Abaddon",,,n.m.,"destruction, ruin | destruction, ruin | loss, being lost | place of destruction (i.e. Hell), Abaddon"
"[,,,,])",getlex.php?coord=4400118033111&word=0,,,,,,,,,,,,,
"[,,,",getlex.php?coord=4400118033110&word=1,,,,,,,,,,,,,
tTxN,getlex.php?coord=4400118033110&word=0,vb. a/a G C Gt,,,,,to grind,to grind,fig. : to examine carefully,to cause (a mill) to grind,,,vb. a/a G C Gt,to grind | to grind | fig. : to examine carefully | to cause (a mill) to grind
rgz,getlex.php?coord=4400118033111&word=1,n.m.,,,,,wrath,wrath,quaking,,,,n.m.,wrath | wrath | quaking
wbsgy),getlex.php?coord=4400126013506&word=1,conj. prep. n.m.,,,,,"and, also","in, with",in,with (instrumental),,b_,conj. prep. n.m.,"and, also | in, with | in | with (instrumental)"
"[,,,",getlex.php?coord=4400130103813&word=0,,,,,,,,,,,,,
",,,",getlex.php?coord=4400118013108&word=1,,,,,,,,,,,,,
])?r?[(),getlex.php?coord=4400130103813&word=2,n.f.,,,,,ground; land; Earth,ground,"land, country",the Earth,,,n.f.,"ground; land; Earth | ground | land, country | the Earth"
"[,,,",getlex.php?coord=4400130093812&word=2,,,,,,,,,,,,,
y)?[kl,getlex.php?coord=4400118013108&word=0,vb. a/u G C Gt Ct,,,,,"to eat, consume",to eat,to consume,to enjoy the usufruct of something,,,vb. a/u G C Gt Ct,"to eat, consume | to eat | to consume | to enjoy the usufruct of something"
b]k?np?[y,getlex.php?coord=4400130103813&word=1,prep. n.f./(m.),,,,,"in, with",in,with (instrumental),among,,"knp, knpˀ",prep. n.f./(m.),"in, with | in | with (instrumental) | among"
lby,getlex.php?coord=4400118023109&word=0,n.m.,,,,,heart; mind,(anat.) heart,mind,"center, core",,,n.m.,"heart; mind | (anat.) heart | mind | center, core"
b)[nth,getlex.php?coord=4400118023109&word=1,prep. n.f.,,,,,"in, with",in,with (instrumental),among,,"ˀnth, ˀnttˀ",prep. n.f.,"in, with | in | with (instrumental) | among"
",,,]t",getlex.php?coord=4400118023109&word=2,,,,,,,,,,,,,
",,,",getlex.php?coord=4400130093811&word=2,,,,,,,,,,,,,
twsP?[,getlex.php?coord=4400130093811&word=1,vb. C Ct,,,,,C to add,to add,"to increase, to do more",equivalent of Gk. προς,,,vb. C Ct,"C to add | to add | to increase, to do more | equivalent of Gk. προς"
mnyt,getlex.php?coord=4400130093812&word=1,vb. G D C Gt Dt,,,,,"to count, to number","to count, to number","to count as, to reckon as","to recite, chant",,,vb. G D C Gt Dt,"to count, to number | to count, to number | to count as, to reckon as | to recite, chant"
hbywmyK,getlex.php?coord=4400130093812&word=0,interj. prep. n.m.,,,,,interrogative particle,interrogative particle,"in, with",in,,b_,interj. prep. n.m.,"interrogative particle | interrogative particle | in, with | in"
]g[l?l?y?[K,getlex.php?coord=4400130093811&word=3,n.m.,,,,,wave,wave,metaph.:,,,,n.m.,wave | wave | metaph.:
wl),getlex.php?coord=4400130093811&word=0,conj. adv.,,,,,"and, also","no, not",no! (as interj.),not (preceding and negating a predicate),,lˀ,conj. adv.,"and, also | no, not | no! (as interj.) | not (preceding and negating a predicate)"
txwmyN,getlex.php?coord=4400130083810&word=1,n.m.,,,,,border; territory; definition,"border, boundary","limit, limitation","(gram.) definition, term",,,n.m.,"border; territory; definition | border, boundary | limit, limitation | (gram.) definition, term"
"wd?t?[,,",getlex.php?coord=4400130083810&word=2,,,,,,,,,,,,,
",,]y?N",getlex.php?coord=4400130083810&word=3,,,,,,,,,,,,,
"w?[,,,,",getlex.php?coord=4400130083810&word=4,,,,,,,,,,,,,
tn),getlex.php?coord=4400130083811&word=2,adv.,,,,,here,here,,,,,adv.,here | here
lh,getlex.php?coord=4400130083810&word=0,,,,,,,,,,,,,
(d,getlex.php?coord=4400130083811&word=1,prep.,,,,,until,"until, as far as",as conj.:,see s.v.,,,prep.,"until | until, as far as | as conj.: | see s.v."
w)mrt,getlex.php?coord=4400130083811&word=0,conj. vb. a/a G Gt,,,,,"and, also",to say,to say,to command,,ˀmr,conj. vb. a/a G Gt,"and, also | to say | to say | to command"
t[)kl,getlex.php?coord=4400118053112&word=1,vb. a/u G C Gt Ct,,,,,"to eat, consume",to eat,to consume,to enjoy the usufruct of something,,,vb. a/u G C Gt Ct,"to eat, consume | to eat | to consume | to enjoy the usufruct of something"
[lbw]$?h,getlex.php?coord=4400130073809&word=2,n.m.,,,,,clothing,clothing (pl. for multiple items),,,,,n.m.,clothing | clothing (pl. for multiple items)
xwtlwhy,getlex.php?coord=4400130073809&word=4,n.m.,,,,,wrapper,"covering, wrapper, bale",,,,,n.m.,"wrapper | covering, wrapper, bale"
w?(r?plyN,getlex.php?coord=4400130073809&word=3,conj. n.f.,,,,,"and, also","cloud, fog",dark cloud and/or foggy mist,,,"ˁrpl, ˁrplˀ",conj. n.f.,"and, also | cloud, fog | dark cloud and/or foggy mist"
wt$wh,getlex.php?coord=4400130073810&word=0,conj. vb. a/e G D C Gt Dt Ct,,,,,"and, also",to be equal; D to put down,"to be equal, worth","to be worthy of, merit",,šwy,conj. vb. a/e G D C Gt Dt Ct,"and, also | to be equal; D to put down | to be equal, worth | to be worthy of, merit"
(n?ny?N,getlex.php?coord=4400130073809&word=1,n.m./.f.,,,,,cloud,cloud,(chem.) a name for mercury,cloudiness,,,n.m./.f.,cloud | cloud | (chem.) a name for mercury | cloudiness
b$wyt,getlex.php?coord=4400130073809&word=0,prep. vb. a/e G D C Gt Dt Ct,,,,,"in, with",in,with (instrumental),among,,šwy,prep. vb. a/e G D C Gt Dt Ct,"in, with | in | with (instrumental) | among"
rxM,getlex.php?coord=4400130063808&word=5,n.m.,,,,,womb,womb,"pl. : mercy, compassion :",see s.v.,,,n.m.,"womb | womb | pl. : mercy, compassion : | see s.v."
thwm),getlex.php?coord=4400130063808&word=6,n.m.,,,,,abyss,abyss,subterranean waters,,,,n.m.,abyss | abyss | subterranean waters
lmpq,getlex.php?coord=4400130073808&word=0,vb. a/u G D C Dt Ct,,,,,to go out,"to go out, come out, leave","to turn into, end up differently from how it started","to be spent, i.e. used up, consumed",,,vb. a/u G D C Dt Ct,"to go out | to go out, come out, leave | to turn into, end up differently from how it started | to be spent, i.e. used up, consumed"
"[,,,,])",getlex.php?coord=4400118013109&word=0,,,,,,,,,,,,,
kxdh,getlex.php?coord=4400130053807&word=4,adv.,,,,,together,"together, as one",ܡܢ ܟܚܕܐ : from now on (?) :,see s.v.,,,adv.,"together | together, as one | ܡܢ ܟܚܕܐ : from now on (?) : | see s.v."
kwkby,getlex.php?coord=4400130053807&word=1,n.m.,,,,,star,(astron.) star,comet,in compound names:,,,n.m.,star | (astron.) star | comet | in compound names:
kl,getlex.php?coord=4400130053807&word=5,n.(pr.),,,,,"all, every",alone preceding a noun (technically the construct state!) :,as a postpositive with resumptive pronominal suffixes,emphatic state :,,,n.(pr.),"all, every | alone preceding a noun (technically the construct state!) : | as a postpositive with resumptive pronominal suffixes | emphatic state :"
wyz(q?[w]N?,getlex.php?coord=4400130053807&word=3,"conj. vb. e/a, a/u G C Gt Ct",,,,,"and, also","to cry out, to shout","to cry out, to shout",(of a horn) to sound out,,zˁq,"conj. vb. e/a, a/u G C Gt Ct","and, also | to cry out, to shout | to cry out, to shout | (of a horn) to sound out"
)lh),getlex.php?coord=4400130053807&word=7,n.m.,,,,,god,"god, God",,,,,n.m.,"god | god, God"
ml)ky,getlex.php?coord=4400130053807&word=6,n.m.,,,,,messenger; angel,messenger,angel,,,,n.m.,messenger; angel | messenger | angel
cpr,getlex.php?coord=4400130053807&word=2,n.m.,,,,,morning,morning,,,,,n.m.,morning | morning
htswg,getlex.php?coord=4400130063808&word=0,interj. vb. a/u G C Gt Dt,,,,,interrogative particle,interrogative particle,to fence in,to fence in,,swg,interj. vb. a/u G C Gt Dt,interrogative particle | interrogative particle | to fence in | to fence in
b[h]g?xwth,getlex.php?coord=4400130063808&word=3,prep. vb. a/u G C Gt Ct,,,,,"in, with",in,with (instrumental),among,,gwḥ,prep. vb. a/u G C Gt Ct,"in, with | in | with (instrumental) | among"
bmzhr,getlex.php?coord=4400130043807&word=0,prep. vb. a/a G D C,,,,,"in, with",in,with (instrumental),among,,zhr,prep. vb. a/a G D C,"in, with | in | with (instrumental) | among"
xzyth,getlex.php?coord=4400130043806&word=8,n.m.,,,,,appearance; facet,appearance,"vision, apparition",(stone) corner or facet:,,,n.m.,"appearance; facet | appearance | vision, apparition | (stone) corner or facet:"
)bN,getlex.php?coord=4400130043806&word=7,n.f.,,,,,stone,stone,"rock, stone as a material",gem,,,n.f.,"stone | stone | rock, stone as a material | gem"
kxd),getlex.php?coord=4400130053807&word=0,adv.,,,,,together,"together, as one",ܡܢ ܟܚܕܐ : from now on (?) :,see s.v.,,,adv.,"together | together, as one | ܡܢ ܟܚܕܐ : from now on (?) : | see s.v."
h?qyM,getlex.php?coord=4400130043806&word=6,"vb. a/u G D C Dt Ct polel, pay/w c el ethpolal, ethpay/w c el",,,,,to rise; to stand; to last,to rise,"to stand, to be raised up","to stand still, to stop",,,"vb. a/u G D C Dt Ct polel, pay/w c el ethpolal, ethpay/w c el","to rise; to stand; to last | to rise | to stand, to be raised up | to stand still, to stop"
(l,getlex.php?coord=4400130043806&word=0,prep.,,,,,upon; against; to,"upon, over, on to","against, over against","toward, to",,,prep.,"upon; against; to | upon, over, on to | against, over against | toward, to"
)w,getlex.php?coord=4400130033806&word=0,conj.,,,,,or,or,ˀw  ... ˀw,": if . . . but if, whether . . . or",,,conj.,"or | or | ˀw  ... ˀw | : if . . . but if, whether . . . or"
)$yh,getlex.php?coord=4400130043806&word=2,n.m.,,,,,foundation,foundation,,,,,n.m.,foundation | foundation
m),getlex.php?coord=4400130043806&word=1,pron.,,,,,what?,what?,(usually) with following adj.: how!,"what, that which (indef./rel. pron.)",,,pron.,"what? | what? | (usually) with following adj.: how! | what, that which (indef./rel. pron.)"
xwT),getlex.php?coord=4400130033805&word=8,n.m.,,,,,thread,"thread, yarn, string","cord, rope",any string-like long and thin object,,,n.m.,"thread | thread, yarn, string | cord, rope | any string-like long and thin object"
mN,getlex.php?coord=4400130043806&word=5,pron.,,,,,who?,"who, whom?","one who, one whom","introducing hypothetical exclamations, commonly with ""to give""",,,pron.,"who? | who, whom? | one who, one whom | introducing hypothetical exclamations, commonly with ""to give"""
)w,getlex.php?coord=4400130043806&word=4,conj.,,,,,or,or,ˀw  ... ˀw,": if . . . but if, whether . . . or",,,conj.,"or | or | ˀw  ... ˀw | : if . . . but if, whether . . . or"
)x^y^dyN/)x^y^dwN/,getlex.php?coord=4400130043806&word=3,vb. a/u G D C Gt Dt,,,,,"to hold, take, to catch, to seize","to hold, take, to catch, to seize","to shut, close (door, gate, book, mouth)","to start out, undertake something",,,vb. a/u G D C Gt Dt,"to hold, take, to catch, to seize | to hold, take, to catch, to seize | to shut, close (door, gate, book, mouth) | to start out, undertake something"
n?gd,getlex.php?coord=4400130033805&word=6,vb. i/u G D C Gt Dt,,,,,to draw towards oneself,(trans.): to draw something towards oneself; to stretch something,"(intr.): to be drawn out, extend","to flog, punish",,,vb. i/u G D C Gt Dt,"to draw towards oneself | (trans.): to draw something towards oneself; to stretch something | (intr.): to be drawn out, extend | to flog, punish"
mN,getlex.php?coord=4400130033805&word=5,pron.,,,,,who?,"who, whom?","one who, one whom","introducing hypothetical exclamations, commonly with ""to give""",,,pron.,"who? | who, whom? | one who, one whom | introducing hypothetical exclamations, commonly with ""to give"""
mN,getlex.php?coord=4400130033805&word=0,pron.,,,,,who?,"who, whom?","one who, one whom","introducing hypothetical exclamations, commonly with ""to give""",,,pron.,"who? | who, whom? | one who, one whom | introducing hypothetical exclamations, commonly with ""to give"""
m$xth,getlex.php?coord=4400130033805&word=2,n.f.,,,,,measurement,"measurement, dimension, size","surveying, measuring",,,,n.f.,"measurement | measurement, dimension, size | surveying, measuring"
tnd(,getlex.php?coord=4400130033805&word=4,vb. a/a G C Gt Ct quad quad T,,,,,to know,to know,to cohabit with,idioms:,,,vb. a/a G C Gt Ct quad quad T,to know | to know | to cohabit with | idioms:
(lyh,getlex.php?coord=4400130033805&word=7,prep.,,,,,upon; against; to,"upon, over, on to","against, over against","toward, to",,,prep.,"upon; against; to | upon, over, on to | against, over against | toward, to"
hN,getlex.php?coord=4400130033805&word=3,conj.,,,,,if,if,"either...or, whether ... whether",w. ܕܝܢ :,,,conj.,"if | if | either...or, whether ... whether | w. ܕܝܢ :"
$M,getlex.php?coord=4400130033805&word=1,vb. a/i G D C Gt Ct,,,,,"to place, put","to place, put, install  [-JBA; see note]","fig.: to set out, set down something","to give, grant, i.e.,place before",,,vb. a/i G D C Gt Ct,"to place, put | to place, put, install  [-JBA; see note] | fig.: to set out, set down something | to give, grant, i.e.,place before"
hN,getlex.php?coord=4400130023804&word=5,conj.,,,,,if,if,"either...or, whether ... whether",w. ܕܝܢ :,,,conj.,"if | if | either...or, whether ... whether | w. ܕܝܢ :"
yd(t,getlex.php?coord=4400130023804&word=6,vb. a/a G C Gt Ct quad quad T,,,,,to know,to know,to cohabit with,idioms:,,,vb. a/a G C Gt Ct quad quad T,to know | to know | to cohabit with | idioms:
hxwyny,getlex.php?coord=4400130023804&word=4,vb. G D C Dt,,,,,to see (??); D to show,to see (?),p.p. : proper (calque on MH רָאוּי  ),to show,,,vb. G D C Dt,to see (??); D to show | to see (?) | p.p. : proper (calque on MH רָאוּי  ) | to show
)r(),getlex.php?coord=4400130023804&word=3,n.f.,,,,,ground; land; Earth,ground,"land, country",the Earth,,,n.f.,"ground; land; Earth | ground | land, country | the Earth"
xkmh,getlex.php?coord=4400130023804&word=7,n.f.,,,,,wisdom,wisdom,,,,,n.f.,wisdom | wisdom
ym),getlex.php?coord=4400130063808&word=2,n.m.,,,,,sea,sea,lake,,,,n.m.,sea | sea | lake
mN,getlex.php?coord=4400130063808&word=4,prep.,,,,,from,from,partitive,indicating the agent of a passive,,,prep.,from | from | partitive | indicating the agent of a passive
bd$yN,getlex.php?coord=4400130063808&word=1,prep. n.m.(f.),,,,,"in, with",in,with (instrumental),among,,"dš, dšˀ",prep. n.m.(f.),"in, with | in | with (instrumental) | among"
ptgM,getlex.php?coord=4400130013803&word=6,n.m.,,,,,statement; matter,"statement, word","thing, matter",sharp edge :,,,n.m.,"statement; matter | statement, word | thing, matter | sharp edge :"
)N,getlex.php?coord=4400130023804&word=0,adv./conj.,,,,,"where, wherever","where?, where is?","conj. : where, wherever","ܗܢ ܕ : as prep. : the place of, near [Greek semi-calque]",,,adv./conj.,"where, wherever | where?, where is? | conj. : where, wherever | ܗܢ ܕ : as prep. : the place of, near [Greek semi-calque]"
w)$])?l?n?K?,getlex.php?coord=4400130013803&word=4,conj. vb. i/a G D C Gt Dt,,,,,"and, also",to ask,to ask,to ask for something,,šˀl,conj. vb. i/a G D C Gt Dt,"and, also | to ask | to ask | to ask for something"
hwyt,getlex.php?coord=4400130023804&word=1,vb. G C Gt Ct,,,,,"to be, to become",to be,"to endure, to exist","to come to pass, to happen",,,vb. G C Gt Ct,"to be, to become | to be | to endure, to exist | to come to pass, to happen"
xl?[cyK,getlex.php?coord=4400130013803&word=3,n.f.du.,,,,,loins,loins,sg(?). fig. : middle,,,,n.f.du.,loins | loins | sg(?). fig. : middle
whtybny,getlex.php?coord=4400130013803&word=5,conj. vb. a/u G C Ct palpel ethpalpal,,,,,"and, also",to return,to return (intransitive),"to change direction, turn away",,twb,conj. vb. a/u G C Ct palpel ethpalpal,"and, also | to return | to return (intransitive) | to change direction, turn away"
bm(bdy,getlex.php?coord=4400130023804&word=2,prep. vb. a/e G D C Gt Ct quad,,,,,"in, with",in,with (instrumental),among,,ˁbd,prep. vb. a/e G D C Gt Ct quad,"in, with | in | with (instrumental) | among"
)sr,getlex.php?coord=4400130013803&word=0,vb. a/a G D C Gt,,,,,to bind; to prohibit,to bind,to prohibit,"to bewitch, to cast a spell (also",,,vb. a/a G D C Gt,"to bind; to prohibit | to bind | to prohibit | to bewitch, to cast a spell (also"
(qh,getlex.php?coord=4400129093718&word=1,n.f.,,,,,trouble,"trouble, misfortune",as an emotion,narrowness :,,,n.f.,"trouble | trouble, misfortune | as an emotion | narrowness :"
k^g?^br,getlex.php?coord=4400130013803&word=2,prep. n.m.,,,,,like,"like, according to",about (with numeral),conj.,,"gbr, gbrˀ",prep. n.m.,"like | like, according to | about (with numeral) | conj."
ynd(?[,getlex.php?coord=4400129093719&word=0,vb. a/a G C Gt Ct quad quad T,,,,,to know,to know,to cohabit with,idioms:,,,vb. a/a G C Gt Ct quad quad T,to know | to know | to cohabit with | idioms:
",,,,]l?[,,,,",getlex.php?coord=4400129093719&word=1,,,,,,,,,,,,,
n),getlex.php?coord=4400130013803&word=1,adv.,,,,,imperative and cohortative particle,"mild imperative  particle, please",,,,,adv.,"imperative and cohortative particle | mild imperative  particle, please"
"[,,,,,]h",getlex.php?coord=4400129093718&word=0,,,,,,,,,,,,,
(rp?l),getlex.php?coord=4400129083718&word=2,n.f.,,,,,"cloud, fog",dark cloud and/or foggy mist,,,,,n.f.,"cloud, fog | dark cloud and/or foggy mist"
b]dyl,getlex.php?coord=4400129073716&word=4,conj.,,,,,"on account of, because","on account of, because","in order that, so that",,,,conj.,"on account of, because | on account of, because | in order that, so that"
"[,,,,]",getlex.php?coord=4400129083716&word=0,,,,,,,,,,,,,
dy,getlex.php?coord=4400129073717&word=0,,,,,,,,,,,,,
g?b?[wrh/g?b?[wrN/,getlex.php?coord=4400129073716&word=3,n.f. n.f.,,,,,might,might,"mighty action, deed, wonder","omen, prediction",,"gbwrh, gbwrtˀ",n.f. n.f.,"might | might | mighty action, deed, wonder | omen, prediction"
lhlb$),getlex.php?coord=4400129073716&word=1,vb. i/a G D C Dt Ct,,,,,to clothe,to clothe oneself with something,"(p.p.) clothed, wearing",(of the garment itself) to clothe,,,vb. i/a G D C Dt Ct,"to clothe | to clothe oneself with something | (p.p.) clothed, wearing | (of the garment itself) to clothe"
lbw$K,getlex.php?coord=4400129073717&word=1,n.m.,,,,,clothing,clothing (pl. for multiple items),,,,,n.m.,clothing | clothing (pl. for multiple items)
(nnh,getlex.php?coord=4400129073716&word=2,n.m./.f.,,,,,cloud,cloud,(chem.) a name for mercury,cloudiness,,,n.m./.f.,cloud | cloud | (chem.) a name for mercury | cloudiness
"[,,,",getlex.php?coord=4400129083718&word=0,,,,,,,,,,,,,
[)]rw,getlex.php?coord=4400129083716&word=1,conj./inte,,,,,behold,presentative particle,"because, since",,,,conj./inte,"behold | presentative particle | because, since"
hw),getlex.php?coord=4400129083716&word=2,pron.,,,,,he,he,as copula,emphatic enclitic particle focusing on the word it follows,,,pron.,he | he | as copula | emphatic enclitic particle focusing on the word it follows
md(?[,getlex.php?coord=4400129083716&word=4,n.m.,,,,,intelligence,intelligence,"acquaintance, relative",manda dhiia,,,n.m.,"intelligence | intelligence | acquaintance, relative | manda dhiia"
]npx,getlex.php?coord=4400129083718&word=1,vb. a/u(a) G D C Gt Dt Ct,,,,,to blow,to blow,to heat by blowing on fire,"to swell up, become inflated",,,vb. a/u(a) G D C Gt Dt Ct,"to blow | to blow | to heat by blowing on fire | to swell up, become inflated"
",,,",getlex.php?coord=4400129083716&word=5,,,,,,,,,,,,,
n?h?wr,getlex.php?coord=4400129063715&word=6,n.m.,,,,,light,"light, illumination",light source,"enlightenment, understanding",,,n.m.,"light | light, illumination | light source | enlightenment, understanding"
[whw]p?(?/[wm])?/,getlex.php?coord=4400129063715&word=5,conj. vb. conj. pron. C,,,,,"and, also",C to shine; to appear in theophany,הופע٠ הופיע : to shine,"אופע : to illuminate, shine on",,ypˁ,conj. vb. conj. pron. C,"and, also | C to shine; to appear in theophany | הופע٠ הופיע : to shine | אופע : to illuminate, shine on"
[htn]d?(,getlex.php?coord=4400129073716&word=0,interj. vb. a/a G C Gt Ct quad quad T,,,,,interrogative particle,interrogative particle,to know,to know,,ydˁ,interj. vb. a/a G C Gt Ct quad quad T,interrogative particle | interrogative particle | to know | to know
(nnh,getlex.php?coord=4400129063715&word=7,n.m./.f.,,,,,cloud,cloud,(chem.) a name for mercury,cloudiness,,,n.m./.f.,cloud | cloud | (chem.) a name for mercury | cloudiness
m),getlex.php?coord=4400129063715&word=1,pron.,,,,,what?,what?,(usually) with following adj.: how!,"what, that which (indef./rel. pron.)",,,pron.,"what? | what? | (usually) with following adj.: how! | what, that which (indef./rel. pron.)"
(lyh^w^[N],getlex.php?coord=4400129063715&word=4,prep.,,,,,upon; against; to,"upon, over, on to","against, over against","toward, to",,,prep.,"upon; against; to | upon, over, on to | against, over against | toward, to"
[ht]n?d(,getlex.php?coord=4400129063715&word=0,interj. vb. a/a G C Gt Ct quad quad T,,,,,interrogative particle,interrogative particle,to know,to know,,ydˁ,interj. vb. a/a G C Gt Ct quad quad T,interrogative particle | interrogative particle | to know | to know
)lh),getlex.php?coord=4400129063715&word=3,n.m.,,,,,god,"god, God",,,,,n.m.,"god | god, God"
d),getlex.php?coord=4400129053714&word=1,pron.,,,,,this (f.),this (f.),,,,,pron.,this (f.) | this (f.)
hstkl,getlex.php?coord=4400129053714&word=4,vb. D C Gt Dt,,,,,D to understand; Dt to look at,to teach,to admonish,to signify,,,vb. D C Gt Dt,D to understand; Dt to look at | to teach | to admonish | to signify
)ywb,getlex.php?coord=4400129053714&word=2,,,,,,,,,,,,,
)lh),getlex.php?coord=4400129053714&word=6,n.m.,,,,,god,"god, God",,,,,n.m.,"god | god, God"
bgb?w?r?t,getlex.php?coord=4400129053714&word=5,prep. n.f.,,,,,"in, with",in,with (instrumental),among,,"gbwrh, gbwrtˀ",prep. n.f.,"in, with | in | with (instrumental) | among"
$wy),getlex.php?coord=4400129063715&word=2,vb. a/e G D C Gt Dt Ct,,,,,to be equal; D to put down,"to be equal, worth","to be worthy of, merit",to constitute,,,vb. a/e G D C Gt Dt Ct,"to be equal; D to put down | to be equal, worth | to be worthy of, merit | to constitute"
wqwM,getlex.php?coord=4400129053714&word=3,"conj. vb. a/u G D C Dt Ct polel, pay/w c el ethpolal, ethpay/w c el",,,,,"and, also",to rise; to stand; to last,to rise,"to stand, to be raised up",,qwm,"conj. vb. a/u G D C Dt Ct polel, pay/w c el ethpolal, ethpay/w c el","and, also | to rise; to stand; to last | to rise | to stand, to be raised up"
(lyh,getlex.php?coord=4400129053713&word=0,prep.,,,,,upon; against; to,"upon, over, on to","against, over against","toward, to",,,prep.,"upon; against; to | upon, over, on to | against, over against | toward, to"
ptgM?,getlex.php?coord=4400129043713&word=6,n.m.,,,,,statement; matter,"statement, word","thing, matter",sharp edge :,,,n.m.,"statement; matter | statement, word | thing, matter | sharp edge :"
hct,getlex.php?coord=4400129053714&word=0,vb. a/u G D C Ct palpel,,,,,to listen,"to listen, hear",to listen carefully,"to listen, hear",,,vb. a/u G D C Ct palpel,"to listen | to listen, hear | to listen carefully | to listen, hear"
lkpN,getlex.php?coord=4400129043713&word=3,n.m.,,,,,hunger,hunger,,,,,n.m.,hunger | hunger
wxsrnh,getlex.php?coord=4400129043713&word=4,conj. n.m.,,,,,"and, also","want, lack","want, lack",,,"ḥsrwn, ḥsrwnˀ",conj. n.m.,"and, also | want, lack | want, lack"
lhw),getlex.php?coord=4400129043713&word=8,vb. G C Gt Ct,,,,,"to be, to become",to be,"to endure, to exist","to come to pass, to happen",,,vb. G C Gt Ct,"to be, to become | to be | to endure, to exist | to come to pass, to happen"
whN,getlex.php?coord=4400129043713&word=5,conj. conj.,,,,,"and, also",if,if,"either...or, whether ... whether",,"ˀn, hn",conj. conj.,"and, also | if | if | either...or, whether ... whether"
T?b?,getlex.php?coord=4400129043713&word=7,adj.,,,,,good,"good, proper, appropriate","precious, valuable, of worth","(heart, mind) happy, feeling good",,,adj.,"good | good, proper, appropriate | precious, valuable, of worth | (heart, mind) happy, feeling good"
l)r(),getlex.php?coord=4400129043713&word=1,n.f.,,,,,ground; land; Earth,ground,"land, country",the Earth,,,n.f.,"ground; land; Earth | ground | land, country | the Earth"
hN,getlex.php?coord=4400129043713&word=0,conj.,,,,,if,if,"either...or, whether ... whether",w. ܕܝܢ :,,,conj.,"if | if | either...or, whether ... whether | w. ܕܝܢ :"
hN,getlex.php?coord=4400129033713&word=0,conj.,,,,,if,if,"either...or, whether ... whether",w. ܕܝܢ :,,,conj.,"if | if | either...or, whether ... whether | w. ܕܝܢ :"
hN,getlex.php?coord=4400129043713&word=2,conj.,,,,,if,if,"either...or, whether ... whether",w. ܕܝܢ :,,,conj.,"if | if | either...or, whether ... whether | w. ܕܝܢ :"
tbl,getlex.php?coord=4400129033712&word=7,n.m.,,,,,dry land; the Earth,dry land,the dry surface of the Earth,,,,n.m.,dry land; the Earth | dry land | the dry surface of the Earth
)npy,getlex.php?coord=4400129033712&word=6,n.m./f.pl.,,,,,face; surface,face,"(of ground, water) surface","way, manner, feature",,,n.m./f.pl.,"face; surface | face | (of ground, water) surface | way, manner, feature"
lmkt$,getlex.php?coord=4400129033713&word=1,n.m.,,,,,plague,plague,"aggression, combat",,,,n.m.,"plague | plague | aggression, combat"
yd(,getlex.php?coord=4400129083716&word=3,vb. a/a G C Gt Ct quad quad T,,,,,to know,to know,to cohabit with,idioms:,,,vb. a/a G C Gt Ct quad quad T,to know | to know | to cohabit with | idioms:
ypqdnwN,getlex.php?coord=4400129033712&word=4,vb. a/u G D C Gt Dt Ct,,,,,to visit; appoint; D to command,"to care for, look for","to command, order","p.p. : held in place, retained",,,vb. a/u G D C Gt Dt Ct,"to visit; appoint; D to command | to care for, look for | to command, order | p.p. : held in place, retained"
(l,getlex.php?coord=4400129033712&word=5,prep.,,,,,upon; against; to,"upon, over, on to","against, over against","toward, to",,,prep.,"upon; against; to | upon, over, on to | against, over against | toward, to"
y$m(wN,getlex.php?coord=4400129023712&word=2,vb. a/a(u) G D C Gt,,,,,to hear,to hear (w. d.o. or,b_,) something,,,vb. a/a(u) G D C Gt,to hear | to hear (w. d.o. or | b_ | ) something
mN,getlex.php?coord=4400129013711&word=5,prep.,,,,,from,from,partitive,indicating the agent of a passive,,,prep.,from | from | partitive | indicating the agent of a passive
lh,getlex.php?coord=4400129023712&word=3,,,,,,,,,,,,,
)mr,getlex.php?coord=4400129023712&word=1,vb. a/a G Gt,,,,,to say,to say,to command,"to say to oneself, to have a thought",,,vb. a/a G Gt,"to say | to say | to command | to say to oneself, to have a thought"
wynpq?,getlex.php?coord=4400129013711&word=4,conj. vb. a/u G D C Dt Ct,,,,,"and, also",to go out,"to go out, come out, leave","to turn into, end up differently from how it started",,npq,conj. vb. a/u G D C Dt Ct,"and, also | to go out | to go out, come out, leave | to turn into, end up differently from how it started"
whw),getlex.php?coord=4400129023712&word=0,conj. pron.,,,,,"and, also",he,he,as copula,,hwˀ,conj. pron.,"and, also | he | he | as copula"
nwrh,getlex.php?coord=4400129023711&word=1,n.f.(m.),,,,,fire,fire,Hebrew,urim,,,n.f.(m.),fire | fire | Hebrew | urim
(nN,getlex.php?coord=4400129023711&word=0,n.m./.f.,,,,,cloud,cloud,(chem.) a name for mercury,cloudiness,,,n.m./.f.,cloud | cloud | (chem.) a name for mercury | cloudiness
(l,getlex.php?coord=4400129033712&word=0,prep.,,,,,upon; against; to,"upon, over, on to","against, over against","toward, to",,,prep.,"upon; against; to | upon, over, on to | against, over against | toward, to"
br),getlex.php?coord=4400129033712&word=3,vb. G C Gt,,,,,to create,to create,to get well,to permeate,,,vb. G C Gt,to create | to create | to get well | to permeate
l(bdyhwN,getlex.php?coord=4400129023712&word=5,v.n.,,,,,labor,"labor, work (v.n.)",result of work,,,,v.n.,"labor | labor, work (v.n.) | result of work"
kl,getlex.php?coord=4400129033712&word=1,n.(pr.),,,,,"all, every",alone preceding a noun (technically the construct state!) :,as a postpositive with resumptive pronominal suffixes,emphatic state :,,,n.(pr.),"all, every | alone preceding a noun (technically the construct state!) : | as a postpositive with resumptive pronominal suffixes | emphatic state :"
bhwN,getlex.php?coord=4400129013711&word=1,prep.,,,,,"in, with",in,with (instrumental),among,,,prep.,"in, with | in | with (instrumental) | among"
(?n?n?[yN],getlex.php?coord=4400129013711&word=3,n.m./.f.,,,,,cloud,cloud,(chem.) a name for mercury,cloudiness,,,n.m./.f.,cloud | cloud | (chem.) a name for mercury | cloudiness
ymrq,getlex.php?coord=4400129013711&word=2,vb. a/u G D Gt Dt Ct,,,,,to cleanse,to rub off,to clear a claim and/or pay a debt,to polish,,,vb. a/u G D Gt Dt Ct,to cleanse | to rub off | to clear a claim and/or pay a debt | to polish
)P,getlex.php?coord=4400129013711&word=0,conj.,,,,,"also, even","also, even",in expressions,,,,conj.,"also, even | also, even | in expressions"
"[,,,]",getlex.php?coord=4400129013710&word=0,,,,,,,,,,,,,
"[,,,",getlex.php?coord=4400128103633&word=3,,,,,,,,,,,,,
(?l?[why],getlex.php?coord=4400128103633&word=2,prep.,,,,,upon; against; to,"upon, over, on to","against, over against","toward, to",,,prep.,"upon; against; to | upon, over, on to | against, over against | toward, to"
myN,getlex.php?coord=4400129013710&word=3,n.m.pl.,,,,,water,water,"juice, fluid",semen,,,n.m.pl.,"water | water | juice, fluid | semen"
)?npy,getlex.php?coord=4400129013710&word=2,n.m./f.pl.,,,,,face; surface,face,"(of ground, water) surface","way, manner, feature",,,n.m./f.pl.,"face; surface | face | (of ground, water) surface | way, manner, feature"
(l?,getlex.php?coord=4400129013710&word=1,prep.,,,,,upon; against; to,"upon, over, on to","against, over against","toward, to",,,prep.,"upon; against; to | upon, over, on to | against, over against | toward, to"
y]$^y^x,getlex.php?coord=4400128103633&word=1,vb. C,,,,,C to talk,"to tell, discuss",,,,,vb. C,"C to talk | to tell, discuss"
](l,getlex.php?coord=4400128093632&word=1,prep.,,,,,upon; against; to,"upon, over, on to","against, over against","toward, to",,,prep.,"upon; against; to | upon, over, on to | against, over against | toward, to"
"m?[,,,",getlex.php?coord=4400128093632&word=3,,,,,,,,,,,,,
(?[mmyN,getlex.php?coord=4400128083631&word=3,n.m.,,,,,people,"related group of people, nation","people, folks",,,,n.m.,"people | related group of people, nation | people, folks"
m)mrh,getlex.php?coord=4400128093632&word=2,n.m.,,,,,speech,speech,word,memra,,,n.m.,speech | speech | word | memra
"[,,,",getlex.php?coord=4400128093632&word=0,,,,,,,,,,,,,
"[,,,",getlex.php?coord=4400128103633&word=0,,,,,,,,,,,,,
bhwN,getlex.php?coord=4400128083631&word=1,prep.,,,,,"in, with",in,with (instrumental),among,,,prep.,"in, with | in | with (instrumental) | among"
)rw,getlex.php?coord=4400128083631&word=0,conj./inte,,,,,behold,presentative particle,"because, since",,,,conj./inte,"behold | presentative particle | because, since"
k]s?y,getlex.php?coord=4400128083630&word=1,vb. G D Gt Dt,,,,,to conceal,to conceal,p.p. :,see s.v.,,,vb. G D Gt Dt,to conceal | to conceal | p.p. : | see s.v.
"[,,,",getlex.php?coord=4400128083630&word=0,,,,,,,,,,,,,
nh?[wrh,getlex.php?coord=4400128073630&word=1,n.m.,,,,,light,"light, illumination",light source,"enlightenment, understanding",,,n.m.,"light | light, illumination | light source | enlightenment, understanding"
ydwN,getlex.php?coord=4400128083631&word=2,vb. a/i(u) G D C Gt Dt,,,,,to judge,to judge,to bring a lawsuit,to determine,,,vb. a/i(u) G D C Gt Dt,to judge | to judge | to bring a lawsuit | to determine
wprs,getlex.php?coord=4400128073630&word=0,conj. vb. a/u G D C Gt Dt,,,,,"and, also",to spread,intransitive:  to spread,to spread something,,prs,conj. vb. a/u G D C Gt Dt,"and, also | to spread | intransitive:  to spread | to spread something"
w)zlyN,getlex.php?coord=4400129023712&word=4,"conj. vb. a/i, a/a G Gt",,,,,"and, also",to go,"to go, move along",to go away,,ˀzl,"conj. vb. a/i, a/a G Gt","and, also | to go | to go, move along | to go away"
mN,getlex.php?coord=4400128073629&word=1,prep.,,,,,from,from,partitive,indicating the agent of a passive,,,prep.,from | from | partitive | indicating the agent of a passive
"[,,,,,]th",getlex.php?coord=4400128073629&word=0,,,,,,,,,,,,,
Tll,getlex.php?coord=4400128073629&word=2,vb. G D C Dt,,,,,to cast shade on,to roof over,to roof over,to cast shade on,,,vb. G D C Dt,to cast shade on | to roof over | to roof over | to cast shade on
dy,getlex.php?coord=4400129033712&word=2,,,,,,,,,,,,,
yhkN,getlex.php?coord=4400128053627&word=4,vb. a/(a) G D C Gt Dt quad quad T,,,,,to go; D to walk,"to go, to proceed","to behave, act","to go, walk",,,vb. a/(a) G D C Gt Dt quad quad T,"to go; D to walk | to go, to proceed | to behave, act | to go, walk"
mTr,getlex.php?coord=4400128053627&word=3,n.m.,,,,,rain,rain,nḥt mṭr,: to rain,,,n.m.,rain | rain | nḥt mṭr | : to rain
]wzyqy,getlex.php?coord=4400128053627&word=2,conj. n.m./f.,,,,,"and, also",fire flash; storm wind; flatus,flash of fire,"strong wind, storm",,"zyq, zyqˀ",conj. n.m./f.,"and, also | fire flash; storm wind; flatus | flash of fire | strong wind, storm"
w(nnwhy,getlex.php?coord=4400128053628&word=0,conj. n.m./.f.,,,,,"and, also",cloud,cloud,(chem.) a name for mercury,,"ˁnn, ˁnnˀ",conj. n.m./.f.,"and, also | cloud | cloud | (chem.) a name for mercury"
](?M,getlex.php?coord=4400128063628&word=1,n.m.,,,,,people,"related group of people, nation","people, folks",,,,n.m.,"people | related group of people, nation | people, folks"
"[,,,",getlex.php?coord=4400128063628&word=0,,,,,,,,,,,,,
",,,",getlex.php?coord=4400128053627&word=1,,,,,,,,,,,,,
mN,getlex.php?coord=4400128063629&word=1,pron.,,,,,who?,"who, whom?","one who, one whom","introducing hypothetical exclamations, commonly with ""to give""",,,pron.,"who? | who, whom? | one who, one whom | introducing hypothetical exclamations, commonly with ""to give"""
y^n^xt?w?N?,getlex.php?coord=4400128053628&word=1,vb. e(a)/u G D C Gt Dt Ct,,,,,to descend,"to descend, go down physically",fig.,to go inward,,,vb. e(a)/u G D C Gt Dt Ct,"to descend | to descend, go down physically | fig. | to go inward"
$nwhy,getlex.php?coord=4400128043626&word=4,n.f.,,,,,year,year,,,,,n.f.,year | year
(nn?[y,getlex.php?coord=4400128053627&word=0,n.m./.f.,,,,,cloud,cloud,(chem.) a name for mercury,cloudiness,,,n.m./.f.,cloud | cloud | (chem.) a name for mercury | cloudiness
)rw?,getlex.php?coord=4400128043627&word=0,conj./inte,,,,,behold,presentative particle,"because, since",,,,conj./inte,"behold | presentative particle | because, since"
dy l),getlex.php?coord=4400128043626&word=5,prep.,,,,,without,without,,,,,prep.,without | without
nn]d(,getlex.php?coord=4400128043626&word=2,vb. a/a G C Gt Ct quad quad T,,,,,to know,to know,to cohabit with,idioms:,,,vb. a/a G C Gt Ct quad quad T,to know | to know | to cohabit with | idioms:
wmnyN,getlex.php?coord=4400128043626&word=3,conj. n.m.,,,,,"and, also","number, amount","number, amount","reckoning of an amount, counting",,"mnyn, mnynˀ",conj. n.m.,"and, also | number, amount | number, amount | reckoning of an amount, counting"
swP,getlex.php?coord=4400128043626&word=6,n.m.,,,,,end,end,chronological,end,,,n.m.,end | end | chronological | end
rb,getlex.php?coord=4400128033626&word=2,adj.,,,,,"great, big",large,"great, of major significance",(of age) : older,,,adj.,"great, big | large | great, of major significance | (of age) : older"
hw),getlex.php?coord=4400128033626&word=3,pron.,,,,,he,he,as copula,emphatic enclitic particle focusing on the word it follows,,,pron.,he | he | as copula | emphatic enclitic particle focusing on the word it follows
wywmwhy,getlex.php?coord=4400128033626&word=4,conj. n.m.,,,,,"and, also",day,day,pl.: time period,,"ywm, ywmˀ",conj. n.m.,"and, also | day | day | pl.: time period"
l),getlex.php?coord=4400128043626&word=1,adv.,,,,,"no, not",no! (as interj.),not (preceding and negating a predicate),"compounded with adjectives, nouns, abstracts, and adverbs  ='un-', 'non', 'in-'",,,adv.,"no, not | no! (as interj.) | not (preceding and negating a predicate) | compounded with adjectives, nouns, abstracts, and adverbs  ='un-', 'non', 'in-'"
)lh),getlex.php?coord=4400128033626&word=1,n.m.,,,,,god,"god, God",,,,,n.m.,"god | god, God"
h),getlex.php?coord=4400128033626&word=0,interj.,,,,,here! look!,"here, look! (presentative particle)",here (adv.),"הא כ : like, i.e. = prep.",,,interj.,"here! look! | here, look! (presentative particle) | here (adv.) | הא כ : like, i.e. = prep."
sgy)?[y),getlex.php?coord=4400128043626&word=0,adj./adv.,,,,,"many, much","many, much","enough, too much",(gram.) pl.:,,,adj./adv.,"many, much | many, much | enough, too much | (gram.) pl.:"
wbny )n$),getlex.php?coord=4400128023625&word=5,conj. n.m.,,,,,"and, also","human, person","human, person","personhood, inner person",,"br ˀnš/brnš, br ˀnšˀ/brnšˀ",conj. n.m.,"and, also | human, person | human, person | personhood, inner person"
mrxy[q,getlex.php?coord=4400128033625&word=0,adv.,,,,,from afar,from afar,to afar (=Heb.),,,,adv.,from afar | from afar | to afar (=Heb.)
",,,]",getlex.php?coord=4400128033625&word=1,,,,,,,,,,,,,
ybqwN,getlex.php?coord=4400128033625&word=2,vb. G D Gt Dt,,,,,"to examine, to test","to examine, to test",to inquire about,to search for (someone? carefully?),,,vb. G D Gt Dt,"to examine, to test | to examine, to test | to inquire about | to search for (someone? carefully?)"
xzw,getlex.php?coord=4400128023624&word=0,"vb. G D C Gt Ct ethpolal, ethpay/w c el",,,,,to see,to see,(,metaph. as in European languages,,,"vb. G D C Gt Ct ethpolal, ethpay/w c el",to see | to see | ( | metaph. as in European languages
h[mwN,getlex.php?coord=4400128023624&word=1,pron.,,,,,them,them,as a copula,,,,pron.,them | them | as a copula
",,,",getlex.php?coord=4400128013624&word=5,,,,,,,,,,,,,
k]l?,getlex.php?coord=4400128023625&word=1,n.(pr.),,,,,"all, every",alone preceding a noun (technically the construct state!) :,as a postpositive with resumptive pronominal suffixes,emphatic state :,,,n.(pr.),"all, every | alone preceding a noun (technically the construct state!) : | as a postpositive with resumptive pronominal suffixes | emphatic state :"
[,getlex.php?coord=4400128023625&word=0,,,,,,,,,,,,,
d?[y,getlex.php?coord=4400128013624&word=4,,,,,,,,,,,,,
",,,,,,,",getlex.php?coord=4400128023624&word=2,,,,,,,,,,,,,
rbrbyN,getlex.php?coord=4400128013624&word=2,adj.,,,,,"great, big",large,"great, of major significance",(of age) : older,,,adj.,"great, big | large | great, of major significance | (of age) : older"
"[,,,]",getlex.php?coord=4400128013624&word=0,,,,,,,,,,,,,
)?rw,getlex.php?coord=4400128013624&word=1,conj./inte,,,,,behold,presentative particle,"because, since",,,,conj./inte,"behold | presentative particle | because, since"
(bdwhy,getlex.php?coord=4400128013624&word=3,v.n.,,,,,labor,"labor, work (v.n.)",result of work,,,,v.n.,"labor | labor, work (v.n.) | result of work"
prs?,getlex.php?coord=4400128063629&word=2,vb. a/u G D C Gt Dt,,,,,to spread,intransitive:  to spread,to spread something,w. hands: to pray,,,vb. a/u G D C Gt Dt,to spread | intransitive:  to spread | to spread something | w. hands: to pray
sgy),getlex.php?coord=4400128063628&word=2,adj./adv.,,,,,"many, much","many, much","enough, too much",(gram.) pl.:,,,adj./adv.,"many, much | many, much | enough, too much | (gram.) pl.:"
hN,getlex.php?coord=4400128063629&word=0,conj.,,,,,if,if,"either...or, whether ... whether",w. ܕܝܢ :,,,conj.,"if | if | either...or, whether ... whether | w. ܕܝܢ :"
"[,,,,]l?)?",getlex.php?coord=4400125103434&word=0,,,,,,,,,,,,,
"[,,,",getlex.php?coord=4400125093433&word=4,,,,,,,,,,,,,
"[,,,]",getlex.php?coord=4400128013623&word=0,,,,,,,,,,,,,
",,,",getlex.php?coord=4400128013623&word=2,,,,,,,,,,,,,
"(?[,,,",getlex.php?coord=4400128013623&word=1,,,,,,,,,,,,,
"[,,,",getlex.php?coord=4400125103434&word=1,,,,,,,,,,,,,
tb]x?r,getlex.php?coord=4400125093433&word=1,vb. a/a(u) G D C Gt Dt,,,,,to choose,to choose,"to examine, test","to refresh, refine",,,vb. a/a(u) G D C Gt Dt,"to choose | to choose | to examine, test | to refresh, refine"
"[,,,",getlex.php?coord=4400125093433&word=0,,,,,,,,,,,,,
"m[,,,",getlex.php?coord=4400125083433&word=1,,,,,,,,,,,,,
)nh,getlex.php?coord=4400125093433&word=3,pron.,,,,,I,I,as enclitic subject marker with participles/adjectives,(philos.) Ego,,,pron.,I | I | as enclitic subject marker with participles/adjectives | (philos.) Ego
)rw,getlex.php?coord=4400125083433&word=0,conj./inte,,,,,behold,presentative particle,"because, since",,,,conj./inte,"behold | presentative particle | because, since"
wl),getlex.php?coord=4400125093433&word=2,conj. adv.,,,,,"and, also","no, not",no! (as interj.),not (preceding and negating a predicate),,lˀ,conj. adv.,"and, also | no, not | no! (as interj.) | not (preceding and negating a predicate)"
)wsP,getlex.php?coord=4400125083432&word=2,vb. C Ct,,,,,C to add,to add,"to increase, to do more",equivalent of Gk. προς,,,vb. C Ct,"C to add | to add | to increase, to do more | equivalent of Gk. προς"
"[,,,",getlex.php?coord=4400125083432&word=0,,,,,,,,,,,,,
",,,",getlex.php?coord=4400125073432&word=1,,,,,,,,,,,,,
blxwdwh?y[,getlex.php?coord=4400125073432&word=0,prep.,,,,,by oneself,"by ... self, all alone",,,,,prep.,"by oneself | by ... self, all alone"
)yxl,getlex.php?coord=4400125073431&word=2,vb. D C,,,,,C to despair; to abolish,to hope for [Biblical Hebrew],to become enfeebled,to weaken (trans.),,,vb. D C,C to despair; to abolish | to hope for [Biblical Hebrew] | to become enfeebled | to weaken (trans.)
]l),getlex.php?coord=4400125083432&word=1,adv.,,,,,"no, not",no! (as interj.),not (preceding and negating a predicate),"compounded with adjectives, nouns, abstracts, and adverbs  ='un-', 'non', 'in-'",,,adv.,"no, not | no! (as interj.) | not (preceding and negating a predicate) | compounded with adjectives, nouns, abstracts, and adverbs  ='un-', 'non', 'in-'"
r$y(y),getlex.php?coord=4400125063430&word=2,adj.,,,,,wicked,alone,: wicked person,adj.: wicked (of a person),,,adj.,wicked | alone | : wicked person | adj.: wicked (of a person)
)n$,getlex.php?coord=4400125063430&word=1,n.m.,,,,,"person, someone","person, someone","Man, humanity (usually in the emphatic)","often in the absolute state (i.e., as a pronoun, even in Eastern Aramaic):",,,n.m.,"person, someone | person, someone | Man, humanity (usually in the emphatic) | often in the absolute state (i.e., as a pronoun, even in Eastern Aramaic):"
"[,,,,]y",getlex.php?coord=4400125073431&word=0,,,,,,,,,,,,,
htqlw[,getlex.php?coord=4400125063430&word=3,"vb. a/a G D C Gt Dt ethpolal, ethpay/w c el",,,,,to stumble,to stumble,to remove obstacles,to remove obstacles,,,"vb. a/a G D C Gt Dt ethpolal, ethpay/w c el",to stumble | to stumble | to remove obstacles | to remove obstacles
"[,,,,]l?K?",getlex.php?coord=4400125063430&word=0,,,,,,,,,,,,,
",,,",getlex.php?coord=4400125063430&word=4,,,,,,,,,,,,,
(lwhy,getlex.php?coord=4400128023625&word=3,prep.,,,,,upon; against; to,"upon, over, on to","against, over against","toward, to",,,prep.,"upon; against; to | upon, over, on to | against, over against | toward, to"
)n$),getlex.php?coord=4400128023625&word=2,n.m.,,,,,"person, someone","person, someone","Man, humanity (usually in the emphatic)","often in the absolute state (i.e., as a pronoun, even in Eastern Aramaic):",,,n.m.,"person, someone | person, someone | Man, humanity (usually in the emphatic) | often in the absolute state (i.e., as a pronoun, even in Eastern Aramaic):"
xzyN,getlex.php?coord=4400128023625&word=4,"vb. G D C Gt Ct ethpolal, ethpay/w c el",,,,,to see,to see,(,metaph. as in European languages,,,"vb. G D C Gt Ct ethpolal, ethpay/w c el",to see | to see | ( | metaph. as in European languages
mN,getlex.php?coord=4400125053429&word=2,pron.,,,,,who?,"who, whom?","one who, one whom","introducing hypothetical exclamations, commonly with ""to give""",,,pron.,"who? | who, whom? | one who, one whom | introducing hypothetical exclamations, commonly with ""to give"""
ytybnh,getlex.php?coord=4400125053429&word=3,vb. a/u G C Ct palpel ethpalpal,,,,,to return,to return (intransitive),"to change direction, turn away",as co-verb : to do again,,,vb. a/u G C Ct palpel ethpalpal,"to return | to return (intransitive) | to change direction, turn away | as co-verb : to do again"
)npwhy,getlex.php?coord=4400125053429&word=1,n.m./f.pl.,,,,,face; surface,face,"(of ground, water) surface","way, manner, feature",,,n.m./f.pl.,"face; surface | face | (of ground, water) surface | way, manner, feature"
(M?[,getlex.php?coord=4400125053429&word=5,n.m.,,,,,people,"related group of people, nation","people, folks",,,,n.m.,"people | related group of people, nation | people, folks"
(l,getlex.php?coord=4400125053429&word=4,prep.,,,,,upon; against; to,"upon, over, on to","against, over against","toward, to",,,prep.,"upon; against; to | upon, over, on to | against, over against | toward, to"
"[,,,",getlex.php?coord=4400125043428&word=5,,,,,,,,,,,,,
"[,,,]",getlex.php?coord=4400125053429&word=0,,,,,,,,,,,,,
wqbylt,getlex.php?coord=4400125043428&word=2,conj. n.f.,,,,,"and, also",complaint; tribute,"complaint, accusation",assignment or collection of tribute,,"qbylh, qbyltˀ",conj. n.f.,"and, also | complaint; tribute | complaint, accusation | assignment or collection of tribute"
(nyN,getlex.php?coord=4400125043428&word=3,n.m./adj.,,,,,"humble, poor person","humble, poor person",,,,,n.m./adj.,"humble, poor person | humble, poor person"
y$m(,getlex.php?coord=4400125043428&word=4,vb. a/a(u) G D C Gt,,,,,to hear,to hear (w. d.o. or,b_,) something,,,vb. a/a(u) G D C Gt,to hear | to hear (w. d.o. or | b_ | ) something
]m?sknyN,getlex.php?coord=4400125043428&word=1,n.m.,,,,,poor man,poor man,adj:,(astron.) ܙܲܒܢܵܐ : a star name,,,n.m.,poor man | poor man | adj: | (astron.) ܙܲܒܢܵܐ : a star name
l),getlex.php?coord=4400125033427&word=4,adv.,,,,,"no, not",no! (as interj.),not (preceding and negating a predicate),"compounded with adjectives, nouns, abstracts, and adverbs  ='un-', 'non', 'in-'",,,adv.,"no, not | no! (as interj.) | not (preceding and negating a predicate) | compounded with adjectives, nouns, abstracts, and adverbs  ='un-', 'non', 'in-'"
",,,",getlex.php?coord=4400125033427&word=6,,,,,,,,,,,,,
hstk?[lw,getlex.php?coord=4400125033427&word=5,vb. D C Gt Dt,,,,,D to understand; Dt to look at,to teach,to admonish,to signify,,,vb. D C Gt Dt,D to understand; Dt to look at | to teach | to admonish | to signify
$bylwhy,getlex.php?coord=4400125033427&word=3,n.m.,,,,,path,path,trace,"(astron.) course, orbit",,,n.m.,"path | path | trace | (astron.) course, orbit"
"[,,,",getlex.php?coord=4400125043428&word=0,,,,,,,,,,,,,
wbkl,getlex.php?coord=4400125033427&word=2,conj. prep. n.(pr.),,,,,"and, also","in, with",in,with (instrumental),,b_,conj. prep. n.(pr.),"and, also | in, with | in | with (instrumental)"
(bdhwN,getlex.php?coord=4400125023425&word=2,v.n.,,,,,labor,"labor, work (v.n.)",result of work,,,,v.n.,"labor | labor, work (v.n.) | result of work"
)r]x?h,getlex.php?coord=4400125033427&word=1,n.f.,,,,,"way, road",road,"way of life, behavior",normal human bodily activities,,,n.f.,"way, road | road | way of life, behavior | normal human bodily activities"
",,,",getlex.php?coord=4400125023426&word=3,,,,,,,,,,,,,
yxk]M,getlex.php?coord=4400125023425&word=1,"vb. i(a,u)/a(u) G D C Gt Dt",,,,,to be wise,to know,"to be made wise, acquire wisdom","to know someone, recognize",,,"vb. i(a,u)/a(u) G D C Gt Dt","to be wise | to know | to be made wise, acquire wisdom | to know someone, recognize"
b)t?[r,getlex.php?coord=4400125023426&word=2,prep. n.m.,,,,,"in, with",in,with (instrumental),among,,"ˀtr, ˀtrˀ",prep. n.m.,"in, with | in | with (instrumental) | among"
hmwN,getlex.php?coord=4400125023426&word=1,pron.,,,,,them,them,as a copula,,,,pron.,them | them | as a copula
wyrm),getlex.php?coord=4400125023426&word=0,conj. vb. G D C Gt Ct,,,,,"and, also",to throw; put down,to throw downward,to set something down,,rmy,conj. vb. G D C Gt Ct,"and, also | to throw; put down | to throw downward | to set something down"
swP,getlex.php?coord=4400125013424&word=3,n.m.,,,,,end,end,chronological,end,,,n.m.,end | end | chronological | end
lh,getlex.php?coord=4400125073431&word=1,,,,,,,,,,,,,
dy l),getlex.php?coord=4400125013424&word=2,prep.,,,,,without,without,,,,,prep.,without | without
)?[xrnyN,getlex.php?coord=4400125013424&word=5,pron.,,,,,other,"other, different one",next one,,,,pron.,"other | other, different one | next one"
"[,,,",getlex.php?coord=4400125023425&word=0,,,,,,,,,,,,,
r]b?r?byN,getlex.php?coord=4400125013424&word=1,adj.,,,,,"great, big",large,"great, of major significance",(of age) : older,,,adj.,"great, big | large | great, of major significance | (of age) : older"
wyqyM,getlex.php?coord=4400125013424&word=4,"conj. vb. a/u G D C Dt Ct polel, pay/w c el ethpolal, ethpay/w c el",,,,,"and, also",to rise; to stand; to last,to rise,"to stand, to be raised up",,qwm,"conj. vb. a/u G D C Dt Ct polel, pay/w c el ethpolal, ethpay/w c el","and, also | to rise; to stand; to last | to rise | to stand, to be raised up"
",,,",getlex.php?coord=4400125053429&word=6,,,,,,,,,,,,,
bmmtyN,getlex.php?coord=4400127083614&word=2,prep. n.m.,,,,,"in, with",in,with (instrumental),among,,mmt,prep. n.m.,"in, with | in | with (instrumental) | among"
)dnyhwN,getlex.php?coord=4400127093615&word=3,n.f.,,,,,ear,(anat.) ear,fish's gill,fig. : ear shaped object,,,n.f.,ear | (anat.) ear | fish's gill | fig. : ear shaped object
"[,,,,]l?)?[,,,,",getlex.php?coord=4400127103616&word=0,,,,,,,,,,,,,
wyprq,getlex.php?coord=4400127093615&word=0,conj. vb. a/u(a) G D C Gt Dt,,,,,"and, also",to redeem; to dismantle,"fig. : to redeem, ransom",intr.: (usually w.,,prq,conj. vb. a/u(a) G D C Gt Dt,"and, also | to redeem; to dismantle | fig. : to redeem, ransom | intr.: (usually w."
]dy,getlex.php?coord=4400127093615&word=2,,,,,,,,,,,,,
"[,,,",getlex.php?coord=4400127093615&word=1,,,,,,,,,,,,,
"[,,,",getlex.php?coord=4400125013424&word=0,,,,,,,,,,,,,
"[,,,",getlex.php?coord=4400127083614&word=0,,,,,,,,,,,,,
(lyhwN,getlex.php?coord=4400127083613&word=0,prep.,,,,,upon; against; to,"upon, over, on to","against, over against","toward, to",,,prep.,"upon; against; to | upon, over, on to | against, over against | toward, to"
wm]d?ynthwN,getlex.php?coord=4400127083614&word=1,conj. n.f.,,,,,"and, also",province; capital city,province,city,,"mdynh, mdyntˀ",conj. n.f.,"and, also | province; capital city | province | city"
"[,,,",getlex.php?coord=4400127083613&word=1,,,,,,,,,,,,,
"[,,,",getlex.php?coord=4400125033427&word=0,,,,,,,,,,,,,
y$m](?wN,getlex.php?coord=4400127063612&word=1,vb. a/a(u) G D C Gt,,,,,to hear,to hear (w. d.o. or,b_,) something,,,vb. a/a(u) G D C Gt,to hear | to hear (w. d.o. or | b_ | ) something
wy)bdwN,getlex.php?coord=4400127073612&word=0,conj. vb. a/a G D C Gt Dt quad T,,,,,"and, also",to be lost,"to be lost, disappear",to perish,,ˀbd,conj. vb. a/a G D C Gt Dt quad T,"and, also | to be lost | to be lost, disappear | to perish"
"[,,,",getlex.php?coord=4400127063612&word=0,,,,,,,,,,,,,
mN,getlex.php?coord=4400127073612&word=1,prep.,,,,,from,from,partitive,indicating the agent of a passive,,,prep.,from | from | partitive | indicating the agent of a passive
w(dnyN,getlex.php?coord=4400127063611&word=1,conj. n.m.,,,,,"and, also",pleasantness,pleasantness or pleasant things,,,ˁdn,conj. n.m.,"and, also | pleasantness | pleasantness or pleasant things"
bxrb),getlex.php?coord=4400127063612&word=2,prep. n.f./m.,,,,,"in, with",in,with (instrumental),among,,"ḥrb, ḥrbˀ",prep. n.f./m.,"in, with | in | with (instrumental) | among"
lrgz,getlex.php?coord=4400127073613&word=2,n.m.,,,,,wrath,wrath,quaking,,,,n.m.,wrath | wrath | quaking
yplwN,getlex.php?coord=4400127063612&word=3,vb. a/e(u) G D C Gt Dt,,,,,to fall; befall,to fall,"to befall, occur",w. various prepositions,,,vb. a/e(u) G D C Gt Dt,"to fall; befall | to fall | to befall, occur | w. various prepositions"
l]b?bhwN,getlex.php?coord=4400127073613&word=1,n.m.,,,,,heart,(anat.) heart,"mind, inner thoughts",inner part,,,n.m.,"heart | (anat.) heart | mind, inner thoughts | inner part"
byqr,getlex.php?coord=4400127063611&word=0,prep. n.m.,,,,,"in, with",in,with (instrumental),among,,"yqr, yqrˀ",prep. n.m.,"in, with | in | with (instrumental) | among"
w$nyhwN,getlex.php?coord=4400127053611&word=6,conj. n.f.,,,,,"and, also",year,year,,,"šnh, štˀ",conj. n.f.,"and, also | year | year"
y<w>m<y>hwN,getlex.php?coord=4400127053611&word=5,n.m.,,,,,day,day,pl.: time period,"daytime, sun light (",,,n.m.,"day | day | pl.: time period | daytime, sun light ("
]b?Tb,getlex.php?coord=4400127053611&word=4,prep. adj.,,,,,"in, with",in,with (instrumental),among,,ṭb,prep. adj.,"in, with | in | with (instrumental) | among"
",,,",getlex.php?coord=4400127053611&word=3,,,,,,,,,,,,,
b)y$thwN,getlex.php?coord=4400127043610&word=6,n.f.,,,,,evil,"evil, bad thing","לבישׁא : for ill, in a negative way (=MT לרעה)",in construct with following noun: equivalent to Greek privative,,,n.f.,"evil | evil, bad thing | לבישׁא : for ill, in a negative way (=MT לרעה) | in construct with following noun: equivalent to Greek privative"
y$m(wN,getlex.php?coord=4400127053611&word=1,vb. a/a(u) G D C Gt,,,,,to hear,to hear (w. d.o. or,b_,) something,,,vb. a/a(u) G D C Gt,to hear | to hear (w. d.o. or | b_ | ) something
mN,getlex.php?coord=4400127043610&word=5,prep.,,,,,from,from,partitive,indicating the agent of a passive,,,prep.,from | from | partitive | indicating the agent of a passive
hN,getlex.php?coord=4400127053611&word=0,conj.,,,,,if,if,"either...or, whether ... whether",w. ܕܝܢ :,,,conj.,"if | if | either...or, whether ... whether | w. ܕܝܢ :"
yt^w^bwN,getlex.php?coord=4400127043610&word=4,vb. a/u G C Ct palpel ethpalpal,,,,,to return,to return (intransitive),"to change direction, turn away",as co-verb : to do again,,,vb. a/u G C Ct palpel ethpalpal,"to return | to return (intransitive) | to change direction, turn away | as co-verb : to do again"
wy(b[dwN,getlex.php?coord=4400127053611&word=2,conj. vb. a/e G D C Gt Ct quad,,,,,"and, also","to make, act, do",to make,"to do, perform, act in a certain manner",,ˁbd,conj. vb. a/e G D C Gt Ct quad,"and, also | to make, act, do | to make | to do, perform, act in a certain manner"
"w[,,,",getlex.php?coord=4400127043610&word=2,,,,,,,,,,,,,
lmwsr,getlex.php?coord=4400127043610&word=1,n.m.,,,,,"instruction, chastisement","instruction, chastisement",,,,,n.m.,"instruction, chastisement | instruction, chastisement"
]hN,getlex.php?coord=4400127043610&word=3,conj.,,,,,if,if,"either...or, whether ... whether",w. ܕܝܢ :,,,conj.,"if | if | either...or, whether ... whether | w. ܕܝܢ :"
)dnyhwN,getlex.php?coord=4400127043610&word=0,n.f.,,,,,ear,(anat.) ear,fish's gill,fig. : ear shaped object,,,n.f.,ear | (anat.) ear | fish's gill | fig. : ear shaped object
htrwmmw,getlex.php?coord=4400127033609&word=5,"vb. a(i)/u G D C Ct polel, pay/w c el palpel quad ethpolal, ethpay/w c el ethpalpal quad T",,,,,to be high,to be high,p.p. :,see s.v.,,,"vb. a(i)/u G D C Ct polel, pay/w c el palpel quad ethpolal, ethpay/w c el ethpalpal quad T",to be high | to be high | p.p. : | see s.v.
wygl),getlex.php?coord=4400127033610&word=0,conj. vb. a/e G D C Gt Dt Ct,,,,,"and, also",to uncover; D to exile,to uncover,to go into exile,,gly,conj. vb. a/e G D C Gt Dt Ct,"and, also | to uncover; D to exile | to uncover | to go into exile"
)rw,getlex.php?coord=4400127033609&word=4,conj./inte,,,,,behold,presentative particle,"because, since",,,,conj./inte,"behold | presentative particle | because, since"
",,,]h?wN",getlex.php?coord=4400127033609&word=3,,,,,,,,,,,,,
mskny),getlex.php?coord=4400127023608&word=6,n.m.,,,,,poor man,poor man,adj:,(astron.) ܙܲܒܢܵܐ : a star name,,,n.m.,poor man | poor man | adj: | (astron.) ܙܲܒܢܵܐ : a star name
(bdyhw?[N,getlex.php?coord=4400127033609&word=2,v.n.,,,,,labor,"labor, work (v.n.)",result of work,,,,v.n.,"labor | labor, work (v.n.) | result of work"
)]x?ydyN,getlex.php?coord=4400127023608&word=4,vb. a/u G D C Gt Dt,,,,,"to hold, take, to catch, to seize","to hold, take, to catch, to seize","to shut, close (door, gate, book, mouth)","to start out, undertake something",,,vb. a/u G D C Gt Dt,"to hold, take, to catch, to seize | to hold, take, to catch, to seize | to shut, close (door, gate, book, mouth) | to start out, undertake something"
"[,,,",getlex.php?coord=4400127073612&word=2,,,,,,,,,,,,,
"[,,,",getlex.php?coord=4400127073613&word=0,,,,,,,,,,,,,
bxbly,getlex.php?coord=4400127023608&word=5,prep. n.m.,,,,,"in, with",in,with (instrumental),among,,"ḥbl, ḥblˀ",prep. n.m.,"in, with | in | with (instrumental) | among"
lh^w^N,getlex.php?coord=4400127033609&word=1,,,,,,,,,,,,,
wyxw),getlex.php?coord=4400127033609&word=0,conj. vb. G D C Dt,,,,,"and, also",to see (??); D to show,to see (?),p.p. : proper (calque on MH רָאוּי  ),,ḥwy,conj. vb. G D C Dt,"and, also | to see (??); D to show | to see (?) | p.p. : proper (calque on MH רָאוּי  )"
w)P,getlex.php?coord=4400127023608&word=0,conj. conj.,,,,,"and, also","also, even","also, even",in expressions,,"ˀp, ˀwp",conj. conj.,"and, also | also, even | also, even | in expressions"
"[,,,",getlex.php?coord=4400127023608&word=3,,,,,,,,,,,,,
(M,getlex.php?coord=4400127023608&word=1,prep.,,,,,with,"with, together with",at,"at the time of, during",,,prep.,"with | with, together with | at | at the time of, during"
)syryN,getlex.php?coord=4400127023608&word=2,adj.,,,,,captured; forbidden,"captive, bound",forbidden,subst. : girdle (?),,,adj.,"captured; forbidden | captive, bound | forbidden | subst. : girdle (?)"
"[,,,",getlex.php?coord=4400124103416&word=0,,,,,,,,,,,,,
"[,,]$q?[y,,,",getlex.php?coord=4400124103417&word=0,,,,,,,,,,,,,
m]l?y?,getlex.php?coord=4400124103416&word=1,n.f.,,,,,"word, speech; thing",word,thing [=Heb. דָּבָר],=Greek,,,n.f.,"word, speech; thing | word | thing [=Heb. דָּבָר] | =Greek"
lmlkyN,getlex.php?coord=4400127013607&word=1,n.m.,,,,,king,king,"provincial ruler (governor, satrap)",a priest,,,n.m.,"king | king | provincial ruler (governor, satrap) | a priest"
]y$kbwN,getlex.php?coord=4400124093415&word=2,"vb. e/a/o,o G D C Dt",,,,,to lie down,to lie down,to lie down to sleep,to lie down to die,,,"vb. e/a/o,o G D C Dt",to lie down | to lie down | to lie down to sleep | to lie down to die
"[,,,]",getlex.php?coord=4400127013607&word=0,,,,,,,,,,,,,
"[,,,",getlex.php?coord=4400124093415&word=1,,,,,,,,,,,,,
wymwt,getlex.php?coord=4400124093415&word=0,conj. vb. i/u G C Ct palpel,,,,,"and, also",to die,to die,fig. : to remain hidden until disappearance,,mwt,conj. vb. i/u G C Ct palpel,"and, also | to die | to die | fig. : to remain hidden until disappearance"
"[,,,,]why",getlex.php?coord=4400127013607&word=3,,,,,,,,,,,,,
lrxcN,getlex.php?coord=4400127013607&word=4,n.m.,,,,,"security, reliance","security, reliance",,,,,n.m.,"security, reliance | security, reliance"
ykl),getlex.php?coord=4400124083414&word=3,vb. a/e G D C Gt Ct,,,,,to hold back,"to restrain, to ward off","to forbid, to prohibit something",to withhold something,,,vb. a/e G D C Gt Ct,"to hold back | to restrain, to ward off | to forbid, to prohibit something | to withhold something"
"[,,,",getlex.php?coord=4400124083414&word=0,,,,,,,,,,,,,
",,,",getlex.php?coord=4400124083413&word=2,,,,,,,,,,,,,
tb?[l,getlex.php?coord=4400124083413&word=1,n.m.,,,,,dry land; the Earth,dry land,the dry surface of the Earth,,,,n.m.,dry land; the Earth | dry land | the dry surface of the Earth
(lwhy,getlex.php?coord=4400124083414&word=2,prep.,,,,,upon; against; to,"upon, over, on to","against, over against","toward, to",,,prep.,"upon; against; to | upon, over, on to | against, over against | toward, to"
wn$m]th,getlex.php?coord=4400124083414&word=1,conj. n.f.,,,,,"and, also",breath; soul,"breath, breathing, exhaling","soul, life force",,"nšmh, nšmtˀ",conj. n.f.,"and, also | breath; soul | breath, breathing, exhaling | soul, life force"
ytbw,getlex.php?coord=4400127013607&word=2,vb. i/i G D C Dt Ct,,,,,"to sit ; to dwell; to stay, remain",to sit,to dwell,to settle down,,,vb. i/i G D C Dt Ct,"to sit ; to dwell; to stay, remain | to sit | to dwell | to settle down"
h]w?),getlex.php?coord=4400124073413&word=1,pron.,,,,,he,he,as copula,emphatic enclitic particle focusing on the word it follows,,,pron.,he | he | as copula | emphatic enclitic particle focusing on the word it follows
)r(),getlex.php?coord=4400124073413&word=2,n.f.,,,,,ground; land; Earth,ground,"land, country",the Earth,,,n.f.,"ground; land; Earth | ground | land, country | the Earth"
"[,,,",getlex.php?coord=4400124073413&word=0,,,,,,,,,,,,,
wq$T,getlex.php?coord=4400124083413&word=0,conj. vb. D Dt,,,,,"and, also",D to bedeck,"to bedeck, adorn with beauty",to prepare,,qšṭ,conj. vb. D Dt,"and, also | D to bedeck | to bedeck, adorn with beauty | to prepare"
(bd,getlex.php?coord=4400124073413&word=3,vb. a/e G D C Gt Ct quad,,,,,"to make, act, do",to make,"to do, perform, act in a certain manner","to designate, make into",,,vb. a/e G D C Gt Ct quad,"to make, act, do | to make | to do, perform, act in a certain manner | to designate, make into"
y$lM,getlex.php?coord=4400124053411&word=2,vb. e/a(u) G D C Gt Dt Ct,,,,,"to be whole, complete","to be whole, perfect","to be complete, finished",(euph.) to die,,,vb. e/a(u) G D C Gt Dt Ct,"to be whole, complete | to be whole, perfect | to be complete, finished | (euph.) to die"
lh,getlex.php?coord=4400124053411&word=3,,,,,,,,,,,,,
"[,,,",getlex.php?coord=4400124053411&word=4,,,,,,,,,,,,,
cd),getlex.php?coord=4400124063412&word=2,adv.,,,,,in truth,in truth,,,,,adv.,in truth | in truth
)lh),getlex.php?coord=4400124063412&word=3,n.m.,,,,,god,"god, God",,,,,n.m.,"god | god, God"
"[,,,",getlex.php?coord=4400124063412&word=0,,,,,,,,,,,,,
]hk(N,getlex.php?coord=4400124063412&word=1,interj. adv.,,,,,interrogative particle,interrogative particle,now,now,,kˁn,interj. adv.,interrogative particle | interrogative particle | now | now
"[,,,",getlex.php?coord=4400124053410&word=2,,,,,,,,,,,,,
"[,,,",getlex.php?coord=4400124053411&word=0,,,,,,,,,,,,,
wmN,getlex.php?coord=4400124053410&word=0,conj. prep.,,,,,"and, also",from,from,partitive,,mn,conj. prep.,"and, also | from | from | partitive"
lxbl),getlex.php?coord=4400124053410&word=1,"vb. a/a, a/u G D C Gt Dt",,,,,to perish,to perish,to injure,"to damage, injure something/someone",,,"vb. a/a, a/u G D C Gt Dt","to perish | to perish | to injure | to damage, injure something/someone"
$qr,getlex.php?coord=4400124043410&word=6,n.m.,,,,,lie,"lie, falsehood",deceitful behavior,,,,n.m.,"lie | lie, falsehood | deceitful behavior"
mN,getlex.php?coord=4400124043410&word=5,prep.,,,,,from,from,partitive,indicating the agent of a passive,,,prep.,from | from | partitive | indicating the agent of a passive
])n$,getlex.php?coord=4400124053411&word=1,n.m.,,,,,"person, someone","person, someone","Man, humanity (usually in the emphatic)","often in the absolute state (i.e., as a pronoun, even in Eastern Aramaic):",,,n.m.,"person, someone | person, someone | Man, humanity (usually in the emphatic) | often in the absolute state (i.e., as a pronoun, even in Eastern Aramaic):"
yrmwN,getlex.php?coord=4400127013607&word=5,"vb. a(i)/u G D C Ct polel, pay/w c el palpel quad ethpolal, ethpay/w c el ethpalpal quad T",,,,,to be high,to be high,p.p. :,see s.v.,,,"vb. a(i)/u G D C Ct polel, pay/w c el palpel quad ethpolal, ethpay/w c el ethpalpal quad T",to be high | to be high | p.p. : | see s.v.
",,,",getlex.php?coord=4400124043410&word=2,,,,,,,,,,,,,
)n$?[,getlex.php?coord=4400124043410&word=1,n.m.,,,,,"person, someone","person, someone","Man, humanity (usually in the emphatic)","often in the absolute state (i.e., as a pronoun, even in Eastern Aramaic):",,,n.m.,"person, someone | person, someone | Man, humanity (usually in the emphatic) | often in the absolute state (i.e., as a pronoun, even in Eastern Aramaic):"
]x?s,getlex.php?coord=4400124043410&word=3,adv.,,,,,"God forbid, far be it from ...",(usually governing,l_,": God forbid, far be it from",,,adv.,"God forbid, far be it from ... | (usually governing | l_ | : God forbid, far be it from"
l)lh),getlex.php?coord=4400124043410&word=4,n.m.,,,,,god,"god, God",,,,,n.m.,"god | god, God"
)lh),getlex.php?coord=4400124033409&word=4,n.m.,,,,,god,"god, God",,,,,n.m.,"god | god, God"
k(N,getlex.php?coord=4400124043410&word=0,adv.,,,,,now,now,(w./w.o.,w_,,,adv.,now | now | (w./w.o. | w_
b]t?r,getlex.php?coord=4400124033409&word=3,prep.,,,,,after,after,conj.: after,"w. personal pron. suf. : behind one, backwards (?)",,,prep.,"after | after | conj.: after | w. personal pron. suf. : behind one, backwards (?)"
gbr,getlex.php?coord=4400124033409&word=1,n.m.,,,,,man,man,"person, someone",supernatural being,,,n.m.,"man | man | person, someone | supernatural being"
)mr,getlex.php?coord=4400124023409&word=1,vb. a/a G Gt,,,,,to say,to say,to command,"to say to oneself, to have a thought",,,vb. a/a G Gt,"to say | to say | to command | to say to oneself, to have a thought"
l),getlex.php?coord=4400124023409&word=2,adv.,,,,,"no, not",no! (as interj.),not (preceding and negating a predicate),"compounded with adjectives, nouns, abstracts, and adverbs  ='un-', 'non', 'in-'",,,adv.,"no, not | no! (as interj.) | not (preceding and negating a predicate) | compounded with adjectives, nouns, abstracts, and adverbs  ='un-', 'non', 'in-'"
y$n),getlex.php?coord=4400124033409&word=0,vb. G D C Gt Dt,,,,,to be different,to be different,to go away,to change (trans.),,,vb. G D C Gt Dt,to be different | to be different | to go away | to change (trans.)
r$](?,getlex.php?coord=4400124023408&word=3,v.n.,,,,,evil,evil,,,,,v.n.,evil | evil
)rw,getlex.php?coord=4400124023409&word=0,conj./inte,,,,,behold,presentative particle,"because, since",,,,conj./inte,"behold | presentative particle | because, since"
"m[,,,",getlex.php?coord=4400124033409&word=2,,,,,,,,,,,,,
$qr,getlex.php?coord=4400124023408&word=1,n.m.,,,,,lie,"lie, falsehood",deceitful behavior,,,,n.m.,"lie | lie, falsehood | deceitful behavior"
",,,])?",getlex.php?coord=4400124013407&word=1,,,,,,,,,,,,,
wmtxbr,getlex.php?coord=4400124013408&word=0,conj. vb. a/a G D C Dt,,,,,"and, also",to be associated with,to be associated with,to join one thing to another,,ḥbr,conj. vb. a/a G D C Dt,"and, also | to be associated with | to be associated with | to join one thing to another"
xTy),getlex.php?coord=4400124013407&word=2,n.m.,,,,,sin,sin,sin offering [Hebrew],Satan :,,,n.m.,sin | sin | sin offering [Hebrew] | Satan :
"[,,,",getlex.php?coord=4400124023408&word=2,,,,,,,,,,,,,
wmr)?[,getlex.php?coord=4400124073412&word=1,conj. n.m.,,,,,"and, also","master, lord",master,owner,,"mry, mryˀ",conj. n.m.,"and, also | master, lord | master | owner"
y$qr,getlex.php?coord=4400124073412&word=0,vb. a/ G D Gt Dt,,,,,to act falsely,to violate treaty obligations,to lie,w.,,,vb. a/ G D Gt Dt,to act falsely | to violate treaty obligations | to lie | w.
",,,",getlex.php?coord=4400124073412&word=2,,,,,,,,,,,,,
l(bdy,getlex.php?coord=4400124023408&word=0,vb. a/e G D C Gt Ct quad,,,,,"to make, act, do",to make,"to do, perform, act in a certain manner","to designate, make into",,,vb. a/e G D C Gt Ct quad,"to make, act, do | to make | to do, perform, act in a certain manner | to designate, make into"
"[,,,,,,,,]",getlex.php?coord=4400124013406&word=0,,,,,,,,,,,,,
mN,getlex.php?coord=4400124013406&word=1,prep.,,,,,from,from,partitive,indicating the agent of a passive,,,prep.,from | from | partitive | indicating the agent of a passive
g]b?r,getlex.php?coord=4400123073329&word=2,n.m.,,,,,man,man,"person, someone",supernatural being,,,n.m.,"man | man | person, someone | supernatural being"
xT),getlex.php?coord=4400124013406&word=2,n.m.,,,,,sin,sin,sin offering [Hebrew],Satan :,,,n.m.,sin | sin | sin offering [Hebrew] | Satan :
"[,,,",getlex.php?coord=4400123073329&word=1,,,,,,,,,,,,,
m?[N,getlex.php?coord=4400124013407&word=0,pron.,,,,,who?,"who, whom?","one who, one whom","introducing hypothetical exclamations, commonly with ""to give""",,,pron.,"who? | who, whom? | one who, one whom | introducing hypothetical exclamations, commonly with ""to give"""
h),getlex.php?coord=4400123073329&word=0,interj.,,,,,here! look!,"here, look! (presentative particle)",here (adv.),"הא כ : like, i.e. = prep.",,,interj.,"here! look! | here, look! (presentative particle) | here (adv.) | הא כ : like, i.e. = prep."
",,,]h?",getlex.php?coord=4400123063328&word=1,,,,,,,,,,,,,
bnhwr,getlex.php?coord=4400123073328&word=0,prep. n.m.,,,,,"in, with",in,with (instrumental),among,,"nhwr, nwhrˀ",prep. n.m.,"in, with | in | with (instrumental) | among"
txz),getlex.php?coord=4400123073328&word=1,"vb. G D C Gt Ct ethpolal, ethpay/w c el",,,,,to see,to see,(,metaph. as in European languages,,,"vb. G D C Gt Ct ethpolal, ethpay/w c el",to see | to see | ( | metaph. as in European languages
pr?[q,getlex.php?coord=4400123063328&word=0,vb. a/u(a) G D C Gt Dt,,,,,to redeem; to dismantle,"fig. : to redeem, ransom",intr.: (usually w.,mn,,,vb. a/u(a) G D C Gt Dt,"to redeem; to dismantle | fig. : to redeem, ransom | intr.: (usually w. | mn"
lh,getlex.php?coord=4400123053326&word=2,,,,,,,,,,,,,
",,,]",getlex.php?coord=4400123043326&word=3,,,,,,,,,,,,,
kpwhy[,getlex.php?coord=4400123053326&word=0,n.f.,,,,,palm; ladle,"palm, hand","spoon, ladle","sheaf, bundle (i.e., handful)",,,n.f.,"palm; ladle | palm, hand | spoon, ladle | sheaf, bundle (i.e., handful)"
wk(bd,getlex.php?coord=4400123043326&word=4,conj. prep. v.n.,,,,,"and, also",like,"like, according to",about (with numeral),,k_,conj. prep. v.n.,"and, also | like | like, according to | about (with numeral)"
b)sy[),getlex.php?coord=4400123043326&word=2,prep. vb. G D Dt,,,,,"in, with",in,with (instrumental),among,,ˀsy,prep. vb. G D Dt,"in, with | in | with (instrumental) | among"
)npwhy,getlex.php?coord=4400123043326&word=1,n.m./f.pl.,,,,,face; surface,face,"(of ground, water) surface","way, manner, feature",,,n.m./f.pl.,"face; surface | face | (of ground, water) surface | way, manner, feature"
wy)m[r,getlex.php?coord=4400123053327&word=0,conj. vb. a/a G Gt,,,,,"and, also",to say,to say,to command,,ˀmr,conj. vb. a/a G Gt,"and, also | to say | to say | to command"
",,,",getlex.php?coord=4400123053327&word=1,,,,,,,,,,,,,
y]$?lM,getlex.php?coord=4400123053326&word=1,vb. e/a(u) G D C Gt Dt Ct,,,,,"to be whole, complete","to be whole, perfect","to be complete, finished",(euph.) to die,,,vb. e/a(u) G D C Gt Dt Ct,"to be whole, complete | to be whole, perfect | to be complete, finished | (euph.) to die"
lywmy,getlex.php?coord=4400123033325&word=2,n.m.,,,,,day,day,pl.: time period,"daytime, sun light (",,,n.m.,"day | day | pl.: time period | daytime, sun light ("
w]y?$m(nh,getlex.php?coord=4400123033326&word=1,conj. vb. a/a(u) G D C Gt,,,,,"and, also",to hear,to hear (w. d.o. or,b_,,šmˁ,conj. vb. a/a(u) G D C Gt,"and, also | to hear | to hear (w. d.o. or | b_"
(lym[wth,getlex.php?coord=4400123033325&word=3,n.f.,,,,,youthfulness,"youthfulness, full strength",,,,,n.f.,"youthfulness | youthfulness, full strength"
",,,",getlex.php?coord=4400123033325&word=4,,,,,,,,,,,,,
wyxz),getlex.php?coord=4400123043326&word=0,"conj. vb. G D C Gt Ct ethpolal, ethpay/w c el",,,,,"and, also",to see,to see,(,,ḥzy,"conj. vb. G D C Gt Ct ethpolal, ethpay/w c el","and, also | to see | to see | ("
"[,,,",getlex.php?coord=4400123033326&word=0,,,,,,,,,,,,,
]mN,getlex.php?coord=4400123023325&word=4,prep.,,,,,from,from,partitive,indicating the agent of a passive,,,prep.,from | from | partitive | indicating the agent of a passive
"[,,,",getlex.php?coord=4400123023325&word=3,,,,,,,,,,,,,
wytmlyN,getlex.php?coord=4400123023325&word=2,conj. vb. G D C Gt Dt quad,,,,,"and, also",to be full,to be filled,to fill something with one's own bulk,,mly,conj. vb. G D C Gt Dt quad,"and, also | to be full | to be filled | to fill something with one's own bulk"
y$nqnh,getlex.php?coord=4400123023325&word=1,vb. D Dt Ct,,,,,D to torture,to torture,to destroy by drowning or strangling,p.p. : ܡܫܲܢܲܩ : tormented;,,,vb. D Dt Ct,D to torture | to torture | to destroy by drowning or strangling | p.p. : ܡܫܲܢܲܩ : tormented;
wtb,getlex.php?coord=4400123033325&word=1,conj. vb. a/u G C Ct palpel ethpalpal,,,,,"and, also",to return,to return (intransitive),"to change direction, turn away",,twb,conj. vb. a/u G C Ct palpel ethpalpal,"and, also | to return | to return (intransitive) | to change direction, turn away"
(wlyM,getlex.php?coord=4400123033325&word=0,n.m.,,,,,youth,"youth, young adult","servant, slave","group, nation (??) i.e., = Hebrew לאם",,,n.m.,"youth | youth, young adult | servant, slave | group, nation (??) i.e., = Hebrew לאם"
)$h,getlex.php?coord=4400123023325&word=0,n.f.,,,,,fire; fever,"fire, flame",fever,,,,n.f.,"fire; fever | fire, flame | fever"
pchy,getlex.php?coord=4400123013324&word=2,vb. G D C Dt,,,,,to save,w.,"mwm, ˁlh",: to be faultless,,,vb. G D C Dt,"to save | w. | mwm, ˁlh | : to be faultless"
",,,",getlex.php?coord=4400123013324&word=5,,,,,,,,,,,,,
xb[l,getlex.php?coord=4400123013324&word=4,"vb. a/a, a/u G D C Gt Dt",,,,,to perish,to perish,to injure,"to damage, injure something/someone",,,"vb. a/a, a/u G D C Gt Dt","to perish | to perish | to injure | to damage, injure something/someone"
"[,,,",getlex.php?coord=4400123013325&word=0,,,,,,,,,,,,,
mN,getlex.php?coord=4400123013324&word=3,prep.,,,,,from,from,partitive,indicating the agent of a passive,,,prep.,from | from | partitive | indicating the agent of a passive
wbyqd]t?,getlex.php?coord=4400123013325&word=1,conj. prep. n.f.,,,,,"and, also","in, with",in,with (instrumental),,b_,conj. prep. n.f.,"and, also | in, with | in | with (instrumental)"
m$kbh[,getlex.php?coord=4400122103315&word=3,n.m.,,,,,bed,bed,litter,marital rights(?),,,n.m.,bed | bed | litter | marital rights(?)
w?y?)mr,getlex.php?coord=4400123013324&word=1,conj. vb. a/a G Gt,,,,,"and, also",to say,to say,to command,,ˀmr,conj. vb. a/a G Gt,"and, also | to say | to say | to command"
",,,",getlex.php?coord=4400122103315&word=4,,,,,,,,,,,,,
(l,getlex.php?coord=4400122103315&word=2,prep.,,,,,upon; against; to,"upon, over, on to","against, over against","toward, to",,,prep.,"upon; against; to | upon, over, on to | against, over against | toward, to"
bmn]m?h,getlex.php?coord=4400122103315&word=1,prep. vb. a/u G C quad quad T,,,,,"in, with",in,with (instrumental),among,,nwm,prep. vb. a/u G C quad quad T,"in, with | in | with (instrumental) | among"
"[,,,]",getlex.php?coord=4400123013324&word=0,,,,,,,,,,,,,
k)rxy,getlex.php?coord=4400123063327&word=0,prep. n.f.,,,,,like,"like, according to",about (with numeral),conj.,,"ˀwrḥ, ˀwrḥˀ",prep. n.f.,"like | like, according to | about (with numeral) | conj."
]wl),getlex.php?coord=4400123053327&word=2,conj. adv.,,,,,"and, also","no, not",no! (as interj.),not (preceding and negating a predicate),,lˀ,conj. adv.,"and, also | no, not | no! (as interj.) | not (preceding and negating a predicate)"
h[$]tlmt,getlex.php?coord=4400123063327&word=1,vb. e/a(u) G D C Gt Dt Ct,,,,,"to be whole, complete","to be whole, perfect","to be complete, finished",(euph.) to die,,,vb. e/a(u) G D C Gt Dt Ct,"to be whole, complete | to be whole, perfect | to be complete, finished | (euph.) to die"
bxdydy,getlex.php?coord=4400122093315&word=2,prep. n.m.,,,,,"in, with",in,with (instrumental),among,,ḥryd,prep. n.m.,"in, with | in | with (instrumental) | among"
",,,",getlex.php?coord=4400122093315&word=4,,,,,,,,,,,,,
)lh[),getlex.php?coord=4400122083314&word=4,n.m.,,,,,god,"god, God",,,,,n.m.,"god | god, God"
"[,,,",getlex.php?coord=4400122093315&word=0,,,,,,,,,,,,,
b]x?lmyN,getlex.php?coord=4400122093315&word=1,prep. n.m.,,,,,"in, with",in,with (instrumental),among,,"ḥlm, ḥlmˀ",prep. n.m.,"in, with | in | with (instrumental) | among"
",,,",getlex.php?coord=4400122083314&word=5,,,,,,,,,,,,,
lyl)?[,getlex.php?coord=4400122093315&word=3,n.m.,,,,,night,night,,,,,n.m.,night | night
ymll,getlex.php?coord=4400122083314&word=3,vb. D C Dt,,,,,D to speak,to speak,to sound,to enable someone to speak,,,vb. D C Dt,D to speak | to speak | to sound | to enable someone to speak
"[,,,",getlex.php?coord=4400122083314&word=0,,,,,,,,,,,,,
"[,,,",getlex.php?coord=4400122073313&word=5,,,,,,,,,,,,,
bxd),getlex.php?coord=4400122083314&word=2,adv.,,,,,at once,"at once, without delay",,,,,adv.,"at once | at once, without delay"
)]r?w?,getlex.php?coord=4400122083314&word=1,conj./inte,,,,,behold,presentative particle,"because, since",,,,conj./inte,"behold | presentative particle | because, since"
)lh),getlex.php?coord=4400122063312&word=3,n.m.,,,,,god,"god, God",,,,,n.m.,"god | god, God"
)n$)?[,getlex.php?coord=4400122063312&word=5,n.m.,,,,,"person, someone","person, someone","Man, humanity (usually in the emphatic)","often in the absolute state (i.e., as a pronoun, even in Eastern Aramaic):",,,n.m.,"person, someone | person, someone | Man, humanity (usually in the emphatic) | often in the absolute state (i.e., as a pronoun, even in Eastern Aramaic):"
"[,,,",getlex.php?coord=4400122073313&word=0,,,,,,,,,,,,,
mN,getlex.php?coord=4400122063312&word=4,prep.,,,,,from,from,partitive,indicating the agent of a passive,,,prep.,from | from | partitive | indicating the agent of a passive
]r?b{b}r<b>N,getlex.php?coord=4400122073313&word=1,adj.,,,,,"great, big",large,"great, of major significance",(of age) : older,,,adj.,"great, big | large | great, of major significance | (of age) : older"
rb,getlex.php?coord=4400122063312&word=2,adj.,,,,,"great, big",large,"great, of major significance",(of age) : older,,,adj.,"great, big | large | great, of major significance | (of age) : older"
",,,",getlex.php?coord=4400122063312&word=6,,,,,,,,,,,,,
)rw,getlex.php?coord=4400122073313&word=3,conj./inte,,,,,behold,presentative particle,"because, since",,,,conj./inte,"behold | presentative particle | because, since"
",,,",getlex.php?coord=4400122053311&word=6,,,,,,,,,,,,,
wskr,getlex.php?coord=4400122053311&word=4,conj. vb. a/u(a) G D C Gt Dt,,,,,"and, also","to close up, shut","to close up, shut",to inspect,,skr,conj. vb. a/u(a) G D C Gt Dt,"and, also | to close up, shut | to close up, shut | to inspect"
"[,,,]",getlex.php?coord=4400122063312&word=0,,,,,,,,,,,,,
rgly,getlex.php?coord=4400122053311&word=3,n.f.,,,,,foot; pilgrimage,foot,march,(bot.) a plant name : milk vetch (?),,,n.f.,foot; pilgrimage | foot | march | (bot.) a plant name : milk vetch (?)
)?rw,getlex.php?coord=4400122063312&word=1,conj./inte,,,,,behold,presentative particle,"because, since",,,,conj./inte,"behold | presentative particle | because, since"
k[l,getlex.php?coord=4400122053311&word=5,n.(pr.),,,,,"all, every",alone preceding a noun (technically the construct state!) :,as a postpositive with resumptive pronominal suffixes,emphatic state :,,,n.(pr.),"all, every | alone preceding a noun (technically the construct state!) : | as a postpositive with resumptive pronominal suffixes | emphatic state :"
bkl,getlex.php?coord=4400122073313&word=4,prep. n.(pr.),,,,,"in, with",in,with (instrumental),among,,"kl, klˀ",prep. n.(pr.),"in, with | in | with (instrumental) | among"
)xd,getlex.php?coord=4400122043310&word=4,vb. a/u G D C Gt Dt,,,,,"to hold, take, to catch, to seize","to hold, take, to catch, to seize","to shut, close (door, gate, book, mouth)","to start out, undertake something",,,vb. a/u G D C Gt Dt,"to hold, take, to catch, to seize | to hold, take, to catch, to seize | to shut, close (door, gate, book, mouth) | to start out, undertake something"
"[,,,,",getlex.php?coord=4400122043310&word=6,,,,,,,,,,,,,
ly,getlex.php?coord=4400122043310&word=5,,,,,,,,,,,,,
bsd),getlex.php?coord=4400122053311&word=2,prep. n.m.,,,,,"in, with",in,with (instrumental),among,,"sd, sdˀ",prep. n.m.,"in, with | in | with (instrumental) | among"
"[,,,",getlex.php?coord=4400122053311&word=0,,,,,,,,,,,,,
]$?w),getlex.php?coord=4400122053311&word=1,vb. a/e G D C Gt Dt Ct,,,,,to be equal; D to put down,"to be equal, worth","to be worthy of, merit",to constitute,,,vb. a/e G D C Gt Dt Ct,"to be equal; D to put down | to be equal, worth | to be worthy of, merit | to constitute"
"[,,,",getlex.php?coord=4400122103315&word=0,,,,,,,,,,,,,
",,,",getlex.php?coord=4400122033309&word=6,,,,,,,,,,,,,
xT),getlex.php?coord=4400122033309&word=3,n.m.,,,,,sin,sin,sin offering [Hebrew],Satan :,,,n.m.,sin | sin | sin offering [Hebrew] | Satan :
ly,getlex.php?coord=4400122033309&word=4,,,,,,,,,,,,,
wnq)?[,getlex.php?coord=4400122033309&word=5,conj. adj.,,,,,"and, also",clean; dedicated,clean,"prepared, ready",,nqy,conj. adj.,"and, also | clean; dedicated | clean | prepared, ready"
h]N,getlex.php?coord=4400122043310&word=1,conj.,,,,,if,if,"either...or, whether ... whether",w. ܕܝܢ :,,,conj.,"if | if | either...or, whether ... whether | w. ܕܝܢ :"
"[,,,",getlex.php?coord=4400122043310&word=0,,,,,,,,,,,,,
h$kx,getlex.php?coord=4400122043310&word=3,vb. a/a G C Gt Ct,,,,,to find; to be capable,to find,"w. infinitive : to be able to, capable of","impersonal ܡܸܫܟܲܚ܂ ܡܸܫܟܚܵܐ : it may well be, it is possible",,,vb. a/a G C Gt Ct,"to find; to be capable | to find | w. infinitive : to be able to, capable of | impersonal ܡܸܫܟܲܚ܂ ܡܸܫܟܚܵܐ : it may well be, it is possible"
wq?[l,getlex.php?coord=4400122023308&word=3,conj. n.m.,,,,,"and, also",voice,"voice, sound of a voice","sound, noise",,"ql, qlˀ",conj. n.m.,"and, also | voice | voice, sound of a voice | sound, noise"
)mrt,getlex.php?coord=4400122023308&word=1,vb. a/a G Gt,,,,,to say,to say,to command,"to say to oneself, to have a thought",,,vb. a/a G Gt,"to say | to say | to command | to say to oneself, to have a thought"
"[,,,]",getlex.php?coord=4400122033309&word=0,,,,,,,,,,,,,
b)dny,getlex.php?coord=4400122023308&word=2,prep. n.f.,,,,,"in, with",in,with (instrumental),among,,"ˀdn, ˀdnˀ",prep. n.f.,"in, with | in | with (instrumental) | among"
hK,getlex.php?coord=4400122023308&word=0,adv.,,,,,how,"how, in the manner of",as an interrogative: how?,,,,adv.,"how | how, in the manner of | as an interrogative: how?"
wl),getlex.php?coord=4400122033309&word=2,conj. adv.,,,,,"and, also","no, not",no! (as interj.),not (preceding and negating a predicate),,lˀ,conj. adv.,"and, also | no, not | no! (as interj.) | not (preceding and negating a predicate)"
)nh,getlex.php?coord=4400122033309&word=1,pron.,,,,,I,I,as enclitic subject marker with participles/adjectives,(philos.) Ego,,,pron.,I | I | as enclitic subject marker with participles/adjectives | (philos.) Ego
",,,",getlex.php?coord=4400122023308&word=4,,,,,,,,,,,,,
ts[gpnK,getlex.php?coord=4400122013307&word=3,vb. a/u G D Dt,,,,,to harm,see s.v.,sgyp,adj.,,,vb. a/u G D Dt,to harm | see s.v. | sgyp | adj.
"[,,,",getlex.php?coord=4400122023307&word=0,,,,,,,,,,,,,
tmll,getlex.php?coord=4400122073313&word=2,vb. D C Dt,,,,,D to speak,to speak,to sound,to enable someone to speak,,,vb. D C Dt,D to speak | to speak | to sound | to enable someone to speak
t]q?r,getlex.php?coord=4400122023307&word=1,vb. a/a(u) G D C Dt Ct quad T,,,,,to be heavy,to be heavy,to be precious,"ܥܲܠ, ܠ : to be difficult for",,,vb. a/a(u) G D C Dt Ct quad T,"to be heavy | to be heavy | to be precious | ܥܲܠ, ܠ : to be difficult for"
l),getlex.php?coord=4400122013307&word=2,adv.,,,,,"no, not",no! (as interj.),not (preceding and negating a predicate),"compounded with adjectives, nouns, abstracts, and adverbs  ='un-', 'non', 'in-'",,,adv.,"no, not | no! (as interj.) | not (preceding and negating a predicate) | compounded with adjectives, nouns, abstracts, and adverbs  ='un-', 'non', 'in-'"
xrgty,getlex.php?coord=4400122013307&word=1,n.f.,,,,,anxiety,"anxiety, fear",friction,"fig.: wrongness, perversity",,,n.f.,"anxiety | anxiety, fear | friction | fig.: wrongness, perversity"
",,,,",getlex.php?coord=4400122013307&word=4,,,,,,,,,,,,,
(?[l,getlex.php?coord=4400120083203&word=1,prep.,,,,,upon; against; to,"upon, over, on to","against, over against","toward, to",,,prep.,"upon; against; to | upon, over, on to | against, over against | toward, to"
"[,,,",getlex.php?coord=4400122013306&word=0,,,,,,,,,,,,,
mly[N,getlex.php?coord=4400120093209&word=0,n.f.,,,,,"word, speech; thing",word,thing [=Heb. דָּבָר],=Greek,,,n.f.,"word, speech; thing | word | thing [=Heb. דָּבָר] | =Greek"
",,,",getlex.php?coord=4400120083203&word=2,,,,,,,,,,,,,
hN,getlex.php?coord=4400122013307&word=0,conj.,,,,,if,if,"either...or, whether ... whether",w. ܕܝܢ :,,,conj.,"if | if | either...or, whether ... whether | w. ܕܝܢ :"
",,,",getlex.php?coord=4400120093209&word=1,,,,,,,,,,,,,
",,,",getlex.php?coord=4400120063202&word=2,,,,,,,,,,,,,
rwm)?[,getlex.php?coord=4400120073202&word=1,,,,,,,,,,,,,
rgz[,getlex.php?coord=4400120063202&word=1,n.m.,,,,,wrath,wrath,quaking,,,,n.m.,wrath | wrath | quaking
"[,,,",getlex.php?coord=4400120043201&word=2,,,,,,,,,,,,,
)ywb,getlex.php?coord=4400120043201&word=1,,,,,,,,,,,,,
)dyN,getlex.php?coord=4400120063202&word=0,conj./adv.,,,,,"then, at that time","then, at that time",,,,,conj./adv.,"then, at that time | then, at that time"
zr(,getlex.php?coord=4400120073202&word=0,n.m.,,,,,seed,seed,sowing,"offspring, family",,,n.m.,"seed | seed | sowing | offspring, family"
",,,",getlex.php?coord=4400120073202&word=2,,,,,,,,,,,,,
",,,",getlex.php?coord=4400120033201&word=2,,,,,,,,,,,,,
)lyN,getlex.php?coord=4400120033201&word=0,pron.,,,,,these (m. and f.),these,,,,,pron.,these (m. and f.) | these
sp?[w,getlex.php?coord=4400120023140&word=1,vb. a/u G D C Dt Ct,,,,,to come to an end,to be fulfilled,to disappear,to define,,,vb. a/u G D C Dt Ct,to come to an end | to be fulfilled | to disappear | to define
hw),getlex.php?coord=4400120043201&word=0,vb. G C Gt Ct,,,,,"to be, to become",to be,"to endure, to exist","to come to pass, to happen",,,vb. G C Gt Ct,"to be, to become | to be | to endure, to exist | to come to pass, to happen"
b)$w$h,getlex.php?coord=4400120023140&word=0,n.m.,,,,,a type of rue,(bot.) a type of rue,"a type of food seasoning, presumably prepared from rue",,,,n.m.,"a type of rue | (bot.) a type of rue | a type of food seasoning, presumably prepared from rue"
",,,",getlex.php?coord=4400120023140&word=2,,,,,,,,,,,,,
(wlyN,getlex.php?coord=4400122043310&word=2,n.m./f.,,,,,"crime, injustice","crime, injustice",,,,,n.m./f.,"crime, injustice | crime, injustice"
mlht[bh,getlex.php?coord=4400120033201&word=1,prep. vb. a/u G C Ct palpel ethpalpal,,,,,from,from,partitive,indicating the agent of a passive,,twb,prep. vb. a/u G C Ct palpel ethpalpal,from | from | partitive | indicating the agent of a passive
txwt,getlex.php?coord=4400120013140&word=0,prep.,,,,,under; instead of,under,instead of,fig. : subject to,,,prep.,under; instead of | under | instead of | fig. : subject to
"[,,,",getlex.php?coord=4400119093132&word=1,,,,,,,,,,,,,
xT)[,getlex.php?coord=4400120013140&word=1,n.f.,,,,,wheat,wheat,ܚ̈ܛܐ ܕܒܪ̈ܝܬܐ : (bot.) pilewort,,,,n.f.,wheat | wheat | ܚ̈ܛܐ ܕܒܪ̈ܝܬܐ : (bot.) pilewort
",,,",getlex.php?coord=4400120013140&word=2,,,,,,,,,,,,,
l),getlex.php?coord=4400119093132&word=0,adv.,,,,,"no, not",no! (as interj.),not (preceding and negating a predicate),"compounded with adjectives, nouns, abstracts, and adverbs  ='un-', 'non', 'in-'",,,adv.,"no, not | no! (as interj.) | not (preceding and negating a predicate) | compounded with adjectives, nouns, abstracts, and adverbs  ='un-', 'non', 'in-'"
lm$?[)l,getlex.php?coord=4400119073130&word=1,vb. i/a G D C Gt Dt,,,,,to ask,to ask,to ask for something,+,,,vb. i/a G D C Gt Dt,to ask | to ask | to ask for something | +
)]n$,getlex.php?coord=4400119073131&word=1,n.m.,,,,,"person, someone","person, someone","Man, humanity (usually in the emphatic)","often in the absolute state (i.e., as a pronoun, even in Eastern Aramaic):",,,n.m.,"person, someone | person, someone | Man, humanity (usually in the emphatic) | often in the absolute state (i.e., as a pronoun, even in Eastern Aramaic):"
xky,getlex.php?coord=4400119073130&word=0,n.m./f.,,,,,palate,palate,"larynx, throat",mouth,,,n.m./f.,"palate | palate | larynx, throat | mouth"
lmxT]),getlex.php?coord=4400119063130&word=1,vb. G D C Gt Dt,,,,,to sin,to sin,w.,b_,,,vb. G D C Gt Dt,to sin | to sin | w. | b_
"[,,,",getlex.php?coord=4400119073131&word=0,,,,,,,,,,,,,
",,,",getlex.php?coord=4400119073130&word=2,,,,,,,,,,,,,
"[,,,",getlex.php?coord=4400119063130&word=0,,,,,,,,,,,,,
byty,getlex.php?coord=4400119083131&word=0,n.m./f.,,,,,house; structure; place,house: a building for dwelling,a structure,"place, area, home",,,n.m./f.,"house; structure; place | house: a building for dwelling | a structure | place, area, home"
m?]N,getlex.php?coord=4400119083131&word=1,pron.,,,,,who?,"who, whom?","one who, one whom","introducing hypothetical exclamations, commonly with ""to give""",,,pron.,"who? | who, whom? | one who, one whom | introducing hypothetical exclamations, commonly with ""to give"""
",,,",getlex.php?coord=4400119083131&word=2,,,,,,,,,,,,,
w)xdt,getlex.php?coord=4400119063129&word=0,conj. vb. a/u G D C Gt Dt,,,,,"and, also","to hold, take, to catch, to seize","to hold, take, to catch, to seize","to shut, close (door, gate, book, mouth)",,ˀḥd,conj. vb. a/u G D C Gt Dt,"and, also | to hold, take, to catch, to seize | to hold, take, to catch, to seize | to shut, close (door, gate, book, mouth)"
wy$m(?[,getlex.php?coord=4400119053129&word=1,conj. vb. a/a(u) G D C Gt,,,,,"and, also",to hear,to hear (w. d.o. or,b_,,šmˁ,conj. vb. a/a(u) G D C Gt,"and, also | to hear | to hear (w. d.o. or | b_"
",,,",getlex.php?coord=4400119053129&word=2,,,,,,,,,,,,,
")?[,,,,",getlex.php?coord=4400119063129&word=1,,,,,,,,,,,,,
]brgzy,getlex.php?coord=4400119053129&word=3,prep. n.m.,,,,,"in, with",in,with (instrumental),among,,"rgwz, rwgzˀ",prep. n.m.,"in, with | in | with (instrumental) | among"
lwTy,getlex.php?coord=4400119053129&word=0,n.m.,,,,,curse,curse,oath (?),,,,n.m.,curse | curse | oath (?)
",,,])",getlex.php?coord=4400119043129&word=2,,,,,,,,,,,,,
wh]llt,getlex.php?coord=4400119033129&word=1,conj. vb. D C Dt Ct,,,,,"and, also",D to praise; C to deride,to praise,"to laugh at ܒ, deride, speak derisively of",,hll,conj. vb. D C Dt Ct,"and, also | D to praise; C to deride | to praise | to laugh at ܒ, deride, speak derisively of"
"[,,,",getlex.php?coord=4400119033129&word=0,,,,,,,,,,,,,
w)P,getlex.php?coord=4400120083203&word=0,conj. conj.,,,,,"and, also","also, even","also, even",in expressions,,"ˀp, ˀwp",conj. conj.,"and, also | also, even | also, even | in expressions"
b)y$th?[,getlex.php?coord=4400119043129&word=1,n.f.,,,,,evil,"evil, bad thing","לבישׁא : for ill, in a negative way (=MT לרעה)",in construct with following noun: equivalent to Greek privative,,,n.f.,"evil | evil, bad thing | לבישׁא : for ill, in a negative way (=MT לרעה) | in construct with following noun: equivalent to Greek privative"
(l,getlex.php?coord=4400119043129&word=0,prep.,,,,,upon; against; to,"upon, over, on to","against, over against","toward, to",,,prep.,"upon; against; to | upon, over, on to | against, over against | toward, to"
m(l?[),getlex.php?coord=4400119033128&word=1,adj.,,,,,excellent,"excellent, eminent, exceptional",lofty,,,,adj.,"excellent | excellent, eminent, exceptional | lofty"
kd]b?t,getlex.php?coord=4400119023128&word=1,vb. D Dt,,,,,D to lie,to lie,to declare to be a lie,"ܒ : to desert, deny divinity",,,vb. D Dt,"D to lie | to lie | to declare to be a lie | ܒ : to desert, deny divinity"
l)lh),getlex.php?coord=4400119033128&word=0,n.m.,,,,,god,"god, God",,,,,n.m.,"god | god, God"
ydy,getlex.php?coord=4400119023127&word=1,n.f.,,,,,"hand, arm; side; power",(anat.) hand,arm,"power, control",,,n.f.,"hand, arm; side; power | (anat.) hand | arm | power, control"
wls?[hr,getlex.php?coord=4400119013126&word=1,conj. n.m./f.,,,,,"and, also",the Moon,Sehr (the moon god),the Moon,,"shr, shrˀ",conj. n.m./f.,"and, also | the Moon | Sehr (the moon god) | the Moon"
wn$qt,getlex.php?coord=4400119023127&word=0,conj. vb. a/a(u) G D Gt,,,,,"and, also",to kiss,to kiss,metaph. (of topographic/physical features),,nšq,conj. vb. a/a(u) G D Gt,"and, also | to kiss | to kiss | metaph. (of topographic/physical features)"
",,,",getlex.php?coord=4400119013126&word=2,,,,,,,,,,,,,
"[,,,",getlex.php?coord=4400119023128&word=0,,,,,,,,,,,,,
",,,",getlex.php?coord=4400121093217&word=4,,,,,,,,,,,,,
"[,,,",getlex.php?coord=4400119023127&word=2,,,,,,,,,,,,,
dnx,getlex.php?coord=4400119013126&word=0,vb. a/a(u) G C Dt,,,,,to shine,to shine,"to rise (sun, moon, star)","metaph.: to appear, to be born",,,vb. a/a(u) G C Dt,"to shine | to shine | to rise (sun, moon, star) | metaph.: to appear, to be born"
",,,",getlex.php?coord=4400119033128&word=2,,,,,,,,,,,,,
[w)]x?wh,getlex.php?coord=4400121093217&word=0,conj. vb. G D C Dt,,,,,"and, also",to see (??); D to show,to see (?),p.p. : proper (calque on MH רָאוּי  ),,ḥwy,conj. vb. G D C Dt,"and, also | to see (??); D to show | to see (?) | p.p. : proper (calque on MH רָאוּי  )"
)P,getlex.php?coord=4400121093217&word=2,conj.,,,,,"also, even","also, even",in expressions,,,,conj.,"also, even | also, even | in expressions"
",,,",getlex.php?coord=4400121083216&word=4,,,,,,,,,,,,,
ymllwN,getlex.php?coord=4400121083216&word=2,vb. D C Dt,,,,,D to speak,to speak,to sound,to enable someone to speak,,,vb. D C Dt,D to speak | to speak | to sound | to enable someone to speak
(w[d,getlex.php?coord=4400121083216&word=3,adv.,,,,,still; again,"still, while","additionally, more","enclitic : so, now, therefore",,,adv.,"still; again | still, while | additionally, more | enclitic : so, now, therefore"
mly,getlex.php?coord=4400121093217&word=1,n.f.,,,,,"word, speech; thing",word,thing [=Heb. דָּבָר],=Greek,,,n.f.,"word, speech; thing | word | thing [=Heb. דָּבָר] | =Greek"
)?[nh,getlex.php?coord=4400121093217&word=3,pron.,,,,,I,I,as enclitic subject marker with participles/adjectives,(philos.) Ego,,,pron.,I | I | as enclitic subject marker with participles/adjectives | (philos.) Ego
wl),getlex.php?coord=4400121083216&word=1,conj. adv.,,,,,"and, also","no, not",no! (as interj.),not (preceding and negating a predicate),,lˀ,conj. adv.,"and, also | no, not | no! (as interj.) | not (preceding and negating a predicate)"
q?mw,getlex.php?coord=4400121083216&word=0,"vb. a/u G D C Dt Ct polel, pay/w c el ethpolal, ethpay/w c el",,,,,to rise; to stand; to last,to rise,"to stand, to be raised up","to stand still, to stop",,,"vb. a/u G D C Dt Ct polel, pay/w c el ethpolal, ethpay/w c el","to rise; to stand; to last | to rise | to stand, to be raised up | to stand still, to stop"
",,,",getlex.php?coord=4400121063214&word=4,,,,,,,,,,,,,
whx$yw,getlex.php?coord=4400121073215&word=0,conj. vb. G D C,,,,,"and, also",to be silent,to be silent,to silence (?),,ḥšy,conj. vb. G D C,"and, also | to be silent | to be silent | to silence (?)"
ytybnh?[,getlex.php?coord=4400121063214&word=3,vb. a/u G C Ct palpel ethpalpal,,,,,to return,to return (intransitive),"to change direction, turn away",as co-verb : to do again,,,vb. a/u G C Ct palpel ethpalpal,"to return | to return (intransitive) | to change direction, turn away | as co-verb : to do again"
wkm),getlex.php?coord=4400121063214&word=1,conj. adv.,,,,,"and, also",how much,"how much, how many (interrog)","rhetorical: with an adj. , adv. or verb : how much x ? = so much!",,kmh,conj. adv.,"and, also | how much | how much, how many (interrog) | rhetorical: with an adj. , adv. or verb : how much x ? = so much!"
l),getlex.php?coord=4400121063214&word=2,adv.,,,,,"no, not",no! (as interj.),not (preceding and negating a predicate),"compounded with adjectives, nouns, abstracts, and adverbs  ='un-', 'non', 'in-'",,,adv.,"no, not | no! (as interj.) | not (preceding and negating a predicate) | compounded with adjectives, nouns, abstracts, and adverbs  ='un-', 'non', 'in-'"
wnTrt,getlex.php?coord=4400121073215&word=1,conj. vb. a/a(u) G D C Gt Dt,,,,,"and, also","to watch, guard","to watch over, guard","to observe, to keep",,nṭr,conj. vb. a/a(u) G D C Gt Dt,"and, also | to watch, guard | to watch over, guard | to observe, to keep"
)lh),getlex.php?coord=4400121053213&word=1,n.m.,,,,,god,"god, God",,,,,n.m.,"god | god, God"
mlyN,getlex.php?coord=4400121063214&word=0,n.f.,,,,,"word, speech; thing",word,thing [=Heb. דָּבָר],=Greek,,,n.f.,"word, speech; thing | word | thing [=Heb. דָּבָר] | =Greek"
"[,,,",getlex.php?coord=4400121073215&word=3,,,,,,,,,,,,,
lhN,getlex.php?coord=4400121053213&word=0,conj.,,,,,"but, except that",but,,,,,conj.,"but, except that | but"
",,,",getlex.php?coord=4400121043213&word=2,,,,,,,,,,,,,
xybn),getlex.php?coord=4400121053213&word=2,vb. a/u G D Gt Dt,,,,,"to incur a debt, be guilty",to incur a debt,"to be guilty of, commit a crime, sin","to be lacking, missing",,,vb. a/u G D Gt Dt,"to incur a debt, be guilty | to incur a debt | to be guilty of, commit a crime, sin | to be lacking, missing"
"[,,,,",getlex.php?coord=4400121053213&word=4,,,,,,,,,,,,,
wl),getlex.php?coord=4400121053213&word=3,conj. adv.,,,,,"and, also","no, not",no! (as interj.),not (preceding and negating a predicate),,lˀ,conj. adv.,"and, also | no, not | no! (as interj.) | not (preceding and negating a predicate)"
",,,",getlex.php?coord=4400121033212&word=5,,,,,,,,,,,,,
l)?[ywb,getlex.php?coord=4400121033212&word=4,,,,,,,,,,,,,
lmlwhy,getlex.php?coord=4400121043212&word=0,n.f.,,,,,"word, speech; thing",word,thing [=Heb. דָּבָר],=Greek,,,n.f.,"word, speech; thing | word | thing [=Heb. דָּבָר] | =Greek"
)yty,getlex.php?coord=4400121033212&word=2,vb./adv.,,,,,"there is, exists",there exists,with various prepositions,+ pron. suff. with nominal/adjectival predicates : as copula,,,vb./adv.,"there is, exists | there exists | with various prepositions | + pron. suff. with nominal/adjectival predicates : as copula"
dy lmh,getlex.php?coord=4400121043213&word=0,adv./conj.,,,,,"lest, perhaps","lest, perhaps",rhetorical interrogative,,,,adv./conj.,"lest, perhaps | lest, perhaps | rhetorical interrogative"
mnkwN,getlex.php?coord=4400121033212&word=3,prep.,,,,,from,from,partitive,indicating the agent of a passive,,,prep.,from | from | partitive | indicating the agent of a passive
t)mrw[N,getlex.php?coord=4400121043213&word=1,vb. a/a G Gt,,,,,to say,to say,to command,"to say to oneself, to have a thought",,,vb. a/a G Gt,"to say | to say | to command | to say to oneself, to have a thought"
",,,",getlex.php?coord=4400121013211&word=2,,,,,,,,,,,,,
l),getlex.php?coord=4400121033212&word=1,adv.,,,,,"no, not",no! (as interj.),not (preceding and negating a predicate),"compounded with adjectives, nouns, abstracts, and adverbs  ='un-', 'non', 'in-'",,,adv.,"no, not | no! (as interj.) | not (preceding and negating a predicate) | compounded with adjectives, nouns, abstracts, and adverbs  ='un-', 'non', 'in-'"
",,,",getlex.php?coord=4400121023211&word=4,,,,,,,,,,,,,
swP[,getlex.php?coord=4400121023211&word=3,n.m.,,,,,end,end,chronological,end,,,n.m.,end | end | chronological | end
txqrwN,getlex.php?coord=4400121023211&word=2,vb. a/a G D,,,,,to investigate,to investigate,to investigate,,,,vb. a/a G D,to investigate | to investigate | to investigate
tsypwN,getlex.php?coord=4400121023211&word=0,vb. a/u G D C Dt Ct,,,,,to come to an end,to be fulfilled,to disappear,to define,,,vb. a/u G D C Dt Ct,to come to an end | to be fulfilled | to disappear | to define
(d,getlex.php?coord=4400121023211&word=1,conj.,,,,,until,until,"while, while still",before,,,conj.,"until | until | while, while still | before"
w)rw,getlex.php?coord=4400121033212&word=0,conj. conj./inte,,,,,"and, also",behold,presentative particle,"because, since",,ˀrw,conj. conj./inte,"and, also | behold | presentative particle | because, since"
)rw,getlex.php?coord=4400121013211&word=0,conj./inte,,,,,behold,presentative particle,"because, since",,,,conj./inte,"behold | presentative particle | because, since"
sbrt[,getlex.php?coord=4400121013211&word=1,vb. a/a(u) G D C Gt,,,,,to expect; to reason,to have thoughts,idioms:,to hope,,,vb. a/a(u) G D C Gt,to expect; to reason | to have thoughts | idioms: | to hope
)nh,getlex.php?coord=4400121013210&word=2,pron.,,,,,I,I,as enclitic subject marker with participles/adjectives,(philos.) Ego,,,pron.,I | I | as enclitic subject marker with participles/adjectives | (philos.) Ego
(]b?dy,getlex.php?coord=4400117023026&word=1,v.n.,,,,,labor,"labor, work (v.n.)",result of work,,,,v.n.,"labor | labor, work (v.n.) | result of work"
]z(qt,getlex.php?coord=4400117053028&word=1,"vb. e/a, a/u G C Gt Ct",,,,,"to cry out, to shout","to cry out, to shout",(of a horn) to sound out,to summon (by calling out),,,"vb. e/a, a/u G C Gt Ct","to cry out, to shout | to cry out, to shout | (of a horn) to sound out | to summon (by calling out)"
"[,,,,]w",getlex.php?coord=4400117033027&word=0,,,,,,,,,,,,,
mnhwN,getlex.php?coord=4400121073215&word=2,prep.,,,,,from,from,partitive,indicating the agent of a passive,,,prep.,from | from | partitive | indicating the agent of a passive
]h?lkt,getlex.php?coord=4400117043028&word=1,vb. a/(a) G D C Gt Dt quad quad T,,,,,to go; D to walk,"to go, to proceed","to behave, act","to go, walk",,,vb. a/(a) G D C Gt Dt quad quad T,"to go; D to walk | to go, to proceed | to behave, act | to go, walk"
"[,,,",getlex.php?coord=4400117053028&word=0,,,,,,,,,,,,,
"[,,,",getlex.php?coord=4400117043028&word=0,,,,,,,,,,,,,
wl),getlex.php?coord=4400117033027&word=1,conj. adv.,,,,,"and, also","no, not",no! (as interj.),not (preceding and negating a predicate),,lˀ,conj. adv.,"and, also | no, not | no! (as interj.) | not (preceding and negating a predicate)"
"[,,,,]",getlex.php?coord=4400117063029&word=0,,,,,,,,,,,,,
mly,getlex.php?coord=4400121013210&word=0,n.f.,,,,,"word, speech; thing",word,thing [=Heb. דָּבָר],=Greek,,,n.f.,"word, speech; thing | word | thing [=Heb. דָּבָר] | =Greek"
y(nh,getlex.php?coord=4400117063029&word=1,n.f.,,,,,ostrich,ostrich,,,,,n.f.,ostrich | ostrich
])?th,getlex.php?coord=4400117013026&word=1,vb. G D C Ct,,,,,"to come, arrive",to come,to occur; w.,ˁl,,,vb. G D C Ct,"to come, arrive | to come | to occur; w. | ˁl"
"[,,,",getlex.php?coord=4400117013026&word=0,,,,,,,,,,,,,
"[,,,",getlex.php?coord=4400116103020&word=2,,,,,,,,,,,,,
"[,,,",getlex.php?coord=4400117023026&word=0,,,,,,,,,,,,,
",,,",getlex.php?coord=4400116083018&word=4,,,,,,,,,,,,,
"[,,,",getlex.php?coord=4400116103020&word=0,,,,,,,,,,,,,
lb?w?[$y,getlex.php?coord=4400116083018&word=3,n.m.,,,,,clothing,clothing (pl. for multiple items),,,,,n.m.,clothing | clothing (pl. for multiple items)
"[,,,",getlex.php?coord=4400116093019&word=1,,,,,,,,,,,,,
"[,,,,]wnny",getlex.php?coord=4400116093018&word=0,,,,,,,,,,,,,
(]l?yK?,getlex.php?coord=4400116103020&word=1,prep.,,,,,upon; against; to,"upon, over, on to","against, over against","toward, to",,,prep.,"upon; against; to | upon, over, on to | against, over against | toward, to"
)xtwny,getlex.php?coord=4400116093019&word=0,vb. e(a)/u G D C Gt Dt Ct,,,,,to descend,"to descend, go down physically",fig.,to go inward,,,vb. e(a)/u G D C Gt Dt Ct,"to descend | to descend, go down physically | fig. | to go inward"
",,,",getlex.php?coord=4400116073017&word=4,,,,,,,,,,,,,
]xyl,getlex.php?coord=4400116083018&word=1,n.m.(f.),,,,,army; force,army,coll.: military unit/garrison and its members,"power, strength providing ability",,,n.m.(f.),"army; force | army | coll.: military unit/garrison and its members | power, strength providing ability"
"[,,,",getlex.php?coord=4400116083018&word=0,,,,,,,,,,,,,
yqdwN,getlex.php?coord=4400116073017&word=2,vb. e/a G C Gt Ct,,,,,to burn,(of fire) to burn,(of flammable objects),fig. : to be ardent,,,vb. e/a G C Gt Ct,to burn | (of fire) to burn | (of flammable objects) | fig. : to be ardent
w({d}<r>q?[y,getlex.php?coord=4400116073017&word=3,conj. n.m.,,,,,"and, also","fastener, holder","rudder, reins",sinew (?),,"ˁrq, ˁrqˀ",conj. n.m.,"and, also | fastener, holder | rudder, reins | sinew (?)"
grmy,getlex.php?coord=4400116073017&word=1,n.m.,,,,,bone; self,bone,self,close relative [=Heb.!],,,n.m.,bone; self | bone | self | close relative [=Heb.!]
"[,,,",getlex.php?coord=4400116063016&word=0,,,,,,,,,,,,,
t$b^r^),getlex.php?coord=4400116063016&word=2,n.m.,,,,,suffering,suffering,,,,,n.m.,suffering | suffering
y]w?my,getlex.php?coord=4400116063016&word=1,n.m.,,,,,day,day,pl.: time period,"daytime, sun light (",,,n.m.,"day | day | pl.: time period | daytime, sun light ("
"[,,,]",getlex.php?coord=4400116073017&word=0,,,,,,,,,,,,,
tt)$d,getlex.php?coord=4400116053016&word=2,vb. a/u G D C Gt Dt,,,,,to pour,to pour,metaph.,metaph. : to harass,,,vb. a/u G D C Gt Dt,to pour | to pour | metaph. | metaph. : to harass
y)qpwny,getlex.php?coord=4400116063016&word=3,vb. e/a (a/u) G D C Gt Dt,,,,,to adhere to; to knock together,"to adhere to, connect with, stay with","to strike, pound","to stub, knock a limb into something",,,vb. e/a (a/u) G D C Gt Dt,"to adhere to; to knock together | to adhere to, connect with, stay with | to strike, pound | to stub, knock a limb into something"
y)xdwN,getlex.php?coord=4400116083018&word=2,vb. a/u G D C Gt Dt,,,,,"to hold, take, to catch, to seize","to hold, take, to catch, to seize","to shut, close (door, gate, book, mouth)","to start out, undertake something",,,vb. a/u G D C Gt Dt,"to hold, take, to catch, to seize | to hold, take, to catch, to seize | to shut, close (door, gate, book, mouth) | to start out, undertake something"
"[,,,,]w?",getlex.php?coord=4400117073030&word=0,,,,,,,,,,,,,
)P,getlex.php?coord=4400121013210&word=1,conj.,,,,,"also, even","also, even",in expressions,,,,conj.,"also, even | also, even | in expressions"
prq]ny,getlex.php?coord=4400116053015&word=1,n.m.,,,,,redemption,redemption,"salvation, deliverance","difference in grouping, division",,,n.m.,"redemption | redemption | salvation, deliverance | difference in grouping, division"
"[,,,",getlex.php?coord=4400116053015&word=0,,,,,,,,,,,,,
wk(nN,getlex.php?coord=4400116043015&word=4,conj. n.m./.f.,,,,,"and, also",cloud,cloud,(chem.) a name for mercury,,"ˁnn, ˁnnˀ",conj. n.m./.f.,"and, also | cloud | cloud | (chem.) a name for mercury"
(ly,getlex.php?coord=4400116053016&word=1,prep.,,,,,upon; against; to,"upon, over, on to","against, over against","toward, to",,,prep.,"upon; against; to | upon, over, on to | against, over against | toward, to"
wk(N,getlex.php?coord=4400116053016&word=0,conj. adv.,,,,,"and, also",now,now,(w./w.o.,,kˁn,conj. adv.,"and, also | now | now | (w./w.o."
w^r^b^w^t?y,getlex.php?coord=4400116043015&word=3,conj. n.f.,,,,,"and, also",greatness,greatness,metaph. and transf. mngs.,,"rbw, rbwtˀ",conj. n.f.,"and, also | greatness | greatness | metaph. and transf. mngs."
Tbty,getlex.php?coord=4400116043015&word=2,n.f.,,,,,"goodness, good thing","goodness, the Good",plural tant. :,"לְטָבָא  : for good, positively (=MT לְטֹבָה)",,,n.f.,"goodness, good thing | goodness, the Good | plural tant. : | לְטָבָא  : for good, positively (=MT לְטֹבָה)"
k]r?wx,getlex.php?coord=4400116043015&word=1,prep. n.f./m.,,,,,like,"like, according to",about (with numeral),conj.,,"rwḥ, rwḥˀ",prep. n.f./m.,"like | like, according to | about (with numeral) | conj."
]b?)y$h,getlex.php?coord=4400116033014&word=1,adj.,,,,,bad,"bad, evil ( i.e., harmful, debilitating)","bad (i.e., the antithesis of good), not functioning properly",,,,adj.,"bad | bad, evil ( i.e., harmful, debilitating) | bad (i.e., the antithesis of good), not functioning properly"
)tkppt,getlex.php?coord=4400116033014&word=2,vb. a/u G D C Gt Dt,,,,,to bend,"to bend, invert (tran.)",to incline (intransitive),"to compel, force, subdue",,,vb. a/u G D C Gt Dt,"to bend | to bend, invert (tran.) | to incline (intransitive) | to compel, force, subdue"
"[,,,",getlex.php?coord=4400116043015&word=0,,,,,,,,,,,,,
htkppt,getlex.php?coord=4400116033015&word=0,vb. a/u G D C Gt Dt,,,,,to bend,"to bend, invert (tran.)",to incline (intransitive),"to compel, force, subdue",,,vb. a/u G D C Gt Dt,"to bend | to bend, invert (tran.) | to incline (intransitive) | to compel, force, subdue"
ytwN,getlex.php?coord=4400116013013&word=1,vb. G D C Ct,,,,,"to come, arrive",to come,to occur; w.,ˁl,,,vb. G D C Ct,"to come, arrive | to come | to occur; w. | ˁl"
"[,,,]ry",getlex.php?coord=4400116013013&word=0,,,,,,,,,,,,,
"[,,,",getlex.php?coord=4400116023013&word=0,,,,,,,,,,,,,
l),getlex.php?coord=4400116013013&word=3,adv.,,,,,"no, not",no! (as interj.),not (preceding and negating a predicate),"compounded with adjectives, nouns, abstracts, and adverbs  ='un-', 'non', 'in-'",,,adv.,"no, not | no! (as interj.) | not (preceding and negating a predicate) | compounded with adjectives, nouns, abstracts, and adverbs  ='un-', 'non', 'in-'"
lhw]N,getlex.php?coord=4400116023013&word=1,,,,,,,,,,,,,
wpc),getlex.php?coord=4400116013013&word=2,conj. vb. G D C Dt,,,,,"and, also",to save,w.,"mwm, ˁlh",,pṣy,conj. vb. G D C Dt,"and, also | to save | w. | mwm, ˁlh"
btqP,getlex.php?coord=4400116023014&word=0,prep. n.m.,,,,,"in, with",in,with (instrumental),among,,"tqwp, twqpˀ",prep. n.m.,"in, with | in | with (instrumental) | among"
$xny,getlex.php?coord=4400116023014&word=1,n.m.,,,,,heat; boil,heat,"(med) boil, sore",,,,n.m.,"heat; boil | heat | (med) boil, sore"
"[,,,",getlex.php?coord=4400116033014&word=0,,,,,,,,,,,,,
ytwN,getlex.php?coord=4400116023014&word=2,vb. G D C Ct,,,,,"to come, arrive",to come,to occur; w.,ˁl,,,vb. G D C Ct,"to come, arrive | to come | to occur; w. | ˁl"
",,,",getlex.php?coord=4400131083831&word=5,,,,,,,,,,,,,
",,,",getlex.php?coord=4400131093832&word=4,,,,,,,,,,,,,
bnyh,getlex.php?coord=4400131093832&word=2,n.m.,,,,,son,"son, child",member of the same cohort (,see also 'compounds' 3.2),,,n.m.,"son | son, child | member of the same cohort ( | see also 'compounds' 3.2)"
(l,getlex.php?coord=4400131093832&word=1,prep.,,,,,upon; against; to,"upon, over, on to","against, over against","toward, to",,,prep.,"upon; against; to | upon, over, on to | against, over against | toward, to"
"[,,,])",getlex.php?coord=4400131093832&word=0,,,,,,,,,,,,,
ty)$?[,getlex.php?coord=4400131093832&word=3,vb. D C Dt,,,,,Dt to abandon hope,to remove desperate thoughts,p.p. : disappointed,to abandon hope of finding something/someone and asserting claim of ownership,,,vb. D C Dt,Dt to abandon hope | to remove desperate thoughts | p.p. : disappointed | to abandon hope of finding something/someone and asserting claim of ownership
s?gy),getlex.php?coord=4400132103910&word=5,adj./adv.,,,,,"many, much","many, much","enough, too much",(gram.) pl.:,,,adj./adv.,"many, much | many, much | enough, too much | (gram.) pl.:"
",,,]",getlex.php?coord=4400132103910&word=4,,,,,,,,,,,,,
b[h,getlex.php?coord=4400132103910&word=3,prep.,,,,,"in, with",in,with (instrumental),among,,,prep.,"in, with | in | with (instrumental) | among"
h]t?trxC,getlex.php?coord=4400132103910&word=2,interj. vb. e/a G C Gt,,,,,interrogative particle,interrogative particle,"to trust, to rely","p.p. : to trust, to rely",,rḥṣ,interj. vb. e/a G C Gt,"interrogative particle | interrogative particle | to trust, to rely | p.p. : to trust, to rely"
"[,,,,,",getlex.php?coord=4400132103910&word=1,,,,,,,,,,,,,
)?x?r?yK,getlex.php?coord=4400132103910&word=0,prep.,,,,,"after, behind",after (temporal),behind (spatial),with respect to (?),,,prep.,"after, behind | after (temporal) | behind (spatial) | with respect to (?)"
b?bq(h,getlex.php?coord=4400132093910&word=4,prep. n.f.,,,,,"in, with",in,with (instrumental),among,,"bqˁh, bqˁtˀ",prep. n.f.,"in, with | in | with (instrumental) | among"
wyl?g?[N],getlex.php?coord=4400132093910&word=3,conj. vb. D,,,,,"and, also",to plow (?),to plow (?),,,lgn,conj. vb. D,"and, also | to plow (?) | to plow (?)"
"[,,,,,]",getlex.php?coord=4400134104014&word=0,,,,,,,,,,,,,
[h]m?wN,getlex.php?coord=4400134094013&word=0,pron.,,,,,them,them,as a copula,,,,pron.,them | them | as a copula
tksh,getlex.php?coord=4400134094013&word=5,vb. G D Gt Dt,,,,,to conceal,to conceal,p.p. :,see s.v.,,,vb. G D Gt Dt,to conceal | to conceal | p.p. : | see s.v.
)yty,getlex.php?coord=4400134104014&word=1,vb./adv.,,,,,"there is, exists",there exists,with various prepositions,+ pron. suff. with nominal/adjectival predicates : as copula,,,vb./adv.,"there is, exists | there exists | with various prepositions | + pron. suff. with nominal/adjectival predicates : as copula"
bq]TM?,getlex.php?coord=4400134094013&word=4,prep. n.m.,,,,,"in, with",in,with (instrumental),among,,"qṭm, qṭmˀ",prep. n.m.,"in, with | in | with (instrumental) | among"
kx?[dh,getlex.php?coord=4400134094013&word=2,adv.,,,,,together,"together, as one",ܡܢ ܟܚܕܐ : from now on (?) :,see s.v.,,,adv.,"together | together, as one | ܡܢ ܟܚܕܐ : from now on (?) : | see s.v."
",,,",getlex.php?coord=4400134094013&word=3,,,,,,,,,,,,,
b(pr,getlex.php?coord=4400134094013&word=1,prep. n.m.,,,,,"in, with",in,with (instrumental),among,,"ˁpr, ˁprˀ",prep. n.m.,"in, with | in | with (instrumental) | among"
wqTM,getlex.php?coord=4400137094206&word=0,conj. n.m.,,,,,"and, also",ash,"ash, ashes",,,"qṭm, qṭmˀ",conj. n.m.,"and, also | ash | ash, ashes"
l(?p?r?,getlex.php?coord=4400137084206&word=5,n.m.,,,,,dust,dust,"dirt, earth",,,,n.m.,"dust | dust | dirt, earth"
wk(N,getlex.php?coord=4400137074205&word=3,conj. adv.,,,,,"and, also",now,now,(w./w.o.,,kˁn,conj. adv.,"and, also | now | now | (w./w.o."
$m(tK,getlex.php?coord=4400137074205&word=2,vb. a/a(u) G D C Gt,,,,,to hear,to hear (w. d.o. or,b_,) something,,,vb. a/a(u) G D C Gt,to hear | to hear (w. d.o. or | b_ | ) something
)mll,getlex.php?coord=4400137064204&word=3,vb. D C Dt,,,,,D to speak,to speak,to sound,to enable someone to speak,,,vb. D C Dt,D to speak | to speak | to sound | to enable someone to speak
)dN,getlex.php?coord=4400137074205&word=1,n.f.,,,,,ear,(anat.) ear,fish's gill,fig. : ear shaped object,,,n.f.,ear | (anat.) ear | fish's gill | fig. : ear shaped object
lm$m(,getlex.php?coord=4400137074205&word=0,n.m.,,,,,hearing,hearing,fame,(logic) logical meaning,,,n.m.,hearing | hearing | fame | (logic) logical meaning
(yny,getlex.php?coord=4400137074205&word=4,n.f.,,,,,eye; spring,(anat.) eye,"spring, fountain","that which is seen, appearance, aspect",,,n.f.,"eye; spring | (anat.) eye | spring, fountain | that which is seen, appearance, aspect"
)$)lnK,getlex.php?coord=4400137064204&word=4,vb. i/a G D C Gt Dt,,,,,to ask,to ask,to ask for something,+,,,vb. i/a G D C Gt Dt,to ask | to ask | to ask for something | +
whtybny,getlex.php?coord=4400137074204&word=0,conj. vb. a/u G C Ct palpel ethpalpal,,,,,"and, also",to return,to return (intransitive),"to change direction, turn away",,twb,conj. vb. a/u G C Ct palpel ethpalpal,"and, also | to return | to return (intransitive) | to change direction, turn away"
kN,getlex.php?coord=4400137084206&word=1,adv.,,,,,"thus, so","thus, so","then, after that (",see also s.vv.,,,adv.,"thus, so | thus, so | then, after that ( | see also s.vv."
$m(,getlex.php?coord=4400137064204&word=0,vb. a/a(u) G D C Gt,,,,,to hear,to hear (w. d.o. or,b_,) something,,,vb. a/a(u) G D C Gt,to hear | to hear (w. d.o. or | b_ | ) something
n),getlex.php?coord=4400137064204&word=1,adv.,,,,,imperative and cohortative particle,"mild imperative  particle, please",,,,,adv.,"imperative and cohortative particle | mild imperative  particle, please"
l),getlex.php?coord=4400137054005&word=6,adv.,,,,,"no, not",no! (as interj.),not (preceding and negating a predicate),"compounded with adjectives, nouns, abstracts, and adverbs  ='un-', 'non', 'in-'",,,adv.,"no, not | no! (as interj.) | not (preceding and negating a predicate) | compounded with adjectives, nouns, abstracts, and adverbs  ='un-', 'non', 'in-'"
w(lyhN,getlex.php?coord=4400137054005&word=5,conj. prep.,,,,,"and, also",upon; against; to,"upon, over, on to","against, over against",,ˁl,conj. prep.,"and, also | upon; against; to | upon, over, on to | against, over against"
w)nh,getlex.php?coord=4400137064204&word=2,conj. pron.,,,,,"and, also",I,I,as enclitic subject marker with participles/adjectives,,ˀnh,conj. pron.,"and, also | I | I | as enclitic subject marker with participles/adjectives"
)wsP,getlex.php?coord=4400137064005&word=0,vb. C Ct,,,,,C to add,to add,"to increase, to do more",equivalent of Gk. προς,,,vb. C Ct,"C to add | to add | to increase, to do more | equivalent of Gk. προς"
wtrtyN,getlex.php?coord=4400137054005&word=4,conj. num.,,,,,"and, also",two,two,,,tryn,conj. num.,"and, also | two | two"
mllt,getlex.php?coord=4400137054005&word=1,vb. D C Dt,,,,,D to speak,to speak,to sound,to enable someone to speak,,,vb. D C Dt,D to speak | to speak | to sound | to enable someone to speak
xd),getlex.php?coord=4400137054005&word=0,num.,,,,,one,one,with another number (or,b,,,num.,one | one | with another number (or | b
wl),getlex.php?coord=4400137054005&word=2,conj. adv.,,,,,"and, also","no, not",no! (as interj.),not (preceding and negating a predicate),,lˀ,conj. adv.,"and, also | no, not | no! (as interj.) | not (preceding and negating a predicate)"
)tyb,getlex.php?coord=4400137054005&word=3,vb. a/u G C Ct palpel ethpalpal,,,,,to return,to return (intransitive),"to change direction, turn away",as co-verb : to do again,,,vb. a/u G C Ct palpel ethpalpal,"to return | to return (intransitive) | to change direction, turn away | as co-verb : to do again"
wxkmh,getlex.php?coord=4400137044202&word=6,conj. n.f.,,,,,"and, also",wisdom,wisdom,,,"ḥkmh, ḥkmtˀ",conj. n.f.,"and, also | wisdom | wisdom"
ytbcr,getlex.php?coord=4400137044202&word=3,vb. a/a(u) G D Gt Dt,,,,,"to to become lacking, diminished","to become lacking, diminished",to take away away part of a substance,to diminish,,,vb. a/a(u) G D Gt Dt,"to to become lacking, diminished | to become lacking, diminished | to take away away part of a substance | to diminish"
wl),getlex.php?coord=4400137044202&word=2,conj. adv.,,,,,"and, also","no, not",no! (as interj.),not (preceding and negating a predicate),,lˀ,conj. adv.,"and, also | no, not | no! (as interj.) | not (preceding and negating a predicate)"
tkwl,getlex.php?coord=4400137044202&word=0,vb. e/u G C,,,,,to be able,to be able (capability),to overpower,(in prohibitive clauses) : to be empowered,,,vb. e/u G C,to be able | to be able (capability) | to overpower | (in prohibitive clauses) : to be empowered
tqP,getlex.php?coord=4400137044202&word=5,n.m.,,,,,"strength, vigor","strength, vigor","hill, high point","(of behavior) anger, domineering",,,n.m.,"strength, vigor | strength, vigor | hill, high point | (of behavior) anger, domineering"
lm(bd,getlex.php?coord=4400137044202&word=1,vb. a/e G D C Gt Ct quad,,,,,"to make, act, do",to make,"to do, perform, act in a certain manner","to designate, make into",,,vb. a/e G D C Gt Ct quad,"to make, act, do | to make | to do, perform, act in a certain manner | to designate, make into"
kl),getlex.php?coord=4400137034202&word=2,n.(pr.),,,,,"all, every",alone preceding a noun (technically the construct state!) :,as a postpositive with resumptive pronominal suffixes,emphatic state :,,,n.(pr.),"all, every | alone preceding a noun (technically the construct state!) : | as a postpositive with resumptive pronominal suffixes | emphatic state :"
mnK,getlex.php?coord=4400137044202&word=4,prep.,,,,,from,from,partitive,indicating the agent of a passive,,,prep.,from | from | partitive | indicating the agent of a passive
yd(t,getlex.php?coord=4400137034202&word=0,vb. a/a G C Gt Ct quad quad T,,,,,to know,to know,to cohabit with,idioms:,,,vb. a/a G C Gt Ct quad quad T,to know | to know | to cohabit with | idioms:
dy,getlex.php?coord=4400137034202&word=1,,,,,,,,,,,,,
w)mr,getlex.php?coord=4400137034201&word=2,conj. vb. a/a G Gt,,,,,"and, also",to say,to say,to command,,ˀmr,conj. vb. a/a G Gt,"and, also | to say | to say | to command"
qdM,getlex.php?coord=4400137034201&word=3,prep.,,,,,before,before,as a substantive : front part,,,,prep.,before | before | as a substantive : front part
)lh),getlex.php?coord=4400137034201&word=4,n.m.,,,,,god,"god, God",,,,,n.m.,"god | god, God"
whw),getlex.php?coord=4400137024126&word=1,conj. pron.,,,,,"and, also",he,he,as copula,,hwˀ,conj. pron.,"and, also | he | he | as copula"
kl,getlex.php?coord=4400137024126&word=4,n.(pr.),,,,,"all, every",alone preceding a noun (technically the construct state!) :,as a postpositive with resumptive pronominal suffixes,emphatic state :,,,n.(pr.),"all, every | alone preceding a noun (technically the construct state!) : | as a postpositive with resumptive pronominal suffixes | emphatic state :"
mlK,getlex.php?coord=4400137024126&word=2,n.m.,,,,,king,king,"provincial ruler (governor, satrap)",a priest,,,n.m.,"king | king | provincial ruler (governor, satrap) | a priest"
)ywb,getlex.php?coord=4400137034201&word=1,,,,,,,,,,,,,
rx$,getlex.php?coord=4400137024126&word=5,n.m.,,,,,creeping animal,"creeping animal, reptile","insect, i.e., small creeping animal",fig.,,,n.m.,"creeping animal | creeping animal, reptile | insect, i.e., small creeping animal | fig."
(l,getlex.php?coord=4400137024126&word=3,prep.,,,,,upon; against; to,"upon, over, on to","against, over against","toward, to",,,prep.,"upon; against; to | upon, over, on to | against, over against | toward, to"
(n),getlex.php?coord=4400137034201&word=0,vb. G D C Gt Dt,,,,,to respond,to respond,to keep occupied with,"to be suitable, to be an appropriate response to a situation",,,vb. G D C Gt Dt,"to respond | to respond | to keep occupied with | to be suitable, to be an appropriate response to a situation"
)tnsK,getlex.php?coord=4400137084206&word=2,vb. a/u G D C Gt Dt Ct,,,,,"to pour out, libate",to pour out,to libate,to cast metal,,,vb. a/u G D C Gt Dt Ct,"to pour out, libate | to pour out | to libate | to cast metal"
w)tm^h^),getlex.php?coord=4400137084206&word=3,conj. vb. G Gt,,,,,"and, also",to boil,to boil,to be cooked,,mhy,conj. vb. G Gt,"and, also | to boil | to boil | to be cooked"
xztK,getlex.php?coord=4400137084205&word=0,"vb. G D C Gt Ct ethpolal, ethpay/w c el",,,,,to see,to see,(,metaph. as in European languages,,,"vb. G D C Gt Ct ethpolal, ethpay/w c el",to see | to see | ( | metaph. as in European languages
(l,getlex.php?coord=4400137084206&word=0,prep.,,,,,upon; against; to,"upon, over, on to","against, over against","toward, to",,,prep.,"upon; against; to | upon, over, on to | against, over against | toward, to"
w)hw),getlex.php?coord=4400137084206&word=4,conj. vb. G C Gt Ct,,,,,"and, also","to be, to become",to be,"to endure, to exist",,hwy,conj. vb. G C Gt Ct,"and, also | to be, to become | to be | to endure, to exist"
",,,",getlex.php?coord=4400138084212&word=5,,,,,,,,,,,,,
)?[yw]b,getlex.php?coord=4400138084212&word=3,,,,,,,,,,,,,
b)x?[ry,getlex.php?coord=4400138084212&word=4,prep. pron.,,,,,"in, with",in,with (instrumental),among,,"ˀwḥry, ḥwry, ˀḥrytˀ, ˀwḥrntˀ",prep. pron.,"in, with | in | with (instrumental) | among"
"[,,,]",getlex.php?coord=4400137024126&word=0,,,,,,,,,,,,,
yt,getlex.php?coord=4400138084212&word=2,prep.,,,,,accusative particle,accusative particle,as a demonstrative pronoun :,see s.v.,,,prep.,accusative particle | accusative particle | as a demonstrative pronoun : | see s.v.
qd$,getlex.php?coord=4400138084211&word=1,n.m.,,,,,"ear-,nose-ring","ear-,nose-ring",,,,,n.m.,"ear-,nose-ring | ear-,nose-ring"
d?y?,getlex.php?coord=4400138084211&word=3,,,,,,,,,,,,,
x?d?,getlex.php?coord=4400138084211&word=2,num.,,,,,one,one,with another number (or,b,,,num.,one | one | with another number (or | b
xdh,getlex.php?coord=4400138074211&word=7,num.,,,,,one,one,with another number (or,b,,,num.,one | one | with another number (or | b
wgbr,getlex.php?coord=4400138084211&word=0,conj. n.m.,,,,,"and, also",man,man,"person, someone",,"gbr, gbrˀ",conj. n.m.,"and, also | man | man | person, someone"
w)lh),getlex.php?coord=4400138084212&word=0,conj. n.m.,,,,,"and, also",god,"god, God",,,"ˀlh, ˀlhˀ",conj. n.m.,"and, also | god | god, God"
br[K],getlex.php?coord=4400138084212&word=1,vb. a/a(u) G D C Dt,,,,,to bow; D to bless,to bow,(knee) to bend,"to bless, sanctify through blessing",,,vb. a/a(u) G D C Dt,"to bow; D to bless | to bow | (knee) to bend | to bless, sanctify through blessing"
dhb,getlex.php?coord=4400138084211&word=4,n.m.,,,,,gold,gold,money,,,,n.m.,gold | gold | money
lh,getlex.php?coord=4400138074211&word=4,,,,,,,,,,,,,
)mrh,getlex.php?coord=4400138074211&word=6,n.f.,,,,,ewe lamb,(zool.) ewe lamb,,,,,n.f.,ewe lamb | (zool.) ewe lamb
gbr,getlex.php?coord=4400138074211&word=5,n.m.,,,,,man,man,"person, someone",supernatural being,,,n.m.,"man | man | person, someone | supernatural being"
)lh),getlex.php?coord=4400138074211&word=1,n.m.,,,,,god,"god, God",,,,,n.m.,"god | god, God"
wyhbw,getlex.php?coord=4400138074211&word=3,conj. vb. a/a G C Gt,,,,,"and, also",to give,to give,to place,,yhb,conj. vb. a/a G C Gt,"and, also | to give | to give | to place"
(lwhy,getlex.php?coord=4400138074211&word=2,prep.,,,,,upon; against; to,"upon, over, on to","against, over against","toward, to",,,prep.,"upon; against; to | upon, over, on to | against, over against | toward, to"
w)klw,getlex.php?coord=4400138054211&word=7,conj. vb. a/u G C Gt Ct,,,,,"and, also","to eat, consume",to eat,to consume,,ˀkl,conj. vb. a/u G C Gt Ct,"and, also | to eat, consume | to eat | to consume"
(l,getlex.php?coord=4400138064211&word=4,prep.,,,,,upon; against; to,"upon, over, on to","against, over against","toward, to",,,prep.,"upon; against; to | upon, over, on to | against, over against | toward, to"
b)y$th,getlex.php?coord=4400138064211&word=6,n.f.,,,,,evil,"evil, bad thing","לבישׁא : for ill, in a negative way (=MT לרעה)",in construct with following noun: equivalent to Greek privative,,,n.f.,"evil | evil, bad thing | לבישׁא : for ill, in a negative way (=MT לרעה) | in construct with following noun: equivalent to Greek privative"
lxM,getlex.php?coord=4400138064211&word=1,n.m.,,,,,"bread, food",bread,"food, meal",,,,n.m.,"bread, food | bread | food, meal"
kl,getlex.php?coord=4400138064211&word=5,n.(pr.),,,,,"all, every",alone preceding a noun (technically the construct state!) :,as a postpositive with resumptive pronominal suffixes,emphatic state :,,,n.(pr.),"all, every | alone preceding a noun (technically the construct state!) : | as a postpositive with resumptive pronominal suffixes | emphatic state :"
bbyth,getlex.php?coord=4400138064211&word=2,prep. n.m./f.,,,,,"in, with",in,with (instrumental),among,,"by, bytˀ",prep. n.m./f.,"in, with | in | with (instrumental) | among"
wnxmwhy,getlex.php?coord=4400138064211&word=3,conj. vb. D Dt,,,,,"and, also",to comfort,"to comfort, to console","to raise the dead, resurrect",,nḥm,conj. vb. D Dt,"and, also | to comfort | to comfort, to console | to raise the dead, resurrect"
(mh,getlex.php?coord=4400138064211&word=0,prep.,,,,,with,"with, together with",at,"at the time of, during",,,prep.,"with | with, together with | at | at the time of, during"
dy,getlex.php?coord=4400138064211&word=7,,,,,,,,,,,,,
wkl,getlex.php?coord=4400138054211&word=3,conj. n.(pr.),,,,,"and, also","all, every",alone preceding a noun (technically the construct state!) :,as a postpositive with resumptive pronominal suffixes,,"kl, klˀ",conj. n.(pr.),"and, also | all, every | alone preceding a noun (technically the construct state!) : | as a postpositive with resumptive pronominal suffixes"
kl,getlex.php?coord=4400138054211&word=1,n.(pr.),,,,,"all, every",alone preceding a noun (technically the construct state!) :,as a postpositive with resumptive pronominal suffixes,emphatic state :,,,n.(pr.),"all, every | alone preceding a noun (technically the construct state!) : | as a postpositive with resumptive pronominal suffixes | emphatic state :"
wkl,getlex.php?coord=4400138054211&word=5,conj. n.(pr.),,,,,"and, also","all, every",alone preceding a noun (technically the construct state!) :,as a postpositive with resumptive pronominal suffixes,,"kl, klˀ",conj. n.(pr.),"and, also | all, every | alone preceding a noun (technically the construct state!) : | as a postpositive with resumptive pronominal suffixes"
yd(why,getlex.php?coord=4400138054211&word=6,adj.,,,,,familiar,familiar,acquaintance,,,,adj.,familiar | familiar | acquaintance
rxmwhy,getlex.php?coord=4400138054211&word=2,n.m.,,,,,friend,friend,merciful one,,,,n.m.,friend | friend | merciful one
)xwhy,getlex.php?coord=4400138054211&word=4,n.m.,,,,,brother,brother,"kinsman, comrade",,,,n.m.,"brother | brother | kinsman, comrade"
)ywb,getlex.php?coord=4400138054211&word=0,,,,,,,,,,,,,
hyty,getlex.php?coord=4400138074211&word=0,vb. G D C Ct,,,,,"to come, arrive",to come,to occur; w.,ˁl,,,vb. G D C Ct,"to come, arrive | to come | to occur; w. | ˁl"
lwt,getlex.php?coord=4400138044211&word=1,prep.,,,,,towards,towards (animates),"at, with (persons)","w. inanimates : towards, in the direction of",,,prep.,"towards | towards (animates) | at, with (persons) | w. inanimates : towards, in the direction of"
bkl,getlex.php?coord=4400138044210&word=4,prep. n.(pr.),,,,,"in, with",in,with (instrumental),among,,"kl, klˀ",prep. n.(pr.),"in, with | in | with (instrumental) | among"
lh,getlex.php?coord=4400138044210&word=7,,,,,,,,,,,,,
dy,getlex.php?coord=4400138044210&word=5,,,,,,,,,,,,,
hw),getlex.php?coord=4400138044210&word=6,vb. G C Gt Ct,,,,,"to be, to become",to be,"to endure, to exist","to come to pass, to happen",,,vb. G C Gt Ct,"to be, to become | to be | to endure, to exist | to come to pass, to happen"
w)tyN/w)twN/,getlex.php?coord=4400138044211&word=0,conj. vb. vb. G D C Ct G D C Ct,,,,,"and, also","to come, arrive",to come,to occur; w.,,ˀty,conj. vb. vb. G D C Ct G D C Ct,"and, also | to come, arrive | to come | to occur; w."
)lh),getlex.php?coord=4400138034210&word=1,n.m.,,,,,god,"god, God",,,,,n.m.,"god | god, God"
bdylh,getlex.php?coord=4400138034209&word=2,prep.,,,,,on account of,on account of,concerning,,,,prep.,on account of | on account of | concerning
^l)ywb^,getlex.php?coord=4400138034210&word=2,,,,,,,,,,,,,
lh,getlex.php?coord=4400138044210&word=1,,,,,,,,,,,,,
brxmyN,getlex.php?coord=4400138034210&word=3,prep. n.m.pl.t,,,,,"in, with",in,with (instrumental),among,,rḥmyn,prep. n.m.pl.t,"in, with | in | with (instrumental) | among"
wyhb,getlex.php?coord=4400138044210&word=0,conj. vb. a/a G C Gt,,,,,"and, also",to give,to give,to place,,yhb,conj. vb. a/a G C Gt,"and, also | to give | to give | to place"
wtb,getlex.php?coord=4400138034210&word=0,conj. vb. a/u G C Ct palpel ethpalpal,,,,,"and, also",to return,to return (intransitive),"to change direction, turn away",,twb,conj. vb. a/u G C Ct palpel ethpalpal,"and, also | to return | to return (intransitive) | to change direction, turn away"
xT)yhwN,getlex.php?coord=4400138034209&word=1,n.m.,,,,,sin,sin,sin offering [Hebrew],Satan :,,,n.m.,sin | sin | sin offering [Hebrew] | Satan :
tryN,getlex.php?coord=4400138044210&word=3,num.,,,,,two,two,,,,,num.,two | two
xd,getlex.php?coord=4400138044210&word=2,num.,,,,,one,one,with another number (or,b,,,num.,one | one | with another number (or | b
dy,getlex.php?coord=4400138024209&word=4,,,,,,,,,,,,,
)[l]h?),getlex.php?coord=4400138024209&word=2,n.m.,,,,,god,"god, God",,,,,n.m.,"god | god, God"
w$?b?q?,getlex.php?coord=4400138024209&word=6,conj. vb. a/u G D C Gt,,,,,"and, also",to leave; to permit,"to leave, depart from",to leave something left over,,šbq,conj. vb. a/u G D C Gt,"and, also | to leave; to permit | to leave, depart from | to leave something left over"
bqlh,getlex.php?coord=4400138024209&word=3,prep. n.m.,,,,,"in, with",in,with (instrumental),among,,"ql, qlˀ",prep. n.m.,"in, with | in | with (instrumental) | among"
)ywb,getlex.php?coord=4400138024209&word=5,,,,,,,,,,,,,
lhwN,getlex.php?coord=4400138034209&word=0,,,,,,,,,,,,,
r?$y?(?[yN,getlex.php?coord=4400134084012&word=4,adj.,,,,,wicked,alone,: wicked person,adj.: wicked (of a person),,,adj.,wicked | alone | : wicked person | adj.: wicked (of a person)
txw]t?yhwN,getlex.php?coord=4400134084012&word=5,prep.,,,,,under; instead of,under,instead of,fig. : subject to,,,prep.,under; instead of | under | instead of | fig. : subject to
"[,,,,",getlex.php?coord=4400138014209&word=0,,,,,,,,,,,,,
)lh),getlex.php?coord=4400138024209&word=0,n.m.,,,,,god,"god, God",,,,,n.m.,"god | god, God"
wTmr,getlex.php?coord=4400134084013&word=0,conj. vb. a/u(a) G D C Gt Dt Ct,,,,,"and, also",to hide or bury s.t. in the ground,to hide in the ground or bury something,to penetrate (a military installlation),,ṭmr,conj. vb. a/u(a) G D C Gt Dt Ct,"and, also | to hide or bury s.t. in the ground | to hide in the ground or bury something | to penetrate (a military installlation)"
wh$plh,getlex.php?coord=4400134074011&word=7,conj. vb. a(e)/a G D C Gt Dt Ct,,,,,"and, also",to be low,to be low,to move downstream,,špl,conj. vb. a(e)/a G D C Gt Dt Ct,"and, also | to be low | to be low | to move downstream"
wkl,getlex.php?coord=4400134074012&word=0,conj. n.(pr.),,,,,"and, also","all, every",alone preceding a noun (technically the construct state!) :,as a postpositive with resumptive pronominal suffixes,,"kl, klˀ",conj. n.(pr.),"and, also | all, every | alone preceding a noun (technically the construct state!) : | as a postpositive with resumptive pronominal suffixes"
kl?,getlex.php?coord=4400134074011&word=5,n.(pr.),,,,,"all, every",alone preceding a noun (technically the construct state!) :,as a postpositive with resumptive pronominal suffixes,emphatic state :,,,n.(pr.),"all, every | alone preceding a noun (technically the construct state!) : | as a postpositive with resumptive pronominal suffixes | emphatic state :"
r?mt,getlex.php?coord=4400134084012&word=0,n.f.,,,,,height; pride,height,"pridefulness, ostentatious arrogance",,,,n.f.,"height; pride | height | pridefulness, ostentatious arrogance"
g?)?h,getlex.php?coord=4400134074011&word=6,adj.,,,,,high,high,"proud, haughty","pleasant, sumptuous",,,adj.,"high | high | proud, haughty | pleasant, sumptuous"
w$m(,getlex.php?coord=4400138024209&word=1,conj. vb. a/a(u) G D C Gt,,,,,"and, also",to hear,to hear (w. d.o. or,b_,,šmˁ,conj. vb. a/a(u) G D C Gt,"and, also | to hear | to hear (w. d.o. or | b_"
rgzK,getlex.php?coord=4400134074011&word=3,n.m.,,,,,wrath,wrath,quaking,,,,n.m.,wrath | wrath | quaking
wxz),getlex.php?coord=4400134074011&word=4,"conj. vb. G D C Gt Ct ethpolal, ethpay/w c el",,,,,"and, also",to see,to see,(,,ḥzy,"conj. vb. G D C Gt Ct ethpolal, ethpay/w c el","and, also | to see | to see | ("
ttbr,getlex.php?coord=4400134084012&word=2,vb. a/a G D Gt Dt,,,,,to break,"to break, break down","to conquer, break up an armed force and disperse them",to ruin,,,vb. a/a G D Gt Dt,"to break | to break, break down | to conquer, break up an armed force and disperse them | to ruin"
rwx,getlex.php?coord=4400134084012&word=1,n.f./m.,,,,,wind; spirit,wind,"spirit, motive intellectual or emotional force","demon, i.e., evil spirit",,,n.f./m.,"wind; spirit | wind | spirit, motive intellectual or emotional force | demon, i.e., evil spirit"
wyqr,getlex.php?coord=4400134064010&word=7,conj. n.m.,,,,,"and, also",honor,honor,"valuables, wealth",,"yqr, yqrˀ",conj. n.m.,"and, also | honor | honor | valuables, wealth"
whdr,getlex.php?coord=4400134064010&word=6,conj. n.m.,,,,,"and, also",glory,glory,ornament,,"hdr, hdrˀ",conj. n.m.,"and, also | glory | glory | ornament"
xmt,getlex.php?coord=4400134074011&word=2,n.f.,,,,,anger,anger,venom,heat,,,n.f.,anger | anger | venom | heat
h(dy,getlex.php?coord=4400134074011&word=0,vb. G D C Gt Ct,,,,,to pass over,"to pass over, cross",to pass by,"to be over, finished, removed, pass away from",,,vb. G D C Gt Ct,"to pass over | to pass over, cross | to pass by | to be over, finished, removed, pass away from"
tlb$,getlex.php?coord=4400134064010&word=8,vb. i/a G D C Dt Ct,,,,,to clothe,to clothe oneself with something,"(p.p.) clothed, wearing",(of the garment itself) to clothe,,,vb. i/a G D C Dt Ct,"to clothe | to clothe oneself with something | (p.p.) clothed, wearing | (of the garment itself) to clothe"
n),getlex.php?coord=4400134074011&word=1,adv.,,,,,imperative and cohortative particle,"mild imperative  particle, please",,,,,adv.,"imperative and cohortative particle | mild imperative  particle, please"
wz{w}y<w>,getlex.php?coord=4400134064010&word=5,conj. n.m.,,,,,"and, also",appearance; splendor,appearance,"splendrous appearance, glow",,"zyw, zywˀ",conj. n.m.,"and, also | appearance; splendor | appearance | splendrous appearance, glow"
gwh,getlex.php?coord=4400134064010&word=2,n.f.,,,,,pride,pride,,,,,n.f.,pride | pride
rwx,getlex.php?coord=4400134064010&word=4,n.f./m.,,,,,wind; spirit,wind,"spirit, motive intellectual or emotional force","demon, i.e., evil spirit",,,n.f./m.,"wind; spirit | wind | spirit, motive intellectual or emotional force | demon, i.e., evil spirit"
n),getlex.php?coord=4400134064010&word=1,adv.,,,,,imperative and cohortative particle,"mild imperative  particle, please",,,,,adv.,"imperative and cohortative particle | mild imperative  particle, please"
wrM,getlex.php?coord=4400134064010&word=3,conj. adj.,,,,,"and, also",high,"high, tall","exalted, exceptional,superior",,rm,conj. adj.,"and, also | high | high, tall | exalted, exceptional,superior"
tr?(M,getlex.php?coord=4400134054009&word=8,vb. e/a G C Gt Dt Ct,,,,,to thunder,to thunder,(area) to be crowded and noisy,to grieve,,,vb. e/a G C Gt Dt Ct,to thunder | to thunder | (area) to be crowded and noisy | to grieve
h(dy,getlex.php?coord=4400134064010&word=0,vb. G D C Gt Ct,,,,,to pass over,"to pass over, cross",to pass by,"to be over, finished, removed, pass away from",,,vb. G D C Gt Ct,"to pass over | to pass over, cross | to pass by | to be over, finished, removed, pass away from"
bql,getlex.php?coord=4400134054009&word=6,prep. n.m.,,,,,"in, with",in,with (instrumental),among,,"ql, qlˀ",prep. n.m.,"in, with | in | with (instrumental) | among"
k)lh,getlex.php?coord=4400134054009&word=2,prep. n.m.,,,,,like,"like, according to",about (with numeral),conj.,,"ˀlh, ˀlhˀ",prep. n.m.,"like | like, according to | about (with numeral) | conj."
d^r^(,getlex.php?coord=4400134054009&word=1,n.m./f.,,,,,arm,(anat.) arm and/or forearm,"(of an animal): fore-quarter, front leg",,,,n.m./f.,"arm | (anat.) arm and/or forearm | (of an animal): fore-quarter, front leg"
h),getlex.php?coord=4400134054009&word=0,interj.,,,,,here! look!,"here, look! (presentative particle)",here (adv.),"הא כ : like, i.e. = prep.",,,interj.,"here! look! | here, look! (presentative particle) | here (adv.) | הא כ : like, i.e. = prep."
lK,getlex.php?coord=4400134054009&word=4,,,,,,,,,,,,,
)yty,getlex.php?coord=4400134054009&word=3,vb./adv.,,,,,"there is, exists",there exists,with various prepositions,+ pron. suff. with nominal/adjectival predicates : as copula,,,vb./adv.,"there is, exists | there exists | with various prepositions | + pron. suff. with nominal/adjectival predicates : as copula"
)w,getlex.php?coord=4400134054009&word=5,conj.,,,,,or,or,ˀw  ... ˀw,": if . . . but if, whether . . . or",,,conj.,"or | or | ˀw  ... ˀw | : if . . . but if, whether . . . or"
kwth,getlex.php?coord=4400134054009&word=7,prep.,,,,,like,"like, just as",,,,,prep.,"like | like, just as"
wtxybnny,getlex.php?coord=4400134044008&word=2,conj. vb. a/u G D Gt Dt,,,,,"and, also","to incur a debt, be guilty",to incur a debt,"to be guilty of, commit a crime, sin",,ḥwb,conj. vb. a/u G D Gt Dt,"and, also | to incur a debt, be guilty | to incur a debt | to be guilty of, commit a crime, sin"
tz?k),getlex.php?coord=4400134044008&word=5,vb. G D C Gt Dt,,,,,to be innocent; to defeat,to be innocent,"to overcome, defeat, best","to be pure, to be whole,",,,vb. G D C Gt Dt,"to be innocent; to defeat | to be innocent | to overcome, defeat, best | to be pure, to be whole,"
dy,getlex.php?coord=4400134044008&word=4,,,,,,,,,,,,,
(l dbrt,getlex.php?coord=4400134044008&word=3,conj./prep,,,,,in order that,in order that,prep. : for the sake of,,,,conj./prep,in order that | in order that | prep. : for the sake of
)w,getlex.php?coord=4400134044009&word=0,conj.,,,,,or,or,ˀw  ... ˀw,": if . . . but if, whether . . . or",,,conj.,"or | or | ˀw  ... ˀw | : if . . . but if, whether . . . or"
whTpy,getlex.php?coord=4400134084012&word=3,conj. vb. G D C Gt Dt,,,,,"and, also","to die out, be extinguished","to die out, be extinguished",(fig.) to extinguish,,ṭpy,conj. vb. G D C Gt Dt,"and, also | to die out, be extinguished | to die out, be extinguished | (fig.) to extinguish"
)sr,getlex.php?coord=4400134024007&word=0,vb. a/a G D C Gt,,,,,to bind; to prohibit,to bind,to prohibit,"to bewitch, to cast a spell (also",,,vb. a/a G D C Gt,"to bind; to prohibit | to bind | to prohibit | to bewitch, to cast a spell (also"
xlcyK,getlex.php?coord=4400134034007&word=2,n.f.du.,,,,,loins,loins,sg(?). fig. : middle,,,,n.f.du.,loins | loins | sg(?). fig. : middle
kgbr,getlex.php?coord=4400134034007&word=1,prep. n.m.,,,,,like,"like, according to",about (with numeral),conj.,,"gbr, gbrˀ",prep. n.m.,"like | like, according to | about (with numeral) | conj."
n),getlex.php?coord=4400134034007&word=0,adv.,,,,,imperative and cohortative particle,"mild imperative  particle, please",,,,,adv.,"imperative and cohortative particle | mild imperative  particle, please"
h)P,getlex.php?coord=4400134034008&word=0,interj. conj.,,,,,interrogative particle,interrogative particle,"also, even","also, even",,"ˀp, ˀwp",interj. conj.,"interrogative particle | interrogative particle | also, even | also, even"
)$)lnK,getlex.php?coord=4400134034007&word=3,vb. i/a G D C Gt Dt,,,,,to ask,to ask,to ask for something,+,,,vb. i/a G D C Gt Dt,to ask | to ask | to ask for something | +
ptgM,getlex.php?coord=4400134034007&word=5,n.m.,,,,,statement; matter,"statement, word","thing, matter",sharp edge :,,,n.m.,"statement; matter | statement, word | thing, matter | sharp edge :"
whtybny,getlex.php?coord=4400134034007&word=4,conj. vb. a/u G C Ct palpel ethpalpal,,,,,"and, also",to return,to return (intransitive),"to change direction, turn away",,twb,conj. vb. a/u G C Ct palpel ethpalpal,"and, also | to return | to return (intransitive) | to change direction, turn away"
t(d),getlex.php?coord=4400134044008&word=0,vb. G D C Gt Ct,,,,,to pass over,"to pass over, cross",to pass by,"to be over, finished, removed, pass away from",,,vb. G D C Gt Ct,"to pass over | to pass over, cross | to pass by | to be over, finished, removed, pass away from"
l?h,getlex.php?coord=4400134024006&word=7,,,,,,,,,,,,,
w(nn?)?,getlex.php?coord=4400134024006&word=5,conj. n.m./.f.,,,,,"and, also",cloud,cloud,(chem.) a name for mercury,,"ˁnn, ˁnnˀ",conj. n.m./.f.,"and, also | cloud | cloud | (chem.) a name for mercury"
^mN^,getlex.php?coord=4400134024006&word=3,prep.,,,,,from,from,partitive,indicating the agent of a passive,,,prep.,from | from | partitive | indicating the agent of a passive
l)ywb,getlex.php?coord=4400134024006&word=2,,,,,,,,,,,,,
rw?[x)],getlex.php?coord=4400134024006&word=4,n.f./m.,,,,,wind; spirit,wind,"spirit, motive intellectual or emotional force","demon, i.e., evil spirit",,,n.f./m.,"wind; spirit | wind | spirit, motive intellectual or emotional force | demon, i.e., evil spirit"
w?)?mr,getlex.php?coord=4400134024006&word=6,conj. vb. a/a G Gt,,,,,"and, also",to say,to say,to command,,ˀmr,conj. vb. a/a G Gt,"and, also | to say | to say | to command"
"[,,,,]ls?wP?",getlex.php?coord=4400134014005&word=0,,,,,,,,,,,,,
(n),getlex.php?coord=4400134024006&word=0,vb. G D C Gt Dt,,,,,to respond,to respond,to keep occupied with,"to be suitable, to be an appropriate response to a situation",,,vb. G D C Gt Dt,"to respond | to respond | to keep occupied with | to be suitable, to be an appropriate response to a situation"
)lh),getlex.php?coord=4400134024006&word=1,n.m.,,,,,god,"god, God",,,,,n.m.,"god | god, God"
"[,,,",getlex.php?coord=4400134014005&word=1,,,,,,,,,,,,,
b$rh,getlex.php?coord=4400136084115&word=1,n.m.,,,,,flesh,flesh,penis,+,,,n.m.,flesh | flesh | penis | +
qply,getlex.php?coord=4400136084115&word=0,n.m.,,,,,fold; hidden thing,"fold, bosom of a garment",secret place,,,,n.m.,"fold; hidden thing | fold, bosom of a garment | secret place"
(lymw,getlex.php?coord=4400136084114&word=1,n.f.,,,,,youthfulness,"youthfulness, full strength",,,,,n.f.,"youthfulness | youthfulness, full strength"
wlb?[bh,getlex.php?coord=4400136094116&word=0,conj. n.m.,,,,,"and, also",heart,(anat.) heart,"mind, inner thoughts",,"lbb, lbbˀ",conj. n.m.,"and, also | heart | (anat.) heart | mind, inner thoughts"
kprzl),getlex.php?coord=4400136094115&word=0,prep. n.m.,,,,,like,"like, according to",about (with numeral),conj.,,"przl, przlˀ",prep. n.m.,"like | like, according to | about (with numeral) | conj."
dbqyN,getlex.php?coord=4400136084115&word=2,vb. e(a)/a(u) G D C Gt Dt,,,,,"to stick to, to adhere",(usually w.,b_,") : to stick to, to adhere",,,vb. e(a)/a(u) G D C Gt Dt,"to stick to, to adhere | (usually w. | b_ | ) : to stick to, to adhere"
nsyky?[N,getlex.php?coord=4400136084115&word=3,vb. a/u G D C Gt Dt Ct,,,,,"to pour out, libate",to pour out,to libate,to cast metal,,,vb. a/u G D C Gt Dt Ct,"to pour out, libate | to pour out | to libate | to cast metal"
"[,,,,]px[,,,",getlex.php?coord=4400136104117&word=0,,,,,,,,,,,,,
ybyt,getlex.php?coord=4400136074114&word=1,vb. a/i(u) G D C,,,,,to spend the night,"to spend the night, lodge",? :,see s.v.,,,vb. a/i(u) G D C,"to spend the night | to spend the night, lodge | ? : | see s.v."
trwT,getlex.php?coord=4400136084114&word=0,vb. a/u G D Dt,,,,,to run; Dt to vibrate,to run,"p.p. : put into motion, startled","to be put into motion, made to vibrate",,,vb. a/u G D Dt,"to run; Dt to vibrate | to run | p.p. : put into motion, startled | to be put into motion, made to vibrate"
wqdmwhy,getlex.php?coord=4400136074114&word=3,conj. prep.,,,,,"and, also",before,before,as a substantive : front part,,qdm,conj. prep.,"and, also | before | before | as a substantive : front part"
tqph,getlex.php?coord=4400136074114&word=2,n.m.,,,,,"strength, vigor","strength, vigor","hill, high point","(of behavior) anger, domineering",,,n.m.,"strength, vigor | strength, vigor | hill, high point | (of behavior) anger, domineering"
dynh,getlex.php?coord=4400134044008&word=1,n.m.,,,,,judgment,court case,judgment,"justice, what is right",,,n.m.,"judgment | court case | judgment | justice, what is right"
pmh,getlex.php?coord=4400136074113&word=2,n.m.,,,,,mouth,(anat.) mouth,fig.: opening,surface,,,n.m.,mouth | (anat.) mouth | fig.: opening | surface
tgs),getlex.php?coord=4400136064113&word=2,vb. G D Gt,,,,,"to belch, to vomit","to belch, to vomit","to bubble up, to break forth with",(trans.),,,vb. G D Gt,"to belch, to vomit | to belch, to vomit | to bubble up, to break forth with | (trans.)"
mN,getlex.php?coord=4400136074113&word=1,prep.,,,,,from,from,partitive,indicating the agent of a passive,,,prep.,from | from | partitive | indicating the agent of a passive
wzyqyN,getlex.php?coord=4400136064113&word=3,conj. n.m./f.,,,,,"and, also",fire flash; storm wind; flatus,flash of fire,"strong wind, storm",,"zyq, zyqˀ",conj. n.m./f.,"and, also | fire flash; storm wind; flatus | flash of fire | strong wind, storm"
bcwrh,getlex.php?coord=4400136074114&word=0,prep. n.m.,,,,,"in, with",in,with (instrumental),among,,"ṣwr, ṣwrˀ",prep. n.m.,"in, with | in | with (instrumental) | among"
ypqN,getlex.php?coord=4400136074113&word=0,vb. a/u G D C Dt Ct,,,,,to go out,"to go out, come out, leave","to turn into, end up differently from how it started","to be spent, i.e. used up, consumed",,,vb. a/u G D C Dt Ct,"to go out | to go out, come out, leave | to turn into, end up differently from how it started | to be spent, i.e. used up, consumed"
wmgmr,getlex.php?coord=4400136064112&word=2,conj. n.m.,,,,,"and, also",incense carrier,incense carrier or burner,fumigation,,"mgmr, mgmrˀ",conj. n.m.,"and, also | incense carrier | incense carrier or burner | fumigation"
ypq,getlex.php?coord=4400136054112&word=2,vb. a/u G D C Dt Ct,,,,,to go out,"to go out, come out, leave","to turn into, end up differently from how it started","to be spent, i.e. used up, consumed",,,vb. a/u G D C Dt Ct,"to go out | to go out, come out, leave | to turn into, end up differently from how it started | to be spent, i.e. used up, consumed"
nxyrwh,getlex.php?coord=4400136054112&word=1,n.m.,,,,,nose; nostril,(anat.) : nostril,sg. : nose,fig.:,,,n.m.,nose; nostril | (anat.) : nostril | sg. : nose | fig.:
tnN,getlex.php?coord=4400136054112&word=3,n.m.,,,,,smoke,smoke,"vapor, stench",the vaporous matrix in which things develop (?) : see note,,,n.m.,"smoke | smoke | vapor, stench | the vaporous matrix in which things develop (?) : see note"
lkw$,getlex.php?coord=4400136064112&word=0,n.m.,,,,,"brand, torch","brand, torch",bird trap (?),,,,n.m.,"brand, torch | brand, torch | bird trap (?)"
yqd,getlex.php?coord=4400136064112&word=1,vb. e/a G C Gt Ct,,,,,to burn,(of fire) to burn,(of flammable objects),fig. : to be ardent,,,vb. e/a G C Gt Ct,to burn | (of fire) to burn | (of flammable objects) | fig. : to be ardent
)$h,getlex.php?coord=4400136054111&word=2,n.f.,,,,,fire; fever,"fire, flame",fever,,,,n.f.,"fire; fever | fire, flame | fever"
lpydyN,getlex.php?coord=4400136044111&word=2,n.m.,,,,,torch,torch,,,,,n.m.,torch | torch
bl$ny,getlex.php?coord=4400136054111&word=1,prep. n.m.,,,,,"in, with",in,with (instrumental),among,,"lšn, lšnˀ",prep. n.m.,"in, with | in | with (instrumental) | among"
m?N?,getlex.php?coord=4400136054112&word=0,prep.,,,,,from,from,partitive,indicating the agent of a passive,,,prep.,from | from | partitive | indicating the agent of a passive
yrTwN,getlex.php?coord=4400136054111&word=3,vb. a/u G D Dt,,,,,to run; Dt to vibrate,to run,"p.p. : put into motion, startled","to be put into motion, made to vibrate",,,vb. a/u G D Dt,"to run; Dt to vibrate | to run | p.p. : put into motion, startled | to be put into motion, made to vibrate"
ypqwN,getlex.php?coord=4400136054111&word=0,vb. a/u G D C Dt Ct,,,,,to go out,"to go out, come out, leave","to turn into, end up differently from how it started","to be spent, i.e. used up, consumed",,,vb. a/u G D C Dt Ct,"to go out | to go out, come out, leave | to turn into, end up differently from how it started | to be spent, i.e. used up, consumed"
",,,]",getlex.php?coord=4400136094116&word=1,,,,,,,,,,,,,
k)b?[N],getlex.php?coord=4400136094116&word=2,prep. n.f.,,,,,like,"like, according to",about (with numeral),conj.,,"ˀbn, ˀbnˀ",prep. n.f.,"like | like, according to | about (with numeral) | conj."
"w[,,,",getlex.php?coord=4400136094116&word=3,,,,,,,,,,,,,
mN,getlex.php?coord=4400136044111&word=0,prep.,,,,,from,from,partitive,indicating the agent of a passive,,,prep.,from | from | partitive | indicating the agent of a passive
p[r]),getlex.php?coord=4400136044110&word=4,n.m.,,,,,onager,onager,,,,,n.m.,onager | onager
km<c>mx,getlex.php?coord=4400136044110&word=3,prep. n.m.,,,,,like,"like, according to",about (with numeral),conj.,,"mṣmḥ, mṣymḥˀ",prep. n.m.,"like | like, according to | about (with numeral) | conj."
pmh,getlex.php?coord=4400136044111&word=1,n.m.,,,,,mouth,(anat.) mouth,fig.: opening,surface,,,n.m.,mouth | (anat.) mouth | fig.: opening | surface
(ynwhy,getlex.php?coord=4400136044110&word=2,n.f.,,,,,eye; spring,(anat.) eye,"spring, fountain","that which is seen, appearance, aspect",,,n.f.,"eye; spring | (anat.) eye | spring, fountain | that which is seen, appearance, aspect"
byN,getlex.php?coord=4400136044110&word=1,prep.,,,,,"between, among",between,with two explicit end points,among,,,prep.,"between, among | between | with two explicit end points | among"
x(nN,getlex.php?coord=4400136034109&word=1,vb. G D,,,,,to clasp,to clasp,to adjoin,,,,vb. G D,to clasp | to clasp | to adjoin
wl),getlex.php?coord=4400136034109&word=2,conj. adv.,,,,,"and, also","no, not",no! (as interj.),not (preceding and negating a predicate),,lˀ,conj. adv.,"and, also | no, not | no! (as interj.) | not (preceding and negating a predicate)"
(Ty$th,getlex.php?coord=4400136034110&word=0,n.f.,,,,,sneeze,sneeze,,,,,n.f.,sneeze | sneeze
lxbrth,getlex.php?coord=4400136034109&word=0,n.f.,,,,,companion (f.),(female) companion,"other one, its fellow",,,,n.f.,"companion (f.) | (female) companion | other one, its fellow"
nwr),getlex.php?coord=4400136044110&word=0,n.f.(m.),,,,,fire,fire,Hebrew,urim,,,n.f.(m.),fire | fire | Hebrew | urim
tdlq,getlex.php?coord=4400136034110&word=1,vb. e(a)/a G D C Gt,,,,,"to burn, to light","to burn, be lit","to flash, to shine",fig.,,,vb. e(a)/a G D C Gt,"to burn, to light | to burn, be lit | to flash, to shine | fig."
ytp?[r]$?N,getlex.php?coord=4400136034109&word=3,vb. a/u G D C Gt Dt Ct,,,,,"to separate, distinguish",to separate,to be(come) separated,to depart,,,vb. a/u G D C Gt Dt Ct,"to separate, distinguish | to separate | to be(come) separated | to depart"
ydbqN,getlex.php?coord=4400136024108&word=2,vb. e(a)/a(u) G D C Gt Dt,,,,,"to stick to, to adhere",(usually w.,b_,") : to stick to, to adhere",,,vb. e(a)/a(u) G D C Gt Dt,"to stick to, to adhere | (usually w. | b_ | ) : to stick to, to adhere"
t?(wl,getlex.php?coord=4400136024108&word=5,vb. a/u G D C Dt Ct,,,,,to enter,to enter,w.,"ˁl, ˁm, lwt",,,vb. a/u G D C Dt Ct,"to enter | to enter | w. | ˁl, ˁm, lwt"
wrwx,getlex.php?coord=4400136024108&word=3,conj. v.n.,,,,,"and, also",space; comfort,"comfort, relief, convenience","space, room",,"rwḥ, rwḥˀ",conj. v.n.,"and, also | space; comfort | comfort, relief, convenience | space, room"
l?[)],getlex.php?coord=4400136024108&word=4,adv.,,,,,"no, not",no! (as interj.),not (preceding and negating a predicate),"compounded with adjectives, nouns, abstracts, and adverbs  ='un-', 'non', 'in-'",,,adv.,"no, not | no! (as interj.) | not (preceding and negating a predicate) | compounded with adjectives, nouns, abstracts, and adverbs  ='un-', 'non', 'in-'"
bynhN,getlex.php?coord=4400136024108&word=6,prep.,,,,,"between, among",between,with two explicit end points,among,,,prep.,"between, among | between | with two explicit end points | among"
"[,,,]",getlex.php?coord=4400136024108&word=0,,,,,,,,,,,,,
lxdh,getlex.php?coord=4400136024108&word=1,num.,,,,,one,one,with another number (or,b,,,num.,one | one | with another number (or | b
dy,getlex.php?coord=4400135104031&word=2,,,,,,,,,,,,,
np$h,getlex.php?coord=4400136064113&word=0,n.f.,,,,,soul; life; self,soul,living person,"throat, breath",,,n.f.,"soul; life; self | soul | living person | throat, breath"
nwn?yN[,getlex.php?coord=4400135104031&word=3,n.m.,,,,,fish,(zool.) fish,(astron.) pl. : Pisces,,,,n.m.,fish | (zool.) fish | (astron.) pl. : Pisces
",,,",getlex.php?coord=4400135104031&word=4,,,,,,,,,,,,,
gm?ryN,getlex.php?coord=4400136064113&word=1,n.f.,,,,,coal,coal (from a fire),"pox, pimple, malignant pustule",particle of the host,,,n.f.,"coal | coal (from a fire) | pox, pimple, malignant pustule | particle of the host"
[wbdgw]gyN/[b]g?n?wN/,getlex.php?coord=4400135104031&word=1,conj. prep. n.f. prep. n.m.,,,,,"and, also","in, with",in,with (instrumental),,b_,conj. prep. n.f. prep. n.m.,"and, also | in, with | in | with (instrumental)"
"wyt?[,,]N?",getlex.php?coord=4400135084030&word=0,,,,,,,,,,,,,
bxwT),getlex.php?coord=4400135084029&word=3,prep. n.m.,,,,,"in, with",in,with (instrumental),among,,"ḥwṭ, ḥwṭˀ",prep. n.m.,"in, with | in | with (instrumental) | among"
yth,getlex.php?coord=4400135094030&word=2,prep.,,,,,accusative particle,accusative particle,as a demonstrative pronoun :,see s.v.,,,prep.,accusative particle | accusative particle | as a demonstrative pronoun : | see s.v.
lbntK,getlex.php?coord=4400135084029&word=4,n.f.,,,,,daughter,daughter,a small part of something,in compounds: member of the same cohort:,,,n.f.,daughter | daughter | a small part of something | in compounds: member of the same cohort:
w]t?qTrnh,getlex.php?coord=4400135084029&word=2,conj. vb. a/a G D C Gt Dt,,,,,"and, also",to bind,"to bind, tie on, tie together","to frame, shape, construct",,qṭr,conj. vb. a/a G D C Gt Dt,"and, also | to bind | to bind, tie on, tie together | to frame, shape, construct"
"[,,,,,]tyN",getlex.php?coord=4400135094030&word=0,,,,,,,,,,,,,
w?y?p?lgwN,getlex.php?coord=4400135094030&word=1,conj. vb. a/u (e/a) G D C Gt Dt,,,,,"and, also",to divide,to divide (trans.),to be in the middle,,plg,conj. vb. a/u (e/a) G D C Gt Dt,"and, also | to divide | to divide (trans.) | to be in the middle"
",,,",getlex.php?coord=4400135094030&word=4,,,,,,,,,,,,,
"[,,,]",getlex.php?coord=4400135104031&word=0,,,,,,,,,,,,,
bh,getlex.php?coord=4400135084029&word=0,prep.,,,,,"in, with",in,with (instrumental),among,,,prep.,"in, with | in | with (instrumental) | among"
htx)K,getlex.php?coord=4400135074029&word=0,interj. vb. G D C,,,,,interrogative particle,interrogative particle,to laugh,"to laugh, smile",,ḥwk,interj. vb. G D C,"interrogative particle | interrogative particle | to laugh | to laugh, smile"
l(bd,getlex.php?coord=4400135074028&word=3,n.m.,,,,,servant,servant,,,,,n.m.,servant | servant
k?c?[pr),getlex.php?coord=4400135084029&word=1,prep. n.f./m.,,,,,like,"like, according to",about (with numeral),conj.,,"ṣpr, ṣprˀ",prep. n.f./m.,"like | like, according to | about (with numeral) | conj."
(mK,getlex.php?coord=4400135074028&word=1,prep.,,,,,with,"with, together with",at,"at the time of, during",,,prep.,"with | with, together with | at | at the time of, during"
(lM,getlex.php?coord=4400135074028&word=4,n.m.,,,,,eternity; world,eternity (usually as a,nomen rectum,),,,n.m.,eternity; world | eternity (usually as a | nomen rectum | )
wtdbrnh,getlex.php?coord=4400135074028&word=2,conj. vb. a/a G D C Gt Dt,,,,,"and, also","to lead, to drive","transitive : to lead, to drive",to plow,,dbr,conj. vb. a/a G D C Gt Dt,"and, also | to lead, to drive | transitive : to lead, to drive | to plow"
(mK,getlex.php?coord=4400135064027&word=4,prep.,,,,,with,"with, together with",at,"at the time of, during",,,prep.,"with | with, together with | at | at the time of, during"
ymll,getlex.php?coord=4400135064027&word=3,vb. D C Dt,,,,,D to speak,to speak,to sound,to enable someone to speak,,,vb. D C Dt,D to speak | to speak | to sound | to enable someone to speak
bhtxnnh,getlex.php?coord=4400135064027&word=5,prep. vb. a/u G D Gt Dt,,,,,"in, with",in,with (instrumental),among,,ḥnn,prep. vb. a/u G D Gt Dt,"in, with | in | with (instrumental) | among"
qyM,getlex.php?coord=4400135074028&word=0,v.n.,,,,,covenant; standing,"covenant, mutual agreement","stability, fixed position",clerical community,,,v.n.,"covenant; standing | covenant, mutual agreement | stability, fixed position | clerical community"
lK,getlex.php?coord=4400135064027&word=6,,,,,,,,,,,,,
hyqyM,getlex.php?coord=4400135064028&word=0,"interj. vb. a/u G D C Dt Ct polel, pay/w c el ethpolal, ethpay/w c el",,,,,interrogative particle,interrogative particle,to rise; to stand; to last,to rise,,qwm,"interj. vb. a/u G D C Dt Ct polel, pay/w c el ethpolal, ethpay/w c el",interrogative particle | interrogative particle | to rise; to stand; to last | to rise
wbxrtK,getlex.php?coord=4400135054026&word=2,conj. prep. n.m.,,,,,"and, also","in, with",in,with (instrumental),,b_,conj. prep. n.m.,"and, also | in, with | in | with (instrumental)"
(mK,getlex.php?coord=4400135064027&word=0,prep.,,,,,with,"with, together with",at,"at the time of, during",,,prep.,"with | with, together with | at | at the time of, during"
lsth,getlex.php?coord=4400135054026&word=4,n.m.,,,,,"cheek, jaw","cheek, jaw",,,,,n.m.,"cheek, jaw | cheek, jaw"
bnyx,getlex.php?coord=4400135064027&word=1,prep. v.n.,,,,,"in, with",in,with (instrumental),among,,"nyḥ, nyḥˀ",prep. v.n.,"in, with | in | with (instrumental) | among"
tqwb,getlex.php?coord=4400135054026&word=3,vb. a/u G D C Gt,,,,,to pierce,to pierce,to dig,"to mark, indicate, specify",,,vb. a/u G D C Gt,"to pierce | to pierce | to dig | to mark, indicate, specify"
)nth,getlex.php?coord=4400136024109&word=0,n.f.,,,,,"woman, wife",woman,wife,,,,n.f.,"woman, wife | woman | wife"
b)ph,getlex.php?coord=4400135054026&word=1,prep. n.m.,,,,,"in, with",in,with (instrumental),among,,"ˀp, ˀpˀ",prep. n.m.,"in, with | in | with (instrumental) | among"
hymll,getlex.php?coord=4400135054027&word=0,interj. vb. D C Dt,,,,,interrogative particle,interrogative particle,D to speak,to speak,,mll,interj. vb. D C Dt,interrogative particle | interrogative particle | D to speak | to speak
)w,getlex.php?coord=4400135064027&word=2,conj.,,,,,or,or,ˀw  ... ˀw,": if . . . but if, whether . . . or",,,conj.,"or | or | ˀw  ... ˀw | : if . . . but if, whether . . . or"
bxbl,getlex.php?coord=4400135044025&word=3,prep. n.m.,,,,,"in, with",in,with (instrumental),among,,"ḥbl, ḥblˀ",prep. n.m.,"in, with | in | with (instrumental) | among"
ht$w),getlex.php?coord=4400135044026&word=0,interj. vb. a/e G D C Gt Dt Ct,,,,,interrogative particle,interrogative particle,to be equal; D to put down,"to be equal, worth",,šwy,interj. vb. a/e G D C Gt Dt Ct,"interrogative particle | interrogative particle | to be equal; D to put down | to be equal, worth"
txrz,getlex.php?coord=4400135044025&word=4,vb. a/u G C Gt,,,,,to pierce,to pierce as with a thorn or needle,"fig.: to arrange in order, bring together (words, stories, etc.)",w. על : to  pierce,,,vb. a/u G C Gt,"to pierce | to pierce as with a thorn or needle | fig.: to arrange in order, bring together (words, stories, etc.) | w. על : to  pierce"
)w,getlex.php?coord=4400135044025&word=2,conj.,,,,,or,or,ˀw  ... ˀw,": if . . . but if, whether . . . or",,,conj.,"or | or | ˀw  ... ˀw | : if . . . but if, whether . . . or"
zmM,getlex.php?coord=4400135054026&word=0,v.n.,,,,,muzzle,"reins, bridle","false accusation, evil plan = Hebrew זִימָה",,,,v.n.,"muzzle | reins, bridle | false accusation, evil plan = Hebrew זִימָה"
l$nh,getlex.php?coord=4400135044025&word=5,n.m.,,,,,tongue,(anat.) tongue,language,speech,,,n.m.,tongue | (anat.) tongue | language | speech
tnyN,getlex.php?coord=4400135044025&word=0,n.m.,,,,,sea serpent,sea serpent (or whale),"large serpent, adder",fig.:,,,n.m.,"sea serpent | sea serpent (or whale) | large serpent, adder | fig.:"
kbxkh,getlex.php?coord=4400135034024&word=3,prep. prep. n.f.,,,,,like,"like, according to",about (with numeral),conj.,,b_,prep. prep. n.f.,"like | like, according to | about (with numeral) | conj."
yklnh,getlex.php?coord=4400135034024&word=2,vb. e/u G C,,,,,to be able,to be able (capability),to overpower,(in prohibitive clauses) : to be empowered,,,vb. e/u G C,to be able | to be able (capability) | to overpower | (in prohibitive clauses) : to be empowered
yzyb,getlex.php?coord=4400135034024&word=4,vb. a/u G D C Dt,,,,,"to flow, to drip","to flow, to drip",to melt,"to make wash away, make decay",,,vb. a/u G D C Dt,"to flow, to drip | to flow, to drip | to melt | to make wash away, make decay"
)ph,getlex.php?coord=4400135034024&word=5,n.m.,,,,,nose,(anat.) nose,anger (Hebraism),pl. : face :,,,n.m.,nose | (anat.) nose | anger (Hebraism) | pl. : face :
b)r(?[,getlex.php?coord=4400135094030&word=3,prep. n.f.,,,,,"in, with",in,with (instrumental),among,,"ˀrˁ, ˀrˁˀ",prep. n.f.,"in, with | in | with (instrumental) | among"
bxk),getlex.php?coord=4400135044025&word=1,prep. n.f.,,,,,"in, with",in,with (instrumental),among,,"ḥkh, ḥktˀ",prep. n.f.,"in, with | in | with (instrumental) | among"
htgd,getlex.php?coord=4400135034025&word=0,interj. vb. i/u G D C Gt Dt,,,,,interrogative particle,interrogative particle,to draw towards oneself,(trans.): to draw something towards oneself; to stretch something,,ngd,interj. vb. i/u G D C Gt Dt,interrogative particle | interrogative particle | to draw towards oneself | (trans.): to draw something towards oneself; to stretch something
dy,getlex.php?coord=4400135024023&word=3,,,,,,,,,,,,,
g)ph,getlex.php?coord=4400135024023&word=1,n.m.,,,,,shore,"bank, shore",w.,ˁl,,,n.m.,"shore | bank, shore | w. | ˁl"
yqbl?nh,getlex.php?coord=4400135024023&word=4,vb. a/o G D C Gt Dt,,,,,to be opposed; D to receive,to confront in complaint (w.,"mn, ˁl",against),,,vb. a/o G D C Gt Dt,"to be opposed; D to receive | to confront in complaint (w. | mn, ˁl | against)"
",,",getlex.php?coord=4400135024023&word=6,,,,,,,,,,,,,
y?t?rxC,getlex.php?coord=4400135024023&word=2,vb. e/a G C Gt,,,,,"to trust, to rely","p.p. : to trust, to rely","b_, ˁl",on,,,vb. e/a G C Gt,"to trust, to rely | p.p. : to trust, to rely | b_, ˁl | on"
")?[,,]",getlex.php?coord=4400135024023&word=5,,,,,,,,,,,,,
yrdn),getlex.php?coord=4400135024023&word=0,,,,,,,,,,,,,
(ynwhy,getlex.php?coord=4400135034024&word=1,n.f.,,,,,eye; spring,(anat.) eye,"spring, fountain","that which is seen, appearance, aspect",,,n.f.,"eye; spring | (anat.) eye | spring, fountain | that which is seen, appearance, aspect"
"[,,,,,,]",getlex.php?coord=4400133103929&word=0,,,,,,,,,,,,,
",,,",getlex.php?coord=4400133093928&word=3,,,,,,,,,,,,,
"[,,,",getlex.php?coord=4400133103929&word=3,,,,,,,,,,,,,
y?x?c?)?,getlex.php?coord=4400133103929&word=1,vb. G D Gt,,,,,to pluck out,to pluck out,to pick one's teeth,to pluck out,,,vb. G D Gt,to pluck out | to pluck out | to pick one's teeth | to pluck out
m?)k?l,getlex.php?coord=4400133103929&word=2,n.m.,,,,,food,food,,,,,n.m.,food | food
"[,,,",getlex.php?coord=4400135014023&word=0,,,,,,,,,,,,,
wyqn?N?[,getlex.php?coord=4400133093928&word=2,conj. vb. G D C,,,,,"and, also",to build a nest,to build a nest,"to build a nest, establish a dwelling place",,qnn,conj. vb. G D C,"and, also | to build a nest | to build a nest | to build a nest, establish a dwelling place"
n?$?[r),getlex.php?coord=4400133083926&word=6,n.m.,,,,,"vulture, eagle","vulture, eagle (see note)",peak of a roof,,,,n.m.,"vulture, eagle | vulture, eagle (see note) | peak of a roof"
ytgb?[h],getlex.php?coord=4400133083926&word=5,vb. G C Gt,,,,,to be high,"to be high, raised up",p.p. :,see s.v.,,,vb. G C Gt,"to be high | to be high, raised up | p.p. : | see s.v."
y$kwN,getlex.php?coord=4400133093928&word=1,vb. a/a G D C Gt Dt,,,,,to inhabit; D to gift,"to inhabit, dwell in a place","to rest, settle down",to found a settlement (?),,,vb. a/a G D C Gt Dt,"to inhabit; D to gift | to inhabit, dwell in a place | to rest, settle down | to found a settlement (?)"
w?(wz)?,getlex.php?coord=4400133093927&word=0,conj. n.m.,,,,,"and, also",a large raptor,(zool.) a large raptor,,,"ˁwz, ˁwzˀ",conj. n.m.,"and, also | a large raptor | (zool.) a large raptor"
[b]kp),getlex.php?coord=4400133093928&word=0,prep. n.f./m.,,,,,"in, with",in,with (instrumental),among,,"kyp, kypˀ",prep. n.f./m.,"in, with | in | with (instrumental) | among"
qn?[h,getlex.php?coord=4400133093927&word=2,n.f.,,,,,nest,nest,a,paṭira,,,n.f.,nest | nest | a | paṭira
y?r?y?M,getlex.php?coord=4400133093927&word=1,"vb. a(i)/u G D C Ct polel, pay/w c el palpel quad ethpolal, ethpay/w c el ethpalpal quad T",,,,,to be high,to be high,p.p. :,see s.v.,,,"vb. a(i)/u G D C Ct polel, pay/w c el palpel quad ethpolal, ethpay/w c el ethpalpal quad T",to be high | to be high | p.p. : | see s.v.
knpw?h?[y],getlex.php?coord=4400133083926&word=0,n.f./(m.),,,,,wing,wing,"side, margin","bosom, lap, skirt",,,n.f./(m.),"wing | wing | side, margin | bosom, lap, skirt"
lrwxyN?,getlex.php?coord=4400133083926&word=1,n.f./m.,,,,,wind; spirit,wind,"spirit, motive intellectual or emotional force","demon, i.e., evil spirit",,,n.f./m.,"wind; spirit | wind | spirit, motive intellectual or emotional force | demon, i.e., evil spirit"
)w,getlex.php?coord=4400133083926&word=2,conj.,,,,,or,or,ˀw  ... ˀw,": if . . . but if, whether . . . or",,,conj.,"or | or | ˀw  ... ˀw | : if . . . but if, whether . . . or"
wyprws,getlex.php?coord=4400133073926&word=4,conj. vb. a/u G D C Gt Dt,,,,,"and, also",to spread,intransitive:  to spread,to spread something,,prs,conj. vb. a/u G D C Gt Dt,"and, also | to spread | intransitive:  to spread | to spread something"
(l,getlex.php?coord=4400133083926&word=3,prep.,,,,,upon; against; to,"upon, over, on to","against, over against","toward, to",,,prep.,"upon; against; to | upon, over, on to | against, over against | toward, to"
yst(r,getlex.php?coord=4400133073926&word=2,vb. Gt,,,,,Gt to take wing,to take wing,,,,,vb. Gt,Gt to take wing | to take wing
nc),getlex.php?coord=4400133073926&word=3,n.m.,,,,,"hawk, falcon",(zool.) a small diurnal raptor: hawk or falcon,,,,,n.m.,"hawk, falcon | (zool.) a small diurnal raptor: hawk or falcon"
m)mrK,getlex.php?coord=4400133083926&word=4,n.m.,,,,,speech,speech,word,memra,,,n.m.,speech | speech | word | memra
wz(qt,getlex.php?coord=4400133063925&word=4,conj. n.f.,,,,,"and, also",outcry,outcry,,,"zˁqh, zˁqtˀ",conj. n.f.,"and, also | outcry | outcry"
"[,,,",getlex.php?coord=4400133073925&word=1,,,,,,,,,,,,,
zyN,getlex.php?coord=4400133063925&word=3,n.m.,,,,,weapon,"weapon, weaponry",mˀn zyn,": article of weaponry, armor",,,n.m.,"weapon | weapon, weaponry | mˀn zyn | : article of weaponry, armor"
)$tdwr,getlex.php?coord=4400133063925&word=5,n.m.,,,,,rebellion,rebellion,,,,,n.m.,rebellion | rebellion
xkmtK,getlex.php?coord=4400133073926&word=1,n.f.,,,,,wisdom,wisdom,,,,,n.f.,wisdom | wisdom
hmN,getlex.php?coord=4400133073926&word=0,interj. prep.,,,,,interrogative particle,interrogative particle,from,from,,mn,interj. prep.,interrogative particle | interrogative particle | from | from
yxdh,getlex.php?coord=4400133073925&word=0,vb. a(i)/e G D C Gt Dt,,,,,to rejoice,to rejoice,fig. : to flourish verdantly,"imv. + ܐܡܪ : to say goodbye to, discard [Greek calque]",,,vb. a(i)/e G D C Gt Dt,"to rejoice | to rejoice | fig. : to flourish verdantly | imv. + ܐܡܪ : to say goodbye to, discard [Greek calque]"
yryx,getlex.php?coord=4400133063925&word=0,vb. a/u G D C Dt Ct,,,,,to breathe easily; D to placate,to breathe easily,"fig. : to revive, recover","to scent (?), to give off scent (?)",,,vb. a/u G D C Dt Ct,"to breathe easily; D to placate | to breathe easily | fig. : to revive, recover | to scent (?), to give off scent (?)"
wmN rxyq,getlex.php?coord=4400133053925&word=4,adv.,,,,,from afar,from afar,to afar (=Heb.),,,,adv.,from afar | from afar | to afar (=Heb.)
wlnq$t,getlex.php?coord=4400133063925&word=2,conj. n.f.,,,,,"and, also",pulsation,pulsation,"distinctive sound, clang",,"nqšh, nqštˀ",conj. n.f.,"and, also | pulsation | pulsation | distinctive sound, clang"
qrbh,getlex.php?coord=4400133063925&word=1,n.m.,,,,,"war, battle","war, battle",,,,,n.m.,"war, battle | war, battle"
bmTl,getlex.php?coord=4400135034024&word=0,prep. vb. a/u G D C Gt Dt,,,,,"in, with",in,with (instrumental),among,,nṭl,prep. vb. a/u G D C Gt Dt,"in, with | in | with (instrumental) | among"
syP,getlex.php?coord=4400133053923&word=3,n.m.,,,,,sword,sword,part of plow,,,,n.m.,sword | sword | part of plow
$lT,getlex.php?coord=4400133043923&word=2,n.m.,,,,,quiver,quiver,weapon,,,,n.m.,quiver | quiver | weapon
$nN,getlex.php?coord=4400133053923&word=0,n.m./f.,,,,,edge of a sword,"sharp edge, blade of a sword",point,"crag, point of a mountain",,,n.m./f.,"edge of a sword | sharp edge, blade of a sword | point | crag, point of a mountain"
(lwhy,getlex.php?coord=4400133043923&word=0,prep.,,,,,upon; against; to,"upon, over, on to","against, over against","toward, to",,,prep.,"upon; against; to | upon, over, on to | against, over against | toward, to"
wnzK,getlex.php?coord=4400133053923&word=1,conj. n.m.,,,,,"and, also",spear,spear,(astron.) falling star or comet,,"nyzk, nyzkˀ",conj. n.m.,"and, also | spear | spear | (astron.) falling star or comet"
ytlh,getlex.php?coord=4400133043923&word=1,vb. G C Gt Dt,,,,,to suspend,"to suspend, hang up",to lift up (esp. eyes),"fig. : to suspend certainty, be undecided, remain unfinished",,,vb. G C Gt Dt,"to suspend | to suspend, hang up | to lift up (esp. eyes) | fig. : to suspend certainty, be undecided, remain unfinished"
wxrP,getlex.php?coord=4400133053923&word=2,conj. n.m.,,,,,"and, also",sharp edge; sharpness,sharp edge,fig.:,,"ḥrp, ḥwrpˀ",conj. n.m.,"and, also | sharp edge; sharpness | sharp edge | fig.:"
wlql,getlex.php?coord=4400133053925&word=0,conj. n.m.,,,,,"and, also",voice,"voice, sound of a voice","sound, noise",,"ql, qlˀ",conj. n.m.,"and, also | voice | voice, sound of a voice | sound, noise"
h)x,getlex.php?coord=4400133053925&word=3,interj.,,,,,ho!,ho!,,,,,interj.,ho! | ho!
yzw(,getlex.php?coord=4400133043922&word=0,vb. a/u G D C Ct palpel ethpalpal,,,,,to move; to tremor,to move (intransitive),to be troubled,"fig. : to move, to perturb",,,vb. a/u G D C Ct palpel ethpalpal,"to move; to tremor | to move (intransitive) | to be troubled | fig. : to move, to perturb"
xrb,getlex.php?coord=4400133043922&word=5,n.f./m.,,,,,sword,sword,other sharp pointed weapon or implement,"fig.: slaughter, war",,,n.f./m.,"sword | sword | other sharp pointed weapon or implement | fig.: slaughter, war"
mN,getlex.php?coord=4400133043922&word=3,prep.,,,,,from,from,partitive,indicating the agent of a passive,,,prep.,from | from | partitive | indicating the agent of a passive
)npy,getlex.php?coord=4400133043922&word=4,n.m./f.pl.,,,,,face; surface,face,"(of ground, water) surface","way, manner, feature",,,n.m./f.pl.,"face; surface | face | (of ground, water) surface | way, manner, feature"
wl),getlex.php?coord=4400133043922&word=1,conj. adv.,,,,,"and, also","no, not",no! (as interj.),not (preceding and negating a predicate),,lˀ,conj. adv.,"and, also | no, not | no! (as interj.) | not (preceding and negating a predicate)"
wl),getlex.php?coord=4400133033922&word=3,conj. adv.,,,,,"and, also","no, not",no! (as interj.),not (preceding and negating a predicate),,lˀ,conj. adv.,"and, also | no, not | no! (as interj.) | not (preceding and negating a predicate)"
ytwb,getlex.php?coord=4400133043922&word=2,vb. a/u G C Ct palpel ethpalpal,,,,,to return,to return (intransitive),"to change direction, turn away",as co-verb : to do again,,,vb. a/u G C Ct palpel ethpalpal,"to return | to return (intransitive) | to change direction, turn away | as co-verb : to do again"
l)npy,getlex.php?coord=4400133033921&word=2,n.m./f.pl.,,,,,face; surface,face,"(of ground, water) surface","way, manner, feature",,,n.m./f.pl.,"face; surface | face | (of ground, water) surface | way, manner, feature"
(l,getlex.php?coord=4400133033922&word=1,prep.,,,,,upon; against; to,"upon, over, on to","against, over against","toward, to",,,prep.,"upon; against; to | upon, over, on to | against, over against | toward, to"
xrb,getlex.php?coord=4400133033921&word=3,n.f./m.,,,,,sword,sword,other sharp pointed weapon or implement,"fig.: slaughter, war",,,n.f./m.,"sword | sword | other sharp pointed weapon or implement | fig.: slaughter, war"
yx)K,getlex.php?coord=4400133033922&word=0,vb. G D C,,,,,to laugh,"to laugh, smile",to play wantonly,"to jest, play wantonly",,,vb. G D C,"to laugh | to laugh, smile | to play wantonly | to jest, play wantonly"
dxlh,getlex.php?coord=4400133033922&word=2,n.f.,,,,,fear; faith,fear,"religion, belief in a divinity",wound (?),,,n.f.,"fear; faith | fear | religion, belief in a divinity | wound (?)"
yxpr,getlex.php?coord=4400133023921&word=0,vb. a/a G D Gt,,,,,to dig,"to dig, excavate","to spy out, search for [Heb.]",to dig,,,vb. a/a G D Gt,"to dig | to dig, excavate | to spy out, search for [Heb.] | to dig"
)ymh,getlex.php?coord=4400133023920&word=1,vb. prep. n.m. D Dt,,,,,D to announce,"to announce, proclaim",to be announced,to receive news,,b_,vb. prep. n.m. D Dt,"D to announce | to announce, proclaim | to be announced | to receive news"
wyxd)?,getlex.php?coord=4400133023921&word=3,conj. vb. a(i)/e G D C Gt Dt,,,,,"and, also",to rejoice,to rejoice,fig. : to flourish verdantly,,ḥdy,conj. vb. a(i)/e G D C Gt Dt,"and, also | to rejoice | to rejoice | fig. : to flourish verdantly"
wyrwT,getlex.php?coord=4400133023921&word=2,conj. vb. a/u G D Dt,,,,,"and, also",to run; Dt to vibrate,to run,"p.p. : put into motion, startled",,rwṭ,conj. vb. a/u G D Dt,"and, also | to run; Dt to vibrate | to run | p.p. : put into motion, startled"
wdxlh,getlex.php?coord=4400133023920&word=2,n.f.,,,,,fear,fear,"appearance invoking fear, awesomeness",,,,n.f.,"fear | fear | appearance invoking fear, awesomeness"
bbq(,getlex.php?coord=4400133023921&word=1,n.m.,,,,,"crack, crevice","crack, crevice",,,,,n.m.,"crack, crevice | crack, crevice"
bsrwhy/b<nxy>rwhy/,getlex.php?coord=4400133023920&word=0,,,,,,,,,,,,,
bt?q?P?[,getlex.php?coord=4400133013920&word=2,prep. n.m.,,,,,"in, with",in,with (instrumental),among,,"tqwp, twqpˀ",prep. n.m.,"in, with | in | with (instrumental) | among"
b]nyryh,getlex.php?coord=4400132093910&word=2,prep. n.m.,,,,,"in, with",in,with (instrumental),among,,"nyr, nyrˀ",prep. n.m.,"in, with | in | with (instrumental) | among"
"[,,,]",getlex.php?coord=4400133013920&word=0,,,,,,,,,,,,,
",,,",getlex.php?coord=4400132093910&word=1,,,,,,,,,,,,,
htzy(nh,getlex.php?coord=4400133013920&word=1,interj. vb. a/u G D C Ct palpel ethpalpal,,,,,interrogative particle,interrogative particle,to move; to tremor,to move (intransitive),,zwˁ,interj. vb. a/u G D C Ct palpel ethpalpal,interrogative particle | interrogative particle | to move; to tremor | to move (intransitive)
",,,",getlex.php?coord=4400133013920&word=3,,,,,,,,,,,,,
wbxyl,getlex.php?coord=4400133033921&word=0,conj. prep. n.m.(f.),,,,,"and, also","in, with",in,with (instrumental),,b_,conj. prep. n.m.(f.),"and, also | in, with | in | with (instrumental)"
hybyt,getlex.php?coord=4400132083909&word=4,interj. vb. a/i(u) G D C,,,,,interrogative particle,interrogative particle,to spend the night,"to spend the night, lodge",,bwt,interj. vb. a/i(u) G D C,"interrogative particle | interrogative particle | to spend the night | to spend the night, lodge"
(l,getlex.php?coord=4400132083909&word=5,prep.,,,,,upon; against; to,"upon, over, on to","against, over against","toward, to",,,prep.,"upon; against; to | upon, over, on to | against, over against | toward, to"
)?w?,getlex.php?coord=4400132083909&word=3,conj.,,,,,or,or,ˀw  ... ˀw,": if . . . but if, whether . . . or",,,conj.,"or | or | ˀw  ... ˀw | : if . . . but if, whether . . . or"
)wryK,getlex.php?coord=4400132093909&word=0,n.m.,,,,,animal pen,"animal pen, manger",grain storage structure,,,,n.m.,"animal pen | animal pen, manger | grain storage structure"
l]m?plxK,getlex.php?coord=4400132083909&word=2,"vb. a/a,u G D C Gt Dt",,,,,to work,to work,"to labor at (work, job), work for",to serve,,,"vb. a/a,u G D C Gt Dt","to work | to work | to labor at (work, job), work for | to serve"
htqTr?[,getlex.php?coord=4400132093910&word=0,interj. vb. a/a G D C Gt Dt,,,,,interrogative particle,interrogative particle,to bind,"to bind, tie on, tie together",,qṭr,interj. vb. a/a G D C Gt Dt,"interrogative particle | interrogative particle | to bind | to bind, tie on, tie together"
y)mr,getlex.php?coord=4400133053925&word=2,vb. a/a G Gt,,,,,to say,to say,to command,"to say to oneself, to have a thought",,,vb. a/a G Gt,"to say | to say | to command | to say to oneself, to have a thought"
qrn),getlex.php?coord=4400133053925&word=1,n.f.,,,,,horn; angle,horn,corner,"capital funds, principal, intrinsic value",,,n.f.,"horn; angle | horn | corner | capital funds, principal, intrinsic value"
w]btr,getlex.php?coord=4400132073908&word=4,conj. prep.,,,,,"and, also",after,after,conj.: after,,btr,conj. prep.,"and, also | after | after | conj.: after"
kl,getlex.php?coord=4400132073908&word=5,n.(pr.),,,,,"all, every",alone preceding a noun (technically the construct state!) :,as a postpositive with resumptive pronominal suffixes,emphatic state :,,,n.(pr.),"all, every | alone preceding a noun (technically the construct state!) : | as a postpositive with resumptive pronominal suffixes | emphatic state :"
yrwq,getlex.php?coord=4400132073908&word=6,adj./n.,,,,,"yellow-green, vegetable","adj.: yellow-green, green-blue","green stuff, vegetable",a yellow-green gem,,,adj./n.,"yellow-green, vegetable | adj.: yellow-green, green-blue | green stuff, vegetable | a yellow-green gem"
yrdP,getlex.php?coord=4400132083908&word=0,vb. a/u(a) G D C Gt,,,,,"to follow, pursue",w. d.o. or,btr,: to pursue,,,vb. a/u(a) G D C Gt,"to follow, pursue | w. d.o. or | btr | : to pursue"
lr([yh,getlex.php?coord=4400132073908&word=3,n.m.,,,,,pasture,pasture,(bot.) plant names,,,,n.m.,pasture | pasture | (bot.) plant names
hyb),getlex.php?coord=4400132083909&word=0,interj. vb. a/e G Gt,,,,,interrogative particle,interrogative particle,"to want, to wish","to want, to wish",,ˀby,interj. vb. a/e G Gt,"interrogative particle | interrogative particle | to want, to wish | to want, to wish"
qr?y?)?,getlex.php?coord=4400132063907&word=4,n.f.,,,,,"city, town; village","small city, town",village,"field, agricultural property",,,n.f.,"city, town; village | small city, town | village | field, agricultural property"
w?n?g$t,getlex.php?coord=4400132063907&word=5,conj. n.f.,,,,,"and, also",pulsation,pulsation,"distinctive sound, clang",,"nqšh, nqštˀ",conj. n.f.,"and, also | pulsation | pulsation | distinctive sound, clang"
y$m(,getlex.php?coord=4400132073907&word=0,vb. a/a(u) G D C Gt,,,,,to hear,to hear (w. d.o. or,b_,) something,,,vb. a/a(u) G D C Gt,to hear | to hear (w. d.o. or | b_ | ) something
wybxr,getlex.php?coord=4400132073908&word=0,conj. vb. a/a(u) G D C Gt Dt,,,,,"and, also",to choose,to choose,"to examine, test",,bḥr,conj. vb. a/a(u) G D C Gt Dt,"and, also | to choose | to choose | to examine, test"
$lyT,getlex.php?coord=4400132063907&word=6,adj.,,,,,ruling; ruler; permitted,"ruling, having power (",replaces the active ptcp. of,šlṭ,,,adj.,"ruling; ruler; permitted | ruling, having power ( | replaces the active ptcp. of | šlṭ"
l),getlex.php?coord=4400132063907&word=7,adv.,,,,,"no, not",no! (as interj.),not (preceding and negating a predicate),"compounded with adjectives, nouns, abstracts, and adverbs  ='un-', 'non', 'in-'",,,adv.,"no, not | no! (as interj.) | not (preceding and negating a predicate) | compounded with adjectives, nouns, abstracts, and adverbs  ='un-', 'non', 'in-'"
lh,getlex.php?coord=4400132073908&word=1,,,,,,,,,,,,,
mhm),getlex.php?coord=4400132063907&word=2,n.f.,,,,,noise,noise,,,,,n.f.,noise | noise
yx)K,getlex.php?coord=4400132063907&word=0,vb. G D C,,,,,to laugh,"to laugh, smile",to play wantonly,"to jest, play wantonly",,,vb. G D C,"to laugh | to laugh, smile | to play wantonly | to jest, play wantonly"
(l,getlex.php?coord=4400132063907&word=1,prep.,,,,,upon; against; to,"upon, over, on to","against, over against","toward, to",,,prep.,"upon; against; to | upon, over, on to | against, over against | toward, to"
wmdrh,getlex.php?coord=4400132053906&word=4,conj. n.m.,,,,,"and, also",dwelling place,"dwelling place, home place",small compartment,,"mdwr, mdwrˀ",conj. n.m.,"and, also | dwelling place | dwelling place, home place | small compartment"
byth,getlex.php?coord=4400132053906&word=3,n.m./f.,,,,,house; structure; place,house: a building for dwelling,a structure,"place, area, home",,,n.m./f.,"house; structure; place | house: a building for dwelling | a structure | place, area, home"
mlyxh,getlex.php?coord=4400132053906&word=6,adj.,,,,,salty; salted,salty,salted,,,,adj.,salty; salted | salty | salted
tqP,getlex.php?coord=4400132063907&word=3,n.m.,,,,,"strength, vigor","strength, vigor","hill, high point","(of behavior) anger, domineering",,,n.m.,"strength, vigor | strength, vigor | hill, high point | (of behavior) anger, domineering"
b)^r^(,getlex.php?coord=4400132053906&word=5,prep. n.f.,,,,,"in, with",in,with (instrumental),among,,"ˀrˁ, ˀrˁˀ",prep. n.f.,"in, with | in | with (instrumental) | among"
dy,getlex.php?coord=4400132053906&word=0,,,,,,,,,,,,,
$wyt,getlex.php?coord=4400132053906&word=1,vb. a/e G D C Gt Dt Ct,,,,,to be equal; D to put down,"to be equal, worth","to be worthy of, merit",to constitute,,,vb. a/e G D C Gt Dt Ct,"to be equal; D to put down | to be equal, worth | to be worthy of, merit | to constitute"
dx$t,getlex.php?coord=4400132053906&word=2,n.m.,,,,,steppe,steppe,,,,,n.m.,steppe | steppe
(rd),getlex.php?coord=4400132043905&word=5,n.m.,,,,,wild ass,wild ass,catapult [Greek calque],,,,n.m.,wild ass | wild ass | catapult [Greek calque]
wxnqy,getlex.php?coord=4400132043905&word=4,conj. v.n.,,,,,"and, also",suffocation; choking,suffocation,"pl. : chains, choke-ropes",,"ḥnq, ḥnqˀ",conj. v.n.,"and, also | suffocation; choking | suffocation | pl. : chains, choke-ropes"
mN,getlex.php?coord=4400132043905&word=6,pron.,,,,,who?,"who, whom?","one who, one whom","introducing hypothetical exclamations, commonly with ""to give""",,,pron.,"who? | who, whom? | one who, one whom | introducing hypothetical exclamations, commonly with ""to give"""
$r),getlex.php?coord=4400132053905&word=0,vb. G D C Gt Dt,,,,,to loosen; D to begin,"to loosen, untie",to permit,intransitive,,,vb. G D C Gt Dt,"to loosen; D to begin | to loosen, untie | to permit | intransitive"
brxryN,getlex.php?coord=4400132043905&word=3,n.m./f.,,,,,"free, free individual",free individual,of things and animals,"adv.: freely, by oneself",,,n.m./f.,"free, free individual | free individual | of things and animals | adv.: freely, by oneself"
ynpq,getlex.php?coord=4400133033921&word=1,vb. a/u G D C Dt Ct,,,,,to go out,"to go out, come out, leave","to turn into, end up differently from how it started","to be spent, i.e. used up, consumed",,,vb. a/u G D C Dt Ct,"to go out | to go out, come out, leave | to turn into, end up differently from how it started | to be spent, i.e. used up, consumed"
$lx,getlex.php?coord=4400132043905&word=1,vb. a/a(u) G D C Gt Dt Ct,,,,,to send,"to send (something or someone, but see note)","to send word; order, summon","to let loose, release, dismiss",,,vb. a/a(u) G D C Gt Dt Ct,"to send | to send (something or someone, but see note) | to send word; order, summon | to let loose, release, dismiss"
wl),getlex.php?coord=4400132033904&word=4,conj. adv.,,,,,"and, also","no, not",no! (as interj.),not (preceding and negating a predicate),,lˀ,conj. adv.,"and, also | no, not | no! (as interj.) | not (preceding and negating a predicate)"
(lyhN,getlex.php?coord=4400132043904&word=0,prep.,,,,,upon; against; to,"upon, over, on to","against, over against","toward, to",,,prep.,"upon; against; to | upon, over, on to | against, over against | toward, to"
tbw),getlex.php?coord=4400132033904&word=5,vb. a/u G C Ct palpel ethpalpal,,,,,to return,to return (intransitive),"to change direction, turn away",as co-verb : to do again,,,vb. a/u G C Ct palpel ethpalpal,"to return | to return (intransitive) | to change direction, turn away | as co-verb : to do again"
mN,getlex.php?coord=4400132043905&word=0,pron.,,,,,who?,"who, whom?","one who, one whom","introducing hypothetical exclamations, commonly with ""to give""",,,pron.,"who? | who, whom? | one who, one whom | introducing hypothetical exclamations, commonly with ""to give"""
pr)h,getlex.php?coord=4400132043905&word=2,n.m.,,,,,dawn (??),dawn(?),,,,,n.m.,dawn (??) | dawn(?)
yq$N,getlex.php?coord=4400132033904&word=0,vb. a/a G D Gt Dt Ct,,,,,to grow old,to grow old,to mature,to declare elder,,,vb. a/a G D Gt Dt Ct,to grow old | to grow old | to mature | to declare elder
bnyhN,getlex.php?coord=4400132033904&word=1,n.m.,,,,,son,"son, child",member of the same cohort (,see also 'compounds' 3.2),,,n.m.,"son | son, child | member of the same cohort ( | see also 'compounds' 3.2)"
npqw,getlex.php?coord=4400132033904&word=3,vb. a/u G D C Dt Ct,,,,,to go out,"to go out, come out, leave","to turn into, end up differently from how it started","to be spent, i.e. used up, consumed",,,vb. a/u G D C Dt Ct,"to go out | to go out, come out, leave | to turn into, end up differently from how it started | to be spent, i.e. used up, consumed"
r)m?[),getlex.php?coord=4400132083909&word=1,n.m.,,,,,buffalo,"(zool.) buffalo, aurochs",unicorn,,,,n.m.,"buffalo | (zool.) buffalo, aurochs | unicorn"
wypqN,getlex.php?coord=4400132033904&word=2,conj. vb. a/u G D C Dt Ct,,,,,"and, also",to go out,"to go out, come out, leave","to turn into, end up differently from how it started",,npq,conj. vb. a/u G D C Dt Ct,"and, also | to go out | to go out, come out, leave | to turn into, end up differently from how it started"
wtnd(,getlex.php?coord=4400132023902&word=1,conj. vb. a/a G C Gt Ct quad quad T,,,,,"and, also",to know,to know,to cohabit with,,ydˁ,conj. vb. a/a G C Gt Ct quad quad T,"and, also | to know | to know | to cohabit with"
y]r?x^y^hyN,getlex.php?coord=4400132013902&word=1,n.m.,,,,,month,month,moon,phase of the moon (?),,,n.m.,month | month | moon | phase of the moon (?)
$lmyN,getlex.php?coord=4400132023902&word=0,adj.,,,,,whole,whole,"fitting, conforming",at peace,,,adj.,"whole | whole | fitting, conforming | at peace"
(dN,getlex.php?coord=4400132023902&word=2,n.m.,,,,,set time,"set time, proper time",moment,"time, as passing",,,n.m.,"set time | set time, proper time | moment | time, as passing"
yldN,getlex.php?coord=4400132023903&word=0,vb. e/a G D C Gt Dt Ct,,,,,to give birth; C to produce,to give birth,to beget,"metaph.: to produce, come up with",,,vb. e/a G D C Gt Dt Ct,"to give birth; C to produce | to give birth | to beget | metaph.: to produce, come up with"
mwldhyN,getlex.php?coord=4400132023902&word=3,n.m.,,,,,birth,birth,production,delivery (birth as a process),,,n.m.,birth | birth | production | delivery (birth as a process)
Twry[N],getlex.php?coord=4400132073908&word=2,n.m.,,,,,mountain,mountain,"high pasture, field",parapet (?),,,n.m.,"mountain | mountain | high pasture, field | parapet (?)"
wxblyhN,getlex.php?coord=4400132033903&word=0,conj. v.n.,,,,,"and, also",damage,"damage, injury",pl.: alas ;,,"ḥbl, ḥblˀ",conj. v.n.,"and, also | damage | damage, injury | pl.: alas ;"
wyplTN,getlex.php?coord=4400132023903&word=2,"conj. vb. a/a, a/u G D C Gt Dt",,,,,"and, also",to escape,(intransitive) to escape,(trans.) to eject,,plṭ,"conj. vb. a/a, a/u G D C Gt Dt","and, also | to escape | (intransitive) to escape | (trans.) to eject"
w?x?b?]ly,getlex.php?coord=4400132013901&word=3,conj. v.n.,,,,,"and, also",damage,"damage, injury",pl.: alas ;,,"ḥbl, ḥblˀ",conj. v.n.,"and, also | damage | damage, injury | pl.: alas ;"
"[,,,",getlex.php?coord=4400132013902&word=0,,,,,,,,,,,,,
kp)?,getlex.php?coord=4400132013901&word=2,n.f./m.,,,,,"rock, stone",crag,stone,idiomatic usages,,,n.f./m.,"rock, stone | crag | stone | idiomatic usages"
y(ly,getlex.php?coord=4400132013901&word=1,n.m.,,,,,ibex,(zool.) ibex,rhinoceros (?),,,,n.m.,ibex | (zool.) ibex | rhinoceros (?)
",,,",getlex.php?coord=4400132013901&word=4,,,,,,,,,,,,,
npyl)[,getlex.php?coord=4400131083831&word=4,n.m.,,,,,giant,giant,(astron.) Orion,,,,n.m.,giant | giant | (astron.) Orion
"[,,,]",getlex.php?coord=4400132013901&word=0,,,,,,,,,,,,,
]kym),getlex.php?coord=4400131083831&word=1,n.m.,,,,,Pleiades,(astron.) Pleiades,(astron.) Coma Berenices (?),,,,n.m.,Pleiades | (astron.) Pleiades | (astron.) Coma Berenices (?)
)w,getlex.php?coord=4400131083831&word=2,conj.,,,,,or,or,ˀw  ... ˀw,": if . . . but if, whether . . . or",,,conj.,"or | or | ˀw  ... ˀw | : if . . . but if, whether . . . or"
"[,,,,](?,[,,,,",getlex.php?coord=4400131083831&word=0,,,,,,,,,,,,,
syg,getlex.php?coord=4400131083831&word=3,v.n.,,,,,"fencing in, fence","fence, wall (",typically separating fields or paths from fields,),,,v.n.,"fencing in, fence | fence, wall ( | typically separating fields or paths from fields | )"
mnh,getlex.php?coord=4400131073830&word=3,prep.,,,,,from,from,partitive,indicating the agent of a passive,,,prep.,from | from | partitive | indicating the agent of a passive
htqrmw,getlex.php?coord=4400131073830&word=2,vb. a/u G D Gt,,,,,to cover,"to spread over tightly, cover (intransitive)","to spread s.t over, cover",to spread s.t. over thoroughly,,,vb. a/u G D Gt,"to cover | to spread over tightly, cover (intransitive) | to spread s.t over, cover | to spread s.t. over thoroughly"
k)[bN],getlex.php?coord=4400131073830&word=0,prep. n.f.,,,,,like,"like, according to",about (with numeral),conj.,,"ˀbn, ˀbnˀ",prep. n.f.,"like | like, according to | about (with numeral) | conj."
m?yN,getlex.php?coord=4400131073830&word=1,n.m.pl.,,,,,water,water,"juice, fluid",semen,,,n.m.pl.,"water | water | juice, fluid | semen"
w)npy,getlex.php?coord=4400131073830&word=4,conj. n.m./f.pl.,,,,,"and, also",face; surface,face,"(of ground, water) surface",,"ˀpyn, ˀpyˀ",conj. n.m./f.pl.,"and, also | face; surface | face | (of ground, water) surface"
yld]h?,getlex.php?coord=4400131073829&word=1,vb. e/a G D C Gt Dt Ct,,,,,to give birth; C to produce,to give birth,to beget,"metaph.: to produce, come up with",,,vb. e/a G D C Gt Dt Ct,"to give birth; C to produce | to give birth | to beget | metaph.: to produce, come up with"
t?h?^w^[m),getlex.php?coord=4400131073830&word=5,n.m.,,,,,abyss,abyss,subterranean waters,,,,n.m.,abyss | abyss | subterranean waters
glyd),getlex.php?coord=4400131063829&word=4,n.m.,,,,,"ice, frost","ice, frost",bitter cold,,,,n.m.,"ice, frost | ice, frost | bitter cold"
mN,getlex.php?coord=4400131063829&word=2,pron.,,,,,who?,"who, whom?","one who, one whom","introducing hypothetical exclamations, commonly with ""to give""",,,pron.,"who? | who, whom? | one who, one whom | introducing hypothetical exclamations, commonly with ""to give"""
w$yqy?[h,getlex.php?coord=4400131063829&word=5,conj. n.m.,,,,,"and, also",irrigation,irrigation,"pool, canal",,"šqy, šqyˀ",conj. n.m.,"and, also | irrigation | irrigation | pool, canal"
wmN,getlex.php?coord=4400131063829&word=0,conj. prep.,,,,,"and, also",from,from,partitive,,mn,conj. prep.,"and, also | from | from | partitive"
Tl),getlex.php?coord=4400131063828&word=2,n.m.,,,,,dew,dew,resin,,,,n.m.,dew | dew | resin
bTN,getlex.php?coord=4400131063829&word=1,n.m.,,,,,womb; conception,womb,conception,fetus,,,n.m.,womb; conception | womb | conception | fetus
npq,getlex.php?coord=4400131063829&word=3,vb. a/u G D C Dt Ct,,,,,to go out,"to go out, come out, leave","to turn into, end up differently from how it started","to be spent, i.e. used up, consumed",,,vb. a/u G D C Dt Ct,"to go out | to go out, come out, leave | to turn into, end up differently from how it started | to be spent, i.e. used up, consumed"
m?[N,getlex.php?coord=4400131073829&word=0,pron.,,,,,who?,"who, whom?","one who, one whom","introducing hypothetical exclamations, commonly with ""to give""",,,pron.,"who? | who, whom? | one who, one whom | introducing hypothetical exclamations, commonly with ""to give"""
yld?,getlex.php?coord=4400131063828&word=0,vb. e/a G D C Gt Dt Ct,,,,,to give birth; C to produce,to give birth,to beget,"metaph.: to produce, come up with",,,vb. e/a G D C Gt Dt Ct,"to give birth; C to produce | to give birth | to beget | metaph.: to produce, come up with"
bnyhN,getlex.php?coord=4400132023903&word=1,n.m.,,,,,son,"son, child",member of the same cohort (,see also 'compounds' 3.2),,,n.m.,"son | son, child | member of the same cohort ( | see also 'compounds' 3.2)"
mN,getlex.php?coord=4400131053828&word=4,pron.,,,,,who?,"who, whom?","one who, one whom","introducing hypothetical exclamations, commonly with ""to give""",,,pron.,"who? | who, whom? | one who, one whom | introducing hypothetical exclamations, commonly with ""to give"""
tw$r,getlex.php?coord=4400132033903&word=1,vb. C,,,,,"C to transmit (goods, greetings)","to transmit (goods, greetings)","to release, dismiss",,,,vb. C,"C to transmit (goods, greetings) | to transmit (goods, greetings) | to release, dismiss"
)b,getlex.php?coord=4400131053828&word=2,n.m.,,,,,father,father,"ancestor, forefather",ˀabbā,,,n.m.,"father | father | ancestor, forefather | ˀabbā"
)w,getlex.php?coord=4400131053828&word=3,conj.,,,,,or,or,ˀw  ... ˀw,": if . . . but if, whether . . . or",,,conj.,"or | or | ˀw  ... ˀw | : if . . . but if, whether . . . or"
lmTr),getlex.php?coord=4400131053828&word=1,n.m.,,,,,rain,rain,nḥt mṭr,: to rain,,,n.m.,rain | rain | nḥt mṭr | : to rain
[(]n?ny,getlex.php?coord=4400131063828&word=1,n.m./.f.,,,,,cloud,cloud,(chem.) a name for mercury,cloudiness,,,n.m./.f.,cloud | cloud | (chem.) a name for mercury | cloudiness
wlhnpqh,getlex.php?coord=4400131053827&word=0,conj. vb. a/u G D C Dt Ct,,,,,"and, also",to go out,"to go out, come out, leave","to turn into, end up differently from how it started",,npq,conj. vb. a/u G D C Dt Ct,"and, also | to go out | to go out, come out, leave | to turn into, end up differently from how it started"
cmxy,getlex.php?coord=4400131053827&word=1,n.m.,,,,,splendor; growth,"splendor, bright light",plant growth,"fig. : salvation, Messiah",,,n.m.,"splendor; growth | splendor, bright light | plant growth | fig. : salvation, Messiah"
h)yty,getlex.php?coord=4400131053828&word=0,interj. vb./adv.,,,,,interrogative particle,interrogative particle,"there is, exists",there exists,,ˀyt,interj. vb./adv.,"interrogative particle | interrogative particle | there is, exists | there exists"
dt)h,getlex.php?coord=4400131053827&word=2,n.m.,,,,,grass,"grass, ground vegetation",,,,,n.m.,"grass | grass, ground vegetation"
(l,getlex.php?coord=4400131033826&word=1,prep.,,,,,upon; against; to,"upon, over, on to","against, over against","toward, to",,,prep.,"upon; against; to | upon, over, on to | against, over against | toward, to"
)r(,getlex.php?coord=4400131033826&word=2,n.f.,,,,,ground; land; Earth,ground,"land, country",the Earth,,,n.f.,"ground; land; Earth | ground | land, country | the Earth"
l(nnyN,getlex.php?coord=4400131033825&word=3,n.m./.f.,,,,,cloud,cloud,(chem.) a name for mercury,cloudiness,,,n.m./.f.,cloud | cloud | (chem.) a name for mercury | cloudiness
mdbr,getlex.php?coord=4400131043826&word=0,n.m.,,,,,desert,desert,high desert scrubland for pasturing,,,,n.m.,desert | desert | high desert scrubland for pasturing
)n$,getlex.php?coord=4400131043826&word=2,n.m.,,,,,"person, someone","person, someone","Man, humanity (usually in the emphatic)","often in the absolute state (i.e., as a pronoun, even in Eastern Aramaic):",,,n.m.,"person, someone | person, someone | Man, humanity (usually in the emphatic) | often in the absolute state (i.e., as a pronoun, even in Eastern Aramaic):"
qlylyN,getlex.php?coord=4400131033825&word=4,adj.,,,,,light; quick; few,light,"quick, swift","few, of little amount",,,adj.,"light; quick; few | light | quick, swift | few, of little amount"
dy l),getlex.php?coord=4400131043826&word=1,prep.,,,,,without,without,,,,,prep.,without | without
lhsb(h,getlex.php?coord=4400131043827&word=0,vb. a/a G D C Gt Dt Ct,,,,,to be sated,to be sated,fig. : to have enough (of),"to satisfy, satisfy with",,,vb. a/a G D C Gt Dt Ct,"to be sated | to be sated | fig. : to have enough (of) | to satisfy, satisfy with"
bh,getlex.php?coord=4400131043826&word=3,prep.,,,,,"in, with",in,with (instrumental),among,,,prep.,"in, with | in | with (instrumental) | among"
lhnxth,getlex.php?coord=4400131033826&word=0,vb. e(a)/u G D C Gt Dt Ct,,,,,to descend,"to descend, go down physically",fig.,to go inward,,,vb. e(a)/u G D C Gt Dt Ct,"to descend | to descend, go down physically | fig. | to go inward"
w)rx,getlex.php?coord=4400131033825&word=2,conj. n.f.,,,,,"and, also","way, road",road,"way of life, behavior",,"ˀwrḥ, ˀwrḥˀ",conj. n.f.,"and, also | way, road | road | way of life, behavior"
mN,getlex.php?coord=4400131023825&word=0,prep.,,,,,from,from,partitive,indicating the agent of a passive,,,prep.,from | from | partitive | indicating the agent of a passive
)r(),getlex.php?coord=4400131023824&word=5,n.f.,,,,,ground; land; Earth,ground,"land, country",the Earth,,,n.f.,"ground; land; Earth | ground | land, country | the Earth"
zmN,getlex.php?coord=4400131033825&word=1,n.f./m.,,,,,set time; instance,set time,instance,pl. abs. : sometimes,,,n.f./m.,set time; instance | set time | instance | pl. abs. : sometimes
lmTr),getlex.php?coord=4400131033825&word=0,n.m.,,,,,rain,rain,nḥt mṭr,: to rain,,,n.m.,rain | rain | nḥt mṭr | : to rain
w$byqh,getlex.php?coord=4400131043827&word=2,conj. vb. a/u G D C Gt,,,,,"and, also",to leave; to permit,"to leave, depart from",to leave something left over,,šbq,conj. vb. a/u G D C Gt,"and, also | to leave; to permit | to leave, depart from | to leave something left over"
$wy),getlex.php?coord=4400131023825&word=1,vb. a/e G D C Gt Dt Ct,,,,,to be equal; D to put down,"to be equal, worth","to be worthy of, merit",to constitute,,,vb. a/e G D C Gt Dt Ct,"to be equal; D to put down | to be equal, worth | to be worthy of, merit | to constitute"
qdmwhy,getlex.php?coord=4400131023824&word=3,prep.,,,,,before,before,as a substantive : front part,,,,prep.,before | before | as a substantive : front part
hyk),getlex.php?coord=4400131023824&word=0,adv.,,,,,how,"how, in the manner of",as an interrogative: how?,,,,adv.,"how | how, in the manner of | as an interrogative: how?"
ypq,getlex.php?coord=4400131023824&word=1,vb. a/u G D C Dt Ct,,,,,to go out,"to go out, come out, leave","to turn into, end up differently from how it started","to be spent, i.e. used up, consumed",,,vb. a/u G D C Dt Ct,"to go out | to go out, come out, leave | to turn into, end up differently from how it started | to be spent, i.e. used up, consumed"
(l,getlex.php?coord=4400131023824&word=4,prep.,,,,,upon; against; to,"upon, over, on to","against, over against","toward, to",,,prep.,"upon; against; to | upon, over, on to | against, over against | toward, to"
wt$wb,getlex.php?coord=4400131023824&word=2,conj. vb. a/u G D C Gt,,,,,"and, also",to blow,to blow (wind),"+ מן : to blow off of, spark from",,nšb,conj. vb. a/u G D C Gt,"and, also | to blow | to blow (wind) | + מן : to blow off of, spark from"
"[,,,,]",getlex.php?coord=4400131013823&word=0,,,,,,,,,,,,,
w)$tdw?[r,getlex.php?coord=4400131013823&word=3,conj. n.m.,,,,,"and, also",rebellion,rebellion,,,ˀštdwr,conj. n.m.,"and, also | rebellion | rebellion"
$yt),getlex.php?coord=4400131043827&word=1,n.m.,,,,,thorns,"thorns, thorny ground",,,,,n.m.,"thorns | thorns, thorny ground"
lywM,getlex.php?coord=4400131013823&word=1,n.m.,,,,,day,day,pl.: time period,"daytime, sun light (",,,n.m.,"day | day | pl.: time period | daytime, sun light ("
qrb,getlex.php?coord=4400131013823&word=2,n.m.,,,,,"war, battle","war, battle",,,,,n.m.,"war, battle | war, battle"
