text,url,lexicon_0,lexicon_1,lexicon_2,lexicon_3,lexicon_4,meaning_0,meaning_1,meaning_2,meaning_3,text_transformed,Lema,merged_lexicon,merged_meanings
wkny$t,getlex.php?coord=444040723&word=3,,,,,,,,,,,,,
)l.,getlex.php?coord=444040723&word=1,,,,,,,,,,,,,
wlb(yr),getlex.php?coord=444040626&word=2,conj. n.f./m.,,,,,"and, also","animal, beast","collective: animals, beasts",as a singular animal,,"bˁyr, bˁyrˀ",conj. n.f./m.,"and, also | animal, beast | collective: animals, beasts | as a singular animal"
....hwN,getlex.php?coord=444040723&word=2,conj. v.n.,,,,,"and, also",assembling,"v.n. : gathering, assembling",synagogue,,"knyšh, knyštˀ",conj. v.n.,"and, also | assembling | v.n. : gathering, assembling | synagogue"
",,,,,,,,,,,,,,,,,,,,,,,,,,,,]",getlex.php?coord=444040723&word=0,,,,,,,,,,,,,
l(wp),getlex.php?coord=444040626&word=4,n.m.,,,,,"birds, fowl","birds, fowl",(zool.) a single bird,,,,n.m.,"birds, fowl | birds, fowl | (zool.) a single bird"
wlxy?w?t),getlex.php?coord=444040626&word=3,conj. n.f.,,,,,"and, also",animal,animal,pl. zoomorphic angels bearing the divine throne,,"ḥywh, ḥywtˀ",conj. n.f.,"and, also | animal | animal | pl. zoomorphic angels bearing the divine throne"
"w[,,,",getlex.php?coord=444040626&word=5,,,,,,,,,,,,,
"[,,]lK",getlex.php?coord=444040625&word=1,,,,,,,,,,,,,
l)n$),getlex.php?coord=444040626&word=1,n.m.,,,,,"person, someone","person, someone","Man, humanity (usually in the emphatic)","often in the absolute state (i.e., as a pronoun, even in Eastern Aramaic):",,,n.m.,"person, someone | person, someone | Man, humanity (usually in the emphatic) | often in the absolute state (i.e., as a pronoun, even in Eastern Aramaic):"
"[,,,],,,",getlex.php?coord=444040625&word=0,,,,,,,,,,,,,
"$my?)?,,",getlex.php?coord=444040625&word=4,n.m.pl.t.,,,,,heaven; ceiling,heaven,"roof, ceiling",,,,n.m.pl.t.,"heaven; ceiling | heaven | roof, ceiling"
"[,,,",getlex.php?coord=444040625&word=5,,,,,,,,,,,,,
tr(y,getlex.php?coord=444040625&word=3,n.m.,,,,,gate,"gate, doorway","entrance, opening","of ""king"" or ""palace"" : royal court",,,n.m.,"gate | gate, doorway | entrance, opening | of ""king"" or ""palace"" : royal court"
"[,,,],,,",getlex.php?coord=444040626&word=0,,,,,,,,,,,,,
(d,getlex.php?coord=444040625&word=2,prep.,,,,,until,"until, as far as",as conj.:,see s.v.,,,prep.,"until | until, as far as | as conj.: | see s.v."
"[,,,",getlex.php?coord=444042034&word=17,,,,,,,,,,,,,
mN,getlex.php?coord=444042034&word=12,prep.,,,,,from,from,partitive,indicating the agent of a passive,,,prep.,from | from | partitive | indicating the agent of a passive
m?c?r?y?N,getlex.php?coord=444042034&word=14,,,,,,,,,,,,,
lh,getlex.php?coord=444042034&word=10,,,,,,,,,,,,,
b?n?t?,getlex.php?coord=444042034&word=13,n.f.,,,,,daughter,daughter,a small part of something,in compounds: member of the same cohort:,,,n.f.,daughter | daughter | a small part of something | in compounds: member of the same cohort:
whwyt,getlex.php?coord=444042034&word=15,conj. vb. G C Gt Ct,,,,,"and, also","to be, to become",to be,"to endure, to exist",,hwy,conj. vb. G C Gt Ct,"and, also | to be, to become | to be | to endure, to exist"
)nth,getlex.php?coord=444042034&word=11,n.f.,,,,,"woman, wife",woman,wife,,,,n.f.,"woman, wife | woman | wife"
$rh?,getlex.php?coord=444042034&word=16,vb. G D C Gt Dt,,,,,to loosen; D to begin,"to loosen, untie",to permit,intransitive,,,vb. G D C Gt Dt,"to loosen; D to begin | to loosen, untie | to permit | intransitive"
$gy)yN,getlex.php?coord=444042034&word=8,adj./adv.,,,,,"many, much","many, much","enough, too much",(gram.) pl.:,,,adj./adv.,"many, much | many, much | enough, too much | (gram.) pl.:"
w)P,getlex.php?coord=444042034&word=3,conj. conj.,,,,,"and, also","also, even","also, even",in expressions,,"ˀp, ˀwp",conj. conj.,"and, also | also, even | also, even | in expressions"
lh,getlex.php?coord=444042034&word=6,,,,,,,,,,,,,
qnh,getlex.php?coord=444042034&word=5,vb. G D C Gt,,,,,to acquire,to acquire,to provide,"to give possession, furnish",,,vb. G D C Gt,"to acquire | to acquire | to provide | to give possession, furnish"
nksyN,getlex.php?coord=444042034&word=7,n.m.pl.,,,,,"property, wealth","property, wealth",,,,,n.m.pl.,"property, wealth | property, wealth"
lwT,getlex.php?coord=444042034&word=4,,,,,,,,,,,,,
(my,getlex.php?coord=444042034&word=2,prep.,,,,,with,"with, together with",at,"at the time of, during",,,prep.,"with | with, together with | at | at the time of, during"
wnsb,getlex.php?coord=444042034&word=9,conj. vb. e/a G D C Gt Ct,,,,,"and, also",to take,"to take, pick up, carry",to marry,,nsb,conj. vb. e/a G D C Gt Ct,"and, also | to take | to take, pick up, carry | to marry"
br,getlex.php?coord=444042034&word=0,n.m.,,,,,son,"son, child",member of the same cohort (,see also 'compounds' 3.2),,,n.m.,"son | son, child | member of the same cohort ( | see also 'compounds' 3.2)"
[w]l[wT,getlex.php?coord=444042033&word=13,conj.,,,,,"and, also",,,,,,conj.,"and, also"
m?[c]r?[y]N?,getlex.php?coord=444042033&word=12,,,,,,,,,,,,,
m?N?,getlex.php?coord=444042033&word=11,prep.,,,,,from,from,partitive,indicating the agent of a passive,,,prep.,from | from | partitive | indicating the agent of a passive
wdhb,getlex.php?coord=444042033&word=9,conj. n.m.,,,,,"and, also",gold,gold,money,,"dhb, dhbˀ",conj. n.m.,"and, also | gold | gold | money"
)xy,getlex.php?coord=444042034&word=1,n.m.,,,,,brother,brother,"kinsman, comrade",,,,n.m.,"brother | brother | kinsman, comrade"
bksP,getlex.php?coord=444042033&word=8,prep. n.m.,,,,,"in, with",in,with (instrumental),among,,"ksp, kspˀ",prep. n.m.,"in, with | in | with (instrumental) | among"
wslqt,getlex.php?coord=444042033&word=10,conj. vb. e/a(u) G D C Dt Ct,,,,,"and, also",to go up,to go up,to result,,slq,conj. vb. e/a(u) G D C Dt Ct,"and, also | to go up | to go up | to result"
lxd),getlex.php?coord=444042033&word=6,adv.,,,,,much,"much, very",,,,,adv.,"much | much, very"
)brM,getlex.php?coord=444042033&word=3,,,,,,,,,,,,,
$gy)yN,getlex.php?coord=444042033&word=5,adj./adv.,,,,,"many, much","many, much","enough, too much",(gram.) pl.:,,,adj./adv.,"many, much | many, much | enough, too much | (gram.) pl.:"
)nh,getlex.php?coord=444042033&word=2,pron.,,,,,I,I,as enclitic subject marker with participles/adjectives,(philos.) Ego,,,pron.,I | I | as enclitic subject marker with participles/adjectives | (philos.) Ego
###,getlex.php?coord=444042033&word=0,,,,,,,,,,,,,
w)zlt,getlex.php?coord=444042033&word=1,"conj. vb. a/i, a/a G Gt",,,,,"and, also",to go,"to go, move along",to go away,,ˀzl,"conj. vb. a/i, a/a G Gt","and, also | to go | to go, move along | to go away"
bnksyN,getlex.php?coord=444042033&word=4,prep. n.m.pl.,,,,,"in, with",in,with (instrumental),among,,"nksyn, nksyˀ",prep. n.m.pl.,"in, with | in | with (instrumental) | among"
w)P,getlex.php?coord=444042033&word=7,conj. conj.,,,,,"and, also","also, even","also, even",in expressions,,"ˀp, ˀwp",conj. conj.,"and, also | also, even | also, even | in expressions"
mN,getlex.php?coord=444042032&word=13,prep.,,,,,from,from,partitive,indicating the agent of a passive,,,prep.,from | from | partitive | indicating the agent of a passive
"[,,,,,]",getlex.php?coord=444042032&word=11,,,,,,,,,,,,,
mcryN,getlex.php?coord=444042032&word=14,,,,,,,,,,,,,
###/#2#,getlex.php?coord=444042032&word=15,,,,,,,,,,,,,
"/wl,,,",getlex.php?coord=444042032&word=12,,,,,,,,,,,,,
\m?N? [g]w?,getlex.php?coord=444042032&word=10,prep.,,,,,from inside of,from inside of,"from among, out of",as a result of,,,prep.,"from inside of | from inside of | from among, out of | as a result of"
wmny,getlex.php?coord=444042032&word=5,conj. vb. G D C Gt Dt,,,,,"and, also","to count, to number","to count, to number","to count as, to reckon as",,mny,conj. vb. G D C Gt Dt,"and, also | to count, to number | to count, to number | to count as, to reckon as"
)nw$,getlex.php?coord=444042032&word=7,n.m.,,,,,human being,"human being, person","humanity, human kind","household, people",,,n.m.,"human being | human being, person | humanity, human kind | household, people"
w)P,getlex.php?coord=444042032&word=1,conj. conj.,,,,,"and, also","also, even","also, even",in expressions,,"ˀp, ˀwp",conj. conj.,"and, also | also, even | also, even | in expressions"
ly,getlex.php?coord=444042032&word=4,,,,,,,,,,,,,
qwdmyh),getlex.php?coord=444042032&word=0,prep.,,,,,before,before,as a substantive : front part,,,,prep.,before | before | as a substantive : front part
lhgr,getlex.php?coord=444042032&word=2,,,,,,,,,,,,,
(my,getlex.php?coord=444042032&word=6,prep.,,,,,with,"with, together with",at,"at the time of, during",,,prep.,"with | with, together with | at | at the time of, during"
w)[$]lmh)?,getlex.php?coord=444042032&word=3,vb. e/a(u) G D C Gt Dt Ct,,,,,"to be whole, complete","to be whole, perfect","to be complete, finished",(euph.) to die,,,vb. e/a(u) G D C Gt Dt Ct,"to be whole, complete | to be whole, perfect | to be complete, finished | (euph.) to die"
"/w[,,,]#2#/",getlex.php?coord=444042031&word=14,,,,,,,,,,,,,
w)rgw?)?N,getlex.php?coord=444042031&word=11,conj. n.m.,,,,,"and, also",purple,purple,,,"ˀrgwn, ˀrgwnˀ",conj. n.m.,"and, also | purple | purple"
"[,,,]",getlex.php?coord=444042031&word=13,,,,,,,,,,,,,
\dy,getlex.php?coord=444042031&word=12,,,,,,,,,,,,,
bwC,getlex.php?coord=444042031&word=10,n.m.,,,,,"byssus, fine linen","byssus, fine linen",,,,,n.m.,"byssus, fine linen | byssus, fine linen"
ynpqw?n?n?y?,getlex.php?coord=444042032&word=9,vb. a/u G D C Dt Ct,,,,,to go out,"to go out, come out, leave","to turn into, end up differently from how it started","to be spent, i.e. used up, consumed",,,vb. a/u G D C Dt Ct,"to go out | to go out, come out, leave | to turn into, end up differently from how it started | to be spent, i.e. used up, consumed"
"[,,,",getlex.php?coord=444042031&word=4,,,,,,,,,,,,,
lh,getlex.php?coord=444042031&word=2,,,,,,,,,,,,,
mlk),getlex.php?coord=444042031&word=3,n.m.,,,,,king,king,"provincial ruler (governor, satrap)",a priest,,,n.m.,"king | king | provincial ruler (governor, satrap) | a priest"
wlbw$,getlex.php?coord=444042031&word=7,conj. n.m.,,,,,"and, also",clothing,clothing (pl. for multiple items),,,"lbwš, lbwšˀ",conj. n.m.,"and, also | clothing | clothing (pl. for multiple items)"
wd]hb,getlex.php?coord=444042031&word=5,conj. n.m.,,,,,"and, also",gold,gold,money,,"dhb, dhbˀ",conj. n.m.,"and, also | gold | gold | money"
wyhb,getlex.php?coord=444042031&word=1,conj. vb. a/a G C Gt,,,,,"and, also",to give,to give,to place,,yhb,conj. vb. a/a G C Gt,"and, also | to give | to give | to place"
$?gy),getlex.php?coord=444042031&word=6,adj./adv.,,,,,"many, much","many, much","enough, too much",(gram.) pl.:,,,adj./adv.,"many, much | many, much | enough, too much | (gram.) pl.:"
dy,getlex.php?coord=444042031&word=9,,,,,,,,,,,,,
$gy,getlex.php?coord=444042031&word=8,adj./adv.,,,,,"many, much","many, much","enough, too much",(gram.) pl.:,,,adj./adv.,"many, much | many, much | enough, too much | (gram.) pl.:"
"\[,,,,,]",getlex.php?coord=444042030&word=11,,,,,,,,,,,,,
ly#2#/,getlex.php?coord=444042030&word=15,,,,,,,,,,,,,
l$r?y,getlex.php?coord=444042031&word=0,,,,,,,,,,,,,
l)?,getlex.php?coord=444042030&word=10,adv.,,,,,"no, not",no! (as interj.),not (preceding and negating a predicate),"compounded with adjectives, nouns, abstracts, and adverbs  ='un-', 'non', 'in-'",,,adv.,"no, not | no! (as interj.) | not (preceding and negating a predicate) | compounded with adjectives, nouns, abstracts, and adverbs  ='un-', 'non', 'in-'"
ly,getlex.php?coord=444042030&word=12,,,,,,,,,,,,,
w)tyb,getlex.php?coord=444042030&word=14,,,,,,,,,,,,,
"/,,,[,,,]h)",getlex.php?coord=444042030&word=13,,,,,,,,,,,,,
dy,getlex.php?coord=444042030&word=9,,,,,,,,,,,,,
wym),getlex.php?coord=444042030&word=5,conj. vb. a(i)/e G C Ct,,,,,"and, also",to swear,to swear,to adjure,,ymy,conj. vb. a(i)/e G C Ct,"and, also | to swear | to swear | to adjure"
mlk),getlex.php?coord=444042030&word=7,n.m.,,,,,king,king,"provincial ruler (governor, satrap)",a priest,,,n.m.,"king | king | provincial ruler (governor, satrap) | a priest"
$?gy)?N,getlex.php?coord=444042030&word=4,adj./adv.,,,,,"many, much","many, much","enough, too much",(gram.) pl.:,,,adj./adv.,"many, much | many, much | enough, too much | (gram.) pl.:"
ly,getlex.php?coord=444042030&word=6,,,,,,,,,,,,,
bmwmh,getlex.php?coord=444042030&word=8,prep. n.f.,,,,,"in, with",in,with (instrumental),among,,"mwmˀh, mwmtˀ",prep. n.f.,"in, with | in | with (instrumental) | among"
dy,getlex.php?coord=444042032&word=8,,,,,,,,,,,,,
[rw]x?)?,getlex.php?coord=444042029&word=10,n.f./m.,,,,,wind; spirit,wind,"spirit, motive intellectual or emotional force","demon, i.e., evil spirit",,,n.f./m.,"wind; spirit | wind | spirit, motive intellectual or emotional force | demon, i.e., evil spirit"
m?n?h?,getlex.php?coord=444042029&word=9,prep.,,,,,from,from,partitive,indicating the agent of a passive,,,prep.,from | from | partitive | indicating the agent of a passive
mlk),getlex.php?coord=444042030&word=1,n.m.,,,,,king,king,"provincial ruler (governor, satrap)",a priest,,,n.m.,"king | king | provincial ruler (governor, satrap) | a priest"
w?x?y?,getlex.php?coord=444042029&word=12,conj. adj.,,,,,"and, also",alive,alive,in a natural state,,ḥy,conj. adj.,"and, also | alive | alive | in a natural state"
b)y$t),getlex.php?coord=444042029&word=11,adj.,,,,,bad,"bad, evil ( i.e., harmful, debilitating)","bad (i.e., the antithesis of good), not functioning properly",,,,adj.,"bad | bad, evil ( i.e., harmful, debilitating) | bad (i.e., the antithesis of good), not functioning properly"
ly,getlex.php?coord=444042030&word=0,,,,,,,,,,,,,
"[,,,]/wyhb#2#/",getlex.php?coord=444042029&word=14,conj. vb. a/a G C Gt,,,,,"and, also",to give,to give,to place,,yhb,conj. vb. a/a G C Gt,"and, also | to give | to give | to place"
wqM,getlex.php?coord=444042029&word=13,"conj. vb. a/u G D C Dt Ct polel, pay/w c el ethpolal, ethpay/w c el",,,,,"and, also",to rise; to stand; to last,to rise,"to stand, to be raised up",,qwm,"conj. vb. a/u G D C Dt Ct polel, pay/w c el ethpolal, ethpay/w c el","and, also | to rise; to stand; to last | to rise | to stand, to be raised up"
mntn[N],getlex.php?coord=444042030&word=3,n.f.,,,,,gift,gift,deed specifying a gift,,,,n.f.,gift | gift | deed specifying a gift
w)tg(rt,getlex.php?coord=444042029&word=8,conj. vb. a/a(u) G Gt,,,,,"and, also",to rebuke; roar,+,b_,,gˁr,conj. vb. a/a(u) G Gt,"and, also | to rebuke; roar | + | b_"
mkt$),getlex.php?coord=444042029&word=7,n.m.,,,,,plague,plague,"aggression, combat",,,,n.m.,"plague | plague | aggression, combat"
r?)?y?$h,getlex.php?coord=444042029&word=4,n.m.,,,,,head; top; chief,(anat.) head,top,"beginning, origin, source",,,n.m.,"head; top; chief | (anat.) head | top | beginning, origin, source"
w)tply,getlex.php?coord=444042029&word=5,conj. vb. G D Gt Dt,,,,,"and, also",to cleanse of lice; to scrutinize,to cleanse of lice,to collect by looking very carefully,,ply,conj. vb. G D Gt Dt,"and, also | to cleanse of lice; to scrutinize | to cleanse of lice | to collect by looking very carefully"
mnh,getlex.php?coord=444042029&word=6,prep.,,,,,from,from,partitive,indicating the agent of a passive,,,prep.,from | from | partitive | indicating the agent of a passive
xy,getlex.php?coord=444042029&word=0,adj.,,,,,alive,alive,in a natural state,adv. : rapidly (,,,adj.,alive | alive | in a natural state | adv. : rapidly (
ydy,getlex.php?coord=444042029&word=2,n.f.,,,,,"hand, arm; side; power",(anat.) hand,arm,"power, control",,,n.f.,"hand, arm; side; power | (anat.) hand | arm | power, control"
(l,getlex.php?coord=444042029&word=3,prep.,,,,,upon; against; to,"upon, over, on to","against, over against","toward, to",,,prep.,"upon; against; to | upon, over, on to | against, over against | toward, to"
wsmkt,getlex.php?coord=444042029&word=1,conj. vb. a/u G D C Gt Dt,,,,,"and, also","to prop up, to support","to prop up, to support","to lean on, recline on (often in the context of eating)",,smk,conj. vb. a/u G D C Gt Dt,"and, also | to prop up, to support | to prop up, to support | to lean on, recline on (often in the context of eating)"
d),getlex.php?coord=444042028&word=11,pron.,,,,,this (f.),this (f.),,,,,pron.,this (f.) | this (f.)
(l,getlex.php?coord=444042028&word=15,prep.,,,,,upon; against; to,"upon, over, on to","against, over against","toward, to",,,prep.,"upon; against; to | upon, over, on to | against, over against | toward, to"
mnnh,getlex.php?coord=444042028&word=9,prep.,,,,,from,from,partitive,indicating the agent of a passive,,,prep.,from | from | partitive | indicating the agent of a passive
b)y$t),getlex.php?coord=444042028&word=12,adj.,,,,,bad,"bad, evil ( i.e., harmful, debilitating)","bad (i.e., the antithesis of good), not functioning properly",,,,adj.,"bad | bad, evil ( i.e., harmful, debilitating) | bad (i.e., the antithesis of good), not functioning properly"
rwx),getlex.php?coord=444042028&word=10,n.f./m.,,,,,wind; spirit,wind,"spirit, motive intellectual or emotional force","demon, i.e., evil spirit",,,n.f./m.,"wind; spirit | wind | spirit, motive intellectual or emotional force | demon, i.e., evil spirit"
\(l[wh]y?,getlex.php?coord=444042028&word=14,prep.,,,,,upon; against; to,"upon, over, on to","against, over against","toward, to",,,prep.,"upon; against; to | upon, over, on to | against, over against | toward, to"
wc?lyt?,getlex.php?coord=444042028&word=13,conj. vb. G D C Gt Dt Ct,,,,,"and, also",to bend down; D to pray,to incline (intr.),tran.:,,ṣly,conj. vb. G D C Gt Dt Ct,"and, also | to bend down; D to pray | to incline (intr.) | tran.:"
/(l,getlex.php?coord=444042028&word=17,prep.,,,,,upon; against; to,"upon, over, on to","against, over against","toward, to",,,prep.,"upon; against; to | upon, over, on to | against, over against | toward, to"
[mr]dp),getlex.php?coord=444042028&word=16,vb. a/u(a) G D C Gt,,,,,"to follow, pursue",w. d.o. or,btr,: to pursue,,,vb. a/u(a) G D C Gt,"to follow, pursue | w. d.o. or | btr | : to pursue"
(ly,getlex.php?coord=444042028&word=5,prep.,,,,,upon; against; to,"upon, over, on to","against, over against","toward, to",,,prep.,"upon; against; to | upon, over, on to | against, over against | toward, to"
w(l,getlex.php?coord=444042028&word=6,conj. prep.,,,,,"and, also",upon; against; to,"upon, over, on to","against, over against",,ˁl,conj. prep.,"and, also | upon; against; to | upon, over, on to | against, over against"
byty,getlex.php?coord=444042028&word=7,n.m./f.,,,,,house; structure; place,house: a building for dwelling,a structure,"place, area, home",,,n.m./f.,"house; structure; place | house: a building for dwelling | a structure | place, area, home"
wttg(r,getlex.php?coord=444042028&word=8,conj. vb. a/a(u) G Gt,,,,,"and, also",to rebuke; roar,+,b_,,gˁr,conj. vb. a/a(u) G Gt,"and, also | to rebuke; roar | + | b_"
cly,getlex.php?coord=444042028&word=4,vb. G D C Gt Dt Ct,,,,,to bend down; D to pray,to incline (intr.),tran.:,to pray,,,vb. G D C Gt Dt Ct,to bend down; D to pray | to incline (intr.) | tran.: | to pray
wk(N,getlex.php?coord=444042028&word=3,conj. adv.,,,,,"and, also",now,now,(w./w.o.,,kˁn,conj. adv.,"and, also | now | now | (w./w.o."
mcryN,getlex.php?coord=444042028&word=2,,,,,,,,,,,,,
"b?[,,,])?",getlex.php?coord=444042030&word=2,,,,,,,,,,,,,
)zl,getlex.php?coord=444042027&word=13,"vb. a/i, a/a G Gt",,,,,to go,"to go, move along",to go away,as co-verb : to go ahead and do something,,,"vb. a/i, a/a G Gt","to go | to go, move along | to go away | as co-verb : to go ahead and do something"
lK,getlex.php?coord=444042027&word=15,,,,,,,,,,,,,
w(dy,getlex.php?coord=444042027&word=14,conj. vb. G D C Gt Ct,,,,,"and, also",to pass over,"to pass over, cross",to pass by,,ˁdy,conj. vb. G D C Gt Ct,"and, also | to pass over | to pass over, cross | to pass by"
kwl,getlex.php?coord=444042028&word=0,n.(pr.),,,,,"all, every",alone preceding a noun (technically the construct state!) :,as a postpositive with resumptive pronominal suffixes,emphatic state :,,,n.(pr.),"all, every | alone preceding a noun (technically the construct state!) : | as a postpositive with resumptive pronominal suffixes | emphatic state :"
mdynt,getlex.php?coord=444042028&word=1,n.f.,,,,,province; capital city,province,city,,,,n.f.,province; capital city | province | city
mN,getlex.php?coord=444042027&word=16,prep.,,,,,from,from,partitive,indicating the agent of a passive,,,prep.,from | from | partitive | indicating the agent of a passive
l)nth,getlex.php?coord=444042027&word=9,n.f.,,,,,"woman, wife",woman,wife,,,,n.f.,"woman, wife | woman | wife"
"d[,,,,,]/dbrh#2#/",getlex.php?coord=444042027&word=12,vb. a/a G D C Gt Dt,,,,,"to lead, to drive","transitive : to lead, to drive",to plow,"intransitive : to live, act, behave",,,vb. a/a G D C Gt Dt,"to lead, to drive | transitive : to lead, to drive | to plow | intransitive : to live, act, behave"
ly,getlex.php?coord=444042027&word=8,,,,,,,,,,,,,
wnsbth),getlex.php?coord=444042027&word=7,conj. vb. e/a G D C Gt Ct,,,,,"and, also",to take,"to take, pick up, carry",to marry,,nsb,conj. vb. e/a G D C Gt Ct,"and, also | to take | to take, pick up, carry | to marry"
)nttK,getlex.php?coord=444042027&word=6,n.f.,,,,,"woman, wife",woman,wife,,,,n.f.,"woman, wife | woman | wife"
)nttK,getlex.php?coord=444042027&word=11,n.f.,,,,,"woman, wife",woman,wife,,,,n.f.,"woman, wife | woman | wife"
h),getlex.php?coord=444042027&word=10,interj.,,,,,here! look!,"here, look! (presentative particle)",here (adv.),"הא כ : like, i.e. = prep.",,,interj.,"here! look! | here, look! (presentative particle) | here (adv.) | הא כ : like, i.e. = prep."
why),getlex.php?coord=444042027&word=4,conj. pron.,,,,,"and, also",she,she,as copula,,hyˀ,conj. pron.,"and, also | she | she | as copula"
dy,getlex.php?coord=444042027&word=1,,,,,,,,,,,,,
t)mr#2#/,getlex.php?coord=444042026&word=21,vb. a/a G Gt,,,,,to say,to say,to command,"to say to oneself, to have a thought",,,vb. a/a G Gt,"to say | to say | to command | to say to oneself, to have a thought"
)xty,getlex.php?coord=444042027&word=2,n.f.,,,,,sister,sister,kinswoman,"fig. : something similar, something cognate",,,n.f.,"sister | sister | kinswoman | fig. : something similar, something cognate"
hy),getlex.php?coord=444042027&word=3,pron.,,,,,she,she,as copula,,,,pron.,she | she | as copula
ly,getlex.php?coord=444042027&word=0,,,,,,,,,,,,,
hw)t,getlex.php?coord=444042027&word=5,vb. G C Gt Ct,,,,,"to be, to become",to be,"to endure, to exist","to come to pass, to happen",,,vb. G C Gt Ct,"to be, to become | to be | to endure, to exist | to come to pass, to happen"
[d]y,getlex.php?coord=444042028&word=18,,,,,,,,,,,,,
[yt]rp)#2#/,getlex.php?coord=444042028&word=19,vb. G D,,,,,to heal; to make firm,to make firm,to heal (something),,,,vb. G D,to heal; to make firm | to make firm | to heal (something)
h?wyt,getlex.php?coord=444042026&word=18,vb. G C Gt Ct,,,,,"to be, to become",to be,"to endure, to exist","to come to pass, to happen",,,vb. G C Gt Ct,"to be, to become | to be | to endure, to exist | to come to pass, to happen"
br,getlex.php?coord=444042134&word=7,,,,,,,,,,,,,
)mr,getlex.php?coord=444042026&word=19,vb. a/a G Gt,,,,,to say,to say,to command,"to say to oneself, to have a thought",,,vb. a/a G Gt,"to say | to say | to command | to say to oneself, to have a thought"
lwT,getlex.php?coord=444042134&word=6,n.m.,,,,,brother,brother,"kinsman, comrade",,,,n.m.,"brother | brother | kinsman, comrade"
w$by/w$bw#2#/,getlex.php?coord=444042134&word=5,n.m.,,,,,son,"son, child",member of the same cohort (,see also 'compounds' 3.2),,,n.m.,"son | son, child | member of the same cohort ( | see also 'compounds' 3.2)"
)xwy,getlex.php?coord=444042134&word=8,,,,,,,,,,,,,
/[$r]y,getlex.php?coord=444042026&word=20,,,,,,,,,,,,,
/[(w]mr[M,getlex.php?coord=444042134&word=2,,,,,,,,,,,,,
"],,,#2#/",getlex.php?coord=444042134&word=3,conj. vb. vb. G C Gt G C Gt,,,,,"and, also",to take captive,to take captive,"fig.:  to captivate (heart, mind)",,šby,conj. vb. vb. G C Gt G C Gt,"and, also | to take captive | to take captive | fig.:  to captivate (heart, mind)"
nksy),getlex.php?coord=444042133&word=7,n.m.pl.,,,,,"property, wealth","property, wealth",,,,,n.m.pl.,"property, wealth | property, wealth"
dy,getlex.php?coord=444042133&word=8,,,,,,,,,,,,,
"[,,,,,]",getlex.php?coord=444042134&word=4,,,,,,,,,,,,,
w?b?z?,getlex.php?coord=444042133&word=3,conj. vb. a/u G D C Gt Dt,,,,,"and, also","to despoil, plunder","to despoil, plunder",metaph.: to waste time,,bzz,conj. vb. a/u G D C Gt Dt,"and, also | to despoil, plunder | to despoil, plunder | metaph.: to waste time"
b*(*gy)yN,getlex.php?coord=444042133&word=1,prep. n.m.,,,,,"in, with",in,with (instrumental),among,,"*ˁwgy, ˁwgytˀ, ˁwgyˀ",prep. n.m.,"in, with | in | with (instrumental) | among"
n?pl,getlex.php?coord=444042133&word=0,vb. a/e(u) G D C Gt Dt,,,,,to fall; befall,to fall,"to befall, occur",w. various prepositions,,,vb. a/e(u) G D C Gt Dt,"to fall; befall | to fall | to befall, occur | w. various prepositions"
kwl,getlex.php?coord=444042133&word=6,n.(pr.),,,,,"all, every",alone preceding a noun (technically the construct state!) :,as a postpositive with resumptive pronominal suffixes,emphatic state :,,,n.(pr.),"all, every | alone preceding a noun (technically the construct state!) : | as a postpositive with resumptive pronominal suffixes | emphatic state :"
(?y?lM?,getlex.php?coord=444042133&word=5,,,,,,,,,,,,,
mlK,getlex.php?coord=444042133&word=4,n.m.,,,,,king,king,"provincial ruler (governor, satrap)",a priest,,,n.m.,"king | king | provincial ruler (governor, satrap) | a priest"
",,,,,[,,,,,,,,,,,,]",getlex.php?coord=444042133&word=2,,,,,,,,,,,,,
wdy,getlex.php?coord=444042133&word=10,conj.,,,,,"and, also",,,,,,conj.,"and, also"
d]y,getlex.php?coord=444042134&word=1,,,,,,,,,,,,,
"\[,,,",getlex.php?coord=444042134&word=0,,,,,,,,,,,,,
w(rq,getlex.php?coord=444042132&word=12,,,,,,,,,,,,,
swdwM,getlex.php?coord=444042132&word=11,n.m.,,,,,king,king,"provincial ruler (governor, satrap)",a priest,,,n.m.,"king | king | provincial ruler (governor, satrap) | a priest"
mlK,getlex.php?coord=444042132&word=10,conj. vb. a/a G D Gt Dt,,,,,"and, also",to break,"to break, break down","to conquer, break up an armed force and disperse them",,tbr,conj. vb. a/a G D Gt Dt,"and, also | to break | to break, break down | to conquer, break up an armed force and disperse them"
wmlK,getlex.php?coord=444042132&word=13,conj. vb. a/u G D C Gt Ct,,,,,"and, also",to flee,to flee,"to avoid, stay away",,ˁrq,conj. vb. a/u G D C Gt Ct,"and, also | to flee | to flee | to avoid, stay away"
(wmrM/(wmryM#2#/,getlex.php?coord=444042132&word=14,conj. n.m.,,,,,"and, also",king,king,"provincial ruler (governor, satrap)",,"mlk, mlkˀ",conj. n.m.,"and, also | king | king | provincial ruler (governor, satrap)"
/kdrl[(wmr,getlex.php?coord=444042132&word=5,,,,,,,,,,,,,
",,,]#2#/",getlex.php?coord=444042132&word=6,,,,,,,,,,,,,
w)tbr,getlex.php?coord=444042132&word=9,prep.,,,,,with,"with, together with",at,"at the time of, during",,,prep.,"with | with, together with | at | at the time of, during"
(mh,getlex.php?coord=444042132&word=8,,,,,,,,,,,,,
"\,,,[,,,,]",getlex.php?coord=444042132&word=4,,,,,,,,,,,,,
dy,getlex.php?coord=444042132&word=7,,,,,,,,,,,,,
d?[y,getlex.php?coord=444042132&word=1,,,,,,,,,,,,,
bl(,getlex.php?coord=444042131&word=11,,,,,,,,,,,,,
s]d?y?)?,getlex.php?coord=444042132&word=2,,,,,,,,,,,,,
b(mq),getlex.php?coord=444042132&word=0,prep. n.m.,,,,,"in, with",in,with (instrumental),among,,"ˁmq, ˁmqˀ",prep. n.m.,"in, with | in | with (instrumental) | among"
qrb),getlex.php?coord=444042131&word=13,n.m.,,,,,"war, battle","war, battle",,,,,n.m.,"war, battle | war, battle"
",,,,,",getlex.php?coord=444042131&word=12,,,,,,,,,,,,,
lqwbly,getlex.php?coord=444042132&word=3,prep.,,,,,opposite,"opposite, over against","in consideration of, because of",according to,,,prep.,"opposite | opposite, over against | in consideration of, because of | according to"
wm]l?K?,getlex.php?coord=444042131&word=6,conj. n.m.,,,,,"and, also",king,king,"provincial ruler (governor, satrap)",,"mlk, mlkˀ",conj. n.m.,"and, also | king | king | provincial ruler (governor, satrap)"
"[,,,",getlex.php?coord=444042131&word=5,,,,,,,,,,,,,
wmlK,getlex.php?coord=444042131&word=4,conj. n.m.,,,,,"and, also",king,king,"provincial ruler (governor, satrap)",,"mlk, mlkˀ",conj. n.m.,"and, also | king | king | provincial ruler (governor, satrap)"
l(wr(h?w?N,getlex.php?coord=444042131&word=3,prep.,,,,,toward,toward,,,,,prep.,toward | toward
)dm),getlex.php?coord=444042131&word=7,,,,,,,,,,,,,
wmlK,getlex.php?coord=444042131&word=8,conj. n.m.,,,,,"and, also",king,king,"provincial ruler (governor, satrap)",,"mlk, mlkˀ",conj. n.m.,"and, also | king | king | provincial ruler (governor, satrap)"
cbw)yN,getlex.php?coord=444042131&word=9,,,,,,,,,,,,,
swdM,getlex.php?coord=444042133&word=9,,,,,,,,,,,,,
swdM,getlex.php?coord=444042131&word=2,,,,,,,,,,,,,
"[,,,,,]",getlex.php?coord=444042130&word=5,,,,,,,,,,,,,
w?npq,getlex.php?coord=444042131&word=0,conj. vb. a/u G D C Dt Ct,,,,,"and, also",to go out,"to go out, come out, leave","to turn into, end up differently from how it started",,npq,conj. vb. a/u G D C Dt Ct,"and, also | to go out | to go out, come out, leave | to turn into, end up differently from how it started"
###,getlex.php?coord=444042130&word=7,,,,,,,,,,,,,
mlK,getlex.php?coord=444042131&word=1,n.m.,,,,,king,king,"provincial ruler (governor, satrap)",a priest,,,n.m.,"king | king | provincial ruler (governor, satrap) | a priest"
bxccN tmr,getlex.php?coord=444042130&word=6,prep.,,,,,"in, with",in,with (instrumental),among,,,prep.,"in, with | in | with (instrumental) | among"
dbqw,getlex.php?coord=444042129&word=12,vb. e(a)/a(u) G D C Gt Dt,,,,,"to stick to, to adhere",(usually w.,b_,") : to stick to, to adhere",,,vb. e(a)/a(u) G D C Gt Dt,"to stick to, to adhere | (usually w. | b_ | ) : to stick to, to adhere"
dy,getlex.php?coord=444042130&word=1,,,,,,,,,,,,,
wtbw,getlex.php?coord=444042130&word=3,conj. vb. a/u G C Ct palpel ethpalpal,,,,,"and, also",to return,to return (intransitive),"to change direction, turn away",,twb,conj. vb. a/u G C Ct palpel ethpalpal,"and, also | to return | to return (intransitive) | to change direction, turn away"
prN,getlex.php?coord=444042130&word=0,,,,,,,,,,,,,
l)yl,getlex.php?coord=444042129&word=13,,,,,,,,,,,,,
bmdbr)/bmdbrh#2#/,getlex.php?coord=444042130&word=2,prep. n.m. prep. n.m.,,,,,"in, with",in,with (instrumental),among,,"mdbr, mdbrˀ",prep. n.m. prep. n.m.,"in, with | in | with (instrumental) | among"
wlxwry),getlex.php?coord=444042129&word=7,conj. adj.,,,,,"and, also",Horite,Horite,,,ḥwry,conj. adj.,"and, also | Horite | Horite"
bTwry,getlex.php?coord=444042129&word=9,prep. n.m.,,,,,"in, with",in,with (instrumental),among,,"ṭwr, ṭwrˀ",prep. n.m.,"in, with | in | with (instrumental) | among"
b(mN,getlex.php?coord=444042129&word=3,prep.,,,,,"in, with",in,with (instrumental),among,,,prep.,"in, with | in | with (instrumental) | among"
d?y?,getlex.php?coord=444042129&word=5,,,,,,,,,,,,,
dy,getlex.php?coord=444042129&word=8,,,,,,,,,,,,,
wl)ymy),getlex.php?coord=444042129&word=4,conj. adj.,,,,,"and, also",Emite,Emites,,,ˀymy,conj. adj.,"and, also | Emite | Emites"
b?$?w?h hqrywt,getlex.php?coord=444042129&word=6,prep.,,,,,"in, with",in,with (instrumental),among,,,prep.,"in, with | in | with (instrumental) | among"
wmxw,getlex.php?coord=444042130&word=4,conj. vb. G D C Gt Dt,,,,,"and, also",to strike,to strike,to make any movement involving a sudden and/or strong impact,,mḥy,conj. vb. G D C Gt Dt,"and, also | to strike | to strike | to make any movement involving a sudden and/or strong impact"
gbl,getlex.php?coord=444042129&word=10,,,,,,,,,,,,,
(d,getlex.php?coord=444042129&word=11,conj.,,,,,until,until,"while, while still",before,,,conj.,"until | until | while, while still | before"
wlzw^m^zmy),getlex.php?coord=444042129&word=1,conj.,,,,,"and, also",,,,,,conj.,"and, also"
dy,getlex.php?coord=444042129&word=2,,,,,,,,,,,,,
dqrnyN,getlex.php?coord=444042129&word=0,,,,,,,,,,,,,
lrp)y),getlex.php?coord=444042128&word=12,adj.,,,,,of the rephaim,=Hebrew רְפָאִים,,,,,adj.,of the rephaim | =Hebrew רְפָאִים
b($trt) ,getlex.php?coord=444042128&word=14,prep.,,,,,"in, with",in,with (instrumental),among,,,prep.,"in, with | in | with (instrumental) | among"
wmxw,getlex.php?coord=444042128&word=11,conj. vb. G D C Gt Dt,,,,,"and, also",to strike,to strike,to make any movement involving a sudden and/or strong impact,,mḥy,conj. vb. G D C Gt Dt,"and, also | to strike | to strike | to make any movement involving a sudden and/or strong impact"
dy,getlex.php?coord=444042128&word=13,,,,,,,,,,,,,
mN,getlex.php?coord=444042128&word=8,prep.,,,,,from,from,partitive,indicating the agent of a passive,,,prep.,from | from | partitive | indicating the agent of a passive
mxyN,getlex.php?coord=444042128&word=6,vb. G D C Gt Dt,,,,,to strike,to strike,to make any movement involving a sudden and/or strong impact,usually w.,,,vb. G D C Gt Dt,to strike | to strike | to make any movement involving a sudden and/or strong impact | usually w.
pwrt,getlex.php?coord=444042128&word=9,n.m.,,,,,The Euphrates,The Euphrates,fig. : source,,,,n.m.,The Euphrates | The Euphrates | fig. : source
nhr),getlex.php?coord=444042128&word=10,n.m.,,,,,river,"river, canal",figurative usages:,,,,n.m.,"river | river, canal | figurative usages:"
wbzyN,getlex.php?coord=444042128&word=7,conj. vb. a/u G D C Gt Dt,,,,,"and, also","to despoil, plunder","to despoil, plunder",metaph.: to waste time,,bzz,conj. vb. a/u G D C Gt Dt,"and, also | to despoil, plunder | to despoil, plunder | metaph.: to waste time"
wmlK,getlex.php?coord=444042131&word=10,conj. n.m.,,,,,"and, also",king,king,"provincial ruler (governor, satrap)",,"mlk, mlkˀ",conj. n.m.,"and, also | king | king | provincial ruler (governor, satrap)"
(ylM,getlex.php?coord=444042127&word=12,,,,,,,,,,,,,
mlK,getlex.php?coord=444042127&word=11,n.m.,,,,,king,king,"provincial ruler (governor, satrap)",a priest,,,n.m.,"king | king | provincial ruler (governor, satrap) | a priest"
xbrwhy,getlex.php?coord=444042128&word=0,n.m.,,,,,comrade,"companion, comrade","other one, its fellow",a scholar or student,,,n.m.,"comrade | companion, comrade | other one, its fellow | a scholar or student"
lkwl,getlex.php?coord=444042127&word=13,n.(pr.),,,,,"all, every",alone preceding a noun (technically the construct state!) :,as a postpositive with resumptive pronominal suffixes,emphatic state :,,,n.(pr.),"all, every | alone preceding a noun (technically the construct state!) : | as a postpositive with resumptive pronominal suffixes | emphatic state :"
)rx),getlex.php?coord=444042128&word=2,n.f.,,,,,"way, road",road,"way of life, behavior",normal human bodily activities,,,n.f.,"way, road | road | way of life, behavior | normal human bodily activities"
dbr,getlex.php?coord=444042127&word=10,vb. a/a G D C Gt Dt,,,,,"to lead, to drive","transitive : to lead, to drive",to plow,"intransitive : to live, act, behave",,,vb. a/a G D C Gt Dt,"to lead, to drive | transitive : to lead, to drive | to plow | intransitive : to live, act, behave"
)rb( ($rh,getlex.php?coord=444042127&word=9,num.,,,,,fourteen,fourteen,,,,,num.,fourteen | fourteen
dy,getlex.php?coord=444042128&word=3,,,,,,,,,,,,,
wslqw,getlex.php?coord=444042128&word=1,conj. vb. e/a(u) G D C Dt Ct,,,,,"and, also",to go up,to go up,to result,,slq,conj. vb. e/a(u) G D C Dt Ct,"and, also | to go up | to go up | to result"
mrdw,getlex.php?coord=444042127&word=6,vb. e(a)/u G D C Gt Dt,,,,,to rebel,"to rebel, resist authority",to escape,to incite to rebellion (?),,,vb. e(a)/u G D C Gt Dt,"to rebel | to rebel, resist authority | to escape | to incite to rebellion (?)"
tlt ($rh,getlex.php?coord=444042127&word=5,num.,,,,,thirteen,thirteen,,,,,num.,thirteen | thirteen
wb$nt,getlex.php?coord=444042127&word=4,conj. prep. n.f.,,,,,"and, also","in, with",in,with (instrumental),,b_,conj. prep. n.f.,"and, also | in, with | in | with (instrumental)"
(ylM,getlex.php?coord=444042127&word=3,,,,,,,,,,,,,
bh,getlex.php?coord=444042127&word=7,prep.,,,,,"in, with",in,with (instrumental),among,,,prep.,"in, with | in | with (instrumental) | among"
wb$nt,getlex.php?coord=444042127&word=8,conj. prep. n.f.,,,,,"and, also","in, with",in,with (instrumental),,b_,conj. prep. n.f.,"and, also | in, with | in | with (instrumental)"
yhbyN,getlex.php?coord=444042127&word=0,vb. a/a G C Gt,,,,,to give,to give,to place,"to permit, allow",,,vb. a/a G C Gt,"to give | to give | to place | to permit, allow"
"wl,,,,",getlex.php?coord=444041227&word=4,,,,,,,,,,,,,
lmlK,getlex.php?coord=444042127&word=2,n.m.,,,,,king,king,"provincial ruler (governor, satrap)",a priest,,,n.m.,"king | king | provincial ruler (governor, satrap) | a priest"
$n?h,getlex.php?coord=444041227&word=3,n.f.,,,,,year,year,,,,,n.f.,year | year
mdthwN,getlex.php?coord=444042127&word=1,n.f.,,,,,"a tax, tribute",a tax,payment,tribute,,,n.f.,"a tax, tribute | a tax | payment | tribute"
kwl,getlex.php?coord=444041227&word=2,n.(pr.),,,,,"all, every",alone preceding a noun (technically the construct state!) :,as a postpositive with resumptive pronominal suffixes,emphatic state :,,,n.(pr.),"all, every | alone preceding a noun (technically the construct state!) : | as a postpositive with resumptive pronominal suffixes | emphatic state :"
"[,,,],,,,,,,,,,,,,,,,,,,,",getlex.php?coord=444041221&word=1,,,,,,,,,,,,,
",,,l,,,",getlex.php?coord=444041227&word=1,,,,,,,,,,,,,
"[,,,],,,",getlex.php?coord=444041227&word=0,,,,,,,,,,,,,
"w)$,b*",getlex.php?coord=444041218&word=6,,,,,,,,,,,,,
w$k?bt,getlex.php?coord=444041219&word=3,"conj. vb. e/a/o,o G D C Dt",,,,,"and, also",to lie down,to lie down,to lie down to sleep,,škb,"conj. vb. e/a/o,o G D C Dt","and, also | to lie down | to lie down | to lie down to sleep"
",,n?y?",getlex.php?coord=444041219&word=2,,,,,,,,,,,,,
m?N,getlex.php?coord=444041219&word=1,prep.,,,,,from,from,partitive,indicating the agent of a passive,,,prep.,from | from | partitive | indicating the agent of a passive
"[,,,,],,,",getlex.php?coord=444041219&word=0,,,,,,,,,,,,,
"(*d?,,",getlex.php?coord=444041218&word=7,,,,,,,,,,,,,
mdbr),getlex.php?coord=444042128&word=4,n.m.,,,,,desert,desert,high desert scrubland for pasturing,,,,n.m.,desert | desert | high desert scrubland for pasturing
whww),getlex.php?coord=444042128&word=5,conj. vb. G C Gt Ct,,,,,"and, also","to be, to become",to be,"to endure, to exist",,hwy,conj. vb. G C Gt Ct,"and, also | to be, to become | to be | to endure, to exist"
",,,,,,,,,,,,,,,],$?wr",getlex.php?coord=444041221&word=0,,,,,,,,,,,,,
dy,getlex.php?coord=444041218&word=3,,,,,,,,,,,,,
)bwty,getlex.php?coord=444041218&word=4,n.f.,,,,,"defense, advocacy","defence, protection",traditional thought,,,,n.f.,"defense, advocacy | defence, protection | traditional thought"
plTn),getlex.php?coord=444041217&word=12,"vb. a/a, a/u G D C Gt Dt",,,,,to escape,(intransitive) to escape,(trans.) to eject,"to free, rescue",,,"vb. a/a, a/u G D C Gt Dt","to escape | (intransitive) to escape | (trans.) to eject | to free, rescue"
wlkwl,getlex.php?coord=444041218&word=1,conj. n.(pr.),,,,,"and, also","all, every",alone preceding a noun (technically the construct state!) :,as a postpositive with resumptive pronominal suffixes,,"kl, klˀ",conj. n.(pr.),"and, also | all, every | alone preceding a noun (technically the construct state!) : | as a postpositive with resumptive pronominal suffixes"
"[,,,,]n*)*",getlex.php?coord=444041218&word=0,,,,,,,,,,,,,
)bdn),getlex.php?coord=444041217&word=14,n.m.,,,,,"destruction, ruin","destruction, ruin","loss, being lost","place of destruction (i.e. Hell), Abaddon",,,n.m.,"destruction, ruin | destruction, ruin | loss, being lost | place of destruction (i.e. Hell), Abaddon"
mN,getlex.php?coord=444041217&word=13,prep.,,,,,from,from,partitive,indicating the agent of a passive,,,prep.,from | from | partitive | indicating the agent of a passive
",,,,hy",getlex.php?coord=444041218&word=2,,,,,,,,,,,,,
)?xdw,getlex.php?coord=444041218&word=5,vb. a/u G D C Gt Dt,,,,,"to hold, take, to catch, to seize","to hold, take, to catch, to seize","to shut, close (door, gate, book, mouth)","to start out, undertake something",,,vb. a/u G D C Gt Dt,"to hold, take, to catch, to seize | to hold, take, to catch, to seize | to shut, close (door, gate, book, mouth) | to start out, undertake something"
rb),getlex.php?coord=444041217&word=10,adj.,,,,,"great, big",large,"great, of major significance",(of age) : older,,,adj.,"great, big | large | great, of major significance | (of age) : older"
lqdy$),getlex.php?coord=444041217&word=9,adj.,,,,,holy,holy,angel,as substantive:,,,adj.,holy | holy | angel | as substantive:
bdyl,getlex.php?coord=444042026&word=16,prep.,,,,,on account of,on account of,concerning,,,,prep.,on account of | on account of | concerning
ly,getlex.php?coord=444042026&word=15,,,,,,,,,,,,,
dy,getlex.php?coord=444041217&word=11,,,,,,,,,,,,,
\[m)],getlex.php?coord=444042026&word=17,pron.,,,,,what?,what?,(usually) with following adj.: how!,"what, that which (indef./rel. pron.)",,,pron.,"what? | what? | (usually) with following adj.: how! | what, that which (indef./rel. pron.)"
ly,getlex.php?coord=444042026&word=12,,,,,,,,,,,,,
w?)mr,getlex.php?coord=444042026&word=11,conj. vb. a/a G Gt,,,,,"and, also",to say,to say,to command,,ˀmr,conj. vb. a/a G Gt,"and, also | to say | to say | to command"
ly#2#/,getlex.php?coord=444042026&word=10,,,,,,,,,,,,,
/[m]l[k]),getlex.php?coord=444042026&word=9,n.m.,,,,,king,king,"provincial ruler (governor, satrap)",a priest,,,n.m.,"king | king | provincial ruler (governor, satrap) | a priest"
m),getlex.php?coord=444042026&word=13,pron.,,,,,what?,what?,(usually) with following adj.: how!,"what, that which (indef./rel. pron.)",,,pron.,"what? | what? | (usually) with following adj.: how! | what, that which (indef./rel. pron.)"
(bdth,getlex.php?coord=444042026&word=14,vb. a/e G D C Gt Ct quad,,,,,"to make, act, do",to make,"to do, perform, act in a certain manner","to designate, make into",,,vb. a/e G D C Gt Ct quad,"to make, act, do | to make | to do, perform, act in a certain manner | to designate, make into"
wqr?),getlex.php?coord=444042026&word=6,conj. vb. G D C Gt,,,,,"and, also",to call,to call,to read,,qry,conj. vb. G D C Gt,"and, also | to call | to call | to read"
",[,,,,,,,,,,,,,])?",getlex.php?coord=444041219&word=7,,,,,,,,,,,,,
dN,getlex.php?coord=444042026&word=3,pron.,,,,,this one,this one,"as enclitic in interrogative contexts: now, here, then :",see s.v.,,,pron.,"this one | this one | as enclitic in interrogative contexts: now, here, then : | see s.v."
$xlny),getlex.php?coord=444042026&word=5,,,,,,,,,,,,,
\ly?,getlex.php?coord=444042026&word=7,,,,,,,,,,,,,
wrwx,getlex.php?coord=444042026&word=4,conj. n.f./m.,,,,,"and, also",wind; spirit,wind,"spirit, motive intellectual or emotional force",,"rwḥ, rwḥˀ",conj. n.f./m.,"and, also | wind; spirit | wind | spirit, motive intellectual or emotional force"
)?l?w,getlex.php?coord=444042026&word=8,,,,,,,,,,,,,
w?d?mk?t?,getlex.php?coord=444041219&word=6,conj. vb. i(u)/u G D C Dt,,,,,"and, also",to lie down,to lie down,to die,,dmk,conj. vb. i(u)/u G D C Dt,"and, also | to lie down | to lie down | to die"
(l?,getlex.php?coord=444041219&word=4,prep.,,,,,upon; against; to,"upon, over, on to","against, over against","toward, to",,,prep.,"upon; against; to | upon, over, on to | against, over against | toward, to"
m?$?k?by,getlex.php?coord=444041219&word=5,n.m.,,,,,bed,bed,litter,marital rights(?),,,n.m.,bed | bed | litter | marital rights(?)
mnkh,getlex.php?coord=444042026&word=1,prep.,,,,,from,from,partitive,indicating the agent of a passive,,,prep.,from | from | partitive | indicating the agent of a passive
wytwK,getlex.php?coord=444042026&word=0,conj. vb. a/u G D C Dt,,,,,"and, also","to cease activity, be restrained",to cease activity,"to make stop, restrain",,twk,conj. vb. a/u G D C Dt,"and, also | to cease activity, be restrained | to cease activity | to make stop, restrain"
l$ry,getlex.php?coord=444042025&word=12,,,,,,,,,,,,,
b(lh,getlex.php?coord=444042025&word=14,n.m.,,,,,husband; lord; master,husband,"lord, master",owner,,,n.m.,"husband; lord; master | husband | lord, master | owner"
l)?b?rM,getlex.php?coord=444042025&word=13,,,,,,,,,,,,,
mkt$),getlex.php?coord=444042026&word=2,n.m.,,,,,plague,plague,"aggression, combat",,,,n.m.,"plague | plague | aggression, combat"
)ntt,getlex.php?coord=444042025&word=8,n.f.,,,,,"woman, wife",woman,wife,,,,n.f.,"woman, wife | woman | wife"
)?t?ybw/y?t?ybw#2#/,getlex.php?coord=444042025&word=10,vb. a/u G C Ct palpel ethpalpal,,,,,to return,to return (intransitive),"to change direction, turn away",as co-verb : to do again,,,vb. a/u G C Ct palpel ethpalpal,"to return | to return (intransitive) | to change direction, turn away | as co-verb : to do again"
$ry,getlex.php?coord=444042025&word=7,,,,,,,,,,,,,
nh,getlex.php?coord=444042025&word=11,adv.,,,,,imperative and cohortative particle,"mild imperative  particle, please",,,,,adv.,"imperative and cohortative particle | mild imperative  particle, please"
)brM,getlex.php?coord=444042025&word=9,,,,,,,,,,,,,
mlk),getlex.php?coord=444042025&word=5,n.m.,,,,,king,king,"provincial ruler (governor, satrap)",a priest,,,n.m.,"king | king | provincial ruler (governor, satrap) | a priest"
mry,getlex.php?coord=444042025&word=4,n.m.,,,,,"master, lord",master,owner,title of respect,,,n.m.,"master, lord | master | owner | title of respect"
wmtngd,getlex.php?coord=444042025&word=3,conj. vb. i/u G D C Gt Dt,,,,,"and, also",to draw towards oneself,(trans.): to draw something towards oneself; to stretch something,"(intr.): to be drawn out, extend",,ngd,conj. vb. i/u G D C Gt Dt,"and, also | to draw towards oneself | (trans.): to draw something towards oneself; to stretch something | (intr.): to be drawn out, extend"
mtkt$,getlex.php?coord=444042025&word=2,vb. a/u G D Gt Dt,,,,,to beat; to fight,"to beat, to pound",to fight,"to labor, to strive",,,vb. a/u G D Gt Dt,"to beat; to fight | to beat, to pound | to fight | to labor, to strive"
bdyl,getlex.php?coord=444042025&word=6,prep.,,,,,on account of,on account of,concerning,,,,prep.,on account of | on account of | concerning
lmlk),getlex.php?coord=444042024&word=8,n.m.,,,,,king,king,"provincial ruler (governor, satrap)",a priest,,,n.m.,"king | king | provincial ruler (governor, satrap) | a priest"
dy,getlex.php?coord=444042025&word=1,,,,,,,,,,,,,
)lN,getlex.php?coord=444042025&word=0,pron.,,,,,these (m. and f.),these,,,,,pron.,these (m. and f.) | these
mkt$y),getlex.php?coord=444042024&word=10,n.m.,,,,,plague,plague,"aggression, combat",,,,n.m.,"plague | plague | aggression, combat"
wngdy),getlex.php?coord=444042024&word=11,conj. n.m.,,,,,"and, also",pull; stretch; flow,"distance, stretch","scourging, lashing, stripes",,"ngd, ngdˀ",conj. n.m.,"and, also | pull; stretch; flow | distance, stretch | scourging, lashing, stripes"
kwl,getlex.php?coord=444042024&word=9,n.(pr.),,,,,"all, every",alone preceding a noun (technically the construct state!) :,as a postpositive with resumptive pronominal suffixes,emphatic state :,,,n.(pr.),"all, every | alone preceding a noun (technically the construct state!) : | as a postpositive with resumptive pronominal suffixes | emphatic state :"
)mr,getlex.php?coord=444042024&word=7,vb. a/a G Gt,,,,,to say,to say,to command,"to say to oneself, to have a thought",,,vb. a/a G Gt,"to say | to say | to command | to say to oneself, to have a thought"
xrqnw$,getlex.php?coord=444042024&word=3,,,,,,,,,,,,,
lwT,getlex.php?coord=444042024&word=5,,,,,,,,,,,,,
)zl,getlex.php?coord=444042024&word=6,"vb. a/i, a/a G Gt",,,,,to go,"to go, move along",to go away,as co-verb : to go ahead and do something,,,"vb. a/i, a/a G Gt","to go | to go, move along | to go away | as co-verb : to go ahead and do something"
mly,getlex.php?coord=444042024&word=4,n.f.,,,,,"word, speech; thing",word,thing [=Heb. דָּבָר],=Greek,,,n.f.,"word, speech; thing | word | thing [=Heb. דָּבָר] | =Greek"
wkdy,getlex.php?coord=444042024&word=1,conj. conj.,,,,,"and, also",when,when,just as,,"kd, kdy",conj. conj.,"and, also | when | when | just as"
###,getlex.php?coord=444042024&word=0,,,,,,,,,,,,,
$m(,getlex.php?coord=444042024&word=2,vb. a/a(u) G D C Gt,,,,,to hear,to hear (w. d.o. or,b_,) something,,,vb. a/a(u) G D C Gt,to hear | to hear (w. d.o. or | b_ | ) something
wyclh,getlex.php?coord=444042023&word=12,conj. vb. G D C Gt Dt Ct,,,,,"and, also",to bend down; D to pray,to incline (intr.),tran.:,,ṣly,conj. vb. G D C Gt Dt Ct,"and, also | to bend down; D to pray | to incline (intr.) | tran.:"
)ntth,getlex.php?coord=444042023&word=9,n.f.,,,,,"woman, wife",woman,wife,,,,n.f.,"woman, wife | woman | wife"
lmlk),getlex.php?coord=444042023&word=7,n.m.,,,,,king,king,"provincial ruler (governor, satrap)",a priest,,,n.m.,"king | king | provincial ruler (governor, satrap) | a priest"
mnh,getlex.php?coord=444042023&word=10,prep.,,,,,from,from,partitive,indicating the agent of a passive,,,prep.,from | from | partitive | indicating the agent of a passive
wyxh,getlex.php?coord=444042023&word=14,conj. vb. G D C Ct,,,,,"and, also",to live,to live,"to revive, come back to life",,ḥyy,conj. vb. G D C Ct,"and, also | to live | to live | to revive, come back to life"
(lwhy,getlex.php?coord=444042023&word=13,prep.,,,,,upon; against; to,"upon, over, on to","against, over against","toward, to",,,prep.,"upon; against; to | upon, over, on to | against, over against | toward, to"
lb(lh),getlex.php?coord=444042023&word=11,n.m.,,,,,husband; lord; master,husband,"lord, master",owner,,,n.m.,"husband; lord; master | husband | lord, master | owner"
wy$lx,getlex.php?coord=444042023&word=8,conj. vb. a/a(u) G D C Gt Dt Ct,,,,,"and, also",to send,"to send (something or someone, but see note)","to send word; order, summon",,šlḥ,conj. vb. a/a(u) G D C Gt Dt Ct,"and, also | to send | to send (something or someone, but see note) | to send word; order, summon"
)mr,getlex.php?coord=444042023&word=6,vb. a/a G Gt,,,,,to say,to say,to command,"to say to oneself, to have a thought",,,vb. a/a G Gt,"to say | to say | to command | to say to oneself, to have a thought"
)zl,getlex.php?coord=444042023&word=5,"vb. a/i, a/a G Gt",,,,,to go,"to go, move along",to go away,as co-verb : to go ahead and do something,,,"vb. a/i, a/a G Gt","to go | to go, move along | to go away | as co-verb : to go ahead and do something"
wk(N,getlex.php?coord=444042023&word=4,conj. adv.,,,,,"and, also",now,now,(w./w.o.,,kˁn,conj. adv.,"and, also | now | now | (w./w.o."
(mh,getlex.php?coord=444042023&word=3,prep.,,,,,with,"with, together with",at,"at the time of, during",,,prep.,"with | with, together with | at | at the time of, during"
)ntth,getlex.php?coord=444042023&word=2,n.f.,,,,,"woman, wife",woman,wife,,,,n.f.,"woman, wife | woman | wife"
w$ry,getlex.php?coord=444042023&word=1,conj.,,,,,"and, also",,,,,,conj.,"and, also"
mlk),getlex.php?coord=444042023&word=0,n.m.,,,,,king,king,"provincial ruler (governor, satrap)",a priest,,,n.m.,"king | king | provincial ruler (governor, satrap) | a priest"
(l,getlex.php?coord=444042022&word=18,prep.,,,,,upon; against; to,"upon, over, on to","against, over against","toward, to",,,prep.,"upon; against; to | upon, over, on to | against, over against | toward, to"
lcly),getlex.php?coord=444042022&word=17,vb. G D C Gt Dt Ct,,,,,to bend down; D to pray,to incline (intr.),tran.:,to pray,,,vb. G D C Gt Dt Ct,to bend down; D to pray | to incline (intr.) | tran.: | to pray
ykwl,getlex.php?coord=444042022&word=14,vb. e/u G C,,,,,to be able,to be able (capability),to overpower,(in prohibitive clauses) : to be empowered,,,vb. e/u G C,to be able | to be able (capability) | to overpower | (in prohibitive clauses) : to be empowered
l),getlex.php?coord=444042022&word=13,adv.,,,,,"no, not",no! (as interj.),not (preceding and negating a predicate),"compounded with adjectives, nouns, abstracts, and adverbs  ='un-', 'non', 'in-'",,,adv.,"no, not | no! (as interj.) | not (preceding and negating a predicate) | compounded with adjectives, nouns, abstracts, and adverbs  ='un-', 'non', 'in-'"
ddy,getlex.php?coord=444042022&word=16,n.m.,,,,,paternal uncle,paternal uncle,beloved,,,,n.m.,paternal uncle | paternal uncle | beloved
w)mr,getlex.php?coord=444042022&word=10,conj. vb. a/a G Gt,,,,,"and, also",to say,to say,to command,,ˀmr,conj. vb. a/a G Gt,"and, also | to say | to say | to command"
lwT,getlex.php?coord=444042022&word=12,,,,,,,,,,,,,
lh,getlex.php?coord=444042022&word=11,,,,,,,,,,,,,
)brM,getlex.php?coord=444042022&word=15,,,,,,,,,,,,,
/xz[ny]#2#/,getlex.php?coord=444042022&word=9,"vb. G D C Gt Ct ethpolal, ethpay/w c el",,,,,to see,to see,(,metaph. as in European languages,,,"vb. G D C Gt Ct ethpolal, ethpay/w c el",to see | to see | ( | metaph. as in European languages
b[x]lM,getlex.php?coord=444042022&word=6,prep. n.m.,,,,,"in, with",in,with (instrumental),among,,"ḥlm, ḥlmˀ",prep. n.m.,"in, with | in | with (instrumental) | among"
",,,]",getlex.php?coord=444042022&word=8,,,,,,,,,,,,,
\xz[),getlex.php?coord=444042022&word=7,"vb. G D C Gt Ct ethpolal, ethpay/w c el",,,,,to see,to see,(,metaph. as in European languages,,,"vb. G D C Gt Ct ethpolal, ethpay/w c el",to see | to see | ( | metaph. as in European languages
)rw,getlex.php?coord=444042022&word=5,conj./inte,,,,,behold,presentative particle,"because, since",,,,conj./inte,"behold | presentative particle | because, since"
wyxh,getlex.php?coord=444042022&word=4,conj. vb. G D C Ct,,,,,"and, also",to live,to live,"to revive, come back to life",,ḥyy,conj. vb. G D C Ct,"and, also | to live | to live | to revive, come back to life"
(lwhy,getlex.php?coord=444042022&word=3,prep.,,,,,upon; against; to,"upon, over, on to","against, over against","toward, to",,,prep.,"upon; against; to | upon, over, on to | against, over against | toward, to"
ydy,getlex.php?coord=444042022&word=2,n.f.,,,,,"hand, arm; side; power",(anat.) hand,arm,"power, control",,,n.f.,"hand, arm; side; power | (anat.) hand | arm | power, control"
w)smwK,getlex.php?coord=444042022&word=1,conj. vb. a/u G D C Gt Dt,,,,,"and, also","to prop up, to support","to prop up, to support","to lean on, recline on (often in the context of eating)",,smk,conj. vb. a/u G D C Gt Dt,"and, also | to prop up, to support | to prop up, to support | to lean on, recline on (often in the context of eating)"
mlk),getlex.php?coord=444042022&word=0,n.m.,,,,,king,king,"provincial ruler (governor, satrap)",a priest,,,n.m.,"king | king | provincial ruler (governor, satrap) | a priest"
wb(),getlex.php?coord=444042021&word=6,conj. vb. G D Gt Dt,,,,,"and, also","to ask, to beg, to inquire","to seek, look for",to ask a question,,bˁy,conj. vb. G D Gt Dt,"and, also | to ask, to beg, to inquire | to seek, look for | to ask a question"
(l,getlex.php?coord=444042021&word=11,prep.,,,,,upon; against; to,"upon, over, on to","against, over against","toward, to",,,prep.,"upon; against; to | upon, over, on to | against, over against | toward, to"
w)clh,getlex.php?coord=444042021&word=10,conj. vb. G D C Gt Dt Ct,,,,,"and, also",to bend down; D to pray,to incline (intr.),tran.:,,ṣly,conj. vb. G D C Gt Dt Ct,"and, also | to bend down; D to pray | to incline (intr.) | tran.:"
dy,getlex.php?coord=444042021&word=8,,,,,,,,,,,,,
mny,getlex.php?coord=444042021&word=7,prep.,,,,,from,from,partitive,indicating the agent of a passive,,,prep.,from | from | partitive | indicating the agent of a passive
)th,getlex.php?coord=444042021&word=9,vb. G D C Ct,,,,,"to come, arrive",to come,to occur; w.,ˁl,,,vb. G D C Ct,"to come, arrive | to come | to occur; w. | ˁl"
xrqnw$,getlex.php?coord=444042021&word=5,,,,,,,,,,,,,
(ly,getlex.php?coord=444042021&word=4,prep.,,,,,upon; against; to,"upon, over, on to","against, over against","toward, to",,,prep.,"upon; against; to | upon, over, on to | against, over against | toward, to"
)th,getlex.php?coord=444042021&word=3,vb. G D C Ct,,,,,"to come, arrive",to come,to occur; w.,ˁl,,,vb. G D C Ct,"to come, arrive | to come | to occur; w. | ˁl"
b)dyN,getlex.php?coord=444042021&word=2,conj.,,,,,then,then (past sequential),(future sequential),(gnomic present),,,conj.,then | then (past sequential) | (future sequential) | (gnomic present)
###,getlex.php?coord=444042021&word=1,,,,,,,,,,,,,
w(rqw,getlex.php?coord=444042021&word=0,conj. vb. a/u G D C Gt Ct,,,,,"and, also",to flee,to flee,"to avoid, stay away",,ˁrq,conj. vb. a/u G D C Gt Ct,"and, also | to flee | to flee | to avoid, stay away"
lkwlhwN,getlex.php?coord=444042020&word=14,n.(pr.),,,,,"all, every",alone preceding a noun (technically the construct state!) :,as a postpositive with resumptive pronominal suffixes,emphatic state :,,,n.(pr.),"all, every | alone preceding a noun (technically the construct state!) : | as a postpositive with resumptive pronominal suffixes | emphatic state :"
kt$,getlex.php?coord=444042020&word=13,vb. a/u G D Gt Dt,,,,,to beat; to fight,"to beat, to pound",to fight,"to labor, to strive",,,vb. a/u G D Gt Dt,"to beat; to fight | to beat, to pound | to fight | to labor, to strive"
rwx),getlex.php?coord=444042020&word=12,n.f./m.,,,,,wind; spirit,wind,"spirit, motive intellectual or emotional force","demon, i.e., evil spirit",,,n.f./m.,"wind; spirit | wind | spirit, motive intellectual or emotional force | demon, i.e., evil spirit"
hw),getlex.php?coord=444042020&word=11,vb. G C Gt Ct,,,,,"to be, to become",to be,"to endure, to exist","to come to pass, to happen",,,vb. G C Gt Ct,"to be, to become | to be | to endure, to exist | to come to pass, to happen"
)rw,getlex.php?coord=444042020&word=10,conj./inte,,,,,behold,presentative particle,"because, since",,,,conj./inte,"behold | presentative particle | because, since"
l)sywth,getlex.php?coord=444042020&word=9,vb. G D Dt,,,,,D to heal,to heal,to heal,to repair,,,vb. G D Dt,D to heal | to heal | to heal | to repair
xkymy),getlex.php?coord=444042020&word=7,adj.,,,,,wise,wise,skillful,,,,adj.,wise | wise | skillful
wkwl,getlex.php?coord=444042020&word=6,conj. n.(pr.),,,,,"and, also","all, every",alone preceding a noun (technically the construct state!) :,as a postpositive with resumptive pronominal suffixes,,"kl, klˀ",conj. n.(pr.),"and, also | all, every | alone preceding a noun (technically the construct state!) : | as a postpositive with resumptive pronominal suffixes"
w)$py),getlex.php?coord=444042020&word=5,conj. n.m.,,,,,"and, also",exorcist,exorcist,diviner,,"ˀšp, ˀšpˀ",conj. n.m.,"and, also | exorcist | exorcist | diviner"
lmqM,getlex.php?coord=444042020&word=8,"vb. a/u G D C Dt Ct polel, pay/w c el ethpolal, ethpay/w c el",,,,,to rise; to stand; to last,to rise,"to stand, to be raised up","to stand still, to stop",,,"vb. a/u G D C Dt Ct polel, pay/w c el ethpolal, ethpay/w c el","to rise; to stand; to last | to rise | to stand, to be raised up | to stand still, to stop"
)sy),getlex.php?coord=444042020&word=4,n.m.,,,,,physician,"physician, healer",,,,,n.m.,"physician | physician, healer"
wl),getlex.php?coord=444042020&word=1,conj. adv.,,,,,"and, also","no, not",no! (as interj.),not (preceding and negating a predicate),,lˀ,conj. adv.,"and, also | no, not | no! (as interj.) | not (preceding and negating a predicate)"
kwl,getlex.php?coord=444042020&word=3,n.(pr.),,,,,"all, every",alone preceding a noun (technically the construct state!) :,as a postpositive with resumptive pronominal suffixes,emphatic state :,,,n.(pr.),"all, every | alone preceding a noun (technically the construct state!) : | as a postpositive with resumptive pronominal suffixes | emphatic state :"
dN,getlex.php?coord=444042019&word=15,pron.,,,,,this one,this one,"as enclitic in interrogative contexts: now, here, then :",see s.v.,,,pron.,"this one | this one | as enclitic in interrogative contexts: now, here, then : | see s.v."
byth,getlex.php?coord=444042020&word=0,n.m./f.,,,,,house; structure; place,house: a building for dwelling,a structure,"place, area, home",,,n.m./f.,"house; structure; place | house: a building for dwelling | a structure | place, area, home"
wl)n$,getlex.php?coord=444042019&word=16,conj. n.m.,,,,,"and, also","person, someone","person, someone","Man, humanity (usually in the emphatic)",,"ˀnš, ˀnšˀ",conj. n.m.,"and, also | person, someone | person, someone | Man, humanity (usually in the emphatic)"
yklw,getlex.php?coord=444042020&word=2,vb. e/u G C,,,,,to be able,to be able (capability),to overpower,(in prohibitive clauses) : to be empowered,,,vb. e/u G C,to be able | to be able (capability) | to overpower | (in prohibitive clauses) : to be empowered
l)sywth,getlex.php?coord=444042019&word=12,vb. G D Dt,,,,,D to heal,to heal,to heal,to repair,,,vb. G D Dt,D to heal | to heal | to heal | to repair
hN,getlex.php?coord=444042019&word=10,conj.,,,,,if,if,"either...or, whether ... whether",w. ܕܝܢ :,,,conj.,"if | if | either...or, whether ... whether | w. ܕܝܢ :"
(M,getlex.php?coord=444042019&word=6,prep.,,,,,with,"with, together with",at,"at the time of, during",,,prep.,"with | with, together with | at | at the time of, during"
ykwlwN,getlex.php?coord=444042019&word=11,vb. e/u G C,,,,,to be able,to be able (capability),to overpower,(in prohibitive clauses) : to be empowered,,,vb. e/u G C,to be able | to be able (capability) | to overpower | (in prohibitive clauses) : to be empowered
mN,getlex.php?coord=444042019&word=13,prep.,,,,,from,from,partitive,indicating the agent of a passive,,,prep.,from | from | partitive | indicating the agent of a passive
)sy,getlex.php?coord=444042019&word=8,n.m.,,,,,physician,"physician, healer",,,,,n.m.,"physician | physician, healer"
kwl,getlex.php?coord=444042019&word=7,n.(pr.),,,,,"all, every",alone preceding a noun (technically the construct state!) :,as a postpositive with resumptive pronominal suffixes,emphatic state :,,,n.(pr.),"all, every | alone preceding a noun (technically the construct state!) : | as a postpositive with resumptive pronominal suffixes | emphatic state :"
mcryN,getlex.php?coord=444042019&word=9,,,,,,,,,,,,,
)$py),getlex.php?coord=444042019&word=5,n.m.,,,,,exorcist,exorcist,diviner,,,,n.m.,exorcist | exorcist | diviner
x?[k]y?m?[y],getlex.php?coord=444042019&word=2,adj.,,,,,wise,wise,skillful,,,,adj.,wise | wise | skillful
lkwl,getlex.php?coord=444042019&word=1,n.(pr.),,,,,"all, every",alone preceding a noun (technically the construct state!) :,as a postpositive with resumptive pronominal suffixes,emphatic state :,,,n.(pr.),"all, every | alone preceding a noun (technically the construct state!) : | as a postpositive with resumptive pronominal suffixes | emphatic state :"
wlkwl,getlex.php?coord=444042019&word=4,conj. n.(pr.),,,,,"and, also","all, every",alone preceding a noun (technically the construct state!) :,as a postpositive with resumptive pronominal suffixes,,"kl, klˀ",conj. n.(pr.),"and, also | all, every | alone preceding a noun (technically the construct state!) : | as a postpositive with resumptive pronominal suffixes"
qr),getlex.php?coord=444042019&word=0,vb. G D C Gt,,,,,to call,to call,to read,to cry out,,,vb. G D C Gt,to call | to call | to read | to cry out
w$lx,getlex.php?coord=444042018&word=14,conj. vb. a/a(u) G D C Gt Dt Ct,,,,,"and, also",to send,"to send (something or someone, but see note)","to send word; order, summon",,šlḥ,conj. vb. a/a(u) G D C Gt Dt Ct,"and, also | to send | to send (something or someone, but see note) | to send word; order, summon"
mcryN,getlex.php?coord=444042019&word=3,,,,,,,,,,,,,
)n$,getlex.php?coord=444042018&word=12,n.m.,,,,,"person, someone","person, someone","Man, humanity (usually in the emphatic)","often in the absolute state (i.e., as a pronoun, even in Eastern Aramaic):",,,n.m.,"person, someone | person, someone | Man, humanity (usually in the emphatic) | often in the absolute state (i.e., as a pronoun, even in Eastern Aramaic):"
wngdy),getlex.php?coord=444042018&word=9,conj. n.m.,,,,,"and, also",pull; stretch; flow,"distance, stretch","scourging, lashing, stripes",,"ngd, ngdˀ",conj. n.m.,"and, also | pull; stretch; flow | distance, stretch | scourging, lashing, stripes"
wgbrw,getlex.php?coord=444042018&word=6,conj. vb. a/a G D C Dt,,,,,"and, also",to prevail,to prevail,(of topography) to swell up,,gbr,conj. vb. a/a G D C Dt,"and, also | to prevail | to prevail | (of topography) to swell up"
kwl,getlex.php?coord=444042018&word=11,n.(pr.),,,,,"all, every",alone preceding a noun (technically the construct state!) :,as a postpositive with resumptive pronominal suffixes,emphatic state :,,,n.(pr.),"all, every | alone preceding a noun (technically the construct state!) : | as a postpositive with resumptive pronominal suffixes | emphatic state :"
w(l,getlex.php?coord=444042018&word=10,conj. prep.,,,,,"and, also",upon; against; to,"upon, over, on to","against, over against",,ˁl,conj. prep.,"and, also | upon; against; to | upon, over, on to | against, over against"
mkt$y),getlex.php?coord=444042018&word=8,n.m.,,,,,plague,plague,"aggression, combat",,,,n.m.,"plague | plague | aggression, combat"
(lwhy,getlex.php?coord=444042018&word=7,prep.,,,,,upon; against; to,"upon, over, on to","against, over against","toward, to",,,prep.,"upon; against; to | upon, over, on to | against, over against | toward, to"
byth,getlex.php?coord=444042018&word=13,n.m./f.,,,,,house; structure; place,house: a building for dwelling,a structure,"place, area, home",,,n.m./f.,"house; structure; place | house: a building for dwelling | a structure | place, area, home"
mkt$),getlex.php?coord=444042019&word=14,n.m.,,,,,plague,plague,"aggression, combat",,,,n.m.,"plague | plague | aggression, combat"
tqpw,getlex.php?coord=444042018&word=5,"vb. e(u)/a G D C Gt Dt polel, pay/w c el ethpolal, ethpay/w c el",,,,,to be strong,to be(come) strong,"to conquer, prevail (w. d.o.,",b_,,,"vb. e(u)/a G D C Gt Dt polel, pay/w c el ethpolal, ethpay/w c el","to be strong | to be(come) strong | to conquer, prevail (w. d.o., | b_"
wlswP,getlex.php?coord=444042018&word=2,conj. n.m.,,,,,"and, also",end,end,chronological,,"swp, swpˀ",conj. n.m.,"and, also | end | end | chronological"
$nyN,getlex.php?coord=444042018&word=1,n.f.,,,,,year,year,,,,,n.f.,year | year
$nyN,getlex.php?coord=444042018&word=4,n.f.,,,,,year,year,,,,,n.f.,year | year
trtyN,getlex.php?coord=444042018&word=0,num.,,,,,two,two,,,,,num.,two | two
(mh,getlex.php?coord=444042017&word=15,prep.,,,,,with,"with, together with",at,"at the time of, during",,,prep.,"with | with, together with | at | at the time of, during"
trtyN,getlex.php?coord=444042018&word=3,num.,,,,,two,two,,,,,num.,two | two
whw),getlex.php?coord=444042017&word=14,conj. vb. G C Gt Ct,,,,,"and, also","to be, to become",to be,"to endure, to exist",,hwy,conj. vb. G C Gt Ct,"and, also | to be, to become | to be | to endure, to exist"
yd(h),getlex.php?coord=444042017&word=13,vb. a/a G C Gt Ct quad quad T,,,,,to know,to know,to cohabit with,idioms:,,,vb. a/a G C Gt Ct quad quad T,to know | to know | to cohabit with | idioms:
wlkwl,getlex.php?coord=444042017&word=4,conj. n.(pr.),,,,,"and, also","all, every",alone preceding a noun (technically the construct state!) :,as a postpositive with resumptive pronominal suffixes,,"kl, klˀ",conj. n.(pr.),"and, also | all, every | alone preceding a noun (technically the construct state!) : | as a postpositive with resumptive pronominal suffixes"
whw)t,getlex.php?coord=444042017&word=1,conj. vb. G C Gt Ct,,,,,"and, also","to be, to become",to be,"to endure, to exist",,hwy,conj. vb. G C Gt Ct,"and, also | to be, to become | to be | to endure, to exist"
byth,getlex.php?coord=444042017&word=6,n.m./f.,,,,,house; structure; place,house: a building for dwelling,a structure,"place, area, home",,,n.m./f.,"house; structure; place | house: a building for dwelling | a structure | place, area, home"
kt$),getlex.php?coord=444042017&word=2,vb. a/u G D Gt Dt,,,,,to beat; to fight,"to beat, to pound",to fight,"to labor, to strive",,,vb. a/u G D Gt Dt,"to beat; to fight | to beat, to pound | to fight | to labor, to strive"
rwx,getlex.php?coord=444042016&word=15,n.f./m.,,,,,wind; spirit,wind,"spirit, motive intellectual or emotional force","demon, i.e., evil spirit",,,n.f./m.,"wind; spirit | wind | spirit, motive intellectual or emotional force | demon, i.e., evil spirit"
)n$,getlex.php?coord=444042017&word=5,n.m.,,,,,"person, someone","person, someone","Man, humanity (usually in the emphatic)","often in the absolute state (i.e., as a pronoun, even in Eastern Aramaic):",,,n.m.,"person, someone | person, someone | Man, humanity (usually in the emphatic) | often in the absolute state (i.e., as a pronoun, even in Eastern Aramaic):"
lh,getlex.php?coord=444042017&word=3,,,,,,,,,,,,,
b)y$),getlex.php?coord=444042017&word=0,adj.,,,,,bad,"bad, evil ( i.e., harmful, debilitating)","bad (i.e., the antithesis of good), not functioning properly",,,,adj.,"bad | bad, evil ( i.e., harmful, debilitating) | bad (i.e., the antithesis of good), not functioning properly"
w)P,getlex.php?coord=444042017&word=11,conj. conj.,,,,,"and, also","also, even","also, even",in expressions,,"ˀp, ˀwp",conj. conj.,"and, also | also, even | also, even | in expressions"
bh),getlex.php?coord=444042017&word=10,prep.,,,,,"in, with",in,with (instrumental),among,,,prep.,"in, with | in | with (instrumental) | among"
ykl,getlex.php?coord=444042017&word=8,vb. e/u G C,,,,,to be able,to be able (capability),to overpower,(in prohibitive clauses) : to be empowered,,,vb. e/u G C,to be able | to be able (capability) | to overpower | (in prohibitive clauses) : to be empowered
lmkt$h,getlex.php?coord=444042016&word=11,vb. a/u G D Gt Dt,,,,,to beat; to fight,"to beat, to pound",to fight,"to labor, to strive",,,vb. a/u G D Gt Dt,"to beat; to fight | to beat, to pound | to fight | to labor, to strive"
wlkwl,getlex.php?coord=444042016&word=12,conj. n.(pr.),,,,,"and, also","all, every",alone preceding a noun (technically the construct state!) :,as a postpositive with resumptive pronominal suffixes,,"kl, klˀ",conj. n.(pr.),"and, also | all, every | alone preceding a noun (technically the construct state!) : | as a postpositive with resumptive pronominal suffixes"
byth,getlex.php?coord=444042016&word=14,n.m./f.,,,,,house; structure; place,house: a building for dwelling,a structure,"place, area, home",,,n.m./f.,"house; structure; place | house: a building for dwelling | a structure | place, area, home"
)n$,getlex.php?coord=444042016&word=13,n.m.,,,,,"person, someone","person, someone","Man, humanity (usually in the emphatic)","often in the absolute state (i.e., as a pronoun, even in Eastern Aramaic):",,,n.m.,"person, someone | person, someone | Man, humanity (usually in the emphatic) | often in the absolute state (i.e., as a pronoun, even in Eastern Aramaic):"
lh,getlex.php?coord=444042016&word=6,,,,,,,,,,,,,
mkd$,getlex.php?coord=444042016&word=10,n.m.,,,,,plague,plague,"aggression, combat",,,,n.m.,"plague | plague | aggression, combat"
(lywN,getlex.php?coord=444042016&word=8,n.m.,,,,,most high one,most high one,,,,,n.m.,most high one | most high one
)l,getlex.php?coord=444042016&word=7,div.,,,,,El,El,,,,,div.,El | El
$lx,getlex.php?coord=444042016&word=5,vb. a/a(u) G D C Gt Dt Ct,,,,,to send,"to send (something or someone, but see note)","to send word; order, summon","to let loose, release, dismiss",,,vb. a/a(u) G D C Gt Dt Ct,"to send | to send (something or someone, but see note) | to send word; order, summon | to let loose, release, dismiss"
rwx,getlex.php?coord=444042016&word=9,n.f./m.,,,,,wind; spirit,wind,"spirit, motive intellectual or emotional force","demon, i.e., evil spirit",,,n.f./m.,"wind; spirit | wind | spirit, motive intellectual or emotional force | demon, i.e., evil spirit"
wbkyt,getlex.php?coord=444042016&word=1,conj. vb. G D C Dt,,,,,"and, also",to weep,to weep,"to mourn, weep for",,bky,conj. vb. G D C Dt,"and, also | to weep | to weep | to mourn, weep for"
blyly),getlex.php?coord=444042016&word=3,prep. n.m.,,,,,"in, with",in,with (instrumental),among,,"lyly, lylyˀ",prep. n.m.,"in, with | in | with (instrumental) | among"
dN,getlex.php?coord=444042016&word=4,pron.,,,,,this one,this one,"as enclitic in interrogative contexts: now, here, then :",see s.v.,,,pron.,"this one | this one | as enclitic in interrogative contexts: now, here, then : | see s.v."
)r(),getlex.php?coord=444042016&word=0,n.f.,,,,,ground; land; Earth,ground,"land, country",the Earth,,,n.f.,"ground; land; Earth | ground | land, country | the Earth"
mlky,getlex.php?coord=444042015&word=16,n.m.,,,,,king,king,"provincial ruler (governor, satrap)",a priest,,,n.m.,"king | king | provincial ruler (governor, satrap) | a priest"
wx$yt,getlex.php?coord=444042016&word=2,conj. vb. G D C,,,,,"and, also",to be silent,to be silent,to silence (?),,ḥšy,conj. vb. G D C,"and, also | to be silent | to be silent | to silence (?)"
lkwl,getlex.php?coord=444042015&word=15,n.(pr.),,,,,"all, every",alone preceding a noun (technically the construct state!) :,as a postpositive with resumptive pronominal suffixes,emphatic state :,,,n.(pr.),"all, every | alone preceding a noun (technically the construct state!) : | as a postpositive with resumptive pronominal suffixes | emphatic state :"
mry,getlex.php?coord=444042015&word=11,n.m.,,,,,"master, lord",master,owner,title of respect,,,n.m.,"master, lord | master | owner | title of respect"
dy,getlex.php?coord=444042015&word=12,,,,,,,,,,,,,
mny,getlex.php?coord=444042015&word=9,prep.,,,,,from,from,partitive,indicating the agent of a passive,,,prep.,from | from | partitive | indicating the agent of a passive
)nth,getlex.php?coord=444042015&word=13,pron.,,,,,you (m.),you (m.),,,,,pron.,you (m.) | you (m.)
)ntty,getlex.php?coord=444042015&word=8,n.f.,,,,,"woman, wife",woman,wife,,,,n.f.,"woman, wife | woman | wife"
wy^n^d(wK,getlex.php?coord=444042015&word=10,conj. vb. a/a G C Gt Ct quad quad T,,,,,"and, also",to know,to know,to cohabit with,,ydˁ,conj. vb. a/a G C Gt Ct quad quad T,"and, also | to know | to know | to cohabit with"
mrh,getlex.php?coord=444042015&word=14,n.m.,,,,,"master, lord",master,owner,title of respect,,,n.m.,"master, lord | master | owner | title of respect"
y$lT,getlex.php?coord=444042015&word=4,"vb. a/a, e/u G D C Dt Ct",,,,,to rule,to have power (+,b_,or,,,"vb. a/a, e/u G D C Dt Ct",to rule | to have power (+ | b_ | or
blyly),getlex.php?coord=444042015&word=5,prep. n.m.,,,,,"in, with",in,with (instrumental),among,,"lyly, lylyˀ",prep. n.m.,"in, with | in | with (instrumental) | among"
w)l,getlex.php?coord=444042015&word=3,conj. adv.,,,,,"and, also",not (prohibitive),not (prohibitive),,,ˀl,conj. adv.,"and, also | not (prohibitive) | not (prohibitive)"
lTmy),getlex.php?coord=444042015&word=7,vb. G D Dt,,,,,to be impure,to be unclean,to be isolated,"to defile, make unclean",,,vb. G D Dt,"to be impure | to be unclean | to be isolated | to defile, make unclean"
dN,getlex.php?coord=444042015&word=6,pron.,,,,,this one,this one,"as enclitic in interrogative contexts: now, here, then :",see s.v.,,,pron.,"this one | this one | as enclitic in interrogative contexts: now, here, then : | see s.v."
l),getlex.php?coord=444042017&word=12,adv.,,,,,"no, not",no! (as interj.),not (preceding and negating a predicate),"compounded with adjectives, nouns, abstracts, and adverbs  ='un-', 'non', 'in-'",,,adv.,"no, not | no! (as interj.) | not (preceding and negating a predicate) | compounded with adjectives, nouns, abstracts, and adverbs  ='un-', 'non', 'in-'"
lmqrb,getlex.php?coord=444042017&word=9,vb. e/u(a) G D C Gt Dt Ct,,,,,"to approach, to be near","to approach, to be near",to touch,"b_, l_",,,vb. e/u(a) G D C Gt Dt Ct,"to approach, to be near | to approach, to be near | to touch | b_, l_"
wl),getlex.php?coord=444042017&word=7,conj. adv.,,,,,"and, also","no, not",no! (as interj.),not (preceding and negating a predicate),,lˀ,conj. adv.,"and, also | no, not | no! (as interj.) | not (preceding and negating a predicate)"
w)xzy,getlex.php?coord=444042014&word=16,"conj. vb. G D C Gt Ct ethpolal, ethpay/w c el",,,,,"and, also",to see,to see,(,,ḥzy,"conj. vb. G D C Gt Ct ethpolal, ethpay/w c el","and, also | to see | to see | ("
mnh,getlex.php?coord=444042014&word=15,prep.,,,,,from,from,partitive,indicating the agent of a passive,,,prep.,from | from | partitive | indicating the agent of a passive
dyN,getlex.php?coord=444042014&word=14,n.m.,,,,,judgment,court case,judgment,"justice, what is right",,,n.m.,"judgment | court case | judgment | justice, what is right"
bh,getlex.php?coord=444042015&word=0,prep.,,,,,"in, with",in,with (instrumental),among,,,prep.,"in, with | in | with (instrumental) | among"
rbt),getlex.php?coord=444042014&word=18,adj.,,,,,"great, big",large,"great, of major significance",(of age) : older,,,adj.,"great, big | large | great, of major significance | (of age) : older"
ly,getlex.php?coord=444042014&word=13,,,,,,,,,,,,,
ydK,getlex.php?coord=444042014&word=17,n.f.,,,,,"hand, arm; side; power",(anat.) hand,arm,"power, control",,,n.f.,"hand, arm; side; power | (anat.) hand | arm | power, control"
byth,getlex.php?coord=444042015&word=2,n.m./f.,,,,,house; structure; place,house: a building for dwelling,a structure,"place, area, home",,,n.m./f.,"house; structure; place | house: a building for dwelling | a structure | place, area, home"
dbrt,getlex.php?coord=444042014&word=8,vb. a/a G D C Gt Dt,,,,,"to lead, to drive","transitive : to lead, to drive",to plow,"intransitive : to live, act, behave",,,vb. a/a G D C Gt Dt,"to lead, to drive | transitive : to lead, to drive | to plow | intransitive : to live, act, behave"
)ntty,getlex.php?coord=444042014&word=9,n.f.,,,,,"woman, wife",woman,wife,,,,n.f.,"woman, wife | woman | wife"
mny,getlex.php?coord=444042014&word=10,prep.,,,,,from,from,partitive,indicating the agent of a passive,,,prep.,from | from | partitive | indicating the agent of a passive
dy,getlex.php?coord=444042014&word=7,,,,,,,,,,,,,
mcryN,getlex.php?coord=444042014&word=6,,,,,,,,,,,,,
btwqP,getlex.php?coord=444042014&word=11,prep. n.m.,,,,,"in, with",in,with (instrumental),among,,"tqwp, twqpˀ",prep. n.m.,"in, with | in | with (instrumental) | among"
(bd,getlex.php?coord=444042014&word=12,vb. a/e G D C Gt Ct quad,,,,,"to make, act, do",to make,"to do, perform, act in a certain manner","to designate, make into",,,vb. a/e G D C Gt Ct quad,"to make, act, do | to make | to do, perform, act in a certain manner | to designate, make into"
xbrwhy,getlex.php?coord=444042126&word=7,n.m.,,,,,comrade,"companion, comrade","other one, its fellow",a scholar or student,,,n.m.,"comrade | companion, comrade | other one, its fellow | a scholar or student"
wlkwl,getlex.php?coord=444042126&word=6,conj. n.(pr.),,,,,"and, also","all, every",alone preceding a noun (technically the construct state!) :,as a postpositive with resumptive pronominal suffixes,,"kl, klˀ",conj. n.(pr.),"and, also | all, every | alone preceding a noun (technically the construct state!) : | as a postpositive with resumptive pronominal suffixes"
trty ($rh,getlex.php?coord=444042126&word=11,num.,,,,,twelve,twelve,the twelve books of the minor prophets,,,,num.,twelve | twelve | the twelve books of the minor prophets
md),getlex.php?coord=444042126&word=10,n.f.,,,,,"a tax, tribute",a tax,payment,tribute,,,n.f.,"a tax, tribute | a tax | payment | tribute"
(lyhwN,getlex.php?coord=444042126&word=9,prep.,,,,,upon; against; to,"upon, over, on to","against, over against","toward, to",,,prep.,"upon; against; to | upon, over, on to | against, over against | toward, to"
$nyN,getlex.php?coord=444042126&word=12,n.f.,,,,,year,year,,,,,n.f.,year | year
w$wyw,getlex.php?coord=444042126&word=8,conj. vb. a/e G D C Gt Dt Ct,,,,,"and, also",to be equal; D to put down,"to be equal, worth","to be worthy of, merit",,šwy,conj. vb. a/e G D C Gt Dt Ct,"and, also | to be equal; D to put down | to be equal, worth | to be worthy of, merit"
hw?w?)?,getlex.php?coord=444042126&word=13,vb. G C Gt Ct,,,,,"to be, to become",to be,"to endure, to exist","to come to pass, to happen",,,vb. G C Gt Ct,"to be, to become | to be | to endure, to exist | to come to pass, to happen"
(ylM,getlex.php?coord=444042126&word=0,,,,,,,,,,,,,
wmlky),getlex.php?coord=444042126&word=1,conj. n.m.,,,,,"and, also",king,king,"provincial ruler (governor, satrap)",,"mlk, mlkˀ",conj. n.m.,"and, also | king | king | provincial ruler (governor, satrap)"
lmlK,getlex.php?coord=444042126&word=4,n.m.,,,,,king,king,"provincial ruler (governor, satrap)",a priest,,,n.m.,"king | king | provincial ruler (governor, satrap) | a priest"
mlK,getlex.php?coord=444042125&word=16,n.m.,,,,,king,king,"provincial ruler (governor, satrap)",a priest,,,n.m.,"king | king | provincial ruler (governor, satrap) | a priest"
sdy),getlex.php?coord=444042125&word=14,,,,,,,,,,,,,
wtqP,getlex.php?coord=444042125&word=15,"conj. vb. e(u)/a G D C Gt Dt polel, pay/w c el ethpolal, ethpay/w c el",,,,,"and, also",to be strong,to be(come) strong,"to conquer, prevail (w. d.o.,",,tqp,"conj. vb. e(u)/a G D C Gt Dt polel, pay/w c el ethpolal, ethpay/w c el","and, also | to be strong | to be(come) strong | to conquer, prevail (w. d.o.,"
dy,getlex.php?coord=444042126&word=2,,,,,,,,,,,,,
(mh,getlex.php?coord=444042126&word=3,prep.,,,,,with,"with, together with",at,"at the time of, during",,,prep.,"with | with, together with | at | at the time of, during"
swdM,getlex.php?coord=444042126&word=5,,,,,,,,,,,,,
l(mq),getlex.php?coord=444042125&word=12,n.m.,,,,,valley,valley,depth,,,,n.m.,valley | valley | depth
kxd),getlex.php?coord=444042125&word=10,adv.,,,,,together,"together, as one",ܡܢ ܟܚܕܐ : from now on (?) :,see s.v.,,,adv.,"together | together, as one | ܡܢ ܟܚܕܐ : from now on (?) : | see s.v."
dy,getlex.php?coord=444042125&word=13,,,,,,,,,,,,,
)zdmnw,getlex.php?coord=444042125&word=9,vb. G D C Gt Dt Ct,,,,,to invite,p.p. :,see s.v.,zmyn,,,vb. G D C Gt Dt Ct,to invite | p.p. : | see s.v. | zmyn
kwl,getlex.php?coord=444042125&word=7,n.(pr.),,,,,"all, every",alone preceding a noun (technically the construct state!) :,as a postpositive with resumptive pronominal suffixes,emphatic state :,,,n.(pr.),"all, every | alone preceding a noun (technically the construct state!) : | as a postpositive with resumptive pronominal suffixes | emphatic state :"
lqrb,getlex.php?coord=444042125&word=11,n.m.,,,,,"war, battle","war, battle",,,,,n.m.,"war, battle | war, battle"
)lN,getlex.php?coord=444042125&word=8,pron.,,,,,these (m. and f.),these,,,,,pron.,these (m. and f.) | these
w(M,getlex.php?coord=444042125&word=4,conj. prep.,,,,,"and, also",with,"with, together with",at,,ˁm,conj. prep.,"and, also | with | with, together with | at"
bl(,getlex.php?coord=444042125&word=6,,,,,,,,,,,,,
mlK,getlex.php?coord=444042125&word=5,n.m.,,,,,king,king,"provincial ruler (governor, satrap)",a priest,,,n.m.,"king | king | provincial ruler (governor, satrap) | a priest"
br$(,getlex.php?coord=444042124&word=10,,,,,,,,,,,,,
mlK,getlex.php?coord=444042124&word=15,n.m.,,,,,king,king,"provincial ruler (governor, satrap)",a priest,,,n.m.,"king | king | provincial ruler (governor, satrap) | a priest"
w(M,getlex.php?coord=444042124&word=9,conj. prep.,,,,,"and, also",with,"with, together with",at,,ˁm,conj. prep.,"and, also | with | with, together with | at"
$n)b,getlex.php?coord=444042124&word=14,,,,,,,,,,,,,
(wmrM,getlex.php?coord=444042124&word=12,,,,,,,,,,,,,
w(M,getlex.php?coord=444042124&word=13,conj. prep.,,,,,"and, also",with,"with, together with",at,,ˁm,conj. prep.,"and, also | with | with, together with | at"
mlK,getlex.php?coord=444042124&word=11,n.m.,,,,,king,king,"provincial ruler (governor, satrap)",a priest,,,n.m.,"king | king | provincial ruler (governor, satrap) | a priest"
wbkwl,getlex.php?coord=444042015&word=1,conj. prep. n.(pr.),,,,,"and, also","in, with",in,with (instrumental),,b_,conj. prep. n.(pr.),"and, also | in, with | in | with (instrumental)"
$my)bd,getlex.php?coord=444042125&word=1,,,,,,,,,,,,,
w(M,getlex.php?coord=444042125&word=0,conj. prep.,,,,,"and, also",with,"with, together with",at,,ˁm,conj. prep.,"and, also | with | with, together with | at"
cbwyN,getlex.php?coord=444042125&word=3,,,,,,,,,,,,,
mlK,getlex.php?coord=444042124&word=7,n.m.,,,,,king,king,"provincial ruler (governor, satrap)",a priest,,,n.m.,"king | king | provincial ruler (governor, satrap) | a priest"
br(,getlex.php?coord=444042124&word=6,,,,,,,,,,,,,
swdM,getlex.php?coord=444042124&word=8,,,,,,,,,,,,,
dy,getlex.php?coord=444042123&word=16,,,,,,,,,,,,,
qrb,getlex.php?coord=444042124&word=4,n.m.,,,,,"war, battle","war, battle",,,,,n.m.,"war, battle | war, battle"
g?wyM,getlex.php?coord=444042123&word=15,,,,,,,,,,,,,
byN,getlex.php?coord=444042124&word=1,,,,,,,,,,,,,
(M,getlex.php?coord=444042124&word=5,prep.,,,,,with,"with, together with",at,"at the time of, during",,,prep.,"with | with, together with | at | at the time of, during"
hy),getlex.php?coord=444042124&word=0,pron.,,,,,she,she,as copula,,,,pron.,she | she | as copula
nhryN,getlex.php?coord=444042124&word=2,,,,,,,,,,,,,
w(bdw,getlex.php?coord=444042124&word=3,conj. vb. a/e G D C Gt Ct quad,,,,,"and, also","to make, act, do",to make,"to do, perform, act in a certain manner",,ˁbd,conj. vb. a/e G D C Gt Ct quad,"and, also | to make, act, do | to make | to do, perform, act in a certain manner"
td(l,getlex.php?coord=444042123&word=13,,,,,,,,,,,,,
mlK,getlex.php?coord=444042123&word=14,n.m.,,,,,king,king,"provincial ruler (governor, satrap)",a priest,,,n.m.,"king | king | provincial ruler (governor, satrap) | a priest"
kptwK,getlex.php?coord=444042123&word=12,,,,,,,,,,,,,
)mrpl,getlex.php?coord=444042123&word=7,,,,,,,,,,,,,
)rywK,getlex.php?coord=444042123&word=10,,,,,,,,,,,,,
mlK,getlex.php?coord=444042123&word=8,n.m.,,,,,king,king,"provincial ruler (governor, satrap)",a priest,,,n.m.,"king | king | provincial ruler (governor, satrap) | a priest"
mlK,getlex.php?coord=444042123&word=11,n.m.,,,,,king,king,"provincial ruler (governor, satrap)",a priest,,,n.m.,"king | king | provincial ruler (governor, satrap) | a priest"
bbl,getlex.php?coord=444042123&word=9,,,,,,,,,,,,,
mlK,getlex.php?coord=444042123&word=5,n.m.,,,,,king,king,"provincial ruler (governor, satrap)",a priest,,,n.m.,"king | king | provincial ruler (governor, satrap) | a priest"
(ylM,getlex.php?coord=444042123&word=6,,,,,,,,,,,,,
)lN,getlex.php?coord=444042123&word=2,pron.,,,,,these (m. and f.),these,,,,,pron.,these (m. and f.) | these
qdmt,getlex.php?coord=444042123&word=0,prep.,,,,,"before, in front of",before,charged to,,,,prep.,"before, in front of | before | charged to"
###,getlex.php?coord=444042122&word=3,,,,,,,,,,,,,
ywmy),getlex.php?coord=444042123&word=1,n.m.,,,,,day,day,pl.: time period,"daytime, sun light (",,,n.m.,"day | day | pl.: time period | daytime, sun light ("
kdrl(wmr,getlex.php?coord=444042123&word=4,,,,,,,,,,,,,
)th,getlex.php?coord=444042123&word=3,vb. G D C Ct,,,,,"to come, arrive",to come,to occur; w.,ˁl,,,vb. G D C Ct,"to come, arrive | to come | to occur; w. | ˁl"
w)$tyw,getlex.php?coord=444042122&word=1,conj. vb. G C Gt,,,,,"and, also",to drink,to drink,"to be irrigated, absorb water",,šty,conj. vb. G C Gt,"and, also | to drink | to drink | to be irrigated, absorb water"
(my,getlex.php?coord=444042122&word=2,prep.,,,,,with,"with, together with",at,"at the time of, during",,,prep.,"with | with, together with | at | at the time of, during"
(my,getlex.php?coord=444042122&word=0,prep.,,,,,with,"with, together with",at,"at the time of, during",,,prep.,"with | with, together with | at | at the time of, during"
kxd),getlex.php?coord=444042121&word=14,adv.,,,,,together,"together, as one",ܡܢ ܟܚܕܐ : from now on (?) :,see s.v.,,,adv.,"together | together, as one | ܡܢ ܟܚܕܐ : from now on (?) : | see s.v."
w)klw,getlex.php?coord=444042121&word=13,conj. vb. a/u G C Gt Ct,,,,,"and, also","to eat, consume",to eat,to consume,,ˀkl,conj. vb. a/u G C Gt Ct,"and, also | to eat, consume | to eat | to consume"
rxmy,getlex.php?coord=444042121&word=12,n.m.,,,,,friend,friend,merciful one,,,,n.m.,friend | friend | merciful one
)mwr)),getlex.php?coord=444042121&word=11,adj.,,,,,Amorite,Amorite,,,,,adj.,Amorite | Amorite
)dm),getlex.php?coord=444042124&word=16,,,,,,,,,,,,,
mlK,getlex.php?coord=444042125&word=2,n.m.,,,,,king,king,"provincial ruler (governor, satrap)",a priest,,,n.m.,"king | king | provincial ruler (governor, satrap) | a priest"
wl)$kwl,getlex.php?coord=444042121&word=8,conj.,,,,,"and, also",,,,,,conj.,"and, also"
t^l^tt,getlex.php?coord=444042121&word=9,num.,,,,,three,three,w. masc. pl. pron. suff. : group of three,,,,num.,three | three | w. masc. pl. pron. suff. : group of three
)xy),getlex.php?coord=444042121&word=10,n.m.,,,,,brother,brother,"kinsman, comrade",,,,n.m.,"brother | brother | kinsman, comrade"
)nh,getlex.php?coord=444042121&word=0,pron.,,,,,I,I,as enclitic subject marker with participles/adjectives,(philos.) Ego,,,pron.,I | I | as enclitic subject marker with participles/adjectives | (philos.) Ego
tmN,getlex.php?coord=444042120&word=14,adv.,,,,,there,there,"in opposition to  ""here"" : Babylonia vs. Eretz-Israel","then (?), there and then (?)",,,adv.,"there | there | in opposition to  ""here"" : Babylonia vs. Eretz-Israel | then (?), there and then (?)"
byty,getlex.php?coord=444042121&word=3,n.m./f.,,,,,house; structure; place,house: a building for dwelling,a structure,"place, area, home",,,n.m./f.,"house; structure; place | house: a building for dwelling | a structure | place, area, home"
w)$tyt,getlex.php?coord=444042120&word=13,conj. vb. G C Gt,,,,,"and, also",to drink,to drink,"to be irrigated, absorb water",,šty,conj. vb. G C Gt,"and, also | to drink | to drink | to be irrigated, absorb water"
w)klt,getlex.php?coord=444042120&word=12,conj. vb. a/u G C Gt Ct,,,,,"and, also","to eat, consume",to eat,to consume,,ˀkl,conj. vb. a/u G C Gt Ct,"and, also | to eat, consume | to eat | to consume"
)n$,getlex.php?coord=444042121&word=2,n.m.,,,,,"person, someone","person, someone","Man, humanity (usually in the emphatic)","often in the absolute state (i.e., as a pronoun, even in Eastern Aramaic):",,,n.m.,"person, someone | person, someone | Man, humanity (usually in the emphatic) | often in the absolute state (i.e., as a pronoun, even in Eastern Aramaic):"
wkwl,getlex.php?coord=444042121&word=1,conj. n.(pr.),,,,,"and, also","all, every",alone preceding a noun (technically the construct state!) :,as a postpositive with resumptive pronominal suffixes,,"kl, klˀ",conj. n.(pr.),"and, also | all, every | alone preceding a noun (technically the construct state!) : | as a postpositive with resumptive pronominal suffixes"
l)l,getlex.php?coord=444042120&word=10,div.,,,,,El,El,,,,,div.,El | El
wmnx),getlex.php?coord=444042120&word=9,conj. n.f.,,,,,"and, also",meal offering,meal offering,devotee (?),,"mnḥh, mnḥtˀ",conj. n.f.,"and, also | meal offering | meal offering | devotee (?)"
(l),getlex.php?coord=444042120&word=8,n.f.,,,,,burnt offering; altar,"burnt offering, sacrifice",sacrificial altar,,,,n.f.,"burnt offering; altar | burnt offering, sacrifice | sacrificial altar"
(lywN,getlex.php?coord=444042120&word=11,n.m.,,,,,most high one,most high one,,,,,n.m.,most high one | most high one
(lwhy?,getlex.php?coord=444042120&word=7,prep.,,,,,upon; against; to,"upon, over, on to","against, over against","toward, to",,,prep.,"upon; against; to | upon, over, on to | against, over against | toward, to"
wl(rnM,getlex.php?coord=444042121&word=7,conj.,,,,,"and, also",,,,,,conj.,"and, also"
qryt,getlex.php?coord=444042121&word=5,vb. G D C Gt,,,,,to call,to call,to read,to cry out,,,vb. G D C Gt,to call | to call | to read | to cry out
lmmrh,getlex.php?coord=444042121&word=6,,,,,,,,,,,,,
w$lxt,getlex.php?coord=444042121&word=4,conj. vb. a/a(u) G D C Gt Dt Ct,,,,,"and, also",to send,"to send (something or someone, but see note)","to send word; order, summon",,šlḥ,conj. vb. a/a(u) G D C Gt Dt Ct,"and, also | to send | to send (something or someone, but see note) | to send word; order, summon"
w)sqt,getlex.php?coord=444042120&word=6,conj. vb. e/a(u) G D C Dt Ct,,,,,"and, also",to go up,to go up,to result,,slq,conj. vb. e/a(u) G D C Dt Ct,"and, also | to go up | to go up | to result"
cpwN,getlex.php?coord=444042120&word=1,n.m.,,,,,north,north,the divinity (Baal of the) North,,,,n.m.,north | north | the divinity (Baal of the) North
mdbx,getlex.php?coord=444042120&word=5,n.m.,,,,,altar,altar,"small church, sanctuary [=",byt mdbḥˀ,,,n.m.,"altar | altar | small church, sanctuary [= | byt mdbḥˀ"
tmN,getlex.php?coord=444042120&word=4,adv.,,,,,there,there,"in opposition to  ""here"" : Babylonia vs. Eretz-Israel","then (?), there and then (?)",,,adv.,"there | there | in opposition to  ""here"" : Babylonia vs. Eretz-Israel | then (?), there and then (?)"
wbnyt,getlex.php?coord=444042120&word=3,conj. vb. G D Gt Dt,,,,,"and, also",to build,to build,fig. : to construct a logical argument,,bny,conj. vb. G D Gt Dt,"and, also | to build | to build | fig. : to construct a logical argument"
xbrwN,getlex.php?coord=444042120&word=2,,,,,,,,,,,,,
klmdnx,getlex.php?coord=444042120&word=0,adv.,,,,,toward the east,toward the east,,,,,adv.,toward the east | toward the east
dy,getlex.php?coord=444042119&word=13,,,,,,,,,,,,,
)n$y,getlex.php?coord=444042119&word=8,n.m.,,,,,"person, someone","person, someone","Man, humanity (usually in the emphatic)","often in the absolute state (i.e., as a pronoun, even in Eastern Aramaic):",,,n.m.,"person, someone | person, someone | Man, humanity (usually in the emphatic) | often in the absolute state (i.e., as a pronoun, even in Eastern Aramaic):"
wytbt,getlex.php?coord=444042119&word=11,conj. vb. i/i G D C Dt Ct,,,,,"and, also","to sit ; to dwell; to stay, remain",to sit,to dwell,,ytb,conj. vb. i/i G D C Dt Ct,"and, also | to sit ; to dwell; to stay, remain | to sit | to dwell"
w)zlt,getlex.php?coord=444042119&word=10,"conj. vb. a/i, a/a G Gt",,,,,"and, also",to go,"to go, move along",to go away,,ˀzl,"conj. vb. a/i, a/a G Gt","and, also | to go | to go, move along | to go away"
b)lwny mmrh,getlex.php?coord=444042119&word=12,prep.,,,,,"in, with",in,with (instrumental),among,,,prep.,"in, with | in | with (instrumental) | among"
$lM,getlex.php?coord=444042119&word=9,n.m.,,,,,wellbeing; peace,"wellbeing, safety",peace,,,,n.m.,"wellbeing; peace | wellbeing, safety | peace"
lbyty,getlex.php?coord=444042119&word=4,n.m./f.,,,,,house; structure; place,house: a building for dwelling,a structure,"place, area, home",,,n.m./f.,"house; structure; place | house: a building for dwelling | a structure | place, area, home"
b$lM,getlex.php?coord=444042119&word=5,prep. n.m.,,,,,"in, with",in,with (instrumental),among,,"šlm, šlmˀ",prep. n.m.,"in, with | in | with (instrumental) | among"
wtbt,getlex.php?coord=444042119&word=1,conj. vb. a/u G C Ct palpel ethpalpal,,,,,"and, also",to return,to return (intransitive),"to change direction, turn away",,twb,conj. vb. a/u G C Ct palpel ethpalpal,"and, also | to return | to return (intransitive) | to change direction, turn away"
ly,getlex.php?coord=444042119&word=3,,,,,,,,,,,,,
gxwN,getlex.php?coord=444042118&word=17,,,,,,,,,,,,,
w)tyt,getlex.php?coord=444042119&word=2,conj. vb. G D C Ct,,,,,"and, also","to come, arrive",to come,to occur; w.,,ˀty,conj. vb. G D C Ct,"and, also | to come, arrive | to come | to occur; w."
nhr),getlex.php?coord=444042119&word=0,n.m.,,,,,river,"river, canal",figurative usages:,,,,n.m.,"river | river, canal | figurative usages:"
dbqt,getlex.php?coord=444042118&word=16,vb. e(a)/a(u) G D C Gt Dt,,,,,"to stick to, to adhere",(usually w.,b_,") : to stick to, to adhere",,,vb. e(a)/a(u) G D C Gt Dt,"to stick to, to adhere | (usually w. | b_ | ) : to stick to, to adhere"
kwl,getlex.php?coord=444042119&word=7,n.(pr.),,,,,"all, every",alone preceding a noun (technically the construct state!) :,as a postpositive with resumptive pronominal suffixes,emphatic state :,,,n.(pr.),"all, every | alone preceding a noun (technically the construct state!) : | as a postpositive with resumptive pronominal suffixes | emphatic state :"
(d,getlex.php?coord=444042118&word=14,conj.,,,,,until,until,"while, while still",before,,,conj.,"until | until | while, while still | before"
wsxrt,getlex.php?coord=444042118&word=12,conj. vb. a/a G D C Gt,,,,,"and, also",to go around; to beg,"to go about, to turn around","to travel around, go around",,sḥr,conj. vb. a/a G D C Gt,"and, also | to go around; to beg | to go about, to turn around | to travel around, go around"
ym),getlex.php?coord=444042118&word=10,n.m.,,,,,sea,sea,lake,,,,n.m.,sea | sea | lake
ldrwm),getlex.php?coord=444042118&word=13,n.m.,,,,,south,south,,,,,n.m.,south | south
$mwq),getlex.php?coord=444042118&word=11,adj.,,,,,red,red,red substance,,,,adj.,red | red | red substance
dy,getlex.php?coord=444042118&word=15,,,,,,,,,,,,,
dy,getlex.php?coord=444042118&word=7,,,,,,,,,,,,,
mN,getlex.php?coord=444042118&word=9,prep.,,,,,from,from,partitive,indicating the agent of a passive,,,prep.,from | from | partitive | indicating the agent of a passive
yM swP,getlex.php?coord=444042118&word=6,,,,,,,,,,,,,
npq,getlex.php?coord=444042118&word=8,vb. a/u G D C Dt Ct,,,,,to go out,"to go out, come out, leave","to turn into, end up differently from how it started","to be spent, i.e. used up, consumed",,,vb. a/u G D C Dt Ct,"to go out | to go out, come out, leave | to turn into, end up differently from how it started | to be spent, i.e. used up, consumed"
)th,getlex.php?coord=444042117&word=15,vb. G D C Ct,,,,,"to come, arrive",to come,to occur; w.,ˁl,,,vb. G D C Ct,"to come, arrive | to come | to occur; w. | ˁl"
ly,getlex.php?coord=444042117&word=16,,,,,,,,,,,,,
ym),getlex.php?coord=444042118&word=0,n.m.,,,,,sea,sea,lake,,,,n.m.,sea | sea | lake
lyd,getlex.php?coord=444042117&word=17,prep.,,,,,under the control of; next to,under the control of,next to,,,,prep.,under the control of; next to | under the control of | next to
$mwq),getlex.php?coord=444042118&word=1,adj.,,,,,red,red,red substance,,,,adj.,red | red | red substance
whwyt,getlex.php?coord=444042117&word=14,conj. vb. G C Gt Ct,,,,,"and, also","to be, to become",to be,"to endure, to exist",,hwy,conj. vb. G C Gt Ct,"and, also | to be, to become | to be | to endure, to exist"
ll$N,getlex.php?coord=444042118&word=5,n.m.,,,,,tongue,(anat.) tongue,language,speech,,,n.m.,tongue | (anat.) tongue | language | speech
dy,getlex.php?coord=444042118&word=3,,,,,,,,,,,,,
dbqt,getlex.php?coord=444042118&word=4,vb. e(a)/a(u) G D C Gt Dt,,,,,"to stick to, to adhere",(usually w.,b_,") : to stick to, to adhere",,,vb. e(a)/a(u) G D C Gt Dt,"to stick to, to adhere | (usually w. | b_ | ) : to stick to, to adhere"
dbqt,getlex.php?coord=444042117&word=10,vb. e(a)/a(u) G D C Gt Dt,,,,,"to stick to, to adhere",(usually w.,b_,") : to stick to, to adhere",,,vb. e(a)/a(u) G D C Gt Dt,"to stick to, to adhere | (usually w. | b_ | ) : to stick to, to adhere"
lym),getlex.php?coord=444042117&word=11,n.m.,,,,,sea,sea,lake,,,,n.m.,sea | sea | lake
lmdnx),getlex.php?coord=444042117&word=13,n.m./f.,,,,,east,east,rising of the sun,birth horoscope/sign,,,n.m./f.,east | east | rising of the sun | birth horoscope/sign
dy,getlex.php?coord=444042117&word=9,,,,,,,,,,,,,
bxbrwN,getlex.php?coord=444042119&word=14,prep.,,,,,"in, with",in,with (instrumental),among,,,prep.,"in, with | in | with (instrumental) | among"
$mwq),getlex.php?coord=444042117&word=12,adj.,,,,,red,red,red substance,,,,adj.,red | red | red substance
(d,getlex.php?coord=444042117&word=8,conj.,,,,,until,until,"while, while still",before,,,conj.,"until | until | while, while still | before"
pwrt,getlex.php?coord=444042117&word=7,n.m.,,,,,The Euphrates,The Euphrates,fig. : source,,,,n.m.,The Euphrates | The Euphrates | fig. : source
lpwrt,getlex.php?coord=444042117&word=3,n.m.,,,,,The Euphrates,The Euphrates,fig. : source,,,,n.m.,The Euphrates | The Euphrates | fig. : source
nhr),getlex.php?coord=444042117&word=4,n.m.,,,,,river,"river, canal",figurative usages:,,,,n.m.,"river | river, canal | figurative usages:"
wsxrt,getlex.php?coord=444042117&word=5,conj. vb. a/a G D C Gt,,,,,"and, also",to go around; to beg,"to go about, to turn around","to travel around, go around",,sḥr,conj. vb. a/a G D C Gt,"and, also | to go around; to beg | to go about, to turn around | to travel around, go around"
lyd,getlex.php?coord=444042117&word=6,prep.,,,,,under the control of; next to,under the control of,next to,,,,prep.,under the control of; next to | under the control of | next to
w)$kxt,getlex.php?coord=444042119&word=6,conj. vb. a/a G C Gt Ct,,,,,"and, also",to find; to be capable,to find,"w. infinitive : to be able to, capable of",,škḥ,conj. vb. a/a G C Gt Ct,"and, also | to find; to be capable | to find | w. infinitive : to be able to, capable of"
dbqt,getlex.php?coord=444042117&word=2,vb. e(a)/a(u) G D C Gt Dt,,,,,"to stick to, to adhere",(usually w.,b_,") : to stick to, to adhere",,,vb. e(a)/a(u) G D C Gt Dt,"to stick to, to adhere | (usually w. | b_ | ) : to stick to, to adhere"
)r(),getlex.php?coord=444042116&word=17,n.f.,,,,,ground; land; Earth,ground,"land, country",the Earth,,,n.f.,"ground; land; Earth | ground | land, country | the Earth"
(d,getlex.php?coord=444042117&word=0,conj.,,,,,until,until,"while, while still",before,,,conj.,"until | until | while, while still | before"
Twr,getlex.php?coord=444042116&word=13,n.m.,,,,,mountain,mountain,"high pasture, field",parapet (?),,,n.m.,"mountain | mountain | high pasture, field | parapet (?)"
lmdnx),getlex.php?coord=444042116&word=15,n.m./f.,,,,,east,east,rising of the sun,birth horoscope/sign,,,n.m./f.,east | east | rising of the sun | birth horoscope/sign
twr),getlex.php?coord=444042116&word=14,n.m.,,,,,"ox, cow","bull, ox",(astron.) Taurus,(zool.) תורא דימא : an unclean fish,,,n.m.,"ox, cow | bull, ox | (astron.) Taurus | (zool.) תורא דימא : an unclean fish"
lpwty,getlex.php?coord=444042116&word=16,n.m.,,,,,width,"width, breadth","broad area, plaza [calque BH רחוב?]",,,,n.m.,"width | width, breadth | broad area, plaza [calque BH רחוב?]"
dy,getlex.php?coord=444042117&word=1,,,,,,,,,,,,,
mlx),getlex.php?coord=444042116&word=10,n.f.,,,,,salt,salt,(bot.) an alkaline plant,a month name (?),,,n.f.,salt | salt | (bot.) an alkaline plant | a month name (?)
lyd,getlex.php?coord=444042116&word=12,prep.,,,,,under the control of; next to,under the control of,next to,,,,prep.,under the control of; next to | under the control of | next to
w)zlt,getlex.php?coord=444042116&word=11,"conj. vb. a/i, a/a G Gt",,,,,"and, also",to go,"to go, move along",to go away,,ˀzl,"conj. vb. a/i, a/a G Gt","and, also | to go | to go, move along | to go away"
(d,getlex.php?coord=444042115&word=14,conj.,,,,,until,until,"while, while still",before,,,conj.,"until | until | while, while still | before"
dbqt,getlex.php?coord=444042116&word=0,vb. e(a)/a(u) G D C Gt Dt,,,,,"to stick to, to adhere",(usually w.,b_,") : to stick to, to adhere",,,vb. e(a)/a(u) G D C Gt Dt,"to stick to, to adhere | (usually w. | b_ | ) : to stick to, to adhere"
dy,getlex.php?coord=444042115&word=15,,,,,,,,,,,,,
twr),getlex.php?coord=444042116&word=2,n.m.,,,,,"ox, cow","bull, ox",(astron.) Taurus,(zool.) תורא דימא : an unclean fish,,,n.m.,"ox, cow | bull, ox | (astron.) Taurus | (zool.) תורא דימא : an unclean fish"
(d,getlex.php?coord=444042118&word=2,conj.,,,,,until,until,"while, while still",before,,,conj.,"until | until | while, while still | before"
mN,getlex.php?coord=444042116&word=4,prep.,,,,,from,from,partitive,indicating the agent of a passive,,,prep.,from | from | partitive | indicating the agent of a passive
wsxrt,getlex.php?coord=444042116&word=3,conj. vb. a/a G D C Gt,,,,,"and, also",to go around; to beg,"to go about, to turn around","to travel around, go around",,sḥr,conj. vb. a/a G D C Gt,"and, also | to go around; to beg | to go about, to turn around | to travel around, go around"
lTwr,getlex.php?coord=444042116&word=1,n.m.,,,,,mountain,mountain,"high pasture, field",parapet (?),,,n.m.,"mountain | mountain | high pasture, field | parapet (?)"
y?m),getlex.php?coord=444042116&word=6,n.m.,,,,,sea,sea,lake,,,,n.m.,sea | sea | lake
dN,getlex.php?coord=444042116&word=8,pron.,,,,,this one,this one,"as enclitic in interrogative contexts: now, here, then :",see s.v.,,,pron.,"this one | this one | as enclitic in interrogative contexts: now, here, then : | see s.v."
ly?[d],getlex.php?coord=444042116&word=5,prep.,,,,,under the control of; next to,under the control of,next to,,,,prep.,under the control of; next to | under the control of | next to
dy,getlex.php?coord=444042116&word=9,,,,,,,,,,,,,
rb),getlex.php?coord=444042116&word=7,adj.,,,,,"great, big",large,"great, of major significance",(of age) : older,,,adj.,"great, big | large | great, of major significance | (of age) : older"
lyd,getlex.php?coord=444042115&word=12,prep.,,,,,under the control of; next to,under the control of,next to,,,,prep.,under the control of; next to | under the control of | next to
ym),getlex.php?coord=444042115&word=13,n.m.,,,,,sea,sea,lake,,,,n.m.,sea | sea | lake
nhr),getlex.php?coord=444042115&word=10,n.m.,,,,,river,"river, canal",figurative usages:,,,,n.m.,"river | river, canal | figurative usages:"
w)tyt,getlex.php?coord=444042115&word=11,conj. vb. G D C Ct,,,,,"and, also","to come, arrive",to come,to occur; w.,,ˀty,conj. vb. G D C Ct,"and, also | to come, arrive | to come | to occur; w."
lmsxr,getlex.php?coord=444042115&word=3,vb. a/a G D C Gt,,,,,to go around; to beg,"to go about, to turn around","to travel around, go around",to beg,,,vb. a/a G D C Gt,"to go around; to beg | to go about, to turn around | to travel around, go around | to beg"
wlmxzh,getlex.php?coord=444042115&word=4,"conj. vb. G D C Gt Ct ethpolal, ethpay/w c el",,,,,"and, also",to see,to see,(,,ḥzy,"conj. vb. G D C Gt Ct ethpolal, ethpay/w c el","and, also | to see | to see | ("
gyxwN,getlex.php?coord=444042115&word=9,,,,,,,,,,,,,
)r(),getlex.php?coord=444042115&word=5,n.f.,,,,,ground; land; Earth,ground,"land, country",the Earth,,,n.f.,"ground; land; Earth | ground | land, country | the Earth"
mN,getlex.php?coord=444042115&word=8,prep.,,,,,from,from,partitive,indicating the agent of a passive,,,prep.,from | from | partitive | indicating the agent of a passive
lmsxr,getlex.php?coord=444042115&word=7,vb. a/a G D C Gt,,,,,to go around; to beg,"to go about, to turn around","to travel around, go around",to beg,,,vb. a/a G D C Gt,"to go around; to beg | to go about, to turn around | to travel around, go around | to beg"
)nh,getlex.php?coord=444042115&word=1,pron.,,,,,I,I,as enclitic subject marker with participles/adjectives,(philos.) Ego,,,pron.,I | I | as enclitic subject marker with participles/adjectives | (philos.) Ego
w)zlt,getlex.php?coord=444042115&word=0,"conj. vb. a/i, a/a G Gt",,,,,"and, also",to go,"to go, move along",to go away,,ˀzl,"conj. vb. a/i, a/a G Gt","and, also | to go | to go, move along | to go away"
(lmy),getlex.php?coord=444042114&word=12,n.m.,,,,,eternity; world,eternity (usually as a,nomen rectum,),,,n.m.,eternity; world | eternity (usually as a | nomen rectum | )
)brM,getlex.php?coord=444042115&word=2,,,,,,,,,,,,,
###,getlex.php?coord=444042114&word=13,,,,,,,,,,,,,
w$ryt,getlex.php?coord=444042115&word=6,conj. vb. G D C Gt Dt,,,,,"and, also",to loosen; D to begin,"to loosen, untie",to permit,,šry,conj. vb. G D C Gt Dt,"and, also | to loosen; D to begin | to loosen, untie | to permit"
)ntnnh,getlex.php?coord=444042114&word=8,vb. a/e G Gt,,,,,to give; make into,to give,b_,":  to sell for, exchange for",,,vb. a/e G Gt,"to give; make into | to give | b_ | :  to sell for, exchange for"
(d,getlex.php?coord=444042114&word=10,prep.,,,,,until,"until, as far as",as conj.:,see s.v.,,,prep.,"until | until, as far as | as conj.: | see s.v."
)xryK,getlex.php?coord=444042114&word=9,prep.,,,,,"after, behind",after (temporal),behind (spatial),with respect to (?),,,prep.,"after, behind | after (temporal) | behind (spatial) | with respect to (?)"
kwl,getlex.php?coord=444042114&word=11,n.(pr.),,,,,"all, every",alone preceding a noun (technically the construct state!) :,as a postpositive with resumptive pronominal suffixes,emphatic state :,,,n.(pr.),"all, every | alone preceding a noun (technically the construct state!) : | as a postpositive with resumptive pronominal suffixes | emphatic state :"
)rw,getlex.php?coord=444042114&word=5,conj./inte,,,,,behold,presentative particle,"because, since",,,,conj./inte,"behold | presentative particle | because, since"
ptyh),getlex.php?coord=444042114&word=4,v.n.,,,,,width,width,expansion,"broad street, plaza",,,v.n.,"width | width | expansion | broad street, plaza"
wkmN,getlex.php?coord=444042114&word=3,conj. adv.,,,,,"and, also",how much,"how much, how many (interrog)","rhetorical: with an adj. , adv. or verb : how much x ? = so much!",,kmh,conj. adv.,"and, also | how much | how much, how many (interrog) | rhetorical: with an adj. , adv. or verb : how much x ? = so much!"
lK,getlex.php?coord=444042114&word=6,,,,,,,,,,,,,
wlzr(K,getlex.php?coord=444042114&word=7,conj. n.m.,,,,,"and, also",seed,seed,sowing,,"zrˁ, zrˁˀ",conj. n.m.,"and, also | seed | seed | sowing"
"[,,,,,",getlex.php?coord=444041927&word=4,,,,,,,,,,,,,
kmN,getlex.php?coord=444042114&word=1,adv.,,,,,how much,"how much, how many (interrog)","rhetorical: with an adj. , adv. or verb : how much x ? = so much!","ellipt. : a certain amount, somewhat, a few",,,adv.,"how much | how much, how many (interrog) | rhetorical: with an adj. , adv. or verb : how much x ? = so much! | ellipt. : a certain amount, somewhat, a few"
wxzy,getlex.php?coord=444042114&word=0,"conj. vb. G D C Gt Ct ethpolal, ethpay/w c el",,,,,"and, also",to see,to see,(,,ḥzy,"conj. vb. G D C Gt Ct ethpolal, ethpay/w c el","and, also | to see | to see | ("
hlK,getlex.php?coord=444042113&word=15,vb. a/(a) G D C Gt Dt quad quad T,,,,,to go; D to walk,"to go, to proceed","to behave, act","to go, walk",,,vb. a/(a) G D C Gt Dt quad quad T,"to go; D to walk | to go, to proceed | to behave, act | to go, walk"
wbm$th,getlex.php?coord=444041927&word=3,conj. n.m.,,,,,"and, also",drinking,"drinking, drink","feast, banquet",,"mšty, mštyˀ",conj. n.m.,"and, also | drinking | drinking, drink | feast, banquet"
w)zl,getlex.php?coord=444042113&word=16,"conj. vb. a/i, a/a G Gt",,,,,"and, also",to go,"to go, move along",to go away,,ˀzl,"conj. vb. a/i, a/a G Gt","and, also | to go | to go, move along | to go away"
]xmr),getlex.php?coord=444041927&word=5,n.m.,,,,,wine,wine,,,,,n.m.,wine | wine
)rkh),getlex.php?coord=444042114&word=2,n.m.,,,,,length,length (in space),(in time),,,,n.m.,length | length (in space) | (in time)
bm)kl,getlex.php?coord=444041927&word=1,prep. n.m.,,,,,"in, with",in,with (instrumental),among,,"mˀkl, mˀklˀ",prep. n.m.,"in, with | in | with (instrumental) | among"
$gy,getlex.php?coord=444041927&word=2,adj./adv.,,,,,"many, much","many, much","enough, too much",(gram.) pl.:,,,adj./adv.,"many, much | many, much | enough, too much | (gram.) pl.:"
"[,,,,,,]",getlex.php?coord=444041927&word=0,,,,,,,,,,,,,
cx,getlex.php?coord=444041926&word=10,,,,,,,,,,,,,
",,,,,,,,",getlex.php?coord=444041926&word=12,,,,,,,,,,,,,
mly,getlex.php?coord=444041926&word=13,,,,,,,,,,,,,
lhwN,getlex.php?coord=444041926&word=11,,,,,,,,,,,,,
)n?$y,getlex.php?coord=444041926&word=9,n.m.,,,,,"person, someone","person, someone","Man, humanity (usually in the emphatic)","often in the absolute state (i.e., as a pronoun, even in Eastern Aramaic):",,,n.m.,"person, someone | person, someone | Man, humanity (usually in the emphatic) | often in the absolute state (i.e., as a pronoun, even in Eastern Aramaic):"
wl),getlex.php?coord=444041926&word=4,,,,,,,,,,,,,
y?trbh,getlex.php?coord=444041926&word=2,"vb. a/e, i/e G D C Gt Dt",,,,,to increase,to grow in size,to grow in number or amount,"to raise (children, etc.)",,,"vb. a/e, i/e G D C Gt Dt","to increase | to grow in size | to grow in number or amount | to raise (children, etc.)"
mly?,getlex.php?coord=444041925&word=8,n.f.,,,,,"word, speech; thing",word,thing [=Heb. דָּבָר],=Greek,,,n.f.,"word, speech; thing | word | thing [=Heb. דָּבָר] | =Greek"
d?y?,getlex.php?coord=444041926&word=1,,,,,,,,,,,,,
x?n?w?K?,getlex.php?coord=444041925&word=9,,,,,,,,,,,,,
hw?w?),getlex.php?coord=444041926&word=5,conj. adv.,,,,,"and, also","no, not",no! (as interj.),not (preceding and negating a predicate),,lˀ,conj. adv.,"and, also | no, not | no! (as interj.) | not (preceding and negating a predicate)"
",,,,,,,,]b?b?Tn)",getlex.php?coord=444041926&word=0,,,,,,,,,,,,,
bh?,getlex.php?coord=444041926&word=3,,,,,,,,,,,,,
qwdmyhwN,getlex.php?coord=444041925&word=6,prep.,,,,,before,before,as a substantive : front part,,,,prep.,before | before | as a substantive : front part
wqryt,getlex.php?coord=444041925&word=5,conj. vb. G D C Gt,,,,,"and, also",to call,to call,to read,,qry,conj. vb. G D C Gt,"and, also | to call | to call | to read"
w?x?k?m?t?)?,getlex.php?coord=444041925&word=3,conj. n.f.,,,,,"and, also",wisdom,wisdom,,,"ḥkmh, ḥkmtˀ",conj. n.f.,"and, also | wisdom | wisdom"
w?q?w?$?T?),getlex.php?coord=444041925&word=4,conj. n.m.,,,,,"and, also","honesty, truth","honesty, truth","justice, proper thing",,"qšwṭ, qwšṭˀ",conj. n.m.,"and, also | honesty, truth | honesty, truth | justice, proper thing"
"l[,,,]",getlex.php?coord=444041925&word=7,,,,,,,,,,,,,
lmqM,getlex.php?coord=444041926&word=7,"vb. a/u G D C Dt Ct polel, pay/w c el ethpolal, ethpay/w c el",,,,,to rise; to stand; to last,to rise,"to stand, to be raised up","to stand still, to stop",,,"vb. a/u G D C Dt Ct polel, pay/w c el ethpolal, ethpay/w c el","to rise; to stand; to last | to rise | to stand, to be raised up | to stand still, to stop"
whww),getlex.php?coord=444041924&word=14,conj. vb. G C Gt Ct,,,,,"and, also","to be, to become",to be,"to endure, to exist",,hwy,conj. vb. G C Gt Ct,"and, also | to be, to become | to be | to endure, to exist"
lh?wN,getlex.php?coord=444041925&word=1,,,,,,,,,,,,,
mly,getlex.php?coord=444041924&word=11,n.f.,,,,,"word, speech; thing",word,thing [=Heb. דָּבָר],=Greek,,,n.f.,"word, speech; thing | word | thing [=Heb. דָּבָר] | =Greek"
w(l,getlex.php?coord=444041924&word=12,conj. prep.,,,,,"and, also",upon; against; to,"upon, over, on to","against, over against",,ˁl,conj. prep.,"and, also | upon; against; to | upon, over, on to | against, over against"
x?kmty,getlex.php?coord=444041924&word=13,n.f.,,,,,wisdom,wisdom,,,,,n.f.,wisdom | wisdom
yhbyN,getlex.php?coord=444041924&word=15,vb. a/a G C Gt,,,,,to give,to give,to place,"to permit, allow",,,vb. a/a G C Gt,"to give | to give | to place | to permit, allow"
"l?[,,,,,,,,,,,,,,])?lw?",getlex.php?coord=444041925&word=0,,,,,,,,,,,,,
mcry[N,getlex.php?coord=444041924&word=5,,,,,,,,,,,,,
c([N],getlex.php?coord=444041924&word=9,,,,,,,,,,,,,
dy,getlex.php?coord=444041924&word=7,,,,,,,,,,,,,
",,,,,]",getlex.php?coord=444041924&word=6,,,,,,,,,,,,,
(l,getlex.php?coord=444041924&word=10,prep.,,,,,upon; against; to,"upon, over, on to","against, over against","toward, to",,,prep.,"upon; against; to | upon, over, on to | against, over against | toward, to"
p?r?(?[w],getlex.php?coord=444041924&word=8,n.m.,,,,,Pharaoh,Pharaoh,,,,,n.m.,Pharaoh | Pharaoh
t?lt?)?,getlex.php?coord=444041924&word=1,num.,,,,,three,three,w. masc. pl. pron. suff. : group of three,,,,num.,three | three | w. masc. pl. pron. suff. : group of three
g?b?r?yN,getlex.php?coord=444041924&word=2,n.m.,,,,,man,man,"person, someone",supernatural being,,,n.m.,"man | man | person, someone | supernatural being"
"[,,,]",getlex.php?coord=444041924&word=0,,,,,,,,,,,,,
rbrby,getlex.php?coord=444041924&word=4,n.m.,,,,,chief; teacher,chief,master,,,,n.m.,chief; teacher | chief | master
mN,getlex.php?coord=444041924&word=3,prep.,,,,,from,from,partitive,indicating the agent of a passive,,,prep.,from | from | partitive | indicating the agent of a passive
kwl,getlex.php?coord=444041923&word=6,n.(pr.),,,,,"all, every",alone preceding a noun (technically the construct state!) :,as a postpositive with resumptive pronominal suffixes,emphatic state :,,,n.(pr.),"all, every | alone preceding a noun (technically the construct state!) : | as a postpositive with resumptive pronominal suffixes | emphatic state :"
yxznh,getlex.php?coord=444041923&word=5,"vb. G D C Gt Ct ethpolal, ethpay/w c el",,,,,to see,to see,(,metaph. as in European languages,,,"vb. G D C Gt Ct ethpolal, ethpay/w c el",to see | to see | ( | metaph. as in European languages
l),getlex.php?coord=444041923&word=4,adv.,,,,,"no, not",no! (as interj.),not (preceding and negating a predicate),"compounded with adjectives, nouns, abstracts, and adverbs  ='un-', 'non', 'in-'",,,adv.,"no, not | no! (as interj.) | not (preceding and negating a predicate) | compounded with adjectives, nouns, abstracts, and adverbs  ='un-', 'non', 'in-'"
wlswP,getlex.php?coord=444041923&word=8,conj. n.m.,,,,,"and, also",end,end,chronological,,"swp, swpˀ",conj. n.m.,"and, also | end | end | chronological"
"[,,,,,]",getlex.php?coord=444041923&word=7,,,,,,,,,,,,,
xm$,getlex.php?coord=444041923&word=9,num.,,,,,five,five,masc. form in construct or determined : group(s) of five,,,,num.,five | five | masc. form in construct or determined : group(s) of five
(dry,getlex.php?coord=444041926&word=8,n.m.,,,,,aid,aid,,,,,n.m.,aid | aid
$ny),getlex.php?coord=444041923&word=10,n.f.,,,,,year,year,,,,,n.f.,year | year
)?t?yN,getlex.php?coord=444041926&word=6,vb. G D C Ct,,,,,"to come, arrive",to come,to occur; w.,ˁl,,,vb. G D C Ct,"to come, arrive | to come | to occur; w. | ˁl"
"[,,,",getlex.php?coord=444041923&word=0,,,,,,,,,,,,,
lmpnh,getlex.php?coord=444041922&word=7,vb. G D C Gt Dt,,,,,to turn,to face,to return,as co-verb : to do something again,,,vb. G D C Gt Dt,to turn | to face | to return | as co-verb : to do something again
lc(N,getlex.php?coord=444041922&word=8,,,,,,,,,,,,,
$?ry,getlex.php?coord=444041922&word=6,,,,,,,,,,,,,
$?g?y?,getlex.php?coord=444041922&word=5,adj./adv.,,,,,"many, much","many, much","enough, too much",(gram.) pl.:,,,adj./adv.,"many, much | many, much | enough, too much | (gram.) pl.:"
y]tyr),getlex.php?coord=444041923&word=1,adv.,,,,,exceedingly,"exceedingly, more so",,,,,adv.,"exceedingly | exceedingly, more so"
bnp$h,getlex.php?coord=444041923&word=2,prep. n.f.,,,,,"in, with",in,with (instrumental),among,,"npš, npšˀ",prep. n.f.,"in, with | in | with (instrumental) | among"
"[,,,]l,l[,,",getlex.php?coord=444041922&word=0,,,,,,,,,,,,,
",,,]",getlex.php?coord=444041922&word=1,,,,,,,,,,,,,
dN,getlex.php?coord=444041921&word=11,pron.,,,,,this one,this one,"as enclitic in interrogative contexts: now, here, then :",see s.v.,,,pron.,"this one | this one | as enclitic in interrogative contexts: now, here, then : | see s.v."
blyly),getlex.php?coord=444041921&word=10,prep. n.m.,,,,,"in, with",in,with (instrumental),among,,"lyly, lylyˀ",prep. n.m.,"in, with | in | with (instrumental) | among"
wpr(w,getlex.php?coord=444041922&word=2,conj. n.m.,,,,,"and, also",Pharaoh,Pharaoh,,,prˁh,conj. n.m.,"and, also | Pharaoh | Pharaoh"
",,,]",getlex.php?coord=444041922&word=4,,,,,,,,,,,,,
c?([N,getlex.php?coord=444041922&word=3,,,,,,,,,,,,,
sp?r),getlex.php?coord=444041925&word=2,n.m.,,,,,"bank, edge",sea shore,border region,"corner, edge",,,n.m.,"bank, edge | sea shore | border region | corner, edge"
wlmqTlny,getlex.php?coord=444041921&word=5,conj. vb. a/u G D C Gt Dt,,,,,"and, also",to kill,to kill,"to make something not 'living' in its various metaph. senses, i.e., not raw, not flowing, etc.",,qṭl,conj. vb. a/u G D C Gt Dt,"and, also | to kill | to kill | to make something not 'living' in its various metaph. senses, i.e., not raw, not flowing, etc."
(l,getlex.php?coord=444041921&word=8,prep.,,,,,upon; against; to,"upon, over, on to","against, over against","toward, to",,,prep.,"upon; against; to | upon, over, on to | against, over against | toward, to"
wbkt,getlex.php?coord=444041921&word=6,conj. vb. G D C Dt,,,,,"and, also",to weep,to weep,"to mourn, weep for",,bky,conj. vb. G D C Dt,"and, also | to weep | to weep | to mourn, weep for"
$ry,getlex.php?coord=444041921&word=7,,,,,,,,,,,,,
mly,getlex.php?coord=444041921&word=9,n.f.,,,,,"word, speech; thing",word,thing [=Heb. דָּבָר],=Greek,,,n.f.,"word, speech; thing | word | thing [=Heb. דָּבָר] | =Greek"
mny,getlex.php?coord=444041921&word=4,prep.,,,,,from,from,partitive,indicating the agent of a passive,,,prep.,from | from | partitive | indicating the agent of a passive
wtp?lT?,getlex.php?coord=444041920&word=11,"conj. vb. a/a, a/u G D C Gt Dt",,,,,"and, also",to escape,(intransitive) to escape,(trans.) to eject,,plṭ,"conj. vb. a/a, a/u G D C Gt Dt","and, also | to escape | (intransitive) to escape | (trans.) to eject"
yb(wN],getlex.php?coord=444041921&word=2,vb. G D Gt Dt,,,,,"to ask, to beg, to inquire","to seek, look for",to ask a question,"to wish for something, want, request",,,vb. G D Gt Dt,"to ask, to beg, to inquire | to seek, look for | to ask a question | to wish for something, want, request"
l)([d]ywtky#2#/,getlex.php?coord=444041921&word=3,vb. G D C Gt Ct,,,,,to pass over,"to pass over, cross",to pass by,"to be over, finished, removed, pass away from",,,vb. G D C Gt Ct,"to pass over | to pass over, cross | to pass by | to be over, finished, removed, pass away from"
"/[,,,",getlex.php?coord=444041921&word=1,,,,,,,,,,,,,
"\[,,,,,]",getlex.php?coord=444041921&word=0,,,,,,,,,,,,,
np$y,getlex.php?coord=444041920&word=12,n.f.,,,,,soul; life; self,soul,living person,"throat, breath",,,n.f.,"soul; life; self | soul | living person | throat, breath"
bdylyky,getlex.php?coord=444041920&word=13,prep.,,,,,on account of,on account of,concerning,,,,prep.,on account of | on account of | concerning
l*q*d?myN,getlex.php?coord=444041422&word=2,"vb. a/a,u G D C Gt Dt",,,,,to work,to work,"to labor at (work, job), work for",to serve,,,"vb. a/a,u G D C Gt Dt","to work | to work | to labor at (work, job), work for | to serve"
p*l*x*,getlex.php?coord=444041422&word=1,,,,,,,,,,,,,
$?lx?p*)?,getlex.php?coord=444041422&word=3,adv.,,,,,previously,previously,at first,"eastward (?), from the east(?)",,,adv.,"previously | previously | at first | eastward (?), from the east(?)"
",,,,,,,,,,,,,,,]",getlex.php?coord=444041422&word=0,,,,,,,,,,,,,
"m*[,,,,,,,,,",getlex.php?coord=444041421&word=12,,,,,,,,,,,,,
l*(*d*b*,getlex.php?coord=444041422&word=4,vb. quad quad T,,,,,to exchange,"to exchange, switch",to make overlap,(money) to be exchanged,,,vb. quad quad T,"to exchange | to exchange, switch | to make overlap | (money) to be exchanged"
",,,,,,,,,,,,,,,,,,,,,,,,,,,,",getlex.php?coord=444041422&word=5,,,,,,,,,,,,,
)lN,getlex.php?coord=444041923&word=11,pron.,,,,,these (m. and f.),these,,,,,pron.,these (m. and f.) | these
(y*l*M*,getlex.php?coord=444041421&word=8,,,,,,,,,,,,,
yd,getlex.php?coord=444041421&word=7,n.f.,,,,,"hand, arm; side; power",(anat.) hand,arm,"power, control",,,n.f.,"hand, arm; side; power | (anat.) hand | arm | power, control"
b?)m?n*y*),getlex.php?coord=444041421&word=6,,,,,,,,,,,,,
[y]m*)?,getlex.php?coord=444041421&word=10,n.m.,,,,,sea,sea,lake,,,,n.m.,sea | sea | lake
",,",getlex.php?coord=444041421&word=9,,,,,,,,,,,,,
[r]b*h?,getlex.php?coord=444041421&word=11,adj.,,,,,"great, big",large,"great, of major significance",(of age) : older,,,adj.,"great, big | large | great, of major significance | (of age) : older"
dy,getlex.php?coord=444041923&word=3,,,,,,,,,,,,,
"l,,,,wN",getlex.php?coord=444041619&word=5,,,,,,,,,,,,,
",,,,[,,,,],,,,,,,,,[,,,]",getlex.php?coord=444041620&word=0,,,,,,,,,,,,,
b*(db?,getlex.php?coord=444041421&word=5,prep.,,,,,"in, with",in,with (instrumental),among,,,prep.,"in, with | in | with (instrumental) | among"
"[,,,,",getlex.php?coord=444041621&word=2,,,,,,,,,,,,,
lmdnx),getlex.php?coord=444041620&word=1,n.m./f.,,,,,east,east,rising of the sun,birth horoscope/sign,,,n.m./f.,east | east | rising of the sun | birth horoscope/sign
"l(,,,,",getlex.php?coord=444041619&word=4,,,,,,,,,,,,,
b?y?N,getlex.php?coord=444041621&word=1,prep.,,,,,"between, among",between,with two explicit end points,among,,,prep.,"between, among | between | with two explicit end points | among"
",,,,",getlex.php?coord=444041621&word=0,,,,,,,,,,,,,
lm(r?b?,getlex.php?coord=444041618&word=6,n.m./f.,,,,,west; sunset,west,setting (of the sun),,,,n.m./f.,west; sunset | west | setting (of the sun)
(d,getlex.php?coord=444041619&word=1,conj.,,,,,until,until,"while, while still",before,,,conj.,"until | until | while, while still | before"
",,,,[,,,,],,",getlex.php?coord=444041619&word=0,,,,,,,,,,,,,
",[,,,,",getlex.php?coord=444041618&word=8,,,,,,,,,,,,,
dbq,getlex.php?coord=444041619&word=3,vb. e(a)/a(u) G D C Gt Dt,,,,,"to stick to, to adhere",(usually w.,b_,") : to stick to, to adhere",,,vb. e(a)/a(u) G D C Gt Dt,"to stick to, to adhere | (usually w. | b_ | ) : to stick to, to adhere"
dy,getlex.php?coord=444041619&word=2,,,,,,,,,,,,,
w(br?,getlex.php?coord=444041618&word=7,conj. vb. a/a G D C Gt Dt Ct,,,,,"and, also",to cross over,to cross over,"to go away, vanish",,ˁbr,conj. vb. a/a G D C Gt Dt Ct,"and, also | to cross over | to cross over | to go away, vanish"
ym),getlex.php?coord=444041618&word=3,n.m.,,,,,sea,sea,lake,,,,n.m.,sea | sea | lake
dy,getlex.php?coord=444041618&word=4,,,,,,,,,,,,,
pnh,getlex.php?coord=444041618&word=5,vb. G D C Gt Dt,,,,,to turn,to face,to return,as co-verb : to do something again,,,vb. G D C Gt Dt,to turn | to face | to return | as co-verb : to do something again
w)zl,getlex.php?coord=444041617&word=3,"conj. vb. a/i, a/a G Gt",,,,,"and, also",to go,"to go, move along",to go away,,ˀzl,"conj. vb. a/i, a/a G Gt","and, also | to go | to go, move along | to go away"
l$n?)?,getlex.php?coord=444041617&word=8,n.m.,,,,,tongue,(anat.) tongue,language,speech,,,n.m.,tongue | (anat.) tongue | language | speech
txwm),getlex.php?coord=444041617&word=4,n.m.,,,,,border; territory; definition,"border, boundary","limit, limitation","(gram.) definition, term",,,n.m.,"border; territory; definition | border, boundary | limit, limitation | (gram.) definition, term"
k(yN,getlex.php?coord=444041617&word=6,prep. n.f.,,,,,like,"like, according to",about (with numeral),conj.,,"ˁyn, ˁynˀ",prep. n.f.,"like | like, according to | about (with numeral) | conj."
dN,getlex.php?coord=444041617&word=5,pron.,,,,,this one,this one,"as enclitic in interrogative contexts: now, here, then :",see s.v.,,,pron.,"this one | this one | as enclitic in interrogative contexts: now, here, then : | see s.v."
mN,getlex.php?coord=444041617&word=7,prep.,,,,,from,from,partitive,indicating the agent of a passive,,,prep.,from | from | partitive | indicating the agent of a passive
rb),getlex.php?coord=444041617&word=2,adj.,,,,,"great, big",large,"great, of major significance",(of age) : older,,,adj.,"great, big | large | great, of major significance | (of age) : older"
",,,,,,,,,,,,,,,]l)?r?z)[,,,,,,,,,,,,,,,,,,,,,,,,,,,,",getlex.php?coord=444041427&word=0,,,,,,,,,,,,,
"d?[,,,],,",getlex.php?coord=444041617&word=10,,,,,,,,,,,,,
lyM,getlex.php?coord=444041617&word=0,n.m.,,,,,sea,sea,lake,,,,n.m.,sea | sea | lake
",,,,",getlex.php?coord=444041616&word=5,,,,,,,,,,,,,
",,,,M",getlex.php?coord=444041616&word=4,,,,,,,,,,,,,
",,,,l",getlex.php?coord=444041616&word=3,,,,,,,,,,,,,
mlx),getlex.php?coord=444041617&word=1,n.f.,,,,,salt,salt,(bot.) an alkaline plant,a month name (?),,,n.f.,salt | salt | (bot.) an alkaline plant | a month name (?)
))y?t?)?,getlex.php?coord=444041615&word=5,n.f.,,,,,first letter of the alphabet,alef,", the first letter of the alphabet",,,,n.f.,"first letter of the alphabet | alef | , the first letter of the alphabet"
",,,,",getlex.php?coord=444041615&word=7,,,,,,,,,,,,,
d?[y,getlex.php?coord=444041615&word=6,,,,,,,,,,,,,
nhr),getlex.php?coord=444041615&word=4,n.m.,,,,,river,"river, canal",figurative usages:,,,,n.m.,"river | river, canal | figurative usages:"
(?d?,getlex.php?coord=444041616&word=0,prep.,,,,,until,"until, as far as",as conj.:,see s.v.,,,prep.,"until | until, as far as | as conj.: | see s.v."
T?y?n?h,getlex.php?coord=444041616&word=1,,,,,,,,,,,,,
nhr),getlex.php?coord=444041616&word=2,n.m.,,,,,river,"river, canal",figurative usages:,,,,n.m.,"river | river, canal | figurative usages:"
my,getlex.php?coord=444041615&word=2,n.m.pl.,,,,,water,water,"juice, fluid",semen,,,n.m.pl.,"water | water | juice, fluid | semen"
(l?myM,getlex.php?coord=444041614&word=8,n.m.,,,,,eternity; world,eternity (usually as a,nomen rectum,),,,n.m.,eternity; world | eternity (usually as a | nomen rectum | )
Tynh,getlex.php?coord=444041615&word=3,,,,,,,,,,,,,
wlbnwhy,getlex.php?coord=444041614&word=6,conj. n.m.,,,,,"and, also",son,"son, child",member of the same cohort (,,"br, brˀ",conj. n.m.,"and, also | son | son, child | member of the same cohort ("
"[,,,],,,",getlex.php?coord=444041615&word=0,,,,,,,,,,,,,
yrwtt,getlex.php?coord=444041614&word=7,n.f.,,,,,inheritance,inheritance,,,,,n.f.,inheritance | inheritance
npq,getlex.php?coord=444041615&word=1,vb. a/u G D C Dt Ct,,,,,to go out,"to go out, come out, leave","to turn into, end up differently from how it started","to be spent, i.e. used up, consumed",,,vb. a/u G D C Dt Ct,"to go out | to go out, come out, leave | to turn into, end up differently from how it started | to be spent, i.e. used up, consumed"
tny?)n),getlex.php?coord=444041614&word=3,adj.,,,,,second; repetition,second,"subst. : repetition, iteration",as other substantives:,,,adj.,"second; repetition | second | subst. : repetition, iteration | as other substantives:"
lh,getlex.php?coord=444041614&word=5,,,,,,,,,,,,,
wl$M,getlex.php?coord=444041614&word=0,conj.,,,,,"and, also",,,,,,conj.,"and, also"
lmyrt,getlex.php?coord=444041614&word=4,vb. i/a G C Gt,,,,,to inherit,to inherit,to take possession,to bequeath,,,vb. i/a G C Gt,to inherit | to inherit | to take possession | to bequeath
(db),getlex.php?coord=444041614&word=2,n.m.,,,,,lot,lot,"allotted portion of land (compare English ""lot"")",,,,n.m.,"lot | lot | allotted portion of land (compare English ""lot"")"
######,getlex.php?coord=444041613&word=0,,,,,,,,,,,,,
npq,getlex.php?coord=444041614&word=1,vb. a/u G D C Dt Ct,,,,,to go out,"to go out, come out, leave","to turn into, end up differently from how it started","to be spent, i.e. used up, consumed",,,vb. a/u G D C Dt Ct,"to go out | to go out, come out, leave | to turn into, end up differently from how it started | to be spent, i.e. used up, consumed"
y?r?w?t?t,getlex.php?coord=444041612&word=5,n.f.,,,,,inheritance,inheritance,,,,,n.f.,inheritance | inheritance
wlbnwhy,getlex.php?coord=444041612&word=3,conj. n.m.,,,,,"and, also",son,"son, child",member of the same cohort (,,"br, brˀ",conj. n.m.,"and, also | son | son, child | member of the same cohort ("
lmyr?t?,getlex.php?coord=444041612&word=4,vb. i/a G C Gt,,,,,to inherit,to inherit,to take possession,to bequeath,,,vb. i/a G C Gt,to inherit | to inherit | to take possession | to bequeath
###,getlex.php?coord=444041612&word=7,,,,,,,,,,,,,
(lmy?M,getlex.php?coord=444041612&word=6,n.m.,,,,,eternity; world,eternity (usually as a,nomen rectum,),,,n.m.,eternity; world | eternity (usually as a | nomen rectum | )
lypt,getlex.php?coord=444041612&word=2,,,,,,,,,,,,,
l$?N,getlex.php?coord=444041618&word=2,n.m.,,,,,tongue,(anat.) tongue,language,speech,,,n.m.,tongue | (anat.) tongue | language | speech
",,,,",getlex.php?coord=444041618&word=1,,,,,,,,,,,,,
d?N,getlex.php?coord=444041617&word=9,pron.,,,,,this one,this one,"as enclitic in interrogative contexts: now, here, then :",see s.v.,,,pron.,"this one | this one | as enclitic in interrogative contexts: now, here, then : | see s.v."
"[,]),,,",getlex.php?coord=444041618&word=0,,,,,,,,,,,,,
(d,getlex.php?coord=444041611&word=6,conj.,,,,,until,until,"while, while still",before,,,conj.,"until | until | while, while still | before"
",,,,,,",getlex.php?coord=444041611&word=10,,,,,,,,,,,,,
rb),getlex.php?coord=444041611&word=5,adj.,,,,,"great, big",large,"great, of major significance",(of age) : older,,,adj.,"great, big | large | great, of major significance | (of age) : older"
dbq,getlex.php?coord=444041611&word=8,vb. e(a)/a(u) G D C Gt Dt,,,,,"to stick to, to adhere",(usually w.,b_,") : to stick to, to adhere",,,vb. e(a)/a(u) G D C Gt Dt,"to stick to, to adhere | (usually w. | b_ | ) : to stick to, to adhere"
b(db,getlex.php?coord=444041612&word=1,prep. n.m.,,,,,"in, with",in,with (instrumental),among,,"ˁdb, ˁdbˀ",prep. n.m.,"in, with | in | with (instrumental) | among"
w?nwx x?lq,getlex.php?coord=444041612&word=0,vb. a/u G D Gt,,,,,"to assign to, divide up","to apportion, divide",to assign fate,to mix (??),,,vb. a/u G D Gt,"to assign to, divide up | to apportion, divide | to assign fate | to mix (??)"
dy?,getlex.php?coord=444041611&word=7,,,,,,,,,,,,,
lg?[d]r),getlex.php?coord=444041611&word=9,,,,,,,,,,,,,
my,getlex.php?coord=444041611&word=3,n.m.pl.,,,,,water,water,"juice, fluid",semen,,,n.m.pl.,"water | water | juice, fluid | semen"
txwm),getlex.php?coord=444041611&word=1,n.m.,,,,,border; territory; definition,"border, boundary","limit, limitation","(gram.) definition, term",,,n.m.,"border; territory; definition | border, boundary | limit, limitation | (gram.) definition, term"
ym),getlex.php?coord=444041611&word=4,n.m.,,,,,sea,sea,lake,,,,n.m.,sea | sea | lake
[w](b?r,getlex.php?coord=444041611&word=0,conj. vb. a/a G D C Gt Dt Ct,,,,,"and, also",to cross over,to cross over,"to go away, vanish",,ˁbr,conj. vb. a/a G D C Gt Dt Ct,"and, also | to cross over | to cross over | to go away, vanish"
"l,,,,",getlex.php?coord=444041610&word=7,,,,,,,,,,,,,
dbq,getlex.php?coord=444041610&word=6,vb. e(a)/a(u) G D C Gt Dt,,,,,"to stick to, to adhere",(usually w.,b_,") : to stick to, to adhere",,,vb. e(a)/a(u) G D C Gt Dt,"to stick to, to adhere | (usually w. | b_ | ) : to stick to, to adhere"
dN,getlex.php?coord=444041611&word=2,pron.,,,,,this one,this one,"as enclitic in interrogative contexts: now, here, then :",see s.v.,,,pron.,"this one | this one | as enclitic in interrogative contexts: now, here, then : | see s.v."
dy,getlex.php?coord=444041610&word=5,,,,,,,,,,,,,
(d,getlex.php?coord=444041610&word=4,conj.,,,,,until,until,"while, while still",before,,,conj.,"until | until | while, while still | before"
Ty?nh,getlex.php?coord=444041609&word=7,,,,,,,,,,,,,
",,n)",getlex.php?coord=444041609&word=1,n.m.,,,,,tongue,(anat.) tongue,language,speech,,,n.m.,tongue | (anat.) tongue | language | speech
r)y?$,getlex.php?coord=444041609&word=4,n.m.,,,,,head; top; chief,(anat.) head,top,"beginning, origin, source",,,n.m.,"head; top; chief | (anat.) head | top | beginning, origin, source"
dy,getlex.php?coord=444041609&word=2,,,,,,,,,,,,,
",,,",getlex.php?coord=444041609&word=5,prep. n.f. n.f./m.,,,,,"in, with",in,with (instrumental),among,,"ˁyn, ˁynˀ",prep. n.f. n.f./m.,"in, with | in | with (instrumental) | among"
[n]hr?),getlex.php?coord=444041609&word=8,n.m.,,,,,river,"river, canal",figurative usages:,,,,n.m.,"river | river, canal | figurative usages:"
mN bynyhwN,getlex.php?coord=444041609&word=3,prep.,,,,,from between,from between,"out of a group, from among",,,,prep.,"from between | from between | out of a group, from among"
(d,getlex.php?coord=444041609&word=6,prep.,,,,,until,"until, as far as",as conj.:,see s.v.,,,prep.,"until | until, as far as | as conj.: | see s.v."
)r(,getlex.php?coord=444041610&word=1,n.f.,,,,,ground; land; Earth,ground,"land, country",the Earth,,,n.f.,"ground; land; Earth | ground | land, country | the Earth"
kwlh),getlex.php?coord=444041610&word=3,n.(pr.),,,,,"all, every",alone preceding a noun (technically the construct state!) :,as a postpositive with resumptive pronominal suffixes,emphatic state :,,,n.(pr.),"all, every | alone preceding a noun (technically the construct state!) : | as a postpositive with resumptive pronominal suffixes | emphatic state :"
cpwn),getlex.php?coord=444041610&word=2,n.m.,,,,,north,north,the divinity (Baal of the) North,,,,n.m.,north | north | the divinity (Baal of the) North
",,,,",getlex.php?coord=444041608&word=7,,,,,,,,,,,,,
]db?q?[,getlex.php?coord=444041608&word=6,vb. e(a)/a(u) G D C Gt Dt,,,,,"to stick to, to adhere",(usually w.,b_,") : to stick to, to adhere",,,vb. e(a)/a(u) G D C Gt Dt,"to stick to, to adhere | (usually w. | b_ | ) : to stick to, to adhere"
l?,getlex.php?coord=444041609&word=0,,,,,,,,,,,,,
w(br,getlex.php?coord=444041609&word=9,conj. vb. a/a G D C Gt Dt Ct,,,,,"and, also",to cross over,to cross over,"to go away, vanish",,ˁbr,conj. vb. a/a G D C Gt Dt Ct,"and, also | to cross over | to cross over | to go away, vanish"
"[,,,],[,,,",getlex.php?coord=444041608&word=5,,,,,,,,,,,,,
(?r?b,getlex.php?coord=444041608&word=4,n.m.,,,,,guarantor,guarantor,tutor,,,,n.m.,guarantor | guarantor | tutor
"[,,,,]",getlex.php?coord=444041608&word=3,,,,,,,,,,,,,
"b?,,,",getlex.php?coord=444041608&word=2,,,,,,,,,,,,,
b?(?y?N?,getlex.php?coord=444041608&word=1,n.f.,,,,,eye; spring,(anat.) eye,"spring, fountain","that which is seen, appearance, aspect",,,n.f.,"eye; spring | (anat.) eye | spring, fountain | that which is seen, appearance, aspect"
"[,,,],",getlex.php?coord=444041608&word=0,,,,,,,,,,,,,
(lywN,getlex.php?coord=444041217&word=8,n.m.,,,,,most high one,most high one,,,,,n.m.,most high one | most high one
l)l,getlex.php?coord=444041217&word=7,div.,,,,,El,El,,,,,div.,El | El
$my),getlex.php?coord=444041217&word=6,n.m.pl.t.,,,,,heaven; ceiling,heaven,"roof, ceiling",,,,n.m.pl.t.,"heaven; ceiling | heaven | roof, ceiling"
mbrK,getlex.php?coord=444041217&word=4,vb. a/a(u) G D C Dt,,,,,to bow; D to bless,to bow,(knee) to bend,"to bless, sanctify through blessing",,,vb. a/a(u) G D C Dt,"to bow; D to bless | to bow | (knee) to bend | to bless, sanctify through blessing"
lmrh,getlex.php?coord=444041217&word=5,n.m.,,,,,"master, lord",master,owner,title of respect,,,n.m.,"master, lord | master | owner | title of respect"
whwy?t,getlex.php?coord=444041217&word=3,conj. vb. G C Gt Ct,,,,,"and, also","to be, to become",to be,"to endure, to exist",,hwy,conj. vb. G C Gt Ct,"and, also | to be, to become | to be | to endure, to exist"
",,,],,)",getlex.php?coord=444041217&word=2,,,,,,,,,,,,,
kxd),getlex.php?coord=444041216&word=14,adv.,,,,,together,"together, as one",ܡܢ ܟܚܕܐ : from now on (?) :,see s.v.,,,adv.,"together | together, as one | ܡܢ ܟܚܕܐ : from now on (?) : | see s.v."
w)zln),getlex.php?coord=444041216&word=15,"conj. vb. a/i, a/a G Gt",,,,,"and, also",to go,"to go, move along",to go away,,ˀzl,"conj. vb. a/i, a/a G Gt","and, also | to go | to go, move along | to go away"
[l)tr,getlex.php?coord=444041217&word=0,n.m.,,,,,place,place,The sacred Place,trace,,,n.m.,place | place | The sacred Place | trace
w)tkn$n),getlex.php?coord=444041216&word=13,conj. vb. a/u G D C Gt Dt,,,,,"and, also",to gather; sweep up,"to gather, collect together (trans)","to collect , assemble (intransitive)",,knš,conj. vb. a/u G D C Gt Dt,"and, also | to gather; sweep up | to gather, collect together (trans) | to collect , assemble (intransitive)"
mdbx),getlex.php?coord=444041217&word=1,n.m.,,,,,altar,altar,"small church, sanctuary [=",byt mdbḥˀ,,,n.m.,"altar | altar | small church, sanctuary [= | byt mdbḥˀ"
dN,getlex.php?coord=444041216&word=5,pron.,,,,,this one,this one,"as enclitic in interrogative contexts: now, here, then :",see s.v.,,,pron.,"this one | this one | as enclitic in interrogative contexts: now, here, then : | see s.v."
lbny,getlex.php?coord=444041216&word=7,n.m.,,,,,son,"son, child",member of the same cohort (,see also 'compounds' 3.2),,,n.m.,"son | son, child | member of the same cohort ( | see also 'compounds' 3.2)"
qryt,getlex.php?coord=444041216&word=6,vb. G D C Gt,,,,,to call,to call,to read,to cry out,,,vb. G D C Gt,to call | to call | to read | to cry out
",,,,",getlex.php?coord=444041216&word=3,,,,,,,,,,,,,
wln$y,getlex.php?coord=444041216&word=10,conj. n.f.,,,,,"and, also","woman, wife",woman,wife,,"ˀnth, ˀnttˀ",conj. n.f.,"and, also | woman, wife | woman | wife"
bywm),getlex.php?coord=444041216&word=4,prep. n.m.,,,,,"in, with",in,with (instrumental),among,,"ywm, ywmˀ",prep. n.m.,"in, with | in | with (instrumental) | among"
wlbny,getlex.php?coord=444041216&word=8,conj. n.m.,,,,,"and, also",son,"son, child",member of the same cohort (,,"br, brˀ",conj. n.m.,"and, also | son | son, child | member of the same cohort ("
bny,getlex.php?coord=444041216&word=9,n.m.,,,,,son,"son, child",member of the same cohort (,see also 'compounds' 3.2),,,n.m.,"son | son, child | member of the same cohort ( | see also 'compounds' 3.2)"
",,,,,",getlex.php?coord=444041609&word=11,,,,,,,,,,,,,
kwl,getlex.php?coord=444041610&word=0,n.(pr.),,,,,"all, every",alone preceding a noun (technically the construct state!) :,as a postpositive with resumptive pronominal suffixes,emphatic state :,,,n.(pr.),"all, every | alone preceding a noun (technically the construct state!) : | as a postpositive with resumptive pronominal suffixes | emphatic state :"
krmy,getlex.php?coord=444041216&word=1,n.m.,,,,,vineyard,vineyard,vine,fig. : abacus,,,n.m.,vineyard | vineyard | vine | fig. : abacus
[dy,getlex.php?coord=444041216&word=0,,,,,,,,,,,,,
l$t),getlex.php?coord=444041215&word=11,n.f.,,,,,year,year,,,,,n.f.,year | year
xd,getlex.php?coord=444041215&word=10,num.,,,,,one,one,with another number (or,b,,,num.,one | one | with another number (or | b
",,,,]",getlex.php?coord=444041216&word=2,,,,,,,,,,,,,
bywM,getlex.php?coord=444041215&word=9,prep. n.m.,,,,,"in, with",in,with (instrumental),among,,"ywm, ywmˀ",prep. n.m.,"in, with | in | with (instrumental) | among"
xmy$yt),getlex.php?coord=444041215&word=12,adj.,,,,,fifth,fifth,compounds: things characterized by five-ness,,,,adj.,fifth | fifth | compounds: things characterized by five-ness
k/b/(yN,getlex.php?coord=444041609&word=10,prep. n.f.,,,,,"in, with",in,with (instrumental),among,,"ˁyn, ˁynˀ",prep. n.f.,"in, with | in | with (instrumental) | among"
dN,getlex.php?coord=444041215&word=5,pron.,,,,,this one,this one,"as enclitic in interrogative contexts: now, here, then :",see s.v.,,,pron.,"this one | this one | as enclitic in interrogative contexts: now, here, then : | see s.v."
d?y?,getlex.php?coord=444041215&word=2,,,,,,,,,,,,,
kwmr),getlex.php?coord=444041215&word=4,n.m.,,,,,a vat for fermenting grapes into wine,a vat for fermenting grapes into wine,grapes aged in such a vat,,,,n.m.,a vat for fermenting grapes into wine | a vat for fermenting grapes into wine | grapes aged in such a vat
krmy,getlex.php?coord=444041215&word=3,n.m.,,,,,vineyard,vineyard,vine,fig. : abacus,,,n.m.,vineyard | vineyard | vine | fig. : abacus
lm$t^y^h,getlex.php?coord=444041215&word=8,vb. G C Gt,,,,,to drink,to drink,"to be irrigated, absorb water",to smoke tobacco,,,vb. G C Gt,"to drink | to drink | to be irrigated, absorb water | to smoke tobacco"
ptxt,getlex.php?coord=444041215&word=6,vb. a/a G D C Gt Dt,,,,,to open,to open,"fig.: to explain, solve",to begin (especially a speech or text),,,vb. a/a G D C Gt Dt,"to open | to open | fig.: to explain, solve | to begin (especially a speech or text)"
w$ryt,getlex.php?coord=444041215&word=7,conj. vb. G D C Gt Dt,,,,,"and, also",to loosen; D to begin,"to loosen, untie",to permit,,šry,conj. vb. G D C Gt Dt,"and, also | to loosen; D to begin | to loosen, untie | to permit"
d?y?,getlex.php?coord=444041214&word=13,,,,,,,,,,,,,
lrgl),getlex.php?coord=444041214&word=11,n.f.,,,,,foot; pilgrimage,foot,march,(bot.) a plant name : milk vetch (?),,,n.f.,foot; pilgrimage | foot | march | (bot.) a plant name : milk vetch (?)
[$by(y),getlex.php?coord=444041215&word=0,adj.,,,,,seventh,seventh (ordinal),pl.: the seven planets,,,,adj.,seventh | seventh (ordinal) | pl.: the seven planets
xd,getlex.php?coord=444041214&word=10,num.,,,,,one,one,with another number (or,b,,,num.,one | one | with another number (or | b
qdmy),getlex.php?coord=444041214&word=12,adj.,,,,,first,first,former,"front part, bust",,,adj.,"first | first | former | front part, bust"
b?xwd$),getlex.php?coord=444041214&word=14,prep. n.m.,,,,,"in, with",in,with (instrumental),among,,"ḥwdš, ḥwdšˀ",prep. n.m.,"in, with | in | with (instrumental) | among"
"],,,,",getlex.php?coord=444041215&word=1,,,,,,,,,,,,,
rgl),getlex.php?coord=444041214&word=7,n.f.,,,,,foot; pilgrimage,foot,march,(bot.) a plant name : milk vetch (?),,,n.f.,foot; pilgrimage | foot | march | (bot.) a plant name : milk vetch (?)
",,,",getlex.php?coord=444041214&word=2,,,,,,,,,,,,,
)tt,getlex.php?coord=444041214&word=3,n.f.,,,,,"woman, wife",woman,wife,,,,n.f.,"woman, wife | woman | wife"
)t?)?,getlex.php?coord=444041214&word=6,vb. G D C Ct,,,,,"to come, arrive",to come,to occur; w.,ˁl,,,vb. G D C Ct,"to come, arrive | to come | to occur; w. | ˁl"
w?kdy,getlex.php?coord=444041214&word=5,conj. conj.,,,,,"and, also",when,when,just as,,"kd, kdy",conj. conj.,"and, also | when | when | just as"
qdmy),getlex.php?coord=444041214&word=8,adj.,,,,,first,first,former,"front part, bust",,,adj.,"first | first | former | front part, bust"
###,getlex.php?coord=444041214&word=4,,,,,,,,,,,,,
bywM,getlex.php?coord=444041214&word=9,prep. n.m.,,,,,"in, with",in,with (instrumental),among,,"ywm, ywmˀ",prep. n.m.,"in, with | in | with (instrumental) | among"
",,,,)",getlex.php?coord=444041214&word=0,,,,,,,,,,,,,
(bd,getlex.php?coord=444041213&word=13,vb. a/e G D C Gt Ct quad,,,,,"to make, act, do",to make,"to do, perform, act in a certain manner","to designate, make into",,,vb. a/e G D C Gt Ct quad,"to make, act, do | to make | to do, perform, act in a certain manner | to designate, make into"
)rb(,getlex.php?coord=444041213&word=12,num.,,,,,four,four,ארבעתא : group of four,,,,num.,four | four | ארבעתא : group of four
ly,getlex.php?coord=444041213&word=14,,,,,,,,,,,,,
xmr,getlex.php?coord=444041213&word=15,n.m.,,,,,wine,wine,,,,,n.m.,wine | wine
"kwl,",getlex.php?coord=444041214&word=1,n.(pr.),,,,,"all, every",alone preceding a noun (technically the construct state!) :,as a postpositive with resumptive pronominal suffixes,emphatic state :,,,n.(pr.),"all, every | alone preceding a noun (technically the construct state!) : | as a postpositive with resumptive pronominal suffixes | emphatic state :"
wlbnthwN,getlex.php?coord=444041216&word=12,conj. n.f.,,,,,"and, also",daughter,daughter,a small part of something,,"brh, brtˀ",conj. n.f.,"and, also | daughter | daughter | a small part of something"
kwln),getlex.php?coord=444041216&word=11,n.(pr.),,,,,"all, every",alone preceding a noun (technically the construct state!) :,as a postpositive with resumptive pronominal suffixes,emphatic state :,,,n.(pr.),"all, every | alone preceding a noun (technically the construct state!) : | as a postpositive with resumptive pronominal suffixes | emphatic state :"
wncbt,getlex.php?coord=444041213&word=6,conj. vb. a/o G D C Gt,,,,,"and, also",to plant,to plant,to erect,,nṣb,conj. vb. a/o G D C Gt,"and, also | to plant | to plant | to erect"
rb,getlex.php?coord=444041213&word=8,adj.,,,,,"great, big",large,"great, of major significance",(of age) : older,,,adj.,"great, big | large | great, of major significance | (of age) : older"
kwlhwN,getlex.php?coord=444041213&word=3,n.(pr.),,,,,"all, every",alone preceding a noun (technically the construct state!) :,as a postpositive with resumptive pronominal suffixes,emphatic state :,,,n.(pr.),"all, every | alone preceding a noun (technically the construct state!) : | as a postpositive with resumptive pronominal suffixes | emphatic state :"
b)r(),getlex.php?coord=444041213&word=5,prep. n.f.,,,,,"in, with",in,with (instrumental),among,,"ˀrˁ, ˀrˁˀ",prep. n.f.,"in, with | in | with (instrumental) | among"
lmplx,getlex.php?coord=444041213&word=4,"vb. a/a,u G D C Gt Dt",,,,,to work,to work,"to labor at (work, job), work for",to serve,,,"vb. a/a,u G D C Gt Dt","to work | to work | to labor at (work, job), work for | to serve"
blwbr,getlex.php?coord=444041213&word=9,prep.,,,,,"in, with",in,with (instrumental),among,,,prep.,"in, with | in | with (instrumental) | among"
krM,getlex.php?coord=444041213&word=7,n.m.,,,,,vineyard,vineyard,vine,fig. : abacus,,,n.m.,vineyard | vineyard | vine | fig. : abacus
###,getlex.php?coord=444041212&word=15,,,,,,,,,,,,,
)nh,getlex.php?coord=444041213&word=1,pron.,,,,,I,I,as enclitic subject marker with participles/adjectives,(philos.) Ego,,,pron.,I | I | as enclitic subject marker with participles/adjectives | (philos.) Ego
)rb(,getlex.php?coord=444041212&word=14,num.,,,,,four,four,ארבעתא : group of four,,,,num.,four | four | ארבעתא : group of four
wbnN,getlex.php?coord=444041212&word=12,conj. n.f.,,,,,"and, also",daughter,daughter,a small part of something,,"brh, brtˀ",conj. n.f.,"and, also | daughter | daughter | a small part of something"
nqbN,getlex.php?coord=444041212&word=13,n.f.,,,,,female,female,hole,,,,n.f.,female | female | hole
wbny,getlex.php?coord=444041213&word=2,conj. n.m.,,,,,"and, also",son,"son, child",member of the same cohort (,,"br, brˀ",conj. n.m.,"and, also | son | son, child | member of the same cohort ("
[w]$ryt,getlex.php?coord=444041213&word=0,conj. vb. G D C Gt Dt,,,,,"and, also",to loosen; D to begin,"to loosen, untie",to permit,,šry,conj. vb. G D C Gt Dt,"and, also | to loosen; D to begin | to loosen, untie | to permit"
wtwbl,getlex.php?coord=444041212&word=9,conj.,,,,,"and, also",,,,,,conj.,"and, also"
wyw)N,getlex.php?coord=444041212&word=8,conj.,,,,,"and, also",,,,,,conj.,"and, also"
wm$wK,getlex.php?coord=444041212&word=10,conj.,,,,,"and, also",,,,,,conj.,"and, also"
wtyrs,getlex.php?coord=444041212&word=11,conj.,,,,,"and, also",,,,,,conj.,"and, also"
nqbN,getlex.php?coord=444041212&word=0,n.f.,,,,,female,female,hole,,,,n.f.,female | female | hole
###,getlex.php?coord=444041212&word=2,,,,,,,,,,,,,
ypt,getlex.php?coord=444041212&word=4,,,,,,,,,,,,,
$b(,getlex.php?coord=444041212&word=1,num.,,,,,seven,seven,šbˁtˀ,: group of seven,,,num.,seven | seven | šbˁtˀ | : group of seven
wbnN,getlex.php?coord=444041211&word=15,conj. n.f.,,,,,"and, also",daughter,daughter,a small part of something,,"brh, brtˀ",conj. n.f.,"and, also | daughter | daughter | a small part of something"
wbn[y],getlex.php?coord=444041212&word=3,conj. n.m.,,,,,"and, also",son,"son, child",member of the same cohort (,,"br, brˀ",conj. n.m.,"and, also | son | son, child | member of the same cohort ("
wmdy,getlex.php?coord=444041212&word=7,conj.,,,,,"and, also",,,,,,conj.,"and, also"
xM,getlex.php?coord=444041211&word=10,,,,,,,,,,,,,
wmcry]N,getlex.php?coord=444041211&word=12,conj.,,,,,"and, also",,,,,,conj.,"and, also"
kw$,getlex.php?coord=444041211&word=11,,,,,,,,,,,,,
w[bny,getlex.php?coord=444041211&word=9,conj. n.m.,,,,,"and, also",son,"son, child",member of the same cohort (,,"br, brˀ",conj. n.m.,"and, also | son | son, child | member of the same cohort ("
w?pwT,getlex.php?coord=444041211&word=13,conj.,,,,,"and, also",,,,,,conj.,"and, also"
wkn(N,getlex.php?coord=444041211&word=14,conj.,,,,,"and, also",,,,,,conj.,"and, also"
w)rM,getlex.php?coord=444041211&word=4,conj.,,,,,"and, also",,,,,,conj.,"and, also"
###,getlex.php?coord=444041211&word=8,,,,,,,,,,,,,
lwd,getlex.php?coord=444041211&word=3,,,,,,,,,,,,,
xm$,getlex.php?coord=444041211&word=7,num.,,,,,five,five,masc. form in construct or determined : group(s) of five,,,,num.,five | five | masc. form in construct or determined : group(s) of five
nqbN,getlex.php?coord=444041211&word=6,n.f.,,,,,female,female,hole,,,,n.f.,female | female | hole
)r?pk$d,getlex.php?coord=444041211&word=2,,,,,,,,,,,,,
wbnN,getlex.php?coord=444041211&word=5,conj. n.f.,,,,,"and, also",daughter,daughter,a small part of something,,"brh, brtˀ",conj. n.f.,"and, also | daughter | daughter | a small part of something"
wl$nyN,getlex.php?coord=444041213&word=11,conj. n.f.,,,,,"and, also",year,year,,,"šnh, štˀ",conj. n.f.,"and, also | year | year"
Twr),getlex.php?coord=444041213&word=10,n.m.,,,,,mountain,mountain,"high pasture, field",parapet (?),,,n.m.,"mountain | mountain | high pasture, field | parapet (?)"
[(yl]M,getlex.php?coord=444041211&word=0,,,,,,,,,,,,,
$M,getlex.php?coord=444041210&word=15,,,,,,,,,,,,,
bny,getlex.php?coord=444041210&word=14,n.m.,,,,,son,"son, child",member of the same cohort (,see also 'compounds' 3.2),,,n.m.,"son | son, child | member of the same cohort ( | see also 'compounds' 3.2)"
kwlhwN,getlex.php?coord=444041210&word=16,n.(pr.),,,,,"all, every",alone preceding a noun (technically the construct state!) :,as a postpositive with resumptive pronominal suffixes,emphatic state :,,,n.(pr.),"all, every | alone preceding a noun (technically the construct state!) : | as a postpositive with resumptive pronominal suffixes | emphatic state :"
kwl,getlex.php?coord=444041210&word=13,n.(pr.),,,,,"all, every",alone preceding a noun (technically the construct state!) :,as a postpositive with resumptive pronominal suffixes,emphatic state :,,,n.(pr.),"all, every | alone preceding a noun (technically the construct state!) : | as a postpositive with resumptive pronominal suffixes | emphatic state :"
w?)?$?wr,getlex.php?coord=444041211&word=1,conj.,,,,,"and, also",,,,,,conj.,"and, also"
trtyN,getlex.php?coord=444041210&word=8,num.,,,,,two,two,,,,,num.,two | two
btr,getlex.php?coord=444041210&word=10,prep.,,,,,after,after,conj.: after,"w. personal pron. suf. : behind one, backwards (?)",,,prep.,"after | after | conj.: after | w. personal pron. suf. : behind one, backwards (?)"
$nyN,getlex.php?coord=444041210&word=9,n.f.,,,,,year,year,,,,,n.f.,year | year
[whww])?,getlex.php?coord=444041210&word=12,conj. vb. G C Gt Ct,,,,,"and, also","to be, to become",to be,"to endure, to exist",,hwy,conj. vb. G C Gt Ct,"and, also | to be, to become | to be | to endure, to exist"
mbwl),getlex.php?coord=444041210&word=11,n.m.,,,,,the Deluge,the Deluge,,,,,n.m.,the Deluge | the Deluge
b?r?y?,getlex.php?coord=444041210&word=1,n.m.,,,,,son,"son, child",member of the same cohort (,see also 'compounds' 3.2),,,n.m.,"son | son, child | member of the same cohort ( | see also 'compounds' 3.2)"
[l$M],getlex.php?coord=444041210&word=0,,,,,,,,,,,,,
mbwl),getlex.php?coord=444041209&word=12,n.m.,,,,,the Deluge,the Deluge,,,,,n.m.,the Deluge | the Deluge
ylyd,getlex.php?coord=444041210&word=3,vb. e/a G D C Gt Dt Ct,,,,,to give birth; C to produce,to give birth,to beget,"metaph.: to produce, come up with",,,vb. e/a G D C Gt Dt Ct,"to give birth; C to produce | to give birth | to beget | metaph.: to produce, come up with"
lh,getlex.php?coord=444041210&word=4,,,,,,,,,,,,,
mN btr,getlex.php?coord=444041209&word=11,prep./conj,,,,,after,after (in time),(in space),behind,,,prep./conj,after | after (in time) | (in space) | behind
rb),getlex.php?coord=444041210&word=2,adj.,,,,,"great, big",large,"great, of major significance",(of age) : older,,,adj.,"great, big | large | great, of major significance | (of age) : older"
gwmr,getlex.php?coord=444041212&word=5,,,,,,,,,,,,,
wmgwg,getlex.php?coord=444041212&word=6,conj.,,,,,"and, also",,,,,,conj.,"and, also"
lqdmyN,getlex.php?coord=444041210&word=6,adv.,,,,,previously,previously,at first,"eastward (?), from the east(?)",,,adv.,"previously | previously | at first | eastward (?), from the east(?)"
br,getlex.php?coord=444041210&word=5,n.m.,,,,,son,"son, child",member of the same cohort (,see also 'compounds' 3.2),,,n.m.,"son | son, child | member of the same cohort ( | see also 'compounds' 3.2)"
",,,",getlex.php?coord=444041209&word=9,,,,,,,,,,,,,
wyly?d?w?,getlex.php?coord=444041209&word=6,conj. vb. e/a G D C Gt Dt Ct,,,,,"and, also",to give birth; C to produce,to give birth,to beget,,yld,conj. vb. e/a G D C Gt Dt Ct,"and, also | to give birth; C to produce | to give birth | to beget"
l[y,getlex.php?coord=444041209&word=7,,,,,,,,,,,,,
bny]N?[,getlex.php?coord=444041209&word=8,n.m.,,,,,son,"son, child",member of the same cohort (,see also 'compounds' 3.2),,,n.m.,"son | son, child | member of the same cohort ( | see also 'compounds' 3.2)"
b)r(),getlex.php?coord=444041209&word=5,prep. n.f.,,,,,"in, with",in,with (instrumental),among,,"ˀrˁ, ˀrˁˀ",prep. n.f.,"in, with | in | with (instrumental) | among"
b]nN,getlex.php?coord=444041209&word=10,n.f.,,,,,daughter,daughter,a small part of something,in compounds: member of the same cohort:,,,n.f.,daughter | daughter | a small part of something | in compounds: member of the same cohort:
cdyt),getlex.php?coord=444041209&word=2,n.m.,,,,,desolation,desolation,solitude (?),,,,n.m.,desolation | desolation | solitude (?)
b?n?y?,getlex.php?coord=444041208&word=13,n.m.,,,,,son,"son, child",member of the same cohort (,see also 'compounds' 3.2),,,n.m.,"son | son, child | member of the same cohort ( | see also 'compounds' 3.2)"
)rw,getlex.php?coord=444041209&word=1,conj./inte,,,,,behold,presentative particle,"because, since",,,,conj./inte,"behold | presentative particle | because, since"
"[,,,],,,",getlex.php?coord=444041209&word=0,,,,,,,,,,,,,
$gy),getlex.php?coord=444041209&word=4,adj./adv.,,,,,"many, much","many, much","enough, too much",(gram.) pl.:,,,adj./adv.,"many, much | many, much | enough, too much | (gram.) pl.:"
hw)t,getlex.php?coord=444041209&word=3,vb. G C Gt Ct,,,,,"to be, to become",to be,"to endure, to exist","to come to pass, to happen",,,vb. G C Gt Ct,"to be, to become | to be | to endure, to exist | to come to pass, to happen"
wbny,getlex.php?coord=444041208&word=12,conj. n.m.,,,,,"and, also",son,"son, child",member of the same cohort (,,"br, brˀ",conj. n.m.,"and, also | son | son, child | member of the same cohort ("
dN,getlex.php?coord=444041208&word=9,pron.,,,,,this one,this one,"as enclitic in interrogative contexts: now, here, then :",see s.v.,,,pron.,"this one | this one | as enclitic in interrogative contexts: now, here, then : | see s.v."
)nh,getlex.php?coord=444041208&word=10,pron.,,,,,I,I,as enclitic subject marker with participles/adjectives,(philos.) Ego,,,pron.,I | I | as enclitic subject marker with participles/adjectives | (philos.) Ego
wbny,getlex.php?coord=444041208&word=11,conj. n.m.,,,,,"and, also",son,"son, child",member of the same cohort (,,"br, brˀ",conj. n.m.,"and, also | son | son, child | member of the same cohort ("
T?w?r),getlex.php?coord=444041208&word=8,n.m.,,,,,mountain,mountain,"high pasture, field",parapet (?),,,n.m.,"mountain | mountain | high pasture, field | parapet (?)"
kN,getlex.php?coord=444041208&word=5,,,,,,,,,,,,,
wmN btr,getlex.php?coord=444041208&word=4,adv.,,,,,afterwards,afterwards,w.,mn,,,adv.,afterwards | afterwards | w. | mn
l$p?w?ly?,getlex.php?coord=444041208&word=7,n.m.,,,,,base,base,back part,(usually pl.) lower part,,,n.m.,base | base | back part | (usually pl.) lower part
b?T?w?r?y?,getlex.php?coord=444041207&word=1,prep. n.m.,,,,,"in, with",in,with (instrumental),among,,"ṭwr, ṭwrˀ",prep. n.m.,"in, with | in | with (instrumental) | among"
hwrrT,getlex.php?coord=444041208&word=3,,,,,,,,,,,,,
k?r?M,getlex.php?coord=444041208&word=1,n.m.,,,,,vineyard,vineyard,vine,fig. : abacus,,,n.m.,vineyard | vineyard | vine | fig. : abacus
bTwry,getlex.php?coord=444041208&word=2,prep. n.m.,,,,,"in, with",in,with (instrumental),among,,"ṭwr, ṭwrˀ",prep. n.m.,"in, with | in | with (instrumental) | among"
"[,,,,],,,,",getlex.php?coord=444041207&word=0,,,,,,,,,,,,,
"[,,,],,,,t?",getlex.php?coord=444041208&word=0,,,,,,,,,,,,,
nxtt,getlex.php?coord=444041208&word=6,vb. e(a)/u G D C Gt Dt Ct,,,,,to descend,"to descend, go down physically",fig.,to go inward,,,vb. e(a)/u G D C Gt Dt Ct,"to descend | to descend, go down physically | fig. | to go inward"
",,,,t",getlex.php?coord=444041204&word=9,,,,,,,,,,,,,
",,,,",getlex.php?coord=444041205&word=4,,,,,,,,,,,,,
"[,,,",getlex.php?coord=444041205&word=0,,,,,,,,,,,,,
",,,],,",getlex.php?coord=444041205&word=3,,,,,,,,,,,,,
",,,,",getlex.php?coord=444041205&word=1,,,,,,,,,,,,,
###,getlex.php?coord=444041206&word=1,,,,,,,,,,,,,
",,,,",getlex.php?coord=444041205&word=2,,,,,,,,,,,,,
"[,,,,]N",getlex.php?coord=444041206&word=0,,,,,,,,,,,,,
l,getlex.php?coord=444041204&word=8,,,,,,,,,,,,,
lm?l?,getlex.php?coord=444041204&word=7,,,,,,,,,,,,,
",,,,",getlex.php?coord=444041204&word=5,,,,,,,,,,,,,
",,,,[,,,]",getlex.php?coord=444041204&word=6,,,,,,,,,,,,,
)rpk$d,getlex.php?coord=444041210&word=7,,,,,,,,,,,,,
$g?y?)?N,getlex.php?coord=444041203&word=8,adj./adv.,,,,,"many, much","many, much","enough, too much",(gram.) pl.:,,,adj./adv.,"many, much | many, much | enough, too much | (gram.) pl.:"
",,,",getlex.php?coord=444041204&word=1,,,,,,,,,,,,,
)txzy)t,getlex.php?coord=444041203&word=10,"vb. G D C Gt Ct ethpolal, ethpay/w c el",,,,,to see,to see,(,metaph. as in European languages,,,"vb. G D C Gt Ct ethpolal, ethpay/w c el",to see | to see | ( | metaph. as in European languages
"[,,,",getlex.php?coord=444041204&word=0,,,,,,,,,,,,,
",b$",getlex.php?coord=444041203&word=9,,,,,,,,,,,,,
ly,getlex.php?coord=444041203&word=11,,,,,,,,,,,,,
",,,,",getlex.php?coord=444041203&word=5,,,,,,,,,,,,,
"],,,,",getlex.php?coord=444041203&word=3,,,,,,,,,,,,,
",,,,",getlex.php?coord=444041203&word=4,,,,,,,,,,,,,
"[,,,",getlex.php?coord=444041203&word=0,,,,,,,,,,,,,
",,,,",getlex.php?coord=444041203&word=2,,,,,,,,,,,,,
",,,,",getlex.php?coord=444041203&word=1,,,,,,,,,,,,,
",,,,",getlex.php?coord=444041203&word=6,,,,,,,,,,,,,
",,,,",getlex.php?coord=444041202&word=6,,,,,,,,,,,,,
",,,,",getlex.php?coord=444041202&word=5,,,,,,,,,,,,,
",,,,",getlex.php?coord=444041202&word=4,,,,,,,,,,,,,
",,,",getlex.php?coord=444041202&word=7,,,,,,,,,,,,,
[)]r(),getlex.php?coord=444041202&word=8,n.f.,,,,,ground; land; Earth,ground,"land, country",the Earth,,,n.f.,"ground; land; Earth | ground | land, country | the Earth"
",,",getlex.php?coord=444041201&word=13,,,,,,,,,,,,,
"[,,,,",getlex.php?coord=444041202&word=0,,,,,,,,,,,,,
)t?,getlex.php?coord=444041201&word=14,n.f.,,,,,sign,"sign, physical mark",indication,"wondrous event, phenomenon",,,n.f.,"sign | sign, physical mark | indication | wondrous event, phenomenon"
wlmh?wh,getlex.php?coord=444041201&word=12,conj. vb. G C Gt Ct,,,,,"and, also","to be, to become",to be,"to endure, to exist",,hwy,conj. vb. G C Gt Ct,"and, also | to be, to become | to be | to endure, to exist"
",,,,",getlex.php?coord=444041202&word=3,,,,,,,,,,,,,
",,,,],,,",getlex.php?coord=444041202&word=2,,,,,,,,,,,,,
",,,,",getlex.php?coord=444041202&word=1,,,,,,,,,,,,,
y]h?b?t?,getlex.php?coord=444041201&word=7,vb. a/a G C Gt,,,,,to give,to give,to place,"to permit, allow",,,vb. a/a G C Gt,"to give | to give | to place | to permit, allow"
ly?,getlex.php?coord=444041201&word=9,,,,,,,,,,,,,
l)t,getlex.php?coord=444041201&word=10,n.f.,,,,,sign,"sign, physical mark",indication,"wondrous event, phenomenon",,,n.f.,"sign | sign, physical mark | indication | wondrous event, phenomenon"
w?h?w?)?t,getlex.php?coord=444041201&word=8,conj. vb. G C Gt Ct,,,,,"and, also","to be, to become",to be,"to endure, to exist",,hwy,conj. vb. G C Gt Ct,"and, also | to be, to become | to be | to endure, to exist"
b(nn),getlex.php?coord=444041201&word=11,prep. n.m./.f.,,,,,"in, with",in,with (instrumental),among,,"ˁnn, ˁnnˀ",prep. n.m./.f.,"in, with | in | with (instrumental) | among"
",,,",getlex.php?coord=444041201&word=1,,,,,,,,,,,,,
",,,",getlex.php?coord=444041201&word=2,,,,,,,,,,,,,
"[,,,",getlex.php?coord=444041201&word=0,,,,,,,,,,,,,
",,,,],,,,",getlex.php?coord=444041201&word=3,,,,,,,,,,,,,
[b(nN,getlex.php?coord=444041201&word=6,prep. n.m./.f.,,,,,"in, with",in,with (instrumental),among,,"ˁnn, ˁnnˀ",prep. n.m./.f.,"in, with | in | with (instrumental) | among"
q$t?y?,getlex.php?coord=444041201&word=5,n.f.,,,,,bow,bow,bow-shaped object,,,,n.f.,bow | bow | bow-shaped object
h),getlex.php?coord=444041201&word=4,interj.,,,,,here! look!,"here, look! (presentative particle)",here (adv.),"הא כ : like, i.e. = prep.",,,interj.,"here! look! | here, look! (presentative particle) | here (adv.) | הא כ : like, i.e. = prep."
",,,",getlex.php?coord=444041204&word=2,,,,,,,,,,,,,
",,,,",getlex.php?coord=444041204&word=4,,,,,,,,,,,,,
",,,,],,",getlex.php?coord=444041204&word=3,,,,,,,,,,,,,
"h?d?b?,l",getlex.php?coord=444041319&word=2,,,,,,,,,,,,,
l)?[,getlex.php?coord=444041319&word=3,,,,,,,,,,,,,
",,,,,,,,]b*",getlex.php?coord=444041320&word=0,,,,,,,,,,,,,
",)?",getlex.php?coord=444041319&word=1,,,,,,,,,,,,,
",,,,,,,,,,,]b?",getlex.php?coord=444041319&word=0,,,,,,,,,,,,,
w*)*n?bh*[,getlex.php?coord=444041320&word=1,,,,,,,,,,,,,
c*p*wN,getlex.php?coord=444041318&word=1,n.m.,,,,,north,north,the divinity (Baal of the) North,,,,n.m.,north | north | the divinity (Baal of the) North
wmN,getlex.php?coord=444041318&word=3,conj.,,,,,"and, also",,,,,,conj.,"and, also"
"m*n*[,,,],y?",getlex.php?coord=444041318&word=2,prep.,,,,,from,from,partitive,indicating the agent of a passive,,,prep.,from | from | partitive | indicating the agent of a passive
")?,,[",getlex.php?coord=444041318&word=5,,,,,,,,,,,,,
)nb*h*,getlex.php?coord=444041318&word=4,n.m.,,,,,fruit,(bot.) fruit (of specific trees and vines),produce in general,,,,n.m.,fruit | (bot.) fruit (of specific trees and vines) | produce in general
",,,,",getlex.php?coord=444041203&word=7,,,,,,,,,,,,,
wbtrh*,getlex.php?coord=444041317&word=11,conj.,,,,,"and, also",,,,,,conj.,"and, also"
w?m?N*,getlex.php?coord=444041317&word=6,conj.,,,,,"and, also",,,,,,conj.,"and, also"
)?n?bh,getlex.php?coord=444041317&word=7,n.m.,,,,,fruit,(bot.) fruit (of specific trees and vines),produce in general,,,,n.m.,fruit | (bot.) fruit (of specific trees and vines) | produce in general
(lw?h?y?,getlex.php?coord=444041317&word=5,n.f.,,,,,leaf,leaf,door panel (?),,,,n.f.,leaf | leaf | door panel (?)
#,getlex.php?coord=444041317&word=10,,,,,,,,,,,,,
lrwxy),getlex.php?coord=444041317&word=9,,,,,,,,,,,,,
wbdrth,getlex.php?coord=444041317&word=8,conj.,,,,,"and, also",,,,,,conj.,"and, also"
rwx],getlex.php?coord=444041317&word=13,n.f./m.,,,,,wind; spirit,wind,"spirit, motive intellectual or emotional force","demon, i.e., evil spirit",,,n.f./m.,"wind; spirit | wind | spirit, motive intellectual or emotional force | demon, i.e., evil spirit"
",l,",getlex.php?coord=444041317&word=14,,,,,,,,,,,,,
wxbTth,getlex.php?coord=444041317&word=2,conj.,,,,,"and, also",,,,,,conj.,"and, also"
",,,,M*",getlex.php?coord=444041317&word=0,,,,,,,,,,,,,
w)trt,getlex.php?coord=444041317&word=3,conj.,,,,,"and, also",,,,,,conj.,"and, also"
m(rb,getlex.php?coord=444041317&word=1,n.m./f.,,,,,west; sunset,west,setting (of the sun),,,,n.m./f.,west; sunset | west | setting (of the sun)
mN,getlex.php?coord=444041317&word=4,prep.,,,,,from,from,partitive,indicating the agent of a passive,,,prep.,from | from | partitive | indicating the agent of a passive
[(brt,getlex.php?coord=444041317&word=12,vb. a/a G D C Gt Dt Ct,,,,,to cross over,to cross over,"to go away, vanish",ˁl,,,vb. a/a G D C Gt Dt Ct,"to cross over | to cross over | to go away, vanish | ˁl"
m?N?,getlex.php?coord=444041316&word=15,,,,,,,,,,,,,
(?b?r*t*,getlex.php?coord=444041316&word=13,,,,,,,,,,,,,
lqdmyN,getlex.php?coord=444041316&word=12,adv.,,,,,previously,previously,at first,"eastward (?), from the east(?)",,,adv.,"previously | previously | at first | eastward (?), from the east(?)"
lh,getlex.php?coord=444041316&word=11,,,,,,,,,,,,,
[rwx],getlex.php?coord=444041316&word=14,,,,,,,,,,,,,
dN,getlex.php?coord=444041316&word=7,pron.,,,,,this one,this one,"as enclitic in interrogative contexts: now, here, then :",see s.v.,,,pron.,"this one | this one | as enclitic in interrogative contexts: now, here, then : | see s.v."
wytbrN,getlex.php?coord=444041316&word=10,conj.,,,,,"and, also",,,,,,conj.,"and, also"
lh,getlex.php?coord=444041316&word=9,,,,,,,,,,,,,
wm(npN,getlex.php?coord=444041316&word=8,conj.,,,,,"and, also",,,,,,conj.,"and, also"
rwxy,getlex.php?coord=444041316&word=1,n.f./m.,,,,,wind; spirit,wind,"spirit, motive intellectual or emotional force","demon, i.e., evil spirit",,,n.f./m.,"wind; spirit | wind | spirit, motive intellectual or emotional force | demon, i.e., evil spirit"
wx*b?l),getlex.php?coord=444041316&word=5,conj.,,,,,"and, also",,,,,,conj.,"and, also"
bzyt),getlex.php?coord=444041316&word=6,prep.,,,,,"in, with",in,with (instrumental),among,,,prep.,"in, with | in | with (instrumental) | among"
n$bN,getlex.php?coord=444041316&word=3,vb. a/u G D C Gt,,,,,to blow,to blow (wind),"+ מן : to blow off of, spark from",to wax famous,,,vb. a/u G D C Gt,"to blow | to blow (wind) | + מן : to blow off of, spark from | to wax famous"
btqwP,getlex.php?coord=444041316&word=4,prep.,,,,,"in, with",in,with (instrumental),among,,,prep.,"in, with | in | with (instrumental) | among"
)rb(],getlex.php?coord=444041316&word=0,num.,,,,,four,four,ארבעתא : group of four,,,,num.,four | four | ארבעתא : group of four
$my),getlex.php?coord=444041316&word=2,n.m.pl.t.,,,,,heaven; ceiling,heaven,"roof, ceiling",,,,n.m.pl.t.,"heaven; ceiling | heaven | roof, ceiling"
"d*y*[,,,",getlex.php?coord=444041315&word=14,,,,,,,,,,,,,
tmht,getlex.php?coord=444041315&word=12,vb. a/a G D C Gt Dt,,,,,"to wonder at, be amazed","to wonder at, be amazed",to stand still in amazement,to admire,,,vb. a/a G D C Gt Dt,"to wonder at, be amazed | to wonder at, be amazed | to stand still in amazement | to admire"
(*d*,getlex.php?coord=444041315&word=13,conj.,,,,,until,until,"while, while still",before,,,conj.,"until | until | while, while still | before"
w*r?w*x*,getlex.php?coord=444041318&word=0,conj.,,,,,"and, also",,,,,,conj.,"and, also"
(?l,getlex.php?coord=444041315&word=6,prep.,,,,,upon; against; to,"upon, over, on to","against, over against","toward, to",,,prep.,"upon; against; to | upon, over, on to | against, over against | toward, to"
w*$?d?y?)?N,getlex.php?coord=444041315&word=1,conj.,,,,,"and, also",,,,,,conj.,"and, also"
",,,,,]k*w*l)*",getlex.php?coord=444041315&word=0,,,,,,,,,,,,,
tmh?,getlex.php?coord=444041315&word=5,vb. a/a G D C Gt Dt,,,,,"to wonder at, be amazed","to wonder at, be amazed",to stand still in amazement,to admire,,,vb. a/a G D C Gt Dt,"to wonder at, be amazed | to wonder at, be amazed | to stand still in amazement | to admire"
q$rN,getlex.php?coord=444041315&word=2,vb. a/ G,,,,,to bind,to bind,,,,,vb. a/ G,to bind | to bind
whwyt,getlex.php?coord=444041315&word=4,conj.,,,,,"and, also",,,,,,conj.,"and, also"
bh,getlex.php?coord=444041315&word=3,prep.,,,,,"in, with",in,with (instrumental),among,,,prep.,"in, with | in | with (instrumental) | among"
$gy,getlex.php?coord=444041315&word=10,,,,,,,,,,,,,
lxd),getlex.php?coord=444041315&word=11,adv.,,,,,much,"much, very",,,,,adv.,"much | much, very"
^h)^,getlex.php?coord=444041314&word=11,interj.,,,,,here! look!,"here, look! (presentative particle)",here (adv.),"הא כ : like, i.e. = prep.",,,interj.,"here! look! | here, look! (presentative particle) | here (adv.) | הא כ : like, i.e. = prep."
w)rw,getlex.php?coord=444041314&word=10,conj.,,,,,"and, also",,,,,,conj.,"and, also"
m$gyt,getlex.php?coord=444041314&word=12,adj.,,,,,abundant,"abundant, plentiful",fem. as subtantive : most :,see s.v.,,,adj.,"abundant | abundant, plentiful | fem. as subtantive : most : | see s.v."
(lw*h*y*,getlex.php?coord=444041314&word=13,n.f.,,,,,leaf,leaf,door panel (?),,,,n.f.,leaf | leaf | door panel (?)
",,,,,y",getlex.php?coord=444041314&word=14,,,,,,,,,,,,,
w$?py?r,getlex.php?coord=444041314&word=2,conj.,,,,,"and, also",,,,,,conj.,"and, also"
#,getlex.php?coord=444041314&word=5,,,,,,,,,,,,,
bzyt),getlex.php?coord=444041314&word=8,prep.,,,,,"in, with",in,with (instrumental),among,,,prep.,"in, with | in | with (instrumental) | among"
wmtxzh,getlex.php?coord=444041314&word=3,conj.,,,,,"and, also",,,,,,conj.,"and, also"
dN,getlex.php?coord=444041314&word=9,vb. a/i(u) G D C Gt Dt,,,,,to judge,to judge,to bring a lawsuit,to determine,,,vb. a/i(u) G D C Gt Dt,to judge | to judge | to bring a lawsuit | to determine
bhN,getlex.php?coord=444041314&word=4,prep.,,,,,"in, with",in,with (instrumental),among,,,prep.,"in, with | in | with (instrumental) | among"
mtbwnN,getlex.php?coord=444041314&word=6,"vb. a/u G D C Dt polel, pay/w c el ethpolal, ethpay/w c el",,,,,*to understand; D to explain,to take note of [dub.=BH],"to teach, explain","to make to know, to teach",,,"vb. a/u G D C Dt polel, pay/w c el ethpolal, ethpay/w c el","*to understand; D to explain | to take note of [dub.=BH] | to teach, explain | to make to know, to teach"
hwyt,getlex.php?coord=444041314&word=7,vb. G C Gt Ct,,,,,"to be, to become",to be,"to endure, to exist","to come to pass, to happen",,,vb. G C Gt Ct,"to be, to become | to be | to endure, to exist | to come to pass, to happen"
$gy)N,getlex.php?coord=444041313&word=12,,,,,,,,,,,,,
]r*brb,getlex.php?coord=444041314&word=1,vb. quad quad T,,,,,to make great,to make great,to exalt,"to lord it over, claim superiority over",,,vb. quad quad T,"to make great | to make great | to exalt | to lord it over, claim superiority over"
)*n[b),getlex.php?coord=444041314&word=0,n.m.,,,,,fruit,(bot.) fruit (of specific trees and vines),produce in general,,,,n.m.,fruit | (bot.) fruit (of specific trees and vines) | produce in general
",,,,,",getlex.php?coord=444041313&word=13,,,,,,,,,,,,,
$gy)N,getlex.php?coord=444041313&word=9,,,,,,,,,,,,,
(wpy)N,getlex.php?coord=444041313&word=11,n.m.,,,,,foliage,foliage,"herbs, grass",fig.:,,,n.m.,"foliage | foliage | herbs, grass | fig.:"
bz?(y*,getlex.php?coord=444041313&word=10,"vb. a/u, a/a G D Gt Dt",,,,,to tear up; penetrate,"to rend, tear up",to split,to pierce,,,"vb. a/u, a/a G D Gt Dt","to tear up; penetrate | to rend, tear up | to split | to pierce"
zyt),getlex.php?coord=444041313&word=5,n.m.,,,,,olive,olive,(bot.) olive tree,olive oil,,,n.m.,olive | olive | (bot.) olive tree | olive oil
gbr,getlex.php?coord=444041313&word=6,vb. a/a G D C Dt,,,,,to prevail,to prevail,(of topography) to swell up,"to give power to, enable to prevail",,,vb. a/a G D C Dt,"to prevail | to prevail | (of topography) to swell up | to give power to, enable to prevail"
brwm),getlex.php?coord=444041313&word=7,prep.,,,,,"in, with",in,with (instrumental),among,,,prep.,"in, with | in | with (instrumental) | among"
w$(N,getlex.php?coord=444041313&word=8,conj.,,,,,"and, also",,,,,,conj.,"and, also"
m*y),getlex.php?coord=444041312&word=0,n.m.pl.,,,,,water,water,"juice, fluid",semen,,,n.m.pl.,"water | water | juice, fluid | semen"
w*s*P,getlex.php?coord=444041311&word=15,conj.,,,,,"and, also",,,,,,conj.,"and, also"
wsP,getlex.php?coord=444041312&word=1,conj.,,,,,"and, also",,,,,,conj.,"and, also"
zyt),getlex.php?coord=444041313&word=2,n.m.,,,,,olive,olive,(bot.) olive tree,olive oil,,,n.m.,olive | olive | (bot.) olive tree | olive oil
w*)tpnyt,getlex.php?coord=444041313&word=0,conj.,,,,,"and, also",,,,,,conj.,"and, also"
######,getlex.php?coord=444041312&word=2,,,,,,,,,,,,,
lmxzh,getlex.php?coord=444041313&word=1,,,,,,,,,,,,,
w?(?lwhy,getlex.php?coord=444041315&word=9,conj.,,,,,"and, also",,,,,,conj.,"and, also"
w)rw?,getlex.php?coord=444041313&word=3,conj.,,,,,"and, also",,,,,,conj.,"and, also"
d?N?,getlex.php?coord=444041315&word=8,pron.,,,,,this one,this one,"as enclitic in interrogative contexts: now, here, then :",see s.v.,,,pron.,"this one | this one | as enclitic in interrogative contexts: now, here, then : | see s.v."
zyt),getlex.php?coord=444041315&word=7,n.m.,,,,,olive,olive,(bot.) olive tree,olive oil,,,n.m.,olive | olive | (bot.) olive tree | olive oil
$rC,getlex.php?coord=444041311&word=11,n.m.,,,,,reptile,"(zool.) reptile, creeping creature",a small prickly insect or reptile (see above),,,,n.m.,"reptile | (zool.) reptile, creeping creature | a small prickly insect or reptile (see above)"
w$rC,getlex.php?coord=444041311&word=13,conj.,,,,,"and, also",,,,,,conj.,"and, also"
)r(),getlex.php?coord=444041311&word=12,n.f.,,,,,ground; land; Earth,ground,"land, country",the Earth,,,n.f.,"ground; land; Earth | ground | land, country | the Earth"
my),getlex.php?coord=444041311&word=14,n.m.pl.,,,,,water,water,"juice, fluid",semen,,,n.m.pl.,"water | water | juice, fluid | semen"
mnh,getlex.php?coord=444041311&word=5,prep.,,,,,from,from,partitive,indicating the agent of a passive,,,prep.,from | from | partitive | indicating the agent of a passive
xzh,getlex.php?coord=444041311&word=6,"vb. G D C Gt Ct ethpolal, ethpay/w c el",,,,,to see,to see,(,metaph. as in European languages,,,"vb. G D C Gt Ct ethpolal, ethpay/w c el",to see | to see | ( | metaph. as in European languages
##,getlex.php?coord=444041311&word=4,,,,,,,,,,,,,
(d,getlex.php?coord=444041311&word=8,prep.,,,,,until,"until, as far as",as conj.:,see s.v.,,,prep.,"until | until, as far as | as conj.: | see s.v."
hwyt,getlex.php?coord=444041311&word=7,vb. G C Gt Ct,,,,,"to be, to become",to be,"to endure, to exist","to come to pass, to happen",,,vb. G C Gt Ct,"to be, to become | to be | to endure, to exist | to come to pass, to happen"
)sypwhy,getlex.php?coord=444041311&word=10,vb. a/u G D C Dt Ct,,,,,to come to an end,to be fulfilled,to disappear,to define,,,vb. a/u G D C Dt Ct,to come to an end | to be fulfilled | to disappear | to define
dy,getlex.php?coord=444041311&word=9,,,,,,,,,,,,,
qcyN,getlex.php?coord=444041311&word=1,"vb. a/u G D C Gt Dt Ct polel, pay/w c el",,,,,to cut short; to reckon,to cut short,to chop down,to specify,,,"vb. a/u G D C Gt Dt Ct polel, pay/w c el",to cut short; to reckon | to cut short | to chop down | to specify
wnsbyN,getlex.php?coord=444041311&word=2,conj.,,,,,"and, also",,,,,,conj.,"and, also"
l$m$),getlex.php?coord=444041310&word=11,,,,,,,,,,,,,
wlkwkby),getlex.php?coord=444041311&word=0,conj.,,,,,"and, also",,,,,,conj.,"and, also"
wl$hr),getlex.php?coord=444041310&word=12,conj.,,,,,"and, also",,,,,,conj.,"and, also"
lhwN,getlex.php?coord=444041311&word=3,,,,,,,,,,,,,
kwlhwN,getlex.php?coord=444041310&word=3,n.(pr.),,,,,"all, every",alone preceding a noun (technically the construct state!) :,as a postpositive with resumptive pronominal suffixes,emphatic state :,,,n.(pr.),"all, every | alone preceding a noun (technically the construct state!) : | as a postpositive with resumptive pronominal suffixes | emphatic state :"
wl)ylny),getlex.php?coord=444041310&word=2,conj.,,,,,"and, also",,,,,,conj.,"and, also"
wnsbyN,getlex.php?coord=444041310&word=5,conj.,,,,,"and, also",,,,,,conj.,"and, also"
qcyN,getlex.php?coord=444041310&word=4,"vb. a/u G D C Gt Dt Ct polel, pay/w c el",,,,,to cut short; to reckon,to cut short,to chop down,to specify,,,"vb. a/u G D C Gt Dt Ct polel, pay/w c el",to cut short; to reckon | to cut short | to chop down | to specify
m*n*h*,getlex.php?coord=444041310&word=7,prep.,,,,,from,from,partitive,indicating the agent of a passive,,,prep.,from | from | partitive | indicating the agent of a passive
##,getlex.php?coord=444041310&word=8,,,,,,,,,,,,,
lhwN,getlex.php?coord=444041310&word=6,,,,,,,,,,,,,
xzh,getlex.php?coord=444041310&word=9,"vb. G D C Gt Ct ethpolal, ethpay/w c el",,,,,to see,to see,(,metaph. as in European languages,,,"vb. G D C Gt Ct ethpolal, ethpay/w c el",to see | to see | ( | metaph. as in European languages
"l?[,,,])*",getlex.php?coord=444041310&word=0,,,,,,,,,,,,,
w*lk*s*[py]),getlex.php?coord=444041309&word=13,conj.,,,,,"and, also",,,,,,conj.,"and, also"
xzh,getlex.php?coord=444041309&word=10,"vb. G D C Gt Ct ethpolal, ethpay/w c el",,,,,to see,to see,(,metaph. as in European languages,,,"vb. G D C Gt Ct ethpolal, ethpay/w c el",to see | to see | ( | metaph. as in European languages
l?p*rzl),getlex.php?coord=444041310&word=1,,,,,,,,,,,,,
ldh?b?y?)?,getlex.php?coord=444041309&word=12,,,,,,,,,,,,,
hwyt,getlex.php?coord=444041309&word=11,vb. G C Gt Ct,,,,,"to be, to become",to be,"to endure, to exist","to come to pass, to happen",,,vb. G C Gt Ct,"to be, to become | to be | to endure, to exist | to come to pass, to happen"
##,getlex.php?coord=444041309&word=9,,,,,,,,,,,,,
qcyN,getlex.php?coord=444041309&word=5,"vb. a/u G D C Gt Dt Ct polel, pay/w c el",,,,,to cut short; to reckon,to cut short,to chop down,to specify,,,"vb. a/u G D C Gt Dt Ct polel, pay/w c el",to cut short; to reckon | to cut short | to chop down | to specify
wnsbyN,getlex.php?coord=444041309&word=6,conj.,,,,,"and, also",,,,,,conj.,"and, also"
h),getlex.php?coord=444041313&word=4,interj.,,,,,here! look!,"here, look! (presentative particle)",here (adv.),"הא כ : like, i.e. = prep.",,,interj.,"here! look! | here, look! (presentative particle) | here (adv.) | הא כ : like, i.e. = prep."
lhwN,getlex.php?coord=444041309&word=7,,,,,,,,,,,,,
mnh,getlex.php?coord=444041309&word=8,prep.,,,,,from,from,partitive,indicating the agent of a passive,,,prep.,from | from | partitive | indicating the agent of a passive
h*lk*y?N?,getlex.php?coord=444041308&word=10,vb. a/(a) G D C Gt Dt quad quad T,,,,,to go; D to walk,"to go, to proceed","to behave, act","to go, walk",,,vb. a/(a) G D C Gt Dt quad quad T,"to go; D to walk | to go, to proceed | to behave, act | to go, walk"
yby$t),getlex.php?coord=444041308&word=9,n.f.,,,,,"dry land, earth","dry land, earth",,,,,n.f.,"dry land, earth | dry land, earth"
",,,,,])",getlex.php?coord=444041309&word=1,,,,,,,,,,,,,
wrx$,getlex.php?coord=444041308&word=8,conj. vb. e/a G D C Gt,,,,,"and, also",to creep,to creep,(water) to produce creeping things,,rḥš,conj. vb. e/a G D C Gt,"and, also | to creep | to creep | (water) to produce creeping things"
"[,,,,,]N",getlex.php?coord=444041308&word=11,,,,,,,,,,,,,
",,,,,",getlex.php?coord=444041309&word=0,,,,,,,,,,,,,
hww),getlex.php?coord=444041309&word=4,vb. G C Gt Ct,,,,,"to be, to become",to be,"to endure, to exist","to come to pass, to happen",,,vb. G C Gt Ct,"to be, to become | to be | to endure, to exist | to come to pass, to happen"
wxspy),getlex.php?coord=444041309&word=3,conj.,,,,,"and, also",,,,,,conj.,"and, also"
br),getlex.php?coord=444041308&word=5,,,,,,,,,,,,,
$*m?y),getlex.php?coord=444041308&word=3,n.m.pl.t.,,,,,heaven; ceiling,heaven,"roof, ceiling",,,,n.m.pl.t.,"heaven; ceiling | heaven | roof, ceiling"
",,,(w]P*",getlex.php?coord=444041308&word=2,,,,,,,,,,,,,
)?dm)?,getlex.php?coord=444041308&word=7,n.f.,,,,,"earth, ground","the earth, the ground","earth, soil",starch,,,n.f.,"earth, ground | the earth, the ground | earth, soil | starch"
wxywt,getlex.php?coord=444041308&word=4,conj. n.f.,,,,,"and, also",wild animal(s),"wild animal, wild beast(s)",,,"ḥywt br, ḥywt brˀ",conj. n.f.,"and, also | wild animal(s) | wild animal, wild beast(s)"
"[,,,]c?[",getlex.php?coord=444041308&word=1,,,,,,,,,,,,,
w*[b(y]r*,getlex.php?coord=444041308&word=6,conj. n.f./m.,,,,,"and, also","animal, beast","collective: animals, beasts",as a singular animal,,"bˁyr, bˁyrˀ",conj. n.f./m.,"and, also | animal, beast | collective: animals, beasts | as a singular animal"
")*p*[,,,]k*h?l?k?w*l",getlex.php?coord=444041307&word=2,,,,,,,,,,,,,
",,,,,,,,,,,,,,,,],",getlex.php?coord=444041307&word=0,,,,,,,,,,,,,
"w?$ry*,[,,,,,,,,",getlex.php?coord=444041303&word=4,,,,,,,,,,,,,
m*l?k*),getlex.php?coord=444041303&word=3,,,,,,,,,,,,,
"[,,,,,,,,,,,,,,]",getlex.php?coord=444041303&word=2,,,,,,,,,,,,,
",,,])*(?)?",getlex.php?coord=444041308&word=0,,,,,,,,,,,,,
"w?)z*d?)?[,,,,,,,])",getlex.php?coord=444041307&word=1,,,,,,,,,,,,,
hwyt,getlex.php?coord=444041310&word=10,vb. G C Gt Ct,,,,,"to be, to become",to be,"to endure, to exist","to come to pass, to happen",,,vb. G C Gt Ct,"to be, to become | to be | to endure, to exist | to come to pass, to happen"
mlK,getlex.php?coord=444042014&word=5,n.m.,,,,,king,king,"provincial ruler (governor, satrap)",a priest,,,n.m.,"king | king | provincial ruler (governor, satrap) | a priest"
w*l?K?,getlex.php?coord=444041303&word=1,,,,,,,,,,,,,
c(N,getlex.php?coord=444042014&word=4,,,,,,,,,,,,,
",,,])*",getlex.php?coord=444041303&word=0,,,,,,,,,,,,,
(l,getlex.php?coord=444042014&word=2,prep.,,,,,upon; against; to,"upon, over, on to","against, over against","toward, to",,,prep.,"upon; against; to | upon, over, on to | against, over against | toward, to"
mry,getlex.php?coord=444042014&word=1,n.m.,,,,,"master, lord",master,owner,title of respect,,,n.m.,"master, lord | master | owner | title of respect"
pr(w,getlex.php?coord=444042014&word=3,n.m.,,,,,Pharaoh,Pharaoh,,,,,n.m.,Pharaoh | Pharaoh
bkwlhwN,getlex.php?coord=444042013&word=13,prep. n.(pr.),,,,,"in, with",in,with (instrumental),among,,"kl, klˀ",prep. n.(pr.),"in, with | in | with (instrumental) | among"
wk(N,getlex.php?coord=444042013&word=15,conj. adv.,,,,,"and, also",now,now,(w./w.o.,,kˁn,conj. adv.,"and, also | now | now | (w./w.o."
qbltK,getlex.php?coord=444042014&word=0,vb. a/o G D C Gt Dt,,,,,to be opposed; D to receive,to confront in complaint (w.,"mn, ˁl",against),,,vb. a/o G D C Gt Dt,"to be opposed; D to receive | to confront in complaint (w. | mn, ˁl | against)"
dyN,getlex.php?coord=444042013&word=14,n.m.,,,,,judgment,court case,judgment,"justice, what is right",,,n.m.,"judgment | court case | judgment | justice, what is right"
w$lyT,getlex.php?coord=444042013&word=4,conj. adj.,,,,,"and, also",ruling; ruler; permitted,"ruling, having power (",replaces the active ptcp. of,,šlyṭ,conj. adj.,"and, also | ruling; ruler; permitted | ruling, having power ( | replaces the active ptcp. of"
(l,getlex.php?coord=444042013&word=5,prep.,,,,,upon; against; to,"upon, over, on to","against, over against","toward, to",,,prep.,"upon; against; to | upon, over, on to | against, over against | toward, to"
kwl),getlex.php?coord=444042013&word=6,n.(pr.),,,,,"all, every",alone preceding a noun (technically the construct state!) :,as a postpositive with resumptive pronominal suffixes,emphatic state :,,,n.(pr.),"all, every | alone preceding a noun (technically the construct state!) : | as a postpositive with resumptive pronominal suffixes | emphatic state :"
)nth,getlex.php?coord=444042013&word=2,pron.,,,,,you (m.),you (m.),,,,,pron.,you (m.) | you (m.)
mrh,getlex.php?coord=444042013&word=3,n.m.,,,,,"master, lord",master,owner,title of respect,,,n.m.,"master, lord | master | owner | title of respect"
mlky,getlex.php?coord=444042013&word=8,n.m.,,,,,king,king,"provincial ruler (governor, satrap)",a priest,,,n.m.,"king | king | provincial ruler (governor, satrap) | a priest"
)*bny),getlex.php?coord=444041309&word=2,n.f.,,,,,stone,stone,"rock, stone as a material",gem,,,n.f.,"stone | stone | rock, stone as a material | gem"
)r(),getlex.php?coord=444042013&word=9,n.f.,,,,,ground; land; Earth,ground,"land, country",the Earth,,,n.f.,"ground; land; Earth | ground | land, country | the Earth"
$lyT,getlex.php?coord=444042013&word=11,adj.,,,,,ruling; ruler; permitted,"ruling, having power (",replaces the active ptcp. of,šlṭ,,,adj.,"ruling; ruler; permitted | ruling, having power ( | replaces the active ptcp. of | šlṭ"
)nth,getlex.php?coord=444042013&word=10,pron.,,,,,you (m.),you (m.),,,,,pron.,you (m.) | you (m.)
wbkwl,getlex.php?coord=444042013&word=7,conj. prep. n.(pr.),,,,,"and, also","in, with",in,with (instrumental),,b_,conj. prep. n.(pr.),"and, also | in, with | in | with (instrumental)"
(lmyM,getlex.php?coord=444042013&word=0,n.m.,,,,,eternity; world,eternity (usually as a,nomen rectum,),,,n.m.,eternity; world | eternity (usually as a | nomen rectum | )
(lywN,getlex.php?coord=444042012&word=12,n.m.,,,,,most high one,most high one,,,,,n.m.,most high one | most high one
lkwl,getlex.php?coord=444042012&word=14,n.(pr.),,,,,"all, every",alone preceding a noun (technically the construct state!) :,as a postpositive with resumptive pronominal suffixes,emphatic state :,,,n.(pr.),"all, every | alone preceding a noun (technically the construct state!) : | as a postpositive with resumptive pronominal suffixes | emphatic state :"
dy,getlex.php?coord=444042013&word=1,,,,,,,,,,,,,
mry,getlex.php?coord=444042012&word=13,n.m.,,,,,"master, lord",master,owner,title of respect,,,n.m.,"master, lord | master | owner | title of respect"
lm(bd,getlex.php?coord=444042013&word=12,vb. a/e G D C Gt Ct quad,,,,,"to make, act, do",to make,"to do, perform, act in a certain manner","to designate, make into",,,vb. a/e G D C Gt Ct quad,"to make, act, do | to make | to do, perform, act in a certain manner | to designate, make into"
wdm(y,getlex.php?coord=444042012&word=7,conj. n.f.,,,,,"and, also",tear,tear,"(bot.) (of tree, vine, seed) effluent, sap",,"dmˁh, dmˁtˀ",conj. n.f.,"and, also | tear | tear | (bot.) (of tree, vine, seed) effluent, sap"
bryK,getlex.php?coord=444042012&word=9,adj.,,,,,blessed,blessed (see note),euph.: smallpox,,,,adj.,blessed | blessed (see note) | euph.: smallpox
)l,getlex.php?coord=444042012&word=11,div.,,,,,El,El,,,,,div.,El | El
b)t(cb),getlex.php?coord=444042012&word=6,prep. vb. G Gt,,,,,"in, with",in,with (instrumental),among,,ˁṣb,prep. vb. G Gt,"in, with | in | with (instrumental) | among"
)nth,getlex.php?coord=444042012&word=10,pron.,,,,,you (m.),you (m.),,,,,pron.,you (m.) | you (m.)
w)txnnt,getlex.php?coord=444042012&word=4,conj. vb. a/u G D Gt Dt,,,,,"and, also",to show mercy,to show mercy,"to donate, grant, grace with",,ḥnn,conj. vb. a/u G D Gt Dt,"and, also | to show mercy | to show mercy | to donate, grant, grace with"
w)mrt,getlex.php?coord=444042012&word=5,conj. vb. a/a G Gt,,,,,"and, also",to say,to say,to command,,ˀmr,conj. vb. a/a G Gt,"and, also | to say | to say | to command"
dN,getlex.php?coord=444042012&word=1,pron.,,,,,this one,this one,"as enclitic in interrogative contexts: now, here, then :",see s.v.,,,pron.,"this one | this one | as enclitic in interrogative contexts: now, here, then : | see s.v."
blyly),getlex.php?coord=444042012&word=0,prep. n.m.,,,,,"in, with",in,with (instrumental),among,,"lyly, lylyˀ",prep. n.m.,"in, with | in | with (instrumental) | among"
wb(yt,getlex.php?coord=444042012&word=3,conj. vb. G D Gt Dt,,,,,"and, also","to ask, to beg, to inquire","to seek, look for",to ask a question,,bˁy,conj. vb. G D Gt Dt,"and, also | to ask, to beg, to inquire | to seek, look for | to ask a question"
clyt,getlex.php?coord=444042012&word=2,vb. G D C Gt Dt Ct,,,,,to bend down; D to pray,to incline (intr.),tran.:,to pray,,,vb. G D C Gt Dt Ct,to bend down; D to pray | to incline (intr.) | tran.: | to pray
nxtN,getlex.php?coord=444042012&word=8,vb. e(a)/u G D C Gt Dt Ct,,,,,to descend,"to descend, go down physically",fig.,to go inward,,,vb. e(a)/u G D C Gt Dt Ct,"to descend | to descend, go down physically | fig. | to go inward"
(my,getlex.php?coord=444042011&word=7,prep.,,,,,with,"with, together with",at,"at the time of, during",,,prep.,"with | with, together with | at | at the time of, during"
mny,getlex.php?coord=444042011&word=11,prep.,,,,,from,from,partitive,indicating the agent of a passive,,,prep.,from | from | partitive | indicating the agent of a passive
$ry,getlex.php?coord=444042011&word=12,,,,,,,,,,,,,
kdy,getlex.php?coord=444042011&word=9,conj.,,,,,when,when,just as,as follows (,,,conj.,when | when | just as | as follows (
b)wns,getlex.php?coord=444042011&word=13,prep. n.m.,,,,,"in, with",in,with (instrumental),among,,"ˀwns, ˀwnsˀ",prep. n.m.,"in, with | in | with (instrumental) | among"
dbyrt,getlex.php?coord=444042011&word=10,vb. a/a G D C Gt Dt,,,,,"to lead, to drive","transitive : to lead, to drive",to plow,"intransitive : to live, act, behave",,,vb. a/a G D C Gt Dt,"to lead, to drive | transitive : to lead, to drive | to plow | intransitive : to live, act, behave"
blyly),getlex.php?coord=444042011&word=8,prep. n.m.,,,,,"in, with",in,with (instrumental),among,,"lyly, lylyˀ",prep. n.m.,"in, with | in | with (instrumental) | among"
wlwT,getlex.php?coord=444042011&word=4,conj.,,,,,"and, also",,,,,,conj.,"and, also"
br,getlex.php?coord=444042011&word=5,n.m.,,,,,son,"son, child",member of the same cohort (,see also 'compounds' 3.2),,,n.m.,"son | son, child | member of the same cohort ( | see also 'compounds' 3.2)"
)nh,getlex.php?coord=444042011&word=3,pron.,,,,,I,I,as enclitic subject marker with participles/adjectives,(philos.) Ego,,,pron.,I | I | as enclitic subject marker with participles/adjectives | (philos.) Ego
bky,getlex.php?coord=444042011&word=1,n.m.,,,,,weeping,weeping,,,,,n.m.,weeping | weeping
tqyP,getlex.php?coord=444042011&word=2,adj.,,,,,strong,strong,"substantial, great",fem.: wonder,,,adj.,"strong | strong | substantial, great | fem.: wonder"
)brM,getlex.php?coord=444042011&word=0,,,,,,,,,,,,,
)nh,getlex.php?coord=444042010&word=15,pron.,,,,,I,I,as enclitic subject marker with participles/adjectives,(philos.) Ego,,,pron.,I | I | as enclitic subject marker with participles/adjectives | (philos.) Ego
wbkyt,getlex.php?coord=444042010&word=14,conj. vb. G D C Dt,,,,,"and, also",to weep,to weep,"to mourn, weep for",,bky,conj. vb. G D C Dt,"and, also | to weep | to weep | to mourn, weep for"
qTylt,getlex.php?coord=444042010&word=13,vb. a/u G D C Gt Dt,,,,,to kill,to kill,"to make something not 'living' in its various metaph. senses, i.e., not raw, not flowing, etc.",to fell,,,vb. a/u G D C Gt Dt,"to kill | to kill | to make something not 'living' in its various metaph. senses, i.e., not raw, not flowing, etc. | to fell"
wl),getlex.php?coord=444042010&word=12,conj. adv.,,,,,"and, also","no, not",no! (as interj.),not (preceding and negating a predicate),,lˀ,conj. adv.,"and, also | no, not | no! (as interj.) | not (preceding and negating a predicate)"
)nh,getlex.php?coord=444042010&word=9,pron.,,,,,I,I,as enclitic subject marker with participles/adjectives,(philos.) Ego,,,pron.,I | I | as enclitic subject marker with participles/adjectives | (philos.) Ego
bdylh),getlex.php?coord=444042010&word=11,prep.,,,,,on account of,on account of,concerning,,,,prep.,on account of | on account of | concerning
)brM,getlex.php?coord=444042010&word=10,,,,,,,,,,,,,
w$byqt,getlex.php?coord=444042010&word=8,conj. vb. a/u G D C Gt,,,,,"and, also",to leave; to permit,"to leave, depart from",to leave something left over,,šbq,conj. vb. a/u G D C Gt,"and, also | to leave; to permit | to leave, depart from | to leave something left over"
dylh),getlex.php?coord=444042010&word=7,pron.,,,,,(with pronominal suffixes:) independent possessive pronoun,(with pronominal suffixes:) independent possessive pronoun,"as personal emphasis, myself, etc.",,,,pron.,"(with pronominal suffixes:) independent possessive pronoun | (with pronominal suffixes:) independent possessive pronoun | as personal emphasis, myself, etc."
kdy,getlex.php?coord=444042010&word=3,conj.,,,,,when,when,just as,as follows (,,,conj.,when | when | just as | as follows (
hwyt,getlex.php?coord=444042010&word=4,vb. G C Gt Ct,,,,,"to be, to become",to be,"to endure, to exist","to come to pass, to happen",,,vb. G C Gt Ct,"to be, to become | to be | to endure, to exist | to come to pass, to happen"
hw),getlex.php?coord=444042010&word=2,pron.,,,,,he,he,as copula,emphatic enclitic particle focusing on the word it follows,,,pron.,he | he | as copula | emphatic enclitic particle focusing on the word it follows
d)xy,getlex.php?coord=444042010&word=1,n.m.,,,,,brother,brother,"kinsman, comrade",,,,n.m.,"brother | brother | kinsman, comrade"
$ry,getlex.php?coord=444042009&word=13,,,,,,,,,,,,,
lmlk),getlex.php?coord=444042010&word=0,n.m.,,,,,king,king,"provincial ruler (governor, satrap)",a priest,,,n.m.,"king | king | provincial ruler (governor, satrap) | a priest"
mtgr,getlex.php?coord=444042010&word=5,"vb. a/a, a/u vb. G C Gt Ct D Gt Dt",,,,,"to hire (s.t., s.o)","to hire (something, s.o), rent",to make a contract,to hire something out,,tgr,"vb. a/a, a/u vb. G C Gt Ct D Gt Dt","to hire (s.t., s.o) | to hire (something, s.o), rent | to make a contract | to hire something out"
wb(),getlex.php?coord=444042009&word=10,conj. vb. G D Gt Dt,,,,,"and, also","to ask, to beg, to inquire","to seek, look for",to ask a question,,bˁy,conj. vb. G D Gt Dt,"and, also | to ask, to beg, to inquire | to seek, look for | to ask a question"
lmqTlny,getlex.php?coord=444042009&word=11,vb. a/u G D C Gt Dt,,,,,to kill,to kill,"to make something not 'living' in its various metaph. senses, i.e., not raw, not flowing, etc.",to fell,,,vb. a/u G D C Gt Dt,"to kill | to kill | to make something not 'living' in its various metaph. senses, i.e., not raw, not flowing, etc. | to fell"
lh,getlex.php?coord=444042009&word=8,,,,,,,,,,,,,
$prh),getlex.php?coord=444042009&word=6,n.m./f.,,,,,beauty; best part,beauty,"best part, choicest",,,,n.m./f.,"beauty; best part | beauty | best part, choicest"
l)nt),getlex.php?coord=444042009&word=9,n.f.,,,,,"woman, wife",woman,wife,,,,n.f.,"woman, wife | woman | wife"
wnsbh),getlex.php?coord=444042009&word=7,conj. vb. e/a G D C Gt Ct,,,,,"and, also",to take,"to take, pick up, carry",to marry,,nsb,conj. vb. e/a G D C Gt Ct,"and, also | to take | to take, pick up, carry | to marry"
w)mrt,getlex.php?coord=444042009&word=12,conj. vb. a/a G Gt,,,,,"and, also",to say,to say,to command,,ˀmr,conj. vb. a/a G Gt,"and, also | to say | to say | to command"
w)tmh,getlex.php?coord=444042009&word=3,conj. vb. a/a G D C Gt Dt,,,,,"and, also","to wonder at, be amazed","to wonder at, be amazed",to stand still in amazement,,tmh,conj. vb. a/a G D C Gt Dt,"and, also | to wonder at, be amazed | to wonder at, be amazed | to stand still in amazement"
(l,getlex.php?coord=444042009&word=4,prep.,,,,,upon; against; to,"upon, over, on to","against, over against","toward, to",,,prep.,"upon; against; to | upon, over, on to | against, over against | toward, to"
l(wb(,getlex.php?coord=444042009&word=0,adv.,,,,,quickly,quickly,,,,,adv.,quickly | quickly
wxzh),getlex.php?coord=444042009&word=2,"conj. vb. G D C Gt Ct ethpolal, ethpay/w c el",,,,,"and, also",to see,to see,(,,ḥzy,"conj. vb. G D C Gt Ct ethpolal, ethpay/w c el","and, also | to see | to see | ("
dbrh),getlex.php?coord=444042009&word=1,vb. a/a G D C Gt Dt,,,,,"to lead, to drive","transitive : to lead, to drive",to plow,"intransitive : to live, act, behave",,,vb. a/a G D C Gt Dt,"to lead, to drive | transitive : to lead, to drive | to plow | intransitive : to live, act, behave"
w$lx,getlex.php?coord=444042008&word=16,conj. vb. a/a(u) G D C Gt Dt Ct,,,,,"and, also",to send,"to send (something or someone, but see note)","to send word; order, summon",,šlḥ,conj. vb. a/a(u) G D C Gt Dt Ct,"and, also | to send | to send (something or someone, but see note) | to send word; order, summon"
kwl,getlex.php?coord=444042009&word=5,n.(pr.),,,,,"all, every",alone preceding a noun (technically the construct state!) :,as a postpositive with resumptive pronominal suffixes,emphatic state :,,,n.(pr.),"all, every | alone preceding a noun (technically the construct state!) : | as a postpositive with resumptive pronominal suffixes | emphatic state :"
###,getlex.php?coord=444042011&word=14,,,,,,,,,,,,,
$gy,getlex.php?coord=444042008&word=14,adj./adv.,,,,,"many, much","many, much","enough, too much",(gram.) pl.:,,,adj./adv.,"many, much | many, much | enough, too much | (gram.) pl.:"
mmllyN,getlex.php?coord=444042008&word=13,vb. D C Dt,,,,,D to speak,to speak,to sound,to enable someone to speak,,,vb. D C Dt,D to speak | to speak | to sound | to enable someone to speak
xd,getlex.php?coord=444042008&word=11,num.,,,,,one,one,with another number (or,b,,,num.,one | one | with another number (or | b
tlthwN,getlex.php?coord=444042008&word=12,num.,,,,,three,three,w. masc. pl. pron. suff. : group of three,,,,num.,three | three | w. masc. pl. pron. suff. : group of three
dy,getlex.php?coord=444042008&word=9,,,,,,,,,,,,,
rxmh,getlex.php?coord=444042008&word=15,vb. e/a G D C Gt Dt,,,,,to love,to love,to have pity on,w.,,,vb. e/a G D C Gt Dt,to love | to love | to have pity on | w.
pM,getlex.php?coord=444042008&word=10,n.m.,,,,,mouth,(anat.) mouth,fig.: opening,surface,,,n.m.,mouth | (anat.) mouth | fig.: opening | surface
)xy,getlex.php?coord=444042011&word=6,n.m.,,,,,brother,brother,"kinsman, comrade",,,,n.m.,"brother | brother | kinsman, comrade"
wmly,getlex.php?coord=444042008&word=6,conj. n.f.,,,,,"and, also","word, speech; thing",word,thing [=Heb. דָּבָר],,"mlh, mltˀ",conj. n.f.,"and, also | word, speech; thing | word | thing [=Heb. דָּבָר]"
xrqnw$,getlex.php?coord=444042008&word=5,,,,,,,,,,,,,
y)),getlex.php?coord=444042008&word=0,adj.,,,,,beautiful,"beautiful, handsome","suited, fitting",,,,adj.,"beautiful | beautiful, handsome | suited, fitting"
tryN,getlex.php?coord=444042008&word=7,num.,,,,,two,two,,,,,num.,two | two
mlk),getlex.php?coord=444042008&word=3,n.m.,,,,,king,king,"provincial ruler (governor, satrap)",a priest,,,n.m.,"king | king | provincial ruler (governor, satrap) | a priest"
$m(,getlex.php?coord=444042008&word=2,vb. a/a(u) G D C Gt,,,,,to hear,to hear (w. d.o. or,b_,) something,,,vb. a/a(u) G D C Gt,to hear | to hear (w. d.o. or | b_ | ) something
mly,getlex.php?coord=444042008&word=4,n.f.,,,,,"word, speech; thing",word,thing [=Heb. דָּבָר],=Greek,,,n.f.,"word, speech; thing | word | thing [=Heb. דָּבָר] | =Greek"
wkdy,getlex.php?coord=444042008&word=1,conj. conj.,,,,,"and, also",when,when,just as,,"kd, kdy",conj. conj.,"and, also | when | when | just as"
ydyh),getlex.php?coord=444042007&word=16,n.f.,,,,,"hand, arm; side; power",(anat.) hand,arm,"power, control",,,n.f.,"hand, arm; side; power | (anat.) hand | arm | power, control"
/wdlydyh)#2#/,getlex.php?coord=444042007&word=17,conj. n.f.,,,,,"and, also","hand, arm; side; power",(anat.) hand,arm,,"yd, ˀydˀ",conj. n.f.,"and, also | hand, arm; side; power | (anat.) hand | arm"
\wdl,getlex.php?coord=444042007&word=15,conj. n.m.,,,,,"and, also",handicraft,handicraft,,,dwl ydyn,conj. n.m.,"and, also | handicraft | handicraft"
(mh),getlex.php?coord=444042007&word=14,prep.,,,,,with,"with, together with",at,"at the time of, during",,,prep.,"with | with, together with | at | at the time of, during"
$gy),getlex.php?coord=444042007&word=13,adj./adv.,,,,,"many, much","many, much","enough, too much",(gram.) pl.:,,,adj./adv.,"many, much | many, much | enough, too much | (gram.) pl.:"
xkm),getlex.php?coord=444042007&word=12,n.f.,,,,,wisdom,wisdom,,,,,n.f.,wisdom | wisdom
dN,getlex.php?coord=444042007&word=11,pron.,,,,,this one,this one,"as enclitic in interrogative contexts: now, here, then :",see s.v.,,,pron.,"this one | this one | as enclitic in interrogative contexts: now, here, then : | see s.v."
$pr),getlex.php?coord=444042007&word=10,n.m./f.,,,,,beauty; best part,beauty,"best part, choicest",,,,n.m./f.,"beauty; best part | beauty | best part, choicest"
(l,getlex.php?coord=444042010&word=6,prep.,,,,,upon; against; to,"upon, over, on to","against, over against","toward, to",,,prep.,"upon; against; to | upon, over, on to | against, over against | toward, to"
w(M,getlex.php?coord=444042007&word=8,conj. prep.,,,,,"and, also",with,"with, together with",at,,ˁm,conj. prep.,"and, also | with | with, together with | at"
kwl,getlex.php?coord=444042007&word=9,n.(pr.),,,,,"all, every",alone preceding a noun (technically the construct state!) :,as a postpositive with resumptive pronominal suffixes,emphatic state :,,,n.(pr.),"all, every | alone preceding a noun (technically the construct state!) : | as a postpositive with resumptive pronominal suffixes | emphatic state :"
kwlhN,getlex.php?coord=444042007&word=7,n.(pr.),,,,,"all, every",alone preceding a noun (technically the construct state!) :,as a postpositive with resumptive pronominal suffixes,emphatic state :,,,n.(pr.),"all, every | alone preceding a noun (technically the construct state!) : | as a postpositive with resumptive pronominal suffixes | emphatic state :"
n$yN,getlex.php?coord=444042007&word=0,n.f.,,,,,"woman, wife",woman,wife,,,,n.f.,"woman, wife | woman | wife"
w(l,getlex.php?coord=444042006&word=16,conj. prep.,,,,,"and, also",upon; against; to,"upon, over, on to","against, over against",,ˁl,conj. prep.,"and, also | upon; against; to | upon, over, on to | against, over against"
w(ly),getlex.php?coord=444042007&word=3,conj. adj.,,,,,"and, also","supreme, highest, exalted","supreme, highest, exalted",upper,,ˁly,conj. adj.,"and, also | supreme, highest, exalted | supreme, highest, exalted | upper"
$pr?t?,getlex.php?coord=444042007&word=2,vb. a/a G D C Dt,,,,,"to be beautiful, pleasing","to be beautiful, pleasing","to be proper, fitting",to make pleasing,,,vb. a/a G D C Dt,"to be beautiful, pleasing | to be beautiful, pleasing | to be proper, fitting | to make pleasing"
kwl,getlex.php?coord=444042006&word=17,n.(pr.),,,,,"all, every",alone preceding a noun (technically the construct state!) :,as a postpositive with resumptive pronominal suffixes,emphatic state :,,,n.(pr.),"all, every | alone preceding a noun (technically the construct state!) : | as a postpositive with resumptive pronominal suffixes | emphatic state :"
$wpr,getlex.php?coord=444042007&word=1,n.m./f.,,,,,beauty; best part,beauty,"best part, choicest",,,,n.m./f.,"beauty; best part | beauty | best part, choicest"
l),getlex.php?coord=444042006&word=13,adv.,,,,,"no, not",no! (as interj.),not (preceding and negating a predicate),"compounded with adjectives, nouns, abstracts, and adverbs  ='un-', 'non', 'in-'",,,adv.,"no, not | no! (as interj.) | not (preceding and negating a predicate) | compounded with adjectives, nouns, abstracts, and adverbs  ='un-', 'non', 'in-'"
y(lN,getlex.php?coord=444042006&word=11,vb. a/u G D C Dt Ct,,,,,to enter,to enter,w.,"ˁl, ˁm, lwt",,,vb. a/u G D C Dt Ct,"to enter | to enter | w. | ˁl, ˁm, lwt"
lgnwN,getlex.php?coord=444042006&word=12,n.m.,,,,,bridal chamber; canopy,bridal chamber,canopy,"tent, booth (?) :",,,n.m.,"bridal chamber; canopy | bridal chamber | canopy | tent, booth (?) :"
dy,getlex.php?coord=444042006&word=10,,,,,,,,,,,,,
l(l),getlex.php?coord=444042007&word=5,,,,,,,,,,,,,
lh,getlex.php?coord=444042006&word=5,,,,,,,,,,,,,
$lm),getlex.php?coord=444042006&word=3,vb. e/a(u) G D C Gt Dt Ct,,,,,"to be whole, complete","to be whole, perfect","to be complete, finished",(euph.) to die,,,vb. e/a(u) G D C Gt Dt Ct,"to be whole, complete | to be whole, perfect | to be complete, finished | (euph.) to die"
wkl)N,getlex.php?coord=444042006&word=9,conj. n.f.,,,,,"and, also",bride,bride,daughter-in-law,,"klh, kltˀ",conj. n.f.,"and, also | bride | bride | daughter-in-law"
btwlN,getlex.php?coord=444042006&word=8,n.f.,,,,,virgin,virgin,(astron.) Virgo,,,,n.f.,virgin | virgin | (astron.) Virgo
lhN,getlex.php?coord=444042006&word=4,,,,,,,,,,,,,
$qyh),getlex.php?coord=444042006&word=6,n.f./m.,,,,,"thigh, leg","(anat.) thigh, leg",shaft,"clan. lineage, stock",,,n.f./m.,"thigh, leg | (anat.) thigh, leg | shaft | clan. lineage, stock"
wkl,getlex.php?coord=444042006&word=7,conj. n.(pr.),,,,,"and, also","all, every",alone preceding a noun (technically the construct state!) :,as a postpositive with resumptive pronominal suffixes,,"kl, klˀ",conj. n.(pr.),"and, also | all, every | alone preceding a noun (technically the construct state!) : | as a postpositive with resumptive pronominal suffixes"
$pyrN,getlex.php?coord=444042006&word=1,adj.,,,,,beautiful,beautiful,"proper, good, suitable, ok",idioms:,,,adj.,"beautiful | beautiful | proper, good, suitable, ok | idioms:"
wkm),getlex.php?coord=444042006&word=2,conj. adv.,,,,,"and, also",how much,"how much, how many (interrog)","rhetorical: with an adj. , adv. or verb : how much x ? = so much!",,kmh,conj. adv.,"and, also | how much | how much, how many (interrog) | rhetorical: with an adj. , adv. or verb : how much x ? = so much!"
rglyh),getlex.php?coord=444042005&word=16,n.f.,,,,,foot; pilgrimage,foot,march,(bot.) a plant name : milk vetch (?),,,n.f.,foot; pilgrimage | foot | march | (bot.) a plant name : milk vetch (?)
ydyh),getlex.php?coord=444042005&word=15,n.f.,,,,,"hand, arm; side; power",(anat.) hand,arm,"power, control",,,n.f.,"hand, arm; side; power | (anat.) hand | arm | power, control"
km),getlex.php?coord=444042006&word=0,adv.,,,,,how much,"how much, how many (interrog)","rhetorical: with an adj. , adv. or verb : how much x ? = so much!","ellipt. : a certain amount, somewhat, a few",,,adv.,"how much | how much, how many (interrog) | rhetorical: with an adj. , adv. or verb : how much x ? = so much! | ellipt. : a certain amount, somewhat, a few"
xbrwhy,getlex.php?coord=444042008&word=8,n.m.,,,,,comrade,"companion, comrade","other one, its fellow",a scholar or student,,,n.m.,"comrade | companion, comrade | other one, its fellow | a scholar or student"
)rykN,getlex.php?coord=444042005&word=11,adj.,,,,,"long, long lasting","long, long lasting",(gram.) conjunctive accent (,see s.v.,,,adj.,"long, long lasting | long, long lasting | (gram.) conjunctive accent ( | see s.v."
wm),getlex.php?coord=444042005&word=10,conj. pron.,,,,,"and, also",what?,what?,(usually) with following adj.: how!,,mh,conj. pron.,"and, also | what? | what? | (usually) with following adj.: how!"
kpyh,getlex.php?coord=444042005&word=9,n.f.,,,,,palm; ladle,"palm, hand","spoon, ladle","sheaf, bundle (i.e., handful)",,,n.f.,"palm; ladle | palm, hand | spoon, ladle | sheaf, bundle (i.e., handful)"
y)yN,getlex.php?coord=444042005&word=8,adj.,,,,,beautiful,"beautiful, handsome","suited, fitting",,,,adj.,"beautiful | beautiful, handsome | suited, fitting"
)cb(t,getlex.php?coord=444042005&word=14,n.m.,,,,,finger,finger,toe,,,,n.m.,finger | finger | toe
kwl,getlex.php?coord=444042005&word=13,n.(pr.),,,,,"all, every",alone preceding a noun (technically the construct state!) :,as a postpositive with resumptive pronominal suffixes,emphatic state :,,,n.(pr.),"all, every | alone preceding a noun (technically the construct state!) : | as a postpositive with resumptive pronominal suffixes | emphatic state :"
wqTynN,getlex.php?coord=444042005&word=12,conj. adj.,,,,,"and, also","fine, narrow, thin",narrow,small,,qṭyn,conj. adj.,"and, also | fine, narrow, thin | narrow | small"
yd?y?h),getlex.php?coord=444042005&word=6,n.f.,,,,,"hand, arm; side; power",(anat.) hand,arm,"power, control",,,n.f.,"hand, arm; side; power | (anat.) hand | arm | power, control"
mxzh,getlex.php?coord=444042005&word=5,n.m.,,,,,sight,"sight, seeing",mirror,appearance,,,n.m.,"sight | sight, seeing | mirror | appearance"
kwl,getlex.php?coord=444042005&word=4,n.(pr.),,,,,"all, every",alone preceding a noun (technically the construct state!) :,as a postpositive with resumptive pronominal suffixes,emphatic state :,,,n.(pr.),"all, every | alone preceding a noun (technically the construct state!) : | as a postpositive with resumptive pronominal suffixes | emphatic state :"
/wxmyd#2#/,getlex.php?coord=444042005&word=3,conj. vb. e/a G D C Gt,,,,,"and, also",to desire,to desire,"to desire strongly, covet",,ḥmd,conj. vb. e/a G D C Gt,"and, also | to desire | to desire | to desire strongly, covet"
"[,,,]",getlex.php?coord=444042005&word=2,,,,,,,,,,,,,
km),getlex.php?coord=444042005&word=7,adv.,,,,,how much,"how much, how many (interrog)","rhetorical: with an adj. , adv. or verb : how much x ? = so much!","ellipt. : a certain amount, somewhat, a few",,,adv.,"how much | how much, how many (interrog) | rhetorical: with an adj. , adv. or verb : how much x ? = so much! | ellipt. : a certain amount, somewhat, a few"
km),getlex.php?coord=444042004&word=16,adv.,,,,,how much,"how much, how many (interrog)","rhetorical: with an adj. , adv. or verb : how much x ? = so much!","ellipt. : a certain amount, somewhat, a few",,,adv.,"how much | how much, how many (interrog) | rhetorical: with an adj. , adv. or verb : how much x ? = so much! | ellipt. : a certain amount, somewhat, a few"
$pyrN,getlex.php?coord=444042004&word=14,adj.,,,,,beautiful,beautiful,"proper, good, suitable, ok",idioms:,,,adj.,"beautiful | beautiful | proper, good, suitable, ok | idioms:"
wydyh),getlex.php?coord=444042004&word=15,conj. n.f.,,,,,"and, also","hand, arm; side; power",(anat.) hand,arm,,"yd, ˀydˀ",conj. n.f.,"and, also | hand, arm; side; power | (anat.) hand | arm"
dr(yh),getlex.php?coord=444042004&word=12,n.m./f.,,,,,arm,(anat.) arm and/or forearm,"(of an animal): fore-quarter, front leg",,,,n.m./f.,"arm | (anat.) arm and/or forearm | (of an animal): fore-quarter, front leg"
m),getlex.php?coord=444042004&word=13,pron.,,,,,what?,what?,(usually) with following adj.: how!,"what, that which (indef./rel. pron.)",,,pron.,"what? | what? | (usually) with following adj.: how! | what, that which (indef./rel. pron.)"
$prh),getlex.php?coord=444042007&word=4,n.m./f.,,,,,beauty; best part,beauty,"best part, choicest",,,,n.m./f.,"beauty; best part | beauty | best part, choicest"
k?lylN,getlex.php?coord=444042005&word=0,,,,,,,,,,,,,
\wm?)?,getlex.php?coord=444042005&word=1,conj. pron.,,,,,"and, also",what?,what?,(usually) with following adj.: how!,,mh,conj. pron.,"and, also | what? | what? | (usually) with following adj.: how!"
mN,getlex.php?coord=444042007&word=6,prep.,,,,,from,from,partitive,indicating the agent of a passive,,,prep.,from | from | partitive | indicating the agent of a passive
y$prN,getlex.php?coord=444042006&word=14,vb. a/a G D C Dt,,,,,"to be beautiful, pleasing","to be beautiful, pleasing","to be proper, fitting",to make pleasing,,,vb. a/a G D C Dt,"to be beautiful, pleasing | to be beautiful, pleasing | to be proper, fitting | to make pleasing"
mnh),getlex.php?coord=444042006&word=15,prep.,,,,,from,from,partitive,indicating the agent of a passive,,,prep.,from | from | partitive | indicating the agent of a passive
lbnh),getlex.php?coord=444042004&word=11,n.m.,,,,,"white colored stuff,  storax",whiteness,storax (wood),,,,n.m.,"white colored stuff,  storax | whiteness | storax (wood)"
kwl,getlex.php?coord=444042004&word=10,n.(pr.),,,,,"all, every",alone preceding a noun (technically the construct state!) :,as a postpositive with resumptive pronominal suffixes,emphatic state :,,,n.(pr.),"all, every | alone preceding a noun (technically the construct state!) : | as a postpositive with resumptive pronominal suffixes | emphatic state :"
$pyr,getlex.php?coord=444042004&word=8,adj.,,,,,beautiful,beautiful,"proper, good, suitable, ok",idioms:,,,adj.,"beautiful | beautiful | proper, good, suitable, ok | idioms:"
wkm),getlex.php?coord=444042004&word=7,conj. adv.,,,,,"and, also",how much,"how much, how many (interrog)","rhetorical: with an adj. , adv. or verb : how much x ? = so much!",,kmh,conj. adv.,"and, also | how much | how much, how many (interrog) | rhetorical: with an adj. , adv. or verb : how much x ? = so much!"
xdyh,getlex.php?coord=444042004&word=6,n.m.,,,,,breast,"(anat.) breast, chest",pl. : teats (a euphemism?),bḥdyˀ,,,n.m.,"breast | (anat.) breast, chest | pl. : teats (a euphemism?) | bḥdyˀ"
lh,getlex.php?coord=444042004&word=5,,,,,,,,,,,,,
lh,getlex.php?coord=444042004&word=9,,,,,,,,,,,,,
y)),getlex.php?coord=444042004&word=4,adj.,,,,,beautiful,"beautiful, handsome","suited, fitting",,,,adj.,"beautiful | beautiful, handsome | suited, fitting"
"[,,,]",getlex.php?coord=444042004&word=2,,,,,,,,,,,,,
)?npyh?),getlex.php?coord=444042004&word=0,n.m./f.pl.,,,,,face; surface,face,"(of ground, water) surface","way, manner, feature",,,n.m./f.pl.,"face; surface | face | (of ground, water) surface | way, manner, feature"
km),getlex.php?coord=444042004&word=3,adv.,,,,,how much,"how much, how many (interrog)","rhetorical: with an adj. , adv. or verb : how much x ? = so much!","ellipt. : a certain amount, somewhat, a few",,,adv.,"how much | how much, how many (interrog) | rhetorical: with an adj. , adv. or verb : how much x ? = so much! | ellipt. : a certain amount, somewhat, a few"
m?)?,getlex.php?coord=444042004&word=1,pron.,,,,,what?,what?,(usually) with following adj.: how!,"what, that which (indef./rel. pron.)",,,pron.,"what? | what? | (usually) with following adj.: how! | what, that which (indef./rel. pron.)"
lhwN,getlex.php?coord=444042003&word=9,,,,,,,,,,,,,
y)yN,getlex.php?coord=444042003&word=8,adj.,,,,,beautiful,"beautiful, handsome","suited, fitting",,,,adj.,"beautiful | beautiful, handsome | suited, fitting"
km),getlex.php?coord=444042003&word=7,adv.,,,,,how much,"how much, how many (interrog)","rhetorical: with an adj. , adv. or verb : how much x ? = so much!","ellipt. : a certain amount, somewhat, a few",,,adv.,"how much | how much, how many (interrog) | rhetorical: with an adj. , adv. or verb : how much x ? = so much! | ellipt. : a certain amount, somewhat, a few"
hw),getlex.php?coord=444042003&word=14,pron.,,,,,he,he,as copula,emphatic enclitic particle focusing on the word it follows,,,pron.,he | he | as copula | emphatic enclitic particle focusing on the word it follows
(ynyh),getlex.php?coord=444042003&word=11,n.f.,,,,,eye; spring,(anat.) eye,"spring, fountain","that which is seen, appearance, aspect",,,n.f.,"eye; spring | (anat.) eye | spring, fountain | that which is seen, appearance, aspect"
rgg,getlex.php?coord=444042003&word=13,adj.,,,,,"desirable, lovely","desirable, lovely",,,,,adj.,"desirable, lovely | desirable, lovely"
wm),getlex.php?coord=444042003&word=12,conj. pron.,,,,,"and, also",what?,what?,(usually) with following adj.: how!,,mh,conj. pron.,"and, also | what? | what? | (usually) with following adj.: how!"
lh,getlex.php?coord=444042003&word=10,,,,,,,,,,,,,
nC,getlex.php?coord=444042003&word=18,n.m.,,,,,blossom,(bot.) blossom,fig. : beautiful shine,,,,n.m.,blossom | (bot.) blossom | fig. : beautiful shine
lh,getlex.php?coord=444042003&word=15,,,,,,,,,,,,,
$(r,getlex.php?coord=444042003&word=5,n.m.,,,,,hair,hair,(bot.) ܣܥܪ ܓܒܪ̈ܐ : maidenhair (plant),,,,n.m.,hair | hair | (bot.) ܣܥܪ ܓܒܪ̈ܐ : maidenhair (plant)
lh,getlex.php?coord=444042003&word=4,,,,,,,,,,,,,
rqyq#2#/,getlex.php?coord=444042003&word=3,adj.,,,,,thin,thin,,,,,adj.,thin | thin
r)y$h,getlex.php?coord=444042003&word=6,n.m.,,,,,head; top; chief,(anat.) head,top,"beginning, origin, source",,,n.m.,"head; top; chief | (anat.) head | top | beginning, origin, source"
wkm),getlex.php?coord=444042003&word=2,conj. adv.,,,,,"and, also",how much,"how much, how many (interrog)","rhetorical: with an adj. , adv. or verb : how much x ? = so much!",,kmh,conj. adv.,"and, also | how much | how much, how many (interrog) | rhetorical: with an adj. , adv. or verb : how much x ? = so much!"
clM,getlex.php?coord=444042002&word=6,n.m.,,,,,image,image (physical),idol,(astron.) constellation,,,n.m.,image | image (physical) | idol | (astron.) constellation
)npyh),getlex.php?coord=444042002&word=7,n.m./f.pl.,,,,,face; surface,face,"(of ground, water) surface","way, manner, feature",,,n.m./f.pl.,"face; surface | face | (of ground, water) surface | way, manner, feature"
/[n](yM,getlex.php?coord=444042003&word=1,adj.,,,,,pleasant,pleasant,,,,,adj.,pleasant | pleasant
"\[,,,,,]",getlex.php?coord=444042003&word=0,,,,,,,,,,,,,
wkm),getlex.php?coord=444042002&word=8,conj. adv.,,,,,"and, also",how much,"how much, how many (interrog)","rhetorical: with an adj. , adv. or verb : how much x ? = so much!",,kmh,conj. adv.,"and, also | how much | how much, how many (interrog) | rhetorical: with an adj. , adv. or verb : how much x ? = so much!"
",,,]",getlex.php?coord=444042002&word=1,,,,,,,,,,,,,
"[,,]l[",getlex.php?coord=444042002&word=0,,,,,,,,,,,,,
km?h?,getlex.php?coord=444042002&word=2,adv.,,,,,how much,"how much, how many (interrog)","rhetorical: with an adj. , adv. or verb : how much x ? = so much!","ellipt. : a certain amount, somewhat, a few",,,adv.,"how much | how much, how many (interrog) | rhetorical: with an adj. , adv. or verb : how much x ? = so much! | ellipt. : a certain amount, somewhat, a few"
"[,,,",getlex.php?coord=444042001&word=0,,,,,,,,,,,,,
",])[,",getlex.php?coord=444042001&word=1,,,,,,,,,,,,,
",,,",getlex.php?coord=444042001&word=2,,,,,,,,,,,,,
lh,getlex.php?coord=444042002&word=5,,,,,,,,,,,,,
$?l?M?,getlex.php?coord=444042002&word=3,adj.,,,,,whole,whole,"fitting, conforming",at peace,,,adj.,"whole | whole | fitting, conforming | at peace"
l),getlex.php?coord=444042113&word=12,adv.,,,,,"no, not",no! (as interj.),not (preceding and negating a predicate),"compounded with adjectives, nouns, abstracts, and adverbs  ='un-', 'non', 'in-'",,,adv.,"no, not | no! (as interj.) | not (preceding and negating a predicate) | compounded with adjectives, nouns, abstracts, and adverbs  ='un-', 'non', 'in-'"
lmmnyh,getlex.php?coord=444042113&word=9,vb. G D C Gt Dt,,,,,"to count, to number","to count, to number","to count as, to reckon as","to recite, chant",,,vb. G D C Gt Dt,"to count, to number | to count, to number | to count as, to reckon as | to recite, chant"
w)P,getlex.php?coord=444042113&word=10,conj. conj.,,,,,"and, also","also, even","also, even",in expressions,,"ˀp, ˀwp",conj. conj.,"and, also | also, even | also, even | in expressions"
zr(K,getlex.php?coord=444042113&word=11,n.m.,,,,,seed,seed,sowing,"offspring, family",,,n.m.,"seed | seed | sowing | offspring, family"
ytmnh,getlex.php?coord=444042113&word=13,vb. G D C Gt Dt,,,,,"to count, to number","to count, to number","to count as, to reckon as","to recite, chant",,,vb. G D C Gt Dt,"to count, to number | to count, to number | to count as, to reckon as | to recite, chant"
qwM,getlex.php?coord=444042113&word=14,"vb. a/u G D C Dt Ct polel, pay/w c el ethpolal, ethpay/w c el",,,,,to rise; to stand; to last,to rise,"to stand, to be raised up","to stand still, to stop",,,"vb. a/u G D C Dt Ct polel, pay/w c el ethpolal, ethpay/w c el","to rise; to stand; to last | to rise | to stand, to be raised up | to stand still, to stop"
dy,getlex.php?coord=444042113&word=4,,,,,,,,,,,,,
zr(K,getlex.php?coord=444042113&word=1,n.m.,,,,,seed,seed,sowing,"offspring, family",,,n.m.,"seed | seed | sowing | offspring, family"
)r(),getlex.php?coord=444042113&word=3,n.f.,,,,,ground; land; Earth,ground,"land, country",the Earth,,,n.f.,"ground; land; Earth | ground | land, country | the Earth"
br )nw$,getlex.php?coord=444042113&word=8,n.m.,,,,,"human, person","human, person","personhood, inner person",,,,n.m.,"human, person | human, person | personhood, inner person"
k(pr,getlex.php?coord=444042113&word=2,prep. n.m.,,,,,like,"like, according to",about (with numeral),conj.,,"ˁpr, ˁprˀ",prep. n.m.,"like | like, according to | about (with numeral) | conj."
y$kx,getlex.php?coord=444042113&word=6,vb. a/a G C Gt Ct,,,,,to find; to be capable,to find,"w. infinitive : to be able to, capable of","impersonal ܡܸܫܟܲܚ܂ ܡܸܫܟܚܵܐ : it may well be, it is possible",,,vb. a/a G C Gt Ct,"to find; to be capable | to find | w. infinitive : to be able to, capable of | impersonal ܡܸܫܟܲܚ܂ ܡܸܫܟܚܵܐ : it may well be, it is possible"
l),getlex.php?coord=444042113&word=5,adv.,,,,,"no, not",no! (as interj.),not (preceding and negating a predicate),"compounded with adjectives, nouns, abstracts, and adverbs  ='un-', 'non', 'in-'",,,adv.,"no, not | no! (as interj.) | not (preceding and negating a predicate) | compounded with adjectives, nouns, abstracts, and adverbs  ='un-', 'non', 'in-'"
kwl,getlex.php?coord=444042113&word=7,n.(pr.),,,,,"all, every",alone preceding a noun (technically the construct state!) :,as a postpositive with resumptive pronominal suffixes,emphatic state :,,,n.(pr.),"all, every | alone preceding a noun (technically the construct state!) : | as a postpositive with resumptive pronominal suffixes | emphatic state :"
)nph),getlex.php?coord=444042003&word=16,n.m.,,,,,nose,(anat.) nose,anger (Hebraism),pl. : face :,,,n.m.,nose | (anat.) nose | anger (Hebraism) | pl. : face :
wkwl,getlex.php?coord=444042003&word=17,conj. n.(pr.),,,,,"and, also","all, every",alone preceding a noun (technically the construct state!) :,as a postpositive with resumptive pronominal suffixes,,"kl, klˀ",conj. n.(pr.),"and, also | all, every | alone preceding a noun (technically the construct state!) : | as a postpositive with resumptive pronominal suffixes"
lkwl,getlex.php?coord=444042112&word=15,n.(pr.),,,,,"all, every",alone preceding a noun (technically the construct state!) :,as a postpositive with resumptive pronominal suffixes,emphatic state :,,,n.(pr.),"all, every | alone preceding a noun (technically the construct state!) : | as a postpositive with resumptive pronominal suffixes | emphatic state :"
)r(),getlex.php?coord=444042112&word=12,n.f.,,,,,ground; land; Earth,ground,"land, country",the Earth,,,n.f.,"ground; land; Earth | ground | land, country | the Earth"
d),getlex.php?coord=444042112&word=13,pron.,,,,,this (f.),this (f.),,,,,pron.,this (f.) | this (f.)
kwl,getlex.php?coord=444042112&word=11,n.(pr.),,,,,"all, every",alone preceding a noun (technically the construct state!) :,as a postpositive with resumptive pronominal suffixes,emphatic state :,,,n.(pr.),"all, every | alone preceding a noun (technically the construct state!) : | as a postpositive with resumptive pronominal suffixes | emphatic state :"
(lmyM,getlex.php?coord=444042112&word=16,n.m.,,,,,eternity; world,eternity (usually as a,nomen rectum,),,,n.m.,eternity; world | eternity (usually as a | nomen rectum | )
wyrtwnh,getlex.php?coord=444042112&word=14,conj. vb. i/a G C Gt,,,,,"and, also",to inherit,to inherit,to take possession,,yrt,conj. vb. i/a G C Gt,"and, also | to inherit | to inherit | to take possession"
w)$gh,getlex.php?coord=444042113&word=0,conj. vb. i(a)/e G D C Gt Ct,,,,,"and, also",to be many,to be(come) many,to grow,,sgy,conj. vb. i(a)/e G D C Gt Ct,"and, also | to be many | to be(come) many | to grow"
ly,getlex.php?coord=444042112&word=8,,,,,,,,,,,,,
)ntN,getlex.php?coord=444042112&word=10,vb. a/e G Gt,,,,,to give; make into,to give,b_,":  to sell for, exchange for",,,vb. a/e G Gt,"to give; make into | to give | b_ | :  to sell for, exchange for"
lzr(K,getlex.php?coord=444042112&word=9,n.m.,,,,,seed,seed,sowing,"offspring, family",,,n.m.,"seed | seed | sowing | offspring, family"
(d,getlex.php?coord=444042112&word=5,prep.,,,,,until,"until, as far as",as conj.:,see s.v.,,,prep.,"until | until, as far as | as conj.: | see s.v."
w)mr,getlex.php?coord=444042112&word=7,conj. vb. a/a G Gt,,,,,"and, also",to say,to say,to command,,ˀmr,conj. vb. a/a G Gt,"and, also | to say | to say | to command"
pwrt,getlex.php?coord=444042112&word=6,n.m.,,,,,The Euphrates,The Euphrates,fig. : source,,,,n.m.,The Euphrates | The Euphrates | fig. : source
qd$,getlex.php?coord=444042111&word=17,,,,,,,,,,,,,
dy,getlex.php?coord=444042112&word=1,,,,,,,,,,,,,
mdnx,getlex.php?coord=444042112&word=2,n.m./f.,,,,,east,east,rising of the sun,birth horoscope/sign,,,n.m./f.,east | east | rising of the sun | birth horoscope/sign
(d,getlex.php?coord=444042111&word=16,prep.,,,,,until,"until, as far as",as conj.:,see s.v.,,,prep.,"until | until, as far as | as conj.: | see s.v."
w$pyr?,getlex.php?coord=444042002&word=4,conj. adj.,,,,,"and, also",beautiful,beautiful,"proper, good, suitable, ok",,špyr,conj. adj.,"and, also | beautiful | beautiful | proper, good, suitable, ok"
rb),getlex.php?coord=444042112&word=0,adj.,,,,,"great, big",large,"great, of major significance",(of age) : older,,,adj.,"great, big | large | great, of major significance | (of age) : older"
mdbr),getlex.php?coord=444042111&word=19,n.m.,,,,,desert,desert,high desert scrubland for pasturing,,,,n.m.,desert | desert | high desert scrubland for pasturing
wkwl,getlex.php?coord=444042111&word=18,conj. n.(pr.),,,,,"and, also","all, every",alone preceding a noun (technically the construct state!) :,as a postpositive with resumptive pronominal suffixes,,"kl, klˀ",conj. n.(pr.),"and, also | all, every | alone preceding a noun (technically the construct state!) : | as a postpositive with resumptive pronominal suffixes"
w$nyr,getlex.php?coord=444042112&word=4,conj.,,,,,"and, also",,,,,,conj.,"and, also"
)r(,getlex.php?coord=444042111&word=14,n.f.,,,,,ground; land; Earth,ground,"land, country",the Earth,,,n.f.,"ground; land; Earth | ground | land, country | the Earth"
(d,getlex.php?coord=444042111&word=11,prep.,,,,,until,"until, as far as",as conj.:,see s.v.,,,prep.,"until | until, as far as | as conj.: | see s.v."
wkwl,getlex.php?coord=444042111&word=13,conj. n.(pr.),,,,,"and, also","all, every",alone preceding a noun (technically the construct state!) :,as a postpositive with resumptive pronominal suffixes,,"kl, klˀ",conj. n.(pr.),"and, also | all, every | alone preceding a noun (technically the construct state!) : | as a postpositive with resumptive pronominal suffixes"
gbl,getlex.php?coord=444042111&word=15,,,,,,,,,,,,,
xwrN,getlex.php?coord=444042111&word=12,,,,,,,,,,,,,
nhr,getlex.php?coord=444042111&word=3,n.m.,,,,,river,"river, canal",figurative usages:,,,,n.m.,"river | river, canal | figurative usages:"
wmN,getlex.php?coord=444042111&word=8,conj. prep.,,,,,"and, also",from,from,partitive,,mn,conj. prep.,"and, also | from | from | partitive"
mcryN,getlex.php?coord=444042111&word=4,,,,,,,,,,,,,
lbnN,getlex.php?coord=444042111&word=6,,,,,,,,,,,,,
w$nyr,getlex.php?coord=444042111&word=7,conj.,,,,,"and, also",,,,,,conj.,"and, also"
(d,getlex.php?coord=444042111&word=5,prep.,,,,,until,"until, as far as",as conj.:,see s.v.,,,prep.,"until | until, as far as | as conj.: | see s.v."
ym),getlex.php?coord=444042111&word=9,n.m.,,,,,sea,sea,lake,,,,n.m.,sea | sea | lake
)r(),getlex.php?coord=444042110&word=14,n.f.,,,,,ground; land; Earth,ground,"land, country",the Earth,,,n.f.,"ground; land; Earth | ground | land, country | the Earth"
lrmt xcwr,getlex.php?coord=444042110&word=12,,,,,,,,,,,,,
wxzyt,getlex.php?coord=444042110&word=13,"conj. vb. G D C Gt Ct ethpolal, ethpay/w c el",,,,,"and, also",to see,to see,(,,ḥzy,"conj. vb. G D C Gt Ct ethpolal, ethpay/w c el","and, also | to see | to see | ("
mN,getlex.php?coord=444042110&word=15,prep.,,,,,from,from,partitive,indicating the agent of a passive,,,prep.,from | from | partitive | indicating the agent of a passive
rmt),getlex.php?coord=444042111&word=0,n.f.,,,,,hill,"hill, mountain","pool, pond",,,,n.f.,"hill | hill, mountain | pool, pond"
mN,getlex.php?coord=444042111&word=2,prep.,,,,,from,from,partitive,indicating the agent of a passive,,,prep.,from | from | partitive | indicating the agent of a passive
d),getlex.php?coord=444042111&word=1,pron.,,,,,this (f.),this (f.),,,,,pron.,this (f.) | this (f.)
lkwl,getlex.php?coord=444042110&word=7,n.(pr.),,,,,"all, every",alone preceding a noun (technically the construct state!) :,as a postpositive with resumptive pronominal suffixes,emphatic state :,,,n.(pr.),"all, every | alone preceding a noun (technically the construct state!) : | as a postpositive with resumptive pronominal suffixes | emphatic state :"
wlzr(K,getlex.php?coord=444042110&word=6,conj. n.m.,,,,,"and, also",seed,seed,sowing,,"zrˁ, zrˁˀ",conj. n.m.,"and, also | seed | seed | sowing"
lK,getlex.php?coord=444042110&word=5,,,,,,,,,,,,,
lmxrty,getlex.php?coord=444042110&word=10,adv.,,,,,on the next day,on the next day,,,,,adv.,on the next day | on the next day
kN,getlex.php?coord=444042110&word=11,,,,,,,,,,,,,
(lmyM,getlex.php?coord=444042110&word=8,n.m.,,,,,eternity; world,eternity (usually as a,nomen rectum,),,,n.m.,eternity; world | eternity (usually as a | nomen rectum | )
yhb,getlex.php?coord=444042110&word=4,vb. a/a G C Gt,,,,,to give,to give,to place,"to permit, allow",,,vb. a/a G C Gt,"to give | to give | to place | to permit, allow"
wslqt,getlex.php?coord=444042110&word=9,conj. vb. e/a(u) G D C Dt Ct,,,,,"and, also",to go up,to go up,to result,,slq,conj. vb. e/a(u) G D C Dt Ct,"and, also | to go up | to go up | to result"
dy,getlex.php?coord=444042110&word=2,,,,,,,,,,,,,
kwl,getlex.php?coord=444042109&word=13,n.(pr.),,,,,"all, every",alone preceding a noun (technically the construct state!) :,as a postpositive with resumptive pronominal suffixes,emphatic state :,,,n.(pr.),"all, every | alone preceding a noun (technically the construct state!) : | as a postpositive with resumptive pronominal suffixes | emphatic state :"
d),getlex.php?coord=444042110&word=1,pron.,,,,,this (f.),this (f.),,,,,pron.,this (f.) | this (f.)
)r(),getlex.php?coord=444042110&word=0,n.f.,,,,,ground; land; Earth,ground,"land, country",the Earth,,,n.f.,"ground; land; Earth | ground | land, country | the Earth"
wxzy,getlex.php?coord=444042109&word=12,"conj. vb. G D C Gt Ct ethpolal, ethpay/w c el",,,,,"and, also",to see,to see,(,,ḥzy,"conj. vb. G D C Gt Ct ethpolal, ethpay/w c el","and, also | to see | to see | ("
)nh,getlex.php?coord=444042110&word=3,pron.,,,,,I,I,as enclitic subject marker with participles/adjectives,(philos.) Ego,,,pron.,I | I | as enclitic subject marker with participles/adjectives | (philos.) Ego
xwrN,getlex.php?coord=444042112&word=3,,,,,,,,,,,,,
w$qwl,getlex.php?coord=444042109&word=5,conj. vb. a/u G D C Gt Dt quad,,,,,"and, also","to lift, take away, accept",to lift,"to take away, remove",,šql,conj. vb. a/u G D C Gt Dt quad,"and, also | to lift, take away, accept | to lift | to take away, remove"
wxzy,getlex.php?coord=444042109&word=7,"conj. vb. G D C Gt Ct ethpolal, ethpay/w c el",,,,,"and, also",to see,to see,(,,ḥzy,"conj. vb. G D C Gt Ct ethpolal, ethpay/w c el","and, also | to see | to see | ("
wldrwm),getlex.php?coord=444042109&word=10,conj. n.m.,,,,,"and, also",south,south,,,"drwm, drwmˀ",conj. n.m.,"and, also | south | south"
ytb,getlex.php?coord=444042109&word=4,vb. i/i G D C Dt Ct,,,,,"to sit ; to dwell; to stay, remain",to sit,to dwell,to settle down,,,vb. i/i G D C Dt Ct,"to sit ; to dwell; to stay, remain | to sit | to dwell | to settle down"
lmdnx),getlex.php?coord=444042109&word=8,n.m./f.,,,,,east,east,rising of the sun,birth horoscope/sign,,,n.m./f.,east | east | rising of the sun | birth horoscope/sign
(ynyK,getlex.php?coord=444042109&word=6,n.f.,,,,,eye; spring,(anat.) eye,"spring, fountain","that which is seen, appearance, aspect",,,n.f.,"eye; spring | (anat.) eye | spring, fountain | that which is seen, appearance, aspect"
wlm(rb),getlex.php?coord=444042109&word=9,conj. n.m./f.,,,,,"and, also",west; sunset,west,setting (of the sun),,"mˁrb, mˁrbˀ",conj. n.m./f.,"and, also | west; sunset | west | setting (of the sun)"
wlcpwn),getlex.php?coord=444042109&word=11,conj. n.m.,,,,,"and, also",north,north,the divinity (Baal of the) North,,"ṣpwn, ṣpwnˀ",conj. n.m.,"and, also | north | north | the divinity (Baal of the) North"
dy,getlex.php?coord=444042109&word=2,,,,,,,,,,,,,
(l,getlex.php?coord=444042108&word=13,prep.,,,,,upon; against; to,"upon, over, on to","against, over against","toward, to",,,prep.,"upon; against; to | upon, over, on to | against, over against | toward, to"
)tr,getlex.php?coord=444042109&word=1,n.m.,,,,,place,place,The sacred Place,trace,,,n.m.,place | place | The sacred Place | trace
dy,getlex.php?coord=444042108&word=12,,,,,,,,,,,,,
)nth,getlex.php?coord=444042109&word=3,pron.,,,,,you (m.),you (m.),,,,,pron.,you (m.) | you (m.)
$m)l,getlex.php?coord=444042108&word=14,n.m.,,,,,left hand,left hand,"adj. : left, left side",north,,,n.m.,"left hand | left hand | adj. : left, left side | north"
byt)l,getlex.php?coord=444042109&word=0,,,,,,,,,,,,,
rb),getlex.php?coord=444042111&word=10,adj.,,,,,"great, big",large,"great, of major significance",(of age) : older,,,adj.,"great, big | large | great, of major significance | (of age) : older"
slq,getlex.php?coord=444042108&word=9,vb. e/a(u) G D C Dt Ct,,,,,to go up,to go up,to result,to travel,,,vb. e/a(u) G D C Dt Ct,to go up | to go up | to result | to travel
lK,getlex.php?coord=444042108&word=10,,,,,,,,,,,,,
lrmt xcwr,getlex.php?coord=444042108&word=11,,,,,,,,,,,,,
br,getlex.php?coord=444042107&word=13,n.m.,,,,,son,"son, child",member of the same cohort (,see also 'compounds' 3.2),,,n.m.,"son | son, child | member of the same cohort ( | see also 'compounds' 3.2)"
ly,getlex.php?coord=444042108&word=2,,,,,,,,,,,,,
###,getlex.php?coord=444042107&word=16,,,,,,,,,,,,,
mN lw)ty,getlex.php?coord=444042107&word=15,prep.,,,,,from the presence of,"away from, from the presence of",,,,,prep.,"from the presence of | away from, from the presence of"
###,getlex.php?coord=444042108&word=0,,,,,,,,,,,,,
)lh),getlex.php?coord=444042108&word=3,n.m.,,,,,god,"god, God",,,,,n.m.,"god | god, God"
w)txzy,getlex.php?coord=444042108&word=1,"conj. vb. G D C Gt Ct ethpolal, ethpay/w c el",,,,,"and, also",to see,to see,(,,ḥzy,"conj. vb. G D C Gt Ct ethpolal, ethpay/w c el","and, also | to see | to see | ("
)xy,getlex.php?coord=444042107&word=14,n.m.,,,,,brother,brother,"kinsman, comrade",,,,n.m.,"brother | brother | kinsman, comrade"
dy,getlex.php?coord=444042108&word=5,,,,,,,,,,,,,
ly,getlex.php?coord=444042108&word=8,,,,,,,,,,,,,
w)mr,getlex.php?coord=444042108&word=7,conj. vb. a/a G Gt,,,,,"and, also",to say,to say,to command,,ˀmr,conj. vb. a/a G Gt,"and, also | to say | to say | to command"
lwT,getlex.php?coord=444042107&word=12,,,,,,,,,,,,,
pr$,getlex.php?coord=444042107&word=11,vb. a/u G D C Gt Dt Ct,,,,,"to separate, distinguish",to separate,to be(come) separated,to depart,,,vb. a/u G D C Gt Dt Ct,"to separate, distinguish | to separate | to be(come) separated | to depart"
(ly,getlex.php?coord=444042107&word=9,prep.,,,,,upon; against; to,"upon, over, on to","against, over against","toward, to",,,prep.,"upon; against; to | upon, over, on to | against, over against | toward, to"
dy,getlex.php?coord=444042107&word=10,,,,,,,,,,,,,
hwyt,getlex.php?coord=444042107&word=3,vb. G C Gt Ct,,,,,"to be, to become",to be,"to endure, to exist","to come to pass, to happen",,,vb. G C Gt Ct,"to be, to become | to be | to endure, to exist | to come to pass, to happen"
wb)$,getlex.php?coord=444042107&word=8,conj. vb. e/a G C Gt,,,,,"and, also","to be bad, to be displeasing",to be bad,to be sick,,bˀš,conj. vb. e/a G C Gt,"and, also | to be bad, to be displeasing | to be bad | to be sick"
w)nh,getlex.php?coord=444042107&word=2,conj. pron.,,,,,"and, also",I,I,as enclitic subject marker with participles/adjectives,,ˀnh,conj. pron.,"and, also | I | I | as enclitic subject marker with participles/adjectives"
byt )l,getlex.php?coord=444042107&word=7,,,,,,,,,,,,,
dy,getlex.php?coord=444042107&word=6,,,,,,,,,,,,,
bTwr),getlex.php?coord=444042107&word=5,prep. n.m.,,,,,"in, with",in,with (instrumental),among,,"ṭwr, ṭwrˀ",prep. n.m.,"in, with | in | with (instrumental) | among"
wytb,getlex.php?coord=444042107&word=0,conj. vb. i/i G D C Dt Ct,,,,,"and, also","to sit ; to dwell; to stay, remain",to sit,to dwell,,ytb,conj. vb. i/i G D C Dt Ct,"and, also | to sit ; to dwell; to stay, remain | to sit | to dwell"
ytb,getlex.php?coord=444042107&word=4,vb. i/i G D C Dt Ct,,,,,"to sit ; to dwell; to stay, remain",to sit,to dwell,to settle down,,,vb. i/i G D C Dt Ct,"to sit ; to dwell; to stay, remain | to sit | to dwell | to settle down"
lh,getlex.php?coord=444042106&word=15,,,,,,,,,,,,,
wzbN,getlex.php?coord=444042106&word=14,conj. vb. a/e(u) G D C Gt Dt,,,,,"and, also",to buy; D to sell,to buy,to sell (,,zbn,conj. vb. a/e(u) G D C Gt Dt,"and, also | to buy; D to sell | to buy | to sell ("
bh,getlex.php?coord=444042107&word=1,prep.,,,,,"in, with",in,with (instrumental),among,,,prep.,"in, with | in | with (instrumental) | among"
bswdM,getlex.php?coord=444042106&word=16,prep.,,,,,"in, with",in,with (instrumental),among,,,prep.,"in, with | in | with (instrumental) | among"
by,getlex.php?coord=444042106&word=17,n.m./f.,,,,,house; structure; place,house: a building for dwelling,a structure,"place, area, home",,,n.m./f.,"house; structure; place | house: a building for dwelling | a structure | place, area, home"
swdM,getlex.php?coord=444042106&word=13,,,,,,,,,,,,,
(d,getlex.php?coord=444042106&word=12,prep.,,,,,until,"until, as far as",as conj.:,see s.v.,,,prep.,"until | until, as far as | as conj.: | see s.v."
whw),getlex.php?coord=444042106&word=8,conj. vb. G C Gt Ct,,,,,"and, also","to be, to become",to be,"to endure, to exist",,hwy,conj. vb. G C Gt Ct,"and, also | to be, to become | to be | to endure, to exist"
$gy,getlex.php?coord=444042106&word=7,adj./adv.,,,,,"many, much","many, much","enough, too much",(gram.) pl.:,,,adj./adv.,"many, much | many, much | enough, too much | (gram.) pl.:"
nkswhy,getlex.php?coord=444042106&word=10,n.m.pl.,,,,,"property, wealth","property, wealth",,,,,n.m.pl.,"property, wealth | property, wealth"
r(h,getlex.php?coord=444042106&word=9,vb. G C Gt,,,,,"to feed, to graze","to feed, to graze",to tend flocks,"metaph.: to govern, to be in charge",,,vb. G C Gt,"to feed, to graze | to feed, to graze | to tend flocks | metaph.: to govern, to be in charge"
wdbq,getlex.php?coord=444042106&word=11,conj. vb. e(a)/a(u) G D C Gt Dt,,,,,"and, also","to stick to, to adhere",(usually w.,b_,,dbq,conj. vb. e(a)/a(u) G D C Gt Dt,"and, also | to stick to, to adhere | (usually w. | b_"
lh,getlex.php?coord=444042106&word=4,,,,,,,,,,,,,
)wspt,getlex.php?coord=444042106&word=3,vb. C Ct,,,,,C to add,to add,"to increase, to do more",equivalent of Gk. προς,,,vb. C Ct,"C to add | to add | to increase, to do more | equivalent of Gk. προς"
)nh,getlex.php?coord=444042106&word=2,pron.,,,,,I,I,as enclitic subject marker with participles/adjectives,(philos.) Ego,,,pron.,I | I | as enclitic subject marker with participles/adjectives | (philos.) Ego
dylh,getlex.php?coord=444042106&word=6,pron.,,,,,(with pronominal suffixes:) independent possessive pronoun,(with pronominal suffixes:) independent possessive pronoun,"as personal emphasis, myself, etc.",,,,pron.,"(with pronominal suffixes:) independent possessive pronoun | (with pronominal suffixes:) independent possessive pronoun | as personal emphasis, myself, etc."
(l,getlex.php?coord=444042106&word=5,prep.,,,,,upon; against; to,"upon, over, on to","against, over against","toward, to",,,prep.,"upon; against; to | upon, over, on to | against, over against | toward, to"
lyly),getlex.php?coord=444042108&word=6,n.m.,,,,,night,night,,,,,n.m.,night | night
bxzw),getlex.php?coord=444042108&word=4,prep. n.m.,,,,,"in, with",in,with (instrumental),among,,"ḥzw, ḥzwˀ",prep. n.m.,"in, with | in | with (instrumental) | among"
lh,getlex.php?coord=444042105&word=11,,,,,,,,,,,,,
bbq(t,getlex.php?coord=444042105&word=12,prep. n.f.,,,,,"in, with",in,with (instrumental),among,,"bqˁh, bqˁtˀ",prep. n.f.,"in, with | in | with (instrumental) | among"
yrdn),getlex.php?coord=444042105&word=13,n.m.,,,,,the Jordan River,the Jordan River,any freely flowing water,,,,n.m.,the Jordan River | the Jordan River | any freely flowing water
wytb,getlex.php?coord=444042105&word=10,conj. vb. i/i G D C Dt Ct,,,,,"and, also","to sit ; to dwell; to stay, remain",to sit,to dwell,,ytb,conj. vb. i/i G D C Dt Ct,"and, also | to sit ; to dwell; to stay, remain | to sit | to dwell"
w)zl,getlex.php?coord=444042105&word=9,"conj. vb. a/i, a/a G Gt",,,,,"and, also",to go,"to go, move along",to go away,,ˀzl,"conj. vb. a/i, a/a G Gt","and, also | to go | to go, move along | to go away"
wkwl,getlex.php?coord=444042105&word=14,conj. n.(pr.),,,,,"and, also","all, every",alone preceding a noun (technically the construct state!) :,as a postpositive with resumptive pronominal suffixes,,"kl, klˀ",conj. n.(pr.),"and, also | all, every | alone preceding a noun (technically the construct state!) : | as a postpositive with resumptive pronominal suffixes"
lwT,getlex.php?coord=444042105&word=4,,,,,,,,,,,,,
mN,getlex.php?coord=444042105&word=6,prep.,,,,,from,from,partitive,indicating the agent of a passive,,,prep.,from | from | partitive | indicating the agent of a passive
pr$,getlex.php?coord=444042105&word=3,vb. a/u G D C Gt Dt Ct,,,,,"to separate, distinguish",to separate,to be(come) separated,to depart,,,vb. a/u G D C Gt Dt Ct,"to separate, distinguish | to separate | to be(come) separated | to depart"
mN lw)ty,getlex.php?coord=444042105&word=5,prep.,,,,,from the presence of,"away from, from the presence of",,,,,prep.,"from the presence of | away from, from the presence of"
r(wtn),getlex.php?coord=444042105&word=8,n.m.,,,,,shepherd,shepherd,,,,,n.m.,shepherd | shepherd
(wbd,getlex.php?coord=444042105&word=7,n.m.,,,,,"act, deed","act, deed","case, happening",legal decision,,,n.m.,"act, deed | act, deed | case, happening | legal decision"
dN,getlex.php?coord=444042105&word=2,pron.,,,,,this one,this one,"as enclitic in interrogative contexts: now, here, then :",see s.v.,,,pron.,"this one | this one | as enclitic in interrogative contexts: now, here, then : | see s.v."
###,getlex.php?coord=444042104&word=3,,,,,,,,,,,,,
btr,getlex.php?coord=444042105&word=0,prep.,,,,,after,after,conj.: after,"w. personal pron. suf. : behind one, backwards (?)",,,prep.,"after | after | conj.: after | w. personal pron. suf. : behind one, backwards (?)"
b$lM,getlex.php?coord=444042104&word=2,prep. n.m.,,,,,"in, with",in,with (instrumental),among,,"šlm, šlmˀ",prep. n.m.,"in, with | in | with (instrumental) | among"
ywm),getlex.php?coord=444042105&word=1,n.m.,,,,,day,day,pl.: time period,"daytime, sun light (",,,n.m.,"day | day | pl.: time period | daytime, sun light ("
ly,getlex.php?coord=444042103&word=11,,,,,,,,,,,,,
wdy,getlex.php?coord=444042103&word=12,conj.,,,,,"and, also",,,,,,conj.,"and, also"
Tb,getlex.php?coord=444042103&word=15,adj.,,,,,good,"good, proper, appropriate","precious, valuable, of worth","(heart, mind) happy, feeling good",,,adj.,"good | good, proper, appropriate | precious, valuable, of worth | (heart, mind) happy, feeling good"
(my,getlex.php?coord=444042103&word=14,prep.,,,,,with,"with, together with",at,"at the time of, during",,,prep.,"with | with, together with | at | at the time of, during"
wdy,getlex.php?coord=444042103&word=16,conj.,,,,,"and, also",,,,,,conj.,"and, also"
)tybny,getlex.php?coord=444042103&word=17,vb. a/u G C Ct palpel ethpalpal,,,,,to return,to return (intransitive),"to change direction, turn away",as co-verb : to do again,,,vb. a/u G C Ct palpel ethpalpal,"to return | to return (intransitive) | to change direction, turn away | as co-verb : to do again"
w)P,getlex.php?coord=444042106&word=1,conj. conj.,,,,,"and, also","also, even","also, even",in expressions,,"ˀp, ˀwp",conj. conj.,"and, also | also, even | also, even | in expressions"
(bd,getlex.php?coord=444042103&word=13,vb. a/e G D C Gt Ct quad,,,,,"to make, act, do",to make,"to do, perform, act in a certain manner","to designate, make into",,,vb. a/e G D C Gt Ct quad,"to make, act, do | to make | to do, perform, act in a certain manner | to designate, make into"
(mh,getlex.php?coord=444042106&word=0,prep.,,,,,with,"with, together with",at,"at the time of, during",,,prep.,"with | with, together with | at | at the time of, during"
nkswhy,getlex.php?coord=444042105&word=15,n.m.pl.,,,,,"property, wealth","property, wealth",,,,,n.m.pl.,"property, wealth | property, wealth"
qwdM,getlex.php?coord=444042103&word=3,prep.,,,,,before,before,as a substantive : front part,,,,prep.,before | before | as a substantive : front part
yhb,getlex.php?coord=444042103&word=10,vb. a/a G C Gt,,,,,to give,to give,to place,"to permit, allow",,,vb. a/a G C Gt,"to give | to give | to place | to permit, allow"
kwl,getlex.php?coord=444042103&word=6,n.(pr.),,,,,"all, every",alone preceding a noun (technically the construct state!) :,as a postpositive with resumptive pronominal suffixes,emphatic state :,,,n.(pr.),"all, every | alone preceding a noun (technically the construct state!) : | as a postpositive with resumptive pronominal suffixes | emphatic state :"
nksy),getlex.php?coord=444042103&word=7,n.m.pl.,,,,,"property, wealth","property, wealth",,,,,n.m.pl.,"property, wealth | property, wealth"
)lh),getlex.php?coord=444042103&word=4,n.m.,,,,,god,"god, God",,,,,n.m.,"god | god, God"
(l,getlex.php?coord=444042103&word=5,prep.,,,,,upon; against; to,"upon, over, on to","against, over against","toward, to",,,prep.,"upon; against; to | upon, over, on to | against, over against | toward, to"
dy,getlex.php?coord=444042103&word=9,,,,,,,,,,,,,
wTbt),getlex.php?coord=444042103&word=8,conj. n.f.,,,,,"and, also","goodness, good thing","goodness, the Good",plural tant. :,,"ṭbh, ṭbtˀ",conj. n.f.,"and, also | goodness, good thing | goodness, the Good | plural tant. :"
w)wdyt,getlex.php?coord=444042103&word=1,conj. vb. C Gt Dt Ct quad T,,,,,"and, also",C to give thanks; to confess,to praise,to confess,,ydy,conj. vb. C Gt Dt Ct quad T,"and, also | C to give thanks; to confess | to praise | to confess"
tmN,getlex.php?coord=444042103&word=2,adv.,,,,,there,there,"in opposition to  ""here"" : Babylonia vs. Eretz-Israel","then (?), there and then (?)",,,adv.,"there | there | in opposition to  ""here"" : Babylonia vs. Eretz-Israel | then (?), there and then (?)"
wbrkt,getlex.php?coord=444042102&word=14,conj. vb. a/a(u) G D C Dt,,,,,"and, also",to bow; D to bless,to bow,(knee) to bend,,brk,conj. vb. a/a(u) G D C Dt,"and, also | to bow; D to bless | to bow | (knee) to bend"
l$M,getlex.php?coord=444042102&word=12,n.m.,,,,,name,name,"fame, reputation",absolute preceding a noun,,,n.m.,"name | name | fame, reputation | absolute preceding a noun"
)?lh),getlex.php?coord=444042103&word=0,n.m.,,,,,god,"god, God",,,,,n.m.,"god | god, God"
)lh),getlex.php?coord=444042102&word=13,n.m.,,,,,god,"god, God",,,,,n.m.,"god | god, God"
d),getlex.php?coord=444042104&word=1,pron.,,,,,this (f.),this (f.),,,,,pron.,this (f.) | this (f.)
l)r(),getlex.php?coord=444042104&word=0,n.f.,,,,,ground; land; Earth,ground,"land, country",the Earth,,,n.f.,"ground; land; Earth | ground | land, country | the Earth"
b$M,getlex.php?coord=444042102&word=8,prep. n.m.,,,,,"in, with",in,with (instrumental),among,,"šm, šmˀ",prep. n.m.,"in, with | in | with (instrumental) | among"
mrh,getlex.php?coord=444042102&word=9,n.m.,,,,,"master, lord",master,owner,title of respect,,,n.m.,"master, lord | master | owner | title of respect"
(lywN,getlex.php?coord=444042102&word=5,n.m.,,,,,most high one,most high one,,,,,n.m.,most high one | most high one
tmN,getlex.php?coord=444042102&word=7,adv.,,,,,there,there,"in opposition to  ""here"" : Babylonia vs. Eretz-Israel","then (?), there and then (?)",,,adv.,"there | there | in opposition to  ""here"" : Babylonia vs. Eretz-Israel | then (?), there and then (?)"
l)l,getlex.php?coord=444042102&word=4,div.,,,,,El,El,,,,,div.,El | El
wqryt,getlex.php?coord=444042102&word=6,conj. vb. G D C Gt,,,,,"and, also",to call,to call,to read,,qry,conj. vb. G D C Gt,"and, also | to call | to call | to read"
whllt,getlex.php?coord=444042102&word=11,conj. vb. D C Dt Ct,,,,,"and, also",D to praise; C to deride,to praise,"to laugh at ܒ, deride, speak derisively of",,hll,conj. vb. D C Dt Ct,"and, also | D to praise; C to deride | to praise | to laugh at ܒ, deride, speak derisively of"
(lmy),getlex.php?coord=444042102&word=10,n.m.,,,,,eternity; world,eternity (usually as a,nomen rectum,),,,n.m.,eternity; world | eternity (usually as a | nomen rectum | )
mdbx),getlex.php?coord=444042101&word=12,n.m.,,,,,altar,altar,"small church, sanctuary [=",byt mdbḥˀ,,,n.m.,"altar | altar | small church, sanctuary [= | byt mdbḥˀ"
wmnxh,getlex.php?coord=444042102&word=3,conj. n.f.,,,,,"and, also",meal offering,meal offering,devotee (?),,"mnḥh, mnḥtˀ",conj. n.f.,"and, also | meal offering | meal offering | devotee (?)"
[w])?qrbt,getlex.php?coord=444042102&word=0,conj. vb. e/u(a) G D C Gt Dt Ct,,,,,"and, also","to approach, to be near","to approach, to be near",to touch,,qrb,conj. vb. e/u(a) G D C Gt Dt Ct,"and, also | to approach, to be near | to approach, to be near | to touch"
wbnyth,getlex.php?coord=444042101&word=13,conj. vb. G D Gt Dt,,,,,"and, also",to build,to build,fig. : to construct a logical argument,,bny,conj. vb. G D Gt Dt,"and, also | to build | to build | fig. : to construct a logical argument"
bh,getlex.php?coord=444042101&word=11,prep.,,,,,"in, with",in,with (instrumental),among,,,prep.,"in, with | in | with (instrumental) | among"
(lw)N,getlex.php?coord=444042102&word=2,n.f.,,,,,burnt offering; altar,"burnt offering, sacrifice",sacrificial altar,,,,n.f.,"burnt offering; altar | burnt offering, sacrifice | sacrificial altar"
(lwhy,getlex.php?coord=444042102&word=1,prep.,,,,,upon; against; to,"upon, over, on to","against, over against","toward, to",,,prep.,"upon; against; to | upon, over, on to | against, over against | toward, to"
tny)ny,getlex.php?coord=444042101&word=14,adv.,,,,,secondly,"secondly, a second time",,,,,adv.,"secondly | secondly, a second time"
tmN,getlex.php?coord=444042101&word=10,adv.,,,,,there,there,"in opposition to  ""here"" : Babylonia vs. Eretz-Israel","then (?), there and then (?)",,,adv.,"there | there | in opposition to  ""here"" : Babylonia vs. Eretz-Israel | then (?), there and then (?)"
w)x?h?,getlex.php?coord=444041920&word=9,conj. vb. G D C Ct,,,,,"and, also",to live,to live,"to revive, come back to life",,ḥyy,conj. vb. G D C Ct,"and, also | to live | to live | to revive, come back to life"
)tr,getlex.php?coord=444042101&word=1,n.m.,,,,,place,place,The sacred Place,trace,,,n.m.,place | place | The sacred Place | trace
m$ry)ty,getlex.php?coord=444042101&word=2,n.f.,,,,,camp,camp,"troop, retinue",,,,n.f.,"camp | camp | troop, retinue"
dy,getlex.php?coord=444041920&word=6,,,,,,,,,,,,,
bTlyky,getlex.php?coord=444041920&word=10,prep.,,,,,with the help of,with the help of,with the protection of :,see s.v.,,,prep.,with the help of | with the help of | with the protection of : | see s.v.
)xy,getlex.php?coord=444041920&word=7,n.m.,,,,,brother,brother,"kinsman, comrade",,,,n.m.,"brother | brother | kinsman, comrade"
hw),getlex.php?coord=444041920&word=8,pron.,,,,,he,he,as copula,emphatic enclitic particle focusing on the word it follows,,,pron.,he | he | as copula | emphatic enclitic particle focusing on the word it follows
(?l,getlex.php?coord=444042101&word=0,prep.,,,,,upon; against; to,"upon, over, on to","against, over against","toward, to",,,prep.,"upon; against; to | upon, over, on to | against, over against | toward, to"
l)tr),getlex.php?coord=444042101&word=7,n.m.,,,,,place,place,The sacred Place,trace,,,n.m.,place | place | The sacred Place | trace
lbyt )l,getlex.php?coord=444042101&word=6,,,,,,,,,,,,,
dbqt,getlex.php?coord=444042101&word=5,vb. e(a)/a(u) G D C Gt Dt,,,,,"to stick to, to adhere",(usually w.,b_,") : to stick to, to adhere",,,vb. e(a)/a(u) G D C Gt Dt,"to stick to, to adhere | (usually w. | b_ | ) : to stick to, to adhere"
"[,,,l?,)mr]y?",getlex.php?coord=444041920&word=4,,,,,,,,,,,,,
(ly,getlex.php?coord=444041920&word=5,prep.,,,,,upon; against; to,"upon, over, on to","against, over against","toward, to",,,prep.,"upon; against; to | upon, over, on to | against, over against | toward, to"
dy,getlex.php?coord=444041920&word=3,,,,,,,,,,,,,
Tbwt),getlex.php?coord=444041919&word=13,n.f.,,,,,goodness,goodness,"good will, good acts",good thing,,,n.f.,"goodness | goodness | good will, good acts | good thing"
"$?,,t?",getlex.php?coord=444041920&word=2,,,,,,,,,,,,,
"[,,,,,,]",getlex.php?coord=444041920&word=0,,,,,,,,,,,,,
kwl,getlex.php?coord=444041919&word=12,n.(pr.),,,,,"all, every",alone preceding a noun (technically the construct state!) :,as a postpositive with resumptive pronominal suffixes,emphatic state :,,,n.(pr.),"all, every | alone preceding a noun (technically the construct state!) : | as a postpositive with resumptive pronominal suffixes | emphatic state :"
d),getlex.php?coord=444041919&word=11,pron.,,,,,this (f.),this (f.),,,,,pron.,this (f.) | this (f.)
bkwl,getlex.php?coord=444041920&word=1,prep. n.(pr.),,,,,"in, with",in,with (instrumental),among,,"kl, klˀ",prep. n.(pr.),"in, with | in | with (instrumental) | among"
lm$bq,getlex.php?coord=444041919&word=9,vb. a/u G D C Gt,,,,,to leave; to permit,"to leave, depart from",to leave something left over,"to abandon, leave alone",,,vb. a/u G D C Gt,"to leave; to permit | to leave, depart from | to leave something left over | to abandon, leave alone"
dy,getlex.php?coord=444041919&word=5,,,,,,,,,,,,,
lmqTlny,getlex.php?coord=444041919&word=7,vb. a/u G D C Gt Dt,,,,,to kill,to kill,"to make something not 'living' in its various metaph. senses, i.e., not raw, not flowing, etc.",to fell,,,vb. a/u G D C Gt Dt,"to kill | to kill | to make something not 'living' in its various metaph. senses, i.e., not raw, not flowing, etc. | to fell"
yb(wN,getlex.php?coord=444041919&word=6,vb. G D Gt Dt,,,,,"to ask, to beg, to inquire","to seek, look for",to ask a question,"to wish for something, want, request",,,vb. G D Gt Dt,"to ask, to beg, to inquire | to seek, look for | to ask a question | to wish for something, want, request"
b?rM,getlex.php?coord=444041919&word=10,conj.,,,,,"but, however","but, however","just so, only, also, hardly (when expressing surprise or rhetorical function)",,,,conj.,"but, however | but, however | just so, only, also, hardly (when expressing surprise or rhetorical function)"
wlky,getlex.php?coord=444041919&word=8,conj.,,,,,"and, also",,,,,,conj.,"and, also"
dN,getlex.php?coord=444041918&word=19,pron.,,,,,this one,this one,"as enclitic in interrogative contexts: now, here, then :",see s.v.,,,pron.,"this one | this one | as enclitic in interrogative contexts: now, here, then : | see s.v."
w?)mrt?,getlex.php?coord=444041919&word=0,conj. vb. a/a G Gt,,,,,"and, also",to say,to say,to command,,ˀmr,conj. vb. a/a G Gt,"and, also | to say | to say | to command"
"m[,,,,]n?",getlex.php?coord=444041919&word=2,,,,,,,,,,,,,
xlm),getlex.php?coord=444041918&word=18,n.m.,,,,,dream,dream,,,,,n.m.,dream | dream
",,,,,,,,,,",getlex.php?coord=444041919&word=4,,,,,,,,,,,,,
"l[,]",getlex.php?coord=444041919&word=1,,,,,,,,,,,,,
xlm),getlex.php?coord=444041919&word=3,n.m.,,,,,dream,dream,,,,,n.m.,dream | dream
w$ryt,getlex.php?coord=444041918&word=15,conj. vb. G D C Gt Dt,,,,,"and, also",to loosen; D to begin,"to loosen, untie",to permit,,šry,conj. vb. G D C Gt Dt,"and, also | to loosen; D to begin | to loosen, untie | to permit"
xlmK,getlex.php?coord=444041918&word=13,n.m.,,,,,dream,dream,,,,,n.m.,dream | dream
l)$t(y),getlex.php?coord=444041918&word=16,vb. G D Gt Dt Ct,,,,,to flatter; Dt to tell a story,to soothe by flattery,to cover over,to pay heed [Heb.],,,vb. G D Gt Dt Ct,to flatter; Dt to tell a story | to soothe by flattery | to cover over | to pay heed [Heb.]
w)nd(,getlex.php?coord=444041918&word=14,conj. vb. a/a G C Gt Ct quad quad T,,,,,"and, also",to know,to know,to cohabit with,,ydˁ,conj. vb. a/a G C Gt Ct quad quad T,"and, also | to know | to know | to cohabit with"
lh,getlex.php?coord=444041918&word=17,,,,,,,,,,,,,
(d,getlex.php?coord=444042101&word=3,conj.,,,,,until,until,"while, while still",before,,,conj.,"until | until | while, while still | before"
dy,getlex.php?coord=444042101&word=4,,,,,,,,,,,,,
dy,getlex.php?coord=444042101&word=8,,,,,,,,,,,,,
bnyt,getlex.php?coord=444042101&word=9,vb. G D Gt Dt,,,,,to build,to build,fig. : to construct a logical argument,to edify,,,vb. G D Gt Dt,to build | to build | fig. : to construct a logical argument | to edify
w)mrt,getlex.php?coord=444041918&word=9,conj. vb. a/a G Gt,,,,,"and, also",to say,to say,to command,,ˀmr,conj. vb. a/a G Gt,"and, also | to say | to say | to command"
x?lm)?,getlex.php?coord=444041918&word=7,n.m.,,,,,dream,dream,,,,,n.m.,dream | dream
dN?,getlex.php?coord=444041918&word=8,pron.,,,,,this one,this one,"as enclitic in interrogative contexts: now, here, then :",see s.v.,,,pron.,"this one | this one | as enclitic in interrogative contexts: now, here, then : | see s.v."
ly,getlex.php?coord=444041918&word=12,,,,,,,,,,,,,
)$t(?y,getlex.php?coord=444041918&word=11,vb. G D Gt Dt Ct,,,,,to flatter; Dt to tell a story,to soothe by flattery,to cover over,to pay heed [Heb.],,,vb. G D Gt Dt Ct,to flatter; Dt to tell a story | to soothe by flattery | to cover over | to pay heed [Heb.]
ly,getlex.php?coord=444041918&word=10,,,,,,,,,,,,,
w])?dxl#2#/,getlex.php?coord=444041918&word=5,conj. vb. a(e)/a(u) G D C Gt Dt,,,,,"and, also",to fear,"to fear, be afraid",mn,,dḥl,conj. vb. a(e)/a(u) G D C Gt Dt,"and, also | to fear | to fear, be afraid | mn"
/[)nh,getlex.php?coord=444041918&word=4,pron.,,,,,I,I,as enclitic subject marker with participles/adjectives,(philos.) Ego,,,pron.,I | I | as enclitic subject marker with participles/adjectives | (philos.) Ego
)?dxl,getlex.php?coord=444041918&word=3,vb. a(e)/a(u) G D C Gt Dt,,,,,to fear,"to fear, be afraid",mn,of,,,vb. a(e)/a(u) G D C Gt Dt,"to fear | to fear, be afraid | mn | of"
"[,,,]",getlex.php?coord=444041918&word=2,,,,,,,,,,,,,
\mN?,getlex.php?coord=444041918&word=1,prep.,,,,,from,from,partitive,indicating the agent of a passive,,,prep.,from | from | partitive | indicating the agent of a passive
xlM,getlex.php?coord=444041917&word=10,n.m.,,,,,dream,dream,,,,,n.m.,dream | dream
)n?tty,getlex.php?coord=444041917&word=9,n.f.,,,,,"woman, wife",woman,wife,,,,n.f.,"woman, wife | woman | wife"
l$ry,getlex.php?coord=444041917&word=8,,,,,,,,,,,,,
xlmt,getlex.php?coord=444041918&word=0,vb. G C,,,,,to dream,to dream,"to have someone dream (?), to pretend to dream (?)",,,,vb. G C,"to dream | to dream | to have someone dream (?), to pretend to dream (?)"
w)t(yrt,getlex.php?coord=444041917&word=3,conj. vb. a/i(u?) G D C Gt Dt Ct palpel quad,,,,,"and, also",to watch; C to rouse,to watch alertly,to rouse (! emend!?),,ˁyr,conj. vb. a/i(u?) G D C Gt Dt Ct palpel quad,"and, also | to watch; C to rouse | to watch alertly | to rouse (! emend!?)"
w)mrt,getlex.php?coord=444041917&word=7,conj. vb. a/a G Gt,,,,,"and, also",to say,to say,to command,,ˀmr,conj. vb. a/a G Gt,"and, also | to say | to say | to command"
###,getlex.php?coord=444041917&word=2,,,,,,,,,,,,,
blyly),getlex.php?coord=444041917&word=4,prep. n.m.,,,,,"in, with",in,with (instrumental),among,,"lyly, lylyˀ",prep. n.m.,"in, with | in | with (instrumental) | among"
$nty,getlex.php?coord=444041917&word=6,n.f.,,,,,sleep,sleep,dream,,,,n.f.,sleep | sleep | dream
mN,getlex.php?coord=444041917&word=5,prep.,,,,,from,from,partitive,indicating the agent of a passive,,,prep.,from | from | partitive | indicating the agent of a passive
tmrt),getlex.php?coord=444041916&word=15,n.f.,,,,,date,pl.: dates,date palm,ܦܪܚܬܐ ܕܬܡܪ̈ܐ phoenix bird,,,n.f.,date | pl.: dates | date palm | ܦܪܚܬܐ ܕܬܡܪ̈ܐ phoenix bird
bTll,getlex.php?coord=444041916&word=14,prep.,,,,,with the help of,with the help of,with the protection of :,see s.v.,,,prep.,with the help of | with the help of | with the protection of : | see s.v.
)rz),getlex.php?coord=444041916&word=13,n.m.,,,,,cedar,cedar,dryness (?),,,,n.m.,cedar | cedar | dryness (?)
"[,,,]",getlex.php?coord=444041917&word=1,,,,,,,,,,,,,
wl),getlex.php?coord=444041917&word=0,conj. adv.,,,,,"and, also","no, not",no! (as interj.),not (preceding and negating a predicate),,lˀ,conj. adv.,"and, also | no, not | no! (as interj.) | not (preceding and negating a predicate)"
"[,,,]/[,,,])#2#/",getlex.php?coord=444041916&word=11,,,,,,,,,,,,,
[x]d?,getlex.php?coord=444041916&word=10,num.,,,,,one,one,with another number (or,b,,,num.,one | one | with another number (or | b
$r?$?,getlex.php?coord=444041916&word=9,n.m.,,,,,root,root,"base, foundation",fig.,,,n.m.,"root | root | base, foundation | fig."
w$byq,getlex.php?coord=444041916&word=12,conj. vb. a/u G D C Gt,,,,,"and, also",to leave; to permit,"to leave, depart from",to leave something left over,,šbq,conj. vb. a/u G D C Gt,"and, also | to leave; to permit | to leave, depart from | to leave something left over"
l[)]rz),getlex.php?coord=444041916&word=5,n.m.,,,,,cedar,cedar,dryness (?),,,,n.m.,cedar | cedar | dryness (?)
mN,getlex.php?coord=444041916&word=8,prep.,,,,,from,from,partitive,indicating the agent of a passive,,,prep.,from | from | partitive | indicating the agent of a passive
tqwcw,getlex.php?coord=444041916&word=4,"vb. a/u G D C Gt Dt Ct polel, pay/w c el",,,,,to cut short; to reckon,to cut short,to chop down,to specify,,,"vb. a/u G D C Gt Dt Ct polel, pay/w c el",to cut short; to reckon | to cut short | to chop down | to specify
)l,getlex.php?coord=444041916&word=3,adv.,,,,,not (prohibitive),not (prohibitive),,,,,adv.,not (prohibitive) | not (prohibitive)
tryn),getlex.php?coord=444041916&word=7,num.,,,,,two,two,,,,,num.,two | two
)rw,getlex.php?coord=444041916&word=6,conj./inte,,,,,behold,presentative particle,"because, since",,,,conj./inte,"behold | presentative particle | because, since"
w?lm?$?b?q?/w?lm?$?b?w?q?#2#/,getlex.php?coord=444041915&word=9,conj. vb. a/u vb. a/u G D C Gt G D C Gt,,,,,"and, also",to leave; to permit,"to leave, depart from",to leave something left over,,šbq,conj. vb. a/u vb. a/u G D C Gt G D C Gt,"and, also | to leave; to permit | to leave, depart from | to leave something left over"
w)kly)t,getlex.php?coord=444041916&word=0,conj. vb. C,,,,,"and, also",C to shout,"to shout, cry out with a loud voice",,,kly,conj. vb. C,"and, also | C to shout | to shout, cry out with a loud voice"
tmr^t^),getlex.php?coord=444041915&word=10,n.f.,,,,,date,pl.: dates,date palm,ܦܪܚܬܐ ܕܬܡܪ̈ܐ phoenix bird,,,n.f.,date | pl.: dates | date palm | ܦܪܚܬܐ ܕܬܡܪ̈ܐ phoenix bird
w)mrt,getlex.php?coord=444041916&word=2,conj. vb. a/a G Gt,,,,,"and, also",to say,to say,to command,,ˀmr,conj. vb. a/a G Gt,"and, also | to say | to say | to command"
tmrt),getlex.php?coord=444041916&word=1,n.f.,,,,,date,pl.: dates,date palm,ܦܪܚܬܐ ܕܬܡܪ̈ܐ phoenix bird,,,n.f.,date | pl.: dates | date palm | ܦܪܚܬܐ ܕܬܡܪ̈ܐ phoenix bird
blxwdyhh,getlex.php?coord=444041915&word=11,prep.,,,,,by oneself,"by ... self, all alone",,,,,prep.,"by oneself | by ... self, all alone"
l[)]r?z),getlex.php?coord=444041915&word=8,n.m.,,,,,cedar,cedar,dryness (?),,,,n.m.,cedar | cedar | dryness (?)
wlm(qr,getlex.php?coord=444041915&word=7,conj. vb. a/u(a) G D C Gt Dt Ct,,,,,"and, also",to pull out by the roots,"to uproot, extract","to destroy without a trace, eradicate, abolish",,ˁqr,conj. vb. a/u(a) G D C Gt Dt Ct,"and, also | to pull out by the roots | to uproot, extract | to destroy without a trace, eradicate, abolish"
lmqC,getlex.php?coord=444041915&word=6,"vb. a/u G D C Gt Dt Ct polel, pay/w c el",,,,,to cut short; to reckon,to cut short,to chop down,to specify,,,"vb. a/u G D C Gt Dt Ct polel, pay/w c el",to cut short; to reckon | to cut short | to chop down | to specify
)t?w?,getlex.php?coord=444041915&word=4,vb. G D C Ct,,,,,"to come, arrive",to come,to occur; w.,ˁl,,,vb. G D C Ct,"to come, arrive | to come | to occur; w. | ˁl"
wb?[n]y? )?n?w?$,getlex.php?coord=444041915&word=3,conj. n.m.,,,,,"and, also","human, person","human, person","personhood, inner person",,"br ˀnš/brnš, br ˀnšˀ/brnšˀ",conj. n.m.,"and, also | human, person | human, person | personhood, inner person"
",,,[,,,]#2#/",getlex.php?coord=444041915&word=2,,,,,,,,,,,,,
/xd),getlex.php?coord=444041915&word=1,num.,,,,,one,one,with another number (or,b,,,num.,one | one | with another number (or | b
"\[,,,,,]",getlex.php?coord=444041915&word=0,,,,,,,,,,,,,
wb(yN,getlex.php?coord=444041915&word=5,conj. vb. G D Gt Dt,,,,,"and, also","to ask, to beg, to inquire","to seek, look for",to ask a question,,bˁy,conj. vb. G D Gt Dt,"and, also | to ask, to beg, to inquire | to seek, look for | to ask a question"
xd,getlex.php?coord=444041914&word=13,num.,,,,,one,one,with another number (or,b,,,num.,one | one | with another number (or | b
)rz,getlex.php?coord=444041914&word=12,n.m.,,,,,cedar,cedar,dryness (?),,,,n.m.,cedar | cedar | dryness (?)
w?h?),getlex.php?coord=444041914&word=11,conj. interj.,,,,,"and, also",here! look!,"here, look! (presentative particle)",here (adv.),,hˀ,conj. interj.,"and, also | here! look! | here, look! (presentative particle) | here (adv.)"
wtmr),getlex.php?coord=444041914&word=14,conj. n.f.,,,,,"and, also",date,pl.: dates,date palm,,"twmrh, t(w)mrtˀ",conj. n.f.,"and, also | date | pl.: dates | date palm"
"[,,,]/[mN]#2#/",getlex.php?coord=444041918&word=6,prep.,,,,,from,from,partitive,indicating the agent of a passive,,,prep.,from | from | partitive | indicating the agent of a passive
)brM,getlex.php?coord=444041914&word=3,,,,,,,,,,,,,
###,getlex.php?coord=444041914&word=0,,,,,,,,,,,,,
wxlmt,getlex.php?coord=444041914&word=1,conj. vb. G C,,,,,"and, also",to dream,to dream,"to have someone dream (?), to pretend to dream (?)",,ḥlm,conj. vb. G C,"and, also | to dream | to dream | to have someone dream (?), to pretend to dream (?)"
m(ly?,getlex.php?coord=444041914&word=6,vb. a/u G D C Dt Ct,,,,,to enter,to enter,w.,"ˁl, ˁm, lwt",,,vb. a/u G D C Dt Ct,"to enter | to enter | w. | ˁl, ˁm, lwt"
xlM,getlex.php?coord=444041914&word=4,n.m.,,,,,dream,dream,,,,,n.m.,dream | dream
)nh,getlex.php?coord=444041914&word=2,pron.,,,,,I,I,as enclitic subject marker with participles/adjectives,(philos.) Ego,,,pron.,I | I | as enclitic subject marker with participles/adjectives | (philos.) Ego
l)?r?(?,getlex.php?coord=444041914&word=7,n.f.,,,,,ground; land; Earth,ground,"land, country",the Earth,,,n.f.,"ground; land; Earth | ground | land, country | the Earth"
blylh,getlex.php?coord=444041914&word=5,prep. n.m.,,,,,"in, with",in,with (instrumental),among,,"lyly, lylyˀ",prep. n.m.,"in, with | in | with (instrumental) | among"
m?c?r?y?N?,getlex.php?coord=444041914&word=8,,,,,,,,,,,,,
l)r(,getlex.php?coord=444041913&word=8,n.f.,,,,,ground; land; Earth,ground,"land, country",the Earth,,,n.f.,"ground; land; Earth | ground | land, country | the Earth"
mcryN,getlex.php?coord=444041913&word=9,,,,,,,,,,,,,
l)r(,getlex.php?coord=444041913&word=5,n.f.,,,,,ground; land; Earth,ground,"land, country",the Earth,,,n.f.,"ground; land; Earth | ground | land, country | the Earth"
bny,getlex.php?coord=444041913&word=6,n.m.,,,,,son,"son, child",member of the same cohort (,see also 'compounds' 3.2),,,n.m.,"son | son, child | member of the same cohort ( | see also 'compounds' 3.2)"
xM,getlex.php?coord=444041913&word=7,,,,,,,,,,,,,
dN,getlex.php?coord=444041912&word=12,pron.,,,,,this one,this one,"as enclitic in interrogative contexts: now, here, then :",see s.v.,,,pron.,"this one | this one | as enclitic in interrogative contexts: now, here, then : | see s.v."
dy,getlex.php?coord=444041912&word=13,,,,,,,,,,,,,
xlpn),getlex.php?coord=444041913&word=2,vb. a/u (tran.) a/a (intran.) G D C Dt quad,,,,,"to pass by, pass away; D to change s.t.",to pass by,to be changed,to substitute one thing for another,,,vb. a/u (tran.) a/a (intran.) G D C Dt quad,"to pass by, pass away; D to change s.t. | to pass by | to be changed | to substitute one thing for another"
k(N,getlex.php?coord=444041913&word=1,adv.,,,,,now,now,(w./w.o.,w_,,,adv.,now | now | (w./w.o. | w_
"[,,,,,]",getlex.php?coord=444041913&word=0,,,,,,,,,,,,,
)r(n),getlex.php?coord=444041913&word=3,n.f.,,,,,ground; land; Earth,ground,"land, country",the Earth,,,n.f.,"ground; land; Earth | ground | land, country | the Earth"
$b(t,getlex.php?coord=444041912&word=9,num.,,,,,seven,seven,šbˁtˀ,: group of seven,,,num.,seven | seven | šbˁtˀ | : group of seven
)?r?(?n?)?,getlex.php?coord=444041912&word=7,n.f.,,,,,ground; land; Earth,ground,"land, country",the Earth,,,n.f.,"ground; land; Earth | ground | land, country | the Earth"
[bgw],getlex.php?coord=444041912&word=6,prep.,,,,,within,within,among,,,,prep.,within | within | among
w?x?lp?t,getlex.php?coord=444041912&word=8,conj. vb. a/u (tran.) a/a (intran.) G D C Dt quad,,,,,"and, also","to pass by, pass away; D to change s.t.",to pass by,to be changed,,ḥlp,conj. vb. a/u (tran.) a/a (intran.) G D C Dt quad,"and, also | to pass by, pass away; D to change s.t. | to pass by | to be changed"
)nxn),getlex.php?coord=444041912&word=5,pron.,,,,,we,we,,,,,pron.,we | we
k(N,getlex.php?coord=444041912&word=4,adv.,,,,,now,now,(w./w.o.,w_,,,adv.,now | now | (w./w.o. | w_
[(d],getlex.php?coord=444041912&word=3,prep.,,,,,until,"until, as far as",as conj.:,see s.v.,,,prep.,"until | until, as far as | as conj.: | see s.v."
w(ln),getlex.php?coord=444041913&word=4,conj. vb. a/u G D C Dt Ct,,,,,"and, also",to enter,to enter,w.,,ˁll,conj. vb. a/u G D C Dt Ct,"and, also | to enter | to enter | w."
nhr),getlex.php?coord=444041912&word=11,n.m.,,,,,river,"river, canal",figurative usages:,,,,n.m.,"river | river, canal | figurative usages:"
n?h?r?)?,getlex.php?coord=444041912&word=1,n.m.,,,,,river,"river, canal",figurative usages:,,,,n.m.,"river | river, canal | figurative usages:"
r?)?$?y?,getlex.php?coord=444041912&word=0,n.m.,,,,,head; top; chief,(anat.) head,top,"beginning, origin, source",,,n.m.,"head; top; chief | (anat.) head | top | beginning, origin, source"
"[,,,,,,]",getlex.php?coord=444041912&word=2,,,,,,,,,,,,,
nhr),getlex.php?coord=444041911&word=13,n.m.,,,,,river,"river, canal",figurative usages:,,,,n.m.,"river | river, canal | figurative usages:"
mN,getlex.php?coord=444041911&word=15,prep.,,,,,from,from,partitive,indicating the agent of a passive,,,prep.,from | from | partitive | indicating the agent of a passive
xd,getlex.php?coord=444041911&word=14,num.,,,,,one,one,with another number (or,b,,,num.,one | one | with another number (or | b
r)$y,getlex.php?coord=444041912&word=10,n.m.,,,,,head; top; chief,(anat.) head,top,"beginning, origin, source",,,n.m.,"head; top; chief | (anat.) head | top | beginning, origin, source"
/[(d,getlex.php?coord=444041911&word=9,prep.,,,,,until,"until, as far as",as conj.:,see s.v.,,,prep.,"until | until, as far as | as conj.: | see s.v."
mcryN[,getlex.php?coord=444041911&word=5,,,,,,,,,,,,,
dbq]t#2#/,getlex.php?coord=444041911&word=11,vb. e(a)/a(u) G D C Gt Dt,,,,,"to stick to, to adhere",(usually w.,b_,") : to stick to, to adhere",,,vb. e(a)/a(u) G D C Gt Dt,"to stick to, to adhere | (usually w. | b_ | ) : to stick to, to adhere"
",,,,,",getlex.php?coord=444041911&word=6,,,,,,,,,,,,,
]w?h?w?)?,getlex.php?coord=444041911&word=7,conj. pron.,,,,,"and, also",he,he,as copula,,hwˀ,conj. pron.,"and, also | he | he | as copula"
ln?rmwn)/lk?rmwn)#2#/,getlex.php?coord=444041911&word=12,,,,,,,,,,,,,
"\[,,,,,]",getlex.php?coord=444041911&word=8,,,,,,,,,,,,,
dy,getlex.php?coord=444041911&word=10,,,,,,,,,,,,,
bxlmy?,getlex.php?coord=444041914&word=10,prep. n.m.,,,,,"in, with",in,with (instrumental),among,,"ḥlm, ḥlmˀ",prep. n.m.,"in, with | in | with (instrumental) | among"
w?x?z?y?t?,getlex.php?coord=444041914&word=9,"conj. vb. G D C Gt Ct ethpolal, ethpay/w c el",,,,,"and, also",to see,to see,(,,ḥzy,"conj. vb. G D C Gt Ct ethpolal, ethpay/w c el","and, also | to see | to see | ("
l)r(#2#/,getlex.php?coord=444041911&word=4,n.f.,,,,,ground; land; Earth,ground,"land, country",the Earth,,,n.f.,"ground; land; Earth | ground | land, country | the Earth"
lg?w?,getlex.php?coord=444041911&word=1,prep.,,,,,into,into,"within, inside of","for, in financial support of",,,prep.,"into | into | within, inside of | for, in financial support of"
wng?dt,getlex.php?coord=444041910&word=17,conj. vb. i/u G D C Gt Dt,,,,,"and, also",to draw towards oneself,(trans.): to draw something towards oneself; to stretch something,"(intr.): to be drawn out, extend",,ngd,conj. vb. i/u G D C Gt Dt,"and, also | to draw towards oneself | (trans.): to draw something towards oneself; to stretch something | (intr.): to be drawn out, extend"
)?r?(?,getlex.php?coord=444041911&word=2,n.f.,,,,,ground; land; Earth,ground,"land, country",the Earth,,,n.f.,"ground; land; Earth | ground | land, country | the Earth"
/l[m(l],getlex.php?coord=444041911&word=3,vb. a/u G D C Dt Ct,,,,,to enter,to enter,w.,"ˁl, ˁm, lwt",,,vb. a/u G D C Dt Ct,"to enter | to enter | w. | ˁl, ˁm, lwt"
bmcryN,getlex.php?coord=444041910&word=16,prep.,,,,,"in, with",in,with (instrumental),among,,,prep.,"in, with | in | with (instrumental) | among"
"\l[,,,",getlex.php?coord=444041911&word=0,,,,,,,,,,,,,
h[w)]#2#/,getlex.php?coord=444041910&word=15,pron.,,,,,he,he,as copula,emphatic enclitic particle focusing on the word it follows,,,pron.,he | he | as copula | emphatic enclitic particle focusing on the word it follows
\$b?(?),getlex.php?coord=444041910&word=13,n.m.,,,,,plenty,plenty,,,,,n.m.,plenty | plenty
/([bw]r),getlex.php?coord=444041910&word=14,n.m.,,,,,grain,grain,,,,,n.m.,grain | grain
"\[,,,]",getlex.php?coord=444041910&word=0,,,,,,,,,,,,,
kpn),getlex.php?coord=444041910&word=7,n.m.,,,,,hunger,hunger,,,,,n.m.,hunger | hunger
t]mN#2#/,getlex.php?coord=444041910&word=4,adv.,,,,,there,there,"in opposition to  ""here"" : Babylonia vs. Eretz-Israel","then (?), there and then (?)",,,adv.,"there | there | in opposition to  ""here"" : Babylonia vs. Eretz-Israel | then (?), there and then (?)"
whw),getlex.php?coord=444041910&word=6,conj. vb. G C Gt Ct,,,,,"and, also","to be, to become",to be,"to endure, to exist",,hwy,conj. vb. G C Gt Ct,"and, also | to be, to become | to be | to endure, to exist"
$nyN,getlex.php?coord=444041910&word=3,n.f.,,,,,year,year,,,,,n.f.,year | year
/[trtyN,getlex.php?coord=444041910&word=2,num.,,,,,two,two,,,,,num.,two | two
$n]y?N?,getlex.php?coord=444041910&word=1,n.f.,,,,,year,year,,,,,n.f.,year | year
###,getlex.php?coord=444041910&word=5,,,,,,,,,,,,,
d),getlex.php?coord=444041910&word=9,pron.,,,,,this (f.),this (f.),,,,,pron.,this (f.) | this (f.)
)tb[n]y)t,getlex.php?coord=444041909&word=12,vb. G D Gt Dt,,,,,to build,to build,fig. : to construct a logical argument,to edify,,,vb. G D Gt Dt,to build | to build | fig. : to construct a logical argument | to edify
xbrwN,getlex.php?coord=444041909&word=13,,,,,,,,,,,,,
",l[,",getlex.php?coord=444041909&word=10,,,,,,,,,,,,,
",,,]",getlex.php?coord=444041909&word=11,,,,,,,,,,,,,
lxbrwN,getlex.php?coord=444041909&word=9,,,,,,,,,,,,,
wytbt,getlex.php?coord=444041909&word=14,conj. vb. i/i G D C Dt Ct,,,,,"and, also","to sit ; to dwell; to stay, remain",to sit,to dwell,,ytb,conj. vb. i/i G D C Dt Ct,"and, also | to sit ; to dwell; to stay, remain | to sit | to dwell"
ldrwm)[,getlex.php?coord=444041909&word=3,n.m.,,,,,south,south,,,,,n.m.,south | south
",,]",getlex.php?coord=444041909&word=4,,,,,,,,,,,,,
dy,getlex.php?coord=444041909&word=7,,,,,,,,,,,,,
"[,,,,]",getlex.php?coord=444041909&word=5,,,,,,,,,,,,,
](d,getlex.php?coord=444041909&word=6,conj.,,,,,until,until,"while, while still",before,,,conj.,"until | until | while, while still | before"
dbqt,getlex.php?coord=444041909&word=8,vb. e(a)/a(u) G D C Gt Dt,,,,,"to stick to, to adhere",(usually w.,b_,") : to stick to, to adhere",,,vb. e(a)/a(u) G D C Gt Dt,"to stick to, to adhere | (usually w. | b_ | ) : to stick to, to adhere"
qdy$),getlex.php?coord=444041908&word=15,adj.,,,,,holy,holy,angel,as substantive:,,,adj.,holy | holy | angel | as substantive:
"l[,,",getlex.php?coord=444041909&word=0,,,,,,,,,,,,,
)zl,getlex.php?coord=444041909&word=2,"vb. a/i, a/a G Gt",,,,,to go,"to go, move along",to go away,as co-verb : to go ahead and do something,,,"vb. a/i, a/a G Gt","to go | to go, move along | to go away | as co-verb : to go ahead and do something"
]whwyt,getlex.php?coord=444041909&word=1,conj. vb. G C Gt Ct,,,,,"and, also","to be, to become",to be,"to endure, to exist",,hwy,conj. vb. G C Gt Ct,"and, also | to be, to become | to be | to endure, to exist"
lTwr),getlex.php?coord=444041908&word=14,n.m.,,,,,mountain,mountain,"high pasture, field",parapet (?),,,n.m.,"mountain | mountain | high pasture, field | parapet (?)"
wngdt,getlex.php?coord=444041908&word=16,conj. vb. i/u G D C Gt Dt,,,,,"and, also",to draw towards oneself,(trans.): to draw something towards oneself; to stretch something,"(intr.): to be drawn out, extend",,ngd,conj. vb. i/u G D C Gt Dt,"and, also | to draw towards oneself | (trans.): to draw something towards oneself; to stretch something | (intr.): to be drawn out, extend"
(d,getlex.php?coord=444041908&word=10,prep.,,,,,until,"until, as far as",as conj.:,see s.v.,,,prep.,"until | until, as far as | as conj.: | see s.v."
"lm,bd",getlex.php?coord=444041908&word=9,,,,,,,,,,,,,
dbqth,getlex.php?coord=444041908&word=13,vb. e(a)/a(u) G D C Gt Dt,,,,,"to stick to, to adhere",(usually w.,b_,") : to stick to, to adhere",,,vb. e(a)/a(u) G D C Gt Dt,"to stick to, to adhere | (usually w. | b_ | ) : to stick to, to adhere"
",,,,,,lm)?",getlex.php?coord=444041908&word=8,,,,,,,,,,,,,
l),getlex.php?coord=444041908&word=12,adv.,,,,,"no, not",no! (as interj.),not (preceding and negating a predicate),"compounded with adjectives, nouns, abstracts, and adverbs  ='un-', 'non', 'in-'",,,adv.,"no, not | no! (as interj.) | not (preceding and negating a predicate) | compounded with adjectives, nouns, abstracts, and adverbs  ='un-', 'non', 'in-'"
k(N,getlex.php?coord=444041908&word=11,adv.,,,,,now,now,(w./w.o.,w_,,,adv.,now | now | (w./w.o. | w_
",,",getlex.php?coord=444041908&word=3,,,,,,,,,,,,,
",,,",getlex.php?coord=444041908&word=2,,,,,,,,,,,,,
",,,,,,",getlex.php?coord=444041908&word=4,,,,,,,,,,,,,
",,,,,,,",getlex.php?coord=444041908&word=5,,,,,,,,,,,,,
dy,getlex.php?coord=444041910&word=12,,,,,,,,,,,,,
b)r(),getlex.php?coord=444041910&word=8,prep. n.f.,,,,,"in, with",in,with (instrumental),among,,"ˀrˁ, ˀrˁˀ",prep. n.f.,"in, with | in | with (instrumental) | among"
kwlh?)?/kwl)#2#/,getlex.php?coord=444041910&word=10,n.(pr.),,,,,"all, every",alone preceding a noun (technically the construct state!) :,as a postpositive with resumptive pronominal suffixes,emphatic state :,,,n.(pr.),"all, every | alone preceding a noun (technically the construct state!) : | as a postpositive with resumptive pronominal suffixes | emphatic state :"
w$m(t,getlex.php?coord=444041910&word=11,conj. vb. a/a(u) G D C Gt,,,,,"and, also",to hear,to hear (w. d.o. or,b_,,šmˁ,conj. vb. a/a(u) G D C Gt,"and, also | to hear | to hear (w. d.o. or | b_"
",,,,,,",getlex.php?coord=444041908&word=6,,,,,,,,,,,,,
",,,",getlex.php?coord=444041908&word=7,,,,,,,,,,,,,
])l[h)]#2#/,getlex.php?coord=444041907&word=7,n.m.,,,,,god,"god, God",,,,,n.m.,"god | god, God"
w)mrt,getlex.php?coord=444041907&word=8,conj. vb. a/a G Gt,,,,,"and, also",to say,to say,to command,,ˀmr,conj. vb. a/a G Gt,"and, also | to say | to say | to command"
",,,",getlex.php?coord=444041908&word=1,,,,,,,,,,,,,
",,,",getlex.php?coord=444041908&word=0,,,,,,,,,,,,,
b[$M,getlex.php?coord=444041907&word=6,prep. n.m.,,,,,"in, with",in,with (instrumental),among,,"šm, šmˀ",prep. n.m.,"in, with | in | with (instrumental) | among"
hw),getlex.php?coord=444041907&word=10,pron.,,,,,he,he,as copula,emphatic enclitic particle focusing on the word it follows,,,pron.,he | he | as copula | emphatic enclitic particle focusing on the word it follows
)?nth,getlex.php?coord=444041907&word=9,pron.,,,,,you (m.),you (m.),,,,,pron.,you (m.) | you (m.)
tmN,getlex.php?coord=444041907&word=5,adv.,,,,,there,there,"in opposition to  ""here"" : Babylonia vs. Eretz-Israel","then (?), there and then (?)",,,adv.,"there | there | in opposition to  ""here"" : Babylonia vs. Eretz-Israel | then (?), there and then (?)"
"\[,,,])",getlex.php?coord=444041907&word=0,,,,,,,,,,,,,
",,,,,",getlex.php?coord=444041523&word=3,,,,,,,,,,,,,
",,",getlex.php?coord=444041523&word=2,,,,,,,,,,,,,
"[,,",getlex.php?coord=444041907&word=1,,,,,,,,,,,,,
",]tm[,,,]",getlex.php?coord=444041907&word=2,,,,,,,,,,,,,
"/,,,[,,,],",getlex.php?coord=444041907&word=3,,,,,,,,,,,,,
wqryt,getlex.php?coord=444041907&word=4,conj. vb. G D C Gt,,,,,"and, also",to call,to call,to read,,qry,conj. vb. G D C Gt,"and, also | to call | to call | to read"
"[,,,]",getlex.php?coord=444041523&word=1,,,,,,,,,,,,,
wkw?l),getlex.php?coord=444041522&word=4,conj.,,,,,"and, also",,,,,,conj.,"and, also"
",,],,,,,[,,,,],,,,,,,,cdyq)",getlex.php?coord=444041523&word=0,adj.,,,,,"righteous person, righteous","righteous person, righteous",entitled to rights,"true, pure",,,adj.,"righteous person, righteous | righteous person, righteous | entitled to rights | true, pure"
)x?w*[yt],getlex.php?coord=444041522&word=5,vb. G D C Dt,,,,,to see (??); D to show,to see (?),p.p. : proper (calque on MH רָאוּי  ),to show,,,vb. G D C Dt,to see (??); D to show | to see (?) | p.p. : proper (calque on MH רָאוּי  ) | to show
l[h,getlex.php?coord=444041522&word=6,,,,,,,,,,,,,
bry,getlex.php?coord=444041522&word=3,n.m.,,,,,son,"son, child",member of the same cohort (,see also 'compounds' 3.2),,,n.m.,"son | son, child | member of the same cohort ( | see also 'compounds' 3.2)"
",,,,",getlex.php?coord=444041521&word=6,,,,,,,,,,,,,
)nh],getlex.php?coord=444041521&word=1,pron.,,,,,I,I,as enclitic subject marker with participles/adjectives,(philos.) Ego,,,pron.,I | I | as enclitic subject marker with participles/adjectives | (philos.) Ego
",,,,",getlex.php?coord=444041521&word=7,,,,,,,,,,,,,
w$m$),getlex.php?coord=444041521&word=5,conj.,,,,,"and, also",,,,,,conj.,"and, also"
$nty,getlex.php?coord=444041521&word=4,n.f.,,,,,sleep,sleep,dream,,,,n.f.,sleep | sleep | dream
nwx,getlex.php?coord=444041521&word=2,,,,,,,,,,,,,
mN,getlex.php?coord=444041521&word=3,prep.,,,,,from,from,partitive,indicating the agent of a passive,,,prep.,from | from | partitive | indicating the agent of a passive
l$?M?,getlex.php?coord=444041522&word=2,,,,,,,,,,,,,
w?kN,getlex.php?coord=444041520&word=3,conj.,,,,,"and, also",,,,,,conj.,"and, also"
(ly?K?[,getlex.php?coord=444041520&word=5,prep.,,,,,upon; against; to,"upon, over, on to","against, over against","toward, to",,,prep.,"upon; against; to | upon, over, on to | against, over against | toward, to"
",,,,,,,,,,,,,,,,,,]kwl)",getlex.php?coord=444041520&word=0,n.(pr.),,,,,"all, every",alone preceding a noun (technically the construct state!) :,as a postpositive with resumptive pronominal suffixes,emphatic state :,,,n.(pr.),"all, every | alone preceding a noun (technically the construct state!) : | as a postpositive with resumptive pronominal suffixes | emphatic state :"
bqw$T,getlex.php?coord=444041520&word=1,prep.,,,,,"in, with",in,with (instrumental),among,,,prep.,"in, with | in | with (instrumental) | among"
ktyb?,getlex.php?coord=444041520&word=4,vb. a/u G D C Gt,,,,,to write,to write,to authorize by preparing a legal document,"to enroll, register :",,,vb. a/u G D C Gt,"to write | to write | to authorize by preparing a legal document | to enroll, register :"
)xwynK,getlex.php?coord=444041520&word=2,vb. G D C Dt,,,,,to see (??); D to show,to see (?),p.p. : proper (calque on MH רָאוּי  ),to show,,,vb. G D C Dt,to see (??); D to show | to see (?) | p.p. : proper (calque on MH רָאוּי  ) | to show
",,,,,,,,,,,,,,,,,,w)t(yrt",getlex.php?coord=444041521&word=0,conj.,,,,,"and, also",,,,,,conj.,"and, also"
w)l,getlex.php?coord=444041519&word=7,conj.,,,,,"and, also",,,,,,conj.,"and, also"
t?tmh,getlex.php?coord=444041519&word=3,vb. a/a G D C Gt Dt,,,,,"to wonder at, be amazed","to wonder at, be amazed",to stand still in amazement,to admire,,,vb. a/a G D C Gt Dt,"to wonder at, be amazed | to wonder at, be amazed | to stand still in amazement | to admire"
d?N,getlex.php?coord=444041519&word=6,pron.,,,,,this one,this one,"as enclitic in interrogative contexts: now, here, then :",see s.v.,,,pron.,"this one | this one | as enclitic in interrogative contexts: now, here, then : | see s.v."
"y?h?w?rb,",getlex.php?coord=444041519&word=8,vb. e/a G C,,,,,to be large,to become large,"to become precious, special",to make great,,,vb. e/a G C,"to be large | to become large | to become precious, special | to make great"
x?lm),getlex.php?coord=444041519&word=5,n.m.,,,,,dream,dream,,,,,n.m.,dream | dream
(l,getlex.php?coord=444041519&word=4,prep.,,,,,upon; against; to,"upon, over, on to","against, over against","toward, to",,,prep.,"upon; against; to | upon, over, on to | against, over against | toward, to"
(lw?h*y*[,getlex.php?coord=444041519&word=9,prep.,,,,,upon; against; to,"upon, over, on to","against, over against","toward, to",,,prep.,"upon; against; to | upon, over, on to | against, over against | toward, to"
)l,getlex.php?coord=444041519&word=2,adv.,,,,,not (prohibitive),not (prohibitive),,,,,adv.,not (prohibitive) | not (prohibitive)
###)*n*t*,getlex.php?coord=444041519&word=0,pron.,,,,,you (m.),you (m.),,,,,pron.,you (m.) | you (m.)
n*w*x*,getlex.php?coord=444041519&word=1,,,,,,,,,,,,,
wm$tb$yN,getlex.php?coord=444041518&word=6,conj.,,,,,"and, also",,,,,,conj.,"and, also"
plxyN,getlex.php?coord=444041518&word=5,"vb. a/a,u G D C Gt Dt",,,,,to work,to work,"to labor at (work, job), work for",to serve,,,"vb. a/a,u G D C Gt Dt","to work | to work | to labor at (work, job), work for | to serve"
"..y?N[,,,,]k*w*l*",getlex.php?coord=444041518&word=7,,,,,,,,,,,,,
",,,,,,,,,,,,,,,,,,]byN",getlex.php?coord=444041518&word=0,,,,,,,,,,,,,
",,",getlex.php?coord=444041517&word=6,,,,,,,,,,,,,
kwl,getlex.php?coord=444041518&word=1,n.(pr.),,,,,"all, every",alone preceding a noun (technically the construct state!) :,as a postpositive with resumptive pronominal suffixes,emphatic state :,,,n.(pr.),"all, every | alone preceding a noun (technically the construct state!) : | as a postpositive with resumptive pronominal suffixes | emphatic state :"
wqy?c?,getlex.php?coord=444041517&word=7,,,,,,,,,,,,,
wkwlhwN,getlex.php?coord=444041518&word=3,conj.,,,,,"and, also",,,,,,conj.,"and, also"
"T?,,,,,,,,,,,,,,,,,,,,,,,,,",getlex.php?coord=444041517&word=8,,,,,,,,,,,,,
(mmy),getlex.php?coord=444041518&word=2,n.m.,,,,,people,"related group of people, nation","people, folks",,,,n.m.,"people | related group of people, nation | people, folks"
",,,,,,,,,,,,,,,,,,,,,,,,w)z]l?y?t?",getlex.php?coord=444041522&word=0,conj.,,,,,"and, also",,,,,,conj.,"and, also"
)?n?h?,getlex.php?coord=444041522&word=1,pron.,,,,,I,I,as enclitic subject marker with participles/adjectives,(philos.) Ego,,,pron.,I | I | as enclitic subject marker with participles/adjectives | (philos.) Ego
l?h?,getlex.php?coord=444041517&word=4,,,,,,,,,,,,,
",lr*,,,l?",getlex.php?coord=444041517&word=1,,,,,,,,,,,,,
"w,,,",getlex.php?coord=444041517&word=3,,,,,,,,,,,,,
",,(*,)*l",getlex.php?coord=444041517&word=0,,,,,,,,,,,,,
(?m?),getlex.php?coord=444041517&word=5,n.m.,,,,,people,"related group of people, nation","people, folks",,,,n.m.,"people | related group of people, nation | people, folks"
)?yk?nh?,getlex.php?coord=444041517&word=2,pron.,,,,,how,how (interrog.),just as,"+ܕ-:  conj. :  in such a way that, so that",,,pron.,"how | how (interrog.) | just as | +ܕ-:  conj. :  in such a way that, so that"
"b*)*[,,,],,,,,,,,N",getlex.php?coord=444041516&word=1,prep.,,,,,"in, with",in,with (instrumental),among,,,prep.,"in, with | in | with (instrumental) | among"
"l[,,],hb,[,,]",getlex.php?coord=444041516&word=0,,,,,,,,,,,,,
wnwphN,getlex.php?coord=444041516&word=3,,,,,,,,,,,,,
$gy,getlex.php?coord=444041516&word=5,adj./adv.,,,,,"many, much","many, much","enough, too much",(gram.) pl.:,,,adj./adv.,"many, much | many, much | enough, too much | (gram.) pl.:"
w$gy)N,getlex.php?coord=444041516&word=2,conj.,,,,,"and, also",,,,,,conj.,"and, also"
",,,,",getlex.php?coord=444041516&word=4,,,,,,,,,,,,,
w)nbh?N?,getlex.php?coord=444041516&word=6,conj.,,,,,"and, also",,,,,,conj.,"and, also"
l),getlex.php?coord=444041515&word=8,adv.,,,,,"no, not",no! (as interj.),not (preceding and negating a predicate),"compounded with adjectives, nouns, abstracts, and adverbs  ='un-', 'non', 'in-'",,,adv.,"no, not | no! (as interj.) | not (preceding and negating a predicate) | compounded with adjectives, nouns, abstracts, and adverbs  ='un-', 'non', 'in-'"
)r(),getlex.php?coord=444041515&word=6,n.f.,,,,,ground; land; Earth,ground,"land, country",the Earth,,,n.f.,"ground; land; Earth | ground | land, country | the Earth"
(*m*m*y,getlex.php?coord=444041515&word=5,n.m.,,,,,people,"related group of people, nation","people, folks",,,,n.m.,"people | related group of people, nation | people, folks"
kwl,getlex.php?coord=444041515&word=4,n.(pr.),,,,,"all, every",alone preceding a noun (technically the construct state!) :,as a postpositive with resumptive pronominal suffixes,emphatic state :,,,n.(pr.),"all, every | alone preceding a noun (technically the construct state!) : | as a postpositive with resumptive pronominal suffixes | emphatic state :"
dy,getlex.php?coord=444041515&word=7,,,,,,,,,,,,,
mN,getlex.php?coord=444041515&word=3,prep.,,,,,from,from,partitive,indicating the agent of a passive,,,prep.,from | from | partitive | indicating the agent of a passive
$wr,getlex.php?coord=444041515&word=2,n.m.,,,,,wall,"city wall, rampart",wall,,,,n.m.,"wall | city wall, rampart | wall"
y$lTw?[,getlex.php?coord=444041515&word=9,"vb. a/a, e/u G D C Dt Ct",,,,,to rule,to have power (+,b_,or,,,"vb. a/a, e/u G D C Dt Ct",to rule | to have power (+ | b_ | or
)rb(),getlex.php?coord=444041514&word=3,num.,,,,,four,four,ארבעתא : group of four,,,,num.,four | four | ארבעתא : group of four
",,,]h",getlex.php?coord=444041515&word=0,,,,,,,,,,,,,
$wr,getlex.php?coord=444041514&word=2,n.m.,,,,,wall,"city wall, rampart",wall,,,,n.m.,"wall | city wall, rampart | wall"
b*hwN,getlex.php?coord=444041514&word=1,prep.,,,,,"in, with",in,with (instrumental),among,,,prep.,"in, with | in | with (instrumental) | among"
ml)kyN,getlex.php?coord=444041514&word=4,n.m.,,,,,messenger; angel,messenger,angel,,,,n.m.,messenger; angel | messenger | angel
r?b?r*b*y*N*[,getlex.php?coord=444041514&word=5,n.m.,,,,,chief; teacher,chief,master,,,,n.m.,chief; teacher | chief | master
lhwN,getlex.php?coord=444041515&word=1,,,,,,,,,,,,,
lhwN,getlex.php?coord=444041518&word=4,,,,,,,,,,,,,
wdy,getlex.php?coord=444041513&word=3,conj.,,,,,"and, also",,,,,,conj.,"and, also"
]y*m?y*N?,getlex.php?coord=444041513&word=7,n.f.,,,,,"right, right hand",adj. : right,right hand,south,,,n.f.,"right, right hand | adj. : right | right hand | south"
",[,,,,,",getlex.php?coord=444041513&word=6,,,,,,,,,,,,,
"wy*$*p?y*[,,,,,,,,]r?)",getlex.php?coord=444041513&word=2,,,,,,,,,,,,,
xzyth,getlex.php?coord=444041513&word=4,v.n.,,,,,seeing,"sight, seeing, faculty of vision","vision, sight",,,,v.n.,"seeing | sight, seeing, faculty of vision | vision, sight"
(dd?y?,getlex.php?coord=444041513&word=5,conj.,,,,,until,until,"while, while still",before,,,conj.,"until | until | while, while still | before"
",,],,[,,p*y?N",getlex.php?coord=444041514&word=0,,,,,,,,,,,,,
(l,getlex.php?coord=444041512&word=3,prep.,,,,,upon; against; to,"upon, over, on to","against, over against","toward, to",,,prep.,"upon; against; to | upon, over, on to | against, over against | toward, to"
kw?l,getlex.php?coord=444041512&word=5,n.(pr.),,,,,"all, every",alone preceding a noun (technically the construct state!) :,as a postpositive with resumptive pronominal suffixes,emphatic state :,,,n.(pr.),"all, every | alone preceding a noun (technically the construct state!) : | as a postpositive with resumptive pronominal suffixes | emphatic state :"
"p$?[(,,",getlex.php?coord=444041512&word=6,n.m.,,,,,sin,sin,,,,,n.m.,sin | sin
yrmy,getlex.php?coord=444041512&word=2,vb. G D C Gt Ct,,,,,to throw; put down,to throw downward,to set something down,fig. (w.,,,vb. G D C Gt Ct,to throw; put down | to throw downward | to set something down | fig. (w.
wytx?{y}b?wN,getlex.php?coord=444041513&word=0,conj.,,,,,"and, also",,,,,,conj.,"and, also"
ld*qy*r*t?,getlex.php?coord=444041513&word=1,,,,,,,,,,,,,
nwr),getlex.php?coord=444041512&word=4,n.f.(m.),,,,,fire,fire,Hebrew,urim,,,n.f.(m.),fire | fire | Hebrew | urim
",,,h*b?",getlex.php?coord=444041511&word=11,vb. a/a G C Gt,,,,,to give,to give,to place,"to permit, allow",,,vb. a/a G C Gt,"to give | to give | to place | to permit, allow"
"[,,,]",getlex.php?coord=444041511&word=10,,,,,,,,,,,,,
w?r$(),getlex.php?coord=444041512&word=1,conj.,,,,,"and, also",,,,,,conj.,"and, also"
",,,,,,,]l*p?d?y*)*",getlex.php?coord=444041512&word=0,n.m.,,,,,torch,torch,,,,,n.m.,torch | torch
",,,,,,",getlex.php?coord=444041516&word=7,,,,,,,,,,,,,
r?bwt),getlex.php?coord=444041511&word=3,n.f.,,,,,greatness,greatness,metaph. and transf. mngs.,"the status or function of teacher (i.e., rabbi) of novices",,,n.f.,"greatness | greatness | metaph. and transf. mngs. | the status or function of teacher (i.e., rabbi) of novices"
"r*b*[,,,,]l,",getlex.php?coord=444041511&word=0,,,,,,,,,,,,,
w*m?r?h,getlex.php?coord=444041511&word=2,conj.,,,,,"and, also",,,,,,conj.,"and, also"
",,,",getlex.php?coord=444041511&word=1,,,,,,,,,,,,,
hw),getlex.php?coord=444041511&word=4,pron.,,,,,he,he,as copula,emphatic enclitic particle focusing on the word it follows,,,pron.,he | he | as copula | emphatic enclitic particle focusing on the word it follows
dy,getlex.php?coord=444041511&word=5,,,,,,,,,,,,,
",,,[",getlex.php?coord=444041510&word=12,,,,,,,,,,,,,
mN,getlex.php?coord=444041511&word=7,prep.,,,,,from,from,partitive,indicating the agent of a passive,,,prep.,from | from | partitive | indicating the agent of a passive
)rc{c}C,getlex.php?coord=444041510&word=10,vb. a/u G D Gt quad,,,,,to crush,to crush,to hammer,to crush,,,vb. a/u G D Gt quad,to crush | to crush | to hammer | to crush
(mh,getlex.php?coord=444041510&word=9,n.m.,,,,,people,"related group of people, nation","people, folks",,,,n.m.,"people | related group of people, nation | people, folks"
wnwr),getlex.php?coord=444041510&word=8,conj.,,,,,"and, also",,,,,,conj.,"and, also"
bydh,getlex.php?coord=444041510&word=7,prep.,,,,,"in, with",in,with (instrumental),among,,,prep.,"in, with | in | with (instrumental) | among"
k?w?l,getlex.php?coord=444041510&word=11,n.(pr.),,,,,"all, every",alone preceding a noun (technically the construct state!) :,as a postpositive with resumptive pronominal suffixes,emphatic state :,,,n.(pr.),"all, every | alone preceding a noun (technically the construct state!) : | as a postpositive with resumptive pronominal suffixes | emphatic state :"
yth,getlex.php?coord=444041511&word=6,vb. G D C Ct,,,,,"to come, arrive",to come,to occur; w.,ˁl,,,vb. G D C Ct,"to come, arrive | to come | to occur; w. | ˁl"
)?t?h?,getlex.php?coord=444041510&word=2,vb. G D C Ct,,,,,"to come, arrive",to come,to occur; w.,ˁl,,,vb. G D C Ct,"to come, arrive | to come | to occur; w. | ˁl"
ymyN,getlex.php?coord=444041510&word=4,n.f.,,,,,"right, right hand",adj. : right,right hand,south,,,n.f.,"right, right hand | adj. : right | right hand | south"
mN,getlex.php?coord=444041510&word=3,prep.,,,,,from,from,partitive,indicating the agent of a passive,,,prep.,from | from | partitive | indicating the agent of a passive
mgl),getlex.php?coord=444041510&word=6,n.f.,,,,,sickle,sickle,,,,,n.f.,sickle | sickle
)r(),getlex.php?coord=444041510&word=5,n.f.,,,,,ground; land; Earth,ground,"land, country",the Earth,,,n.f.,"ground; land; Earth | ground | land, country | the Earth"
m$gythwN,getlex.php?coord=444041509&word=7,n.f.,,,,,abundance,abundance,,,,,n.f.,abundance | abundance
wdy,getlex.php?coord=444041509&word=10,conj.,,,,,"and, also",,,,,,conj.,"and, also"
y?b*b*y*N,getlex.php?coord=444041509&word=5,vb. D Dt,,,,,D to play (instrument),to sound a trumpet (see note),to shout for joy,to roar in anger,,,vb. D Dt,D to play (instrument) | to sound a trumpet (see note) | to shout for joy | to roar in anger
yswryN,getlex.php?coord=444041509&word=6,v.n.D,,,,,chastisement,suffering through chastisement,bond (?),,,,v.n.D,chastisement | suffering through chastisement | bond (?)
r$y(yN,getlex.php?coord=444041509&word=9,adj.,,,,,wicked,alone,: wicked person,adj.: wicked (of a person),,,adj.,wicked | alone | : wicked person | adj.: wicked (of a person)
lhwN,getlex.php?coord=444041509&word=8,vb. G C Gt Ct,,,,,"to be, to become",to be,"to endure, to exist","to come to pass, to happen",,,vb. G C Gt Ct,"to be, to become | to be | to endure, to exist | to come to pass, to happen"
xzy?t?h?,getlex.php?coord=444041509&word=11,v.n.,,,,,seeing,"sight, seeing, faculty of vision","vision, sight",,,,v.n.,"seeing | sight, seeing, faculty of vision | vision, sight"
lgb?r?)?,getlex.php?coord=444041510&word=0,,,,,,,,,,,,,
wdy,getlex.php?coord=444041509&word=2,conj.,,,,,"and, also",,,,,,conj.,"and, also"
kwlhwN,getlex.php?coord=444041509&word=4,n.(pr.),,,,,"all, every",alone preceding a noun (technically the construct state!) :,as a postpositive with resumptive pronominal suffixes,emphatic state :,,,n.(pr.),"all, every | alone preceding a noun (technically the construct state!) : | as a postpositive with resumptive pronominal suffixes | emphatic state :"
)*r*(*)*,getlex.php?coord=444041509&word=1,n.f.,,,,,ground; land; Earth,ground,"land, country",the Earth,,,n.f.,"ground; land; Earth | ground | land, country | the Earth"
q?c?y*,getlex.php?coord=444041509&word=0,n.m.,,,,,end,end,appointed time,"fate, destiny",,,n.m.,"end | end | appointed time | fate, destiny"
b*[)r](?K?[,getlex.php?coord=444041508&word=7,prep.,,,,,"in, with",in,with (instrumental),among,,,prep.,"in, with | in | with (instrumental) | among"
wy$bw?N?,getlex.php?coord=444041508&word=6,conj.,,,,,"and, also",,,,,,conj.,"and, also"
xzyt),getlex.php?coord=444041509&word=3,"vb. G D C Gt Ct ethpolal, ethpay/w c el",,,,,to see,to see,(,metaph. as in European languages,,,"vb. G D C Gt Ct ethpolal, ethpay/w c el",to see | to see | ( | metaph. as in European languages
ymyN,getlex.php?coord=444041511&word=8,n.f.,,,,,"right, right hand",adj. : right,right hand,south,,,n.f.,"right, right hand | adj. : right | right hand | south"
)r(?)?,getlex.php?coord=444041511&word=9,n.f.,,,,,ground; land; Earth,ground,"land, country",the Earth,,,n.f.,"ground; land; Earth | ground | land, country | the Earth"
)wN,getlex.php?coord=444041508&word=5,n.m.,,,,,"power, natural urge",natural urge,,,,,n.m.,"power, natural urge | natural urge"
"h,,,,[,,],,,[,,,",getlex.php?coord=444041508&word=2,,,,,,,,,,,,,
n?b*(?,getlex.php?coord=444041508&word=4,,,,,,,,,,,,,
w)nwN,getlex.php?coord=444041508&word=0,conj.,,,,,"and, also",,,,,,conj.,"and, also"
lk*w*l,getlex.php?coord=444041508&word=1,,,,,,,,,,,,,
",,,]mn?h?w?N",getlex.php?coord=444041508&word=3,prep.,,,,,from,from,partitive,indicating the agent of a passive,,,prep.,from | from | partitive | indicating the agent of a passive
"l,m*,",getlex.php?coord=444041507&word=7,,,,,,,,,,,,,
",,,c*l*",getlex.php?coord=444041507&word=6,,,,,,,,,,,,,
",,[,,,,",getlex.php?coord=444041507&word=8,,,,,,,,,,,,,
"])*l,y*N[",getlex.php?coord=444041507&word=9,pron.,,,,,these (m. and f.),these,,,,,pron.,these (m. and f.) | these
"m*(*,,",getlex.php?coord=444041507&word=2,,,,,,,,,,,,,
rx?mn),getlex.php?coord=444041507&word=0,adj.,,,,,merciful,merciful,"רחמנא : the merciful One, i.e., God","Word of God, Scripture",,,adj.,"merciful | merciful | רחמנא : the merciful One, i.e., God | Word of God, Scripture"
",,$?x?",getlex.php?coord=444041506&word=2,,,,,,,,,,,,,
"bp*,,l?[",getlex.php?coord=444041506&word=3,,,,,,,,,,,,,
"lr*x*,,",getlex.php?coord=444041507&word=1,,,,,,,,,,,,,
hw?)?,getlex.php?coord=444041506&word=1,pron.,,,,,he,he,as copula,emphatic enclitic particle focusing on the word it follows,,,pron.,he | he | as copula | emphatic enclitic particle focusing on the word it follows
(]d?,getlex.php?coord=444041506&word=0,prep.,,,,,until,"until, as far as",as conj.:,see s.v.,,,prep.,"until | until, as far as | as conj.: | see s.v."
",,t*[",getlex.php?coord=444041505&word=3,,,,,,,,,,,,,
r?b?),getlex.php?coord=444041510&word=1,n.m.,,,,,chief; teacher,chief,master,,,,n.m.,chief; teacher | chief | master
"l,,,,,",getlex.php?coord=444041507&word=5,,,,,,,,,,,,,
"m?,,",getlex.php?coord=444041505&word=2,,,,,,,,,,,,,
",,br$(",getlex.php?coord=444041505&word=0,prep.,,,,,"in, with",in,with (instrumental),among,,,prep.,"in, with | in | with (instrumental) | among"
bn?y?K,getlex.php?coord=444041119&word=5,,,,,,,,,,,,,
l**k*w*l,getlex.php?coord=444041505&word=1,n.(pr.),,,,,"all, every",alone preceding a noun (technically the construct state!) :,as a postpositive with resumptive pronominal suffixes,emphatic state :,,,n.(pr.),"all, every | alone preceding a noun (technically the construct state!) : | as a postpositive with resumptive pronominal suffixes | emphatic state :"
"..[,,,,,,,,,,,,,,,",getlex.php?coord=444041119&word=6,,,,,,,,,,,,,
b?$?nyN,getlex.php?coord=444041119&word=4,,,,,,,,,,,,,
"l,,,,,,,,,,,,,,,,",getlex.php?coord=444041118&word=2,,,,,,,,,,,,,
)n?h,getlex.php?coord=444041119&word=1,,,,,,,,,,,,,
l?k,getlex.php?coord=444041119&word=2,,,,,,,,,,,,,
..,getlex.php?coord=444041119&word=3,,,,,,,,,,,,,
",,,,,,,,,,,,,,],,,",getlex.php?coord=444041119&word=0,,,,,,,,,,,,,
brM,getlex.php?coord=444041117&word=9,conj.,,,,,"but, however","but, however","just so, only, also, hardly (when expressing surprise or rhetorical function)",,,,conj.,"but, however | but, however | just so, only, also, hardly (when expressing surprise or rhetorical function)"
dM,getlex.php?coord=444041117&word=11,n.m.,,,,,blood,blood,juice,bsr wdm,,,n.m.,blood | blood | juice | bsr wdm
)ymtkwN,getlex.php?coord=444041117&word=14,n.f.,,,,,fear,fear,"appearance invoking fear, awesomeness",,,,n.f.,"fear | fear | appearance invoking fear, awesomeness"
l),getlex.php?coord=444041117&word=12,adv.,,,,,"no, not",no! (as interj.),not (preceding and negating a predicate),"compounded with adjectives, nouns, abstracts, and adverbs  ='un-', 'non', 'in-'",,,adv.,"no, not | no! (as interj.) | not (preceding and negating a predicate) | compounded with adjectives, nouns, abstracts, and adverbs  ='un-', 'non', 'in-'"
t)klwN,getlex.php?coord=444041117&word=13,vb. a/u G C Gt Ct,,,,,"to eat, consume",to eat,to consume,to enjoy the usufruct of something,,,vb. a/u G C Gt Ct,"to eat, consume | to eat | to consume | to enjoy the usufruct of something"
kwl,getlex.php?coord=444041117&word=10,n.(pr.),,,,,"all, every",alone preceding a noun (technically the construct state!) :,as a postpositive with resumptive pronominal suffixes,emphatic state :,,,n.(pr.),"all, every | alone preceding a noun (technically the construct state!) : | as a postpositive with resumptive pronominal suffixes | emphatic state :"
wdxltkwN,getlex.php?coord=444041117&word=15,conj. n.f.,,,,,"and, also",fear; faith,fear,"religion, belief in a divinity",,"dḥlh, dḥltˀ",conj. n.f.,"and, also | fear; faith | fear | religion, belief in a divinity"
)mr?,getlex.php?coord=444041118&word=1,,,,,,,,,,,,,
($b),getlex.php?coord=444041117&word=6,conj. n.m.,,,,,"and, also","grass, plant","grass, plant",,,"ˁsb, ˁsbˀ",conj. n.m.,"and, also | grass, plant | grass, plant"
byrq),getlex.php?coord=444041117&word=5,prep. n.m.,,,,,"in, with",in,with (instrumental),among,,"yrq, yrqˀ",prep. n.m.,"in, with | in | with (instrumental) | among"
lm?)?kl,getlex.php?coord=444041117&word=4,vb. a/u G C Gt Ct,,,,,"to eat, consume",to eat,to consume,to enjoy the usufruct of something,,,vb. a/u G C Gt Ct,"to eat, consume | to eat | to consume | to enjoy the usufruct of something"
dy,getlex.php?coord=444041117&word=7,,,,,,,,,,,,,
wlbnyK,getlex.php?coord=444041117&word=2,conj. n.m.,,,,,"and, also",son,"son, child",member of the same cohort (,,"br, brˀ",conj. n.m.,"and, also | son | son, child | member of the same cohort ("
k?w?l)?,getlex.php?coord=444041117&word=3,n.(pr.),,,,,"all, every",alone preceding a noun (technically the construct state!) :,as a postpositive with resumptive pronominal suffixes,emphatic state :,,,n.(pr.),"all, every | alone preceding a noun (technically the construct state!) : | as a postpositive with resumptive pronominal suffixes | emphatic state :"
)r(),getlex.php?coord=444041117&word=8,n.f.,,,,,ground; land; Earth,ground,"land, country",the Earth,,,n.f.,"ground; land; Earth | ground | land, country | the Earth"
d*,getlex.php?coord=444041507&word=4,,,,,,,,,,,,,
dy,getlex.php?coord=444041116&word=8,,,,,,,,,,,,,
"m*,,)*",getlex.php?coord=444041507&word=3,,,,,,,,,,,,,
wh),getlex.php?coord=444041116&word=10,conj. interj.,,,,,"and, also",here! look!,"here, look! (presentative particle)",here (adv.),,hˀ,conj. interj.,"and, also | here! look! | here, look! (presentative particle) | here (adv.)"
yh?b?,getlex.php?coord=444041117&word=0,vb. a/a G C Gt,,,,,to give,to give,to place,"to permit, allow",,,vb. a/a G C Gt,"to give | to give | to place | to permit, allow"
bhwN,getlex.php?coord=444041116&word=9,prep.,,,,,"in, with",in,with (instrumental),among,,,prep.,"in, with | in | with (instrumental) | among"
lK,getlex.php?coord=444041117&word=1,,,,,,,,,,,,,
)nh,getlex.php?coord=444041116&word=11,pron.,,,,,I,I,as enclitic subject marker with participles/adjectives,(philos.) Ego,,,pron.,I | I | as enclitic subject marker with participles/adjectives | (philos.) Ego
w$lT,getlex.php?coord=444041116&word=2,"conj. vb. a/a, e/u G D C Dt Ct",,,,,"and, also",to rule,to have power (+,b_,,šlṭ,"conj. vb. a/a, e/u G D C Dt Ct","and, also | to rule | to have power (+ | b_"
wbmdbryh),getlex.php?coord=444041116&word=5,conj. prep. n.m.,,,,,"and, also","in, with",in,with (instrumental),,b_,conj. prep. n.m.,"and, also | in, with | in | with (instrumental)"
",,yh)",getlex.php?coord=444041116&word=4,,,,,,,,,,,,,
)r(),getlex.php?coord=444041116&word=1,n.f.,,,,,ground; land; Earth,ground,"land, country",the Earth,,,n.f.,"ground; land; Earth | ground | land, country | the Earth"
wbTwryh),getlex.php?coord=444041116&word=6,conj. prep. n.m.,,,,,"and, also","in, with",in,with (instrumental),,b_,conj. prep. n.m.,"and, also | in, with | in | with (instrumental)"
bkwlhwN,getlex.php?coord=444041116&word=3,prep. n.(pr.),,,,,"in, with",in,with (instrumental),among,,"kl, klˀ",prep. n.(pr.),"in, with | in | with (instrumental) | among"
lhwN,getlex.php?coord=444041115&word=17,,,,,,,,,,,,,
",,,,,,,l,",getlex.php?coord=444041116&word=0,,,,,,,,,,,,,
kw)tK,getlex.php?coord=444041115&word=18,prep.,,,,,like,"like, just as",,,,,prep.,"like | like, just as"
l(lmyM,getlex.php?coord=444041115&word=19,n.m.,,,,,eternity; world,eternity (usually as a,nomen rectum,),,,n.m.,eternity; world | eternity (usually as a | nomen rectum | )
wly,getlex.php?coord=444041115&word=6,,,,,,,,,,,,,
(mK,getlex.php?coord=444041115&word=12,prep.,,,,,with,"with, together with",at,"at the time of, during",,,prep.,"with | with, together with | at | at the time of, during"
)?l,getlex.php?coord=444041115&word=8,adv.,,,,,not (prohibitive),not (prohibitive),,,,,adv.,not (prohibitive) | not (prohibitive)
nwx,getlex.php?coord=444041115&word=11,,,,,,,,,,,,,
)mr?,getlex.php?coord=444041115&word=7,vb. a/a G Gt,,,,,to say,to say,to command,"to say to oneself, to have a thought",,,vb. a/a G Gt,"to say | to say | to command | to say to oneself, to have a thought"
y),getlex.php?coord=444041115&word=10,interj.,,,,,O (vocative),O (vocative),,,,,interj.,O (vocative) | O (vocative)
t?d?x?l,getlex.php?coord=444041115&word=9,vb. a(e)/a(u) G D C Gt Dt,,,,,to fear,"to fear, be afraid",mn,of,,,vb. a(e)/a(u) G D C Gt Dt,"to fear | to fear, be afraid | mn | of"
",,,,,,,,,,,,,,,,,,,,,,]l(lmyM",getlex.php?coord=444041118&word=0,,,,,,,,,,,,,
",,,,,,",getlex.php?coord=444041115&word=2,,,,,,,,,,,,,
mll,getlex.php?coord=444041115&word=4,vb. D C Dt,,,,,D to speak,to speak,to sound,to enable someone to speak,,,vb. D C Dt,D to speak | to speak | to sound | to enable someone to speak
$my),getlex.php?coord=444041115&word=3,n.m.pl.t.,,,,,heaven; ceiling,heaven,"roof, ceiling",,,,n.m.pl.t.,"heaven; ceiling | heaven | roof, ceiling"
ly?,getlex.php?coord=444041115&word=1,,,,,,,,,,,,,
(my,getlex.php?coord=444041115&word=5,prep.,,,,,with,"with, together with",at,"at the time of, during",,,prep.,"with | with, together with | at | at the time of, during"
qn?h?,getlex.php?coord=444041114&word=11,vb. G D C Gt,,,,,to acquire,to acquire,to provide,"to give possession, furnish",,,vb. G D C Gt,"to acquire | to acquire | to provide | to give possession, furnish"
l,getlex.php?coord=444041114&word=8,,,,,,,,,,,,,
",,,,,,,,",getlex.php?coord=444041114&word=9,,,,,,,,,,,,,
bdylh,getlex.php?coord=444041114&word=12,prep.,,,,,on account of,on account of,concerning,,,,prep.,on account of | on account of | concerning
lk?w?l,getlex.php?coord=444041114&word=10,n.(pr.),,,,,"all, every",alone preceding a noun (technically the construct state!) :,as a postpositive with resumptive pronominal suffixes,emphatic state :,,,n.(pr.),"all, every | alone preceding a noun (technically the construct state!) : | as a postpositive with resumptive pronominal suffixes | emphatic state :"
w)txzy,getlex.php?coord=444041115&word=0,"conj. vb. G D C Gt Ct ethpolal, ethpay/w c el",,,,,"and, also",to see,to see,(,,ḥzy,"conj. vb. G D C Gt Ct ethpolal, ethpay/w c el","and, also | to see | to see | ("
###,getlex.php?coord=444041114&word=13,,,,,,,,,,,,,
lg?b?r?,getlex.php?coord=444041114&word=6,n.m.,,,,,man,man,"person, someone",supernatural being,,,n.m.,"man | man | person, someone | supernatural being"
(bd,getlex.php?coord=444041114&word=1,vb. a/e G D C Gt Ct quad,,,,,"to make, act, do",to make,"to do, perform, act in a certain manner","to designate, make into",,,vb. a/e G D C Gt Ct quad,"to make, act, do | to make | to do, perform, act in a certain manner | to designate, make into"
xms),getlex.php?coord=444041114&word=2,n.m.,,,,,"criminality, violence","criminality, violence",,,,,n.m.,"criminality, violence | criminality, violence"
w$qr),getlex.php?coord=444041114&word=4,conj. n.m.,,,,,"and, also",lie,"lie, falsehood",deceitful behavior,,"šqr, šqrˀ",conj. n.m.,"and, also | lie | lie, falsehood | deceitful behavior"
wplT,getlex.php?coord=444041114&word=5,"conj. vb. a/a, a/u G D C Gt Dt",,,,,"and, also",to escape,(intransitive) to escape,(trans.) to eject,,plṭ,"conj. vb. a/a, a/u G D C Gt Dt","and, also | to escape | (intransitive) to escape | (trans.) to eject"
wr$(),getlex.php?coord=444041114&word=3,conj. v.n.,,,,,"and, also",evil,evil,,,"ršˁ, ršˁˀ",conj. v.n.,"and, also | evil | evil"
cd?y?q),getlex.php?coord=444041114&word=7,adj.,,,,,"righteous person, righteous","righteous person, righteous",entitled to rights,"true, pure",,,adj.,"righteous person, righteous | righteous person, righteous | entitled to rights | true, pure"
wbkwl,getlex.php?coord=444041116&word=7,conj. prep. n.(pr.),,,,,"and, also","in, with",in,with (instrumental),,b_,conj. prep. n.(pr.),"and, also | in, with | in | with (instrumental)"
mnh),getlex.php?coord=444041113&word=17,conj. vb. a/a G D C Gt Dt quad T,,,,,"and, also",to be lost,"to be lost, disappear",to perish,,ˀbd,conj. vb. a/a G D C Gt Dt quad T,"and, also | to be lost | to be lost, disappear | to perish"
wdy,getlex.php?coord=444041113&word=14,n.f.,,,,,ground; land; Earth,ground,"land, country",the Earth,,,n.f.,"ground; land; Earth | ground | land, country | the Earth"
)?r(),getlex.php?coord=444041113&word=13,prep.,,,,,upon; against; to,"upon, over, on to","against, over against","toward, to",,,prep.,"upon; against; to | upon, over, on to | against, over against | toward, to"
)(dy,getlex.php?coord=444041113&word=15,conj.,,,,,"and, also",,,,,,conj.,"and, also"
kwl,getlex.php?coord=444041114&word=0,n.(pr.),,,,,"all, every",alone preceding a noun (technically the construct state!) :,as a postpositive with resumptive pronominal suffixes,emphatic state :,,,n.(pr.),"all, every | alone preceding a noun (technically the construct state!) : | as a postpositive with resumptive pronominal suffixes | emphatic state :"
w)bd,getlex.php?coord=444041113&word=16,vb. G D C Gt Ct,,,,,to pass over,"to pass over, cross",to pass by,"to be over, finished, removed, pass away from",,,vb. G D C Gt Ct,"to pass over | to pass over, cross | to pass by | to be over, finished, removed, pass away from"
)nh,getlex.php?coord=444041115&word=13,pron.,,,,,I,I,as enclitic subject marker with participles/adjectives,(philos.) Ego,,,pron.,I | I | as enclitic subject marker with participles/adjectives | (philos.) Ego
dy,getlex.php?coord=444041115&word=16,,,,,,,,,,,,,
w(M,getlex.php?coord=444041115&word=14,conj. prep.,,,,,"and, also",with,"with, together with",at,,ˁm,conj. prep.,"and, also | with | with, together with | at"
bnyK,getlex.php?coord=444041115&word=15,n.m.,,,,,son,"son, child",member of the same cohort (,see also 'compounds' 3.2),,,n.m.,"son | son, child | member of the same cohort ( | see also 'compounds' 3.2)"
rxM,getlex.php?coord=444041113&word=11,,,,,,,,,,,,,
wbrkt,getlex.php?coord=444041113&word=9,conj. vb. a/u G C Ct palpel ethpalpal,,,,,"and, also",to return,to return (intransitive),"to change direction, turn away",,twb,conj. vb. a/u G C Ct palpel ethpalpal,"and, also | to return | to return (intransitive) | to change direction, turn away"
wlh,getlex.php?coord=444041113&word=6,pron.,,,,,he,he,as copula,emphatic enclitic particle focusing on the word it follows,,,pron.,he | he | as copula | emphatic enclitic particle focusing on the word it follows
t$bxt),getlex.php?coord=444041113&word=7,conj.,,,,,"and, also",,,,,,conj.,"and, also"
dy,getlex.php?coord=444041113&word=10,conj. vb. a/a(u) G D C Dt,,,,,"and, also",to bow; D to bless,to bow,(knee) to bend,,brk,conj. vb. a/a(u) G D C Dt,"and, also | to bow; D to bless | to bow | (knee) to bend"
w?t?b?t,getlex.php?coord=444041113&word=8,n.f.,,,,,praise,praise,"psalm, hymn of praise","glory, splendor, beauty",,,n.f.,"praise | praise | psalm, hymn of praise | glory, splendor, beauty"
(l,getlex.php?coord=444041113&word=12,vb. e/a G D C Gt Dt,,,,,to love,to love,to have pity on,w.,,,vb. e/a G D C Gt Dt,to love | to love | to have pity on | w.
$my),getlex.php?coord=444041113&word=0,n.m.pl.t.,,,,,heaven; ceiling,heaven,"roof, ceiling",,,,n.m.pl.t.,"heaven; ceiling | heaven | roof, ceiling"
lmrh,getlex.php?coord=444041112&word=14,n.m.,,,,,"master, lord",master,owner,title of respect,,,n.m.,"master, lord | master | owner | title of respect"
(?b?d,getlex.php?coord=444041113&word=3,,,,,,,,,,,,,
hw),getlex.php?coord=444041113&word=5,adv.,,,,,forever,forever,lˁlm ˁlmyn,",",,,adv.,"forever | forever | lˁlm ˁlmyn | ,"
dy,getlex.php?coord=444041113&word=1,,,,,,,,,,,,,
$?b?x?,getlex.php?coord=444041113&word=2,n.m.,,,,,praise,praise,"glory, splendor","(philos.) belief, doctrine",,,n.m.,"praise | praise | glory, splendor | (philos.) belief, doctrine"
brkt,getlex.php?coord=444041112&word=13,vb. a/a(u) G D C Dt,,,,,to bow; D to bless,to bow,(knee) to bend,"to bless, sanctify through blessing",,,vb. a/a(u) G D C Dt,"to bow; D to bless | to bow | (knee) to bend | to bless, sanctify through blessing"
l(lM,getlex.php?coord=444041113&word=4,vb. a/e G D C Gt Ct quad,,,,,"to make, act, do",to make,"to do, perform, act in a certain manner","to designate, make into",,,vb. a/e G D C Gt Ct quad,"to make, act, do | to make | to do, perform, act in a certain manner | to designate, make into"
w(bwr,getlex.php?coord=444041112&word=11,conj. n.m.,,,,,"and, also",grain,grain,,,"ˁbwr, ˁbwrˀ",conj. n.m.,"and, also | grain | grain"
w)r(),getlex.php?coord=444041112&word=6,conj. n.f.,,,,,"and, also",ground; land; Earth,ground,"land, country",,"ˀrˁ, ˀrˁˀ",conj. n.f.,"and, also | ground; land; Earth | ground | land, country"
kwlh),getlex.php?coord=444041112&word=7,n.(pr.),,,,,"all, every",alone preceding a noun (technically the construct state!) :,as a postpositive with resumptive pronominal suffixes,emphatic state :,,,n.(pr.),"all, every | alone preceding a noun (technically the construct state!) : | as a postpositive with resumptive pronominal suffixes | emphatic state :"
mly),getlex.php?coord=444041112&word=8,adj./n.m,,,,,full,full,"as a substantive : full amount, fullness",in compounds: limiting an amount of time or space,,,adj./n.m,"full | full | as a substantive : full amount, fullness | in compounds: limiting an amount of time or space"
w($b,getlex.php?coord=444041112&word=10,conj. n.m.,,,,,"and, also","grass, plant","grass, plant",,,"ˁsb, ˁsbˀ",conj. n.m.,"and, also | grass, plant | grass, plant"
dt),getlex.php?coord=444041112&word=9,n.m.,,,,,grass,"grass, ground vegetation",,,,,n.m.,"grass | grass, ground vegetation"
)dyN,getlex.php?coord=444041112&word=12,conj./adv.,,,,,"then, at that time","then, at that time",,,,,conj./adv.,"then, at that time | then, at that time"
b)nbhwN,getlex.php?coord=444041112&word=5,prep. n.m.,,,,,"in, with",in,with (instrumental),among,,"ˀb, ˀbˀ, ˀnbˀ",prep. n.m.,"in, with | in | with (instrumental) | among"
(dN,getlex.php?coord=444041112&word=3,n.m.,,,,,pleasantness,pleasantness or pleasant things,,,,,n.m.,pleasantness | pleasantness or pleasant things
"],,,",getlex.php?coord=444041112&word=1,,,,,,,,,,,,,
b(lyhwN,getlex.php?coord=444041112&word=4,prep. n.f.,,,,,"in, with",in,with (instrumental),among,,ˁlh,prep. n.f.,"in, with | in | with (instrumental) | among"
",,",getlex.php?coord=444041111&word=9,,,,,,,,,,,,,
"l,,,,,,,,N",getlex.php?coord=444041111&word=10,,,,,,,,,,,,,
(lyh),getlex.php?coord=444041112&word=2,prep.,,,,,upon; against; to,"upon, over, on to","against, over against","toward, to",,,prep.,"upon; against; to | upon, over, on to | against, over against | toward, to"
"[,,,",getlex.php?coord=444041112&word=0,,,,,,,,,,,,,
"[,,,,,]",getlex.php?coord=444041111&word=8,,,,,,,,,,,,,
l)wrkh),getlex.php?coord=444041111&word=6,n.m.,,,,,length,length (in space),(in time),,,,n.m.,length | length (in space) | (in time)
wlpwtyh)?,getlex.php?coord=444041111&word=7,conj. n.m.,,,,,"and, also",width,"width, breadth","broad area, plaza [calque BH רחוב?]",,"pwty, pwtyˀ",conj. n.m.,"and, also | width | width, breadth | broad area, plaza [calque BH רחוב?]"
######,getlex.php?coord=444041110&word=2,,,,,,,,,,,,,
"wd)?,,,,,l,",getlex.php?coord=444041109&word=5,,,,,,,,,,,,,
"l(,bry)",getlex.php?coord=444041109&word=4,n.m.,,,,,crossing,crossing,farther bank,"end, edge",,,n.m.,"crossing | crossing | farther bank | end, edge"
",,,,],,,,,,h",getlex.php?coord=444041109&word=7,,,,,,,,,,,,,
"[,,,",getlex.php?coord=444041109&word=6,,,,,,,,,,,,,
"[,,,],,[,,,],",getlex.php?coord=444041110&word=0,,,,,,,,,,,,,
l),getlex.php?coord=444041109&word=8,adv.,,,,,"no, not",no! (as interj.),not (preceding and negating a predicate),"compounded with adjectives, nouns, abstracts, and adverbs  ='un-', 'non', 'in-'",,,adv.,"no, not | no! (as interj.) | not (preceding and negating a predicate) | compounded with adjectives, nouns, abstracts, and adverbs  ='un-', 'non', 'in-'"
)r?b(,getlex.php?coord=444041110&word=1,num.,,,,,four,four,ארבעתא : group of four,,,,num.,four | four | ארבעתא : group of four
wdmdbr?y),getlex.php?coord=444041109&word=3,conj. n.m.,,,,,"and, also",desert,desert,high desert scrubland for pasturing,,"mdbr, mdbrˀ",conj. n.m.,"and, also | desert | desert | high desert scrubland for pasturing"
)?n?h,getlex.php?coord=444041111&word=1,pron.,,,,,I,I,as enclitic subject marker with participles/adjectives,(philos.) Ego,,,pron.,I | I | as enclitic subject marker with participles/adjectives | (philos.) Ego
b)r(),getlex.php?coord=444041111&word=5,prep. n.f.,,,,,"in, with",in,with (instrumental),among,,"ˀrˁ, ˀrˁˀ",prep. n.f.,"in, with | in | with (instrumental) | among"
",,,,)",getlex.php?coord=444041109&word=1,,,,,,,,,,,,,
"[,,,]",getlex.php?coord=444041109&word=0,,,,,,,,,,,,,
lTwry),getlex.php?coord=444041109&word=2,n.m.,,,,,mountain,mountain,"high pasture, field",parapet (?),,,n.m.,"mountain | mountain | high pasture, field | parapet (?)"
npqt,getlex.php?coord=444041111&word=3,vb. a/u G D C Dt Ct,,,,,to go out,"to go out, come out, leave","to turn into, end up differently from how it started","to be spent, i.e. used up, consumed",,,vb. a/u G D C Dt Ct,"to go out | to go out, come out, leave | to turn into, end up differently from how it started | to be spent, i.e. used up, consumed"
",,,,",getlex.php?coord=444041105&word=2,,,,,,,,,,,,,
bry),getlex.php?coord=444041105&word=3,adj.,,,,,"healthy, firm","healthy, firm","free, clear","heavy, fat",,,adj.,"healthy, firm | healthy, firm | free, clear | heavy, fat"
",,,,,,[,,,",getlex.php?coord=444041105&word=5,,,,,,,,,,,,,
",,,)",getlex.php?coord=444041105&word=1,,,,,,,,,,,,,
"[,,,]",getlex.php?coord=444041105&word=0,,,,,,,,,,,,,
",,,,,,,hwN",getlex.php?coord=444041105&word=4,,,,,,,,,,,,,
t^y^bwt),getlex.php?coord=444041101&word=5,n.f.,,,,,chest; ark,chest,"vessel, ark",(gram.) word,,,n.f.,"chest; ark | chest | vessel, ark | (gram.) word"
btr(,getlex.php?coord=444041101&word=4,prep. n.m.,,,,,"in, with",in,with (instrumental),among,,"trˁ, trˁˀ",prep. n.m.,"in, with | in | with (instrumental) | among"
",,,,,,,,,,",getlex.php?coord=444041101&word=8,,,,,,,,,,,,,
b?)ry),getlex.php?coord=444041101&word=6,prep. n.m.,,,,,"in, with",in,with (instrumental),among,,"ˀry, ˀryˀ",prep. n.m.,"in, with | in | with (instrumental) | among"
lq,getlex.php?coord=444041101&word=7,,,,,,,,,,,,,
"l*b*,)*",getlex.php?coord=444041421&word=1,,,,,,,,,,,,,
lh*,getlex.php?coord=444041421&word=2,,,,,,,,,,,,,
)nh,getlex.php?coord=444041101&word=1,pron.,,,,,I,I,as enclitic subject marker with participles/adjectives,(philos.) Ego,,,pron.,I | I | as enclitic subject marker with participles/adjectives | (philos.) Ego
"[,,,]",getlex.php?coord=444041101&word=0,,,,,,,,,,,,,
",,y(C?",getlex.php?coord=444041421&word=4,,,,,,,,,,,,,
",,)?",getlex.php?coord=444041421&word=3,,,,,,,,,,,,,
h?w?y?t,getlex.php?coord=444041101&word=3,vb. G C Gt Ct,,,,,"to be, to become",to be,"to endure, to exist","to come to pass, to happen",,,vb. G C Gt Ct,"to be, to become | to be | to endure, to exist | to come to pass, to happen"
n?wx,getlex.php?coord=444041101&word=2,,,,,,,,,,,,,
",,ly*N*",getlex.php?coord=444041420&word=11,,,,,,,,,,,,,
",,,",getlex.php?coord=444041420&word=12,,,,,,,,,,,,,
)?lM,getlex.php?coord=444041420&word=9,n.m.,,,,,god,god,as a specific divine name :,see also s.v.,,,n.m.,god | god | as a specific divine name : | see also s.v.
d*y*,getlex.php?coord=444041420&word=10,,,,,,,,,,,,,
k*l*,getlex.php?coord=444041420&word=8,n.(pr.),,,,,"all, every",alone preceding a noun (technically the construct state!) :,as a postpositive with resumptive pronominal suffixes,emphatic state :,,,n.(pr.),"all, every | alone preceding a noun (technically the construct state!) : | as a postpositive with resumptive pronominal suffixes | emphatic state :"
)dyN,getlex.php?coord=444041111&word=0,conj./adv.,,,,,"then, at that time","then, at that time",,,,,conj./adv.,"then, at that time | then, at that time"
",,,,,,,,,,,,,,,,]l?l?,,h*",getlex.php?coord=444041421&word=0,,,,,,,,,,,,,
whlkt,getlex.php?coord=444041111&word=4,conj. vb. a/(a) G D C Gt Dt quad quad T,,,,,"and, also",to go; D to walk,"to go, to proceed","to behave, act",,hlk,conj. vb. a/(a) G D C Gt Dt quad quad T,"and, also | to go; D to walk | to go, to proceed | to behave, act"
n?w?x,getlex.php?coord=444041111&word=2,,,,,,,,,,,,,
(*ll,getlex.php?coord=444041420&word=3,,,,,,,,,,,,,
w?q*d*m*y*t*[)],getlex.php?coord=444041420&word=5,conj.,,,,,"and, also",,,,,,conj.,"and, also"
lh?,getlex.php?coord=444041420&word=7,,,,,,,,,,,,,
"m*,,,[,,,,,,],y?)?,,",getlex.php?coord=444041420&word=2,n.m.pl.,,,,,water,water,"juice, fluid",semen,,,n.m.pl.,"water | water | juice, fluid | semen"
"m*,,,,",getlex.php?coord=444041420&word=6,,,,,,,,,,,,,
b*h*,getlex.php?coord=444041420&word=4,prep.,,,,,"in, with",in,with (instrumental),among,,,prep.,"in, with | in | with (instrumental) | among"
",,,,,,,",getlex.php?coord=444041420&word=0,,,,,,,,,,,,,
t*p*l*h*,getlex.php?coord=444041419&word=6,,,,,,,,,,,,,
",,,,m,t*",getlex.php?coord=444041419&word=5,,,,,,,,,,,,,
s*P*,getlex.php?coord=444041419&word=4,vb. a/u G D C Dt Ct,,,,,to come to an end,to be fulfilled,to disappear,to define,,,vb. a/u G D C Dt Ct,to come to an end | to be fulfilled | to disappear | to define
lr?z?),getlex.php?coord=444041419&word=1,,,,,,,,,,,,,
l*K,getlex.php?coord=444041419&word=3,,,,,,,,,,,,,
",,,,,,,,,,,,,",getlex.php?coord=444041419&word=8,,,,,,,,,,,,,
")*,N*",getlex.php?coord=444041419&word=7,,,,,,,,,,,,,
h?ww*)*,getlex.php?coord=444041419&word=2,vb. G C Gt Ct,,,,,"to be, to become",to be,"to endure, to exist","to come to pass, to happen",,,vb. G C Gt Ct,"to be, to become | to be | to endure, to exist | to come to pass, to happen"
",,m,,,,l?h*$?tk*l*",getlex.php?coord=444041419&word=0,,,,,,,,,,,,,
wl),getlex.php?coord=444041418&word=11,conj.,,,,,"and, also",,,,,,conj.,"and, also"
[)]y*)*,getlex.php?coord=444041418&word=16,n.m.,,,,,wood,wood,"pl. :shrubbery, wood-bearing plants [Hebrew calque]",,,,n.m.,"wood | wood | pl. :shrubbery, wood-bearing plants [Hebrew calque]"
[y]t*b*w*,getlex.php?coord=444041418&word=14,vb. i/i G D C Dt Ct,,,,,"to sit ; to dwell; to stay, remain",to sit,to dwell,to settle down,,,vb. i/i G D C Dt Ct,"to sit ; to dwell; to stay, remain | to sit | to dwell | to settle down"
"h*,,h*",getlex.php?coord=444041418&word=13,vb. G C Gt Ct,,,,,"to be, to become",to be,"to endure, to exist","to come to pass, to happen",,,vb. G C Gt Ct,"to be, to become | to be | to endure, to exist | to come to pass, to happen"
",,,",getlex.php?coord=444041418&word=12,,,,,,,,,,,,,
b*g*)*,getlex.php?coord=444041418&word=15,prep.,,,,,within,within,among,,,,prep.,within | within | among
ly*M,getlex.php?coord=444041418&word=9,,,,,,,,,,,,,
r*b*),getlex.php?coord=444041418&word=10,n.m.,,,,,chief; teacher,chief,master,,,,n.m.,chief; teacher | chief | master
(ll,getlex.php?coord=444041417&word=12,vb. a/u G D C Dt Ct,,,,,to enter,to enter,w.,"ˁl, ˁm, lwt",,,vb. a/u G D C Dt Ct,"to enter | to enter | w. | ˁl, ˁm, lwt"
bgw,getlex.php?coord=444041417&word=13,prep.,,,,,within,within,among,,,,prep.,within | within | among
d?x*y*l?p?t?)?,getlex.php?coord=444041418&word=1,,,,,,,,,,,,,
",,)?",getlex.php?coord=444041418&word=0,,,,,,,,,,,,,
qdmyt),getlex.php?coord=444041417&word=15,adj.,,,,,first,first,former,"front part, bust",,,adj.,"first | first | former | front part, bust"
nwP,getlex.php?coord=444041417&word=14,n.m.,,,,,branches on top of tree,(bot.) branches on top of tree,"offspring, progeny",offshoot,,,n.m.,"branches on top of tree | (bot.) branches on top of tree | offspring, progeny | offshoot"
d*)*,getlex.php?coord=444041418&word=2,pron.,,,,,this (f.),this (f.),,,,,pron.,this (f.) | this (f.)
h*w*w*h*,getlex.php?coord=444041418&word=3,vb. G C Gt Ct,,,,,"to be, to become",to be,"to endure, to exist","to come to pass, to happen",,,vb. G C Gt Ct,"to be, to become | to be | to endure, to exist | to come to pass, to happen"
w*k*l*,getlex.php?coord=444041418&word=6,conj.,,,,,"and, also",,,,,,conj.,"and, also"
b)r*(*)*,getlex.php?coord=444041418&word=5,prep.,,,,,"in, with",in,with (instrumental),among,,,prep.,"in, with | in | with (instrumental) | among"
)*y?)?,getlex.php?coord=444041418&word=7,n.m.,,,,,"island, peninsula","island, peninsula",,,,,n.m.,"island, peninsula | island, peninsula"
qct,getlex.php?coord=444041417&word=10,,,,,,,,,,,,,
mN,getlex.php?coord=444041417&word=9,conj.,,,,,"and, also",,,,,,conj.,"and, also"
nwphN,getlex.php?coord=444041417&word=11,n.m.,,,,,branches on top of tree,(bot.) branches on top of tree,"offspring, progeny",offshoot,,,n.m.,"branches on top of tree | (bot.) branches on top of tree | offspring, progeny | offshoot"
y*tbyN,getlex.php?coord=444041418&word=4,vb. i/i G D C Dt Ct,,,,,"to sit ; to dwell; to stay, remain",to sit,to dwell,to settle down,,,vb. i/i G D C Dt Ct,"to sit ; to dwell; to stay, remain | to sit | to dwell | to settle down"
wx?d,getlex.php?coord=444041417&word=4,conj.,,,,,"and, also",,,,,,conj.,"and, also"
xzyt,getlex.php?coord=444041417&word=8,"vb. G D C Gt Ct ethpolal, ethpay/w c el",,,,,to see,to see,(,metaph. as in European languages,,,"vb. G D C Gt Ct ethpolal, ethpay/w c el",to see | to see | ( | metaph. as in European languages
]w?rz?)?,getlex.php?coord=444041420&word=1,,,,,,,,,,,,,
w?d?y?,getlex.php?coord=444041417&word=7,conj.,,,,,"and, also",,,,,,conj.,"and, also"
)*r(),getlex.php?coord=444041417&word=3,n.f.,,,,,ground; land; Earth,ground,"land, country",the Earth,,,n.f.,"ground; land; Earth | ground | land, country | the Earth"
)*r*(?h?,getlex.php?coord=444041417&word=6,n.f.,,,,,ground; land; Earth,ground,"land, country",the Earth,,,n.f.,"ground; land; Earth | ground | land, country | the Earth"
l$*m?)*l?,getlex.php?coord=444041417&word=5,,,,,,,,,,,,,
",,C?",getlex.php?coord=444041417&word=0,,,,,,,,,,,,,
"p*y?s?,,M*",getlex.php?coord=444041416&word=13,,,,,,,,,,,,,
bn*y*N?,getlex.php?coord=444041416&word=10,n.m.,,,,,son,"son, child",member of the same cohort (,see also 'compounds' 3.2),,,n.m.,"son | son, child | member of the same cohort ( | see also 'compounds' 3.2)"
x?d?,getlex.php?coord=444041417&word=1,num.,,,,,one,one,with another number (or,b,,,num.,one | one | with another number (or | b
ly?m?y?N?,getlex.php?coord=444041417&word=2,,,,,,,,,,,,,
",,,th",getlex.php?coord=444041416&word=11,,,,,,,,,,,,,
")?n*,,",getlex.php?coord=444041416&word=12,,,,,,,,,,,,,
qc?t,getlex.php?coord=444041416&word=3,,,,,,,,,,,,,
wmN,getlex.php?coord=444041416&word=2,conj.,,,,,"and, also",,,,,,conj.,"and, also"
nwP,getlex.php?coord=444041416&word=7,n.m.,,,,,branches on top of tree,(bot.) branches on top of tree,"offspring, progeny",offshoot,,,n.m.,"branches on top of tree | (bot.) branches on top of tree | offspring, progeny | offshoot"
n?w?p?h*N*,getlex.php?coord=444041416&word=4,n.m.,,,,,branches on top of tree,(bot.) branches on top of tree,"offspring, progeny",offshoot,,,n.m.,"branches on top of tree | (bot.) branches on top of tree | offspring, progeny | offshoot"
bgw,getlex.php?coord=444041416&word=6,prep.,,,,,within,within,among,,,,prep.,within | within | among
(*ll,getlex.php?coord=444041416&word=5,vb. a/u G D C Dt Ct,,,,,to enter,to enter,w.,"ˁl, ˁm, lwt",,,vb. a/u G D C Dt Ct,"to enter | to enter | w. | ˁl, ˁm, lwt"
qdmyt),getlex.php?coord=444041416&word=8,adj.,,,,,first,first,former,"front part, bust",,,adj.,"first | first | former | front part, bust"
",,,",getlex.php?coord=444041415&word=8,,,,,,,,,,,,,
d?y?,getlex.php?coord=444041415&word=7,,,,,,,,,,,,,
)xrn?y?t?),getlex.php?coord=444041415&word=6,,,,,,,,,,,,,
"m*n*h?,",getlex.php?coord=444041415&word=9,prep.,,,,,from,from,partitive,indicating the agent of a passive,,,prep.,from | from | partitive | indicating the agent of a passive
",,",getlex.php?coord=444041415&word=10,,,,,,,,,,,,,
",,,m?)?p*l)?",getlex.php?coord=444041416&word=1,,,,,,,,,,,,,
",]######l?,,",getlex.php?coord=444041416&word=0,,,,,,,,,,,,,
"l,,,",getlex.php?coord=444041415&word=11,,,,,,,,,,,,,
",h?,l",getlex.php?coord=444041418&word=8,,,,,,,,,,,,,
xzyth,getlex.php?coord=444041415&word=3,v.n.,,,,,seeing,"sight, seeing, faculty of vision","vision, sight",,,,v.n.,"seeing | sight, seeing, faculty of vision | vision, sight"
wdy,getlex.php?coord=444041415&word=2,conj.,,,,,"and, also",,,,,,conj.,"and, also"
lp?s?q*t*,getlex.php?coord=444041415&word=4,,,,,,,,,,,,,
",,,,",getlex.php?coord=444041414&word=10,,,,,,,,,,,,,
[)rz),getlex.php?coord=444041414&word=9,n.m.,,,,,cedar,cedar,dryness (?),,,,n.m.,cedar | cedar | dryness (?)
",,,]y*t?",getlex.php?coord=444041415&word=1,prep.,,,,,accusative particle,accusative particle,as a demonstrative pronoun :,see s.v.,,,prep.,accusative particle | accusative particle | as a demonstrative pronoun : | see s.v.
xlpt),getlex.php?coord=444041415&word=5,n.f.,,,,,exchange,"exchange, replacement",passing over,,,,n.f.,"exchange | exchange, replacement | passing over"
",,,,,,,,,",getlex.php?coord=444041415&word=0,,,,,,,,,,,,,
xzyt),getlex.php?coord=444041414&word=5,"vb. G D C Gt Ct ethpolal, ethpay/w c el",,,,,to see,to see,(,metaph. as in European languages,,,"vb. G D C Gt Ct ethpolal, ethpay/w c el",to see | to see | ( | metaph. as in European languages
lxlp?t),getlex.php?coord=444041414&word=6,,,,,,,,,,,,,
dbq),getlex.php?coord=444041414&word=7,n.m.,,,,,glue; joint,glue or join,"seam, joint",constipation,,,n.m.,"glue; joint | glue or join | seam, joint | constipation"
bg*[d]M,getlex.php?coord=444041414&word=8,prep.,,,,,"in, with",in,with (instrumental),among,,,prep.,"in, with | in | with (instrumental) | among"
wdy,getlex.php?coord=444041414&word=4,conj.,,,,,"and, also",,,,,,conj.,"and, also"
",,,m*N*",getlex.php?coord=444041413&word=7,prep.,,,,,from,from,partitive,indicating the agent of a passive,,,prep.,from | from | partitive | indicating the agent of a passive
",,,],,h*",getlex.php?coord=444041414&word=0,,,,,,,,,,,,,
lkwl,getlex.php?coord=444041413&word=6,,,,,,,,,,,,,
"w*p*l,,,s*[,,,",getlex.php?coord=444041413&word=9,,,,,,,,,,,,,
lncbt,getlex.php?coord=444041413&word=4,,,,,,,,,,,,,
qw?$T,getlex.php?coord=444041413&word=5,n.m.,,,,,"honesty, truth","honesty, truth","justice, proper thing",adv./interj.: truly!,,,n.m.,"honesty, truth | honesty, truth | justice, proper thing | adv./interj.: truly!"
y*w*m*)*,getlex.php?coord=444041413&word=8,n.m.,,,,,day,day,pl.: time period,"daytime, sun light (",,,n.m.,"day | day | pl.: time period | daytime, sun light ("
[q]d*m?y?),getlex.php?coord=444041413&word=2,adj.,,,,,first,first,former,"front part, bust",,,adj.,"first | first | former | front part, bust"
",,,,,,,,",getlex.php?coord=444041413&word=0,,,,,,,,,,,,,
",,,,)*",getlex.php?coord=444041412&word=15,,,,,,,,,,,,,
b*r?,getlex.php?coord=444041413&word=1,,,,,,,,,,,,,
b?n*y*k*,getlex.php?coord=444041412&word=14,n.m.,,,,,son,"son, child",member of the same cohort (,see also 'compounds' 3.2),,,n.m.,"son | son, child | member of the same cohort ( | see also 'compounds' 3.2)"
q?y)?M,getlex.php?coord=444041414&word=2,"vb. a/u G D C Dt Ct polel, pay/w c el ethpolal, ethpay/w c el",,,,,to rise; to stand; to last,to rise,"to stand, to be raised up","to stand still, to stop",,,"vb. a/u G D C Dt Ct polel, pay/w c el ethpolal, ethpay/w c el","to rise; to stand; to last | to rise | to stand, to be raised up | to stand still, to stop"
q*w*M,getlex.php?coord=444041414&word=1,"vb. a/u G D C Dt Ct polel, pay/w c el ethpolal, ethpay/w c el",,,,,to rise; to stand; to last,to rise,"to stand, to be raised up","to stand still, to stop",,,"vb. a/u G D C Dt Ct polel, pay/w c el ethpolal, ethpay/w c el","to rise; to stand; to last | to rise | to stand, to be raised up | to stand still, to stop"
tr?yN,getlex.php?coord=444041416&word=9,num.,,,,,two,two,,,,,num.,two | two
ypwq,getlex.php?coord=444041413&word=3,vb. a/u G D C Dt Ct,,,,,to go out,"to go out, come out, leave","to turn into, end up differently from how it started","to be spent, i.e. used up, consumed",,,vb. a/u G D C Dt Ct,"to go out | to go out, come out, leave | to turn into, end up differently from how it started | to be spent, i.e. used up, consumed"
m*N?,getlex.php?coord=444041412&word=11,prep.,,,,,from,from,partitive,indicating the agent of a passive,,,prep.,from | from | partitive | indicating the agent of a passive
wbzr(h,getlex.php?coord=444041412&word=8,conj.,,,,,"and, also",,,,,,conj.,"and, also"
$?m*K?,getlex.php?coord=444041412&word=10,n.m.,,,,,name,name,"fame, reputation",absolute preceding a noun,,,n.m.,"name | name | fame, reputation | absolute preceding a noun"
k*[w]l,getlex.php?coord=444041412&word=13,n.(pr.),,,,,"all, every",alone preceding a noun (technically the construct state!) :,as a postpositive with resumptive pronominal suffixes,emphatic state :,,,n.(pr.),"all, every | alone preceding a noun (technically the construct state!) : | as a postpositive with resumptive pronominal suffixes | emphatic state :"
mnK,getlex.php?coord=444041412&word=7,prep.,,,,,from,from,partitive,indicating the agent of a passive,,,prep.,from | from | partitive | indicating the agent of a passive
ytqrh,getlex.php?coord=444041412&word=9,vb. G D C Gt,,,,,to call,to call,to read,to cry out,,,vb. G D C Gt,to call | to call | to read | to cry out
p?lg*h*,getlex.php?coord=444041412&word=12,n.m.,,,,,half; waist,half,middle,as a reciprocal pronoun,,,n.m.,half; waist | half | middle | as a reciprocal pronoun
ypr$,getlex.php?coord=444041412&word=6,vb. a/u G D C Gt Dt Ct,,,,,"to separate, distinguish",to separate,to be(come) separated,to depart,,,vb. a/u G D C Gt Dt Ct,"to separate, distinguish | to separate | to be(come) separated | to depart"
q*d*m*y*)*,getlex.php?coord=444041412&word=2,adj.,,,,,first,first,former,"front part, bust",,,adj.,"first | first | former | front part, bust"
b?r?,getlex.php?coord=444041412&word=1,,,,,,,,,,,,,
k?w?l,getlex.php?coord=444041412&word=3,n.(pr.),,,,,"all, every",alone preceding a noun (technically the construct state!) :,as a postpositive with resumptive pronominal suffixes,emphatic state :,,,n.(pr.),"all, every | alone preceding a noun (technically the construct state!) : | as a postpositive with resumptive pronominal suffixes | emphatic state :"
ywmwhy,getlex.php?coord=444041412&word=4,n.m.,,,,,day,day,pl.: time period,"daytime, sun light (",,,n.m.,"day | day | pl.: time period | daytime, sun light ("
l),getlex.php?coord=444041412&word=5,adv.,,,,,"no, not",no! (as interj.),not (preceding and negating a predicate),"compounded with adjectives, nouns, abstracts, and adverbs  ='un-', 'non', 'in-'",,,adv.,"no, not | no! (as interj.) | not (preceding and negating a predicate) | compounded with adjectives, nouns, abstracts, and adverbs  ='un-', 'non', 'in-'"
x*d?h?,getlex.php?coord=444041411&word=9,num.,,,,,one,one,with another number (or,b,,,num.,one | one | with another number (or | b
y*c?d?d*,getlex.php?coord=444041411&word=10,vb. a/a G C Dt,,,,,to fix the eyes on,w. ܒ_ (also ܠܘܩܒܠ) : to fix the eyes on,"w. ܒ_  : to fix upon, gaze at",to make firm,,,vb. a/a G C Dt,"to fix the eyes on | w. ܒ_ (also ܠܘܩܒܠ) : to fix the eyes on | w. ܒ_  : to fix upon, gaze at | to make firm"
w*h*)*,getlex.php?coord=444041411&word=7,conj.,,,,,"and, also",,,,,,conj.,"and, also"
)rz?),getlex.php?coord=444041411&word=6,n.m.,,,,,cedar,cedar,dryness (?),,,,n.m.,cedar | cedar | dryness (?)
mnh,getlex.php?coord=444041411&word=12,prep.,,,,,from,from,partitive,indicating the agent of a passive,,,prep.,from | from | partitive | indicating the agent of a passive
w?)(),getlex.php?coord=444041411&word=11,conj.,,,,,"and, also",,,,,,conj.,"and, also"
p?l?y*g*)?,getlex.php?coord=444041411&word=8,vb. a/u (e/a) G D C Gt Dt,,,,,to divide,to divide (trans.),to be in the middle,"to be distinctive, outstanding",,,vb. a/u (e/a) G D C Gt Dt,"to divide | to divide (trans.) | to be in the middle | to be distinctive, outstanding"
",])*",getlex.php?coord=444041412&word=0,,,,,,,,,,,,,
",,",getlex.php?coord=444041411&word=13,,,,,,,,,,,,,
dbq),getlex.php?coord=444041411&word=4,n.m.,,,,,glue; joint,glue or join,"seam, joint",constipation,,,n.m.,"glue; joint | glue or join | seam, joint | constipation"
qdmyt),getlex.php?coord=444041411&word=3,adj.,,,,,first,first,former,"front part, bust",,,adj.,"first | first | former | front part, bust"
lxlpt),getlex.php?coord=444041411&word=2,,,,,,,,,,,,,
l(lmyM,getlex.php?coord=444041414&word=3,adv.,,,,,forever,forever,lˁlm ˁlmyn,",",,,adv.,"forever | forever | lˁlm ˁlmyn | ,"
bgdM,getlex.php?coord=444041411&word=5,prep.,,,,,"in, with",in,with (instrumental),among,,,prep.,"in, with | in | with (instrumental) | among"
",,,,,,,,l,",getlex.php?coord=444041410&word=10,,,,,,,,,,,,,
tlth,getlex.php?coord=444041410&word=8,num.,,,,,three,three,w. masc. pl. pron. suff. : group of three,,,,num.,three | three | w. masc. pl. pron. suff. : group of three
bn?y*N*,getlex.php?coord=444041410&word=9,n.m.,,,,,son,"son, child",member of the same cohort (,see also 'compounds' 3.2),,,n.m.,"son | son, child | member of the same cohort ( | see also 'compounds' 3.2)"
",",getlex.php?coord=444041410&word=15,,,,,,,,,,,,,
",,,",getlex.php?coord=444041410&word=13,,,,,,,,,,,,,
)*r*(*)*,getlex.php?coord=444041410&word=14,n.f.,,,,,ground; land; Earth,ground,"land, country",the Earth,,,n.f.,"ground; land; Earth | ground | land, country | the Earth"
m*N*,getlex.php?coord=444041410&word=12,prep.,,,,,from,from,partitive,indicating the agent of a passive,,,prep.,from | from | partitive | indicating the agent of a passive
",m?y)",getlex.php?coord=444041410&word=11,n.m.pl.,,,,,water,water,"juice, fluid",semen,,,n.m.pl.,"water | water | juice, fluid | semen"
w*d*y*,getlex.php?coord=444041411&word=0,conj.,,,,,"and, also",,,,,,conj.,"and, also"
",,,,",getlex.php?coord=444041410&word=16,,,,,,,,,,,,,
wr)m),getlex.php?coord=444041410&word=5,conj.,,,,,"and, also",,,,,,conj.,"and, also"
npq),getlex.php?coord=444041410&word=3,vb. a/u G D C Dt Ct,,,,,to go out,"to go out, come out, leave","to turn into, end up differently from how it started","to be spent, i.e. used up, consumed",,,vb. a/u G D C Dt Ct,"to go out | to go out, come out, leave | to turn into, end up differently from how it started | to be spent, i.e. used up, consumed"
(d,getlex.php?coord=444041410&word=6,prep.,,,,,until,"until, as far as",as conj.:,see s.v.,,,prep.,"until | until, as far as | as conj.: | see s.v."
rmh,getlex.php?coord=444041410&word=7,n.f.,,,,,hill,"hill, mountain","pool, pond",,,,n.f.,"hill | hill, mountain | pool, pond"
dy,getlex.php?coord=444041410&word=2,,,,,,,,,,,,,
mnh,getlex.php?coord=444041410&word=4,prep.,,,,,from,from,partitive,indicating the agent of a passive,,,prep.,from | from | partitive | indicating the agent of a passive
bxlmK,getlex.php?coord=444041409&word=11,prep.,,,,,"in, with",in,with (instrumental),among,,,prep.,"in, with | in | with (instrumental) | among"
(l,getlex.php?coord=444041409&word=12,prep.,,,,,upon; against; to,"upon, over, on to","against, over against","toward, to",,,prep.,"upon; against; to | upon, over, on to | against, over against | toward, to"
r)y$,getlex.php?coord=444041409&word=13,,,,,,,,,,,,,
x?lp*t*),getlex.php?coord=444041410&word=1,n.f.,,,,,plant  shoot,fresh plant shoot,,,,,n.f.,plant  shoot | fresh plant shoot
Tw*r*y?M?,getlex.php?coord=444041409&word=14,n.m.,,,,,mountain,mountain,"high pasture, field",parapet (?),,,n.m.,"mountain | mountain | high pasture, field | parapet (?)"
wr])*mt?,getlex.php?coord=444041410&word=0,conj.,,,,,"and, also",,,,,,conj.,"and, also"
)nth,getlex.php?coord=444041409&word=3,pron.,,,,,you (m.),you (m.),,,,,pron.,you (m.) | you (m.)
h?w*),getlex.php?coord=444041409&word=8,pron.,,,,,he,he,as copula,emphatic enclitic particle focusing on the word it follows,,,pron.,he | he | as copula | emphatic enclitic particle focusing on the word it follows
hw),getlex.php?coord=444041409&word=4,pron.,,,,,he,he,as copula,emphatic enclitic particle focusing on the word it follows,,,pron.,he | he | as copula | emphatic enclitic particle focusing on the word it follows
d?y,getlex.php?coord=444041409&word=7,,,,,,,,,,,,,
)rz),getlex.php?coord=444041409&word=5,n.m.,,,,,cedar,cedar,dryness (?),,,,n.m.,cedar | cedar | dryness (?)
rb)?,getlex.php?coord=444041409&word=6,n.m.,,,,,chief; teacher,chief,master,,,,n.m.,chief; teacher | chief | master
lqwblK,getlex.php?coord=444041409&word=10,prep.,,,,,opposite,"opposite, over against","in consideration of, because of",according to,,,prep.,"opposite | opposite, over against | in consideration of, because of | according to"
q)M,getlex.php?coord=444041409&word=9,"vb. a/u G D C Dt Ct polel, pay/w c el ethpolal, ethpay/w c el",,,,,to rise; to stand; to last,to rise,"to stand, to be raised up","to stand still, to stop",,,"vb. a/u G D C Dt Ct polel, pay/w c el ethpolal, ethpay/w c el","to rise; to stand; to last | to rise | to stand, to be raised up | to stand still, to stop"
###,getlex.php?coord=444041408&word=6,,,,,,,,,,,,,
"m*,,,,,,,,,,",getlex.php?coord=444041408&word=3,,,,,,,,,,,,,
)ct*,getlex.php?coord=444041409&word=1,vb. a/u G D C Ct palpel,,,,,to listen,"to listen, hear",to listen carefully,"to listen, hear",,,vb. a/u G D C Ct palpel,"to listen | to listen, hear | to listen carefully | to listen, hear"
",p*h",getlex.php?coord=444041408&word=5,,,,,,,,,,,,,
",,,]",getlex.php?coord=444041409&word=0,,,,,,,,,,,,,
"l,,,,",getlex.php?coord=444041408&word=4,,,,,,,,,,,,,
",,,,)]n*x*n)",getlex.php?coord=444041407&word=1,,,,,,,,,,,,,
qx,getlex.php?coord=444041408&word=2,vb. a/a(u) G C Gt Dt Ct,,,,,to take,to take,to collect [erroneous variant!],to give in marriage,,,vb. a/a(u) G C Gt Dt Ct,to take | to take | to collect [erroneous variant!] | to give in marriage
(*lh*,getlex.php?coord=444041406&word=8,n.f.,,,,,leaf,leaf,door panel (?),,,,n.f.,leaf | leaf | door panel (?)
",,,,,,,,,,,,,,,,,,,,,,,,,",getlex.php?coord=444041407&word=0,,,,,,,,,,,,,
yd(yN,getlex.php?coord=444041407&word=2,pron.,,,,,we,we,,,,,pron.,we | we
bK,getlex.php?coord=444041408&word=1,prep.,,,,,"in, with",in,with (instrumental),among,,,prep.,"in, with | in | with (instrumental) | among"
",,,],,",getlex.php?coord=444041408&word=0,,,,,,,,,,,,,
hl?w*,getlex.php?coord=444041407&word=3,vb. a/a G C Gt Ct quad quad T,,,,,to know,to know,to cohabit with,idioms:,,,vb. a/a G C Gt Ct quad quad T,to know | to know | to cohabit with | idioms:
x*z*y*t?h?,getlex.php?coord=444041411&word=1,v.n.,,,,,seeing,"sight, seeing, faculty of vision","vision, sight",,,,v.n.,"seeing | sight, seeing, faculty of vision | vision, sight"
kw]l?,getlex.php?coord=444041406&word=4,n.(pr.),,,,,"all, every",alone preceding a noun (technically the construct state!) :,as a postpositive with resumptive pronominal suffixes,emphatic state :,,,n.(pr.),"all, every | alone preceding a noun (technically the construct state!) : | as a postpositive with resumptive pronominal suffixes | emphatic state :"
",,,,,,,,,,,",getlex.php?coord=444041406&word=2,,,,,,,,,,,,,
)*[nb]y?,getlex.php?coord=444041406&word=7,n.m.,,,,,fruit,(bot.) fruit (of specific trees and vines),produce in general,,,,n.m.,fruit | (bot.) fruit (of specific trees and vines) | produce in general
w*k?w*l?,getlex.php?coord=444041406&word=6,conj.,,,,,"and, also",,,,,,conj.,"and, also"
",,",getlex.php?coord=444041406&word=1,,,,,,,,,,,,,
n*w?p*y[)],getlex.php?coord=444041406&word=5,n.m.,,,,,branches on top of tree,(bot.) branches on top of tree,"offspring, progeny",offshoot,,,n.m.,"branches on top of tree | (bot.) branches on top of tree | offspring, progeny | offshoot"
".,,,,,,,,,,,,,,,",getlex.php?coord=444041406&word=3,,,,,,,,,,,,,
m?(*[n]P*,getlex.php?coord=444041404&word=6,vb. D Dt,,,,,D to (de)branch,to blow down branches,to have a mane,,,,vb. D Dt,D to (de)branch | to blow down branches | to have a mane
",,,,,,,,,,,,,,,,,,,,,,,,,,,],t*g?N*",getlex.php?coord=444041405&word=2,vb. a/ G C Ct,,,,,"C to protect, shelter",to be sheltered (?),to protect,to make (the Holy Spirit) indwell  (,,,vb. a/ G C Ct,"C to protect, shelter | to be sheltered (?) | to protect | to make (the Holy Spirit) indwell  ("
",,,",getlex.php?coord=444041406&word=0,,,,,,,,,,,,,
",,,,",getlex.php?coord=444041405&word=1,,,,,,,,,,,,,
",,,",getlex.php?coord=444041405&word=0,,,,,,,,,,,,,
m?N*,getlex.php?coord=444041404&word=7,prep.,,,,,from,from,partitive,indicating the agent of a passive,,,prep.,from | from | partitive | indicating the agent of a passive
])*n*b?[h],getlex.php?coord=444041404&word=1,n.m.,,,,,fruit,(bot.) fruit (of specific trees and vines),produce in general,,,,n.m.,fruit | (bot.) fruit (of specific trees and vines) | produce in general
t?t?b?w?n*N*,getlex.php?coord=444041404&word=2,"vb. a/u G D C Dt polel, pay/w c el ethpolal, ethpay/w c el",,,,,*to understand; D to explain,to take note of [dub.=BH],"to teach, explain","to make to know, to teach",,,"vb. a/u G D C Dt polel, pay/w c el ethpolal, ethpay/w c el","*to understand; D to explain | to take note of [dub.=BH] | to teach, explain | to make to know, to teach"
",,[,,,",getlex.php?coord=444041018&word=4,,,,,,,,,,,,,
"l,,,",getlex.php?coord=444041018&word=3,,,,,,,,,,,,,
(ly),getlex.php?coord=444041018&word=1,adj.,,,,,"supreme, highest, exalted","supreme, highest, exalted",upper,"previous, above in a text",,,adj.,"supreme, highest, exalted | supreme, highest, exalted | upper | previous, above in a text"
",,,,,,,l,",getlex.php?coord=444041018&word=2,,,,,,,,,,,,,
[,getlex.php?coord=444041404&word=3,,,,,,,,,,,,,
",,,,,,,,,,,,,,,",getlex.php?coord=444041404&word=0,,,,,,,,,,,,,
b)dyN,getlex.php?coord=444041018&word=0,conj.,,,,,then,then (past sequential),(future sequential),(gnomic present),,,conj.,then | then (past sequential) | (future sequential) | (gnomic present)
###,getlex.php?coord=444041017&word=10,,,,,,,,,,,,,
l$my?),getlex.php?coord=444041017&word=8,n.m.pl.t.,,,,,heaven; ceiling,heaven,"roof, ceiling",,,,n.m.pl.t.,"heaven; ceiling | heaven | roof, ceiling"
mqTwrty,getlex.php?coord=444041017&word=7,n.m.,,,,,incense pan,incense pan,,,,,n.m.,incense pan | incense pan
wrx,getlex.php?coord=444041017&word=6,conj. n.m.,,,,,"and, also",smell,smell,wind [Arabic!],,"ryḥ, ryḥˀ",conj. n.m.,"and, also | smell | smell | wind [Arabic!]"
yhb,getlex.php?coord=444041017&word=5,vb. a/a G C Gt,,,,,to give,to give,to place,"to permit, allow",,,vb. a/a G C Gt,"to give | to give | to place | to permit, allow"
w$m(,getlex.php?coord=444041409&word=2,conj.,,,,,"and, also",,,,,,conj.,"and, also"
slq,getlex.php?coord=444041017&word=9,vb. e/a(u) G D C Dt Ct,,,,,to go up,to go up,to result,to travel,,,vb. e/a(u) G D C Dt Ct,to go up | to go up | to result | to travel
mlx),getlex.php?coord=444041017&word=3,n.f.,,,,,salt,salt,(bot.) an alkaline plant,a month name (?),,,n.f.,salt | salt | (bot.) an alkaline plant | a month name (?)
"m,,,,,,,,M",getlex.php?coord=444041017&word=1,,,,,,,,,,,,,
"[,,,]N?",getlex.php?coord=444041017&word=0,,,,,,,,,,,,,
lmn?x?)?,getlex.php?coord=444041016&word=13,n.f.,,,,,meal offering,meal offering,devotee (?),,,,n.f.,meal offering | meal offering | devotee (?)
lbwn),getlex.php?coord=444041016&word=12,n.f.,,,,,frankincense,frankincense,incense offering,,,,n.f.,frankincense | frankincense | incense offering
hw?yt,getlex.php?coord=444041017&word=4,vb. G C Gt Ct,,,,,"to be, to become",to be,"to endure, to exist","to come to pass, to happen",,,vb. G C Gt Ct,"to be, to become | to be | to endure, to exist | to come to pass, to happen"
bklhwN,getlex.php?coord=444041017&word=2,prep. n.(pr.),,,,,"in, with",in,with (instrumental),among,,"kl, klˀ",prep. n.(pr.),"in, with | in | with (instrumental) | among"
bm$x,getlex.php?coord=444041016&word=10,prep. n.m.,,,,,"in, with",in,with (instrumental),among,,"mšḥ, mšḥˀ",prep. n.m.,"in, with | in | with (instrumental) | among"
pyl),getlex.php?coord=444041016&word=9,vb. a/u G Gt,,,,,to sprinkle; to soak,to sprinkle into a mixture,"to soak, mix into a liquid",to sprinkle on oneself,,,vb. a/u G Gt,"to sprinkle; to soak | to sprinkle into a mixture | to soak, mix into a liquid | to sprinkle on oneself"
(M,getlex.php?coord=444041016&word=11,prep.,,,,,with,"with, together with",at,"at the time of, during",,,prep.,"with | with, together with | at | at the time of, during"
n$yp),getlex.php?coord=444041016&word=8,adj.,,,,,pure,of flour: finely pounded or finely sifted,,,,,adj.,pure | of flour: finely pounded or finely sifted
lbny,getlex.php?coord=444041015&word=13,n.m.,,,,,son,"son, child",member of the same cohort (,see also 'compounds' 3.2),,,n.m.,"son | son, child | member of the same cohort ( | see also 'compounds' 3.2)"
$pn?y?n?)?,getlex.php?coord=444041015&word=14,n.m.,,,,,turtle-dove,turtle-dove,,,,,n.m.,turtle-dove | turtle-dove
"[,,,]N",getlex.php?coord=444041016&word=0,,,,,,,,,,,,,
(l,getlex.php?coord=444041016&word=1,prep.,,,,,upon; against; to,"upon, over, on to","against, over against","toward, to",,,prep.,"upon; against; to | upon, over, on to | against, over against | toward, to"
qrbn),getlex.php?coord=444041016&word=3,n.m.,,,,,sacrifice,sacrificial offering,gift,,,,n.m.,sacrifice | sacrificial offering | gift
mdbx),getlex.php?coord=444041016&word=2,n.m.,,,,,altar,altar,"small church, sanctuary [=",byt mdbḥˀ,,,n.m.,"altar | altar | small church, sanctuary [= | byt mdbḥˀ"
mdbx),getlex.php?coord=444041015&word=10,n.m.,,,,,altar,altar,"small church, sanctuary [=",byt mdbḥˀ,,,n.m.,"altar | altar | small church, sanctuary [= | byt mdbḥˀ"
b&rhwN,getlex.php?coord=444041015&word=8,n.m.,,,,,flesh,flesh,penis,+,,,n.m.,flesh | flesh | penis | +
(l,getlex.php?coord=444041015&word=9,prep.,,,,,upon; against; to,"upon, over, on to","against, over against","toward, to",,,prep.,"upon; against; to | upon, over, on to | against, over against | toward, to"
tlyty/wtlyty#2#/,getlex.php?coord=444041015&word=12,adj. conj. adj.,,,,,third,"third, tertiary",characterized by three-ness,idioms,,w_,adj. conj. adj.,"third | third, tertiary | characterized by three-ness | idioms"
)qTrt,getlex.php?coord=444041015&word=11,vb. a/a G D C Gt Dt,,,,,"to turn into cloud, condense; C turn something into smoke","to become condensed, congealed","fig. : to congeal into being, occur",to fumigate,,,vb. a/a G D C Gt Dt,"to turn into cloud, condense; C turn something into smoke | to become condensed, congealed | fig. : to congeal into being, occur | to fumigate"
l^)^yswd,getlex.php?coord=444041015&word=4,n.m.,,,,,foundation,foundation,base (of the altar),,,,n.m.,foundation | foundation | base (of the altar)
dmhwN,getlex.php?coord=444041015&word=3,n.m.,,,,,blood,blood,juice,bsr wdm,,,n.m.,blood | blood | juice | bsr wdm
",,l,,,",getlex.php?coord=444041015&word=1,,,,,,,,,,,,,
mdbx?)?,getlex.php?coord=444041015&word=5,n.m.,,,,,altar,altar,"small church, sanctuary [=",byt mdbḥˀ,,,n.m.,"altar | altar | small church, sanctuary [= | byt mdbḥˀ"
)](?)*,getlex.php?coord=444041404&word=4,n.m.,,,,,wood,wood,"pl. :shrubbery, wood-bearing plants [Hebrew calque]",,,,n.m.,"wood | wood | pl. :shrubbery, wood-bearing plants [Hebrew calque]"
x*w*b?,getlex.php?coord=444041404&word=5,n.m.,,,,,"debt, obligation; sin","debt, obligation",guilt,,,,n.m.,"debt, obligation; sin | debt, obligation | guilt"
lwN,getlex.php?coord=444041015&word=2,,,,,,,,,,,,,
",,,,,,hwN",getlex.php?coord=444041016&word=4,,,,,,,,,,,,,
swlt,getlex.php?coord=444041016&word=7,n.m.,,,,,fine flour,fine flour,,,,,n.m.,fine flour | fine flour
)?$?d?t,getlex.php?coord=444041015&word=6,vb. a/u G D C Gt Dt,,,,,to pour,to pour,metaph.,metaph. : to harass,,,vb. a/u G D C Gt Dt,to pour | to pour | metaph. | metaph. : to harass
wkwl,getlex.php?coord=444041015&word=7,conj. n.(pr.),,,,,"and, also","all, every",alone preceding a noun (technically the construct state!) :,as a postpositive with resumptive pronominal suffixes,,"kl, klˀ",conj. n.(pr.),"and, also | all, every | alone preceding a noun (technically the construct state!) : | as a postpositive with resumptive pronominal suffixes"
nwr),getlex.php?coord=444041014&word=10,n.f.(m.),,,,,fire,fire,Hebrew,urim,,,n.f.(m.),fire | fire | Hebrew | urim
",,,",getlex.php?coord=444041015&word=0,,,,,,,,,,,,,
)qTrt,getlex.php?coord=444041014&word=11,vb. a/a G D C Gt Dt,,,,,"to turn into cloud, condense; C turn something into smoke","to become condensed, congealed","fig. : to congeal into being, occur",to fumigate,,,vb. a/a G D C Gt Dt,"to turn into cloud, condense; C turn something into smoke | to become condensed, congealed | fig. : to congeal into being, occur | to fumigate"
",,,,",getlex.php?coord=444041014&word=13,,,,,,,,,,,,,
wtny)n),getlex.php?coord=444041014&word=12,conj. adj.,,,,,"and, also",second; repetition,second,"subst. : repetition, iteration",,"tnyn, tnyny",conj. adj.,"and, also | second; repetition | second | subst. : repetition, iteration"
(l,getlex.php?coord=444041014&word=9,prep.,,,,,upon; against; to,"upon, over, on to","against, over against","toward, to",,,prep.,"upon; against; to | upon, over, on to | against, over against | toward, to"
wtrb),getlex.php?coord=444041014&word=8,conj. n.m.,,,,,"and, also",animal fat,animal fat,human fat,,"trb, trbˀ",conj. n.m.,"and, also | animal fat | animal fat | human fat"
",,,]",getlex.php?coord=444041014&word=6,,,,,,,,,,,,,
",,",getlex.php?coord=444041014&word=7,,,,,,,,,,,,,
"l,",getlex.php?coord=444041014&word=4,,,,,,,,,,,,,
)th,getlex.php?coord=444041014&word=3,vb. G D C Ct,,,,,"to come, arrive",to come,to occur; w.,ˁl,,,vb. G D C Ct,"to come, arrive | to come | to occur; w. | ˁl"
w?btr?h?,getlex.php?coord=444041014&word=2,conj. prep.,,,,,"and, also",after,after,conj.: after,,btr,conj. prep.,"and, also | after | after | conj.: after"
lqdmyN,getlex.php?coord=444041014&word=1,adv.,,,,,previously,previously,at first,"eastward (?), from the east(?)",,,adv.,"previously | previously | at first | eastward (?), from the east(?)"
$(yr),getlex.php?coord=444041014&word=0,n.m.,,,,,goat,goat [Heb.],,,,,n.m.,goat | goat [Heb.]
",th",getlex.php?coord=444041013&word=10,,,,,,,,,,,,,
",,,,",getlex.php?coord=444041013&word=11,,,,,,,,,,,,,
wr)y$,getlex.php?coord=444041013&word=9,,,,,,,,,,,,,
kprt,getlex.php?coord=444041013&word=8,vb. a/u G D C Gt Dt,,,,,to wipe off; to deny,to wipe off,"to deny, reject (often w. b_)",to wipe away,,,vb. a/u G D C Gt Dt,"to wipe off; to deny | to wipe off | to deny, reject (often w. b_) | to wipe away"
",[,,,",getlex.php?coord=444041014&word=5,,,,,,,,,,,,,
kwlh),getlex.php?coord=444041013&word=7,n.(pr.),,,,,"all, every",alone preceding a noun (technically the construct state!) :,as a postpositive with resumptive pronominal suffixes,emphatic state :,,,n.(pr.),"all, every | alone preceding a noun (technically the construct state!) : | as a postpositive with resumptive pronominal suffixes | emphatic state :"
)r(),getlex.php?coord=444041013&word=6,n.f.,,,,,ground; land; Earth,ground,"land, country",the Earth,,,n.f.,"ground; land; Earth | ground | land, country | the Earth"
"[,,,",getlex.php?coord=444041013&word=3,,,,,,,,,,,,,
kwl,getlex.php?coord=444041013&word=5,n.(pr.),,,,,"all, every",alone preceding a noun (technically the construct state!) :,as a postpositive with resumptive pronominal suffixes,emphatic state :,,,n.(pr.),"all, every | alone preceding a noun (technically the construct state!) : | as a postpositive with resumptive pronominal suffixes | emphatic state :"
(ly?h?,getlex.php?coord=444041016&word=5,prep.,,,,,upon; against; to,"upon, over, on to","against, over against","toward, to",,,prep.,"upon; against; to | upon, over, on to | against, over against | toward, to"
yhbt,getlex.php?coord=444041016&word=6,vb. a/a G C Gt,,,,,to give,to give,to place,"to permit, allow",,,vb. a/a G C Gt,"to give | to give | to place | to permit, allow"
]w(l,getlex.php?coord=444041013&word=4,conj. prep.,,,,,"and, also",upon; against; to,"upon, over, on to","against, over against",,ˁl,conj. prep.,"and, also | upon; against; to | upon, over, on to | against, over against"
Twry,getlex.php?coord=444041012&word=9,n.m.,,,,,mountain,mountain,"high pasture, field",parapet (?),,,n.m.,"mountain | mountain | high pasture, field | parapet (?)"
mN,getlex.php?coord=444041012&word=8,prep.,,,,,from,from,partitive,indicating the agent of a passive,,,prep.,from | from | partitive | indicating the agent of a passive
hwrrT,getlex.php?coord=444041012&word=10,,,,,,,,,,,,,
wnwr,getlex.php?coord=444041012&word=11,conj. n.f.(m.),,,,,"and, also",fire,fire,Hebrew,,"nwr, nwrˀ",conj. n.f.(m.),"and, also | fire | fire | Hebrew"
nxt,getlex.php?coord=444041012&word=6,vb. a/u G D C Ct,,,,,to rest,to rest,to become quiet,to be sated,,,vb. a/u G D C Ct,to rest | to rest | to become quiet | to be sated
(lm?)?,getlex.php?coord=444041012&word=12,n.m.,,,,,eternity; world,eternity (usually as a,nomen rectum,),,,n.m.,eternity; world | eternity (usually as a | nomen rectum | )
xd,getlex.php?coord=444041012&word=7,num.,,,,,one,one,with another number (or,b,,,num.,one | one | with another number (or | b
"lq,,,,,,,,,,",getlex.php?coord=444041013&word=2,,,,,,,,,,,,,
",,,,",getlex.php?coord=444041013&word=1,,,,,,,,,,,,,
"[,,,]",getlex.php?coord=444041013&word=0,,,,,,,,,,,,,
"b,,,,,,,,T,,,,,",getlex.php?coord=444041012&word=2,,,,,,,,,,,,,
",,,[,,,",getlex.php?coord=444041012&word=4,,,,,,,,,,,,,
)rw,getlex.php?coord=444041012&word=1,conj./inte,,,,,behold,presentative particle,"because, since",,,,conj./inte,"behold | presentative particle | because, since"
]tbwt),getlex.php?coord=444041012&word=5,n.f.,,,,,chest; ark,chest,"vessel, ark",(gram.) word,,,n.f.,"chest; ark | chest | vessel, ark | (gram.) word"
(l,getlex.php?coord=444041012&word=3,prep.,,,,,upon; against; to,"upon, over, on to","against, over against","toward, to",,,prep.,"upon; against; to | upon, over, on to | against, over against | toward, to"
",,,,,,",getlex.php?coord=444041011&word=7,,,,,,,,,,,,,
mN,getlex.php?coord=444041011&word=6,prep.,,,,,from,from,partitive,indicating the agent of a passive,,,prep.,from | from | partitive | indicating the agent of a passive
m$kx,getlex.php?coord=444041012&word=0,vb. a/a G C Gt Ct,,,,,to find; to be capable,to find,"w. infinitive : to be able to, capable of","impersonal ܡܸܫܟܲܚ܂ ܡܸܫܟܚܵܐ : it may well be, it is possible",,,vb. a/a G C Gt Ct,"to find; to be capable | to find | w. infinitive : to be able to, capable of | impersonal ܡܸܫܟܲܚ܂ ܡܸܫܟܚܵܐ : it may well be, it is possible"
(l,getlex.php?coord=444041011&word=2,prep.,,,,,upon; against; to,"upon, over, on to","against, over against","toward, to",,,prep.,"upon; against; to | upon, over, on to | against, over against | toward, to"
)?r?(?)?,getlex.php?coord=444041011&word=3,n.f.,,,,,ground; land; Earth,ground,"land, country",the Earth,,,n.f.,"ground; land; Earth | ground | land, country | the Earth"
",,,,,",getlex.php?coord=444041011&word=4,,,,,,,,,,,,,
w?nsb,getlex.php?coord=444041011&word=5,vb. e/a G D C Gt Ct,,,,,to take,"to take, pick up, carry",to marry,"to undertake, take up a task, experience",,,vb. e/a G D C Gt Ct,"to take | to take, pick up, carry | to marry | to undertake, take up a task, experience"
(d,getlex.php?coord=444041010&word=5,prep.,,,,,until,"until, as far as",as conj.:,see s.v.,,,prep.,"until | until, as far as | as conj.: | see s.v."
kwl,getlex.php?coord=444041010&word=1,n.(pr.),,,,,"all, every",alone preceding a noun (technically the construct state!) :,as a postpositive with resumptive pronominal suffixes,emphatic state :,,,n.(pr.),"all, every | alone preceding a noun (technically the construct state!) : | as a postpositive with resumptive pronominal suffixes | emphatic state :"
kwl,getlex.php?coord=444041010&word=6,n.(pr.),,,,,"all, every",alone preceding a noun (technically the construct state!) :,as a postpositive with resumptive pronominal suffixes,emphatic state :,,,n.(pr.),"all, every | alone preceding a noun (technically the construct state!) : | as a postpositive with resumptive pronominal suffixes | emphatic state :"
wl(d,getlex.php?coord=444041010&word=4,conj.,,,,,"and, also",forever,forever,,,lˁd,conj.,"and, also | forever | forever"
l?m?lK,getlex.php?coord=444041010&word=0,n.m.,,,,,king,king,"provincial ruler (governor, satrap)",a priest,,,n.m.,"king | king | provincial ruler (governor, satrap) | a priest"
",,,,",getlex.php?coord=444041009&word=10,,,,,,,,,,,,,
l(lM,getlex.php?coord=444041010&word=3,adv.,,,,,forever,forever,lˁlm ˁlmyn,",",,,adv.,"forever | forever | lˁlm ˁlmyn | ,"
(lm?y?),getlex.php?coord=444041010&word=2,n.m.,,,,,eternity; world,eternity (usually as a,nomen rectum,),,,n.m.,eternity; world | eternity (usually as a | nomen rectum | )
b)dyN,getlex.php?coord=444041011&word=0,conj.,,,,,then,then (past sequential),(future sequential),(gnomic present),,,conj.,then | then (past sequential) | (future sequential) | (gnomic present)
(lmyM,getlex.php?coord=444041010&word=7,n.m.,,,,,eternity; world,eternity (usually as a,nomen rectum,),,,n.m.,eternity; world | eternity (usually as a | nomen rectum | )
#######,getlex.php?coord=444041010&word=8,,,,,,,,,,,,,
",,)",getlex.php?coord=444041011&word=1,,,,,,,,,,,,,
k?wlhwN,getlex.php?coord=444041009&word=8,n.(pr.),,,,,"all, every",alone preceding a noun (technically the construct state!) :,as a postpositive with resumptive pronominal suffixes,emphatic state :,,,n.(pr.),"all, every | alone preceding a noun (technically the construct state!) : | as a postpositive with resumptive pronominal suffixes | emphatic state :"
",,,",getlex.php?coord=444041009&word=5,,,,,,,,,,,,,
",,,,,,",getlex.php?coord=444041009&word=7,,,,,,,,,,,,,
lmrkwN,getlex.php?coord=444041009&word=9,n.m.,,,,,"master, lord",master,owner,title of respect,,,n.m.,"master, lord | master | owner | title of respect"
w$m?(w,getlex.php?coord=444041009&word=6,vb. a/a(u) G D C Gt,,,,,to hear,to hear (w. d.o. or,b_,) something,,,vb. a/a(u) G D C Gt,to hear | to hear (w. d.o. or | b_ | ) something
",,h",getlex.php?coord=444041009&word=4,,,,,,,,,,,,,
",,,",getlex.php?coord=444041009&word=0,,,,,,,,,,,,,
kwl,getlex.php?coord=444041009&word=3,n.(pr.),,,,,"all, every",alone preceding a noun (technically the construct state!) :,as a postpositive with resumptive pronominal suffixes,emphatic state :,,,n.(pr.),"all, every | alone preceding a noun (technically the construct state!) : | as a postpositive with resumptive pronominal suffixes | emphatic state :"
",,,,,",getlex.php?coord=444041008&word=7,,,,,,,,,,,,,
",,,",getlex.php?coord=444041009&word=1,,,,,,,,,,,,,
wdy,getlex.php?coord=444041009&word=2,conj.,,,,,"and, also",,,,,,conj.,"and, also"
brk),getlex.php?coord=444041008&word=6,n.f.,,,,,knee,(anat.) knee,knee shaped object,,,,n.f.,knee | (anat.) knee | knee shaped object
",,,,",getlex.php?coord=444041003&word=5,,,,,,,,,,,,,
"l,,",getlex.php?coord=444041003&word=3,,,,,,,,,,,,,
l,getlex.php?coord=444041003&word=4,,,,,,,,,,,,,
",,,",getlex.php?coord=444041008&word=4,,,,,,,,,,,,,
",,,",getlex.php?coord=444041008&word=3,,,,,,,,,,,,,
w$bxw,getlex.php?coord=444041008&word=2,conj. vb. G D Dt,,,,,"and, also",D to praise,part. pass. praiseworthy :,see s.v.,,šbḥ,conj. vb. G D Dt,"and, also | D to praise | part. pass. praiseworthy : | see s.v."
",,,,,,N",getlex.php?coord=444041008&word=0,,,,,,,,,,,,,
whllw,getlex.php?coord=444041008&word=1,conj. vb. D C Dt Ct,,,,,"and, also",D to praise; C to deride,to praise,"to laugh at ܒ, deride, speak derisively of",,hll,conj. vb. D C Dt Ct,"and, also | D to praise; C to deride | to praise | to laugh at ܒ, deride, speak derisively of"
K,getlex.php?coord=444041008&word=5,,,,,,,,,,,,,
"l,,",getlex.php?coord=444041003&word=2,,,,,,,,,,,,,
bly?ly),getlex.php?coord=444041003&word=0,prep. n.m.,,,,,"in, with",in,with (instrumental),among,,"lyly, lylyˀ",prep. n.m.,"in, with | in | with (instrumental) | among"
",,,",getlex.php?coord=444041002&word=8,,,,,,,,,,,,,
###,getlex.php?coord=444041002&word=9,,,,,,,,,,,,,
"l?,,",getlex.php?coord=444041003&word=1,,,,,,,,,,,,,
lnwx,getlex.php?coord=444041002&word=0,,,,,,,,,,,,,
bly?ly),getlex.php?coord=444041002&word=2,prep. n.m.,,,,,"in, with",in,with (instrumental),among,,"lyly, lylyˀ",prep. n.m.,"in, with | in | with (instrumental) | among"
",,",getlex.php?coord=444041002&word=1,,,,,,,,,,,,,
",,",getlex.php?coord=444041002&word=3,,,,,,,,,,,,,
",,,,,",getlex.php?coord=444041002&word=4,,,,,,,,,,,,,
",,",getlex.php?coord=444041002&word=7,,,,,,,,,,,,,
kw?l),getlex.php?coord=444041001&word=4,n.(pr.),,,,,"all, every",alone preceding a noun (technically the construct state!) :,as a postpositive with resumptive pronominal suffixes,emphatic state :,,,n.(pr.),"all, every | alone preceding a noun (technically the construct state!) : | as a postpositive with resumptive pronominal suffixes | emphatic state :"
"b,,l,t",getlex.php?coord=444041001&word=3,,,,,,,,,,,,,
mN,getlex.php?coord=444041001&word=7,prep.,,,,,from,from,partitive,indicating the agent of a passive,,,prep.,from | from | partitive | indicating the agent of a passive
bny,getlex.php?coord=444041001&word=6,n.m.,,,,,son,"son, child",member of the same cohort (,see also 'compounds' 3.2),,,n.m.,"son | son, child | member of the same cohort ( | see also 'compounds' 3.2)"
dy,getlex.php?coord=444041001&word=5,,,,,,,,,,,,,
b)dyN,getlex.php?coord=444041001&word=2,conj.,,,,,then,then (past sequential),(future sequential),(gnomic present),,,conj.,then | then (past sequential) | (future sequential) | (gnomic present)
",,,,,",getlex.php?coord=444041001&word=10,,,,,,,,,,,,,
",,,,",getlex.php?coord=444041721&word=0,,,,,,,,,,,,,
rbh,getlex.php?coord=444041001&word=0,adj.,,,,,"great, big",large,"great, of major significance",(of age) : older,,,adj.,"great, big | large | great, of major significance | (of age) : older"
###,getlex.php?coord=444041001&word=1,,,,,,,,,,,,,
###,getlex.php?coord=444041719&word=8,,,,,,,,,,,,,
",,,,",getlex.php?coord=444041720&word=0,,,,,,,,,,,,,
"[,,,,],,l?)?",getlex.php?coord=444041719&word=7,,,,,,,,,,,,,
w?$?lM,getlex.php?coord=444041001&word=9,vb. e/a(u) G D C Gt Dt Ct,,,,,"to be whole, complete","to be whole, perfect","to be complete, finished",(euph.) to die,,,vb. e/a(u) G D C Gt Dt Ct,"to be whole, complete | to be whole, perfect | to be complete, finished | (euph.) to die"
bny,getlex.php?coord=444041719&word=4,n.m.,,,,,son,"son, child",member of the same cohort (,see also 'compounds' 3.2),,,n.m.,"son | son, child | member of the same cohort ( | see also 'compounds' 3.2)"
ym),getlex.php?coord=444041719&word=0,n.m.,,,,,sea,sea,lake,,,,n.m.,sea | sea | lake
lyd,getlex.php?coord=444041719&word=2,prep.,,,,,under the control of; next to,under the control of,next to,,,,prep.,under the control of; next to | under the control of | next to
",,,",getlex.php?coord=444041719&word=6,,,,,,,,,,,,,
xl?q,getlex.php?coord=444041719&word=3,n.m.,,,,,portion,portion,"בחלק : adv. : by apportionment (i.e., by division of an inheritance)",,,,n.m.,"portion | portion | בחלק : adv. : by apportionment (i.e., by division of an inheritance)"
dy,getlex.php?coord=444041719&word=1,,,,,,,,,,,,,
xM,getlex.php?coord=444041719&word=5,,,,,,,,,,,,,
l$N,getlex.php?coord=444041718&word=9,n.m.,,,,,tongue,(anat.) tongue,language,speech,,,n.m.,tongue | (anat.) tongue | language | speech
w]lt?y?r?s?,getlex.php?coord=444041718&word=5,conj.,,,,,"and, also",,,,,,conj.,"and, also"
",,,[,,,]l[,,,",getlex.php?coord=444041718&word=4,,,,,,,,,,,,,
",,,,",getlex.php?coord=444041718&word=6,,,,,,,,,,,,,
)r?b?(?),getlex.php?coord=444041718&word=7,num.,,,,,four,four,ארבעתא : group of four,,,,num.,four | four | ארבעתא : group of four
bgw,getlex.php?coord=444041718&word=10,prep.,,,,,within,within,among,,,,prep.,within | within | among
",,,,,,l,",getlex.php?coord=444041718&word=8,,,,,,,,,,,,,
w?lm$K,getlex.php?coord=444041718&word=2,conj.,,,,,"and, also",,,,,,conj.,"and, also"
ll,getlex.php?coord=444041002&word=6,,,,,,,,,,,,,
b)r(),getlex.php?coord=444041718&word=1,prep. n.f.,,,,,"in, with",in,with (instrumental),among,,"ˀrˁ, ˀrˁˀ",prep. n.f.,"in, with | in | with (instrumental) | among"
",,,,,",getlex.php?coord=444041002&word=5,,,,,,,,,,,,,
"[,,,]",getlex.php?coord=444041718&word=0,,,,,,,,,,,,,
",,",getlex.php?coord=444041717&word=16,,,,,,,,,,,,,
ltwbl,getlex.php?coord=444041717&word=15,,,,,,,,,,,,,
y?M,getlex.php?coord=444041718&word=3,n.m.,,,,,sea,sea,lake,,,,n.m.,sea | sea | lake
(br,getlex.php?coord=444041717&word=17,vb. a/a G D C Gt Dt Ct,,,,,to cross over,to cross over,"to go away, vanish",ˁl,,,vb. a/a G D C Gt Dt Ct,"to cross over | to cross over | to go away, vanish | ˁl"
lwd,getlex.php?coord=444041717&word=12,,,,,,,,,,,,,
lyd,getlex.php?coord=444041717&word=11,prep.,,,,,under the control of; next to,under the control of,next to,,,,prep.,under the control of; next to | under the control of | next to
dy,getlex.php?coord=444041717&word=10,,,,,,,,,,,,,
l$n),getlex.php?coord=444041717&word=9,n.m.,,,,,tongue,(anat.) tongue,language,speech,,,n.m.,tongue | (anat.) tongue | language | speech
ll$n),getlex.php?coord=444041717&word=13,n.m.,,,,,tongue,(anat.) tongue,language,speech,,,n.m.,tongue | (anat.) tongue | language | speech
wbyN,getlex.php?coord=444041717&word=8,conj. prep.,,,,,"and, also","between, among",between,with two explicit end points,,"byn, byny",conj. prep.,"and, also | between, among | between | with two explicit end points"
tn?y?)n),getlex.php?coord=444041717&word=14,adj.,,,,,second; repetition,second,"subst. : repetition, iteration",as other substantives:,,,adj.,"second; repetition | second | subst. : repetition, iteration | as other substantives:"
lwd,getlex.php?coord=444041717&word=7,,,,,,,,,,,,,
",,,l",getlex.php?coord=444041001&word=8,,,,,,,,,,,,,
wb?trh,getlex.php?coord=444041717&word=1,conj. prep.,,,,,"and, also",after,after,conj.: after,,btr,conj. prep.,"and, also | after | after | conj.: after"
kwl,getlex.php?coord=444041717&word=3,n.(pr.),,,,,"all, every",alone preceding a noun (technically the construct state!) :,as a postpositive with resumptive pronominal suffixes,emphatic state :,,,n.(pr.),"all, every | alone preceding a noun (technically the construct state!) : | as a postpositive with resumptive pronominal suffixes | emphatic state :"
ly?d,getlex.php?coord=444041717&word=6,prep.,,,,,under the control of; next to,under the control of,next to,,,,prep.,under the control of; next to | under the control of | next to
dy,getlex.php?coord=444041717&word=5,,,,,,,,,,,,,
ng)wt),getlex.php?coord=444041717&word=4,n.f.,,,,,island,island or coastal region,the inhabitants of such places,,,,n.f.,island | island or coastal region | the inhabitants of such places
lyw)N,getlex.php?coord=444041717&word=2,,,,,,,,,,,,,
lmdy,getlex.php?coord=444041717&word=0,,,,,,,,,,,,,
wbtrh,getlex.php?coord=444041716&word=15,conj. prep.,,,,,"and, also",after,after,conj.: after,,btr,conj. prep.,"and, also | after | after | conj.: after"
bcpwn),getlex.php?coord=444041716&word=7,prep. n.m.,,,,,"in, with",in,with (instrumental),among,,"ṣpwn, ṣpwnˀ",prep. n.m.,"in, with | in | with (instrumental) | among"
lqdmyN,getlex.php?coord=444041716&word=6,adv.,,,,,previously,previously,at first,"eastward (?), from the east(?)",,,adv.,"previously | previously | at first | eastward (?), from the east(?)"
lgmr,getlex.php?coord=444041716&word=4,,,,,,,,,,,,,
plg,getlex.php?coord=444041716&word=1,vb. a/u (e/a) G D C Gt Dt,,,,,to divide,to divide (trans.),to be in the middle,"to be distinctive, outstanding",,,vb. a/u (e/a) G D C Gt Dt,"to divide | to divide (trans.) | to be in the middle | to be distinctive, outstanding"
byN,getlex.php?coord=444041716&word=2,prep.,,,,,"between, among",between,with two explicit end points,among,,,prep.,"between, among | between | with two explicit end points | among"
wy?p?t?,getlex.php?coord=444041716&word=0,conj.,,,,,"and, also",,,,,,conj.,"and, also"
bnwhy,getlex.php?coord=444041716&word=3,n.m.,,,,,son,"son, child",member of the same cohort (,see also 'compounds' 3.2),,,n.m.,"son | son, child | member of the same cohort ( | see also 'compounds' 3.2)"
yhb,getlex.php?coord=444041716&word=5,vb. a/a G C Gt,,,,,to give,to give,to place,"to permit, allow",,,vb. a/a G C Gt,"to give | to give | to place | to permit, allow"
nhr),getlex.php?coord=444041716&word=12,n.m.,,,,,river,"river, canal",figurative usages:,,,,n.m.,"river | river, canal | figurative usages:"
dbq,getlex.php?coord=444041716&word=10,vb. e(a)/a(u) G D C Gt Dt,,,,,"to stick to, to adhere",(usually w.,b_,") : to stick to, to adhere",,,vb. e(a)/a(u) G D C Gt Dt,"to stick to, to adhere | (usually w. | b_ | ) : to stick to, to adhere"
dy,getlex.php?coord=444041716&word=9,,,,,,,,,,,,,
(d,getlex.php?coord=444041716&word=8,conj.,,,,,until,until,"while, while still",before,,,conj.,"until | until | while, while still | before"
lmgwg,getlex.php?coord=444041716&word=14,,,,,,,,,,,,,
######,getlex.php?coord=444041715&word=9,,,,,,,,,,,,,
nwx,getlex.php?coord=444041715&word=7,,,,,,,,,,,,,
)bwhy,getlex.php?coord=444041715&word=8,n.m.,,,,,father,father,"ancestor, forefather",ˀabbā,,,n.m.,"father | father | ancestor, forefather | ˀabbā"
lh,getlex.php?coord=444041715&word=6,,,,,,,,,,,,,
lh,getlex.php?coord=444041715&word=4,,,,,,,,,,,,,
plg,getlex.php?coord=444041715&word=3,vb. a/u (e/a) G D C Gt Dt,,,,,to divide,to divide (trans.),to be in the middle,"to be distinctive, outstanding",,,vb. a/u (e/a) G D C Gt Dt,"to divide | to divide (trans.) | to be in the middle | to be distinctive, outstanding"
dy,getlex.php?coord=444041715&word=2,,,,,,,,,,,,,
wyhb,getlex.php?coord=444041715&word=5,conj. vb. a/a G C Gt,,,,,"and, also",to give,to give,to place,,yhb,conj. vb. a/a G C Gt,"and, also | to give | to give | to place"
xwlq),getlex.php?coord=444041715&word=1,n.m.,,,,,portion,portion,"matter, respect",,,,n.m.,"portion | portion | matter, respect"
lp?w?rt,getlex.php?coord=444041714&word=7,n.m.,,,,,The Euphrates,The Euphrates,fig. : source,,,,n.m.,The Euphrates | The Euphrates | fig. : source
",,,,",getlex.php?coord=444041714&word=8,,,,,,,,,,,,,
d?b?q?,getlex.php?coord=444041714&word=6,vb. e(a)/a(u) G D C Gt Dt,,,,,"to stick to, to adhere",(usually w.,b_,") : to stick to, to adhere",,,vb. e(a)/a(u) G D C Gt Dt,"to stick to, to adhere | (usually w. | b_ | ) : to stick to, to adhere"
(d?,getlex.php?coord=444041714&word=5,conj.,,,,,until,until,"while, while still",before,,,conj.,"until | until | while, while still | before"
",,,m,,,,[,,,,],q)",getlex.php?coord=444041714&word=9,,,,,,,,,,,,,
",,,",getlex.php?coord=444041715&word=0,,,,,,,,,,,,,
l$?n?)?,getlex.php?coord=444041713&word=9,n.m.,,,,,tongue,(anat.) tongue,language,speech,,,n.m.,tongue | (anat.) tongue | language | speech
lb?ny?,getlex.php?coord=444041714&word=1,n.m.,,,,,son,"son, child",member of the same cohort (,see also 'compounds' 3.2),,,n.m.,"son | son, child | member of the same cohort ( | see also 'compounds' 3.2)"
",,,,,,",getlex.php?coord=444041714&word=0,,,,,,,,,,,,,
"[,,,",getlex.php?coord=444041713&word=11,,,,,,,,,,,,,
",,,,,,",getlex.php?coord=444041713&word=10,,,,,,,,,,,,,
gw?mr,getlex.php?coord=444041714&word=2,,,,,,,,,,,,,
w)mn),getlex.php?coord=444041714&word=4,conj.,,,,,"and, also",,,,,,conj.,"and, also"
w)y),getlex.php?coord=444041713&word=6,n.m.,,,,,"island, peninsula","island, peninsula",,,,,n.m.,"island, peninsula | island, peninsula"
bynyhwN,getlex.php?coord=444041713&word=5,prep.,,,,,"between, among",between,with two explicit end points,among,,,prep.,"between, among | between | with two explicit end points | among"
bq()t),getlex.php?coord=444041713&word=2,n.f.,,,,,valley,valley,,,,,n.f.,valley | valley
bgw,getlex.php?coord=444041713&word=8,prep.,,,,,within,within,among,,,,prep.,within | within | among
wmy$ry),getlex.php?coord=444041713&word=3,conj. n.m.,,,,,"and, also",plain,plain,,,"myšr, mšrˀ",conj. n.m.,"and, also | plain | plain"
dy,getlex.php?coord=444041713&word=4,,,,,,,,,,,,,
dy,getlex.php?coord=444041713&word=7,,,,,,,,,,,,,
lTynh,getlex.php?coord=444041716&word=11,,,,,,,,,,,,,
wbtrh,getlex.php?coord=444041716&word=13,conj. prep.,,,,,"and, also",after,after,conj.: after,,btr,conj. prep.,"and, also | after | after | conj.: after"
"[,,,,",getlex.php?coord=444041712&word=11,,,,,,,,,,,,,
",,,",getlex.php?coord=444041713&word=0,,,,,,,,,,,,,
pwrt,getlex.php?coord=444041712&word=8,n.m.,,,,,The Euphrates,The Euphrates,fig. : source,,,,n.m.,The Euphrates | The Euphrates | fig. : source
m$qh,getlex.php?coord=444041712&word=7,vb. G D C Gt Ct,,,,,to water,"to irrigate, water","to irrigate, flush",to offer drink,,,vb. G D C Gt Ct,"to water | to irrigate, water | to irrigate, flush | to offer drink"
k[w]l,getlex.php?coord=444041713&word=1,n.(pr.),,,,,"all, every",alone preceding a noun (technically the construct state!) :,as a postpositive with resumptive pronominal suffixes,emphatic state :,,,n.(pr.),"all, every | alone preceding a noun (technically the construct state!) : | as a postpositive with resumptive pronominal suffixes | emphatic state :"
",,,,,",getlex.php?coord=444041712&word=10,,,,,,,,,,,,,
dy,getlex.php?coord=444041712&word=6,,,,,,,,,,,,,
wkwl,getlex.php?coord=444041712&word=9,conj. n.(pr.),,,,,"and, also","all, every",alone preceding a noun (technically the construct state!) :,as a postpositive with resumptive pronominal suffixes,,"kl, klˀ",conj. n.(pr.),"and, also | all, every | alone preceding a noun (technically the construct state!) : | as a postpositive with resumptive pronominal suffixes"
)r(),getlex.php?coord=444041712&word=5,n.f.,,,,,ground; land; Earth,ground,"land, country",the Earth,,,n.f.,"ground; land; Earth | ground | land, country | the Earth"
kwl,getlex.php?coord=444041712&word=4,n.(pr.),,,,,"all, every",alone preceding a noun (technically the construct state!) :,as a postpositive with resumptive pronominal suffixes,emphatic state :,,,n.(pr.),"all, every | alone preceding a noun (technically the construct state!) : | as a postpositive with resumptive pronominal suffixes | emphatic state :"
pnh,getlex.php?coord=444041712&word=2,vb. G D C Gt Dt,,,,,to turn,to face,to return,as co-verb : to do something again,,,vb. G D C Gt Dt,to turn | to face | to return | as co-verb : to do something again
dy,getlex.php?coord=444041712&word=1,,,,,,,,,,,,,
ltxwm)?,getlex.php?coord=444041712&word=0,n.m.,,,,,border; territory; definition,"border, boundary","limit, limitation","(gram.) definition, term",,,n.m.,"border; territory; definition | border, boundary | limit, limitation | (gram.) definition, term"
",,,,",getlex.php?coord=444041711&word=13,,,,,,,,,,,,,
l)rpk$d,getlex.php?coord=444041711&word=12,,,,,,,,,,,,,
ldrwm),getlex.php?coord=444041712&word=3,n.m.,,,,,south,south,,,,,n.m.,south | south
ym)?,getlex.php?coord=444041711&word=10,n.m.,,,,,sea,sea,lake,,,,n.m.,sea | sea | lake
lyd,getlex.php?coord=444041711&word=9,prep.,,,,,under the control of; next to,under the control of,next to,,,,prep.,under the control of; next to | under the control of | next to
dN,getlex.php?coord=444041711&word=11,pron.,,,,,this one,this one,"as enclitic in interrogative contexts: now, here, then :",see s.v.,,,pron.,"this one | this one | as enclitic in interrogative contexts: now, here, then : | see s.v."
xwlqy),getlex.php?coord=444041711&word=8,n.m.,,,,,portion,portion,"matter, respect",,,,n.m.,"portion | portion | matter, respect"
tlt?t,getlex.php?coord=444041711&word=7,num.,,,,,three,three,w. masc. pl. pron. suff. : group of three,,,,num.,three | three | w. masc. pl. pron. suff. : group of three
r)y$,getlex.php?coord=444041711&word=6,n.m.,,,,,head; top; chief,(anat.) head,top,"beginning, origin, source",,,n.m.,"head; top; chief | (anat.) head | top | beginning, origin, source"
",,,,,",getlex.php?coord=444041714&word=3,,,,,,,,,,,,,
dy,getlex.php?coord=444041711&word=1,,,,,,,,,,,,,
b?cp?wn?),getlex.php?coord=444041711&word=0,prep. n.m.,,,,,"in, with",in,with (instrumental),among,,"ṣpwn, ṣpwnˀ",prep. n.m.,"in, with | in | with (instrumental) | among"
mdnx),getlex.php?coord=444041710&word=12,n.m./f.,,,,,east,east,rising of the sun,birth horoscope/sign,,,n.m./f.,east | east | rising of the sun | birth horoscope/sign
lmgwg,getlex.php?coord=444041710&word=10,,,,,,,,,,,,,
"wl,,l,,wl,,,yM",getlex.php?coord=444041710&word=11,,,,,,,,,,,,,
l$n),getlex.php?coord=444041711&word=3,n.m.,,,,,tongue,(anat.) tongue,language,speech,,,n.m.,tongue | (anat.) tongue | language | speech
mx(N,getlex.php?coord=444041711&word=2,vb. G D,,,,,to clasp,to clasp,to adjoin,,,,vb. G D,to clasp | to clasp | to adjoin
dN,getlex.php?coord=444041711&word=4,pron.,,,,,this one,this one,"as enclitic in interrogative contexts: now, here, then :",see s.v.,,,pron.,"this one | this one | as enclitic in interrogative contexts: now, here, then : | see s.v."
xwlq),getlex.php?coord=444041710&word=5,n.m.,,,,,portion,portion,"matter, respect",,,,n.m.,"portion | portion | matter, respect"
dN,getlex.php?coord=444041710&word=6,pron.,,,,,this one,this one,"as enclitic in interrogative contexts: now, here, then :",see s.v.,,,pron.,"this one | this one | as enclitic in interrogative contexts: now, here, then : | see s.v."
(d,getlex.php?coord=444041710&word=8,conj.,,,,,until,until,"while, while still",before,,,conj.,"until | until | while, while still | before"
lm(rb),getlex.php?coord=444041710&word=7,n.m./f.,,,,,west; sunset,west,setting (of the sun),,,,n.m./f.,west; sunset | west | setting (of the sun)
dbq,getlex.php?coord=444041710&word=9,vb. e(a)/a(u) G D C Gt Dt,,,,,"to stick to, to adhere",(usually w.,b_,") : to stick to, to adhere",,,vb. e(a)/a(u) G D C Gt Dt,"to stick to, to adhere | (usually w. | b_ | ) : to stick to, to adhere"
w(br,getlex.php?coord=444041710&word=4,conj. vb. a/a G D C Gt Dt Ct,,,,,"and, also",to cross over,to cross over,"to go away, vanish",,ˁbr,conj. vb. a/a G D C Gt Dt Ct,"and, also | to cross over | to cross over | to go away, vanish"
"bq,h",getlex.php?coord=444041709&word=13,,,,,,,,,,,,,
",",getlex.php?coord=444041709&word=12,,,,,,,,,,,,,
",,,,)r?rh",getlex.php?coord=444041709&word=14,,,,,,,,,,,,,
hr?[rT],getlex.php?coord=444041709&word=11,,,,,,,,,,,,,
Twr,getlex.php?coord=444041710&word=1,n.m.,,,,,mountain,mountain,"high pasture, field",parapet (?),,,n.m.,"mountain | mountain | high pasture, field | parapet (?)"
"l,,T",getlex.php?coord=444041709&word=15,,,,,,,,,,,,,
twr),getlex.php?coord=444041710&word=2,n.m.,,,,,"ox, cow","bull, ox",(astron.) Taurus,(zool.) תורא דימא : an unclean fish,,,n.m.,"ox, cow | bull, ox | (astron.) Taurus | (zool.) תורא דימא : an unclean fish"
dN,getlex.php?coord=444041710&word=3,pron.,,,,,this one,this one,"as enclitic in interrogative contexts: now, here, then :",see s.v.,,,pron.,"this one | this one | as enclitic in interrogative contexts: now, here, then : | see s.v."
npl,getlex.php?coord=444041710&word=0,vb. a/e(u) G D C Gt Dt,,,,,to fall; befall,to fall,"to befall, occur",w. various prepositions,,,vb. a/e(u) G D C Gt Dt,"to fall; befall | to fall | to befall, occur | w. various prepositions"
nh?ry),getlex.php?coord=444041709&word=5,n.m.,,,,,river,"river, canal",figurative usages:,,,,n.m.,"river | river, canal | figurative usages:"
Twr,getlex.php?coord=444041709&word=10,n.m.,,,,,mountain,mountain,"high pasture, field",parapet (?),,,n.m.,"mountain | mountain | high pasture, field | parapet (?)"
(d,getlex.php?coord=444041709&word=6,conj.,,,,,until,until,"while, while still",before,,,conj.,"until | until | while, while still | before"
dy,getlex.php?coord=444041709&word=7,,,,,,,,,,,,,
lr)y$,getlex.php?coord=444041709&word=9,n.m.,,,,,head; top; chief,(anat.) head,top,"beginning, origin, source",,,n.m.,"head; top; chief | (anat.) head | top | beginning, origin, source"
dbq,getlex.php?coord=444041709&word=8,vb. e(a)/a(u) G D C Gt Dt,,,,,"to stick to, to adhere",(usually w.,b_,") : to stick to, to adhere",,,vb. e(a)/a(u) G D C Gt Dt,"to stick to, to adhere | (usually w. | b_ | ) : to stick to, to adhere"
tryN,getlex.php?coord=444041709&word=4,num.,,,,,two,two,,,,,num.,two | two
byN,getlex.php?coord=444041709&word=3,prep.,,,,,"between, among",between,with two explicit end points,among,,,prep.,"between, among | between | with two explicit end points | among"
w?b?t?r?h?,getlex.php?coord=444041708&word=12,conj. prep.,,,,,"and, also",after,after,conj.: after,,btr,conj. prep.,"and, also | after | after | conj.: after"
dy,getlex.php?coord=444041709&word=2,,,,,,,,,,,,,
)r(),getlex.php?coord=444041709&word=1,n.f.,,,,,ground; land; Earth,ground,"land, country",the Earth,,,n.f.,"ground; land; Earth | ground | land, country | the Earth"
l)rM,getlex.php?coord=444041709&word=0,,,,,,,,,,,,,
wsx?r,getlex.php?coord=444041708&word=5,conj. vb. a/a G D C Gt,,,,,"and, also",to go around; to beg,"to go about, to turn around","to travel around, go around",,sḥr,conj. vb. a/a G D C Gt,"and, also | to go around; to beg | to go about, to turn around | to travel around, go around"
(d,getlex.php?coord=444041708&word=8,conj.,,,,,until,until,"while, while still",before,,,conj.,"until | until | while, while still | before"
dbq,getlex.php?coord=444041708&word=9,vb. e(a)/a(u) G D C Gt Dt,,,,,"to stick to, to adhere",(usually w.,b_,") : to stick to, to adhere",,,vb. e(a)/a(u) G D C Gt Dt,"to stick to, to adhere | (usually w. | b_ | ) : to stick to, to adhere"
bcpwn),getlex.php?coord=444041708&word=4,prep. n.m.,,,,,"in, with",in,with (instrumental),among,,"ṣpwn, ṣpwnˀ",prep. n.m.,"in, with | in | with (instrumental) | among"
d(l,getlex.php?coord=444041711&word=5,prep.,,,,,upon; against; to,"upon, over, on to","against, over against","toward, to",,,prep.,"upon; against; to | upon, over, on to | against, over against | toward, to"
lm(rb),getlex.php?coord=444041708&word=6,n.m./f.,,,,,west; sunset,west,setting (of the sun),,,,n.m./f.,west; sunset | west | setting (of the sun)
l)$wr,getlex.php?coord=444041708&word=7,,,,,,,,,,,,,
dy,getlex.php?coord=444041708&word=3,,,,,,,,,,,,,
lxdql,getlex.php?coord=444041708&word=10,,,,,,,,,,,,,
",,,,,",getlex.php?coord=444041708&word=11,,,,,,,,,,,,,
$?mwq),getlex.php?coord=444041708&word=1,adj.,,,,,red,red,red substance,,,,adj.,red | red | red substance
lym?),getlex.php?coord=444041707&word=15,,,,,,,,,,,,,
n?h?r?)?,getlex.php?coord=444041707&word=12,n.m.,,,,,river,"river, canal",figurative usages:,,,,n.m.,"river | river, canal | figurative usages:"
(d,getlex.php?coord=444041707&word=13,conj.,,,,,until,until,"while, while still",before,,,conj.,"until | until | while, while still | before"
lr)y$h,getlex.php?coord=444041708&word=2,n.m.,,,,,head; top; chief,(anat.) head,top,"beginning, origin, source",,,n.m.,"head; top; chief | (anat.) head | top | beginning, origin, source"
ddbq,getlex.php?coord=444041707&word=14,vb. e(a)/a(u) G D C Gt Dt,,,,,"to stick to, to adhere",(usually w.,b_,") : to stick to, to adhere",,,vb. e(a)/a(u) G D C Gt Dt,"to stick to, to adhere | (usually w. | b_ | ) : to stick to, to adhere"
",,,,",getlex.php?coord=444041708&word=0,,,,,,,,,,,,,
lyd,getlex.php?coord=444041707&word=9,prep.,,,,,under the control of; next to,under the control of,next to,,,,prep.,under the control of; next to | under the control of | next to
xdql,getlex.php?coord=444041707&word=11,,,,,,,,,,,,,
m?y?,getlex.php?coord=444041707&word=10,n.m.pl.,,,,,water,water,"juice, fluid",semen,,,n.m.pl.,"water | water | juice, fluid | semen"
bnwhy,getlex.php?coord=444041707&word=4,n.m.,,,,,son,"son, child",member of the same cohort (,see also 'compounds' 3.2),,,n.m.,"son | son, child | member of the same cohort ( | see also 'compounds' 3.2)"
p?l?g?,getlex.php?coord=444041707&word=1,n.m. vb. a/u (e/a) G D C Gt Dt,,,,,son,"son, child",member of the same cohort (,see also 'compounds' 3.2),,plg,n.m. vb. a/u (e/a) G D C Gt Dt,"son | son, child | member of the same cohort ( | see also 'compounds' 3.2)"
######,getlex.php?coord=444041706&word=1,,,,,,,,,,,,,
[w]$?M,getlex.php?coord=444041707&word=0,conj.,,,,,"and, also",,,,,,conj.,"and, also"
",,,,[,,,",getlex.php?coord=444041705&word=1,,,,,,,,,,,,,
",,,,,,,,,,,,,,,,,,,,,,,,,,,,,,,,,,,,,]lm$K?",getlex.php?coord=444041705&word=0,,,,,,,,,,,,,
",,,,",getlex.php?coord=444041706&word=0,,,,,,,,,,,,,
[x]lqh,getlex.php?coord=444041707&word=2,n.m.,,,,,portion,portion,"בחלק : adv. : by apportionment (i.e., by division of an inheritance)",,,,n.m.,"portion | portion | בחלק : adv. : by apportionment (i.e., by division of an inheritance)"
byN,getlex.php?coord=444041707&word=3,prep.,,,,,"between, among",between,with two explicit end points,among,,,prep.,"between, among | between | with two explicit end points | among"
l(ylM,getlex.php?coord=444041707&word=7,,,,,,,,,,,,,
bcpwn),getlex.php?coord=444041707&word=8,prep. n.m.,,,,,"in, with",in,with (instrumental),among,,"ṣpwn, ṣpwnˀ",prep. n.m.,"in, with | in | with (instrumental) | among"
",l[,,,]",getlex.php?coord=444040624&word=1,,,,,,,,,,,,,
(?ly?),getlex.php?coord=444040624&word=2,adj.,,,,,"supreme, highest, exalted","supreme, highest, exalted",upper,"previous, above in a text",,,adj.,"supreme, highest, exalted | supreme, highest, exalted | upper | previous, above in a text"
"q,l",getlex.php?coord=444040624&word=4,,,,,,,,,,,,,
ywM,getlex.php?coord=444040624&word=3,n.m.,,,,,day,day,pl.: time period,"daytime, sun light (",,,n.m.,"day | day | pl.: time period | daytime, sun light ("
nwx,getlex.php?coord=444040623&word=2,,,,,,,,,,,,,
r?b?w?,getlex.php?coord=444040623&word=4,n.f.,,,,,greatness,greatness,metaph. and transf. mngs.,"the status or function of teacher (i.e., rabbi) of novices",,,n.f.,"greatness | greatness | metaph. and transf. mngs. | the status or function of teacher (i.e., rabbi) of novices"
wqw?$?T,getlex.php?coord=444040623&word=5,conj. n.m.,,,,,"and, also","honesty, truth","honesty, truth","justice, proper thing",,"qšwṭ, qwšṭˀ",conj. n.m.,"and, also | honesty, truth | honesty, truth | justice, proper thing"
"[,,,],N",getlex.php?coord=444040624&word=0,,,,,,,,,,,,,
",,,[,,,",getlex.php?coord=444040623&word=6,,,,,,,,,,,,,
xN,getlex.php?coord=444040623&word=3,n.m.,,,,,favor,"favor, likeability",pleasant physical appearance,,,,n.m.,"favor | favor, likeability | pleasant physical appearance"
"w),lN",getlex.php?coord=444040621&word=3,,,,,,,,,,,,,
")[,,,]",getlex.php?coord=444040621&word=1,,,,,,,,,,,,,
"[,,,],N",getlex.php?coord=444040621&word=2,,,,,,,,,,,,,
",,[,,,",getlex.php?coord=444040621&word=4,,,,,,,,,,,,,
)nw$),getlex.php?coord=444040620&word=5,n.m.,,,,,human being,"human being, person","humanity, human kind","household, people",,,n.m.,"human being | human being, person | humanity, human kind | household, people"
bnt,getlex.php?coord=444040620&word=4,n.f.,,,,,daughter,daughter,a small part of something,in compounds: member of the same cohort:,,,n.f.,daughter | daughter | a small part of something | in compounds: member of the same cohort:
"[,,,],qs,)",getlex.php?coord=444040621&word=0,,,,,,,,,,,,,
)n?h?,getlex.php?coord=444040623&word=1,pron.,,,,,I,I,as enclitic subject marker with participles/adjectives,(philos.) Ego,,,pron.,I | I | as enclitic subject marker with participles/adjectives | (philos.) Ego
dy,getlex.php?coord=444040620&word=2,,,,,,,,,,,,,
qdy$yN,getlex.php?coord=444040620&word=1,adj.,,,,,holy,holy,angel,as substantive:,,,adj.,holy | holy | angel | as substantive:
l(lyK,getlex.php?coord=444040226&word=1,prep.,,,,,upon; against; to,"upon, over, on to","against, over against","toward, to",,,prep.,"upon; against; to | upon, over, on to | against, over against | toward, to"
"[,,,",getlex.php?coord=444040226&word=2,,,,,,,,,,,,,
(M,getlex.php?coord=444040620&word=3,prep.,,,,,with,"with, together with",at,"at the time of, during",,,prep.,"with | with, together with | at | at the time of, during"
)tyt,getlex.php?coord=444040225&word=8,vb. G D C Ct,,,,,"to come, arrive",to come,to occur; w.,ˁl,,,vb. G D C Ct,"to come, arrive | to come | to occur; w. | ˁl"
dy,getlex.php?coord=444040225&word=6,,,,,,,,,,,,,
lh?k?)?,getlex.php?coord=444040225&word=7,adv.,,,,,here,here,,,,,adv.,here | here
dxyl,getlex.php?coord=444040226&word=0,adj.,,,,,"terrible, frightening","terrible, frightening",amazingly outstanding,"of divinity : awesome, worthy of worship",,,adj.,"terrible, frightening | terrible, frightening | amazingly outstanding | of divinity : awesome, worthy of worship"
"[,,,,",getlex.php?coord=444040225&word=10,,,,,,,,,,,,,
lb[yt]K?,getlex.php?coord=444040225&word=9,n.m./f.,,,,,house; structure; place,house: a building for dwelling,a structure,"place, area, home",,,n.m./f.,"house; structure; place | house: a building for dwelling | a structure | place, area, home"
lqd?myN,getlex.php?coord=444041707&word=6,adv.,,,,,previously,previously,at first,"eastward (?), from the east(?)",,,adv.,"previously | previously | at first | eastward (?), from the east(?)"
"[,,,]/)t[ty",getlex.php?coord=444040224&word=11,vb. G D C Ct,,,,,"to come, arrive",to come,to occur; w.,ˁl,,,vb. G D C Ct,"to come, arrive | to come | to occur; w. | ˁl"
"[,,,]",getlex.php?coord=444040225&word=0,,,,,,,,,,,,,
",,,]#2#/",getlex.php?coord=444040224&word=12,,,,,,,,,,,,,
w?)?m?r?,getlex.php?coord=444040225&word=1,vb. a/a G Gt,,,,,to say,to say,to command,"to say to oneself, to have a thought",,,vb. a/a G Gt,"to say | to say | to command | to say to oneself, to have a thought"
w?)?l/d)l#2#/,getlex.php?coord=444040225&word=3,conj. adv. adv.,,,,,"and, also",not (prohibitive),not (prohibitive),not (prohibitive),,ˀl,conj. adv. adv.,"and, also | not (prohibitive) | not (prohibitive) | not (prohibitive)"
lK,getlex.php?coord=444040225&word=2,,,,,,,,,,,,,
wnpl,getlex.php?coord=444041707&word=5,conj. vb. a/e(u) G D C Gt Dt,,,,,"and, also",to fall; befall,to fall,"to befall, occur",,npl,conj. vb. a/e(u) G D C Gt Dt,"and, also | to fall; befall | to fall | to befall, occur"
(ly,getlex.php?coord=444040225&word=5,prep.,,,,,upon; against; to,"upon, over, on to","against, over against","toward, to",,,prep.,"upon; against; to | upon, over, on to | against, over against | toward, to"
trgz,getlex.php?coord=444040225&word=4,vb. e/a(u) G D C Gt Dt quad,,,,,to be angry,to be angry,to burn,to enrage,,,vb. e/a(u) G D C Gt Dt quad,to be angry | to be angry | to burn | to enrage
)by,getlex.php?coord=444040224&word=5,n.m.,,,,,father,father,"ancestor, forefather",ˀabbā,,,n.m.,"father | father | ancestor, forefather | ˀabbā"
lK,getlex.php?coord=444040224&word=10,,,,,,,,,,,,,
wy),getlex.php?coord=444040224&word=6,conj. interj.,,,,,"and, also",O (vocative),O (vocative),,,yˀ,conj. interj.,"and, also | O (vocative) | O (vocative)"
)nh,getlex.php?coord=444040224&word=9,pron.,,,,,I,I,as enclitic subject marker with participles/adjectives,(philos.) Ego,,,pron.,I | I | as enclitic subject marker with participles/adjectives | (philos.) Ego
mry,getlex.php?coord=444040224&word=7,n.m.,,,,,"master, lord",master,owner,title of respect,,,n.m.,"master, lord | master | owner | title of respect"
dy,getlex.php?coord=444040224&word=8,,,,,,,,,,,,,
"[,,,",getlex.php?coord=444040224&word=0,,,,,,,,,,,,,
",,,,,",getlex.php?coord=444040223&word=9,,,,,,,,,,,,,
)bwhy,getlex.php?coord=444040224&word=3,n.m.,,,,,father,father,"ancestor, forefather",ˀabbā,,,n.m.,"father | father | ancestor, forefather | ˀabbā"
y),getlex.php?coord=444040224&word=4,interj.,,,,,O (vocative),O (vocative),,,,,interj.,O (vocative) | O (vocative)
lx?nwK,getlex.php?coord=444040224&word=2,,,,,,,,,,,,,
)?[r(),getlex.php?coord=444040223&word=8,n.f.,,,,,ground; land; Earth,ground,"land, country",the Earth,,,n.f.,"ground; land; Earth | ground | land, country | the Earth"
w])?m?r?,getlex.php?coord=444040224&word=1,vb. a/a G Gt,,,,,to say,to say,to command,"to say to oneself, to have a thought",,,vb. a/a G Gt,"to say | to say | to command | to say to oneself, to have a thought"
qd?mt,getlex.php?coord=444040223&word=3,adv.,,,,,to the east,to the east,,,,,adv.,to the east | to the east
lqC,getlex.php?coord=444040223&word=7,n.m.,,,,,end,end,appointed time,"fate, destiny",,,n.m.,"end | end | appointed time | fate, destiny"
w)$k?x?t,getlex.php?coord=444040623&word=0,conj. vb. a/a G C Gt Ct,,,,,"and, also",to find; to be capable,to find,"w. infinitive : to be able to, capable of",,škḥ,conj. vb. a/a G C Gt Ct,"and, also | to find; to be capable | to find | w. infinitive : to be able to, capable of"
wtmN,getlex.php?coord=444040223&word=5,conj. adv.,,,,,"and, also",there,there,"in opposition to  ""here"" : Babylonia vs. Eretz-Israel",,"tmh, tmn",conj. adv.,"and, also | there | there | in opposition to  ""here"" : Babylonia vs. Eretz-Israel"
w)zl,getlex.php?coord=444040223&word=1,"conj. vb. a/i, a/a G Gt",,,,,"and, also",to go,"to go, move along",to go away,,ˀzl,"conj. vb. a/i, a/a G Gt","and, also | to go | to go, move along | to go away"
lprwyN,getlex.php?coord=444040223&word=4,,,,,,,,,,,,,
)$kxh,getlex.php?coord=444040223&word=6,vb. a/a G C Gt Ct,,,,,to find; to be capable,to find,"w. infinitive : to be able to, capable of","impersonal ܡܸܫܟܲܚ܂ ܡܸܫܟܚܵܐ : it may well be, it is possible",,,vb. a/a G C Gt Ct,"to find; to be capable | to find | w. infinitive : to be able to, capable of | impersonal ܡܸܫܟܲܚ܂ ܡܸܫܟܚܵܐ : it may well be, it is possible"
lh,getlex.php?coord=444040223&word=2,,,,,,,,,,,,,
(?l x?nwK,getlex.php?coord=444040222&word=1,prep.,,,,,upon; against; to,"upon, over, on to","against, over against","toward, to",,,prep.,"upon; against; to | upon, over, on to | against, over against | toward, to"
bqw$T),getlex.php?coord=444040222&word=6,prep. n.m.,,,,,"in, with",in,with (instrumental),among,,"qšwṭ, qwšṭˀ",prep. n.m.,"in, with | in | with (instrumental) | among"
"[,,,",getlex.php?coord=444040222&word=7,,,,,,,,,,,,,
r?T?,getlex.php?coord=444040222&word=0,vb. a/u G D Dt,,,,,to run; Dt to vibrate,to run,"p.p. : put into motion, startled","to be put into motion, made to vibrate",,,vb. a/u G D Dt,"to run; Dt to vibrate | to run | p.p. : put into motion, startled | to be put into motion, made to vibrate"
kwl),getlex.php?coord=444040222&word=5,n.(pr.),,,,,"all, every",alone preceding a noun (technically the construct state!) :,as a postpositive with resumptive pronominal suffixes,emphatic state :,,,n.(pr.),"all, every | alone preceding a noun (technically the construct state!) : | as a postpositive with resumptive pronominal suffixes | emphatic state :"
mnh,getlex.php?coord=444040222&word=4,prep.,,,,,from,from,partitive,indicating the agent of a passive,,,prep.,from | from | partitive | indicating the agent of a passive
)bwhy,getlex.php?coord=444040222&word=2,n.m.,,,,,father,father,"ancestor, forefather",ˀabbā,,,n.m.,"father | father | ancestor, forefather | ˀabbā"
lmnd(,getlex.php?coord=444040222&word=3,vb. a/a G C Gt Ct quad quad T,,,,,to know,to know,to cohabit with,idioms:,,,vb. a/a G C Gt Ct quad quad T,to know | to know | to cohabit with | idioms:
..l..,getlex.php?coord=444040619&word=11,,,,,,,,,,,,,
"q[,,,]^",getlex.php?coord=444040619&word=10,,,,,,,,,,,,,
",,,",getlex.php?coord=444040221&word=9,,,,,,,,,,,,,
mtw$l[x,getlex.php?coord=444040221&word=8,,,,,,,,,,,,,
$m(,getlex.php?coord=444040221&word=7,vb. a/a(u) G D C Gt,,,,,to hear,to hear (w. d.o. or,b_,) something,,,vb. a/a(u) G D C Gt,to hear | to hear (w. d.o. or | b_ | ) something
"[,,,]",getlex.php?coord=444040620&word=0,,,,,,,,,,,,,
y?..l,getlex.php?coord=444040619&word=12,,,,,,,,,,,,,
npyly),getlex.php?coord=444040619&word=5,n.m.,,,,,giant,giant,(astron.) Orion,,,,n.m.,giant | giant | (astron.) Orion
wqwyt,getlex.php?coord=444040619&word=7,conj. vb. D C Dt,,,,,"and, also",D to remain,to remain,to persevere,,qwy,conj. vb. D C Dt,"and, also | D to remain | to remain | to persevere"
$pyt,getlex.php?coord=444040619&word=6,vb. G D C Dt,,,,,to smooth,to smooth,to purge,to keep silent (?),,,vb. G D C Dt,to smooth | to smooth | to purge | to keep silent (?)
^(d,getlex.php?coord=444040619&word=8,prep.,,,,,until,"until, as far as",as conj.:,see s.v.,,,prep.,"until | until, as far as | as conj.: | see s.v."
dm),getlex.php?coord=444040619&word=2,n.m.,,,,,blood,blood,juice,bsr wdm,,,n.m.,blood | blood | juice | bsr wdm
)$dw,getlex.php?coord=444040619&word=4,vb. a/u G D C Gt Dt,,,,,to pour,to pour,metaph.,metaph. : to harass,,,vb. a/u G D C Gt Dt,to pour | to pour | metaph. | metaph. : to harass
dy,getlex.php?coord=444040619&word=3,,,,,,,,,,,,,
dy,getlex.php?coord=444040619&word=9,,,,,,,,,,,,,
"y,,,[,,,",getlex.php?coord=444040618&word=5,,,,,,,,,,,,,
mstM,getlex.php?coord=444040618&word=4,vb. a/u G D Gt Dt,,,,,to stop up,"to close up, stop up",to state a law anonymously,to stop up,,,vb. a/u G D Gt Dt,"to stop up | to close up, stop up | to state a law anonymously | to stop up"
"[,,,]",getlex.php?coord=444040619&word=0,,,,,,,,,,,,,
tryN,getlex.php?coord=444040618&word=2,num.,,,,,two,two,,,,,num.,two | two
wb)dyN,getlex.php?coord=444040618&word=3,conj. conj.,,,,,"and, also",then,then (past sequential),(future sequential),,bˀdyn,conj. conj.,"and, also | then | then (past sequential) | (future sequential)"
"m(yw,",getlex.php?coord=444040619&word=1,,,,,,,,,,,,,
",,,,,ql",getlex.php?coord=444040617&word=1,n.m.,,,,,voice,"voice, sound of a voice","sound, noise","report, rumor",,,n.m.,"voice | voice, sound of a voice | sound, noise | report, rumor"
y?c?lx?w?N,getlex.php?coord=444040617&word=2,vb. a/a(u) vb. G C Dt Ct G D C Gt Dt,,,,,to prosper,to prosper,to absorb well (?),"to do well, to prosper",,ṣlḥ,vb. a/a(u) vb. G C Dt Ct G D C Gt Dt,"to prosper | to prosper | to absorb well (?) | to do well, to prosper"
",,,[............",getlex.php?coord=444040617&word=5,,,,,,,,,,,,,
b?)?n?w?N,getlex.php?coord=444040617&word=4,pron.,,,,,"they, them",they,them (i.e. as independent object pronoun),as copula,,,pron.,"they, them | they | them (i.e. as independent object pronoun) | as copula"
",,,,,,,,,,,,,],,,,",getlex.php?coord=444040617&word=0,,,,,,,,,,,,,
w?b?x?r?w?,getlex.php?coord=444040617&word=3,conj. vb. a/a(u) G D C Gt Dt,,,,,"and, also",to choose,to choose,"to examine, test",,bḥr,conj. vb. a/a(u) G D C Gt Dt,"and, also | to choose | to choose | to examine, test"
$bw(yN,getlex.php?coord=444040618&word=1,n.m.,,,,,week,week,"sabbatical cycle, seven year cycle",pl. : Pentecost,,,n.m.,"week | week | sabbatical cycle, seven year cycle | pl. : Pentecost"
lx?y?t,getlex.php?coord=444040616&word=4,adj.,,,,,"bad, wicked","bad, evil",,,,,adj.,"bad, wicked | bad, evil"
bny,getlex.php?coord=444040616&word=5,n.m.,,,,,son,"son, child",member of the same cohort (,see also 'compounds' 3.2),,,n.m.,"son | son, child | member of the same cohort ( | see also 'compounds' 3.2)"
)r?(?),getlex.php?coord=444040616&word=6,n.f.,,,,,ground; land; Earth,ground,"land, country",the Earth,,,n.f.,"ground; land; Earth | ground | land, country | the Earth"
wxzyt,getlex.php?coord=444040616&word=8,"conj. vb. G D C Gt Ct ethpolal, ethpay/w c el",,,,,"and, also",to see,to see,(,,ḥzy,"conj. vb. G D C Gt Ct ethpolal, ethpay/w c el","and, also | to see | to see | ("
kwl[,getlex.php?coord=444040616&word=9,n.(pr.),,,,,"all, every",alone preceding a noun (technically the construct state!) :,as a postpositive with resumptive pronominal suffixes,emphatic state :,,,n.(pr.),"all, every | alone preceding a noun (technically the construct state!) : | as a postpositive with resumptive pronominal suffixes | emphatic state :"
y?d?(t,getlex.php?coord=444040616&word=7,vb. a/a G C Gt Ct quad quad T,,,,,to know,to know,to cohabit with,idioms:,,,vb. a/a G C Gt Ct quad quad T,to know | to know | to cohabit with | idioms:
r(wth,getlex.php?coord=444040223&word=0,n.f.,,,,,"will, pleasure","will, pleasure",(divine) presence = Heb. פנים,,,,n.f.,"will, pleasure | will, pleasure | (divine) presence = Heb. פנים"
)mryN,getlex.php?coord=444040615&word=7,vb. a/a G Gt,,,,,to say,to say,to command,"to say to oneself, to have a thought",,,vb. a/a G Gt,"to say | to say | to command | to say to oneself, to have a thought"
y),getlex.php?coord=444040615&word=8,interj.,,,,,O (vocative),O (vocative),,,,,interj.,O (vocative) | O (vocative)
q?wdmy,getlex.php?coord=444040616&word=1,,,,,,,,,,,,,
w?x?$?bt,getlex.php?coord=444040616&word=2,"vb. e/a,u G D C Gt Dt",,,,,"to think, calculate","to think a thought about, take into account",to regard as after due thought,to calculate,,,"vb. e/a,u G D C Gt Dt","to think, calculate | to think a thought about, take into account | to regard as after due thought | to calculate"
",,,,,,,,]l?",getlex.php?coord=444040616&word=0,,,,,,,,,,,,,
k?w?l,getlex.php?coord=444040616&word=3,n.(pr.),,,,,"all, every",alone preceding a noun (technically the construct state!) :,as a postpositive with resumptive pronominal suffixes,emphatic state :,,,n.(pr.),"all, every | alone preceding a noun (technically the construct state!) : | as a postpositive with resumptive pronominal suffixes | emphatic state :"
nwx,getlex.php?coord=444040615&word=9,,,,,,,,,,,,,
qdy$),getlex.php?coord=444040615&word=1,adj.,,,,,holy,holy,angel,as substantive:,,,adj.,holy | holy | angel | as substantive:
rb),getlex.php?coord=444040615&word=2,adj.,,,,,"great, big",large,"great, of major significance",(of age) : older,,,adj.,"great, big | large | great, of major significance | (of age) : older"
lK,getlex.php?coord=444040615&word=6,,,,,,,,,,,,,
ly,getlex.php?coord=444040615&word=3,,,,,,,,,,,,,
)$m(,getlex.php?coord=444040615&word=5,vb. a/a(u) G D C Gt,,,,,to hear,to hear (w. d.o. or,b_,) something,,,vb. a/a(u) G D C Gt,to hear | to hear (w. d.o. or | b_ | ) something
ql,getlex.php?coord=444040615&word=4,n.m.,,,,,voice,"voice, sound of a voice","sound, noise","report, rumor",,,n.m.,"voice | voice, sound of a voice | sound, noise | report, rumor"
(my,getlex.php?coord=444040614&word=3,prep.,,,,,with,"with, together with",at,"at the time of, during",,,prep.,"with | with, together with | at | at the time of, during"
mll,getlex.php?coord=444040614&word=4,vb. D C Dt,,,,,D to speak,to speak,to sound,to enable someone to speak,,,vb. D C Dt,D to speak | to speak | to sound | to enable someone to speak
wlqwbly,getlex.php?coord=444040614&word=5,conj. prep.,,,,,"and, also",opposite,"opposite, over against","in consideration of, because of",,lwqbl,conj. prep.,"and, also | opposite | opposite, over against | in consideration of, because of"
wbxzywN,getlex.php?coord=444040614&word=2,conj. prep. n.m.,,,,,"and, also","in, with",in,with (instrumental),,b_,conj. prep. n.m.,"and, also | in, with | in | with (instrumental)"
",,,,",getlex.php?coord=444040614&word=1,,,,,,,,,,,,,
"[,,,]",getlex.php?coord=444040614&word=0,,,,,,,,,,,,,
....wb]m$?lxt,getlex.php?coord=444040615&word=0,n.m.,,,,,a troop of angels,a troop of angels,,,,,n.m.,a troop of angels | a troop of angels
qM,getlex.php?coord=444040614&word=6,"vb. a/u G D C Dt Ct polel, pay/w c el ethpolal, ethpay/w c el",,,,,to rise; to stand; to last,to rise,"to stand, to be raised up","to stand still, to stop",,,"vb. a/u G D C Dt Ct polel, pay/w c el ethpolal, ethpay/w c el","to rise; to stand; to last | to rise | to stand, to be raised up | to stand still, to stop"
qdy?$),getlex.php?coord=444040613&word=8,adj.,,,,,holy,holy,angel,as substantive:,,,adj.,holy | holy | angel | as substantive:
wbm$lxt,getlex.php?coord=444040613&word=7,conj. prep. n.m.,,,,,"and, also","in, with",in,with (instrumental),,b_,conj. prep. n.m.,"and, also | in, with | in | with (instrumental)"
bcyr,getlex.php?coord=444040613&word=6,prep. n.m.,,,,,"in, with",in,with (instrumental),among,,ṣyr,prep. n.m.,"in, with | in | with (instrumental) | among"
^(^ly,getlex.php?coord=444040613&word=5,,,,,,,,,,,,,
",,,,,,",getlex.php?coord=444040613&word=9,,,,,,,,,,,,,
"[,,,]",getlex.php?coord=444040618&word=0,,,,,,,,,,,,,
"[,,,",getlex.php?coord=444040613&word=0,,,,,,,,,,,,,
(?ly?,getlex.php?coord=444040613&word=2,prep.,,,,,upon; against; to,"upon, over, on to","against, over against","toward, to",,,prep.,"upon; against; to | upon, over, on to | against, over against | toward, to"
",,,],,",getlex.php?coord=444040613&word=1,,,,,,,,,,,,,
rb),getlex.php?coord=444040613&word=4,adj.,,,,,"great, big",large,"great, of major significance",(of age) : older,,,adj.,"great, big | large | great, of major significance | (of age) : older"
w(yr),getlex.php?coord=444040613&word=3,conj. adj.,,,,,"and, also","watching, awake; angel","awake, alert",watching,,ˁyr,conj. adj.,"and, also | watching, awake; angel | awake, alert | watching"
",,,",getlex.php?coord=444040616&word=10,,,,,,,,,,,,,
dN,getlex.php?coord=444040612&word=4,pron.,,,,,this one,this one,"as enclitic in interrogative contexts: now, here, then :",see s.v.,,,pron.,"this one | this one | as enclitic in interrogative contexts: now, here, then : | see s.v."
wlkwl,getlex.php?coord=444040612&word=6,conj. n.(pr.),,,,,"and, also","all, every",alone preceding a noun (technically the construct state!) :,as a postpositive with resumptive pronominal suffixes,,"kl, klˀ",conj. n.(pr.),"and, also | all, every | alone preceding a noun (technically the construct state!) : | as a postpositive with resumptive pronominal suffixes"
rz),getlex.php?coord=444040612&word=3,n.m.,,,,,mystery,"mystery, secret",typological symbol,the Eucharist,,,n.m.,"mystery | mystery, secret | typological symbol | the Eucharist"
wTmrt,getlex.php?coord=444040612&word=2,conj. vb. a/u(a) G D C Gt Dt Ct,,,,,"and, also",to hide or bury s.t. in the ground,to hide in the ground or bury something,to penetrate (a military installlation),,ṭmr,conj. vb. a/u(a) G D C Gt Dt Ct,"and, also | to hide or bury s.t. in the ground | to hide in the ground or bury something | to penetrate (a military installlation)"
)nw$,getlex.php?coord=444040612&word=7,n.m.,,,,,human being,"human being, person","humanity, human kind","household, people",,,n.m.,"human being | human being, person | humanity, human kind | household, people"
$?m?y?),getlex.php?coord=444040612&word=1,n.m.pl.t.,,,,,heaven; ceiling,heaven,"roof, ceiling",,,,n.m.pl.t.,"heaven; ceiling | heaven | roof, ceiling"
blbby,getlex.php?coord=444040612&word=5,prep. n.m.,,,,,"in, with",in,with (instrumental),among,,"lbb, lbbˀ",prep. n.m.,"in, with | in | with (instrumental) | among"
###,getlex.php?coord=444040612&word=10,,,,,,,,,,,,,
)xwyth,getlex.php?coord=444040612&word=9,vb. G D C Dt,,,,,to see (??); D to show,to see (?),p.p. : proper (calque on MH רָאוּי  ),to show,,,vb. G D C Dt,to see (??); D to show | to see (?) | p.p. : proper (calque on MH רָאוּי  ) | to show
wm),getlex.php?coord=444040611&word=9,conj. pron.,,,,,"and, also",what?,what?,(usually) with following adj.: how!,,mh,conj. pron.,"and, also | what? | what? | (usually) with following adj.: how!"
",,l/kwl#2#/",getlex.php?coord=444040611&word=10,n.(pr.),,,,,"all, every",alone preceding a noun (technically the construct state!) :,as a postpositive with resumptive pronominal suffixes,emphatic state :,,,n.(pr.),"all, every | alone preceding a noun (technically the construct state!) : | as a postpositive with resumptive pronominal suffixes | emphatic state :"
b(wbd,getlex.php?coord=444040611&word=6,prep. n.m.,,,,,"in, with",in,with (instrumental),among,,"ˁwbd, ˁwbdˀ",prep. n.m.,"in, with | in | with (instrumental) | among"
bny,getlex.php?coord=444040611&word=7,n.m.,,,,,son,"son, child",member of the same cohort (,see also 'compounds' 3.2),,,n.m.,"son | son, child | member of the same cohort ( | see also 'compounds' 3.2)"
"[,,,],",getlex.php?coord=444040612&word=0,,,,,,,,,,,,,
$myN,getlex.php?coord=444040611&word=8,n.m.pl.t.,,,,,heaven; ceiling,heaven,"roof, ceiling",,,,n.m.pl.t.,"heaven; ceiling | heaven | roof, ceiling"
"[,,,,],",getlex.php?coord=444040611&word=0,,,,,,,,,,,,,
w)xw)^t^,getlex.php?coord=444040611&word=4,vb. G D C Dt,,,,,to see (??); D to show,to see (?),p.p. : proper (calque on MH רָאוּי  ),to show,,,vb. G D C Dt,to see (??); D to show | to see (?) | p.p. : proper (calque on MH רָאוּי  ) | to show
w)wd(t,getlex.php?coord=444040611&word=5,vb. a/a G C Gt Ct quad quad T,,,,,to know,to know,to cohabit with,idioms:,,,vb. a/a G C Gt Ct quad quad T,to know | to know | to cohabit with | idioms:
xz?y?t?,getlex.php?coord=444040611&word=3,"vb. G D C Gt Ct ethpolal, ethpay/w c el",,,,,to see,to see,(,metaph. as in European languages,,,"vb. G D C Gt Ct ethpolal, ethpay/w c el",to see | to see | ( | metaph. as in European languages
bxzywN,getlex.php?coord=444040611&word=2,prep. n.m.,,,,,"in, with",in,with (instrumental),among,,ḥzywn,prep. n.m.,"in, with | in | with (instrumental) | among"
$?m?y?)?,getlex.php?coord=444040611&word=1,n.m.pl.t.,,,,,heaven; ceiling,heaven,"roof, ceiling",,,,n.m.pl.t.,"heaven; ceiling | heaven | roof, ceiling"
",,,,,,",getlex.php?coord=444040614&word=7,,,,,,,,,,,,,
lm?s?b,getlex.php?coord=444040610&word=8,vb. e/a G D C Gt Ct,,,,,to take,"to take, pick up, carry",to marry,"to undertake, take up a task, experience",,,vb. e/a G D C Gt Ct,"to take | to take, pick up, carry | to marry | to undertake, take up a task, experience"
b)dyN,getlex.php?coord=444040610&word=5,conj.,,,,,then,then (past sequential),(future sequential),(gnomic present),,,conj.,then | then (past sequential) | (future sequential) | (gnomic present)
($rh,getlex.php?coord=444040610&word=4,num.,,,,,ten,ten,following a number from 1-9 : 11-19 : see under the first number,"preceding a number from 1-9: 11-19, most commonly(?) as ordinals",,,num.,"ten | ten | following a number from 1-9 : 11-19 : see under the first number | preceding a number from 1-9: 11-19, most commonly(?) as ordinals"
lhwN,getlex.php?coord=444040610&word=9,,,,,,,,,,,,,
lbny,getlex.php?coord=444040610&word=7,n.m.,,,,,son,"son, child",member of the same cohort (,see also 'compounds' 3.2),,,n.m.,"son | son, child | member of the same cohort ( | see also 'compounds' 3.2)"
l)n?t?w?,getlex.php?coord=444040610&word=11,n.f.,,,,,"wifehood, matrimony","wifehood, matrimony",,,,,n.f.,"wifehood, matrimony | wifehood, matrimony"
$lM,getlex.php?coord=444040610&word=6,vb. e/a(u) G D C Gt Dt Ct,,,,,"to be whole, complete","to be whole, perfect","to be complete, finished",(euph.) to die,,,vb. e/a(u) G D C Gt Dt Ct,"to be whole, complete | to be whole, perfect | to be complete, finished | (euph.) to die"
dy,getlex.php?coord=444040609&word=10,,,,,,,,,,,,,
lx$bwN,getlex.php?coord=444040609&word=9,n.m.,,,,,calculation,"calculation, reckoning","computation, numerical value","metaph. : account, reckoning",,,n.m.,"calculation | calculation, reckoning | computation, numerical value | metaph. : account, reckoning"
ywblyN,getlex.php?coord=444040610&word=3,n.m.,,,,,jubilee year,jubilee year,ram,,,,n.m.,jubilee year | jubilee year | ram
",,[,,]",getlex.php?coord=444040610&word=1,,,,,,,,,,,,,
",,)",getlex.php?coord=444040610&word=2,,,,,,,,,,,,,
x$bt,getlex.php?coord=444040609&word=11,"vb. e/a,u G D C Gt Dt",,,,,"to think, calculate","to think a thought about, take into account",to regard as after due thought,to calculate,,,"vb. e/a,u G D C Gt Dt","to think, calculate | to think a thought about, take into account | to regard as after due thought | to calculate"
"[,,,]",getlex.php?coord=444040610&word=0,,,,,,,,,,,,,
)n$),getlex.php?coord=444040609&word=3,,,,,,,,,,,,,
lbny,getlex.php?coord=444040609&word=2,n.m.,,,,,"human, person","human, person","personhood, inner person",,,,n.m.,"human, person | human, person | personhood, inner person"
(ly),getlex.php?coord=444040609&word=1,adj.,,,,,"supreme, highest, exalted","supreme, highest, exalted",upper,"previous, above in a text",,,adj.,"supreme, highest, exalted | supreme, highest, exalted | upper | previous, above in a text"
kdy,getlex.php?coord=444040609&word=6,conj.,,,,,when,when,just as,as follows (,,,conj.,when | when | just as | as follows (
wbywmy,getlex.php?coord=444040609&word=5,conj. prep. n.m.,,,,,"and, also","in, with",in,with (instrumental),,b_,conj. prep. n.m.,"and, also | in, with | in | with (instrumental)"
###,getlex.php?coord=444040609&word=4,,,,,,,,,,,,,
l),getlex.php?coord=444040612&word=8,adv.,,,,,"no, not",no! (as interj.),not (preceding and negating a predicate),"compounded with adjectives, nouns, abstracts, and adverbs  ='un-', 'non', 'in-'",,,adv.,"no, not | no! (as interj.) | not (preceding and negating a predicate) | compounded with adjectives, nouns, abstracts, and adverbs  ='un-', 'non', 'in-'"
$lmw,getlex.php?coord=444040609&word=7,vb. e/a(u) G D C Gt Dt Ct,,,,,"to be whole, complete","to be whole, perfect","to be complete, finished",(euph.) to die,,,vb. e/a(u) G D C Gt Dt Ct,"to be whole, complete | to be whole, perfect | to be complete, finished | (euph.) to die"
)x?y?,getlex.php?coord=444040608&word=10,n.m.,,,,,brother,brother,"kinsman, comrade",,,,n.m.,"brother | brother | kinsman, comrade"
y?h?bt,getlex.php?coord=444040608&word=11,vb. a/a G C Gt,,,,,to give,to give,to place,"to permit, allow",,,vb. a/a G C Gt,"to give | to give | to place | to permit, allow"
(lm),getlex.php?coord=444040608&word=14,n.m.,,,,,eternity; world,eternity (usually as a,nomen rectum,),,,n.m.,eternity; world | eternity (usually as a | nomen rectum | )
lbny,getlex.php?coord=444040608&word=9,n.m.,,,,,son,"son, child",member of the same cohort (,see also 'compounds' 3.2),,,n.m.,"son | son, child | member of the same cohort ( | see also 'compounds' 3.2)"
xwq,getlex.php?coord=444040608&word=13,,,,,,,,,,,,,
wbnty,getlex.php?coord=444040608&word=8,conj. n.f.,,,,,"and, also",daughter,daughter,a small part of something,,"brh, brtˀ",conj. n.f.,"and, also | daughter | daughter | a small part of something"
"[,,,,,]h",getlex.php?coord=444040609&word=0,,,,,,,,,,,,,
kdt,getlex.php?coord=444040608&word=12,prep. n.f./m.,,,,,like,"like, according to",about (with numeral),conj.,,"dt, dtˀ",prep. n.f./m.,"like | like, according to | about (with numeral) | conj."
)xy,getlex.php?coord=444040608&word=7,n.m.,,,,,brother,brother,"kinsman, comrade",,,,n.m.,"brother | brother | kinsman, comrade"
bnt,getlex.php?coord=444040608&word=6,n.f.,,,,,daughter,daughter,a small part of something,in compounds: member of the same cohort:,,,n.f.,daughter | daughter | a small part of something | in compounds: member of the same cohort:
n$yN,getlex.php?coord=444040608&word=3,n.f.,,,,,"woman, wife",woman,wife,,,,n.f.,"woman, wife | woman | wife"
lbny,getlex.php?coord=444040608&word=2,n.m.,,,,,son,"son, child",member of the same cohort (,see also 'compounds' 3.2),,,n.m.,"son | son, child | member of the same cohort ( | see also 'compounds' 3.2)"
mN,getlex.php?coord=444040608&word=5,prep.,,,,,from,from,partitive,indicating the agent of a passive,,,prep.,from | from | partitive | indicating the agent of a passive
]b)dyN,getlex.php?coord=444040608&word=1,conj.,,,,,then,then (past sequential),(future sequential),(gnomic present),,,conj.,then | then (past sequential) | (future sequential) | (gnomic present)
nsbt,getlex.php?coord=444040608&word=4,vb. e/a G D C Gt Ct,,,,,to take,"to take, pick up, carry",to marry,"to undertake, take up a task, experience",,,vb. e/a G D C Gt Ct,"to take | to take, pick up, carry | to marry | to undertake, take up a task, experience"
wbnN,getlex.php?coord=444040607&word=13,conj. n.f.,,,,,"and, also",daughter,daughter,a small part of something,,"brh, brtˀ",conj. n.f.,"and, also | daughter | daughter | a small part of something"
tlth,getlex.php?coord=444040607&word=12,num.,,,,,three,three,w. masc. pl. pron. suff. : group of three,,,,num.,three | three | w. masc. pl. pron. suff. : group of three
wyldt,getlex.php?coord=444040607&word=9,conj. vb. e/a G D C Gt Dt Ct,,,,,"and, also",to give birth; C to produce,to give birth,to beget,,yld,conj. vb. e/a G D C Gt Dt Ct,"and, also | to give birth; C to produce | to give birth | to beget"
bnyN,getlex.php?coord=444040607&word=11,n.m.,,,,,son,"son, child",member of the same cohort (,see also 'compounds' 3.2),,,n.m.,"son | son, child | member of the same cohort ( | see also 'compounds' 3.2)"
n$yN,getlex.php?coord=444040610&word=10,n.f.,,,,,"woman, wife",woman,wife,,,,n.f.,"woman, wife | woman | wife"
ly,getlex.php?coord=444040607&word=10,,,,,,,,,,,,,
"[,,,,,",getlex.php?coord=444040608&word=0,,,,,,,,,,,,,
l)nth,getlex.php?coord=444040607&word=5,n.f.,,,,,"woman, wife",woman,wife,,,,n.f.,"woman, wife | woman | wife"
nsbt,getlex.php?coord=444040607&word=6,vb. e/a G D C Gt Ct,,,,,to take,"to take, pick up, carry",to marry,"to undertake, take up a task, experience",,,vb. e/a G D C Gt Ct,"to take | to take, pick up, carry | to marry | to undertake, take up a task, experience"
ly,getlex.php?coord=444040607&word=4,,,,,,,,,,,,,
whrt,getlex.php?coord=444040607&word=7,conj. vb. G,,,,,"and, also",to conceive,to conceive,,,hry,conj. vb. G,"and, also | to conceive | to conceive"
brth,getlex.php?coord=444040607&word=3,n.f.,,,,,daughter,daughter,a small part of something,in compounds: member of the same cohort:,,,n.f.,daughter | daughter | a small part of something | in compounds: member of the same cohort:
")l,",getlex.php?coord=444040607&word=1,,,,,,,,,,,,,
wl)mzr(,getlex.php?coord=444040607&word=2,conj.,,,,,"and, also",,,,,,conj.,"and, also"
ly,getlex.php?coord=444040609&word=8,,,,,,,,,,,,,
",,)",getlex.php?coord=444040606&word=9,,,,,,,,,,,,,
"[,,,,,",getlex.php?coord=444040606&word=10,,,,,,,,,,,,,
w)tqpt,getlex.php?coord=444040606&word=7,"conj. vb. e(u)/a G D C Gt Dt polel, pay/w c el ethpolal, ethpay/w c el",,,,,"and, also",to be strong,to be(come) strong,"to conquer, prevail (w. d.o.,",,tqp,"conj. vb. e(u)/a G D C Gt Dt polel, pay/w c el ethpolal, ethpay/w c el","and, also | to be strong | to be(come) strong | to conquer, prevail (w. d.o.,"
"b,,,",getlex.php?coord=444040606&word=8,,,,,,,,,,,,,
bqw$T),getlex.php?coord=444040606&word=6,prep. n.m.,,,,,"in, with",in,with (instrumental),among,,"qšwṭ, qwšṭˀ",prep. n.m.,"in, with | in | with (instrumental) | among"
w?)x?d?t,getlex.php?coord=444040606&word=5,conj. vb. a/u G D C Gt Dt,,,,,"and, also","to hold, take, to catch, to seize","to hold, take, to catch, to seize","to shut, close (door, gate, book, mouth)",,ˀḥd,conj. vb. a/u G D C Gt Dt,"and, also | to hold, take, to catch, to seize | to hold, take, to catch, to seize | to shut, close (door, gate, book, mouth)"
",,t?y?",getlex.php?coord=444040607&word=0,,,,,,,,,,,,,
)nh,getlex.php?coord=444040606&word=2,pron.,,,,,I,I,as enclitic subject marker with participles/adjectives,(philos.) Ego,,,pron.,I | I | as enclitic subject marker with participles/adjectives | (philos.) Ego
gbr,getlex.php?coord=444040606&word=4,n.m.,,,,,man,man,"person, someone",supernatural being,,,n.m.,"man | man | person, someone | supernatural being"
hwyt,getlex.php?coord=444040606&word=1,vb. G C Gt Ct,,,,,"to be, to become",to be,"to endure, to exist","to come to pass, to happen",,,vb. G C Gt Ct,"to be, to become | to be | to endure, to exist | to come to pass, to happen"
nwx,getlex.php?coord=444040606&word=3,,,,,,,,,,,,,
b)dyN,getlex.php?coord=444040606&word=0,conj.,,,,,then,then (past sequential),(future sequential),(gnomic present),,,conj.,then | then (past sequential) | (future sequential) | (gnomic present)
qw$T),getlex.php?coord=444040604&word=4,n.m.,,,,,"honesty, truth","honesty, truth","justice, proper thing",adv./interj.: truly!,,,n.m.,"honesty, truth | honesty, truth | justice, proper thing | adv./interj.: truly!"
bm(wl/bm(yl#2#/,getlex.php?coord=444040604&word=6,prep. v.n. prep. n.m.,,,,,"in, with",in,with (instrumental),among,,mˁwl,prep. v.n. prep. n.m.,"in, with | in | with (instrumental) | among"
"[,]l[,],,kwl",getlex.php?coord=444040605&word=0,,,,,,,,,,,,,
bxzyN,getlex.php?coord=444040604&word=3,prep. n.m.,,,,,"in, with",in,with (instrumental),among,,"ḥzwn, ḥzwnˀ",prep. n.m.,"in, with | in | with (instrumental) | among"
",,,,,,,,[,,,",getlex.php?coord=444040604&word=8,,,,,,,,,,,,,
wxkmt),getlex.php?coord=444040604&word=5,n.f.,,,,,wisdom,wisdom,,,,,n.f.,wisdom | wisdom
",,,)",getlex.php?coord=444040604&word=7,,,,,,,,,,,,,
#######,getlex.php?coord=444040605&word=3,,,,,,,,,,,,,
$byly,getlex.php?coord=444040605&word=1,n.m.,,,,,path,path,trace,"(astron.) course, orbit",,,n.m.,"path | path | trace | (astron.) course, orbit"
"[,,]l,[,],)",getlex.php?coord=444040604&word=0,,,,,,,,,,,,,
wxcy,getlex.php?coord=444040604&word=1,conj. n.m.,,,,,"and, also",loin,loin,"back, surface",,"ḥṣ, ḥṣˀ",conj. n.m.,"and, also | loin | loin | back, surface"
)srt,getlex.php?coord=444040604&word=2,vb. a/a G D C Gt,,,,,to bind; to prohibit,to bind,to prohibit,"to bewitch, to cast a spell (also",,,vb. a/a G D C Gt,"to bind; to prohibit | to bind | to prohibit | to bewitch, to cast a spell (also"
"w?l,,,,,,,),",getlex.php?coord=444040603&word=10,,,,,,,,,,,,,
mny,getlex.php?coord=444040607&word=8,prep.,,,,,from,from,partitive,indicating the agent of a passive,,,prep.,from | from | partitive | indicating the agent of a passive
lx$wK,getlex.php?coord=444040603&word=9,n.m.,,,,,darkness,darkness,snuffed out wick,,,,n.m.,darkness | darkness | snuffed out wick
)zlN,getlex.php?coord=444040603&word=8,"vb. a/i, a/a G Gt",,,,,to go,"to go, move along",to go away,as co-verb : to go ahead and do something,,,"vb. a/i, a/a G Gt","to go | to go, move along | to go away | as co-verb : to go ahead and do something"
wl)zhrwtny,getlex.php?coord=444040603&word=3,conj. vb. G D C Gt Dt,,,,,"and, also",to beware,p.p. :,see s.v.,,zhr,conj. vb. G D C Gt Dt,"and, also | to beware | p.p. : | see s.v."
mN,getlex.php?coord=444040603&word=4,prep.,,,,,from,from,partitive,indicating the agent of a passive,,,prep.,from | from | partitive | indicating the agent of a passive
dy,getlex.php?coord=444040603&word=7,,,,,,,,,,,,,
n?t?yb,getlex.php?coord=444040603&word=5,n.m.,,,,,path,path,,,,,n.m.,path | path
$qr,getlex.php?coord=444040603&word=6,n.m.,,,,,lie,"lie, falsehood",deceitful behavior,,,,n.m.,"lie | lie, falsehood | deceitful behavior"
(lm),getlex.php?coord=444040602&word=8,n.m.,,,,,eternity; world,eternity (usually as a,nomen rectum,),,,n.m.,eternity; world | eternity (usually as a | nomen rectum | )
"qdy$[,",getlex.php?coord=444040602&word=10,adj.,,,,,holy,holy,angel,as substantive:,,,adj.,holy | holy | angel | as substantive:
w(r?my,getlex.php?coord=444040602&word=9,n.m./adj.,,,,,rough place,"rough, steep place",dark cloud,fig. :,,,n.m./adj.,"rough place | rough, steep place | dark cloud | fig. :"
mhlK,getlex.php?coord=444040602&word=5,vb. a/(a) G D C Gt Dt quad quad T,,,,,to go; D to walk,"to go, to proceed","to behave, act","to go, walk",,,vb. a/(a) G D C Gt Dt quad quad T,"to go; D to walk | to go, to proceed | to behave, act | to go, walk"
"],),",getlex.php?coord=444040602&word=11,,,,,,,,,,,,,
b$byly,getlex.php?coord=444040602&word=6,prep. n.m.,,,,,"in, with",in,with (instrumental),among,,"šbyl, šbylˀ",prep. n.m.,"in, with | in | with (instrumental) | among"
)mt,getlex.php?coord=444040602&word=7,n.m.,,,,,truth,truth,,,,,n.m.,truth | truth
^b^msly,getlex.php?coord=444040603&word=0,prep. n.m.,,,,,"in, with",in,with (instrumental),among,,msl,prep. n.m.,"in, with | in | with (instrumental) | among"
dbr?t,getlex.php?coord=444040602&word=3,vb. a/a G D C Gt Dt,,,,,"to lead, to drive","transitive : to lead, to drive",to plow,"intransitive : to live, act, behave",,,vb. a/a G D C Gt Dt,"to lead, to drive | transitive : to lead, to drive | to plow | intransitive : to live, act, behave"
kwl,getlex.php?coord=444040602&word=1,n.(pr.),,,,,"all, every",alone preceding a noun (technically the construct state!) :,as a postpositive with resumptive pronominal suffixes,emphatic state :,,,n.(pr.),"all, every | alone preceding a noun (technically the construct state!) : | as a postpositive with resumptive pronominal suffixes | emphatic state :"
wqw$T),getlex.php?coord=444040602&word=0,conj. n.m.,,,,,"and, also","honesty, truth","honesty, truth","justice, proper thing",,"qšwṭ, qwšṭˀ",conj. n.m.,"and, also | honesty, truth | honesty, truth | justice, proper thing"
ywmy,getlex.php?coord=444040602&word=2,n.m.,,,,,day,day,pl.: time period,"daytime, sun light (",,,n.m.,"day | day | pl.: time period | daytime, sun light ("
ncybt,getlex.php?coord=444040601&word=12,vb. a/o G D C Gt,,,,,to plant,to plant,to erect,to create a productive being,,,vb. a/o G D C Gt,to plant | to plant | to erect | to create a productive being
whwyt,getlex.php?coord=444040602&word=4,conj. vb. G C Gt Ct,,,,,"and, also","to be, to become",to be,"to endure, to exist",,hwy,conj. vb. G C Gt Ct,"and, also | to be, to become | to be | to endure, to exist"
xms,getlex.php?coord=444040605&word=2,n.m.,,,,,"criminality, violence","criminality, violence",,,,,n.m.,"criminality, violence | criminality, violence"
mN,getlex.php?coord=444040601&word=8,prep.,,,,,from,from,partitive,indicating the agent of a passive,,,prep.,from | from | partitive | indicating the agent of a passive
)my,getlex.php?coord=444040601&word=10,n.f.,,,,,mother,mother,"origin, source","fig.: central city of a region, metropolis",,,n.f.,"mother | mother | origin, source | fig.: central city of a region, metropolis"
lqw$T,getlex.php?coord=444040601&word=11,n.m.,,,,,"honesty, truth","honesty, truth","justice, proper thing",adv./interj.: truly!,,,n.m.,"honesty, truth | honesty, truth | justice, proper thing | adv./interj.: truly!"
npqt,getlex.php?coord=444040601&word=7,vb. a/u G D C Dt Ct,,,,,to go out,"to go out, come out, leave","to turn into, end up differently from how it started","to be spent, i.e. used up, consumed",,,vb. a/u G D C Dt Ct,"to go out | to go out, come out, leave | to turn into, end up differently from how it started | to be spent, i.e. used up, consumed"
wkdy,getlex.php?coord=444040601&word=6,conj.,,,,,when,when,just as,as follows (,,,conj.,when | when | just as | as follows (
m(y,getlex.php?coord=444040601&word=9,n.m.pl.,,,,,"belly, loins","(anat.) belly, loins","intestines, viscera","generally for the area of interior organs, innards",,,n.m.pl.,"belly, loins | (anat.) belly, loins | intestines, viscera | generally for the area of interior organs, innards"
mN,getlex.php?coord=444040601&word=0,prep.,,,,,from,from,partitive,indicating the agent of a passive,,,prep.,from | from | partitive | indicating the agent of a passive
(wl,getlex.php?coord=444040601&word=1,n.m./f.,,,,,"crime, injustice","crime, injustice",,,,,n.m./f.,"crime, injustice | crime, injustice"
hwrty,getlex.php?coord=444040601&word=3,n.f.,,,,,conception,"conception (or birth?, mother?)",,,,,n.f.,"conception | conception (or birth?, mother?)"
y(yt,getlex.php?coord=444040601&word=4,vb. G C,,,,,to sprout,"to sprout, bloom",to make to grow,to sprout (trans.),,,vb. G C,"to sprout | to sprout, bloom | to make to grow | to sprout (trans.)"
"[,,,,,",getlex.php?coord=444040529&word=4,,,,,,,,,,,,,
wbkwr,getlex.php?coord=444040601&word=2,conj. prep. n.m.,,,,,"and, also","in, with",in,with (instrumental),,b_,conj. prep. n.m.,"and, also | in, with | in | with (instrumental)"
"[,,,",getlex.php?coord=444040527&word=5,,,,,,,,,,,,,
ktb,getlex.php?coord=444040529&word=1,v.n.,,,,,writing,"writing, text",book,,,,v.n.,"writing | writing, text | book"
###,getlex.php?coord=444040528&word=0,,,,,,,,,,,,,
"m,,",getlex.php?coord=444040527&word=4,,,,,,,,,,,,,
pr$gN,getlex.php?coord=444040529&word=0,n.m.,,,,,copy,"copy, instance of a text",,,,,n.m.,"copy | copy, instance of a text"
nwx,getlex.php?coord=444040529&word=3,,,,,,,,,,,,,
mly,getlex.php?coord=444040529&word=2,n.f.,,,,,"word, speech; thing",word,thing [=Heb. דָּבָר],=Greek,,,n.f.,"word, speech; thing | word | thing [=Heb. דָּבָר] | =Greek"
)?r?x?t,getlex.php?coord=444040603&word=1,n.f.,,,,,"way, road",road,"way of life, behavior",normal human bodily activities,,,n.f.,"way, road | road | way of life, behavior | normal human bodily activities"
qw$T,getlex.php?coord=444040603&word=2,n.m.,,,,,"honesty, truth","honesty, truth","justice, proper thing",adv./interj.: truly!,,,n.m.,"honesty, truth | honesty, truth | justice, proper thing | adv./interj.: truly!"
",,[,,],",getlex.php?coord=444040526&word=3,,,,,,,,,,,,,
mny,getlex.php?coord=444040527&word=2,prep.,,,,,from,from,partitive,indicating the agent of a passive,,,prep.,from | from | partitive | indicating the agent of a passive
xzy,getlex.php?coord=444040527&word=0,"vb. G D C Gt Ct ethpolal, ethpay/w c el",,,,,to see,to see,(,metaph. as in European languages,,,"vb. G D C Gt Ct ethpolal, ethpay/w c el",to see | to see | ( | metaph. as in European languages
"[,,,,",getlex.php?coord=444040526&word=4,,,,,,,,,,,,,
dy,getlex.php?coord=444040527&word=1,,,,,,,,,,,,,
mll,getlex.php?coord=444040525&word=4,vb. D C Dt,,,,,D to speak,to speak,to sound,to enable someone to speak,,,vb. D C Dt,D to speak | to speak | to sound | to enable someone to speak
)nh,getlex.php?coord=444040526&word=1,pron.,,,,,I,I,as enclitic subject marker with participles/adjectives,(philos.) Ego,,,pron.,I | I | as enclitic subject marker with participles/adjectives | (philos.) Ego
lmK,getlex.php?coord=444040526&word=2,,,,,,,,,,,,,
)npyq,getlex.php?coord=444040527&word=3,vb. a/u G D C Dt Ct,,,,,to go out,"to go out, come out, leave","to turn into, end up differently from how it started","to be spent, i.e. used up, consumed",,,vb. a/u G D C Dt Ct,"to go out | to go out, come out, leave | to turn into, end up differently from how it started | to be spent, i.e. used up, consumed"
brz,getlex.php?coord=444040525&word=3,prep. n.m.,,,,,"in, with",in,with (instrumental),among,,"rz, rzˀ",prep. n.m.,"in, with | in | with (instrumental) | among"
wk?d?y?,getlex.php?coord=444040526&word=0,conj. conj.,,,,,"and, also",when,when,just as,,"kd, kdy",conj. conj.,"and, also | when | when | just as"
"[,,,",getlex.php?coord=444040525&word=5,,,,,,,,,,,,,
mtw$lx,getlex.php?coord=444040524&word=2,,,,,,,,,,,,,
w(M,getlex.php?coord=444040525&word=0,conj. prep.,,,,,"and, also",with,"with, together with",at,,ˁm,conj. prep.,"and, also | with | with, together with | at"
wkdy,getlex.php?coord=444040524&word=0,conj. conj.,,,,,"and, also",when,when,just as,,"kd, kdy",conj. conj.,"and, also | when | when | just as"
$m(,getlex.php?coord=444040524&word=1,vb. a/a(u) G D C Gt,,,,,to hear,to hear (w. d.o. or,b_,) something,,,vb. a/a(u) G D C Gt,to hear | to hear (w. d.o. or | b_ | ) something
"h?,[,,,,,",getlex.php?coord=444040523&word=3,,,,,,,,,,,,,
lmK,getlex.php?coord=444040525&word=1,,,,,,,,,,,,,
"l[,,,",getlex.php?coord=444040524&word=3,,,,,,,,,,,,,
brh,getlex.php?coord=444040525&word=2,n.m.,,,,,son,"son, child",member of the same cohort (,see also 'compounds' 3.2),,,n.m.,"son | son, child | member of the same cohort ( | see also 'compounds' 3.2)"
lmrh,getlex.php?coord=444040523&word=1,n.m.,,,,,"master, lord",master,owner,title of respect,,,n.m.,"master, lord | master | owner | title of respect"
lqw$T,getlex.php?coord=444040601&word=5,n.m.,,,,,"honesty, truth","honesty, truth","justice, proper thing",adv./interj.: truly!,,,n.m.,"honesty, truth | honesty, truth | justice, proper thing | adv./interj.: truly!"
kwl),getlex.php?coord=444040523&word=2,n.(pr.),,,,,"all, every",alone preceding a noun (technically the construct state!) :,as a postpositive with resumptive pronominal suffixes,emphatic state :,,,n.(pr.),"all, every | alone preceding a noun (technically the construct state!) : | as a postpositive with resumptive pronominal suffixes | emphatic state :"
",t",getlex.php?coord=444040522&word=1,,,,,,,,,,,,,
mbrK,getlex.php?coord=444040523&word=0,vb. a/a(u) G D C Dt,,,,,to bow; D to bless,to bow,(knee) to bend,"to bless, sanctify through blessing",,,vb. a/a(u) G D C Dt,"to bow; D to bless | to bow | (knee) to bend | to bless, sanctify through blessing"
wh),getlex.php?coord=444040522&word=3,interj.,,,,,here! look!,"here, look! (presentative particle)",here (adv.),"הא כ : like, i.e. = prep.",,,interj.,"here! look! | here, look! (presentative particle) | here (adv.) | הא כ : like, i.e. = prep."
",,",getlex.php?coord=444040522&word=4,,,,,,,,,,,,,
(wbd,getlex.php?coord=444040522&word=2,n.m.,,,,,"act, deed","act, deed","case, happening",legal decision,,,n.m.,"act, deed | act, deed | case, happening | legal decision"
brK,getlex.php?coord=444040521&word=0,n.m.,,,,,son,"son, child",member of the same cohort (,see also 'compounds' 3.2),,,n.m.,"son | son, child | member of the same cohort ( | see also 'compounds' 3.2)"
",,,[,,,,,",getlex.php?coord=444040521&word=4,,,,,,,,,,,,,
dn),getlex.php?coord=444040521&word=3,pron.,,,,,this (m.),this (m.),כִּדְנָה : thus (,see also s.v.,,,pron.,this (m.) | this (m.) | כִּדְנָה : thus ( | see also s.v.
lmK,getlex.php?coord=444040520&word=6,,,,,,,,,,,,,
br?z),getlex.php?coord=444040521&word=2,prep. n.m.,,,,,"in, with",in,with (instrumental),among,,"rz, rzˀ",prep. n.m.,"in, with | in | with (instrumental) | among"
)xwy,getlex.php?coord=444040521&word=1,vb. G D C Dt,,,,,to see (??); D to show,to see (?),p.p. : proper (calque on MH רָאוּי  ),to show,,,vb. G D C Dt,to see (??); D to show | to see (?) | p.p. : proper (calque on MH רָאוּי  ) | to show
",,,,[,,,,]",getlex.php?coord=444040520&word=5,,,,,,,,,,,,,
bywm?w?h?y?,getlex.php?coord=444040522&word=0,prep. n.m.,,,,,"in, with",in,with (instrumental),among,,"ywm, ywmˀ",prep. n.m.,"in, with | in | with (instrumental) | among"
mxwh,getlex.php?coord=444040520&word=3,vb. G D C Dt,,,,,to see (??); D to show,to see (?),p.p. : proper (calque on MH רָאוּי  ),to show,,,vb. G D C Dt,to see (??); D to show | to see (?) | p.p. : proper (calque on MH רָאוּי  ) | to show
brz,getlex.php?coord=444040520&word=4,prep. n.m.,,,,,"in, with",in,with (instrumental),among,,"rz, rzˀ",prep. n.m.,"in, with | in | with (instrumental) | among"
)nh,getlex.php?coord=444040520&word=2,pron.,,,,,I,I,as enclitic subject marker with participles/adjectives,(philos.) Ego,,,pron.,I | I | as enclitic subject marker with participles/adjectives | (philos.) Ego
",,,,,",getlex.php?coord=444040518&word=6,,,,,,,,,,,,,
(d,getlex.php?coord=444040518&word=4,conj.,,,,,until,until,"while, while still",before,,,conj.,"until | until | while, while still | before"
xms,getlex.php?coord=444040518&word=1,n.m.,,,,,"criminality, violence","criminality, violence",,,,,n.m.,"criminality, violence | criminality, violence"
dy[,getlex.php?coord=444040518&word=5,,,,,,,,,,,,,
$gy,getlex.php?coord=444040518&word=2,adj./adv.,,,,,"many, much","many, much","enough, too much",(gram.) pl.:,,,adj./adv.,"many, much | many, much | enough, too much | (gram.) pl.:"
(?bdyN,getlex.php?coord=444040518&word=0,vb. a/e G D C Gt Ct quad,,,,,"to make, act, do",to make,"to do, perform, act in a certain manner","to designate, make into",,,vb. a/e G D C Gt Ct quad,"to make, act, do | to make | to do, perform, act in a certain manner | to designate, make into"
y(bdwN,getlex.php?coord=444040518&word=3,vb. a/e G D C Gt Ct quad,,,,,"to make, act, do",to make,"to do, perform, act in a certain manner","to designate, make into",,,vb. a/e G D C Gt Ct quad,"to make, act, do | to make | to do, perform, act in a certain manner | to designate, make into"
wk(N,getlex.php?coord=444040520&word=0,conj. adv.,,,,,"and, also",now,now,(w./w.o.,,kˁn,conj. adv.,"and, also | now | now | (w./w.o."
(lm),getlex.php?coord=444040517&word=0,n.m.,,,,,eternity; world,eternity (usually as a,nomen rectum,),,,n.m.,eternity; world | eternity (usually as a | nomen rectum | )
yhbyN,getlex.php?coord=444040517&word=1,vb. a/a G C Gt,,,,,to give,to give,to place,"to permit, allow",,,vb. a/a G C Gt,"to give | to give | to place | to permit, allow"
"[,,,,,,,,,,,,,,,,,,,,,,,,,,,,,,,,,,,",getlex.php?coord=444040516&word=4,,,,,,,,,,,,,
w?slqyN,getlex.php?coord=444040519&word=0,conj. vb. e/a(u) G D C Dt Ct,,,,,"and, also",to go up,to go up,to result,,slq,conj. vb. e/a(u) G D C Dt Ct,"and, also | to go up | to go up | to result"
"b$?,,,",getlex.php?coord=444040517&word=2,,,,,,,,,,,,,
whw),getlex.php?coord=444040513&word=3,conj. pron.,,,,,"and, also",he,he,as copula,,hwˀ,conj. pron.,"and, also | he | he | as copula"
nwr,getlex.php?coord=444040513&word=2,n.f.(m.),,,,,fire,fire,Hebrew,urim,,,n.f.(m.),fire | fire | Hebrew | urim
h),getlex.php?coord=444040516&word=0,interj.,,,,,here! look!,"here, look! (presentative particle)",here (adv.),"הא כ : like, i.e. = prep.",,,interj.,"here! look! | here, look! (presentative particle) | here (adv.) | הא כ : like, i.e. = prep."
y$tb$wN?,getlex.php?coord=444040516&word=2,vb. G D Dt,,,,,D to confuse,to become confused,"to confuse, confound",to be confounded,,,vb. G D Dt,"D to confuse | to become confused | to confuse, confound | to be confounded"
"l,,,,",getlex.php?coord=444040513&word=4,,,,,,,,,,,,,
"l[,,,,,,,,,,,,,,,,,,,,,,,,,,,,",getlex.php?coord=444040513&word=5,,,,,,,,,,,,,
b)dyN,getlex.php?coord=444040516&word=1,conj.,,,,,then,then (past sequential),(future sequential),(gnomic present),,,conj.,then | then (past sequential) | (future sequential) | (gnomic present)
w?y?t?k?lw?N?,getlex.php?coord=444040516&word=3,conj. vb. a/e G D C Gt Ct,,,,,"and, also",to hold back,"to restrain, to ward off","to forbid, to prohibit something",,klˀ,conj. vb. a/e G D C Gt Ct,"and, also | to hold back | to restrain, to ward off | to forbid, to prohibit something"
",,,,,,,,,,,,,,,,,,,,,,,,,,",getlex.php?coord=444040512&word=6,,,,,,,,,,,,,
dN,getlex.php?coord=444040513&word=1,pron.,,,,,this one,this one,"as enclitic in interrogative contexts: now, here, then :",see s.v.,,,pron.,"this one | this one | as enclitic in interrogative contexts: now, here, then : | see s.v."
(ynwhy,getlex.php?coord=444040512&word=4,n.f.,,,,,eye; spring,(anat.) eye,"spring, fountain","that which is seen, appearance, aspect",,,n.f.,"eye; spring | (anat.) eye | spring, fountain | that which is seen, appearance, aspect"
k$m?[$),getlex.php?coord=444040512&word=5,prep. n.m./f.,,,,,like,"like, according to",about (with numeral),conj.,,"šmš, šmšˀ",prep. n.m./f.,"like | like, according to | about (with numeral) | conj."
(?w?lym?),getlex.php?coord=444040513&word=0,n.m.,,,,,youth,"youth, young adult","servant, slave","group, nation (??) i.e., = Hebrew לאם",,,n.m.,"youth | youth, young adult | servant, slave | group, nation (??) i.e., = Hebrew לאם"
wdnx),getlex.php?coord=444040512&word=3,conj. vb. a/a(u) G C Dt,,,,,"and, also",to shine,to shine,"to rise (sun, moon, star)",,dnḥ,conj. vb. a/a(u) G C Dt,"and, also | to shine | to shine | to rise (sun, moon, star)"
l)npwh?y,getlex.php?coord=444040512&word=0,n.m./f.pl.,,,,,face; surface,face,"(of ground, water) surface","way, manner, feature",,,n.m./f.pl.,"face; surface | face | (of ground, water) surface | way, manner, feature"
b?y?,getlex.php?coord=444040512&word=2,prep.,,,,,"in, with",in,with (instrumental),among,,,prep.,"in, with | in | with (instrumental) | among"
"$,,,,,,,,,[,,,,,,,,,,,,,,,,,",getlex.php?coord=444040511&word=4,,,,,,,,,,,,,
nsb),getlex.php?coord=444040512&word=1,vb. e/a G D C Gt Ct,,,,,to take,"to take, pick up, carry",to marry,"to undertake, take up a task, experience",,,vb. e/a G D C Gt Ct,"to take | to take, pick up, carry | to marry | to undertake, take up a task, experience"
"[,,,,]",getlex.php?coord=444040510&word=4,,,,,,,,,,,,,
],getlex.php?coord=444040510&word=6,,,,,,,,,,,,,
brK,getlex.php?coord=444040510&word=3,n.m.,,,,,son,"son, child",member of the same cohort (,see also 'compounds' 3.2),,,n.m.,"son | son, child | member of the same cohort ( | see also 'compounds' 3.2)"
w?r?mwhy,getlex.php?coord=444040511&word=0,conj. vb. G D C Gt Ct,,,,,"and, also",to throw; put down,to throw downward,to set something down,,rmy,conj. vb. G D C Gt Ct,"and, also | to throw; put down | to throw downward | to set something down"
",,,,,,,,,,,,,,,,,,,,,,,,",getlex.php?coord=444040510&word=7,,,,,,,,,,,,,
",,,[,,",getlex.php?coord=444040510&word=5,,,,,,,,,,,,,
wkwl,getlex.php?coord=444040519&word=1,conj. n.(pr.),,,,,"and, also","all, every",alone preceding a noun (technically the construct state!) :,as a postpositive with resumptive pronominal suffixes,,"kl, klˀ",conj. n.(pr.),"and, also | all, every | alone preceding a noun (technically the construct state!) : | as a postpositive with resumptive pronominal suffixes"
lK,getlex.php?coord=444040520&word=1,,,,,,,,,,,,,
$by?ly,getlex.php?coord=444040519&word=2,n.m.,,,,,path,path,trace,"(astron.) course, orbit",,,n.m.,"path | path | trace | (astron.) course, orbit"
wkwl,getlex.php?coord=444040511&word=2,conj. n.(pr.),,,,,"and, also","all, every",alone preceding a noun (technically the construct state!) :,as a postpositive with resumptive pronominal suffixes,,"kl, klˀ",conj. n.(pr.),"and, also | all, every | alone preceding a noun (technically the construct state!) : | as a postpositive with resumptive pronominal suffixes"
b)r(),getlex.php?coord=444040511&word=1,prep. n.f.,,,,,"in, with",in,with (instrumental),among,,"ˀrˁ, ˀrˁˀ",prep. n.f.,"in, with | in | with (instrumental) | among"
)zl,getlex.php?coord=444040510&word=0,"vb. a/i, a/a G Gt",,,,,to go,"to go, move along",to go away,as co-verb : to go ahead and do something,,,"vb. a/i, a/a G Gt","to go | to go, move along | to go away | as co-verb : to go ahead and do something"
llmK,getlex.php?coord=444040510&word=2,,,,,,,,,,,,,
)mr,getlex.php?coord=444040510&word=1,vb. a/a G Gt,,,,,to say,to say,to command,"to say to oneself, to have a thought",,,vb. a/a G Gt,"to say | to say | to command | to say to oneself, to have a thought"
^)dyN^,getlex.php?coord=444040509&word=11,conj./adv.,,,,,"then, at that time","then, at that time",,,,,conj./adv.,"then, at that time | then, at that time"
",,,,",getlex.php?coord=444040509&word=13,,,,,,,,,,,,,
bqw$T,getlex.php?coord=444040509&word=12,prep. n.m.,,,,,"in, with",in,with (instrumental),among,,"qšwṭ, qwšṭˀ",prep. n.m.,"in, with | in | with (instrumental) | among"
wlK,getlex.php?coord=444040509&word=5,conj.,,,,,"and, also",,,,,,conj.,"and, also"
)nh,getlex.php?coord=444040509&word=6,pron.,,,,,I,I,as enclitic subject marker with participles/adjectives,(philos.) Ego,,,pron.,I | I | as enclitic subject marker with participles/adjectives | (philos.) Ego
k?w?l?,getlex.php?coord=444040509&word=8,n.(pr.),,,,,"all, every",alone preceding a noun (technically the construct state!) :,as a postpositive with resumptive pronominal suffixes,emphatic state :,,,n.(pr.),"all, every | alone preceding a noun (technically the construct state!) : | as a postpositive with resumptive pronominal suffixes | emphatic state :"
bry,getlex.php?coord=444040509&word=4,n.m.,,,,,son,"son, child",member of the same cohort (,see also 'compounds' 3.2),,,n.m.,"son | son, child | member of the same cohort ( | see also 'compounds' 3.2)"
t$)]ln?y?,getlex.php?coord=444040509&word=10,vb. i/a G D C Gt Dt,,,,,to ask,to ask,to ask for something,+,,,vb. i/a G D C Gt Dt,to ask | to ask | to ask for something | +
mxwh,getlex.php?coord=444040509&word=7,vb. G D C Dt,,,,,to see (??); D to show,to see (?),p.p. : proper (calque on MH רָאוּי  ),to show,,,vb. G D C Dt,to see (??); D to show | to see (?) | p.p. : proper (calque on MH רָאוּי  ) | to show
d?[y,getlex.php?coord=444040509&word=9,,,,,,,,,,,,,
dy,getlex.php?coord=444040508&word=2,,,,,,,,,,,,,
wk(N,getlex.php?coord=444040509&word=0,conj. adv.,,,,,"and, also",now,now,(w./w.o.,,kˁn,conj. adv.,"and, also | now | now | (w./w.o."
)nh,getlex.php?coord=444040509&word=2,pron.,,,,,I,I,as enclitic subject marker with participles/adjectives,(philos.) Ego,,,pron.,I | I | as enclitic subject marker with participles/adjectives | (philos.) Ego
",,,,",getlex.php?coord=444040508&word=3,,,,,,,,,,,,,
lk{{)}},getlex.php?coord=444040509&word=1,,,,,,,,,,,,,
)mr,getlex.php?coord=444040509&word=3,vb. a/a G Gt,,,,,to say,to say,to command,"to say to oneself, to have a thought",,,vb. a/a G Gt,"to say | to say | to command | to say to oneself, to have a thought"
mhymN,getlex.php?coord=444040508&word=1,adj.,,,,,"trustworthy, faithful","trustworthy, faithful, reliable",believer,as an interjection: by faith!,,,adj.,"trustworthy, faithful | trustworthy, faithful, reliable | believer | as an interjection: by faith!"
"###               [,,,,,,,,,,,,,,,",getlex.php?coord=444040508&word=4,,,,,,,,,,,,,
brK,getlex.php?coord=444040507&word=3,n.m.,,,,,son,"son, child",member of the same cohort (,see also 'compounds' 3.2),,,n.m.,"son | son, child | member of the same cohort ( | see also 'compounds' 3.2)"
bqw$T,getlex.php?coord=444040508&word=0,prep. n.m.,,,,,"in, with",in,with (instrumental),among,,"qšwṭ, qwšṭˀ",prep. n.m.,"in, with | in | with (instrumental) | among"
lmK,getlex.php?coord=444040507&word=2,,,,,,,,,,,,,
"[,,,,,,,,,,,,,,,,,,,,,,,,",getlex.php?coord=444040507&word=4,,,,,,,,,,,,,
l),getlex.php?coord=444040505&word=1,adv.,,,,,"no, not",no! (as interj.),not (preceding and negating a predicate),"compounded with adjectives, nouns, abstracts, and adverbs  ='un-', 'non', 'in-'",,,adv.,"no, not | no! (as interj.) | not (preceding and negating a predicate) | compounded with adjectives, nouns, abstracts, and adverbs  ='un-', 'non', 'in-'"
w?b?dm),getlex.php?coord=444040505&word=0,conj. prep. n.m.,,,,,"and, also","in, with",in,with (instrumental),,b_,conj. prep. n.m.,"and, also | in, with | in | with (instrumental)"
)l),getlex.php?coord=444040506&word=0,conj.,,,,,but rather,"w. preceding negative : only, but rather","except, unless",often w. following negative,,,conj.,"but rather | w. preceding negative : only, but rather | except, unless | often w. following negative"
brK,getlex.php?coord=444040504&word=4,n.m.,,,,,son,"son, child",member of the same cohort (,see also 'compounds' 3.2),,,n.m.,"son | son, child | member of the same cohort ( | see also 'compounds' 3.2)"
"[,,,,,,,,,,,,,,,,,,",getlex.php?coord=444040505&word=4,,,,,,,,,,,,,
"[,,,,,",getlex.php?coord=444040504&word=5,,,,,,,,,,,,,
(wbd,getlex.php?coord=444040511&word=3,n.m.,,,,,"act, deed","act, deed","case, happening",legal decision,,,n.m.,"act, deed | act, deed | case, happening | legal decision"
",,",getlex.php?coord=444040505&word=3,,,,,,,,,,,,,
hw?w?)?,getlex.php?coord=444040505&word=2,vb. G C Gt Ct,,,,,"to be, to become",to be,"to endure, to exist","to come to pass, to happen",,,vb. G C Gt Ct,"to be, to become | to be | to endure, to exist | to come to pass, to happen"
xzwh,getlex.php?coord=444040507&word=0,n.m.,,,,,appearance; vision,"appearance, look","vision (dream, prophetic, etc.)",miracle,,,n.m.,"appearance; vision | appearance, look | vision (dream, prophetic, etc.) | miracle"
"[,,,,,,,,,,,,,,,,,,,,,]",getlex.php?coord=444040506&word=1,,,,,,,,,,,,,
dxl,getlex.php?coord=444040507&word=1,vb. a(e)/a(u) G D C Gt Dt,,,,,to fear,"to fear, be afraid",mn,of,,,vb. a(e)/a(u) G D C Gt Dt,"to fear | to fear, be afraid | mn | of"
mN,getlex.php?coord=444040504&word=2,prep.,,,,,from,from,partitive,indicating the agent of a passive,,,prep.,from | from | partitive | indicating the agent of a passive
$myN,getlex.php?coord=444040504&word=0,n.m.pl.t.,,,,,heaven; ceiling,heaven,"roof, ceiling",,,,n.m.pl.t.,"heaven; ceiling | heaven | roof, ceiling"
lhN,getlex.php?coord=444040504&word=1,conj.,,,,,"but, except that",but,,,,,conj.,"but, except that | but"
bny,getlex.php?coord=444040503&word=8,n.m.,,,,,son,"son, child",member of the same cohort (,see also 'compounds' 3.2),,,n.m.,"son | son, child | member of the same cohort ( | see also 'compounds' 3.2)"
lmK,getlex.php?coord=444040504&word=3,,,,,,,,,,,,,
mN,getlex.php?coord=444040503&word=7,prep.,,,,,from,from,partitive,indicating the agent of a passive,,,prep.,from | from | partitive | indicating the agent of a passive
)nh,getlex.php?coord=444040503&word=3,pron.,,,,,I,I,as enclitic subject marker with participles/adjectives,(philos.) Ego,,,pron.,I | I | as enclitic subject marker with participles/adjectives | (philos.) Ego
"[,,,,,]",getlex.php?coord=444040503&word=5,,,,,,,,,,,,,
x?n?w?K?,getlex.php?coord=444040503&word=4,,,,,,,,,,,,,
kdy,getlex.php?coord=444040503&word=2,conj.,,,,,when,when,just as,as follows (,,,conj.,when | when | just as | as follows (
wl),getlex.php?coord=444040503&word=6,conj. adv.,,,,,"and, also","no, not",no! (as interj.),not (preceding and negating a predicate),,lˀ,conj. adv.,"and, also | no, not | no! (as interj.) | not (preceding and negating a predicate)"
dy#2#/,getlex.php?coord=444040502&word=8,,,,,,,,,,,,,
(wly?m?),getlex.php?coord=444040502&word=9,n.m.,,,,,youth,"youth, young adult","servant, slave","group, nation (??) i.e., = Hebrew לאם",,,n.m.,"youth | youth, young adult | servant, slave | group, nation (??) i.e., = Hebrew לאם"
",,,]ldw",getlex.php?coord=444040502&word=5,,,,,,,,,,,,,
",,,]l",getlex.php?coord=444040502&word=7,,,,,,,,,,,,,
dN,getlex.php?coord=444040503&word=0,pron.,,,,,this one,this one,"as enclitic in interrogative contexts: now, here, then :",see s.v.,,,pron.,"this one | this one | as enclitic in interrogative contexts: now, here, then : | see s.v."
"\[,,,",getlex.php?coord=444040502&word=4,,,,,,,,,,,,,
"/[,,,",getlex.php?coord=444040502&word=6,,,,,,,,,,,,,
bry,getlex.php?coord=444040502&word=3,n.m.,,,,,son,"son, child",member of the same cohort (,see also 'compounds' 3.2),,,n.m.,"son | son, child | member of the same cohort ( | see also 'compounds' 3.2)"
h),getlex.php?coord=444040503&word=1,interj.,,,,,here! look!,"here, look! (presentative particle)",here (adv.),"הא כ : like, i.e. = prep.",,,interj.,"here! look! | here, look! (presentative particle) | here (adv.) | הא כ : like, i.e. = prep."
mtw$lx,getlex.php?coord=444040502&word=2,,,,,,,,,,,,,
###,getlex.php?coord=444040502&word=0,,,,,,,,,,,,,
wlK,getlex.php?coord=444040502&word=1,conj.,,,,,"and, also",,,,,,conj.,"and, also"
",,l",getlex.php?coord=444040501&word=1,,,,,,,,,,,,,
(dbh,getlex.php?coord=444040221&word=0,n.m.,,,,,lot,lot,"allotted portion of land (compare English ""lot"")",,,,n.m.,"lot | lot | allotted portion of land (compare English ""lot"")"
",,,]",getlex.php?coord=444040220&word=9,,,,,,,,,,,,,
/wr(y[,getlex.php?coord=444040220&word=10,vb. G D C Gt Dt,,,,,to desire,to desire,"to make amends for, satisfy","to reconcile, make contented",,,vb. G D C Gt Dt,"to desire | to desire | to make amends for, satisfy | to reconcile, make contented"
",,,]#2#/",getlex.php?coord=444040220&word=11,,,,,,,,,,,,,
plyg,getlex.php?coord=444040221&word=1,vb. a/u (e/a) G D C Gt Dt,,,,,to divide,to divide (trans.),to be in the middle,"to be distinctive, outstanding",,,vb. a/u (e/a) G D C Gt Dt,"to divide | to divide (trans.) | to be in the middle | to be distinctive, outstanding"
kwl),getlex.php?coord=444040221&word=4,n.(pr.),,,,,"all, every",alone preceding a noun (technically the construct state!) :,as a postpositive with resumptive pronominal suffixes,emphatic state :,,,n.(pr.),"all, every | alone preceding a noun (technically the construct state!) : | as a postpositive with resumptive pronominal suffixes | emphatic state :"
mxwyN,getlex.php?coord=444040221&word=3,vb. G D C Dt,,,,,to see (??); D to show,to see (?),p.p. : proper (calque on MH רָאוּי  ),to show,,,vb. G D C Dt,to see (??); D to show | to see (?) | p.p. : proper (calque on MH רָאוּי  ) | to show
wlh,getlex.php?coord=444040221&word=2,conj.,,,,,"and, also",,,,,,conj.,"and, also"
mN,getlex.php?coord=444040506&word=2,prep.,,,,,from,from,partitive,indicating the agent of a passive,,,prep.,from | from | partitive | indicating the agent of a passive
wktb,getlex.php?coord=444040501&word=0,conj. vb. a/u G D C Gt,,,,,"and, also",to write,to write,to authorize by preparing a legal document,,ktb,conj. vb. a/u G D C Gt,"and, also | to write | to write | to authorize by preparing a legal document"
"\wr?[,",getlex.php?coord=444040220&word=8,conj.,,,,,"and, also",,,,,,conj.,"and, also"
rxyM,getlex.php?coord=444040220&word=7,adj.,,,,,beloved,beloved,loving,,,,adj.,beloved | beloved | loving
bdy,getlex.php?coord=444040220&word=5,conj.,,,,,inasmuch as,"because, since, inasmuch as",+ ܓܘܼܢ : therefore; see s.v.,bd gwn,,,conj.,"inasmuch as | because, since, inasmuch as | + ܓܘܼܢ : therefore; see s.v. | bd gwn"
ynd(,getlex.php?coord=444040220&word=4,vb. a/a G C Gt Ct quad quad T,,,,,to know,to know,to cohabit with,idioms:,,,vb. a/a G C Gt Ct quad quad T,to know | to know | to cohabit with | idioms:
hw),getlex.php?coord=444040220&word=6,pron.,,,,,he,he,as copula,emphatic enclitic particle focusing on the word it follows,,,pron.,he | he | as copula | emphatic enclitic particle focusing on the word it follows
"[,,,",getlex.php?coord=444040219&word=10,,,,,,,,,,,,,
)bwhy,getlex.php?coord=444040220&word=0,n.m.,,,,,father,father,"ancestor, forefather",ˀabbā,,,n.m.,"father | father | ancestor, forefather | ˀabbā"
bycb),getlex.php?coord=444040220&word=3,prep. adj.,,,,,"in, with",in,with (instrumental),among,,yṣyb,prep. adj.,"in, with | in | with (instrumental) | among"
mnh,getlex.php?coord=444040220&word=2,prep.,,,,,from,from,partitive,indicating the agent of a passive,,,prep.,from | from | partitive | indicating the agent of a passive
wkwl),getlex.php?coord=444040220&word=1,conj. n.(pr.),,,,,"and, also","all, every",alone preceding a noun (technically the construct state!) :,as a postpositive with resumptive pronominal suffixes,,"kl, klˀ",conj. n.(pr.),"and, also | all, every | alone preceding a noun (technically the construct state!) : | as a postpositive with resumptive pronominal suffixes"
(l,getlex.php?coord=444040219&word=4,prep.,,,,,upon; against; to,"upon, over, on to","against, over against","toward, to",,,prep.,"upon; against; to | upon, over, on to | against, over against | toward, to"
)by,getlex.php?coord=444040219&word=6,n.m.,,,,,father,father,"ancestor, forefather",ˀabbā,,,n.m.,"father | father | ancestor, forefather | ˀabbā"
lmK,getlex.php?coord=444040219&word=2,,,,,,,,,,,,,
^rTt^,getlex.php?coord=444040219&word=3,vb. a/u G D Dt,,,,,to run; Dt to vibrate,to run,"p.p. : put into motion, startled","to be put into motion, made to vibrate",,,vb. a/u G D Dt,"to run; Dt to vibrate | to run | p.p. : put into motion, startled | to be put into motion, made to vibrate"
mtw$lx,getlex.php?coord=444040219&word=5,,,,,,,,,,,,,
)nh,getlex.php?coord=444040219&word=1,pron.,,,,,I,I,as enclitic subject marker with participles/adjectives,(philos.) Ego,,,pron.,I | I | as enclitic subject marker with participles/adjectives | (philos.) Ego
b)dyN,getlex.php?coord=444040219&word=0,conj.,,,,,then,then (past sequential),(future sequential),(gnomic present),,,conj.,then | then (past sequential) | (future sequential) | (gnomic present)
###,getlex.php?coord=444040218&word=3,,,,,,,,,,,,,
lh,getlex.php?coord=444040219&word=8,,,,,,,,,,,,,
wkwl),getlex.php?coord=444040219&word=7,conj. n.(pr.),,,,,"and, also","all, every",alone preceding a noun (technically the construct state!) :,as a postpositive with resumptive pronominal suffixes,,"kl, klˀ",conj. n.(pr.),"and, also | all, every | alone preceding a noun (technically the construct state!) : | as a postpositive with resumptive pronominal suffixes"
(mK,getlex.php?coord=444040218&word=2,prep.,,,,,with,"with, together with",at,"at the time of, during",,,prep.,"with | with, together with | at | at the time of, during"
bqw$T,getlex.php?coord=444040218&word=0,prep. n.m.,,,,,"in, with",in,with (instrumental),among,,"qšwṭ, qwšṭˀ",prep. n.m.,"in, with | in | with (instrumental) | among"
",,,",getlex.php?coord=444040217&word=8,,,,,,,,,,,,,
(lyb)[,getlex.php?coord=444040217&word=7,adj.,,,,,oppressed,oppressed,"oppressive, unfair",,,,adj.,"oppressed | oppressed | oppressive, unfair"
mmll),getlex.php?coord=444040218&word=1,vb. D C Dt,,,,,D to speak,to speak,to sound,to enable someone to speak,,,vb. D C Dt,D to speak | to speak | to sound | to enable someone to speak
(lyK,getlex.php?coord=444040217&word=2,prep.,,,,,upon; against; to,"upon, over, on to","against, over against","toward, to",,,prep.,"upon; against; to | upon, over, on to | against, over against | toward, to"
kdn),getlex.php?coord=444040217&word=1,adv.,,,,,so,"so, thusly",kwl kdyn,: all this,,,adv.,"so | so, thusly | kwl kdyn | : all this"
$n),getlex.php?coord=444040217&word=3,vb. G D C Gt Dt,,,,,to be different,to be different,to go away,to change (trans.),,,vb. G D C Gt Dt,to be different | to be different | to go away | to change (trans.)
kdN,getlex.php?coord=444040217&word=6,adv.,,,,,so,"so, thusly",kwl kdyn,: all this,,,adv.,"so | so, thusly | kwl kdyn | : all this"
wrwxK,getlex.php?coord=444040217&word=5,conj. n.f./m.,,,,,"and, also",wind; spirit,wind,"spirit, motive intellectual or emotional force",,"rwḥ, rwḥˀ",conj. n.f./m.,"and, also | wind; spirit | wind | spirit, motive intellectual or emotional force"
w$xt,getlex.php?coord=444040217&word=4,conj. adj.,,,,,"and, also",corrupted,fem. : corrupt act,ruined,,šḥyt,conj. adj.,"and, also | corrupted | fem. : corrupt act | ruined"
wkdy,getlex.php?coord=444040221&word=6,conj. conj.,,,,,"and, also",when,when,just as,,"kd, kdy",conj. conj.,"and, also | when | when | just as"
###,getlex.php?coord=444040221&word=5,,,,,,,,,,,,,
kwl,getlex.php?coord=444040216&word=10,n.(pr.),,,,,"all, every",alone preceding a noun (technically the construct state!) :,as a postpositive with resumptive pronominal suffixes,emphatic state :,,,n.(pr.),"all, every | alone preceding a noun (technically the construct state!) : | as a postpositive with resumptive pronominal suffixes | emphatic state :"
$m[yN,getlex.php?coord=444040216&word=12,n.m.pl.t.,,,,,heaven; ceiling,heaven,"roof, ceiling",,,,n.m.pl.t.,"heaven; ceiling | heaven | roof, ceiling"
wl),getlex.php?coord=444040216&word=8,conj. adv.,,,,,"and, also","no, not",no! (as interj.),not (preceding and negating a predicate),,lˀ,conj. adv.,"and, also | no, not | no! (as interj.) | not (preceding and negating a predicate)"
bny,getlex.php?coord=444040216&word=11,n.m.,,,,,son,"son, child",member of the same cohort (,see also 'compounds' 3.2),,,n.m.,"son | son, child | member of the same cohort ( | see also 'compounds' 3.2)"
mN,getlex.php?coord=444040216&word=9,prep.,,,,,from,from,partitive,indicating the agent of a passive,,,prep.,from | from | partitive | indicating the agent of a passive
(yryN,getlex.php?coord=444040216&word=7,adj.,,,,,"watching, awake; angel","awake, alert",watching,watch = period of time,,,adj.,"watching, awake; angel | awake, alert | watching | watch = period of time"
)npyK,getlex.php?coord=444040217&word=0,n.m./f.pl.,,,,,face; surface,face,"(of ground, water) surface","way, manner, feature",,,n.m./f.pl.,"face; surface | face | (of ground, water) surface | way, manner, feature"
kwl,getlex.php?coord=444040216&word=2,n.(pr.),,,,,"all, every",alone preceding a noun (technically the construct state!) :,as a postpositive with resumptive pronominal suffixes,emphatic state :,,,n.(pr.),"all, every | alone preceding a noun (technically the construct state!) : | as a postpositive with resumptive pronominal suffixes | emphatic state :"
wl),getlex.php?coord=444040216&word=4,conj. adv.,,,,,"and, also","no, not",no! (as interj.),not (preceding and negating a predicate),,lˀ,conj. adv.,"and, also | no, not | no! (as interj.) | not (preceding and negating a predicate)"
mN,getlex.php?coord=444040216&word=1,prep.,,,,,from,from,partitive,indicating the agent of a passive,,,prep.,from | from | partitive | indicating the agent of a passive
zr,getlex.php?coord=444040216&word=3,adj.,,,,,"foreign, different","foreign, different",,,,,adj.,"foreign, different | foreign, different"
wl),getlex.php?coord=444040216&word=0,conj. adv.,,,,,"and, also","no, not",no! (as interj.),not (preceding and negating a predicate),,lˀ,conj. adv.,"and, also | no, not | no! (as interj.) | not (preceding and negating a predicate)"
kwl,getlex.php?coord=444040216&word=6,n.(pr.),,,,,"all, every",alone preceding a noun (technically the construct state!) :,as a postpositive with resumptive pronominal suffixes,emphatic state :,,,n.(pr.),"all, every | alone preceding a noun (technically the construct state!) : | as a postpositive with resumptive pronominal suffixes | emphatic state :"
mN,getlex.php?coord=444040216&word=5,prep.,,,,,from,from,partitive,indicating the agent of a passive,,,prep.,from | from | partitive | indicating the agent of a passive
ncbt,getlex.php?coord=444040215&word=8,n.f.,,,,,plant; stele,plant,"stele, standing monument","germ, a planting that produces an identical offspring",,,n.f.,"plant; stele | plant | stele, standing monument | germ, a planting that produces an identical offspring"
hrywn),getlex.php?coord=444040215&word=5,n.m.,,,,,pregnancy,pregnancy,,,,,n.m.,pregnancy | pregnancy
wmnK,getlex.php?coord=444040215&word=7,conj. prep.,,,,,"and, also",from,from,partitive,,mn,conj. prep.,"and, also | from | from | partitive"
x?w?y?t?,getlex.php?coord=444040219&word=9,vb. G D C Dt,,,,,to see (??); D to show,to see (?),p.p. : proper (calque on MH רָאוּי  ),to show,,,vb. G D C Dt,to see (??); D to show | to see (?) | p.p. : proper (calque on MH רָאוּי  ) | to show
wmnK,getlex.php?coord=444040215&word=4,conj. prep.,,,,,"and, also",from,from,partitive,,mn,conj. prep.,"and, also | from | from | partitive"
",,,",getlex.php?coord=444040215&word=10,,,,,,,,,,,,,
dN,getlex.php?coord=444040215&word=6,pron.,,,,,this one,this one,"as enclitic in interrogative contexts: now, here, then :",see s.v.,,,pron.,"this one | this one | as enclitic in interrogative contexts: now, here, then : | see s.v."
pry)[,getlex.php?coord=444040215&word=9,n.m.,,,,,fruit; progeny,"fruit, produce",generation,fertility,,,n.m.,"fruit; progeny | fruit, produce | generation | fertility"
zr(),getlex.php?coord=444040215&word=2,n.m.,,,,,seed,seed,sowing,"offspring, family",,,n.m.,"seed | seed | sowing | offspring, family"
dy,getlex.php?coord=444040215&word=0,,,,,,,,,,,,,
mnK,getlex.php?coord=444040215&word=1,prep.,,,,,from,from,partitive,indicating the agent of a passive,,,prep.,from | from | partitive | indicating the agent of a passive
dN,getlex.php?coord=444040215&word=3,pron.,,,,,this one,this one,"as enclitic in interrogative contexts: now, here, then :",see s.v.,,,pron.,"this one | this one | as enclitic in interrogative contexts: now, here, then : | see s.v."
(dynty,getlex.php?coord=444040214&word=0,n.f.,,,,,pleasure (??),pleasure (sexual ??),,,,,n.f.,pleasure (??) | pleasure (sexual ??)
)?x?y?,getlex.php?coord=444040213&word=10,n.m.,,,,,brother,brother,"kinsman, comrade",,,,n.m.,"brother | brother | kinsman, comrade"
"[,,,",getlex.php?coord=444040213&word=11,,,,,,,,,,,,,
y)my),getlex.php?coord=444040214&word=1,vb. a(i)/e G C Ct,,,,,to swear,to swear,to adjure,=G,,,vb. a(i)/e G C Ct,to swear | to swear | to adjure | =G
bqdy$),getlex.php?coord=444040214&word=4,prep. adj.,,,,,"in, with",in,with (instrumental),among,,qdyš,prep. adj.,"in, with | in | with (instrumental) | among"
)nh,getlex.php?coord=444040214&word=2,pron.,,,,,I,I,as enclitic subject marker with participles/adjectives,(philos.) Ego,,,pron.,I | I | as enclitic subject marker with participles/adjectives | (philos.) Ego
lK,getlex.php?coord=444040214&word=3,,,,,,,,,,,,,
bmlK,getlex.php?coord=444040214&word=6,prep. n.m.,,,,,"in, with",in,with (instrumental),among,,"mlk, mlkˀ",prep. n.m.,"in, with | in | with (instrumental) | among"
"[,,,,,",getlex.php?coord=444040214&word=8,,,,,,,,,,,,,
t)mr,getlex.php?coord=444040213&word=6,vb. a/a G Gt,,,,,to say,to say,to command,"to say to oneself, to have a thought",,,vb. a/a G Gt,"to say | to say | to command | to say to oneself, to have a thought"
y),getlex.php?coord=444040213&word=7,interj.,,,,,O (vocative),O (vocative),,,,,interj.,O (vocative) | O (vocative)
mry,getlex.php?coord=444040213&word=8,n.m.,,,,,"master, lord",master,owner,title of respect,,,n.m.,"master, lord | master | owner | title of respect"
rwxh),getlex.php?coord=444040213&word=2,n.f./m.,,,,,wind; spirit,wind,"spirit, motive intellectual or emotional force","demon, i.e., evil spirit",,,n.f./m.,"wind; spirit | wind | spirit, motive intellectual or emotional force | demon, i.e., evil spirit"
w(my,getlex.php?coord=444040213&word=3,conj. prep.,,,,,"and, also",with,"with, together with",at,,ˁm,conj. prep.,"and, also | with | with, together with | at"
wly,getlex.php?coord=444040213&word=5,conj.,,,,,"and, also",,,,,,conj.,"and, also"
",,,",getlex.php?coord=444040216&word=13,,,,,,,,,,,,,
tmll,getlex.php?coord=444040213&word=4,vb. D C Dt,,,,,D to speak,to speak,to sound,to enable someone to speak,,,vb. D C Dt,D to speak | to speak | to sound | to enable someone to speak
wy)?,getlex.php?coord=444040213&word=9,conj. interj.,,,,,"and, also",O (vocative),O (vocative),,,yˀ,conj. interj.,"and, also | O (vocative) | O (vocative)"
"[,,,,,",getlex.php?coord=444040212&word=8,,,,,,,,,,,,,
b)dyN,getlex.php?coord=444040213&word=0,conj.,,,,,then,then (past sequential),(future sequential),(gnomic present),,,conj.,then | then (past sequential) | (future sequential) | (gnomic present)
)npy,getlex.php?coord=444040212&word=6,n.m./f.pl.,,,,,face; surface,face,"(of ground, water) surface","way, manner, feature",,,n.m./f.pl.,"face; surface | face | (of ground, water) surface | way, manner, feature"
)nst,getlex.php?coord=444040213&word=1,vb. a/u G Gt,,,,,to force,"to force, compel",to take unlawfully by force,to be too difficult for someone,,,vb. a/u G Gt,"to force | to force, compel | to take unlawfully by force | to be too difficult for someone"
(ly,getlex.php?coord=444040212&word=7,prep.,,,,,upon; against; to,"upon, over, on to","against, over against","toward, to",,,prep.,"upon; against; to | upon, over, on to | against, over against | toward, to"
)$tny,getlex.php?coord=444040212&word=5,vb. G D C Gt Dt,,,,,to be different,to be different,to go away,to change (trans.),,,vb. G D C Gt Dt,to be different | to be different | to go away | to change (trans.)
###,getlex.php?coord=444040211&word=6,,,,,,,,,,,,,
)ntty,getlex.php?coord=444040212&word=3,n.f.,,,,,"woman, wife",woman,wife,,,,n.f.,"woman, wife | woman | wife"
b?t?)nw$,getlex.php?coord=444040212&word=2,,,,,,,,,,,,,
xzt,getlex.php?coord=444040212&word=1,"vb. G D C Gt Ct ethpolal, ethpay/w c el",,,,,to see,to see,(,metaph. as in European languages,,,"vb. G D C Gt Ct ethpolal, ethpay/w c el",to see | to see | ( | metaph. as in European languages
dy,getlex.php?coord=444040212&word=4,,,,,,,,,,,,,
wkdy,getlex.php?coord=444040212&word=0,conj. conj.,,,,,"and, also",when,when,just as,,"kd, kdy",conj. conj.,"and, also | when | when | just as"
(ly,getlex.php?coord=444040211&word=3,prep.,,,,,upon; against; to,"upon, over, on to","against, over against","toward, to",,,prep.,"upon; against; to | upon, over, on to | against, over against | toward, to"
w$gy,getlex.php?coord=444040211&word=1,conj. adj./adv.,,,,,"and, also","many, much","many, much","enough, too much",,"sgy, śgyˀ",conj. adj./adv.,"and, also | many, much | many, much | enough, too much"
"[,,,]#2#/",getlex.php?coord=444040210&word=10,,,,,,,,,,,,,
lby,getlex.php?coord=444040211&word=2,n.m.,,,,,heart; mind,(anat.) heart,mind,"center, core",,,n.m.,"heart; mind | (anat.) heart | mind | center, core"
/)xwynh,getlex.php?coord=444040210&word=9,vb. G D C Dt,,,,,to see (??); D to show,to see (?),p.p. : proper (calque on MH רָאוּי  ),to show,,,vb. G D C Dt,to see (??); D to show | to see (?) | p.p. : proper (calque on MH רָאוּי  ) | to show
"\[,,,]",getlex.php?coord=444040210&word=8,,,,,,,,,,,,,
"[,,,,,,]",getlex.php?coord=444040211&word=0,,,,,,,,,,,,,
ndnh),getlex.php?coord=444040210&word=4,n.m.,,,,,sheath,sheath,,,,,n.m.,sheath | sheath
bqw$T,getlex.php?coord=444040210&word=6,prep. n.m.,,,,,"in, with",in,with (instrumental),among,,"qšwṭ, qwšṭˀ",prep. n.m.,"in, with | in | with (instrumental) | among"
w)nh,getlex.php?coord=444040210&word=5,conj. pron.,,,,,"and, also",I,I,as enclitic subject marker with participles/adjectives,,ˀnh,conj. pron.,"and, also | I | I | as enclitic subject marker with participles/adjectives"
wn$mty,getlex.php?coord=444040210&word=2,conj. n.f.,,,,,"and, also",breath; soul,"breath, breathing, exhaling","soul, life force",,"nšmh, nšmtˀ",conj. n.f.,"and, also | breath; soul | breath, breathing, exhaling | soul, life force"
(nt),getlex.php?coord=444040210&word=1,n.f.,,,,,time,time (for an act),"marital duty (?) , regular needs (?)",,,,n.f.,"time | time (for an act) | marital duty (?) , regular needs (?)"
lgw,getlex.php?coord=444040210&word=3,prep.,,,,,into,into,"within, inside of","for, in financial support of",,,prep.,"into | into | within, inside of | for, in financial support of"
kwl),getlex.php?coord=444040210&word=7,n.(pr.),,,,,"all, every",alone preceding a noun (technically the construct state!) :,as a postpositive with resumptive pronominal suffixes,emphatic state :,,,n.(pr.),"all, every | alone preceding a noun (technically the construct state!) : | as a postpositive with resumptive pronominal suffixes | emphatic state :"
q?w?d?M/bxwM#2#/,getlex.php?coord=444040210&word=0,prep. prep. n.m.,,,,,before,before,as a substantive : front part,"in, with",,b_,prep. prep. n.m.,"before | before | as a substantive : front part | in, with"
)$tny,getlex.php?coord=444040211&word=5,vb. G D C Gt Dt,,,,,to be different,to be different,to go away,to change (trans.),,,vb. G D C Gt Dt,to be different | to be different | to go away | to change (trans.)
$m?[y])?,getlex.php?coord=444040214&word=7,n.m.pl.t.,,,,,heaven; ceiling,heaven,"roof, ceiling",,,,n.m.pl.t.,"heaven; ceiling | heaven | roof, ceiling"
rb),getlex.php?coord=444040214&word=5,adj.,,,,,"great, big",large,"great, of major significance",(of age) : older,,,adj.,"great, big | large | great, of major significance | (of age) : older"
(dyn?ty,getlex.php?coord=444040209&word=7,n.f.,,,,,pleasure (??),pleasure (sexual ??),,,,,n.f.,pleasure (??) | pleasure (sexual ??)
(l,getlex.php?coord=444040209&word=6,prep.,,,,,upon; against; to,"upon, over, on to","against, over against","toward, to",,,prep.,"upon; against; to | upon, over, on to | against, over against | toward, to"
dkr?lK,getlex.php?coord=444040209&word=5,vb. a/a G C Gt Ct,,,,,to remember,to remember,to recall,to remind,,,vb. a/a G C Gt Ct,to remember | to remember | to recall | to remind
")[,,,",getlex.php?coord=444040209&word=8,,,,,,,,,,,,,
mry,getlex.php?coord=444040209&word=4,n.m.,,,,,"master, lord",master,owner,title of respect,,,n.m.,"master, lord | master | owner | title of respect"
wy),getlex.php?coord=444040209&word=3,conj. interj.,,,,,"and, also",O (vocative),O (vocative),,,yˀ,conj. interj.,"and, also | O (vocative) | O (vocative)"
"wb[,,,,,",getlex.php?coord=444040208&word=7,vb. G D C Dt,,,,,to weep,to weep,"to mourn, weep for",to weep uncontrollably,,,vb. G D C Dt,"to weep | to weep | to mourn, weep for | to weep uncontrollably"
y),getlex.php?coord=444040209&word=1,interj.,,,,,O (vocative),O (vocative),,,,,interj.,O (vocative) | O (vocative)
w)mrt,getlex.php?coord=444040209&word=0,conj. vb. a/a G Gt,,,,,"and, also",to say,to say,to command,,ˀmr,conj. vb. a/a G Gt,"and, also | to say | to say | to command"
mllt,getlex.php?coord=444040208&word=6,vb. D C Dt,,,,,D to speak,to speak,to sound,to enable someone to speak,,,vb. D C Dt,D to speak | to speak | to sound | to enable someone to speak
)xy,getlex.php?coord=444040209&word=2,n.m.,,,,,brother,brother,"kinsman, comrade",,,,n.m.,"brother | brother | kinsman, comrade"
)ntty,getlex.php?coord=444040208&word=2,n.f.,,,,,"woman, wife",woman,wife,,,,n.f.,"woman, wife | woman | wife"
",,,",getlex.php?coord=444040207&word=9,,,,,,,,,,,,,
bkdbyN?[,getlex.php?coord=444040207&word=8,prep. n.m.,,,,,"in, with",in,with (instrumental),among,,"kdb, kdbˀ",prep. n.m.,"in, with | in | with (instrumental) | among"
)dyN,getlex.php?coord=444040208&word=0,conj./adv.,,,,,"then, at that time","then, at that time",,,,,conj./adv.,"then, at that time | then, at that time"
wl),getlex.php?coord=444040207&word=7,conj. adv.,,,,,"and, also","no, not",no! (as interj.),not (preceding and negating a predicate),,lˀ,conj. adv.,"and, also | no, not | no! (as interj.) | not (preceding and negating a predicate)"
(my,getlex.php?coord=444040207&word=5,prep.,,,,,with,"with, together with",at,"at the time of, during",,,prep.,"with | with, together with | at | at the time of, during"
bt)nw$,getlex.php?coord=444040208&word=1,,,,,,,,,,,,,
tmllyN,getlex.php?coord=444040207&word=6,vb. D C Dt,,,,,D to speak,to speak,to sound,to enable someone to speak,,,vb. D C Dt,D to speak | to speak | to sound | to enable someone to speak
tqyP,getlex.php?coord=444040208&word=4,adj.,,,,,strong,strong,"substantial, great",fem.: wonder,,,adj.,"strong | strong | substantial, great | fem.: wonder"
bxlC,getlex.php?coord=444040208&word=3,prep. n.m.,,,,,"in, with",in,with (instrumental),among,,ḥlṣ,prep. n.m.,"in, with | in | with (instrumental) | among"
(d,getlex.php?coord=444040207&word=3,conj.,,,,,until,until,"while, while still",before,,,conj.,"until | until | while, while still | before"
bmlK,getlex.php?coord=444040207&word=0,prep. n.m.,,,,,"in, with",in,with (instrumental),among,,"mlk, mlkˀ",prep. n.m.,"in, with | in | with (instrumental) | among"
bqw$T,getlex.php?coord=444040207&word=4,prep. n.m.,,,,,"in, with",in,with (instrumental),among,,"qšwṭ, qwšṭˀ",prep. n.m.,"in, with | in | with (instrumental) | among"
kwl,getlex.php?coord=444040207&word=1,n.(pr.),,,,,"all, every",alone preceding a noun (technically the construct state!) :,as a postpositive with resumptive pronominal suffixes,emphatic state :,,,n.(pr.),"all, every | alone preceding a noun (technically the construct state!) : | as a postpositive with resumptive pronominal suffixes | emphatic state :"
"b[,,,",getlex.php?coord=444040206&word=5,,,,,,,,,,,,,
(lmyM,getlex.php?coord=444040207&word=2,n.m.,,,,,eternity; world,eternity (usually as a,nomen rectum,),,,n.m.,eternity; world | eternity (usually as a | nomen rectum | )
t?x?w?ynny,getlex.php?coord=444040206&word=1,vb. G D C Dt,,,,,to see (??); D to show,to see (?),p.p. : proper (calque on MH רָאוּי  ),to show,,,vb. G D C Dt,to see (??); D to show | to see (?) | p.p. : proper (calque on MH רָאוּי  ) | to show
wl),getlex.php?coord=444040206&word=2,conj. adv.,,,,,"and, also","no, not",no! (as interj.),not (preceding and negating a predicate),,lˀ,conj. adv.,"and, also | no, not | no! (as interj.) | not (preceding and negating a predicate)"
hd),getlex.php?coord=444040206&word=4,interj. pron.,,,,,interrogative particle,interrogative particle,this (f.),this (f.),,dˀ,interj. pron.,interrogative particle | interrogative particle | this (f.) | this (f.)
bkdbyN,getlex.php?coord=444040206&word=3,prep. n.m.,,,,,"in, with",in,with (instrumental),among,,"kdb, kdbˀ",prep. n.m.,"in, with | in | with (instrumental) | among"
"[,,,,]",getlex.php?coord=444040206&word=0,,,,,,,,,,,,,
)dyN,getlex.php?coord=444040211&word=4,conj./adv.,,,,,"then, at that time","then, at that time",,,,,conj./adv.,"then, at that time | then, at that time"
$myN,getlex.php?coord=444040205&word=3,n.m.pl.t.,,,,,heaven; ceiling,heaven,"roof, ceiling",,,,n.m.pl.t.,"heaven; ceiling | heaven | roof, ceiling"
(d,getlex.php?coord=444040205&word=4,prep.,,,,,until,"until, as far as",as conj.:,see s.v.,,,prep.,"until | until, as far as | as conj.: | see s.v."
"[,,,",getlex.php?coord=444040205&word=0,,,,,,,,,,,,,
kwl),getlex.php?coord=444040205&word=5,n.(pr.),,,,,"all, every",alone preceding a noun (technically the construct state!) :,as a postpositive with resumptive pronominal suffixes,emphatic state :,,,n.(pr.),"all, every | alone preceding a noun (technically the construct state!) : | as a postpositive with resumptive pronominal suffixes | emphatic state :"
b?ny,getlex.php?coord=444040205&word=2,n.m.,,,,,son,"son, child",member of the same cohort (,see also 'compounds' 3.2),,,n.m.,"son | son, child | member of the same cohort ( | see also 'compounds' 3.2)"
",,]",getlex.php?coord=444040205&word=1,,,,,,,,,,,,,
",,,",getlex.php?coord=444040204&word=11,,,,,,,,,,,,,
bqw$T),getlex.php?coord=444040205&word=6,prep. n.m.,,,,,"in, with",in,with (instrumental),among,,"qšwṭ, qwšṭˀ",prep. n.m.,"in, with | in | with (instrumental) | among"
hN?[,getlex.php?coord=444040205&word=8,adv./conj.,,,,,"where, wherever","where?, where is?","conj. : where, wherever","ܗܢ ܕ : as prep. : the place of, near [Greek semi-calque]",,,adv./conj.,"where, wherever | where?, where is? | conj. : where, wherever | ܗܢ ܕ : as prep. : the place of, near [Greek semi-calque]"
",,,",getlex.php?coord=444040205&word=9,,,,,,,,,,,,,
txwynny,getlex.php?coord=444040205&word=7,vb. G D C Dt,,,,,to see (??); D to show,to see (?),p.p. : proper (calque on MH רָאוּי  ),to show,,,vb. G D C Dt,to see (??); D to show | to see (?) | p.p. : proper (calque on MH רָאוּי  ) | to show
(?l[myM,getlex.php?coord=444040204&word=10,n.m.,,,,,eternity; world,eternity (usually as a,nomen rectum,),,,n.m.,eternity; world | eternity (usually as a | nomen rectum | )
kwl,getlex.php?coord=444040204&word=9,n.(pr.),,,,,"all, every",alone preceding a noun (technically the construct state!) :,as a postpositive with resumptive pronominal suffixes,emphatic state :,,,n.(pr.),"all, every | alone preceding a noun (technically the construct state!) : | as a postpositive with resumptive pronominal suffixes | emphatic state :"
bmrh,getlex.php?coord=444040204&word=6,prep. n.m.,,,,,"in, with",in,with (instrumental),among,,"mry, mryˀ",prep. n.m.,"in, with | in | with (instrumental) | among"
rbwt),getlex.php?coord=444040204&word=7,n.f.,,,,,greatness,greatness,metaph. and transf. mngs.,"the status or function of teacher (i.e., rabbi) of novices",,,n.f.,"greatness | greatness | metaph. and transf. mngs. | the status or function of teacher (i.e., rabbi) of novices"
bmlK,getlex.php?coord=444040204&word=8,prep. n.m.,,,,,"in, with",in,with (instrumental),among,,"mlk, mlkˀ",prep. n.m.,"in, with | in | with (instrumental) | among"
/[h)],getlex.php?coord=444040204&word=2,interj.,,,,,here! look!,"here, look! (presentative particle)",here (adv.),"הא כ : like, i.e. = prep.",,,interj.,"here! look! | here, look! (presentative particle) | here (adv.) | הא כ : like, i.e. = prep."
b(ly),getlex.php?coord=444040204&word=5,prep. adj.,,,,,"in, with",in,with (instrumental),among,,ˁly,prep. adj.,"in, with | in | with (instrumental) | among"
w?(?d,getlex.php?coord=444040204&word=1,conj. prep.,,,,,"and, also",until,"until, as far as",as conj.:,,ˁd,conj. prep.,"and, also | until | until, as far as | as conj.:"
)nh,getlex.php?coord=444040204&word=3,pron.,,,,,I,I,as enclitic subject marker with participles/adjectives,(philos.) Ego,,,pron.,I | I | as enclitic subject marker with participles/adjectives | (philos.) Ego
mw(d#2#/,getlex.php?coord=444040204&word=4,vb. D C Dt Ct,,,,,D to be appointed,to designate,to declare an animal,muˁad,,,vb. D C Dt Ct,D to be appointed | to designate | to declare an animal | muˁad
(my,getlex.php?coord=444040208&word=5,prep.,,,,,with,"with, together with",at,"at the time of, during",,,prep.,"with | with, together with | at | at the time of, during"
bt)nw$,getlex.php?coord=444040203&word=6,,,,,,,,,,,,,
(l,getlex.php?coord=444040203&word=5,prep.,,,,,upon; against; to,"upon, over, on to","against, over against","toward, to",,,prep.,"upon; against; to | upon, over, on to | against, over against | toward, to"
)tbhlt,getlex.php?coord=444040203&word=3,vb. G D Gt Dt,,,,,*to be troubled; to hurry,to be upset and in a hurry,"to trouble, frighten",to be frightened,,,vb. G D Gt Dt,"*to be troubled; to hurry | to be upset and in a hurry | to trouble, frighten | to be frightened"
)nh,getlex.php?coord=444040203&word=1,pron.,,,,,I,I,as enclitic subject marker with participles/adjectives,(philos.) Ego,,,pron.,I | I | as enclitic subject marker with participles/adjectives | (philos.) Ego
w?)?m?[rt,getlex.php?coord=444040203&word=8,conj. vb. a/a G Gt,,,,,"and, also",to say,to say,to command,,ˀmr,conj. vb. a/a G Gt,"and, also | to say | to say | to command"
)nt?t?y?,getlex.php?coord=444040203&word=7,n.f.,,,,,"woman, wife",woman,wife,,,,n.f.,"woman, wife | woman | wife"
w(lt,getlex.php?coord=444040203&word=4,conj. vb. a/u G D C Dt Ct,,,,,"and, also",to enter,to enter,w.,,ˁll,conj. vb. a/u G D C Dt Ct,"and, also | to enter | to enter | w."
lmK,getlex.php?coord=444040203&word=2,,,,,,,,,,,,,
",,,",getlex.php?coord=444040203&word=9,,,,,,,,,,,,,
###,getlex.php?coord=444040202&word=6,,,,,,,,,,,,,
(l,getlex.php?coord=444040202&word=3,prep.,,,,,upon; against; to,"upon, over, on to","against, over against","toward, to",,,prep.,"upon; against; to | upon, over, on to | against, over against | toward, to"
dn),getlex.php?coord=444040202&word=5,pron.,,,,,this (m.),this (m.),כִּדְנָה : thus (,see also s.v.,,,pron.,this (m.) | this (m.) | כִּדְנָה : thus ( | see also s.v.
b)dyN,getlex.php?coord=444040203&word=0,conj.,,,,,then,then (past sequential),(future sequential),(gnomic present),,,conj.,then | then (past sequential) | (future sequential) | (gnomic present)
m$tny,getlex.php?coord=444040202&word=2,vb. G D C Gt Dt,,,,,to be different,to be different,to go away,to change (trans.),,,vb. G D C Gt Dt,to be different | to be different | to go away | to change (trans.)
(wlym),getlex.php?coord=444040202&word=4,n.m.,,,,,youth,"youth, young adult","servant, slave","group, nation (??) i.e., = Hebrew לאם",,,n.m.,"youth | youth, young adult | servant, slave | group, nation (??) i.e., = Hebrew לאם"
w?mN,getlex.php?coord=444040201&word=8,conj. prep.,,,,,"and, also",from,from,partitive,,mn,conj. prep.,"and, also | from | from | partitive"
wlby,getlex.php?coord=444040202&word=0,conj. n.m.,,,,,"and, also",heart; mind,(anat.) heart,mind,,"lb, lbˀ",conj. n.m.,"and, also | heart; mind | (anat.) heart | mind"
w?lnp?y?l?[yN,getlex.php?coord=444040201&word=11,conj. n.m.,,,,,"and, also",giant,giant,(astron.) Orion,,npyl,conj. n.m.,"and, also | giant | giant | (astron.) Orion"
qd?y?$yN,getlex.php?coord=444040201&word=9,adj.,,,,,holy,holy,angel,as substantive:,,,adj.,holy | holy | angel | as substantive:
z?r?(?)?,getlex.php?coord=444040201&word=10,n.m.,,,,,seed,seed,sowing,"offspring, family",,,n.m.,"seed | seed | sowing | offspring, family"
(ly,getlex.php?coord=444040202&word=1,prep.,,,,,upon; against; to,"upon, over, on to","against, over against","toward, to",,,prep.,"upon; against; to | upon, over, on to | against, over against | toward, to"
b)dyN,getlex.php?coord=444040201&word=1,conj.,,,,,then,then (past sequential),(future sequential),(gnomic present),,,conj.,then | then (past sequential) | (future sequential) | (gnomic present)
x?$?b?t?,getlex.php?coord=444040201&word=2,"vb. e/a,u G D C Gt Dt",,,,,"to think, calculate","to think a thought about, take into account",to regard as after due thought,to calculate,,,"vb. e/a,u G D C Gt Dt","to think, calculate | to think a thought about, take into account | to regard as after due thought | to calculate"
h),getlex.php?coord=444040201&word=0,interj.,,,,,here! look!,"here, look! (presentative particle)",here (adv.),"הא כ : like, i.e. = prep.",,,interj.,"here! look! | here, look! (presentative particle) | here (adv.) | הא כ : like, i.e. = prep."
")[,,,]",getlex.php?coord=444040722&word=3,,,,,,,,,,,,,
dy,getlex.php?coord=444040201&word=4,,,,,,,,,,,,,
blby,getlex.php?coord=444040201&word=3,prep. n.m.,,,,,"in, with",in,with (instrumental),among,,"lb, lbˀ",prep. n.m.,"in, with | in | with (instrumental) | among"
kwl,getlex.php?coord=444040722&word=4,n.(pr.),,,,,"all, every",alone preceding a noun (technically the construct state!) :,as a postpositive with resumptive pronominal suffixes,emphatic state :,,,n.(pr.),"all, every | alone preceding a noun (technically the construct state!) : | as a postpositive with resumptive pronominal suffixes | emphatic state :"
"l,,l",getlex.php?coord=444040722&word=2,,,,,,,,,,,,,
mN,getlex.php?coord=444040201&word=5,prep.,,,,,from,from,partitive,indicating the agent of a passive,,,prep.,from | from | partitive | indicating the agent of a passive
(yryN,getlex.php?coord=444040201&word=6,adj.,,,,,"watching, awake; angel","awake, alert",watching,watch = period of time,,,adj.,"watching, awake; angel | awake, alert | watching | watch = period of time"
"[,,,]ll[,,,]",getlex.php?coord=444040722&word=0,,,,,,,,,,,,,
"[,,,]ly",getlex.php?coord=444040722&word=1,,,,,,,,,,,,,
"(,,,",getlex.php?coord=444040721&word=2,,,,,,,,,,,,,
"[,,,],t",getlex.php?coord=444040721&word=0,,,,,,,,,,,,,
kwl,getlex.php?coord=444040721&word=1,n.(pr.),,,,,"all, every",alone preceding a noun (technically the construct state!) :,as a postpositive with resumptive pronominal suffixes,emphatic state :,,,n.(pr.),"all, every | alone preceding a noun (technically the construct state!) : | as a postpositive with resumptive pronominal suffixes | emphatic state :"
ls?(dwtny,getlex.php?coord=444040719&word=4,vb. a/u G D C Gt Ct,,,,,"to help, to aid","to help, to aid",to dine on,to join,,,vb. a/u G D C Gt Ct,"to help, to aid | to help, to aid | to dine on | to join"
$klwt),getlex.php?coord=444040720&word=2,n.f.,,,,,folly,folly,sin,error (?),,,n.f.,folly | folly | sin | error (?)
"[,,,]",getlex.php?coord=444040720&word=1,,,,,,,,,,,,,
"[,,,],lmt",getlex.php?coord=444040720&word=0,,,,,,,,,,,,,
"[,,,]",getlex.php?coord=444040719&word=3,,,,,,,,,,,,,
wlmbnh,getlex.php?coord=444040719&word=5,conj. vb. G D Gt Dt,,,,,"and, also",to build,to build,fig. : to construct a logical argument,,bny,conj. vb. G D Gt Dt,"and, also | to build | to build | fig. : to construct a logical argument"
"\[,,,,])",getlex.php?coord=444040204&word=0,,,,,,,,,,,,,
lx?d?),getlex.php?coord=444040719&word=1,adv.,,,,,much,"much, very",,,,,adv.,"much | much, very"
$?p?yr),getlex.php?coord=444040718&word=2,adj.,,,,,beautiful,beautiful,"proper, good, suitable, ok",idioms:,,,adj.,"beautiful | beautiful | proper, good, suitable, ok | idioms:"
"k?,,b?",getlex.php?coord=444040710&word=2,,,,,,,,,,,,,
$my),getlex.php?coord=444040719&word=0,n.m.pl.t.,,,,,heaven; ceiling,heaven,"roof, ceiling",,,,n.m.pl.t.,"heaven; ceiling | heaven | roof, ceiling"
d?m?)?,getlex.php?coord=444040710&word=3,,,,,,,,,,,,,
lxd,getlex.php?coord=444040718&word=1,num.,,,,,one,one,with another number (or,b,,,num.,one | one | with another number (or | b
",,,,,,,,,,,,,,,,,,,,,,,,,,,,,,,,,,],,,,,",getlex.php?coord=444040718&word=0,,,,,,,,,,,,,
",,,,,,,,,,,,,,,,,,,,,,,,,,,,,,,,,,],,,,,",getlex.php?coord=444040710&word=0,vb. D C Dt,,,,,D to speak,to speak,to sound,to enable someone to speak,,,vb. D C Dt,D to speak | to speak | to sound | to enable someone to speak
w?(?d?h?,getlex.php?coord=444040709&word=1,,,,,,,,,,,,,
dnh,getlex.php?coord=444040708&word=7,pron.,,,,,this (m.),this (m.),כִּדְנָה : thus (,see also s.v.,,,pron.,this (m.) | this (m.) | כִּדְנָה : thus ( | see also s.v.
mllw?/t?/,getlex.php?coord=444040710&word=1,,,,,,,,,,,,,
###,getlex.php?coord=444040709&word=3,,,,,,,,,,,,,
ly?,getlex.php?coord=444040709&word=2,,,,,,,,,,,,,
",,,,,,,,,,,,,,,,,,,,,,,,,,,],(nny",getlex.php?coord=444040709&word=0,,,,,,,,,,,,,
lkwl),getlex.php?coord=444040708&word=3,n.(pr.),,,,,"all, every",alone preceding a noun (technically the construct state!) :,as a postpositive with resumptive pronominal suffixes,emphatic state :,,,n.(pr.),"all, every | alone preceding a noun (technically the construct state!) : | as a postpositive with resumptive pronominal suffixes | emphatic state :"
",,,]t",getlex.php?coord=444040708&word=5,,,,,,,,,,,,,
",,,",getlex.php?coord=444040708&word=2,,,,,,,,,,,,,
",,,",getlex.php?coord=444040708&word=1,,,,,,,,,,,,,
"[,,,",getlex.php?coord=444040708&word=4,,,,,,,,,,,,,
w)cyxt,getlex.php?coord=444040707&word=8,conj. vb. a/a G D C Gt,,,,,"and, also",to cry out,to cry out loudly,"to call something, term (as a nick-name or explanation)",,ṣwḥ,conj. vb. a/a G D C Gt,"and, also | to cry out | to cry out loudly | to call something, term (as a nick-name or explanation)"
"[,,,]",getlex.php?coord=444040708&word=0,,,,,,,,,,,,,
(l,getlex.php?coord=444040708&word=6,prep.,,,,,upon; against; to,"upon, over, on to","against, over against","toward, to",,,prep.,"upon; against; to | upon, over, on to | against, over against | toward, to"
hry)t?)?,getlex.php?coord=444040201&word=7,n.f.,,,,,fetus,fetus,,,,,n.f.,fetus | fetus
mrh,getlex.php?coord=444040707&word=6,n.m.,,,,,"master, lord",master,owner,title of respect,,,n.m.,"master, lord | master | owner | title of respect"
$my),getlex.php?coord=444040707&word=7,n.m.pl.t.,,,,,heaven; ceiling,heaven,"roof, ceiling",,,,n.m.pl.t.,"heaven; ceiling | heaven | roof, ceiling"
lmly,getlex.php?coord=444040707&word=5,n.f.,,,,,"word, speech; thing",word,thing [=Heb. דָּבָר],=Greek,,,n.f.,"word, speech; thing | word | thing [=Heb. דָּבָר] | =Greek"
wxdyt,getlex.php?coord=444040707&word=4,conj. vb. a(i)/e G D C Gt Dt,,,,,"and, also",to rejoice,to rejoice,fig. : to flourish verdantly,,ḥdy,conj. vb. a(i)/e G D C Gt Dt,"and, also | to rejoice | to rejoice | fig. : to flourish verdantly"
rb),getlex.php?coord=444040707&word=3,adj.,,,,,"great, big",large,"great, of major significance",(of age) : older,,,adj.,"great, big | large | great, of major significance | (of age) : older"
qd?y?$),getlex.php?coord=444040707&word=2,adj.,,,,,holy,holy,angel,as substantive:,,,adj.,holy | holy | angel | as substantive:
"[,,,]",getlex.php?coord=444040707&word=0,,,,,,,,,,,,,
",,,",getlex.php?coord=444040707&word=1,,,,,,,,,,,,,
###,getlex.php?coord=444040706&word=1,,,,,,,,,,,,,
w)gry,getlex.php?coord=444040705&word=1,conj. n.m.,,,,,"and, also","hire, wages","hire, wages","payment for action, reward",,"ˀgr, ˀgrˀ",conj. n.m.,"and, also | hire, wages | hire, wages | payment for action, reward"
"[,,,]lK",getlex.php?coord=444040704&word=0,,,,,,,,,,,,,
"l[,,,]",getlex.php?coord=444040704&word=1,,,,,,,,,,,,,
(?lyhwN,getlex.php?coord=444040704&word=2,prep.,,,,,upon; against; to,"upon, over, on to","against, over against","toward, to",,,prep.,"upon; against; to | upon, over, on to | against, over against | toward, to"
"[,,,]",getlex.php?coord=444040703&word=2,,,,,,,,,,,,,
mN,getlex.php?coord=444040703&word=3,prep.,,,,,from,from,partitive,indicating the agent of a passive,,,prep.,from | from | partitive | indicating the agent of a passive
",,qr",getlex.php?coord=444040705&word=0,,,,,,,,,,,,,
wqcy,getlex.php?coord=444040719&word=2,conj. n.m.,,,,,"and, also",end,end,appointed time,,"qṣ, qṣˀ",conj. n.m.,"and, also | end | end | appointed time"
",,,,,,,,,,,,,,,,,,,",getlex.php?coord=444040706&word=0,,,,,,,,,,,,,
)nh,getlex.php?coord=444040705&word=2,pron.,,,,,I,I,as enclitic subject marker with participles/adjectives,(philos.) Ego,,,pron.,I | I | as enclitic subject marker with participles/adjectives | (philos.) Ego
w(yr?y),getlex.php?coord=444040702&word=9,conj. adj.,,,,,"and, also","watching, awake; angel","awake, alert",watching,,ˁyr,conj. adj.,"and, also | watching, awake; angel | awake, alert | watching"
"[,,,]l[,,,]",getlex.php?coord=444040703&word=0,,,,,,,,,,,,,
wk?w?k?b?y?)?,getlex.php?coord=444040702&word=8,conj. n.m.,,,,,"and, also",star,(astron.) star,comet,,"kwkb, kwkbˀ",conj. n.m.,"and, also | star | (astron.) star | comet"
w$nyN,getlex.php?coord=444040703&word=1,conj. n.f.,,,,,"and, also",year,year,,,"šnh, štˀ",conj. n.f.,"and, also | year | year"
",,d)",getlex.php?coord=444040702&word=2,,,,,,,,,,,,,
$hr),getlex.php?coord=444040702&word=7,n.m./f.,,,,,the Moon,Sehr (the moon god),the Moon,(chem.) silver,,,n.m./f.,the Moon | Sehr (the moon god) | the Moon | (chem.) silver
mzlt,getlex.php?coord=444040702&word=4,n.m.,,,,,constellation,constellation,"luck, destiny",,,,n.m.,"constellation | constellation | luck, destiny"
kwl,getlex.php?coord=444040702&word=3,n.(pr.),,,,,"all, every",alone preceding a noun (technically the construct state!) :,as a postpositive with resumptive pronominal suffixes,emphatic state :,,,n.(pr.),"all, every | alone preceding a noun (technically the construct state!) : | as a postpositive with resumptive pronominal suffixes | emphatic state :"
$m$),getlex.php?coord=444040702&word=6,n.m./f.,,,,,sun,the Sun,sunshine,golden colored objects,,,n.m./f.,sun | the Sun | sunshine | golden colored objects
$my),getlex.php?coord=444040702&word=5,n.m.pl.t.,,,,,heaven; ceiling,heaven,"roof, ceiling",,,,n.m.pl.t.,"heaven; ceiling | heaven | roof, ceiling"
",,,",getlex.php?coord=444040702&word=1,,,,,,,,,,,,,
bymy),getlex.php?coord=444040701&word=7,prep. n.m.,,,,,"in, with",in,with (instrumental),among,,"ym, ymˀ",prep. n.m.,"in, with | in | with (instrumental) | among"
wbTwry),getlex.php?coord=444040701&word=8,conj. prep. n.m.,,,,,"and, also","in, with",in,with (instrumental),,b_,conj. prep. n.m.,"and, also | in, with | in | with (instrumental)"
dy,getlex.php?coord=444040701&word=5,,,,,,,,,,,,,
(lyh),getlex.php?coord=444040701&word=6,prep.,,,,,upon; against; to,"upon, over, on to","against, over against","toward, to",,,prep.,"upon; against; to | upon, over, on to | against, over against | toward, to"
(?lyhwN,getlex.php?coord=444040701&word=2,prep.,,,,,upon; against; to,"upon, over, on to","against, over against","toward, to",,,prep.,"upon; against; to | upon, over, on to | against, over against | toward, to"
wkwl,getlex.php?coord=444040701&word=4,conj. n.(pr.),,,,,"and, also","all, every",alone preceding a noun (technically the construct state!) :,as a postpositive with resumptive pronominal suffixes,,"kl, klˀ",conj. n.(pr.),"and, also | all, every | alone preceding a noun (technically the construct state!) : | as a postpositive with resumptive pronominal suffixes"
)r(),getlex.php?coord=444040701&word=3,n.f.,,,,,ground; land; Earth,ground,"land, country",the Earth,,,n.f.,"ground; land; Earth | ground | land, country | the Earth"
"[,,,]",getlex.php?coord=444040702&word=0,,,,,,,,,,,,,
"[,,,],",getlex.php?coord=444040701&word=1,,,,,,,,,,,,,
",,,",getlex.php?coord=444040701&word=0,,,,,,,,,,,,,
"[,,,,]l?",getlex.php?coord=444040412&word=2,,,,,,,,,,,,,
)r(),getlex.php?coord=444040412&word=4,n.f.,,,,,ground; land; Earth,ground,"land, country",the Earth,,,n.f.,"ground; land; Earth | ground | land, country | the Earth"
(lyhwN,getlex.php?coord=444040414&word=0,prep.,,,,,upon; against; to,"upon, over, on to","against, over against","toward, to",,,prep.,"upon; against; to | upon, over, on to | against, over against | toward, to"
)npy,getlex.php?coord=444040412&word=3,n.m./f.pl.,,,,,face; surface,face,"(of ground, water) surface","way, manner, feature",,,n.m./f.pl.,"face; surface | face | (of ground, water) surface | way, manner, feature"
$M,getlex.php?coord=444040411&word=5,,,,,,,,,,,,,
",,[,,,",getlex.php?coord=444040411&word=3,,,,,,,,,,,,,
",,,],,N",getlex.php?coord=444040411&word=4,,,,,,,,,,,,,
rb),getlex.php?coord=444040412&word=0,adj.,,,,,"great, big",large,"great, of major significance",(of age) : older,,,adj.,"great, big | large | great, of major significance | (of age) : older"
wqC,getlex.php?coord=444040412&word=1,"vb. a/u G D C Gt Dt Ct polel, pay/w c el",,,,,to cut short; to reckon,to cut short,to chop down,to specify,,,"vb. a/u G D C Gt Dt Ct polel, pay/w c el",to cut short; to reckon | to cut short | to chop down | to specify
",,",getlex.php?coord=444040705&word=5,,,,,,,,,,,,,
lK,getlex.php?coord=444040705&word=4,,,,,,,,,,,,,
lkwl,getlex.php?coord=444040403&word=1,n.(pr.),,,,,"all, every",alone preceding a noun (technically the construct state!) :,as a postpositive with resumptive pronominal suffixes,emphatic state :,,,n.(pr.),"all, every | alone preceding a noun (technically the construct state!) : | as a postpositive with resumptive pronominal suffixes | emphatic state :"
"[,,,,]",getlex.php?coord=444040403&word=3,,,,,,,,,,,,,
"[,,,,],d",getlex.php?coord=444040403&word=0,,,,,,,,,,,,,
b)?y?$t),getlex.php?coord=444040403&word=4,prep. n.f.,,,,,"in, with",in,with (instrumental),among,,"ˀšh, ˀšt, ˀštˀ",prep. n.f.,"in, with | in | with (instrumental) | among"
(lmyM,getlex.php?coord=444040403&word=2,n.m.,,,,,eternity; world,eternity (usually as a,nomen rectum,),,,n.m.,eternity; world | eternity (usually as a | nomen rectum | )
m$lM,getlex.php?coord=444040705&word=3,vb. e/a(u) G D C Gt Dt Ct,,,,,"to be whole, complete","to be whole, perfect","to be complete, finished",(euph.) to die,,,vb. e/a(u) G D C Gt Dt Ct,"to be whole, complete | to be whole, perfect | to be complete, finished | (euph.) to die"
xzyt,getlex.php?coord=444040411&word=0,"vb. G D C Gt Ct ethpolal, ethpay/w c el",,,,,to see,to see,(,metaph. as in European languages,,,"vb. G D C Gt Ct ethpolal, ethpay/w c el",to see | to see | ( | metaph. as in European languages
"[,,,,,",getlex.php?coord=444040401&word=1,,,,,,,,,,,,,
"w$w,,)",getlex.php?coord=444040402&word=0,,,,,,,,,,,,,
wlm?)?k?l,getlex.php?coord=444040324&word=1,conj. vb. a/u G C Gt Ct,,,,,"and, also","to eat, consume",to eat,to consume,,ˀkl,conj. vb. a/u G C Gt Ct,"and, also | to eat, consume | to eat | to consume"
",mN",getlex.php?coord=444040401&word=0,,,,,,,,,,,,,
",,,n?N?",getlex.php?coord=444040324&word=2,,,,,,,,,,,,,
yhrg$wN,getlex.php?coord=444040401&word=3,vb. a/a G C Gt Ct,,,,,to rage; sense,"to rage, be upset","to sense, feel",w.,,,vb. a/a G C Gt Ct,"to rage; sense | to rage, be upset | to sense, feel | w."
",,,],w",getlex.php?coord=444040401&word=2,,,,,,,,,,,,,
lm(bd,getlex.php?coord=444040411&word=1,vb. a/e G D C Gt Ct quad,,,,,"to make, act, do",to make,"to do, perform, act in a certain manner","to designate, make into",,,vb. a/e G D C Gt Ct quad,"to make, act, do | to make | to do, perform, act in a certain manner | to designate, make into"
",,,,,,,,,,,,,,,,,,]plg",getlex.php?coord=444040317&word=0,vb. a/u (e/a) G D C Gt Dt,,,,,to divide,to divide (trans.),to be in the middle,"to be distinctive, outstanding",,,vb. a/u (e/a) G D C Gt Dt,"to divide | to divide (trans.) | to be in the middle | to be distinctive, outstanding"
k?w?l,getlex.php?coord=444040317&word=1,n.(pr.),,,,,"all, every",alone preceding a noun (technically the construct state!) :,as a postpositive with resumptive pronominal suffixes,emphatic state :,,,n.(pr.),"all, every | alone preceding a noun (technically the construct state!) : | as a postpositive with resumptive pronominal suffixes | emphatic state :"
b?k?db?y?N,getlex.php?coord=444040313&word=5,prep. n.m.,,,,,"in, with",in,with (instrumental),among,,"kdb, kdbˀ",prep. n.m.,"in, with | in | with (instrumental) | among"
",,,,N",getlex.php?coord=444040317&word=4,,,,,,,,,,,,,
)r(),getlex.php?coord=444040317&word=2,n.f.,,,,,ground; land; Earth,ground,"land, country",the Earth,,,n.f.,"ground; land; Earth | ground | land, country | the Earth"
",,M",getlex.php?coord=444040317&word=3,,,,,,,,,,,,,
",,,,,,,,,,,,,,,,,,,,,,,,,,,,,])",getlex.php?coord=444040324&word=0,,,,,,,,,,,,,
wk(N,getlex.php?coord=444040312&word=3,conj. adv.,,,,,"and, also",now,now,(w./w.o.,,kˁn,conj. adv.,"and, also | now | now | (w./w.o."
",,,,,,,,,,,,,,,,,,][,,,",getlex.php?coord=444040313&word=0,,,,,,,,,,,,,
bq$wT,getlex.php?coord=444040313&word=2,prep. n.m.,,,,,"in, with",in,with (instrumental),among,,"qšwṭ, qwšṭˀ",prep. n.m.,"in, with | in | with (instrumental) | among"
",],hw))",getlex.php?coord=444040313&word=1,,,,,,,,,,,,,
l),getlex.php?coord=444040313&word=4,adv.,,,,,"no, not",no! (as interj.),not (preceding and negating a predicate),"compounded with adjectives, nouns, abstracts, and adverbs  ='un-', 'non', 'in-'",,,adv.,"no, not | no! (as interj.) | not (preceding and negating a predicate) | compounded with adjectives, nouns, abstracts, and adverbs  ='un-', 'non', 'in-'"
dy,getlex.php?coord=444040313&word=3,,,,,,,,,,,,,
)zl,getlex.php?coord=444040312&word=4,"vb. a/i, a/a G Gt",,,,,to go,"to go, move along",to go away,as co-verb : to go ahead and do something,,,"vb. a/i, a/a G Gt","to go | to go, move along | to go away | as co-verb : to go ahead and do something"
"],,mN",getlex.php?coord=444040311&word=1,,,,,,,,,,,,,
",,,,,l,,,",getlex.php?coord=444040311&word=2,,,,,,,,,,,,,
",,,,y?$?y?M",getlex.php?coord=444040311&word=3,,,,,,,,,,,,,
",,,,,,,,,,,,,,,,,,][,,,",getlex.php?coord=444040311&word=0,,,,,,,,,,,,,
",,,",getlex.php?coord=444040312&word=1,,,,,,,,,,,,,
",,,,,,,,,,,,,,,,,,])r()",getlex.php?coord=444040312&word=0,n.f.,,,,,ground; land; Earth,ground,"land, country",the Earth,,,n.f.,"ground; land; Earth | ground | land, country | the Earth"
)r(),getlex.php?coord=444040311&word=4,n.f.,,,,,ground; land; Earth,ground,"land, country",the Earth,,,n.f.,"ground; land; Earth | ground | land, country | the Earth"
",,,",getlex.php?coord=444040312&word=2,,,,,,,,,,,,,
",,,,",getlex.php?coord=444040310&word=1,,,,,,,,,,,,,
d?N?,getlex.php?coord=444040310&word=4,pron.,,,,,this one,this one,"as enclitic in interrogative contexts: now, here, then :",see s.v.,,,pron.,"this one | this one | as enclitic in interrogative contexts: now, here, then : | see s.v."
",,,,,,,,,,,,,,,,,,][,,,],,,,,",getlex.php?coord=444040310&word=0,,,,,,,,,,,,,
",)r(y",getlex.php?coord=444040310&word=2,n.f.,,,,,ground; land; Earth,ground,"land, country",the Earth,,,n.f.,"ground; land; Earth | ground | land, country | the Earth"
lym?)?,getlex.php?coord=444040310&word=3,n.m.,,,,,sea,sea,lake,,,,n.m.,sea | sea | lake
dyN,getlex.php?coord=444040411&word=2,n.m.,,,,,judgment,court case,judgment,"justice, what is right",,,n.m.,"judgment | court case | judgment | justice, what is right"
",,,,,,,,,,,,,,,,,,],,,,,",getlex.php?coord=444040307&word=0,,,,,,,,,,,,,
",,,,,,,,,,,,,,,,,,][,,,,",getlex.php?coord=444040309&word=0,,,,,,,,,,,,,
",,,,M",getlex.php?coord=444040306&word=1,,,,,,,,,,,,,
",,,,,,,,,,,,,,,,,,],,,,,",getlex.php?coord=444040306&word=0,,,,,,,,,,,,,
",,,,wlK",getlex.php?coord=444040307&word=1,,,,,,,,,,,,,
bny,getlex.php?coord=444040304&word=2,n.m.,,,,,son,"son, child",member of the same cohort (,see also 'compounds' 3.2),,,n.m.,"son | son, child | member of the same cohort ( | see also 'compounds' 3.2)"
lh?w?N,getlex.php?coord=444040307&word=2,,,,,,,,,,,,,
"],,,,(l",getlex.php?coord=444040309&word=1,,,,,,,,,,,,,
)r(),getlex.php?coord=444040309&word=2,n.f.,,,,,ground; land; Earth,ground,"land, country",the Earth,,,n.f.,"ground; land; Earth | ground | land, country | the Earth"
yrd,getlex.php?coord=444040303&word=2,,,,,,,,,,,,,
bywmy,getlex.php?coord=444040303&word=1,prep. n.m.,,,,,"in, with",in,with (instrumental),among,,"ywm, ywmˀ",prep. n.m.,"in, with | in | with (instrumental) | among"
)by,getlex.php?coord=444040303&word=3,n.m.,,,,,father,father,"ancestor, forefather",ˀabbā,,,n.m.,"father | father | ancestor, forefather | ˀabbā"
",,,,,,,,,,,,,,,,,,])rw",getlex.php?coord=444040303&word=0,conj./inte,,,,,behold,presentative particle,"because, since",,,,conj./inte,"behold | presentative particle | because, since"
",,,,,,,,,,,,,,,,,,],,,,,",getlex.php?coord=444040304&word=0,,,,,,,,,,,,,
",,,,yN",getlex.php?coord=444040304&word=1,,,,,,,,,,,,,
",,,,l",getlex.php?coord=444040302&word=1,,,,,,,,,,,,,
",,,N",getlex.php?coord=444040302&word=2,,,,,,,,,,,,,
wl),getlex.php?coord=444040302&word=3,conj. adv.,,,,,"and, also","no, not",no! (as interj.),not (preceding and negating a predicate),,lˀ,conj. adv.,"and, also | no, not | no! (as interj.) | not (preceding and negating a predicate)"
l)wrk),getlex.php?coord=444040302&word=4,n.m.,,,,,length,length (in space),(in time),,,,n.m.,length | length (in space) | (in time)
",,,]N",getlex.php?coord=444040801&word=3,,,,,,,,,,,,,
whw)t?,getlex.php?coord=444040801&word=5,vb. G C Gt Ct,,,,,"to be, to become",to be,"to endure, to exist","to come to pass, to happen",,,vb. G C Gt Ct,"to be, to become | to be | to endure, to exist | to come to pass, to happen"
btrh,getlex.php?coord=444040801&word=1,prep.,,,,,after,after,conj.: after,"w. personal pron. suf. : behind one, backwards (?)",,,prep.,"after | after | conj.: after | w. personal pron. suf. : behind one, backwards (?)"
"x,,[",getlex.php?coord=444040801&word=2,,,,,,,,,,,,,
b$r),getlex.php?coord=444040128&word=5,n.m.,,,,,flesh,flesh,penis,+,,,n.m.,flesh | flesh | penis | +
",rh",getlex.php?coord=444040801&word=4,,,,,,,,,,,,,
)ntth,getlex.php?coord=444040801&word=0,n.f.,,,,,"woman, wife",woman,wife,,,,n.f.,"woman, wife | woman | wife"
(lm),getlex.php?coord=444040804&word=0,n.m.,,,,,eternity; world,eternity (usually as a,nomen rectum,),,,n.m.,eternity; world | eternity (usually as a | nomen rectum | )
w)P,getlex.php?coord=444040128&word=3,conj.,,,,,"also, even","also, even",in expressions,,,,conj.,"also, even | also, even | in expressions"
(bd,getlex.php?coord=444040128&word=2,vb. a/e G D C Gt Ct quad,,,,,"to make, act, do",to make,"to do, perform, act in a certain manner","to designate, make into",,,vb. a/e G D C Gt Ct quad,"to make, act, do | to make | to do, perform, act in a certain manner | to designate, make into"
]lhwN,getlex.php?coord=444040128&word=1,,,,,,,,,,,,,
lkwl,getlex.php?coord=444040128&word=4,n.(pr.),,,,,"all, every",alone preceding a noun (technically the construct state!) :,as a postpositive with resumptive pronominal suffixes,emphatic state :,,,n.(pr.),"all, every | alone preceding a noun (technically the construct state!) : | as a postpositive with resumptive pronominal suffixes | emphatic state :"
",,,,,,,,,,,,,,,,,,,,,,,,,,,,,",getlex.php?coord=444040128&word=0,,,,,,,,,,,,,
l)r(),getlex.php?coord=444040127&word=5,n.f.,,,,,ground; land; Earth,ground,"land, country",the Earth,,,n.f.,"ground; land; Earth | ground | land, country | the Earth"
",,],yN",getlex.php?coord=444040127&word=1,,,,,,,,,,,,,
",,,,,,,,,,,,,,,,,,,,,,,,,,,,",getlex.php?coord=444040127&word=0,,,,,,,,,,,,,
lm?(?b?d?,getlex.php?coord=444040127&word=3,vb. a/e G D C Gt Ct quad,,,,,"to make, act, do",to make,"to do, perform, act in a certain manner","to designate, make into",,,vb. a/e G D C Gt Ct quad,"to make, act, do | to make | to do, perform, act in a certain manner | to designate, make into"
lh)ym?n?h,getlex.php?coord=444040126&word=3,,,,,,,,,,,,,
)n$),getlex.php?coord=444040127&word=4,n.m.,,,,,"person, someone","person, someone","Man, humanity (usually in the emphatic)","often in the absolute state (i.e., as a pronoun, even in Eastern Aramaic):",,,n.m.,"person, someone | person, someone | Man, humanity (usually in the emphatic) | often in the absolute state (i.e., as a pronoun, even in Eastern Aramaic):"
m),getlex.php?coord=444040127&word=2,pron.,,,,,what?,what?,(usually) with following adj.: how!,"what, that which (indef./rel. pron.)",,,pron.,"what? | what? | (usually) with following adj.: how! | what, that which (indef./rel. pron.)"
(m),getlex.php?coord=444040126&word=4,n.m.,,,,,people,"related group of people, nation","people, folks",,,,n.m.,"people | related group of people, nation | people, folks"
kwlh?),getlex.php?coord=444040309&word=3,n.(pr.),,,,,"all, every",alone preceding a noun (technically the construct state!) :,as a postpositive with resumptive pronominal suffixes,emphatic state :,,,n.(pr.),"all, every | alone preceding a noun (technically the construct state!) : | as a postpositive with resumptive pronominal suffixes | emphatic state :"
hw),getlex.php?coord=444040125&word=4,pron.,,,,,he,he,as copula,emphatic enclitic particle focusing on the word it follows,,,pron.,he | he | as copula | emphatic enclitic particle focusing on the word it follows
]l)r(),getlex.php?coord=444040126&word=1,n.f.,,,,,ground; land; Earth,ground,"land, country",the Earth,,,n.f.,"ground; land; Earth | ground | land, country | the Earth"
",,,,,,,,,,,,,,,,,,,,,,,,,,",getlex.php?coord=444040126&word=0,,,,,,,,,,,,,
lkwN,getlex.php?coord=444040125&word=2,,,,,,,,,,,,,
$lx,getlex.php?coord=444040125&word=3,vb. a/a(u) G D C Gt Dt Ct,,,,,to send,"to send (something or someone, but see note)","to send word; order, summon","to let loose, release, dismiss",,,vb. a/a(u) G D C Gt Dt Ct,"to send | to send (something or someone, but see note) | to send word; order, summon | to let loose, release, dismiss"
wlm?xt,getlex.php?coord=444040126&word=2,vb. e(a)/u G D C Gt Dt Ct,,,,,to descend,"to descend, go down physically",fig.,to go inward,,,vb. e(a)/u G D C Gt Dt Ct,"to descend | to descend, go down physically | fig. | to go inward"
b$r),getlex.php?coord=444040124&word=4,n.m.,,,,,flesh,flesh,penis,+,,,n.m.,flesh | flesh | penis | +
"],,,),,",getlex.php?coord=444040124&word=1,,,,,,,,,,,,,
wlqll,getlex.php?coord=444040124&word=2,conj. n.m.,,,,,"and, also",reproach,reproach,refutation,,"qll, qllˀ",conj. n.m.,"and, also | reproach | reproach | refutation"
wbm$lxN,getlex.php?coord=444040125&word=1,conj. prep. n.m.,,,,,"and, also","in, with",in,with (instrumental),,b_,conj. prep. n.m.,"and, also | in, with | in | with (instrumental)"
lkwl,getlex.php?coord=444040124&word=3,n.(pr.),,,,,"all, every",alone preceding a noun (technically the construct state!) :,as a postpositive with resumptive pronominal suffixes,emphatic state :,,,n.(pr.),"all, every | alone preceding a noun (technically the construct state!) : | as a postpositive with resumptive pronominal suffixes | emphatic state :"
",,,,,,,,,,,,,,,,,,,,,,,,,,],rh",getlex.php?coord=444040125&word=0,,,,,,,,,,,,,
"[,,,,,,,,,,,,,,,,,,,,,,,,,,,,,]w?)?N",getlex.php?coord=444040113&word=2,,,,,,,,,,,,,
k?w?lN,getlex.php?coord=444040113&word=1,n.(pr.),,,,,"all, every",alone preceding a noun (technically the construct state!) :,as a postpositive with resumptive pronominal suffixes,emphatic state :,,,n.(pr.),"all, every | alone preceding a noun (technically the construct state!) : | as a postpositive with resumptive pronominal suffixes | emphatic state :"
",,,,,,,,,,,,,,,,,,,,,,,,,,,,,,,,,",getlex.php?coord=444040121&word=0,,,,,,,,,,,,,
",,,,,,,,,,,,,,,,,,,,,,,,,,,,,,,,,,,,,,,,,],",getlex.php?coord=444040118&word=0,,,,,,,,,,,,,
)syr,getlex.php?coord=444040121&word=2,adj.,,,,,captured; forbidden,"captive, bound",forbidden,subst. : girdle (?),,,adj.,"captured; forbidden | captive, bound | forbidden | subst. : girdle (?)"
lpg?/r?$?y?N,getlex.php?coord=444040118&word=1,,,,,,,,,,,,,
"],,,nyN",getlex.php?coord=444040121&word=1,,,,,,,,,,,,,
",,,,,,,,,,,,,,,,,,],,,,,",getlex.php?coord=444040302&word=0,,,,,,,,,,,,,
"m$[,,,",getlex.php?coord=444040809&word=1,,,,,,,,,,,,,
tqyP,getlex.php?coord=444040121&word=3,adj.,,,,,strong,strong,"substantial, great",fem.: wonder,,,adj.,"strong | strong | substantial, great | fem.: wonder"
",,,,,,,,,,,,,,,,,,,,,,,,,,,",getlex.php?coord=444040124&word=0,,,,,,,,,,,,,
wbkwl,getlex.php?coord=444040809&word=0,conj. prep. n.(pr.),,,,,"and, also","in, with",in,with (instrumental),,b_,conj. prep. n.(pr.),"and, also | in, with | in | with (instrumental)"
yh?b?t?,getlex.php?coord=444040113&word=0,vb. a/a G C Gt,,,,,to give,to give,to place,"to permit, allow",,,vb. a/a G C Gt,"to give | to give | to place | to permit, allow"
yby$t),getlex.php?coord=444040112&word=0,n.f.,,,,,dry land,dry land,,,,,n.f.,dry land | dry land
)?r?y?,getlex.php?coord=444040112&word=3,conj.,,,,,"because, since","because, since","ארי אם, ארי אין : but rather (=MT  כִּי־אִם)",introducing object clauses,,,conj.,"because, since | because, since | ארי אם, ארי אין : but rather (=MT  כִּי־אִם) | introducing object clauses"
",,,,,,,,,,,,,,,,,,,,,,,,,]",getlex.php?coord=444040112&word=2,,,,,,,,,,,,,
"k?[,,,,,,,,,,,,,,,,,,,,,,,,,],,,",getlex.php?coord=444040111&word=3,,,,,,,,,,,,,
dy,getlex.php?coord=444040111&word=1,,,,,,,,,,,,,
lm?q?y?y?M?[,getlex.php?coord=444040112&word=1,"vb. a/u G D C Dt Ct polel, pay/w c el ethpolal, ethpay/w c el",,,,,to rise; to stand; to last,to rise,"to stand, to be raised up","to stand still, to stop",,,"vb. a/u G D C Dt Ct polel, pay/w c el ethpolal, ethpay/w c el","to rise; to stand; to last | to rise | to stand, to be raised up | to stand still, to stop"
(d?,getlex.php?coord=444040111&word=2,prep.,,,,,until,"until, as far as",as conj.:,see s.v.,,,prep.,"until | until, as far as | as conj.: | see s.v."
(l,getlex.php?coord=444040111&word=4,prep.,,,,,upon; against; to,"upon, over, on to","against, over against","toward, to",,,prep.,"upon; against; to | upon, over, on to | against, over against | toward, to"
w?d?y,getlex.php?coord=444040110&word=1,,,,,,,,,,,,,
)r(),getlex.php?coord=444040110&word=0,n.f.,,,,,ground; land; Earth,ground,"land, country",the Earth,,,n.f.,"ground; land; Earth | ground | land, country | the Earth"
"w?x?r?[$yN,,,,,,,,,,,,,,,,,],,,",getlex.php?coord=444040109&word=2,n.m.pl.,,,,,magic arts,"black magic arts, sorcery",incantations,,,,n.m.pl.,"magic arts | black magic arts, sorcery | incantations"
r?b?r?b?y?N?,getlex.php?coord=444040108&word=3,adj.,,,,,"great, big",large,"great, of major significance",(of age) : older,,,adj.,"great, big | large | great, of major significance | (of age) : older"
)b?(y?,getlex.php?coord=444040110&word=2,vb. G D Gt Dt,,,,,"to ask, to beg, to inquire","to seek, look for",to ask a question,"to wish for something, want, request",,,vb. G D Gt Dt,"to ask, to beg, to inquire | to seek, look for | to ask a question | to wish for something, want, request"
s?myN,getlex.php?coord=444040109&word=0,n.m.,,,,,medicine; poison; pigment,medicine,poison,"color, pigment",,,n.m.,"medicine; poison; pigment | medicine | poison | color, pigment"
k?$?p?yN,getlex.php?coord=444040109&word=1,n.m.pl.t.,,,,,sorcery,sorcery,,,,,n.m.pl.t.,sorcery | sorcery
"l,[,,,,,,,,,,,,,,,,,,,,,",getlex.php?coord=444040110&word=3,prep.,,,,,from,from,partitive,indicating the agent of a passive,,,prep.,from | from | partitive | indicating the agent of a passive
(wbd?)?,getlex.php?coord=444040111&word=0,n.m.,,,,,"act, deed","act, deed","case, happening",legal decision,,,n.m.,"act, deed | act, deed | case, happening | legal decision"
]mN,getlex.php?coord=444040110&word=4,n.f.,,,,,part; end,part,end,with,,,n.f.,part; end | part | end | with
b?n?y?k?wN,getlex.php?coord=444040108&word=1,n.m.,,,,,son,"son, child",member of the same cohort (,see also 'compounds' 3.2),,,n.m.,"son | son, child | member of the same cohort ( | see also 'compounds' 3.2)"
)nwN,getlex.php?coord=444040107&word=4,pron.,,,,,"they, them",they,them (i.e. as independent object pronoun),as copula,,,pron.,"they, them | they | them (i.e. as independent object pronoun) | as copula"
)N,getlex.php?coord=444040107&word=3,adv./conj.,,,,,"where, wherever","where?, where is?","conj. : where, wherever","ܗܢ ܕ : as prep. : the place of, near [Greek semi-calque]",,,adv./conj.,"where, wherever | where?, where is? | conj. : where, wherever | ܗܢ ܕ : as prep. : the place of, near [Greek semi-calque]"
",,,],,)",getlex.php?coord=444040107&word=2,,,,,,,,,,,,,
kwl,getlex.php?coord=444040108&word=0,n.(pr.),,,,,"all, every",alone preceding a noun (technically the construct state!) :,as a postpositive with resumptive pronominal suffixes,emphatic state :,,,n.(pr.),"all, every | alone preceding a noun (technically the construct state!) : | as a postpositive with resumptive pronominal suffixes | emphatic state :"
"w?[,,,,,,,,,,,,,,,,],,y?N?",getlex.php?coord=444040108&word=2,,,,,,,,,,,,,
"d[,,,,,,,,,,,,,,,,,,,,,,,,,",getlex.php?coord=444040107&word=1,,,,,,,,,,,,,
ywM,getlex.php?coord=444040107&word=0,n.m.,,,,,day,day,pl.: time period,"daytime, sun light (",,,n.m.,"day | day | pl.: time period | daytime, sun light ("
",,,,,,,],,r?)",getlex.php?coord=444040106&word=1,,,,,,,,,,,,,
(?d,getlex.php?coord=444040106&word=2,,,,,,,,,,,,,
"m[,,,,,,,,,,,,,,,,,,",getlex.php?coord=444040106&word=0,,,,,,,,,,,,,
l)?,getlex.php?coord=444040104&word=3,,,,,,,,,,,,,
",,,,,,,,,,,,,,,,,,,,,,,",getlex.php?coord=444040104&word=0,,,,,,,,,,,,,
dy,getlex.php?coord=444040103&word=3,,,,,,,,,,,,,
)]n?x?n?[),getlex.php?coord=444040104&word=1,pron.,,,,,we,we,,,,,pron.,we | we
m?d?/r?/(y?N,getlex.php?coord=444040104&word=4,,,,,,,,,,,,,
",,,,,,,,,,,,,,,,,,",getlex.php?coord=444040105&word=0,,,,,,,,,,,,,
],getlex.php?coord=444040104&word=2,,,,,,,,,,,,,
",,,,,,,,,,,",getlex.php?coord=444040105&word=1,,,,,,,,,,,,,
"],,,",getlex.php?coord=444040105&word=2,,,,,,,,,,,,,
r$(),getlex.php?coord=444040102&word=4,v.n.,,,,,evil,evil,,,,,v.n.,evil | evil
dy,getlex.php?coord=444040102&word=5,,,,,,,,,,,,,
wrz),getlex.php?coord=444040103&word=2,n.m.,,,,,mystery,"mystery, secret",typological symbol,the Eucharist,,,n.m.,"mystery | mystery, secret | typological symbol | the Eucharist"
](?/$?ty?N,getlex.php?coord=444040103&word=1,n.m. vb. G C Gt,,,,,now;  time,now,(specific) time,to drink,,šty,n.m. vb. G C Gt,now;  time | now | (specific) time | to drink
",,,,,,,,,,,,,,,,,,,,,,,,",getlex.php?coord=444040103&word=0,,,,,,,,,,,,,
",,,,,,,,,,,,,,,,,,,,",getlex.php?coord=444040102&word=0,,,,,,,,,,,,,
w?)P,getlex.php?coord=444040102&word=2,conj.,,,,,"also, even","also, even",in expressions,,,,conj.,"also, even | also, even | in expressions"
rz,getlex.php?coord=444040102&word=3,n.m.,,,,,mystery,"mystery, secret",typological symbol,the Eucharist,,,n.m.,"mystery | mystery, secret | typological symbol | the Eucharist"
"],,",getlex.php?coord=444040102&word=1,,,,,,,,,,,,,
nqbt),getlex.php?coord=444040101&word=4,,,,,,,,,,,,,
qct,getlex.php?coord=444040110&word=5,,,,,,,,,,,,,
",,,,,,,,,,,,,,,,,,,,",getlex.php?coord=444040101&word=0,,,,,,,,,,,,,
]),getlex.php?coord=444040101&word=1,vb. e(a)/u G D C Gt Dt Ct,,,,,to descend,"to descend, go down physically",fig.,to go inward,,,vb. e(a)/u G D C Gt Dt Ct,"to descend | to descend, go down physically | fig. | to go inward"
l?)?,getlex.php?coord=444040105&word=3,,,,,,,,,,,,,
nxt[y]N,getlex.php?coord=444040101&word=2,prep.,,,,,with,"with, together with",at,"at the time of, during",,,prep.,"with | with, together with | at | at the time of, during"
dy,getlex.php?coord=444042234&word=12,,,,,,,,,,,,,
)hK,getlex.php?coord=444042233&word=6,vb. a/(a) G D C Gt Dt quad quad T,,,,,to go; D to walk,"to go, to proceed","to behave, act","to go, walk",,,vb. a/(a) G D C Gt Dt quad quad T,"to go; D to walk | to go, to proceed | to behave, act | to go, walk"
ypwq,getlex.php?coord=444042234&word=13,vb. a/u G D C Dt Ct,,,,,to go out,"to go out, come out, leave","to turn into, end up differently from how it started","to be spent, i.e. used up, consumed",,,vb. a/u G D C Dt Ct,"to go out | to go out, come out, leave | to turn into, end up differently from how it started | to be spent, i.e. used up, consumed"
w(M,getlex.php?coord=444040101&word=3,n.f.,,,,,female,female,hole,,,,n.f.,female | female | hole
lhN,getlex.php?coord=444042234&word=11,conj.,,,,,"but, except that",but,,,,,conj.,"but, except that | but"
dN,getlex.php?coord=444042234&word=10,pron.,,,,,this one,this one,"as enclitic in interrogative contexts: now, here, then :",see s.v.,,,pron.,"this one | this one | as enclitic in interrogative contexts: now, here, then : | see s.v."
yrtnK,getlex.php?coord=444042234&word=9,vb. i/a G C Gt,,,,,to inherit,to inherit,to take possession,to bequeath,,,vb. i/a G C Gt,to inherit | to inherit | to take possession | to bequeath
br,getlex.php?coord=444042234&word=1,n.m.,,,,,son,"son, child",member of the same cohort (,see also 'compounds' 3.2),,,n.m.,"son | son, child | member of the same cohort ( | see also 'compounds' 3.2)"
[dm$q,getlex.php?coord=444042234&word=2,,,,,,,,,,,,,
w)mr,getlex.php?coord=444042234&word=6,conj. vb. a/a G Gt,,,,,"and, also",to say,to say,to command,,ˀmr,conj. vb. a/a G Gt,"and, also | to say | to say | to command"
lh,getlex.php?coord=444042234&word=7,,,,,,,,,,,,,
",,,",getlex.php?coord=444042234&word=3,,,,,,,,,,,,,
]lm?[y]rtny,getlex.php?coord=444042234&word=5,vb. i/a G C Gt,,,,,to inherit,to inherit,to take possession,to bequeath,,,vb. i/a G C Gt,to inherit | to inherit | to take possession | to bequeath
)ly(zr,getlex.php?coord=444042234&word=0,,,,,,,,,,,,,
",,,",getlex.php?coord=444042234&word=4,,,,,,,,,,,,,
l),getlex.php?coord=444042234&word=8,adv.,,,,,"no, not",no! (as interj.),not (preceding and negating a predicate),"compounded with adjectives, nouns, abstracts, and adverbs  ='un-', 'non', 'in-'",,,adv.,"no, not | no! (as interj.) | not (preceding and negating a predicate) | compounded with adjectives, nouns, abstracts, and adverbs  ='un-', 'non', 'in-'"
wxd,getlex.php?coord=444042233&word=9,conj. num.,,,,,"and, also",one,one,with another number (or,,ḥd,conj. num.,"and, also | one | one | with another number (or"
yrtnny,getlex.php?coord=444042233&word=13,vb. i/a G C Gt,,,,,to inherit,to inherit,to take possession,to bequeath,,,vb. i/a G C Gt,to inherit | to inherit | to take possession | to bequeath
byty,getlex.php?coord=444042233&word=12,n.m./f.,,,,,house; structure; place,house: a building for dwelling,a structure,"place, area, home",,,n.m./f.,"house; structure; place | house: a building for dwelling | a structure | place, area, home"
bny,getlex.php?coord=444042233&word=11,n.m.,,,,,son,"son, child",member of the same cohort (,see also 'compounds' 3.2),,,n.m.,"son | son, child | member of the same cohort ( | see also 'compounds' 3.2)"
mN,getlex.php?coord=444042233&word=10,prep.,,,,,from,from,partitive,indicating the agent of a passive,,,prep.,from | from | partitive | indicating the agent of a passive
)mwt,getlex.php?coord=444042233&word=4,vb. i/u G C Ct palpel,,,,,to die,to die,fig. : to remain hidden until disappearance,to separate ?,,,vb. i/u G C Ct palpel,to die | to die | fig. : to remain hidden until disappearance | to separate ?
bnyN,getlex.php?coord=444042233&word=8,n.m.,,,,,son,"son, child",member of the same cohort (,see also 'compounds' 3.2),,,n.m.,"son | son, child | member of the same cohort ( | see also 'compounds' 3.2)"
dy l),getlex.php?coord=444042233&word=7,prep.,,,,,without,without,,,,,prep.,without | without
(rTly,getlex.php?coord=444042233&word=5,adj.,,,,,naked; unadorned,naked,"simple, unadorned, bare",,,,adj.,"naked; unadorned | naked | simple, unadorned, bare"
wlm),getlex.php?coord=444042232&word=11,conj. conj.,,,,,"and, also",why?,why?,with imperfect: lest (=,,lmh,conj. conj.,"and, also | why? | why? | with imperfect: lest (="
ly,getlex.php?coord=444042232&word=12,,,,,,,,,,,,,
ly,getlex.php?coord=444042232&word=8,,,,,,,,,,,,,
(tr,getlex.php?coord=444042232&word=9,n.m.,,,,,"wealth, riches","wealth, riches",fig. : abundance,Mandaic spirit of light and life,,,n.m.,"wealth, riches | wealth, riches | fig. : abundance | Mandaic spirit of light and life"
wnksyN,getlex.php?coord=444042232&word=10,conj. n.m.pl.,,,,,"and, also","property, wealth","property, wealth",,,"nksyn, nksyˀ",conj. n.m.pl.,"and, also | property, wealth | property, wealth"
$gy,getlex.php?coord=444042232&word=7,adj./adv.,,,,,"many, much","many, much","enough, too much",(gram.) pl.:,,,adj./adv.,"many, much | many, much | enough, too much | (gram.) pl.:"
)lh),getlex.php?coord=444042232&word=6,n.m.,,,,,god,"god, God",,,,,n.m.,"god | god, God"
w)nh,getlex.php?coord=444042233&word=2,conj. pron.,,,,,"and, also",I,I,as enclitic subject marker with participles/adjectives,,ˀnh,conj. pron.,"and, also | I | I | as enclitic subject marker with participles/adjectives"
kdy,getlex.php?coord=444042233&word=3,conj.,,,,,when,when,just as,as follows (,,,conj.,when | when | just as | as follows (
)?lN,getlex.php?coord=444042233&word=1,pron.,,,,,these (m. and f.),these,,,,,pron.,these (m. and f.) | these
kwl,getlex.php?coord=444042233&word=0,n.(pr.),,,,,"all, every",alone preceding a noun (technically the construct state!) :,as a postpositive with resumptive pronominal suffixes,emphatic state :,,,n.(pr.),"all, every | alone preceding a noun (technically the construct state!) : | as a postpositive with resumptive pronominal suffixes | emphatic state :"
)brM,getlex.php?coord=444042232&word=4,,,,,,,,,,,,,
###,getlex.php?coord=444042232&word=2,,,,,,,,,,,,,
w)mr,getlex.php?coord=444042232&word=3,conj. vb. a/a G Gt,,,,,"and, also",to say,to say,to command,,ˀmr,conj. vb. a/a G Gt,"and, also | to say | to say | to command"
lxd),getlex.php?coord=444042232&word=1,adv.,,,,,much,"much, very",,,,,adv.,"much | much, very"
y$gwN,getlex.php?coord=444042232&word=0,vb. i(a)/e G D C Gt Ct,,,,,to be many,to be(come) many,to grow,to be sufficient for someone,,,vb. i(a)/e G D C Gt Ct,to be many | to be(come) many | to grow | to be sufficient for someone
mry,getlex.php?coord=444042232&word=5,n.m.,,,,,"master, lord",master,owner,title of respect,,,n.m.,"master, lord | master | owner | title of respect"
lK,getlex.php?coord=444042231&word=6,,,,,,,,,,,,,
br) mnK,getlex.php?coord=444042231&word=8,prep.,,,,,except for,except for,"free of, freed from",,,,prep.,"except for | except for | free of, freed from"
ltqyP,getlex.php?coord=444042231&word=7,adj.,,,,,strong,strong,"substantial, great",fem.: wonder,,,adj.,"strong | strong | substantial, great | fem.: wonder"
wnksyK,getlex.php?coord=444042231&word=10,n.m.,,,,,"wealth, riches","wealth, riches",fig. : abundance,Mandaic spirit of light and life,,,n.m.,"wealth, riches | wealth, riches | fig. : abundance | Mandaic spirit of light and life"
(trK,getlex.php?coord=444042231&word=9,,,,,,,,,,,,,
w)sprK,getlex.php?coord=444042231&word=5,conj.,,,,,"and, also",,,,,,conj.,"and, also"
mgN,getlex.php?coord=444042231&word=3,n.m./(f.),,,,,shield,shield,fig.: protection,,,,n.m./(f.),shield | shield | fig.: protection
w)nh,getlex.php?coord=444042231&word=2,conj. pron.,,,,,"and, also",I,I,as enclitic subject marker with participles/adjectives,,ˀnh,conj. pron.,"and, also | I | I | as enclitic subject marker with participles/adjectives"
s(d,getlex.php?coord=444042231&word=0,n.m.,,,,,"help, assistance","help, assistance","sustenance: i.e., a helping of bread","support, platform",,,n.m.,"help, assistance | help, assistance | sustenance: i.e., a helping of bread | support, platform"
wtqP,getlex.php?coord=444042231&word=1,conj. n.m.,,,,,"and, also","strength, vigor","strength, vigor","hill, high point",,"tqwp, twqpˀ",conj. n.m.,"and, also | strength, vigor | strength, vigor | hill, high point"
(mK,getlex.php?coord=444042230&word=12,prep.,,,,,with,"with, together with",at,"at the time of, during",,,prep.,"with | with, together with | at | at the time of, during"
lK,getlex.php?coord=444042230&word=14,,,,,,,,,,,,,
w)hwh,getlex.php?coord=444042230&word=13,conj. vb. G C Gt Ct,,,,,"and, also","to be, to become",to be,"to endure, to exist",,hwy,conj. vb. G C Gt Ct,"and, also | to be, to become | to be | to endure, to exist"
(lyK,getlex.php?coord=444042231&word=4,prep.,,,,,upon; against; to,"upon, over, on to","against, over against","toward, to",,,prep.,"upon; against; to | upon, over, on to | against, over against | toward, to"
)l,getlex.php?coord=444042230&word=9,adv.,,,,,not (prohibitive),not (prohibitive),,,,,adv.,not (prohibitive) | not (prohibitive)
wk(N,getlex.php?coord=444042230&word=8,conj. adv.,,,,,"and, also",now,now,(w./w.o.,,kˁn,conj. adv.,"and, also | now | now | (w./w.o."
mN,getlex.php?coord=444042230&word=6,prep.,,,,,from,from,partitive,indicating the agent of a passive,,,prep.,from | from | partitive | indicating the agent of a passive
tdxl,getlex.php?coord=444042230&word=10,vb. a(e)/a(u) G D C Gt Dt,,,,,to fear,"to fear, be afraid",mn,of,,,vb. a(e)/a(u) G D C Gt Dt,"to fear | to fear, be afraid | mn | of"
xrN,getlex.php?coord=444042230&word=7,,,,,,,,,,,,,
npqw,getlex.php?coord=444042230&word=2,vb. a/u G D C Dt Ct,,,,,to go out,"to go out, come out, leave","to turn into, end up differently from how it started","to be spent, i.e. used up, consumed",,,vb. a/u G D C Dt Ct,"to go out | to go out, come out, leave | to turn into, end up differently from how it started | to be spent, i.e. used up, consumed"
bywM,getlex.php?coord=444042230&word=4,prep. n.m.,,,,,"in, with",in,with (instrumental),among,,"ywm, ywmˀ",prep. n.m.,"in, with | in | with (instrumental) | among"
(mK,getlex.php?coord=444042230&word=3,prep.,,,,,with,"with, together with",at,"at the time of, during",,,prep.,"with | with, together with | at | at the time of, during"
)nh,getlex.php?coord=444042230&word=11,pron.,,,,,I,I,as enclitic subject marker with participles/adjectives,(philos.) Ego,,,pron.,I | I | as enclitic subject marker with participles/adjectives | (philos.) Ego
mpqK,getlex.php?coord=444042230&word=5,vb. a/u G D C Dt Ct,,,,,to go out,"to go out, come out, leave","to turn into, end up differently from how it started","to be spent, i.e. used up, consumed",,,vb. a/u G D C Dt Ct,"to go out | to go out, come out, leave | to turn into, end up differently from how it started | to be spent, i.e. used up, consumed"
kmN,getlex.php?coord=444042229&word=13,adv.,,,,,how much,"how much, how many (interrog)","rhetorical: with an adj. , adv. or verb : how much x ? = so much!","ellipt. : a certain amount, somewhat, a few",,,adv.,"how much | how much, how many (interrog) | rhetorical: with an adj. , adv. or verb : how much x ? = so much! | ellipt. : a certain amount, somewhat, a few"
lK,getlex.php?coord=444042229&word=11,,,,,,,,,,,,,
wxzy,getlex.php?coord=444042229&word=12,"conj. vb. G D C Gt Ct ethpolal, ethpay/w c el",,,,,"and, also",to see,to see,(,,ḥzy,"conj. vb. G D C Gt Ct ethpolal, ethpay/w c el","and, also | to see | to see | ("
)yty,getlex.php?coord=444042229&word=10,vb./adv.,,,,,"there is, exists",there exists,with various prepositions,+ pron. suff. with nominal/adjectival predicates : as copula,,,vb./adv.,"there is, exists | there exists | with various prepositions | + pron. suff. with nominal/adjectival predicates : as copula"
dy,getlex.php?coord=444042229&word=9,,,,,,,,,,,,,
$gyw,getlex.php?coord=444042229&word=15,vb. i(a)/e G D C Gt Ct,,,,,to be many,to be(come) many,to grow,to be sufficient for someone,,,vb. i(a)/e G D C Gt Ct,to be many | to be(come) many | to grow | to be sufficient for someone
kplyN,getlex.php?coord=444042229&word=14,n.m.,,,,,double,double,rugged topography,"fold in a fabric, hem",,,n.m.,"double | double | rugged topography | fold in a fabric, hem"
kwl,getlex.php?coord=444042230&word=0,n.(pr.),,,,,"all, every",alone preceding a noun (technically the construct state!) :,as a postpositive with resumptive pronominal suffixes,emphatic state :,,,n.(pr.),"all, every | alone preceding a noun (technically the construct state!) : | as a postpositive with resumptive pronominal suffixes | emphatic state :"
wk(N,getlex.php?coord=444042229&word=5,conj. adv.,,,,,"and, also",now,now,(w./w.o.,,kˁn,conj. adv.,"and, also | now | now | (w./w.o."
mN,getlex.php?coord=444042229&word=3,prep.,,,,,from,from,partitive,indicating the agent of a passive,,,prep.,from | from | partitive | indicating the agent of a passive
mcryN,getlex.php?coord=444042229&word=4,,,,,,,,,,,,,
bqr,getlex.php?coord=444042229&word=6,vb. a/u G D,,,,,to search diligently,to search diligently,to cleave open,to flog,,,vb. a/u G D,to search diligently | to search diligently | to cleave open | to flog
wmny,getlex.php?coord=444042229&word=7,conj. vb. G D C Gt Dt,,,,,"and, also","to count, to number","to count, to number","to count as, to reckon as",,mny,conj. vb. G D C Gt Dt,"and, also | to count, to number | to count, to number | to count as, to reckon as"
kwl,getlex.php?coord=444042229&word=8,n.(pr.),,,,,"all, every",alone preceding a noun (technically the construct state!) :,as a postpositive with resumptive pronominal suffixes,emphatic state :,,,n.(pr.),"all, every | alone preceding a noun (technically the construct state!) : | as a postpositive with resumptive pronominal suffixes | emphatic state :"
mN,getlex.php?coord=444042229&word=0,conj.,,,,,"since, after; while","(w. relative) since, after",because,,,,conj.,"since, after; while | (w. relative) since, after | because"
(bdth,getlex.php?coord=444042228&word=8,vb. a/e G D C Gt Ct quad,,,,,"to make, act, do",to make,"to do, perform, act in a certain manner","to designate, make into",,,vb. a/e G D C Gt Ct quad,"to make, act, do | to make | to do, perform, act in a certain manner | to designate, make into"
bmcryN,getlex.php?coord=444042228&word=11,prep.,,,,,"in, with",in,with (instrumental),among,,,prep.,"in, with | in | with (instrumental) | among"
dy,getlex.php?coord=444042229&word=1,,,,,,,,,,,,,
wxd),getlex.php?coord=444042228&word=12,conj. num.,,,,,"and, also",one,one,with another number (or,,ḥd,conj. num.,"and, also | one | one | with another number (or"
w$b(,getlex.php?coord=444042228&word=10,conj. num.,,,,,"and, also",seven,seven,šbˁtˀ,,šbˁ,conj. num.,"and, also | seven | seven | šbˁtˀ"
tnh,getlex.php?coord=444042228&word=9,adv.,,,,,here,here,,,,,adv.,here | here
tbt,getlex.php?coord=444042229&word=2,vb. a/u G C Ct palpel ethpalpal,,,,,to return,to return (intransitive),"to change direction, turn away",as co-verb : to do again,,,vb. a/u G C Ct palpel ethpalpal,"to return | to return (intransitive) | to change direction, turn away | as co-verb : to do again"
xrN,getlex.php?coord=444042228&word=6,,,,,,,,,,,,,
mN,getlex.php?coord=444042228&word=5,prep.,,,,,from,from,partitive,indicating the agent of a passive,,,prep.,from | from | partitive | indicating the agent of a passive
dy,getlex.php?coord=444042228&word=3,,,,,,,,,,,,,
ywM,getlex.php?coord=444042228&word=2,n.m.,,,,,day,day,pl.: time period,"daytime, sun light (",,,n.m.,"day | day | pl.: time period | daytime, sun light ("
trtyN,getlex.php?coord=444042228&word=7,num.,,,,,two,two,,,,,num.,two | two
npqth,getlex.php?coord=444042228&word=4,vb. a/u G D C Dt Ct,,,,,to go out,"to go out, come out, leave","to turn into, end up differently from how it started","to be spent, i.e. used up, consumed",,,vb. a/u G D C Dt Ct,"to go out | to go out, come out, leave | to turn into, end up differently from how it started | to be spent, i.e. used up, consumed"
$nyN,getlex.php?coord=444042227&word=11,n.f.,,,,,year,year,,,,,n.f.,year | year
w)mr,getlex.php?coord=444042227&word=7,conj. vb. a/a G Gt,,,,,"and, also",to say,to say,to command,,ˀmr,conj. vb. a/a G Gt,"and, also | to say | to say | to command"
bxzw),getlex.php?coord=444042227&word=6,prep. n.m.,,,,,"in, with",in,with (instrumental),among,,"ḥzw, ḥzwˀ",prep. n.m.,"in, with | in | with (instrumental) | among"
lh,getlex.php?coord=444042227&word=8,,,,,,,,,,,,,
h),getlex.php?coord=444042227&word=9,interj.,,,,,here! look!,"here, look! (presentative particle)",here (adv.),"הא כ : like, i.e. = prep.",,,interj.,"here! look! | here, look! (presentative particle) | here (adv.) | הא כ : like, i.e. = prep."
($r,getlex.php?coord=444042227&word=10,num.,,,,,ten,ten,following a number from 1-9 : 11-19 : see under the first number,"preceding a number from 1-9: 11-19, most commonly(?) as ordinals",,,num.,"ten | ten | following a number from 1-9 : 11-19 : see under the first number | preceding a number from 1-9: 11-19, most commonly(?) as ordinals"
$lm),getlex.php?coord=444042228&word=0,vb. e/a(u) G D C Gt Dt Ct,,,,,"to be whole, complete","to be whole, perfect","to be complete, finished",(euph.) to die,,,vb. e/a(u) G D C Gt Dt Ct,"to be whole, complete | to be whole, perfect | to be complete, finished | (euph.) to die"
dy,getlex.php?coord=444042230&word=1,,,,,,,,,,,,,
mN,getlex.php?coord=444042229&word=16,prep.,,,,,from,from,partitive,indicating the agent of a passive,,,prep.,from | from | partitive | indicating the agent of a passive
###,getlex.php?coord=444042226&word=2,,,,,,,,,,,,,
)lN,getlex.php?coord=444042227&word=2,pron.,,,,,these (m. and f.),these,,,,,pron.,these (m. and f.) | these
)lh),getlex.php?coord=444042227&word=4,n.m.,,,,,god,"god, God",,,,,n.m.,"god | god, God"
l)brM,getlex.php?coord=444042227&word=5,,,,,,,,,,,,,
ptgmy),getlex.php?coord=444042227&word=1,n.m.,,,,,statement; matter,"statement, word","thing, matter",sharp edge :,,,n.m.,"statement; matter | statement, word | thing, matter | sharp edge :"
)txzy{{w}},getlex.php?coord=444042227&word=3,"vb. G D C Gt Ct ethpolal, ethpay/w c el",,,,,to see,to see,(,metaph. as in European languages,,,"vb. G D C Gt Ct ethpolal, ethpay/w c el",to see | to see | ( | metaph. as in European languages
btr,getlex.php?coord=444042227&word=0,prep.,,,,,after,after,conj.: after,"w. personal pron. suf. : behind one, backwards (?)",,,prep.,"after | after | conj.: after | w. personal pron. suf. : behind one, backwards (?)"
d),getlex.php?coord=444042225&word=11,pron.,,,,,this (f.),this (f.),,,,,pron.,this (f.) | this (f.)
kwlhwN,getlex.php?coord=444042226&word=1,n.(pr.),,,,,"all, every",alone preceding a noun (technically the construct state!) :,as a postpositive with resumptive pronominal suffixes,emphatic state :,,,n.(pr.),"all, every | alone preceding a noun (technically the construct state!) : | as a postpositive with resumptive pronominal suffixes | emphatic state :"
$bq,getlex.php?coord=444042225&word=12,vb. a/u G D C Gt,,,,,to leave; to permit,"to leave, depart from",to leave something left over,"to abandon, leave alone",,,vb. a/u G D C Gt,"to leave; to permit | to leave, depart from | to leave something left over | to abandon, leave alone"
w$lx,getlex.php?coord=444042226&word=0,conj. vb. a/a(u) G D C Gt Dt Ct,,,,,"and, also",to send,"to send (something or someone, but see note)","to send word; order, summon",,šlḥ,conj. vb. a/a(u) G D C Gt Dt Ct,"and, also | to send | to send (something or someone, but see note) | to send word; order, summon"
lmlK,getlex.php?coord=444042225&word=2,n.m.,,,,,king,king,"provincial ruler (governor, satrap)",a priest,,,n.m.,"king | king | provincial ruler (governor, satrap) | a priest"
swdM,getlex.php?coord=444042225&word=3,,,,,,,,,,,,,
wkwl,getlex.php?coord=444042225&word=4,conj. n.(pr.),,,,,"and, also","all, every",alone preceding a noun (technically the construct state!) :,as a postpositive with resumptive pronominal suffixes,,"kl, klˀ",conj. n.(pr.),"and, also | all, every | alone preceding a noun (technically the construct state!) : | as a postpositive with resumptive pronominal suffixes"
$by),getlex.php?coord=444042225&word=5,n.f.,,,,,captivity,"captivity, group of captives",,,,,n.f.,"captivity | captivity, group of captives"
wyhb,getlex.php?coord=444042225&word=1,conj. vb. a/a G C Gt,,,,,"and, also",to give,to give,to place,,yhb,conj. vb. a/a G C Gt,"and, also | to give | to give | to place"
dy,getlex.php?coord=444042225&word=6,,,,,,,,,,,,,
$byt),getlex.php?coord=444042225&word=0,n.f.,,,,,captivity,"captivity, group of captives",,,,,n.f.,"captivity | captivity, group of captives"
hw)t,getlex.php?coord=444042225&word=7,vb. G C Gt Ct,,,,,"to be, to become",to be,"to endure, to exist","to come to pass, to happen",,,vb. G C Gt Ct,"to be, to become | to be | to endure, to exist | to come to pass, to happen"
(mh,getlex.php?coord=444042225&word=8,prep.,,,,,with,"with, together with",at,"at the time of, during",,,prep.,"with | with, together with | at | at the time of, during"
)r(),getlex.php?coord=444042225&word=10,n.f.,,,,,ground; land; Earth,ground,"land, country",the Earth,,,n.f.,"ground; land; Earth | ground | land, country | the Earth"
w)tyb,getlex.php?coord=444042224&word=7,conj. vb. a/u G C Ct palpel ethpalpal,,,,,"and, also",to return,to return (intransitive),"to change direction, turn away",,twb,conj. vb. a/u G C Ct palpel ethpalpal,"and, also | to return | to return (intransitive) | to change direction, turn away"
kwl,getlex.php?coord=444042224&word=9,n.(pr.),,,,,"all, every",alone preceding a noun (technically the construct state!) :,as a postpositive with resumptive pronominal suffixes,emphatic state :,,,n.(pr.),"all, every | alone preceding a noun (technically the construct state!) : | as a postpositive with resumptive pronominal suffixes | emphatic state :"
)brM,getlex.php?coord=444042224&word=8,,,,,,,,,,,,,
wkwl,getlex.php?coord=444042224&word=11,conj. n.(pr.),,,,,"and, also","all, every",alone preceding a noun (technically the construct state!) :,as a postpositive with resumptive pronominal suffixes,,"kl, klˀ",conj. n.(pr.),"and, also | all, every | alone preceding a noun (technically the construct state!) : | as a postpositive with resumptive pronominal suffixes"
nksy),getlex.php?coord=444042224&word=10,n.m.pl.,,,,,"property, wealth","property, wealth",,,,,n.m.pl.,"property, wealth | property, wealth"
)nwN,getlex.php?coord=444042224&word=2,pron.,,,,,"they, them",they,them (i.e. as independent object pronoun),as copula,,,pron.,"they, them | they | them (i.e. as independent object pronoun) | as copula"
bxwlqhwN,getlex.php?coord=444042224&word=4,prep. n.m.,,,,,"in, with",in,with (instrumental),among,,"ḥwlq, ḥwlqˀ",prep. n.m.,"in, with | in | with (instrumental) | among"
lmntN,getlex.php?coord=444042224&word=5,vb. a/e G Gt,,,,,to give; make into,to give,b_,":  to sell for, exchange for",,,vb. a/e G Gt,"to give; make into | to give | b_ | :  to sell for, exchange for"
lK,getlex.php?coord=444042224&word=6,,,,,,,,,,,,,
(my,getlex.php?coord=444042224&word=1,prep.,,,,,with,"with, together with",at,"at the time of, during",,,prep.,"with | with, together with | at | at the time of, during"
$lyTyN,getlex.php?coord=444042224&word=3,adj.,,,,,ruling; ruler; permitted,"ruling, having power (",replaces the active ptcp. of,šlṭ,,,adj.,"ruling; ruler; permitted | ruling, having power ( | replaces the active ptcp. of | šlṭ"
mN,getlex.php?coord=444042228&word=1,prep.,,,,,from,from,partitive,indicating the agent of a passive,,,prep.,from | from | partitive | indicating the agent of a passive
dy,getlex.php?coord=444042223&word=12,,,,,,,,,,,,,
xwlq,getlex.php?coord=444042223&word=9,n.m.,,,,,portion,portion,"matter, respect",,,,n.m.,"portion | portion | matter, respect"
dy,getlex.php?coord=444042223&word=6,,,,,,,,,,,,,
gbry),getlex.php?coord=444042223&word=11,n.m.,,,,,man,man,"person, someone",supernatural being,,,n.m.,"man | man | person, someone | supernatural being"
wbr) mN,getlex.php?coord=444042223&word=8,conj. prep.,,,,,"and, also",except for,except for,"free of, freed from",,brˀ mn,conj. prep.,"and, also | except for | except for | free of, freed from"
tltt,getlex.php?coord=444042223&word=10,num.,,,,,three,three,w. masc. pl. pron. suff. : group of three,,,,num.,three | three | w. masc. pl. pron. suff. : group of three
)zlw,getlex.php?coord=444042224&word=0,"vb. a/i, a/a G Gt",,,,,to go,"to go, move along",to go away,as co-verb : to go ahead and do something,,,"vb. a/i, a/a G Gt","to go | to go, move along | to go away | as co-verb : to go ahead and do something"
(my,getlex.php?coord=444042223&word=7,prep.,,,,,with,"with, together with",at,"at the time of, during",,,prep.,"with | with, together with | at | at the time of, during"
dy,getlex.php?coord=444042223&word=2,,,,,,,,,,,,,
kbr,getlex.php?coord=444042223&word=4,adv.,,,,,already; perhaps,"already, long since",perhaps,almost,,,adv.,"already; perhaps | already, long since | perhaps | almost"
)klw,getlex.php?coord=444042223&word=3,vb. a/u G C Gt Ct,,,,,"to eat, consume",to eat,to consume,to enjoy the usufruct of something,,,vb. a/u G C Gt Ct,"to eat, consume | to eat | to consume | to enjoy the usufruct of something"
(wlymy,getlex.php?coord=444042223&word=5,n.m.,,,,,youth,"youth, young adult","servant, slave","group, nation (??) i.e., = Hebrew לאם",,,n.m.,"youth | youth, young adult | servant, slave | group, nation (??) i.e., = Hebrew לאם"
thwh,getlex.php?coord=444042222&word=8,vb. G C Gt Ct,,,,,"to be, to become",to be,"to endure, to exist","to come to pass, to happen",,,vb. G C Gt Ct,"to be, to become | to be | to endure, to exist | to come to pass, to happen"
dl^m^),getlex.php?coord=444042222&word=7,adv./conj.,,,,,"lest, perhaps","lest, perhaps",rhetorical interrogative,,,,adv./conj.,"lest, perhaps | lest, perhaps | rhetorical interrogative"
kwl,getlex.php?coord=444042222&word=13,n.(pr.),,,,,"all, every",alone preceding a noun (technically the construct state!) :,as a postpositive with resumptive pronominal suffixes,emphatic state :,,,n.(pr.),"all, every | alone preceding a noun (technically the construct state!) : | as a postpositive with resumptive pronominal suffixes | emphatic state :"
)mr,getlex.php?coord=444042222&word=9,vb. a/a G Gt,,,,,to say,to say,to command,"to say to oneself, to have a thought",,,vb. a/a G Gt,"to say | to say | to command | to say to oneself, to have a thought"
###,getlex.php?coord=444042222&word=10,,,,,,,,,,,,,
(trh,getlex.php?coord=444042222&word=14,n.m.,,,,,"wealth, riches","wealth, riches",fig. : abundance,Mandaic spirit of light and life,,,n.m.,"wealth, riches | wealth, riches | fig. : abundance | Mandaic spirit of light and life"
nksy,getlex.php?coord=444042222&word=12,n.m.pl.,,,,,"property, wealth","property, wealth",,,,,n.m.pl.,"property, wealth | property, wealth"
dmN,getlex.php?coord=444042222&word=11,prep.,,,,,from,from,partitive,indicating the agent of a passive,,,prep.,from | from | partitive | indicating the agent of a passive
mN,getlex.php?coord=444042225&word=9,prep.,,,,,from,from,partitive,indicating the agent of a passive,,,prep.,from | from | partitive | indicating the agent of a passive
br) mN,getlex.php?coord=444042223&word=1,prep.,,,,,except for,except for,"free of, freed from",,,,prep.,"except for | except for | free of, freed from"
)brM,getlex.php?coord=444042223&word=0,,,,,,,,,,,,,
dy,getlex.php?coord=444042222&word=15,,,,,,,,,,,,,
)yty,getlex.php?coord=444042222&word=5,vb./adv.,,,,,"there is, exists",there exists,with various prepositions,+ pron. suff. with nominal/adjectival predicates : as copula,,,vb./adv.,"there is, exists | there exists | with various prepositions | + pron. suff. with nominal/adjectival predicates : as copula"
kwl,getlex.php?coord=444042222&word=3,n.(pr.),,,,,"all, every",alone preceding a noun (technically the construct state!) :,as a postpositive with resumptive pronominal suffixes,emphatic state :,,,n.(pr.),"all, every | alone preceding a noun (technically the construct state!) : | as a postpositive with resumptive pronominal suffixes | emphatic state :"
dy,getlex.php?coord=444042222&word=4,,,,,,,,,,,,,
lK,getlex.php?coord=444042222&word=6,,,,,,,,,,,,,
mN,getlex.php?coord=444042222&word=2,prep.,,,,,from,from,partitive,indicating the agent of a passive,,,prep.,from | from | partitive | indicating the agent of a passive
)N,getlex.php?coord=444042222&word=0,conj.,,,,,if,if,"either...or, whether ... whether",w. ܕܝܢ :,,,conj.,"if | if | either...or, whether ... whether | w. ܕܝܢ :"
(d,getlex.php?coord=444042221&word=11,prep.,,,,,until,"until, as far as",as conj.:,see s.v.,,,prep.,"until | until, as far as | as conj.: | see s.v."
dms)N,getlex.php?coord=444042221&word=13,n.m.,,,,,shoe,shoe,,,,,n.m.,shoe | shoe
xwT,getlex.php?coord=444042221&word=10,n.m.,,,,,thread,"thread, yarn, string","cord, rope",any string-like long and thin object,,,n.m.,"thread | thread, yarn, string | cord, rope | any string-like long and thin object"
(rq),getlex.php?coord=444042221&word=12,n.f.,,,,,strap,strap,girdle,structural timber,,,n.f.,strap | strap | girdle | structural timber
)sb,getlex.php?coord=444042222&word=1,vb. e/a G D C Gt Ct,,,,,to take,"to take, pick up, carry",to marry,"to undertake, take up a task, experience",,,vb. e/a G D C Gt Ct,"to take | to take, pick up, carry | to marry | to undertake, take up a task, experience"
w)r(),getlex.php?coord=444042221&word=7,conj. n.f.,,,,,"and, also",ground; land; Earth,ground,"land, country",,"ˀrˁ, ˀrˁˀ",conj. n.f.,"and, also | ground; land; Earth | ground | land, country"
mrh,getlex.php?coord=444042221&word=5,n.m.,,,,,"master, lord",master,owner,title of respect,,,n.m.,"master, lord | master | owner | title of respect"
(lywN,getlex.php?coord=444042221&word=4,n.m.,,,,,most high one,most high one,,,,,n.m.,most high one | most high one
ywm),getlex.php?coord=444042221&word=1,n.m.,,,,,day,day,pl.: time period,"daytime, sun light (",,,n.m.,"day | day | pl.: time period | daytime, sun light ("
$my),getlex.php?coord=444042221&word=6,n.m.pl.t.,,,,,heaven; ceiling,heaven,"roof, ceiling",,,,n.m.pl.t.,"heaven; ceiling | heaven | roof, ceiling"
ydy,getlex.php?coord=444042221&word=0,n.f.,,,,,"hand, arm; side; power",(anat.) hand,arm,"power, control",,,n.f.,"hand, arm; side; power | (anat.) hand | arm | power, control"
l)l,getlex.php?coord=444042221&word=3,div.,,,,,El,El,,,,,div.,El | El
dN,getlex.php?coord=444042221&word=2,pron.,,,,,this one,this one,"as enclitic in interrogative contexts: now, here, then :",see s.v.,,,pron.,"this one | this one | as enclitic in interrogative contexts: now, here, then : | see s.v."
)N,getlex.php?coord=444042221&word=8,conj.,,,,,if,if,"either...or, whether ... whether",w. ܕܝܢ :,,,conj.,"if | if | either...or, whether ... whether | w. ܕܝܢ :"
lmlK,getlex.php?coord=444042220&word=7,n.m.,,,,,king,king,"provincial ruler (governor, satrap)",a priest,,,n.m.,"king | king | provincial ruler (governor, satrap) | a priest"
swdM,getlex.php?coord=444042220&word=8,,,,,,,,,,,,,
)nh,getlex.php?coord=444042220&word=10,pron.,,,,,I,I,as enclitic subject marker with participles/adjectives,(philos.) Ego,,,pron.,I | I | as enclitic subject marker with participles/adjectives | (philos.) Ego
mryM,getlex.php?coord=444042220&word=9,"vb. a(i)/u G D C Ct polel, pay/w c el palpel quad ethpolal, ethpay/w c el ethpalpal quad T",,,,,to be high,to be high,p.p. :,see s.v.,,,"vb. a(i)/u G D C Ct polel, pay/w c el palpel quad ethpolal, ethpay/w c el ethpalpal quad T",to be high | to be high | p.p. : | see s.v.
)brM,getlex.php?coord=444042220&word=6,,,,,,,,,,,,,
)mr,getlex.php?coord=444042220&word=5,vb. a/a G Gt,,,,,to say,to say,to command,"to say to oneself, to have a thought",,,vb. a/a G Gt,"to say | to say | to command | to say to oneself, to have a thought"
(ylM,getlex.php?coord=444042219&word=13,,,,,,,,,,,,,
mlK,getlex.php?coord=444042219&word=12,n.m.,,,,,king,king,"provincial ruler (governor, satrap)",a priest,,,n.m.,"king | king | provincial ruler (governor, satrap) | a priest"
wnksy),getlex.php?coord=444042219&word=14,conj. n.m.pl.,,,,,"and, also","property, wealth","property, wealth",,,"nksyn, nksyˀ",conj. n.m.pl.,"and, also | property, wealth | property, wealth"
lK,getlex.php?coord=444042220&word=2,,,,,,,,,,,,,
$byqyN,getlex.php?coord=444042220&word=1,vb. a/u G D C Gt,,,,,to leave; to permit,"to leave, depart from",to leave something left over,"to abandon, leave alone",,,vb. a/u G D C Gt,"to leave; to permit | to leave, depart from | to leave something left over | to abandon, leave alone"
kwlhwN,getlex.php?coord=444042220&word=0,n.(pr.),,,,,"all, every",alone preceding a noun (technically the construct state!) :,as a postpositive with resumptive pronominal suffixes,emphatic state :,,,n.(pr.),"all, every | alone preceding a noun (technically the construct state!) : | as a postpositive with resumptive pronominal suffixes | emphatic state :"
dy,getlex.php?coord=444042219&word=6,,,,,,,,,,,,,
ly,getlex.php?coord=444042219&word=5,,,,,,,,,,,,,
(mK,getlex.php?coord=444042219&word=8,prep.,,,,,with,"with, together with",at,"at the time of, during",,,prep.,"with | with, together with | at | at the time of, during"
dy,getlex.php?coord=444042219&word=9,,,,,,,,,,,,,
$by),getlex.php?coord=444042219&word=7,vb. G C Gt,,,,,to take captive,to take captive,"fig.:  to captivate (heart, mind)",of non-animates,,,vb. G C Gt,"to take captive | to take captive | fig.:  to captivate (heart, mind) | of non-animates"
)^y^ty,getlex.php?coord=444042219&word=4,vb./adv.,,,,,"there is, exists",there exists,with various prepositions,+ pron. suff. with nominal/adjectival predicates : as copula,,,vb./adv.,"there is, exists | there exists | with various prepositions | + pron. suff. with nominal/adjectival predicates : as copula"
)clth,getlex.php?coord=444042219&word=10,vb. C Gt Ct,,,,,"C to save, rescue","to free, to save, to rescue",to reclaim,to be rescued,,,vb. C Gt Ct,"C to save, rescue | to free, to save, to rescue | to reclaim | to be rescued"
mN,getlex.php?coord=444042221&word=9,prep.,,,,,from,from,partitive,indicating the agent of a passive,,,prep.,from | from | partitive | indicating the agent of a passive
ly,getlex.php?coord=444042219&word=1,,,,,,,,,,,,,
np$),getlex.php?coord=444042219&word=2,n.f.,,,,,soul; life; self,soul,living person,"throat, breath",,,n.f.,"soul; life; self | soul | living person | throat, breath"
)brM,getlex.php?coord=444042218&word=9,,,,,,,,,,,,,
dy,getlex.php?coord=444042219&word=3,,,,,,,,,,,,,
hb,getlex.php?coord=444042219&word=0,vb. a/a G C Gt,,,,,to give,to give,to place,"to permit, allow",,,vb. a/a G C Gt,"to give | to give | to place | to permit, allow"
mry,getlex.php?coord=444042218&word=8,n.m.,,,,,"master, lord",master,owner,title of respect,,,n.m.,"master, lord | master | owner | title of respect"
l)brM,getlex.php?coord=444042218&word=7,,,,,,,,,,,,,
mlk),getlex.php?coord=444042218&word=3,n.m.,,,,,king,king,"provincial ruler (governor, satrap)",a priest,,,n.m.,"king | king | provincial ruler (governor, satrap) | a priest"
dy,getlex.php?coord=444042218&word=4,,,,,,,,,,,,,
b)dyN,getlex.php?coord=444042218&word=1,conj.,,,,,then,then (past sequential),(future sequential),(gnomic present),,,conj.,then | then (past sequential) | (future sequential) | (gnomic present)
swdM,getlex.php?coord=444042218&word=5,,,,,,,,,,,,,
qrb,getlex.php?coord=444042218&word=2,vb. e/u(a) G D C Gt Dt Ct,,,,,"to approach, to be near","to approach, to be near",to touch,"b_, l_",,,vb. e/u(a) G D C Gt Dt Ct,"to approach, to be near | to approach, to be near | to touch | b_, l_"
w)mr,getlex.php?coord=444042218&word=6,conj. vb. a/a G Gt,,,,,"and, also",to say,to say,to command,,ˀmr,conj. vb. a/a G Gt,"and, also | to say | to say | to command"
(ylM,getlex.php?coord=444042217&word=12,,,,,,,,,,,,,
)dyN,getlex.php?coord=444042220&word=4,conj./adv.,,,,,"then, at that time","then, at that time",,,,,conj./adv.,"then, at that time | then, at that time"
wxbrwhy,getlex.php?coord=444042217&word=13,conj. n.m.,,,,,"and, also",comrade,"companion, comrade","other one, its fellow",,"ḥbr, ḥbrˀ",conj. n.m.,"and, also | comrade | companion, comrade | other one, its fellow"
mlK,getlex.php?coord=444042217&word=11,n.m.,,,,,king,king,"provincial ruler (governor, satrap)",a priest,,,n.m.,"king | king | provincial ruler (governor, satrap) | a priest"
###,getlex.php?coord=444042220&word=3,,,,,,,,,,,,,
^n^ksy),getlex.php?coord=444042217&word=9,n.m.pl.,,,,,"property, wealth","property, wealth",,,,,n.m.pl.,"property, wealth | property, wealth"
dy,getlex.php?coord=444042217&word=10,,,,,,,,,,,,,
###,getlex.php?coord=444042218&word=0,,,,,,,,,,,,,
mN,getlex.php?coord=444042219&word=11,prep.,,,,,from,from,partitive,indicating the agent of a passive,,,prep.,from | from | partitive | indicating the agent of a passive
mN,getlex.php?coord=444042217&word=7,prep.,,,,,from,from,partitive,indicating the agent of a passive,,,prep.,from | from | partitive | indicating the agent of a passive
kwl,getlex.php?coord=444042217&word=8,n.(pr.),,,,,"all, every",alone preceding a noun (technically the construct state!) :,as a postpositive with resumptive pronominal suffixes,emphatic state :,,,n.(pr.),"all, every | alone preceding a noun (technically the construct state!) : | as a postpositive with resumptive pronominal suffixes | emphatic state :"
lh,getlex.php?coord=444042217&word=5,,,,,,,,,,,,,
m($r,getlex.php?coord=444042217&word=6,n.m.,,,,,"tenth, tithe","tenth, tithe",,,,,n.m.,"tenth, tithe | tenth, tithe"
bydK,getlex.php?coord=444042217&word=3,prep.,,,,,in the possession of; by means of,in the possession of,"by means of, because of",emph.+,,,prep.,"in the possession of; by means of | in the possession of | by means of, because of | emph.+"
$n)yK,getlex.php?coord=444042217&word=2,n.m.,,,,,enemy,enemy,(gram.) incompatible letters,,,,n.m.,enemy | enemy | (gram.) incompatible letters
wyhb,getlex.php?coord=444042217&word=4,conj. vb. a/a G C Gt,,,,,"and, also",to give,to give,to place,,yhb,conj. vb. a/a G C Gt,"and, also | to give | to give | to place"
sgr,getlex.php?coord=444042217&word=1,vb. a/u G C Gt Ct,,,,,to shut,to shut,to block,"to shut someone in, quarantine",,,vb. a/u G C Gt Ct,"to shut | to shut | to block | to shut someone in, quarantine"
)l,getlex.php?coord=444042216&word=10,div.,,,,,El,El,,,,,div.,El | El
w)r(),getlex.php?coord=444042216&word=8,conj. n.f.,,,,,"and, also",ground; land; Earth,ground,"land, country",,"ˀrˁ, ˀrˁˀ",conj. n.f.,"and, also | ground; land; Earth | ground | land, country"
mrh,getlex.php?coord=444042216&word=6,n.m.,,,,,"master, lord",master,owner,title of respect,,,n.m.,"master, lord | master | owner | title of respect"
wbryK,getlex.php?coord=444042216&word=9,conj. adj.,,,,,"and, also",blessed,blessed (see note),euph.: smallpox,,bryk,conj. adj.,"and, also | blessed | blessed (see note) | euph.: smallpox"
l)l,getlex.php?coord=444042216&word=4,div.,,,,,El,El,,,,,div.,El | El
$my),getlex.php?coord=444042216&word=7,n.m.pl.t.,,,,,heaven; ceiling,heaven,"roof, ceiling",,,,n.m.pl.t.,"heaven; ceiling | heaven | roof, ceiling"
(lywN,getlex.php?coord=444042216&word=5,n.m.,,,,,most high one,most high one,,,,,n.m.,most high one | most high one
(lywN,getlex.php?coord=444042216&word=11,n.m.,,,,,most high one,most high one,,,,,n.m.,most high one | most high one
bryK,getlex.php?coord=444042216&word=2,adj.,,,,,blessed,blessed (see note),euph.: smallpox,,,,adj.,blessed | blessed (see note) | euph.: smallpox
wbrK,getlex.php?coord=444042215&word=12,conj. vb. a/a(u) G D C Dt,,,,,"and, also",to bow; D to bless,to bow,(knee) to bend,,brk,conj. vb. a/a(u) G D C Dt,"and, also | to bow; D to bless | to bow | (knee) to bend"
w)mr,getlex.php?coord=444042216&word=1,conj. vb. a/a G Gt,,,,,"and, also",to say,to say,to command,,ˀmr,conj. vb. a/a G Gt,"and, also | to say | to say | to command"
l)brM,getlex.php?coord=444042216&word=0,,,,,,,,,,,,,
)brM,getlex.php?coord=444042216&word=3,,,,,,,,,,,,,
hw),getlex.php?coord=444042215&word=8,vb. G C Gt Ct,,,,,"to be, to become",to be,"to endure, to exist","to come to pass, to happen",,,vb. G C Gt Ct,"to be, to become | to be | to endure, to exist | to come to pass, to happen"
(mh,getlex.php?coord=444042215&word=6,prep.,,,,,with,"with, together with",at,"at the time of, during",,,prep.,"with | with, together with | at | at the time of, during"
whw),getlex.php?coord=444042215&word=7,conj. pron.,,,,,"and, also",he,he,as copula,,hwˀ,conj. pron.,"and, also | he | he | as copula"
(lywN,getlex.php?coord=444042215&word=11,n.m.,,,,,most high one,most high one,,,,,n.m.,most high one | most high one
khN,getlex.php?coord=444042215&word=9,n.m.,,,,,priest,priest,,,,,n.m.,priest | priest
l)l,getlex.php?coord=444042215&word=10,div.,,,,,El,El,,,,,div.,El | El
dy,getlex.php?coord=444042215&word=5,,,,,,,,,,,,,
m)kl,getlex.php?coord=444042215&word=0,n.m.,,,,,food,food,,,,,n.m.,food | food
)n$),getlex.php?coord=444042215&word=4,n.m.,,,,,"person, someone","person, someone","Man, humanity (usually in the emphatic)","often in the absolute state (i.e., as a pronoun, even in Eastern Aramaic):",,,n.m.,"person, someone | person, someone | Man, humanity (usually in the emphatic) | often in the absolute state (i.e., as a pronoun, even in Eastern Aramaic):"
l)brM,getlex.php?coord=444042215&word=2,,,,,,,,,,,,,
wlkwl,getlex.php?coord=444042215&word=3,conj. n.(pr.),,,,,"and, also","all, every",alone preceding a noun (technically the construct state!) :,as a postpositive with resumptive pronominal suffixes,,"kl, klˀ",conj. n.(pr.),"and, also | all, every | alone preceding a noun (technically the construct state!) : | as a postpositive with resumptive pronominal suffixes"
wm$th,getlex.php?coord=444042215&word=1,conj. n.m.,,,,,"and, also",drinking,"drinking, drink","feast, banquet",,"mšty, mštyˀ",conj. n.m.,"and, also | drinking | drinking, drink | feast, banquet"
d$lM,getlex.php?coord=444042214&word=8,,,,,,,,,,,,,
mlk),getlex.php?coord=444042214&word=7,n.m.,,,,,king,king,"provincial ruler (governor, satrap)",a priest,,,n.m.,"king | king | provincial ruler (governor, satrap) | a priest"
)npq,getlex.php?coord=444042214&word=9,vb. a/u G D C Dt Ct,,,,,to go out,"to go out, come out, leave","to turn into, end up differently from how it started","to be spent, i.e. used up, consumed",,,vb. a/u G D C Dt Ct,"to go out | to go out, come out, leave | to turn into, end up differently from how it started | to be spent, i.e. used up, consumed"
mlk),getlex.php?coord=444042214&word=3,n.m.,,,,,king,king,"provincial ruler (governor, satrap)",a priest,,,n.m.,"king | king | provincial ruler (governor, satrap) | a priest"
whw),getlex.php?coord=444042214&word=1,conj. pron.,,,,,"and, also",he,he,as copula,,hwˀ,conj. pron.,"and, also | he | he | as copula"
(mq,getlex.php?coord=444042214&word=2,n.m.,,,,,valley,valley,depth,,,,n.m.,valley | valley | depth
bq(t,getlex.php?coord=444042214&word=4,n.f.,,,,,valley,valley,,,,,n.f.,valley | valley
$w),getlex.php?coord=444042214&word=0,,,,,,,,,,,,,
wmlkycdq,getlex.php?coord=444042214&word=6,conj.,,,,,"and, also",,,,,,conj.,"and, also"
dy,getlex.php?coord=444042217&word=0,,,,,,,,,,,,,
b(mq,getlex.php?coord=444042213&word=10,prep. n.m.,,,,,"in, with",in,with (instrumental),among,,"ˁmq, ˁmqˀ",prep. n.m.,"in, with | in | with (instrumental) | among"
yrw$lM,getlex.php?coord=444042213&word=7,,,,,,,,,,,,,
l$lM,getlex.php?coord=444042213&word=5,,,,,,,,,,,,,
hy),getlex.php?coord=444042213&word=6,pron.,,,,,she,she,as copula,,,,pron.,she | she | as copula
l(wr(h,getlex.php?coord=444042213&word=3,prep.,,,,,toward,toward,,,,,prep.,toward | toward
w)th,getlex.php?coord=444042213&word=4,conj. vb. G D C Ct,,,,,"and, also","to come, arrive",to come,to occur; w.,,ˀty,conj. vb. G D C Ct,"and, also | to come, arrive | to come | to occur; w."
w)brM,getlex.php?coord=444042213&word=8,conj.,,,,,"and, also",,,,,,conj.,"and, also"
$r),getlex.php?coord=444042213&word=9,vb. G D C Gt Dt,,,,,to loosen; D to begin,"to loosen, untie",to permit,intransitive,,,vb. G D C Gt Dt,"to loosen; D to begin | to loosen, untie | to permit | intransitive"
)tyb,getlex.php?coord=444042212&word=8,vb. a/u G C Ct palpel ethpalpal,,,,,to return,to return (intransitive),"to change direction, turn away",as co-verb : to do again,,,vb. a/u G C Ct palpel ethpalpal,"to return | to return (intransitive) | to change direction, turn away | as co-verb : to do again"
wkwl,getlex.php?coord=444042213&word=0,conj. n.(pr.),,,,,"and, also","all, every",alone preceding a noun (technically the construct state!) :,as a postpositive with resumptive pronominal suffixes,,"kl, klˀ",conj. n.(pr.),"and, also | all, every | alone preceding a noun (technically the construct state!) : | as a postpositive with resumptive pronominal suffixes"
dy,getlex.php?coord=444042212&word=7,,,,,,,,,,,,,
$byt),getlex.php?coord=444042212&word=11,n.f.,,,,,captivity,captivity,seizing,,,,n.f.,captivity | captivity | seizing
bzt),getlex.php?coord=444042213&word=1,n.f.,,,,,"prey, spoil","prey, spoil","action to take plunder, rapine",,,,n.f.,"prey, spoil | prey, spoil | action to take plunder, rapine"
kwl,getlex.php?coord=444042212&word=10,n.(pr.),,,,,"all, every",alone preceding a noun (technically the construct state!) :,as a postpositive with resumptive pronominal suffixes,emphatic state :,,,n.(pr.),"all, every | alone preceding a noun (technically the construct state!) : | as a postpositive with resumptive pronominal suffixes | emphatic state :"
)brM,getlex.php?coord=444042212&word=9,,,,,,,,,,,,,
wslq,getlex.php?coord=444042213&word=2,conj. vb. e/a(u) G D C Dt Ct,,,,,"and, also",to go up,to go up,to result,,slq,conj. vb. e/a(u) G D C Dt Ct,"and, also | to go up | to go up | to result"
mlK,getlex.php?coord=444042212&word=5,n.m.,,,,,king,king,"provincial ruler (governor, satrap)",a priest,,,n.m.,"king | king | provincial ruler (governor, satrap) | a priest"
w$m(,getlex.php?coord=444042212&word=4,conj. vb. a/a(u) G D C Gt,,,,,"and, also",to hear,to hear (w. d.o. or,b_,,šmˁ,conj. vb. a/a(u) G D C Gt,"and, also | to hear | to hear (w. d.o. or | b_"
$b)w,getlex.php?coord=444042212&word=2,vb. G C Gt,,,,,to take captive,to take captive,"fig.:  to captivate (heart, mind)",of non-animates,,,vb. G C Gt,"to take captive | to take captive | fig.:  to captivate (heart, mind) | of non-animates"
$byt),getlex.php?coord=444042212&word=0,n.f.,,,,,captivity,captivity,seizing,,,,n.f.,captivity | captivity | seizing
dy,getlex.php?coord=444042212&word=1,,,,,,,,,,,,,
)tyb,getlex.php?coord=444042212&word=3,vb. a/u G C Ct palpel ethpalpal,,,,,to return,to return (intransitive),"to change direction, turn away",as co-verb : to do again,,,vb. a/u G C Ct palpel ethpalpal,"to return | to return (intransitive) | to change direction, turn away | as co-verb : to do again"
swdM,getlex.php?coord=444042212&word=6,,,,,,,,,,,,,
)xwhy,getlex.php?coord=444042211&word=8,n.m.,,,,,brother,brother,"kinsman, comrade",,,,n.m.,"brother | brother | kinsman, comrade"
llwT,getlex.php?coord=444042211&word=6,,,,,,,,,,,,,
br,getlex.php?coord=444042211&word=7,n.m.,,,,,son,"son, child",member of the same cohort (,see also 'compounds' 3.2),,,n.m.,"son | son, child | member of the same cohort ( | see also 'compounds' 3.2)"
pc),getlex.php?coord=444042211&word=9,vb. G D C Dt,,,,,to save,w.,"mwm, ˁlh",: to be faultless,,,vb. G D C Dt,"to save | w. | mwm, ˁlh | : to be faultless"
wkwl,getlex.php?coord=444042211&word=10,conj. n.(pr.),,,,,"and, also","all, every",alone preceding a noun (technically the construct state!) :,as a postpositive with resumptive pronominal suffixes,,"kl, klˀ",conj. n.(pr.),"and, also | all, every | alone preceding a noun (technically the construct state!) : | as a postpositive with resumptive pronominal suffixes"
nkswhy,getlex.php?coord=444042211&word=11,n.m.pl.,,,,,"property, wealth","property, wealth",,,,,n.m.pl.,"property, wealth | property, wealth"
wkwl,getlex.php?coord=444042211&word=12,conj. n.(pr.),,,,,"and, also","all, every",alone preceding a noun (technically the construct state!) :,as a postpositive with resumptive pronominal suffixes,,"kl, klˀ",conj. n.(pr.),"and, also | all, every | alone preceding a noun (technically the construct state!) : | as a postpositive with resumptive pronominal suffixes"
byt krm),getlex.php?coord=444042214&word=5,,,,,,,,,,,,,
TbthwN,getlex.php?coord=444042211&word=4,n.f.,,,,,"goodness, good thing","goodness, the Good",plural tant. :,"לְטָבָא  : for good, positively (=MT לְטֹבָה)",,,n.f.,"goodness, good thing | goodness, the Good | plural tant. : | לְטָבָא  : for good, positively (=MT לְטֹבָה)"
bzw,getlex.php?coord=444042211&word=2,vb. a/u G D C Gt Dt,,,,,"to despoil, plunder","to despoil, plunder",metaph.: to waste time,to glean,,,vb. a/u G D C Gt Dt,"to despoil, plunder | to despoil, plunder | metaph.: to waste time | to glean"
dy,getlex.php?coord=444042211&word=1,,,,,,,,,,,,,
wkwl,getlex.php?coord=444042211&word=0,conj. n.(pr.),,,,,"and, also","all, every",alone preceding a noun (technically the construct state!) :,as a postpositive with resumptive pronominal suffixes,,"kl, klˀ",conj. n.(pr.),"and, also | all, every | alone preceding a noun (technically the construct state!) : | as a postpositive with resumptive pronominal suffixes"
$bw),getlex.php?coord=444042210&word=12,vb. G C Gt,,,,,to take captive,to take captive,"fig.:  to captivate (heart, mind)",of non-animates,,,vb. G C Gt,"to take captive | to take captive | fig.:  to captivate (heart, mind) | of non-animates"
dy,getlex.php?coord=444042210&word=11,,,,,,,,,,,,,
wkwl,getlex.php?coord=444042211&word=3,conj. n.(pr.),,,,,"and, also","all, every",alone preceding a noun (technically the construct state!) :,as a postpositive with resumptive pronominal suffixes,,"kl, klˀ",conj. n.(pr.),"and, also | all, every | alone preceding a noun (technically the construct state!) : | as a postpositive with resumptive pronominal suffixes"
w)P,getlex.php?coord=444042211&word=5,conj. conj.,,,,,"and, also","also, even","also, even",in expressions,,"ˀp, ˀwp",conj. conj.,"and, also | also, even | also, even | in expressions"
drm$q,getlex.php?coord=444042210&word=7,,,,,,,,,,,,,
$m)l,getlex.php?coord=444042210&word=6,n.m.,,,,,left hand,left hand,"adj. : left, left side",north,,,n.m.,"left hand | left hand | adj. : left, left side | north"
kwl,getlex.php?coord=444042210&word=10,n.(pr.),,,,,"all, every",alone preceding a noun (technically the construct state!) :,as a postpositive with resumptive pronominal suffixes,emphatic state :,,,n.(pr.),"all, every | alone preceding a noun (technically the construct state!) : | as a postpositive with resumptive pronominal suffixes | emphatic state :"
w)cl,getlex.php?coord=444042210&word=8,conj. vb. C Gt Ct,,,,,"and, also","C to save, rescue","to free, to save, to rescue",to reclaim,,nṣl,conj. vb. C Gt Ct,"and, also | C to save, rescue | to free, to save, to rescue | to reclaim"
mnhwN,getlex.php?coord=444042210&word=9,prep.,,,,,from,from,partitive,indicating the agent of a passive,,,prep.,from | from | partitive | indicating the agent of a passive
lhwN,getlex.php?coord=444042209&word=6,,,,,,,,,,,,,
wkwlhwN,getlex.php?coord=444042209&word=7,conj. n.(pr.),,,,,"and, also","all, every",alone preceding a noun (technically the construct state!) :,as a postpositive with resumptive pronominal suffixes,,"kl, klˀ",conj. n.(pr.),"and, also | all, every | alone preceding a noun (technically the construct state!) : | as a postpositive with resumptive pronominal suffixes"
(rqyN,getlex.php?coord=444042209&word=9,vb. a/u G D C Gt Ct,,,,,to flee,to flee,"to avoid, stay away",to put to flight,,,vb. a/u G D C Gt Ct,"to flee | to flee | to avoid, stay away | to put to flight"
lxlbwN,getlex.php?coord=444042210&word=2,,,,,,,,,,,,,
hww),getlex.php?coord=444042209&word=8,vb. G C Gt Ct,,,,,"to be, to become",to be,"to endure, to exist","to come to pass, to happen",,,vb. G C Gt Ct,"to be, to become | to be | to endure, to exist | to come to pass, to happen"
mn qwdmwhy,getlex.php?coord=444042209&word=10,prep./conj,,,,,"from before, in front of","from before, from being in  the presence of","before, in front of",in the presence of a condition -> due to,,,prep./conj,"from before, in front of | from before, from being in  the presence of | before, in front of | in the presence of a condition -> due to"
dbqw,getlex.php?coord=444042210&word=1,vb. e(a)/a(u) G D C Gt Dt,,,,,"to stick to, to adhere",(usually w.,b_,") : to stick to, to adhere",,,vb. e(a)/a(u) G D C Gt Dt,"to stick to, to adhere | (usually w. | b_ | ) : to stick to, to adhere"
(d,getlex.php?coord=444042210&word=0,conj.,,,,,until,until,"while, while still",before,,,conj.,"until | until | while, while still | before"
(l,getlex.php?coord=444042210&word=5,prep.,,,,,upon; against; to,"upon, over, on to","against, over against","toward, to",,,prep.,"upon; against; to | upon, over, on to | against, over against | toward, to"
rdP,getlex.php?coord=444042209&word=5,vb. a/u(a) G D C Gt,,,,,"to follow, pursue",w. d.o. or,btr,: to pursue,,,vb. a/u(a) G D C Gt,"to follow, pursue | w. d.o. or | btr | : to pursue"
)nwN,getlex.php?coord=444042209&word=3,pron.,,,,,"they, them",they,them (i.e. as independent object pronoun),as copula,,,pron.,"they, them | they | them (i.e. as independent object pronoun) | as copula"
blyly),getlex.php?coord=444042209&word=1,prep. n.m.,,,,,"in, with",in,with (instrumental),among,,"lyly, lylyˀ",prep. n.m.,"in, with | in | with (instrumental) | among"
bhwN,getlex.php?coord=444042209&word=0,prep.,,,,,"in, with",in,with (instrumental),among,,,prep.,"in, with | in | with (instrumental) | among"
wtbr,getlex.php?coord=444042209&word=2,conj. vb. a/a G D Gt Dt,,,,,"and, also",to break,"to break, break down","to conquer, break up an armed force and disperse them",,tbr,conj. vb. a/a G D Gt Dt,"and, also | to break | to break, break down | to conquer, break up an armed force and disperse them"
whw),getlex.php?coord=444042209&word=4,conj. vb. G C Gt Ct,,,,,"and, also","to be, to become",to be,"to endure, to exist",,hwy,conj. vb. G C Gt Ct,"and, also | to be, to become | to be | to endure, to exist"
$ym),getlex.php?coord=444042210&word=4,vb. a/i G D C Gt Ct,,,,,"to place, put","to place, put, install  [-JBA; see note]","fig.: to set out, set down something","to give, grant, i.e.,place before",,,vb. a/i G D C Gt Ct,"to place, put | to place, put, install  [-JBA; see note] | fig.: to set out, set down something | to give, grant, i.e.,place before"
rwxyhwN,getlex.php?coord=444042208&word=8,n.f./m.,,,,,wind; spirit,wind,"spirit, motive intellectual or emotional force","demon, i.e., evil spirit",,,n.f./m.,"wind; spirit | wind | spirit, motive intellectual or emotional force | demon, i.e., evil spirit"
)rb(,getlex.php?coord=444042208&word=7,num.,,,,,four,four,ארבעתא : group of four,,,,num.,four | four | ארבעתא : group of four
whww),getlex.php?coord=444042208&word=9,conj. vb. G C Gt Ct,,,,,"and, also","to be, to become",to be,"to endure, to exist",,hwy,conj. vb. G C Gt Ct,"and, also | to be, to become | to be | to endure, to exist"
qTl,getlex.php?coord=444042208&word=10,vb. a/u G D C Gt Dt,,,,,to kill,to kill,"to make something not 'living' in its various metaph. senses, i.e., not raw, not flowing, etc.",to fell,,,vb. a/u G D C Gt Dt,"to kill | to kill | to make something not 'living' in its various metaph. senses, i.e., not raw, not flowing, etc. | to fell"
)nwN,getlex.php?coord=444042207&word=11,pron.,,,,,"they, them",they,them (i.e. as independent object pronoun),as copula,,,pron.,"they, them | they | them (i.e. as independent object pronoun) | as copula"
ldN,getlex.php?coord=444042207&word=9,,,,,,,,,,,,,
w)$kx,getlex.php?coord=444042207&word=10,conj. vb. a/a G C Gt Ct,,,,,"and, also",to find; to be capable,to find,"w. infinitive : to be able to, capable of",,škḥ,conj. vb. a/a G C Gt Ct,"and, also | to find; to be capable | to find | w. infinitive : to be able to, capable of"
bbq(t,getlex.php?coord=444042208&word=1,prep. n.f.,,,,,"in, with",in,with (instrumental),among,,"bqˁh, bqˁtˀ",prep. n.f.,"in, with | in | with (instrumental) | among"
dN,getlex.php?coord=444042208&word=2,,,,,,,,,,,,,
dbq,getlex.php?coord=444042207&word=8,vb. e(a)/a(u) G D C Gt Dt,,,,,"to stick to, to adhere",(usually w.,b_,") : to stick to, to adhere",,,vb. e(a)/a(u) G D C Gt Dt,"to stick to, to adhere | (usually w. | b_ | ) : to stick to, to adhere"
blyly),getlex.php?coord=444042208&word=5,prep. n.m.,,,,,"in, with",in,with (instrumental),among,,"lyly, lylyˀ",prep. n.m.,"in, with | in | with (instrumental) | among"
(lyhwN,getlex.php?coord=444042208&word=4,prep.,,,,,upon; against; to,"upon, over, on to","against, over against","toward, to",,,prep.,"upon; against; to | upon, over, on to | against, over against | toward, to"
$ryN,getlex.php?coord=444042208&word=0,vb. G D C Gt Dt,,,,,to loosen; D to begin,"to loosen, untie",to permit,intransitive,,,vb. G D C Gt Dt,"to loosen; D to begin | to loosen, untie | to permit | intransitive"
rdP,getlex.php?coord=444042207&word=5,vb. a/u(a) G D C Gt,,,,,"to follow, pursue",w. d.o. or,btr,: to pursue,,,vb. a/u(a) G D C Gt,"to follow, pursue | w. d.o. or | btr | : to pursue"
whw),getlex.php?coord=444042207&word=4,conj. vb. G C Gt Ct,,,,,"and, also","to be, to become",to be,"to endure, to exist",,hwy,conj. vb. G C Gt Ct,"and, also | to be, to become | to be | to endure, to exist"
btrhwN,getlex.php?coord=444042207&word=6,prep.,,,,,after,after,conj.: after,"w. personal pron. suf. : behind one, backwards (?)",,,prep.,"after | after | conj.: after | w. personal pron. suf. : behind one, backwards (?)"
(d,getlex.php?coord=444042207&word=7,conj.,,,,,until,until,"while, while still",before,,,conj.,"until | until | while, while still | before"
(mh,getlex.php?coord=444042207&word=3,prep.,,,,,with,"with, together with",at,"at the time of, during",,,prep.,"with | with, together with | at | at the time of, during"
wrmh,getlex.php?coord=444042208&word=3,conj. vb. G D C Gt Ct,,,,,"and, also",to throw; put down,to throw downward,to set something down,,rmy,conj. vb. G D C Gt Ct,"and, also | to throw; put down | to throw downward | to set something down"
dy,getlex.php?coord=444042210&word=3,,,,,,,,,,,,,
m)),getlex.php?coord=444042206&word=7,num.,,,,,hundred,hundred,unit of a hundred men,century,,,num.,hundred | hundred | unit of a hundred men | century
ngdw,getlex.php?coord=444042207&word=2,vb. i/u G D C Gt Dt,,,,,to draw towards oneself,(trans.): to draw something towards oneself; to stretch something,"(intr.): to be drawn out, extend","to flog, punish",,,vb. i/u G D C Gt Dt,"to draw towards oneself | (trans.): to draw something towards oneself; to stretch something | (intr.): to be drawn out, extend | to flog, punish"
w(rnM,getlex.php?coord=444042206&word=9,conj.,,,,,"and, also",,,,,,conj.,"and, also"
lqrb,getlex.php?coord=444042206&word=5,n.m.,,,,,"war, battle","war, battle",,,,,n.m.,"war, battle | war, battle"
wtmny)t ($r,getlex.php?coord=444042206&word=8,conj. num.,,,,,"and, also",eighteen,eighteen,eighteenth (time period),,tmny ˁsr,conj. num.,"and, also | eighteen | eighteen | eighteenth (time period)"
w)$kwl,getlex.php?coord=444042207&word=0,conj.,,,,,"and, also",,,,,,conj.,"and, also"
wmmrh,getlex.php?coord=444042207&word=1,conj.,,,,,"and, also",,,,,,conj.,"and, also"
tlt,getlex.php?coord=444042206&word=6,num.,,,,,three,three,w. masc. pl. pron. suff. : group of three,,,,num.,three | three | w. masc. pl. pron. suff. : group of three
(bdwhy,getlex.php?coord=444042206&word=2,n.m.,,,,,servant,servant,,,,,n.m.,servant | servant
wbxr,getlex.php?coord=444042206&word=0,conj. vb. a/a(u) G D C Gt Dt,,,,,"and, also",to choose,to choose,"to examine, test",,bḥr,conj. vb. a/a(u) G D C Gt Dt,"and, also | to choose | to choose | to examine, test"
bxyryN,getlex.php?coord=444042206&word=4,adj.,,,,,chosen,"chosen, select","preferred, special",precious,,,adj.,"chosen | chosen, select | preferred, special | precious"
)brM,getlex.php?coord=444042205&word=9,,,,,,,,,,,,,
gbryN,getlex.php?coord=444042206&word=3,n.m.,,,,,man,man,"person, someone",supernatural being,,,n.m.,"man | man | person, someone | supernatural being"
mN,getlex.php?coord=444042206&word=1,prep.,,,,,from,from,partitive,indicating the agent of a passive,,,prep.,from | from | partitive | indicating the agent of a passive
wqM,getlex.php?coord=444042205&word=10,"conj. vb. a/u G D C Dt Ct polel, pay/w c el ethpolal, ethpay/w c el",,,,,"and, also",to rise; to stand; to last,to rise,"to stand, to be raised up",,qwm,"conj. vb. a/u G D C Dt Ct polel, pay/w c el ethpolal, ethpay/w c el","and, also | to rise; to stand; to last | to rise | to stand, to be raised up"
)xwhy,getlex.php?coord=444042205&word=7,n.m.,,,,,brother,brother,"kinsman, comrade",,,,n.m.,"brother | brother | kinsman, comrade"
w)txlM,getlex.php?coord=444042205&word=8,conj. vb. G D C Gt Dt,,,,,"and, also",to be healed,to close firmly,to heal,,ḥlm,conj. vb. G D C Gt Dt,"and, also | to be healed | to close firmly | to heal"
mN,getlex.php?coord=444042208&word=6,prep.,,,,,from,from,partitive,indicating the agent of a passive,,,prep.,from | from | partitive | indicating the agent of a passive
wmxyN,getlex.php?coord=444042204&word=8,conj. vb. G D C Gt Dt,,,,,"and, also",to strike,to strike,to make any movement involving a sudden and/or strong impact,,mḥy,conj. vb. G D C Gt Dt,"and, also | to strike | to strike | to make any movement involving a sudden and/or strong impact"
lmdytwN,getlex.php?coord=444042204&word=5,n.f.,,,,,province; capital city,province,city,,,,n.f.,province; capital city | province | city
lmdynt,getlex.php?coord=444042205&word=0,n.f.,,,,,province; capital city,province,city,,,,n.f.,province; capital city | province | city
w)zlyN,getlex.php?coord=444042204&word=10,"conj. vb. a/i, a/a G Gt",,,,,"and, also",to go,"to go, move along",to go away,,ˀzl,"conj. vb. a/i, a/a G Gt","and, also | to go | to go, move along | to go away"
w$byN,getlex.php?coord=444042204&word=6,conj. vb. G C Gt,,,,,"and, also",to take captive,to take captive,"fig.:  to captivate (heart, mind)",,šby,conj. vb. G C Gt,"and, also | to take captive | to take captive | fig.:  to captivate (heart, mind)"
wqTlyN,getlex.php?coord=444042204&word=9,conj. vb. a/u G D C Gt Dt,,,,,"and, also",to kill,to kill,"to make something not 'living' in its various metaph. senses, i.e., not raw, not flowing, etc.",,qṭl,conj. vb. a/u G D C Gt Dt,"and, also | to kill | to kill | to make something not 'living' in its various metaph. senses, i.e., not raw, not flowing, etc."
wbzyN,getlex.php?coord=444042204&word=7,conj. vb. a/u G D C Gt Dt,,,,,"and, also","to despoil, plunder","to despoil, plunder",metaph.: to waste time,,bzz,conj. vb. a/u G D C Gt Dt,"and, also | to despoil, plunder | to despoil, plunder | metaph.: to waste time"
br,getlex.php?coord=444042205&word=6,n.m.,,,,,son,"son, child",member of the same cohort (,see also 'compounds' 3.2),,,n.m.,"son | son, child | member of the same cohort ( | see also 'compounds' 3.2)"
drm$q,getlex.php?coord=444042205&word=1,,,,,,,,,,,,,
rbt),getlex.php?coord=444042204&word=4,adj.,,,,,"great, big",large,"great, of major significance",(of age) : older,,,adj.,"great, big | large | great, of major significance | (of age) : older"
)rx),getlex.php?coord=444042204&word=2,n.f.,,,,,"way, road",road,"way of life, behavior",normal human bodily activities,,,n.f.,"way, road | road | way of life, behavior | normal human bodily activities"
mlky),getlex.php?coord=444042204&word=1,n.m.,,,,,king,king,"provincial ruler (governor, satrap)",a priest,,,n.m.,"king | king | provincial ruler (governor, satrap) | a priest"
ngdw,getlex.php?coord=444042204&word=0,vb. i/u G D C Gt Dt,,,,,to draw towards oneself,(trans.): to draw something towards oneself; to stretch something,"(intr.): to be drawn out, extend","to flog, punish",,,vb. i/u G D C Gt Dt,"to draw towards oneself | (trans.): to draw something towards oneself; to stretch something | (intr.): to be drawn out, extend | to flog, punish"
xlt),getlex.php?coord=444042204&word=3,n.f.,,,,,valley,valley,breach,groove (?) :,,,n.f.,valley | valley | breach | groove (?) :
wkwl,getlex.php?coord=444042203&word=8,conj. n.(pr.),,,,,"and, also","all, every",alone preceding a noun (technically the construct state!) :,as a postpositive with resumptive pronominal suffixes,,"kl, klˀ",conj. n.(pr.),"and, also | all, every | alone preceding a noun (technically the construct state!) : | as a postpositive with resumptive pronominal suffixes"
br,getlex.php?coord=444042203&word=6,n.m.,,,,,son,"son, child",member of the same cohort (,see also 'compounds' 3.2),,,n.m.,"son | son, child | member of the same cohort ( | see also 'compounds' 3.2)"
lwT,getlex.php?coord=444042203&word=5,,,,,,,,,,,,,
qTyl,getlex.php?coord=444042203&word=11,vb. a/u G D C Gt Dt,,,,,to kill,to kill,"to make something not 'living' in its various metaph. senses, i.e., not raw, not flowing, etc.",to fell,,,vb. a/u G D C Gt Dt,"to kill | to kill | to make something not 'living' in its various metaph. senses, i.e., not raw, not flowing, etc. | to fell"
)xwhy,getlex.php?coord=444042203&word=7,n.m.,,,,,brother,brother,"kinsman, comrade",,,,n.m.,"brother | brother | kinsman, comrade"
wl),getlex.php?coord=444042203&word=10,conj. adv.,,,,,"and, also","no, not",no! (as interj.),not (preceding and negating a predicate),,lˀ,conj. adv.,"and, also | no, not | no! (as interj.) | not (preceding and negating a predicate)"
wdy,getlex.php?coord=444042203&word=12,conj.,,,,,"and, also",,,,,,conj.,"and, also"
nkswhy,getlex.php?coord=444042203&word=9,n.m.pl.,,,,,"property, wealth","property, wealth",,,,,n.m.pl.,"property, wealth | property, wealth"
$by,getlex.php?coord=444042203&word=4,vb. G C Gt,,,,,to take captive,to take captive,"fig.:  to captivate (heart, mind)",of non-animates,,,vb. G C Gt,"to take captive | to take captive | fig.:  to captivate (heart, mind) | of non-animates"
dy,getlex.php?coord=444042203&word=3,,,,,,,,,,,,,
wxwyh,getlex.php?coord=444042203&word=2,conj. vb. G D C Dt,,,,,"and, also",to see (??); D to show,to see (?),p.p. : proper (calque on MH רָאוּי  ),,ḥwy,conj. vb. G D C Dt,"and, also | to see (??); D to show | to see (?) | p.p. : proper (calque on MH רָאוּי  )"
bxbrwN,getlex.php?coord=444042203&word=1,prep.,,,,,"in, with",in,with (instrumental),among,,,prep.,"in, with | in | with (instrumental) | among"
)brM,getlex.php?coord=444042202&word=10,,,,,,,,,,,,,
(l,getlex.php?coord=444042202&word=9,prep.,,,,,upon; against; to,"upon, over, on to","against, over against","toward, to",,,prep.,"upon; against; to | upon, over, on to | against, over against | toward, to"
w)brM,getlex.php?coord=444042202&word=11,conj.,,,,,"and, also",,,,,,conj.,"and, also"
hw),getlex.php?coord=444042202&word=13,vb. G C Gt Ct,,,,,"to be, to become",to be,"to endure, to exist","to come to pass, to happen",,,vb. G C Gt Ct,"to be, to become | to be | to endure, to exist | to come to pass, to happen"
b)dyN,getlex.php?coord=444042202&word=12,conj.,,,,,then,then (past sequential),(future sequential),(gnomic present),,,conj.,then | then (past sequential) | (future sequential) | (gnomic present)
ytb,getlex.php?coord=444042203&word=0,vb. i/i G D C Dt Ct,,,,,"to sit ; to dwell; to stay, remain",to sit,to dwell,to settle down,,,vb. i/i G D C Dt Ct,"to sit ; to dwell; to stay, remain | to sit | to dwell | to settle down"
(l,getlex.php?coord=444042205&word=4,prep.,,,,,upon; against; to,"upon, over, on to","against, over against","toward, to",,,prep.,"upon; against; to | upon, over, on to | against, over against | toward, to"
llwT,getlex.php?coord=444042202&word=4,,,,,,,,,,,,,
yhb,getlex.php?coord=444042202&word=2,vb. a/a G C Gt,,,,,to give,to give,to place,"to permit, allow",,,vb. a/a G C Gt,"to give | to give | to place | to permit, allow"
wbk),getlex.php?coord=444042205&word=2,conj. vb. G D C Dt,,,,,"and, also",to weep,to weep,"to mourn, weep for",,bky,conj. vb. G D C Dt,"and, also | to weep | to weep | to mourn, weep for"
)brM,getlex.php?coord=444042202&word=3,,,,,,,,,,,,,
plT,getlex.php?coord=444042202&word=6,"vb. a/a, a/u G D C Gt Dt",,,,,to escape,(intransitive) to escape,(trans.) to eject,"to free, rescue",,,"vb. a/a, a/u G D C Gt Dt","to escape | (intransitive) to escape | (trans.) to eject | to free, rescue"
lwT,getlex.php?coord=444042205&word=5,,,,,,,,,,,,,
dy,getlex.php?coord=444042202&word=5,,,,,,,,,,,,,
)brM,getlex.php?coord=444042205&word=3,,,,,,,,,,,,,
mN,getlex.php?coord=444042201&word=12,prep.,,,,,from,from,partitive,indicating the agent of a passive,,,prep.,from | from | partitive | indicating the agent of a passive
r(h,getlex.php?coord=444042201&word=13,n.m.,,,,,shepherd,shepherd,,,,,n.m.,shepherd | shepherd
(nh,getlex.php?coord=444042202&word=0,n.f.pl.t.,,,,,small cattle: sheep and goats,flock (of sheep and goats),sheep (as opposed to goats),,,,n.f.pl.t.,small cattle: sheep and goats | flock (of sheep and goats) | sheep (as opposed to goats)
xd,getlex.php?coord=444042201&word=11,num.,,,,,one,one,with another number (or,b,,,num.,one | one | with another number (or | b
w)th,getlex.php?coord=444042201&word=10,conj. vb. G D C Ct,,,,,"and, also","to come, arrive",to come,to occur; w.,,ˀty,conj. vb. G D C Ct,"and, also | to come, arrive | to come | to occur; w."
dy,getlex.php?coord=444042202&word=1,,,,,,,,,,,,,
nkswhy,getlex.php?coord=444042201&word=9,n.m.pl.,,,,,"property, wealth","property, wealth",,,,,n.m.pl.,"property, wealth | property, wealth"
ytb,getlex.php?coord=444042201&word=4,vb. i/i G D C Dt Ct,,,,,"to sit ; to dwell; to stay, remain",to sit,to dwell,to settle down,,,vb. i/i G D C Dt Ct,"to sit ; to dwell; to stay, remain | to sit | to dwell | to settle down"
wkwl,getlex.php?coord=444042201&word=8,conj. n.(pr.),,,,,"and, also","all, every",alone preceding a noun (technically the construct state!) :,as a postpositive with resumptive pronominal suffixes,,"kl, klˀ",conj. n.(pr.),"and, also | all, every | alone preceding a noun (technically the construct state!) : | as a postpositive with resumptive pronominal suffixes"
bswdM,getlex.php?coord=444042201&word=5,prep.,,,,,"in, with",in,with (instrumental),among,,,prep.,"in, with | in | with (instrumental) | among"
(mhwN,getlex.php?coord=444042201&word=7,prep.,,,,,with,"with, together with",at,"at the time of, during",,,prep.,"with | with, together with | at | at the time of, during"
kxd),getlex.php?coord=444042201&word=6,adv.,,,,,together,"together, as one",ܡܢ ܟܚܕܐ : from now on (?) :,see s.v.,,,adv.,"together | together, as one | ܡܢ ܟܚܕܐ : from now on (?) : | see s.v."
)brM,getlex.php?coord=444042201&word=1,,,,,,,,,,,,,
dy,getlex.php?coord=444042201&word=0,,,,,,,,,,,,,
hw),getlex.php?coord=444042201&word=3,vb. G C Gt Ct,,,,,"to be, to become",to be,"to endure, to exist","to come to pass, to happen",,,vb. G C Gt Ct,"to be, to become | to be | to endure, to exist | to come to pass, to happen"
$by),getlex.php?coord=444042202&word=8,n.f.,,,,,captivity,captivity,seizing,,,,n.f.,captivity | captivity | seizing
mN,getlex.php?coord=444042202&word=7,prep.,,,,,from,from,partitive,indicating the agent of a passive,,,prep.,from | from | partitive | indicating the agent of a passive
dy,getlex.php?coord=444042201&word=2,,,,,,,,,,,,,
